0   0.043500
1   0.038500
2   0.046000
3   0.061000
4   0.055300
5   0.047800
6   0.048600
7   0.044700
8   0.045800
9   0.037800
10   0.044100
11   0.051800
12   0.052100
13   0.062000
14   0.047700
15   0.050400
16   0.051400
17   0.053600
18   0.056600
19   0.062800
20   0.054100
21   0.042600
22   0.054900
23   0.051500
24   0.053800
25   0.048600
26   0.053500
27   0.062800
28   0.072300
29   0.067300
30   0.077400
31   0.076600
32   0.068000
33   0.065800
34   0.066500
35   0.058700
36   0.067800
37   0.064900
38   0.067200
39   0.070800
40   0.066700
41   0.068100
42   0.077300
43   0.077300
44   0.084300
45   0.089500
46   0.088600
47   0.088100
48   0.081400
49   0.093100
50   0.098500
51   0.093200
52   0.093400
53   0.095500
54   0.097800
55   0.093500
56   0.091600
57   0.100200
58   0.096400
59   0.105700
60   0.104200
61   0.091300
62   0.085800
63   0.089700
64   0.083200
65   0.087900
66   0.086800
67   0.081200
68   0.082800
69   0.075900
70   0.075200
71   0.070900
72   0.086900
73   0.090800
74   0.091700
75   0.098400
76   0.085100
77   0.087000
78   0.087200
79   0.098700
80   0.094000
81   0.099200
82   0.089100
83   0.079400
84   0.081800
85   0.090500
86   0.085800
87   0.076800
88   0.081800
89   0.089800
90   0.084200
91   0.082800
92   0.082700
93   0.092200
94   0.086700
95   0.086800
96   0.080000
97   0.080400
98   0.060400
99   0.049700
100   0.049000
101   0.051300
102   0.048800
103   0.041100
104   0.034400
105   0.031900
106   0.027500
107   0.028100
108   0.027500
109   0.021000
110   0.023600
111   0.017700
112   0.018500
113   0.033400
114   0.040400
115   0.040900
116   0.033600
117   0.035800
118   0.044000
119   0.038900
120   0.037400
121   0.047200
122   0.054200
123   0.049600
124   0.050300
125   0.060500
126   0.073700
127   0.080700
128   0.084000
129   0.070500
130   0.062000
131   0.058500
132   0.061800
133   0.077100
134   0.080500
135   0.089200
136   0.090800
137   0.083200
138   0.077500
139   0.083700
140   0.084200
141   0.090600
142   0.085900
143   0.085900
144   0.087500
145   0.086800
146   0.083400
147   0.084200
148   0.074400
149   0.083200
150   0.082200
151   0.075400
152   0.063900
153   0.070200
154   0.060500
155   0.059800
156   0.058000
157   0.055200
158   0.053500
159   0.061600
160   0.063400
161   0.059500
162   0.049800
163   0.050100
164   0.054600
165   0.058200
166   0.052000
167   0.060200
168   0.049300
169   0.054100
170   0.059900
171   0.059600
172   0.071100
173   0.056500
174   0.058500
175   0.057300
176   0.041800
177   0.040400
178   0.042900
179   0.036800
180   0.044700
181   0.043700
182   0.044400
183   0.054600
184   0.057300
185   0.051900
186   0.042200
187   0.039800
188   0.046700
189   0.047400
190   0.040900
191   0.042100
192   0.043900
193   0.041300
194   0.039500
195   0.037400
196   0.049900
197   0.060600
198   0.053500
199   0.058500
200   0.056100
201   0.061200
202   0.056500
203   0.045000
204   0.049400
205   0.051500
206   0.047900
207   0.052500
208   0.054000
209   0.046000
210   0.050800
211   0.057400
212   0.065200
213   0.065200
214   0.073400
215   0.068500
216   0.068700
217   0.063800
218   0.062800
219   0.054900
220   0.047700
221   0.052300
222   0.059700
223   0.056800
224   0.051300
225   0.046800
226   0.035600
227   0.040400
228   0.036200
229   0.029700
230   0.032100
231   0.029800
232   0.028000
233   0.026300
234   0.031100
235   0.034200
236   0.030200
237   0.030200
238   0.028400
239   0.028600
240   0.022700
241   0.024800
242   0.017200
243   0.030000
244   0.033500
245   0.031100
246   0.032700
247   0.026100
248   0.024300
249   0.024000
250   0.029800
251   0.025700
252   0.029700
253   0.038400
254   0.050800
255   0.056700
256   0.065100
257   0.062000
258   0.049800
259   0.053000
260   0.058600
261   0.065400
262   0.063900
263   0.076600
264   0.080600
265   0.067400
266   0.073700
267   0.068000
268   0.070600
269   0.066600
270   0.072500
271   0.067900
272   0.065000
273   0.074100
274   0.070300
275   0.069800
276   0.063900
277   0.063100
278   0.069800
279   0.073700
280   0.075500
281   0.077500
282   0.072600
283   0.073900
284   0.066400
285   0.066400
286   0.072900
287   0.063100
288   0.052300
289   0.046100
290   0.051900
291   0.049600
292   0.042400
293   0.040600
294   0.048500
295   0.055800
296   0.063700
297   0.069100
298   0.065600
299   0.064200
300   0.055500
301   0.033800
302   0.023000
303   0.026000
304   0.026300
305   0.028900
306   0.034200
307   0.027900
308   0.013900
309   0.023800
310   0.034500
311   0.034600
312   0.041400
313   0.043300
314   0.049300
315   0.054700
316   0.051700
317   0.045700
318   0.043100
319   0.054600
320   0.060300
321   0.057800
322   0.049500
323   0.059600
324   0.058000
325   0.066100
326   0.073800
327   0.085200
328   0.078200
329   0.074200
330   0.068900
331   0.065600
332   0.055700
333   0.058800
334   0.058200
335   0.056000
336   0.051400
337   0.045100
338   0.049600
339   0.045500
340   0.045500
341   0.044200
342   0.036500
343   0.038500
344   0.042000
345   0.036800
346   0.035000
347   0.043700
348   0.056500
349   0.061600
350   0.056400
351   0.053000
352   0.046000
353   0.052100
354   0.050200
355   0.048600
356   0.038600
357   0.038800
358   0.051700
359   0.057200
360   0.053800
361   0.050900
362   0.054800
363   0.046200
364   0.035500
365   0.031700
366   0.032100
367   0.036000
368   0.042000
369   0.043200
370   0.047700
371   0.046500
372   0.043000
373   0.045400
374   0.050800
375   0.055700
376   0.056000
377   0.044100
378   0.043600
379   0.042100
380   0.044200
381   0.049500
382   0.059300
383   0.077400
384   0.074800
385   0.072300
386   0.072400
387   0.074100
388   0.084700
389   0.077700
390   0.068900
391   0.080800
392   0.076300
393   0.070500
394   0.063600
395   0.069000
396   0.059500
397   0.064200
398   0.058400
399   0.051600
400   0.042000
401   0.038300
402   0.042200
403   0.048700
404   0.046900
405   0.054500
406   0.051100
407   0.055600
408   0.047600
409   0.046200
410   0.053500
411   0.048300
412   0.045800
413   0.049500
414   0.055800
415   0.057400
416   0.044400
417   0.036300
418   0.041100
419   0.036800
420   0.036300
421   0.045000
422   0.037100
423   0.043200
424   0.046800
425   0.045700
426   0.044700
427   0.036700
428   0.038800
429   0.044600
430   0.045300
431   0.043300
432   0.043600
433   0.041200
434   0.040100
435   0.025600
436   0.025800
437   0.029000
438   0.022900
439   0.021800
440   0.028800
441   0.037500
442   0.036700
443   0.027900
444   0.013600
445   0.010800
446   0.016200
447   0.017800
448   0.016200
449   0.022700
450   0.017700
451   0.015900
452   0.006200
453   0.008300
454   0.003100
455  -0.002100
456   0.003100
457  -0.011300
458  -0.010200
459  -0.003800
460  -0.001300
461  -0.001800
462  -0.002500
463   0.002300
464   0.003900
465   0.007200
466   0.012500
467   0.017500
468   0.015500
469   0.009700
470   0.010100
471   0.014400
472   0.026300
473   0.027200
474   0.035600
475   0.031300
476   0.024000
477   0.017400
478   0.008600
479   0.006200
480  -0.000400
481  -0.019800
482  -0.017100
483  -0.020800
484  -0.035300
485  -0.033800
486  -0.035000
487  -0.030200
488  -0.042200
489  -0.033400
490  -0.037900
491  -0.044900
492  -0.049700
493  -0.052100
494  -0.046700
495  -0.050600
496  -0.047200
497  -0.046100
498  -0.045100
499  -0.037500
500  -0.027300
501  -0.037900
502  -0.022100
503  -0.020000
504  -0.020900
505  -0.020100
506  -0.025000
507  -0.022600
508  -0.017900
509  -0.009200
510  -0.005900
511   0.005200
512   0.010000
513   0.005500
514   0.007700
515   0.004700
516  -0.003500
517  -0.015000
518  -0.011400
519  -0.006800
520  -0.007900
521   0.006100
522   0.008500
523   0.005500
524   0.012300
525   0.010200
526   0.014800
527   0.012700
528   0.005600
529  -0.000900
530  -0.004600
531  -0.005700
532  -0.005700
533  -0.004300
534   0.008200
535   0.015500
536   0.014500
537   0.013600
538   0.016600
539   0.018200
540   0.015000
541   0.008600
542  -0.004600
543  -0.014300
544  -0.010000
545  -0.015000
546  -0.011900
547  -0.009600
548  -0.013300
549  -0.015400
550  -0.007600
551   0.000900
552  -0.011600
553  -0.016800
554  -0.012200
555  -0.027000
556  -0.026800
557  -0.037400
558  -0.030700
559  -0.020000
560  -0.026900
561  -0.030700
562  -0.036900
563  -0.032800
564  -0.041100
565  -0.041500
566  -0.043100
567  -0.043000
568  -0.038700
569  -0.045200
570  -0.055200
571  -0.044700
572  -0.039300
573  -0.032000
574  -0.044200
575  -0.040200
576  -0.040800
577  -0.039600
578  -0.029000
579  -0.028600
580  -0.024300
581  -0.019700
582  -0.020200
583  -0.022100
584  -0.023600
585  -0.021500
586  -0.027900
587  -0.024000
588  -0.016600
589  -0.012500
590  -0.008800
591  -0.009300
592  -0.005700
593  -0.000300
594  -0.011100
595  -0.013000
596  -0.002900
597  -0.004700
598   0.001700
599  -0.003800
600  -0.004200
601  -0.009800
602  -0.018000
603  -0.018100
604  -0.018300
605  -0.017200
606  -0.023800
607  -0.020800
608  -0.014000
609  -0.005600
610   0.001500
611   0.007600
612   0.009100
613   0.008800
614   0.013300
615   0.013200
616   0.019600
617   0.014700
618   0.012700
619   0.010600
620   0.008500
621   0.013500
622   0.001600
623   0.009600
624   0.006300
625   0.011700
626   0.027600
627   0.024800
628   0.030300
629   0.016100
630   0.019100
631   0.011000
632   0.013800
633   0.010600
634   0.012200
635   0.012200
636   0.014700
637   0.010900
638   0.008300
639   0.015000
640   0.028400
641   0.027600
642   0.020500
643   0.017000
644   0.017300
645   0.009300
646   0.010500
647   0.017000
648   0.015400
649   0.005100
650   0.008200
651   0.014200
652   0.021600
653   0.023700
654   0.012900
655   0.017300
656   0.018800
657   0.016500
658   0.019600
659   0.017000
660   0.021700
661   0.022200
662   0.018400
663   0.019400
664   0.024400
665   0.027700
666   0.025600
667   0.024200
668   0.028100
669   0.022200
670   0.015600
671   0.012000
672   0.014700
673   0.011000
674   0.010800
675   0.008400
676   0.013700
677   0.016300
678   0.015200
679   0.011000
680   0.026200
681   0.020600
682   0.021600
683   0.022900
684   0.026500
685   0.029400
686   0.035600
687   0.032500
688   0.032200
689   0.023700
690   0.026900
691   0.012700
692   0.012300
693   0.019500
694   0.030900
695   0.036200
696   0.030600
697   0.031100
698   0.015400
699   0.012400
700   0.018100
701   0.025000
702   0.017700
703   0.019400
704   0.030000
705   0.031100
706   0.025600
707   0.024800
708   0.033200
709   0.041300
710   0.037200
711   0.037100
712   0.037400
713   0.036500
714   0.030900
715   0.027300
716   0.015600
717   0.014800
718   0.013400
719   0.014400
720   0.013200
721   0.011200
722  -0.001000
723  -0.004900
724   0.007400
725  -0.001000
726   0.005700
727  -0.001800
728   0.006900
729   0.008300
730   0.010500
731  -0.002400
732  -0.004400
733  -0.007300
734  -0.008600
735  -0.002000
736   0.007200
737  -0.010500
738  -0.011800
739  -0.017800
740  -0.015300
741  -0.009300
742  -0.011000
743  -0.011300
744  -0.024200
745  -0.008700
746  -0.010800
747  -0.023800
748  -0.018700
749  -0.015000
750  -0.006900
751  -0.011700
752  -0.001700
753  -0.000500
754  -0.005100
755  -0.001700
756   0.002400
757   0.004200
758  -0.001900
759  -0.007000
760  -0.006800
761  -0.005200
762  -0.005500
763  -0.001300
764   0.004500
765   0.004200
766   0.004900
767   0.003200
768   0.005700
769   0.009200
770   0.011700
771  -0.000600
772  -0.001700
773  -0.003500
774  -0.000300
775  -0.006100
776  -0.001200
777   0.000400
778   0.000600
779   0.004200
780   0.009200
781   0.009800
782   0.005400
783   0.010600
784   0.005500
785   0.003400
786  -0.014000
787  -0.016000
788  -0.009000
789  -0.003600
790  -0.006700
791  -0.013700
792  -0.004300
793  -0.001400
794   0.001300
795   0.006700
796   0.010800
797   0.014500
798   0.014300
799   0.014900
800   0.014100
801   0.002700
802   0.006600
803   0.005200
804   0.013300
805   0.020500
806   0.025900
807   0.029000
808   0.022000
809   0.023400
810   0.029700
811   0.025700
812   0.021600
813   0.021600
814   0.021300
815   0.020900
816   0.032400
817   0.041400
818   0.037800
819   0.037900
820   0.032400
821   0.037100
822   0.033000
823   0.028900
824   0.022400
825   0.031900
826   0.037100
827   0.044300
828   0.043100
829   0.045000
830   0.051200
831   0.052100
832   0.048100
833   0.042000
834   0.057800
835   0.058900
836   0.048300
837   0.040400
838   0.044400
839   0.043000
840   0.053900
841   0.044600
842   0.045000
843   0.040200
844   0.032600
845   0.025800
846   0.034500
847   0.033400
848   0.029500
849   0.030000
850   0.027900
851   0.036800
852   0.048100
853   0.050400
854   0.047700
855   0.057400
856   0.058000
857   0.065400
858   0.058600
859   0.055900
860   0.053800
861   0.050900
862   0.055700
863   0.053700
864   0.042200
865   0.049000
866   0.040000
867   0.039800
868   0.034400
869   0.028400
870   0.026100
871   0.028800
872   0.033800
873   0.031800
874   0.031300
875   0.017400
876   0.022600
877   0.016300
878   0.020800
879   0.028600
880   0.025000
881   0.022300
882   0.032100
883   0.035800
884   0.039500
885   0.033500
886   0.030600
887   0.028600
888   0.028100
889   0.023800
890   0.021600
891   0.024700
892   0.020800
893   0.018300
894   0.024200
895   0.018200
896   0.010800
897   0.007900
898   0.005500
899   0.011100
900   0.003000
901   0.013200
902   0.028800
903   0.027200
904   0.022800
905   0.028500
906   0.016600
907   0.017000
908   0.015800
909   0.014000
910   0.015000
911   0.001900
912  -0.002000
913  -0.004000
914  -0.002700
915  -0.003800
916   0.000900
917  -0.007500
918  -0.012500
919  -0.010800
920  -0.008500
921   0.006700
922  -0.007400
923  -0.010700
924  -0.018500
925  -0.030400
926  -0.025800
927  -0.021000
928  -0.025100
929  -0.023200
930  -0.025100
931  -0.024700
932  -0.018700
933  -0.021800
934  -0.008800
935   0.002300
936   0.015500
937   0.011900
938   0.018200
939   0.011600
940   0.004800
941   0.008400
942   0.015100
943   0.014200
944   0.018700
945   0.028300
946   0.022900
947   0.035200
948   0.039900
949   0.040200
950   0.041100
951   0.038500
952   0.035700
953   0.029200
954   0.019500
955   0.021700
956   0.018900
957   0.015400
958   0.019000
959   0.028600
960   0.043900
961   0.052700
962   0.054900
963   0.051600
964   0.041300
965   0.034500
966   0.038100
967   0.042000
968   0.046300
969   0.054500
970   0.041000
971   0.039900
972   0.054000
973   0.059800
974   0.064000
975   0.062000
976   0.055000
977   0.059300
978   0.058100
979   0.055800
980   0.068000
981   0.073100
982   0.066600
983   0.063400
984   0.063500
985   0.069800
986   0.076300
987   0.076900
988   0.079300
989   0.084400
990   0.072000
991   0.071800
992   0.070200
993   0.076500
994   0.076000
995   0.075300
996   0.071600
997   0.074700
998   0.070100
999   0.060400
1000   0.067600
1001   0.059300
1002   0.063700
1003   0.059300
1004   0.062200
1005   0.049300
1006   0.044200
1007   0.040300
1008   0.026600
1009   0.034600
1010   0.039500
1011   0.038500
1012   0.038200
1013   0.036100
1014   0.033700
1015   0.035900
1016   0.030800
1017   0.032800
1018   0.032700
1019   0.045000
1020   0.048500
1021   0.044900
1022   0.043900
1023   0.032000
1024   0.029300
1025   0.035100
1026   0.041200
1027   0.043400
1028   0.037700
1029   0.037300
1030   0.039800
1031   0.042600
1032   0.049100
1033   0.056700
1034   0.064900
1035   0.060000
1036   0.056900
1037   0.061100
1038   0.058100
1039   0.059700
1040   0.062800
1041   0.063300
1042   0.063600
1043   0.051300
1044   0.059300
1045   0.054700
1046   0.058700
1047   0.058400
1048   0.055700
1049   0.052700
1050   0.049800
1051   0.054200
1052   0.066300
1053   0.046900
1054   0.049800
1055   0.043600
1056   0.049700
1057   0.058100
1058   0.053300
1059   0.051800
1060   0.050800
1061   0.040800
1062   0.046900
1063   0.052600
1064   0.056500
1065   0.058000
1066   0.061300
1067   0.061600
1068   0.057100
1069   0.051800
1070   0.049200
1071   0.049200
1072   0.054700
1073   0.060500
1074   0.053100
1075   0.047000
1076   0.046800
1077   0.057300
1078   0.064200
1079   0.060700
1080   0.052100
1081   0.051100
1082   0.043100
1083   0.032900
1084   0.021200
1085   0.017800
1086   0.020100
1087   0.018000
1088   0.000800
1089   0.001000
1090  -0.008900
1091  -0.012400
1092  -0.006800
1093  -0.000400
1094  -0.002300
1095   0.001300
1096   0.012100
1097   0.016700
1098   0.013700
1099   0.014800
1100   0.009800
1101   0.014700
1102   0.011900
1103   0.015000
1104   0.011000
1105   0.007100
1106   0.004900
1107   0.012700
1108   0.004600
1109   0.006700
1110   0.009900
1111   0.010200
1112   0.020400
1113   0.011900
1114   0.021900
1115   0.020400
1116   0.025200
1117   0.026900
1118   0.040000
1119   0.040200
1120   0.048700
1121   0.055400
1122   0.055500
1123   0.049100
1124   0.049600
1125   0.063400
1126   0.065800
1127   0.058100
1128   0.052700
1129   0.047700
1130   0.046000
1131   0.037200
1132   0.039300
1133   0.034900
1134   0.030000
1135   0.029300
1136   0.033900
1137   0.025600
1138   0.020800
1139   0.020600
1140   0.013900
1141   0.015300
1142   0.021800
1143   0.012000
1144   0.005500
1145   0.006500
1146   0.008600
1147   0.015700
1148   0.024000
1149   0.018100
1150   0.032100
1151   0.032900
1152   0.042200
1153   0.034500
1154   0.026800
1155   0.032000
1156   0.047400
1157   0.052600
1158   0.049800
1159   0.059800
1160   0.070500
1161   0.075200
1162   0.066900
1163   0.064300
1164   0.054900
1165   0.051900
1166   0.055600
1167   0.052200
1168   0.044400
1169   0.047500
1170   0.045800
1171   0.057800
1172   0.049600
1173   0.057400
1174   0.045400
1175   0.045400
1176   0.048500
1177   0.042800
1178   0.043800
1179   0.034400
1180   0.028900
1181   0.023400
1182   0.026900
1183   0.023600
1184   0.019700
1185   0.013000
1186   0.018700
1187   0.026700
1188   0.034600
1189   0.024900
1190   0.026100
1191   0.027500
1192   0.018700
1193   0.017600
1194   0.021700
1195   0.029600
1196   0.029300
1197   0.024900
1198   0.010900
1199   0.012100
1200   0.020000
1201   0.020100
1202   0.024300
1203   0.024300
1204   0.023500
1205   0.033400
1206   0.031700
1207   0.027100
1208   0.035800
1209   0.030100
1210   0.032600
1211   0.031100
1212   0.041800
1213   0.027900
1214   0.019900
1215   0.011700
1216   0.031400
1217   0.026700
1218   0.021300
1219   0.018900
1220   0.018700
1221   0.020300
1222   0.028300
1223   0.031500
1224   0.029900
1225   0.046100
1226   0.042800
1227   0.045900
1228   0.036700
1229   0.034500
1230   0.022600
1231   0.026200
1232   0.023900
1233   0.009100
1234   0.008800
1235   0.019200
1236   0.016600
1237   0.025900
1238   0.019900
1239   0.017300
1240   0.013100
1241   0.011200
1242  -0.002600
1243   0.007500
1244   0.016200
1245   0.017200
1246   0.022200
1247   0.030400
1248   0.024500
1249   0.028900
1250   0.026100
1251   0.025100
1252   0.021400
1253   0.007700
1254   0.007400
1255   0.004600
1256   0.009600
1257   0.008700
1258   0.017900
1259   0.016800
1260   0.016700
1261   0.022300
1262   0.015800
1263   0.021900
1264   0.028900
1265   0.031200
1266   0.026700
1267   0.023000
1268   0.015900
1269   0.009200
1270   0.013700
1271   0.011500
1272   0.015700
1273   0.015200
1274   0.016800
1275   0.021300
1276   0.027300
1277   0.025500
1278   0.017700
1279   0.018900
1280   0.025400
1281   0.024700
1282   0.011400
1283  -0.001200
1284   0.003000
1285   0.004400
1286   0.002000
1287   0.017700
1288   0.015600
1289   0.016200
1290   0.005200
1291   0.003100
1292   0.003700
1293   0.005800
1294  -0.001000
1295  -0.001700
1296   0.002000
1297  -0.000100
1298  -0.001100
1299  -0.011800
1300  -0.014100
1301  -0.011500
1302  -0.004900
1303  -0.013600
1304  -0.004000
1305   0.002600
1306   0.005900
1307  -0.004800
1308  -0.012500
1309  -0.017500
1310  -0.012100
1311   0.002000
1312  -0.003300
1313  -0.005500
1314  -0.009900
1315  -0.010300
1316  -0.026000
1317  -0.038600
1318  -0.040500
1319  -0.036800
1320  -0.032600
1321  -0.036300
1322  -0.031400
1323  -0.034800
1324  -0.024800
1325  -0.024900
1326  -0.030200
1327  -0.036000
1328  -0.033000
1329  -0.042000
1330  -0.035300
1331  -0.023500
1332  -0.026600
1333  -0.034100
1334  -0.036100
1335  -0.031800
1336  -0.022900
1337  -0.019000
1338  -0.021300
1339  -0.030300
1340  -0.037300
1341  -0.033600
1342  -0.035300
1343  -0.029700
1344  -0.021100
1345  -0.025800
1346  -0.027600
1347  -0.026100
1348  -0.018900
1349  -0.010600
1350  -0.009200
1351  -0.004100
1352  -0.002200
1353  -0.003000
1354  -0.005100
1355   0.001800
1356  -0.005200
1357   0.001200
1358   0.006800
1359   0.012900
1360   0.007700
1361  -0.001100
1362   0.000300
1363  -0.006600
1364  -0.014500
1365  -0.009000
1366  -0.010600
1367  -0.008700
1368  -0.012400
1369  -0.007600
1370  -0.002200
1371  -0.005300
1372  -0.005800
1373  -0.009000
1374  -0.012700
1375  -0.015300
1376  -0.011800
1377  -0.016300
1378  -0.016300
1379  -0.005900
1380  -0.017800
1381  -0.017000
1382  -0.022600
1383  -0.022500
1384  -0.010300
1385  -0.014400
1386  -0.006800
1387  -0.002900
1388  -0.007400
1389  -0.009400
1390   0.009000
1391   0.008400
1392   0.002200
1393  -0.001000
1394  -0.003600
1395   0.008100
1396   0.012500
1397   0.008000
1398   0.016200
1399   0.013300
1400   0.009400
1401   0.007600
1402   0.001400
1403   0.006100
1404   0.007100
1405   0.013400
1406   0.012300
1407   0.010900
1408   0.007700
1409   0.014400
1410   0.010000
1411   0.005800
1412   0.003800
1413   0.017500
1414   0.015300
1415   0.011400
1416   0.001100
1417   0.001700
1418   0.009400
1419   0.018100
1420   0.013500
1421   0.019200
1422   0.008500
1423   0.010700
1424   0.007400
1425  -0.001200
1426   0.005400
1427   0.011900
1428   0.021100
1429   0.027600
1430   0.026800
1431   0.018300
1432   0.012100
1433   0.012100
1434   0.015600
1435   0.012800
1436   0.023000
1437   0.036200
1438   0.036800
1439   0.033100
1440   0.024300
1441   0.026700
1442   0.021400
1443   0.024900
1444   0.030600
1445   0.035300
1446   0.042100
1447   0.032400
1448   0.029700
1449   0.040800
1450   0.033600
1451   0.030100
1452   0.027400
1453   0.028800
1454   0.032700
1455   0.021200
1456   0.025800
1457   0.020200
1458   0.013800
1459   0.007200
1460   0.013600
1461   0.021200
1462   0.028900
1463   0.036700
1464   0.032900
1465   0.036500
1466   0.033100
1467   0.039600
1468   0.030600
1469   0.038800
1470   0.023500
1471   0.015900
1472   0.016100
1473   0.019500
1474   0.018100
1475   0.025200
1476   0.034300
1477   0.038900
1478   0.044100
1479   0.040500
1480   0.041100
1481   0.035100
1482   0.034800
1483   0.040700
1484   0.037800
1485   0.036200
1486   0.036400
1487   0.043600
1488   0.033200
1489   0.038100
1490   0.032400
1491   0.035900
1492   0.037700
1493   0.039600
1494   0.044200
1495   0.045100
1496   0.043000
1497   0.049200
1498   0.037500
1499   0.028900
1500   0.019200
1501   0.019900
1502   0.031100
1503   0.033700
1504   0.038700
1505   0.024600
1506   0.022500
1507   0.013600
1508   0.019000
1509   0.011200
1510   0.010300
1511   0.006300
1512  -0.001800
1513  -0.007900
1514  -0.002300
1515   0.002400
1516   0.012400
1517   0.008000
1518   0.009400
1519   0.010200
1520  -0.002100
1521   0.001900
1522   0.008700
1523   0.002700
1524   0.002900
1525   0.006500
1526  -0.010400
1527  -0.016200
1528  -0.005500
1529  -0.001200
1530  -0.002200
1531   0.003400
1532  -0.002900
1533  -0.008600
1534  -0.007400
1535  -0.011900
1536  -0.006400
1537  -0.004900
1538  -0.004000
1539   0.001100
1540   0.003100
1541  -0.002600
1542  -0.014900
1543  -0.018700
1544  -0.015800
1545  -0.014000
1546  -0.014700
1547  -0.007600
1548  -0.013400
1549   0.005000
1550   0.013400
1551   0.018500
1552   0.012900
1553   0.023000
1554   0.023200
1555   0.012800
1556   0.022300
1557   0.026000
1558   0.034100
1559   0.030100
1560   0.023200
1561   0.032200
1562   0.029800
1563   0.038200
1564   0.042300
1565   0.040100
1566   0.030100
1567   0.032900
1568   0.029500
1569   0.038000
1570   0.031700
1571   0.022100
1572   0.016300
1573   0.027300
1574   0.023600
1575   0.024500
1576   0.020600
1577   0.016600
1578   0.004600
1579   0.005400
1580   0.001100
1581  -0.004800
1582  -0.008500
1583  -0.014400
1584  -0.020400
1585  -0.014100
1586  -0.028400
1587  -0.030600
1588  -0.037700
1589  -0.039900
1590  -0.044500
1591  -0.044500
1592  -0.035800
1593  -0.039500
1594  -0.036900
1595  -0.041600
1596  -0.042000
1597  -0.044900
1598  -0.050800
1599  -0.045000
1600  -0.036700
1601  -0.037400
1602  -0.036700
1603  -0.024400
1604  -0.023500
1605  -0.018200
1606  -0.020600
1607  -0.030100
1608  -0.018200
1609  -0.024400
1610  -0.027900
1611  -0.032200
1612  -0.034700
1613  -0.036000
1614  -0.034200
1615  -0.035400
1616  -0.037500
1617  -0.037100
1618  -0.028400
1619  -0.022600
1620  -0.023400
1621  -0.021300
1622  -0.018000
1623  -0.016500
1624  -0.006600
1625  -0.005200
1626  -0.008600
1627  -0.003300
1628  -0.007500
1629  -0.014800
1630  -0.020900
1631  -0.012800
1632  -0.004200
1633  -0.019100
1634  -0.023200
1635  -0.024800
1636  -0.023800
1637  -0.027400
1638  -0.030500
1639  -0.024400
1640  -0.027100
1641  -0.023100
1642  -0.018300
1643  -0.016600
1644  -0.014800
1645  -0.014600
1646  -0.010600
1647  -0.012400
1648   0.004000
1649   0.001400
1650  -0.005300
1651  -0.013700
1652  -0.014400
1653  -0.015100
1654  -0.017100
1655  -0.022100
1656  -0.012800
1657  -0.011800
1658  -0.022000
1659  -0.022800
1660  -0.019700
1661  -0.019000
1662  -0.015700
1663  -0.022200
1664  -0.015400
1665  -0.013100
1666  -0.018700
1667  -0.014800
1668  -0.020200
1669  -0.018900
1670  -0.027700
1671  -0.020000
1672  -0.017700
1673  -0.010200
1674  -0.009600
1675  -0.010700
1676  -0.007600
1677  -0.006600
1678   0.002100
1679   0.004700
1680   0.010500
1681   0.007200
1682   0.012600
1683   0.006900
1684   0.001600
1685   0.006200
1686   0.015000
1687   0.012000
1688   0.007600
1689   0.004900
1690  -0.000700
1691   0.000200
1692  -0.004500
1693  -0.005900
1694  -0.018000
1695  -0.019300
1696  -0.009800
1697   0.002700
1698  -0.003900
1699   0.002300
1700   0.008000
1701   0.008800
1702   0.008300
1703   0.011300
1704   0.009100
1705   0.015000
1706   0.013500
1707   0.007200
1708   0.001700
1709   0.007500
1710   0.008100
1711   0.015100
1712   0.015200
1713   0.024500
1714   0.032600
1715   0.041900
1716   0.030900
1717   0.029500
1718   0.044300
1719   0.035100
1720   0.037400
1721   0.041000
1722   0.029100
1723   0.038600
1724   0.035200
1725   0.034100
1726   0.038100
1727   0.028600
1728   0.036300
1729   0.026900
1730   0.026400
1731   0.019700
1732   0.017700
1733   0.023300
1734   0.011700
1735   0.004900
1736   0.014300
1737   0.022300
1738   0.028000
1739   0.045400
1740   0.046500
1741   0.044400
1742   0.038400
1743   0.050100
1744   0.043500
1745   0.039400
1746   0.036100
1747   0.036900
1748   0.029800
1749   0.026700
1750   0.023800
1751   0.036200
1752   0.035800
1753   0.030600
1754   0.023800
1755   0.024300
1756   0.015900
1757   0.017200
1758   0.024600
1759   0.021300
1760   0.023600
1761   0.027900
1762   0.033100
1763   0.025400
1764   0.030400
1765   0.034400
1766   0.034400
1767   0.033100
1768   0.030400
1769   0.024800
1770   0.022600
1771   0.016600
1772   0.020200
1773   0.030700
1774   0.033500
1775   0.033300
1776   0.035600
1777   0.035100
1778   0.031400
1779   0.037000
1780   0.038500
1781   0.042400
1782   0.047900
1783   0.047100
1784   0.043100
1785   0.042800
1786   0.061600
1787   0.053000
1788   0.058200
1789   0.062600
1790   0.070100
1791   0.073400
1792   0.077800
1793   0.082100
1794   0.080000
1795   0.072000
1796   0.068500
1797   0.064700
1798   0.065400
1799   0.042600
1800   0.047400
1801   0.052400
1802   0.054100
1803   0.050400
1804   0.054500
1805   0.049200
1806   0.047200
1807   0.039500
1808   0.050600
1809   0.044800
1810   0.051400
1811   0.053400
1812   0.052200
1813   0.047100
1814   0.044200
1815   0.043100
1816   0.044200
1817   0.041700
1818   0.040700
1819   0.030800
1820   0.029000
1821   0.019600
1822   0.011400
1823   0.008700
1824   0.002900
1825   0.012500
1826   0.015900
1827   0.012400
1828   0.010300
1829   0.014600
1830   0.007600
1831   0.006300
1832   0.013200
1833   0.028900
1834   0.022700
1835   0.022600
1836   0.027500
1837   0.023700
1838   0.020700
1839   0.019600
1840   0.013700
1841   0.013600
1842   0.012700
1843   0.007200
1844   0.013900
1845   0.020200
1846   0.005900
1847   0.010600
1848   0.013900
1849   0.017900
1850   0.018400
1851   0.017100
1852   0.017000
1853   0.026100
1854   0.024700
1855   0.021100
1856   0.028900
1857   0.020400
1858   0.018700
1859   0.004300
1860   0.012900
1861   0.022900
1862   0.033100
1863   0.039600
1864   0.045800
1865   0.041000
1866   0.028300
1867   0.033000
1868   0.039700
1869   0.048800
1870   0.049400
1871   0.049800
1872   0.044300
1873   0.043900
1874   0.053400
1875   0.057200
1876   0.056000
1877   0.059500
1878   0.060400
1879   0.052800
1880   0.061800
1881   0.069400
1882   0.070600
1883   0.071400
1884   0.067800
1885   0.063600
1886   0.073300
1887   0.067900
1888   0.072900
1889   0.071800
1890   0.065600
1891   0.058300
1892   0.061000
1893   0.063700
1894   0.059400
1895   0.069400
1896   0.062500
1897   0.052600
1898   0.056600
1899   0.056600
1900   0.041100
1901   0.041200
1902   0.037300
1903   0.026300
1904   0.016600
1905   0.016500
1906   0.002100
1907   0.016000
1908   0.015200
1909   0.002500
1910   0.009200
1911   0.000100
1912  -0.009700
1913  -0.011700
1914  -0.013200
1915  -0.011300
1916  -0.011200
1917  -0.009200
1918  -0.004400
1919   0.000200
1920  -0.006900
1921  -0.008000
1922  -0.002900
1923   0.016700
1924   0.023400
1925   0.030900
1926   0.027700
1927   0.017600
1928   0.021900
1929   0.020600
1930   0.028600
1931   0.031100
1932   0.028300
1933   0.023400
1934   0.023100
1935   0.029000
1936   0.031200
1937   0.027400
1938   0.033400
1939   0.035700
1940   0.047000
1941   0.054400
1942   0.062500
1943   0.059000
1944   0.054600
1945   0.056500
1946   0.056200
1947   0.061500
1948   0.062200
1949   0.060700
1950   0.071100
1951   0.077100
1952   0.077900
1953   0.069500
1954   0.073700
1955   0.067100
1956   0.070300
1957   0.067400
1958   0.066600
1959   0.070000
1960   0.076800
1961   0.074700
1962   0.075200
1963   0.062500
1964   0.057100
1965   0.061600
1966   0.065200
1967   0.065000
1968   0.060900
1969   0.066800
1970   0.062900
1971   0.054400
1972   0.052200
1973   0.054000
1974   0.048500
1975   0.046300
1976   0.051600
1977   0.042700
1978   0.051900
1979   0.045000
1980   0.053800
1981   0.037200
1982   0.028200
1983   0.032400
1984   0.025800
1985   0.034300
1986   0.027900
1987   0.021000
1988   0.010500
1989   0.019800
1990   0.022000
1991   0.008000
1992   0.006600
1993   0.017600
1994   0.011100
1995   0.014200
1996   0.010900
1997   0.016000
1998   0.010400
1999   0.018500
2000   0.032400
2001   0.033400
2002   0.035100
2003   0.030000
2004   0.028900
2005   0.026000
2006   0.028500
2007   0.027600
2008   0.033700
2009   0.035100
2010   0.033800
2011   0.032000
2012   0.038700
2013   0.041200
2014   0.031800
2015   0.034600
2016   0.036300
2017   0.042800
2018   0.047400
2019   0.037800
2020   0.026400
2021   0.022600
2022   0.015200
2023   0.018100
2024   0.013100
2025   0.010300
2026   0.005600
2027   0.005100
2028   0.003100
2029  -0.004900
2030  -0.012100
2031  -0.007600
2032  -0.020500
2033  -0.022100
2034  -0.018900
2035  -0.011800
2036  -0.018900
2037  -0.018500
2038  -0.022000
2039  -0.018700
2040  -0.013600
2041  -0.008800
2042  -0.005900
2043   0.012500
2044   0.018600
2045   0.021900
2046   0.020200
2047   0.024700
2048   0.033900
2049   0.027100
2050   0.023400
2051   0.026900
2052   0.027300
2053   0.028700
2054   0.021700
2055   0.023200
2056   0.022700
2057   0.032500
2058   0.032400
2059   0.029800
2060   0.027700
2061   0.035900
2062   0.030100
2063   0.036700
2064   0.031800
2065   0.035000
2066   0.030000
2067   0.039500
2068   0.043500
2069   0.038700
2070   0.046500
2071   0.048800
2072   0.045200
2073   0.041000
2074   0.041900
2075   0.041500
2076   0.037100
2077   0.044000
2078   0.027000
2079   0.022200
2080   0.029100
2081   0.031000
2082   0.026300
2083   0.036400
2084   0.039400
2085   0.044200
2086   0.055000
2087   0.055700
2088   0.054500
2089   0.056000
2090   0.047300
2091   0.046800
2092   0.034300
2093   0.034600
2094   0.036200
2095   0.046500
2096   0.049900
2097   0.040900
2098   0.048300
2099   0.053500
2100   0.057800
2101   0.051600
2102   0.036700
2103   0.046400
2104   0.046700
2105   0.046700
2106   0.046200
2107   0.042800
2108   0.045800
2109   0.051300
2110   0.053100
2111   0.054300
2112   0.057200
2113   0.057000
2114   0.061100
2115   0.068100
2116   0.061100
2117   0.053300
2118   0.049700
2119   0.064000
2120   0.064900
2121   0.076200
2122   0.075300
2123   0.067200
2124   0.077600
2125   0.072800
2126   0.072000
2127   0.073500
2128   0.067800
2129   0.060500
2130   0.068300
2131   0.066200
2132   0.059400
2133   0.058900
2134   0.059900
2135   0.054700
2136   0.045600
2137   0.045700
2138   0.046900
2139   0.047500
2140   0.044600
2141   0.036000
2142   0.033600
2143   0.033000
2144   0.032700
2145   0.034500
2146   0.032600
2147   0.030300
2148   0.030100
2149   0.033300
2150   0.024400
2151   0.019700
2152   0.029400
2153   0.032500
2154   0.031500
2155   0.026000
2156   0.034000
2157   0.034800
2158   0.031700
2159   0.023200
2160   0.022400
2161   0.016000
2162   0.003000
2163   0.007400
2164  -0.001100
2165   0.003400
2166   0.011600
2167   0.014700
2168   0.013200
2169   0.019600
2170   0.022300
2171   0.018600
2172   0.020900
2173   0.018900
2174   0.030400
2175   0.021200
2176   0.011300
2177   0.007400
2178   0.006900
2179   0.004400
2180   0.002000
2181  -0.002300
2182  -0.003400
2183   0.001500
2184   0.000100
2185  -0.000400
2186   0.005300
2187  -0.001800
2188   0.001100
2189   0.005400
2190  -0.003100
2191  -0.019400
2192  -0.013500
2193  -0.014800
2194  -0.017100
2195  -0.015700
2196  -0.017000
2197  -0.018600
2198  -0.013700
2199  -0.017100
2200  -0.020900
2201  -0.012400
2202  -0.012500
2203  -0.010000
2204  -0.010400
2205  -0.009900
2206  -0.006900
2207   0.000100
2208  -0.007500
2209  -0.008900
2210  -0.011700
2211  -0.005800
2212  -0.012700
2213  -0.014900
2214  -0.031200
2215  -0.037500
2216  -0.045500
2217  -0.043700
2218  -0.039400
2219  -0.042500
2220  -0.034700
2221  -0.044700
2222  -0.040100
2223  -0.042000
2224  -0.045500
2225  -0.035300
2226  -0.037000
2227  -0.031300
2228  -0.029000
2229  -0.026000
2230  -0.033000
2231  -0.025300
2232  -0.018000
2233  -0.012000
2234  -0.019200
2235  -0.017100
2236  -0.026300
2237  -0.012900
2238  -0.017900
2239  -0.016800
2240  -0.021400
2241  -0.030600
2242  -0.021000
2243  -0.027400
2244  -0.028800
2245  -0.015100
2246  -0.017200
2247  -0.016700
2248  -0.023300
2249  -0.018300
2250  -0.020300
2251  -0.012500
2252  -0.012500
2253  -0.011900
2254  -0.014500
2255  -0.017200
2256  -0.027200
2257  -0.030400
2258  -0.028700
2259  -0.020900
2260  -0.024000
2261  -0.026300
2262  -0.010200
2263  -0.003500
2264  -0.005300
2265  -0.007800
2266  -0.007000
2267  -0.007400
2268  -0.008600
2269  -0.015900
2270  -0.018800
2271  -0.017700
2272  -0.023900
2273  -0.023100
2274  -0.036500
2275  -0.036500
2276  -0.042000
2277  -0.038900
2278  -0.025700
2279  -0.012900
2280  -0.021200
2281  -0.016300
2282  -0.010500
2283  -0.004200
2284  -0.019800
2285  -0.009000
2286  -0.010000
2287  -0.028600
2288  -0.027200
2289  -0.026600
2290  -0.022300
2291  -0.033600
2292  -0.034500
2293  -0.037600
2294  -0.047600
2295  -0.040400
2296  -0.039300
2297  -0.036000
2298  -0.022400
2299  -0.032800
2300  -0.030200
2301  -0.032900
2302  -0.031500
2303  -0.020600
2304  -0.015100
2305  -0.022700
2306  -0.017000
2307  -0.020600
2308  -0.022700
2309  -0.015500
2310  -0.024000
2311  -0.020100
2312  -0.017700
2313  -0.023900
2314  -0.029200
2315  -0.029800
2316  -0.019200
2317  -0.017000
2318  -0.028500
2319  -0.037300
2320  -0.041100
2321  -0.039900
2322  -0.044100
2323  -0.037700
2324  -0.026900
2325  -0.016900
2326  -0.014300
2327  -0.007300
2328  -0.014500
2329  -0.001800
2330   0.007400
2331   0.009400
2332   0.012400
2333   0.016100
2334   0.012500
2335   0.003700
2336  -0.005400
2337  -0.008800
2338  -0.019000
2339  -0.010800
2340  -0.010900
2341  -0.008700
2342  -0.002600
2343   0.002500
2344   0.000200
2345   0.007400
2346   0.013300
2347   0.012300
2348   0.007500
2349   0.011200
2350   0.018000
2351   0.022300
2352   0.019800
2353   0.019500
2354   0.022100
2355   0.007200
2356   0.004700
2357   0.003600
2358   0.003300
2359   0.006400
2360   0.001100
2361  -0.005700
2362  -0.009800
2363  -0.010100
2364  -0.017200
2365  -0.026100
2366  -0.018500
2367  -0.011900
2368  -0.009900
2369  -0.001400
2370  -0.002600
2371  -0.004500
2372  -0.003900
2373  -0.005000
2374   0.003600
2375   0.009500
2376   0.015400
2377   0.016100
2378   0.019600
2379   0.025100
2380   0.016200
2381   0.010100
2382   0.008500
2383   0.012900
2384   0.001200
2385  -0.003200
2386  -0.004300
2387  -0.000300
2388  -0.009700
2389  -0.019900
2390  -0.014400
2391  -0.016900
2392  -0.021700
2393  -0.016900
2394  -0.014000
2395  -0.014400
2396  -0.022700
2397  -0.020200
2398  -0.013400
2399  -0.015200
2400  -0.011900
2401  -0.014700
2402  -0.025600
2403  -0.019600
2404  -0.031500
2405  -0.041700
2406  -0.044900
2407  -0.039200
2408  -0.027500
2409  -0.021000
2410  -0.032500
2411  -0.028400
2412  -0.033300
2413  -0.028400
2414  -0.030700
2415  -0.035500
2416  -0.030800
2417  -0.029700
2418  -0.021900
2419  -0.010500
2420  -0.013400
2421  -0.010100
2422  -0.004200
2423  -0.001600
2424   0.005400
2425   0.000400
2426   0.006500
2427   0.003500
2428   0.019500
2429   0.020100
2430   0.013700
2431   0.015600
2432   0.015600
2433   0.018600
2434   0.020300
2435   0.031600
2436   0.033100
2437   0.032700
2438   0.045500
2439   0.038100
2440   0.037300
2441   0.036200
2442   0.043000
2443   0.037200
2444   0.040000
2445   0.045700
2446   0.032900
2447   0.040500
2448   0.043400
2449   0.035000
2450   0.027900
2451   0.018500
2452   0.026200
2453   0.028400
2454   0.030200
2455   0.020200
2456   0.015700
2457   0.015000
2458   0.013000
2459   0.027000
2460   0.026500
2461   0.029700
2462   0.036900
2463   0.036500
2464   0.038600
2465   0.032700
2466   0.030500
2467   0.023900
2468   0.023000
2469   0.021800
2470   0.020000
2471   0.034200
2472   0.031600
2473   0.030600
2474   0.023200
2475   0.030000
2476   0.022800
2477   0.016300
2478   0.016100
2479   0.016400
2480   0.027800
2481   0.038000
2482   0.026200
2483   0.034500
2484   0.027100
2485   0.025100
2486   0.020900
2487   0.007900
2488   0.010500
2489   0.001200
2490  -0.000200
2491  -0.002300
2492  -0.008100
2493  -0.012000
2494  -0.019400
2495  -0.013100
2496  -0.003300
2497  -0.006100
2498  -0.004100
2499  -0.011500
2500  -0.012000
2501  -0.010700
2502  -0.006100
2503  -0.012100
2504  -0.017500
2505  -0.017100
2506  -0.008300
2507  -0.018800
2508  -0.016100
2509  -0.016200
2510  -0.019900
2511  -0.023900
2512  -0.026100
2513  -0.037700
2514  -0.042800
2515  -0.041500
2516  -0.046900
2517  -0.039300
2518  -0.037600
2519  -0.033100
2520  -0.034100
2521  -0.023700
2522  -0.024800
2523  -0.023100
2524  -0.010000
2525  -0.008200
2526  -0.010100
2527   0.002400
2528   0.019900
2529   0.027900
2530   0.035000
2531   0.022900
2532   0.014600
2533   0.018200
2534   0.021300
2535   0.024100
2536   0.016100
2537   0.017700
2538   0.025900
2539   0.024700
2540   0.018500
2541   0.016900
2542   0.023900
2543   0.031200
2544   0.036900
2545   0.038200
2546   0.041600
2547   0.032800
2548   0.031700
2549   0.020200
2550   0.021600
2551   0.025000
2552   0.033500
2553   0.034800
2554   0.047800
2555   0.043300
2556   0.045300
2557   0.037100
2558   0.030200
2559   0.026000
2560   0.035700
2561   0.030900
2562   0.020100
2563   0.013500
2564   0.010100
2565   0.010200
2566   0.010200
2567   0.009300
2568   0.005100
2569   0.003900
2570   0.001300
2571  -0.011700
2572  -0.011900
2573  -0.007900
2574  -0.007500
2575  -0.008800
2576  -0.005800
2577  -0.009200
2578  -0.013700
2579  -0.017200
2580  -0.010500
2581  -0.018600
2582  -0.009800
2583  -0.014500
2584  -0.007200
2585  -0.004500
2586  -0.004600
2587   0.003400
2588   0.003600
2589   0.010800
2590   0.008900
2591   0.013200
2592   0.017000
2593   0.018600
2594   0.013200
2595  -0.000500
2596   0.001500
2597   0.006700
2598   0.006900
2599   0.006900
2600   0.019200
2601   0.015900
2602   0.017700
2603   0.022100
2604   0.028700
2605   0.029400
2606   0.029900
2607   0.020600
2608   0.012000
2609   0.009800
2610   0.017500
2611   0.021700
2612   0.019700
2613   0.016400
2614   0.020300
2615   0.008800
2616  -0.000400
2617   0.000900
2618   0.017800
2619   0.012000
2620   0.011300
2621   0.000100
2622  -0.000500
2623  -0.009900
2624  -0.007800
2625  -0.006800
2626  -0.004200
2627  -0.008300
2628  -0.018700
2629  -0.022700
2630  -0.016700
2631  -0.018900
2632  -0.026700
2633  -0.017700
2634  -0.005600
2635   0.003100
2636   0.005600
2637   0.003800
2638   0.003700
2639   0.005300
2640   0.007900
2641   0.003200
2642   0.004000
2643   0.003600
2644   0.000900
2645   0.001000
2646   0.010400
2647   0.002400
2648  -0.000900
2649  -0.002500
2650  -0.008700
2651  -0.007600
2652  -0.005600
2653  -0.003200
2654  -0.017400
2655  -0.017500
2656  -0.019200
2657  -0.034300
2658  -0.020400
2659  -0.017100
2660  -0.010100
2661  -0.004600
2662   0.006500
2663   0.002300
2664   0.000600
2665   0.003100
2666   0.004400
2667  -0.003600
2668  -0.009300
2669  -0.010100
2670  -0.005800
2671  -0.001100
2672   0.003100
2673  -0.005900
2674   0.001000
2675   0.004700
2676   0.011400
2677   0.010100
2678   0.010100
2679   0.017400
2680   0.023900
2681   0.017500
2682   0.017300
2683   0.022000
2684   0.024600
2685   0.025900
2686   0.031100
2687   0.031400
2688   0.039900
2689   0.039300
2690   0.037400
2691   0.031900
2692   0.032200
2693   0.026100
2694   0.035400
2695   0.039600
2696   0.040900
2697   0.035700
2698   0.034700
2699   0.031200
2700   0.019300
2701   0.018700
2702   0.019800
2703   0.014100
2704   0.017600
2705   0.009300
2706   0.005000
2707   0.003100
2708   0.008800
2709   0.016400
2710   0.023900
2711   0.011600
2712   0.011700
2713   0.007800
2714  -0.004200
2715  -0.006500
2716  -0.014800
2717  -0.019800
2718  -0.014200
2719  -0.015400
2720  -0.008000
2721  -0.015200
2722  -0.012200
2723  -0.017000
2724  -0.004100
2725  -0.006700
2726  -0.015400
2727  -0.001100
2728   0.004800
2729   0.018400
2730   0.021000
2731   0.026600
2732   0.030600
2733   0.032800
2734   0.040700
2735   0.043300
2736   0.056300
2737   0.053500
2738   0.058800
2739   0.065000
2740   0.064100
2741   0.065000
2742   0.066500
2743   0.059600
2744   0.053600
2745   0.039300
2746   0.043600
2747   0.040400
2748   0.044300
2749   0.034100
2750   0.036300
2751   0.035200
2752   0.034700
2753   0.035700
2754   0.033600
2755   0.034700
2756   0.037000
2757   0.030100
2758   0.030100
2759   0.020500
2760   0.019600
2761   0.021900
2762   0.022700
2763   0.026500
2764   0.017200
2765   0.010100
2766   0.021000
2767   0.012700
2768   0.014700
2769   0.012300
2770   0.015700
2771   0.009100
2772   0.005200
2773   0.012700
2774   0.010900
2775   0.023200
2776   0.014700
2777   0.022300
2778   0.025300
2779   0.026800
2780   0.028000
2781   0.022400
2782   0.013900
2783   0.009600
2784  -0.003400
2785  -0.007400
2786  -0.010200
2787   0.001000
2788  -0.009200
2789  -0.010500
2790  -0.023600
2791  -0.031500
2792  -0.025900
2793  -0.014900
2794  -0.016000
2795  -0.016700
2796  -0.016500
2797  -0.019800
2798  -0.018700
2799  -0.023500
2800  -0.023100
2801  -0.015100
2802  -0.027000
2803  -0.028800
2804  -0.023000
2805  -0.026500
2806  -0.018600
2807  -0.011100
2808  -0.012400
2809  -0.012400
2810  -0.015400
2811  -0.014100
2812  -0.018400
2813  -0.015200
2814  -0.017700
2815  -0.028800
2816  -0.021900
2817  -0.018800
2818  -0.017300
2819  -0.017400
2820  -0.022100
2821  -0.034400
2822  -0.033400
2823  -0.031100
2824  -0.032700
2825  -0.024000
2826  -0.027200
2827  -0.030100
2828  -0.032900
2829  -0.032300
2830  -0.028600
2831  -0.030100
2832  -0.025500
2833  -0.027500
2834  -0.022200
2835  -0.022800
2836  -0.031800
2837  -0.009900
2838  -0.000300
2839   0.006500
2840   0.018800
2841   0.015400
2842   0.020800
2843   0.018100
2844   0.021800
2845   0.021000
2846   0.012000
2847   0.014800
2848   0.010700
2849   0.004000
2850  -0.003700
2851   0.004600
2852  -0.004400
2853  -0.017900
2854  -0.020300
2855  -0.010700
2856  -0.019300
2857  -0.018300
2858  -0.033400
2859  -0.030700
2860  -0.033800
2861  -0.033300
2862  -0.031800
2863  -0.027800
2864  -0.029400
2865  -0.035200
2866  -0.042800
2867  -0.034600
2868  -0.026100
2869  -0.017800
2870  -0.017500
2871  -0.024800
2872  -0.022900
2873  -0.023700
2874  -0.014100
2875  -0.006000
2876   0.000400
2877  -0.001500
2878  -0.001900
2879  -0.014300
2880  -0.012300
2881  -0.014800
2882  -0.010600
2883  -0.009500
2884  -0.006500
2885   0.000500
2886   0.002900
2887  -0.003400
2888  -0.005400
2889  -0.003300
2890   0.001800
2891   0.002100
2892   0.001700
2893   0.000600
2894  -0.004500
2895  -0.016300
2896  -0.012600
2897  -0.007500
2898  -0.007800
2899  -0.004300
2900  -0.009000
2901  -0.011600
2902  -0.000700
2903   0.008500
2904   0.001300
2905   0.004100
2906   0.000200
2907   0.002100
2908   0.009200
2909   0.019200
2910   0.016500
2911   0.012600
2912   0.009600
2913   0.004000
2914   0.007600
2915  -0.004100
2916   0.001600
2917  -0.008600
2918  -0.011500
2919  -0.010400
2920  -0.008900
2921   0.000900
2922   0.001200
2923  -0.003800
2924  -0.013500
2925  -0.010400
2926  -0.008900
2927  -0.016900
2928  -0.026500
2929  -0.036400
2930  -0.040700
2931  -0.040400
2932  -0.028700
2933  -0.020400
2934  -0.008600
2935  -0.012700
2936  -0.021400
2937  -0.018500
2938  -0.022600
2939  -0.022000
2940  -0.019300
2941  -0.018600
2942  -0.015500
2943  -0.009300
2944  -0.011500
2945  -0.017200
2946  -0.008600
2947  -0.008400
2948  -0.005900
2949  -0.014700
2950  -0.011700
2951  -0.016700
2952   0.002000
2953   0.005900
2954   0.001500
2955   0.007900
2956   0.011300
2957   0.018100
2958   0.012000
2959   0.014600
2960   0.015500
2961   0.018700
2962   0.013400
2963   0.019300
2964   0.036500
2965   0.042800
2966   0.036800
2967   0.032800
2968   0.019900
2969   0.018600
2970   0.022100
2971   0.023400
2972   0.018000
2973   0.014500
2974   0.006900
2975   0.005900
2976   0.021500
2977   0.022400
2978   0.012900
2979   0.009800
2980   0.007100
2981   0.010100
2982   0.008900
2983   0.015200
2984   0.013100
2985  -0.003300
2986   0.004900
2987   0.000700
2988   0.011400
2989   0.015800
2990   0.011600
2991   0.020400
2992   0.011300
2993   0.012800
2994   0.007900
2995   0.010200
2996   0.006200
2997   0.011800
2998   0.005000
2999   0.007100
3000   0.008000
3001   0.013100
3002   0.014600
3003   0.007300
3004   0.017400
3005   0.018400
3006   0.027900
3007   0.032300
3008   0.033700
3009   0.042500
3010   0.038800
3011   0.035700
3012   0.050800
3013   0.059100
3014   0.071700
3015   0.079200
3016   0.082300
3017   0.071700
3018   0.073400
3019   0.064700
3020   0.058600
3021   0.071900
3022   0.078500
3023   0.072800
3024   0.067700
3025   0.073400
3026   0.074400
3027   0.073100
3028   0.064900
3029   0.063500
3030   0.059400
3031   0.070700
3032   0.070100
3033   0.066300
3034   0.072000
3035   0.076200
3036   0.070100
3037   0.064000
3038   0.069400
3039   0.064400
3040   0.081900
3041   0.091000
3042   0.097200
3043   0.088300
3044   0.095000
3045   0.089700
3046   0.091000
3047   0.086800
3048   0.088300
3049   0.090100
3050   0.090600
3051   0.096200
3052   0.090800
3053   0.091200
3054   0.090500
3055   0.079300
3056   0.067500
3057   0.053800
3058   0.062700
3059   0.055300
3060   0.053200
3061   0.046200
3062   0.043500
3063   0.039000
3064   0.043100
3065   0.046300
3066   0.048500
3067   0.044800
3068   0.036300
3069   0.044300
3070   0.054300
3071   0.050600
3072   0.061500
3073   0.059500
3074   0.055300
3075   0.053300
3076   0.044800
3077   0.049800
3078   0.051100
3079   0.052500
3080   0.047600
3081   0.042700
3082   0.038600
3083   0.042900
3084   0.039700
3085   0.045600
3086   0.040000
3087   0.038200
3088   0.035500
3089   0.034600
3090   0.032400
3091   0.038200
3092   0.028700
3093   0.032100
3094   0.031600
3095   0.039000
3096   0.031400
3097   0.028700
3098   0.033600
3099   0.046900
3100   0.035100
3101   0.036500
3102   0.035500
3103   0.040200
3104   0.039300
3105   0.036100
3106   0.036800
3107   0.041300
3108   0.044100
3109   0.045800
3110   0.056200
3111   0.062600
3112   0.060200
3113   0.053300
3114   0.054100
3115   0.048000
3116   0.045700
3117   0.045800
3118   0.046200
3119   0.049400
3120   0.048300
3121   0.043200
3122   0.053000
3123   0.054800
3124   0.060500
3125   0.059100
3126   0.044500
3127   0.049200
3128   0.042700
3129   0.046900
3130   0.038800
3131   0.036300
3132   0.030100
3133   0.025700
3134   0.034100
3135   0.024800
3136   0.020900
3137   0.018400
3138   0.015000
3139   0.013800
3140   0.010800
3141  -0.000000
3142   0.003100
3143   0.007800
3144   0.015200
3145   0.018500
3146   0.016700
3147   0.018200
3148   0.020900
3149   0.018200
3150   0.023300
3151   0.018300
3152  -0.002400
3153   0.007900
3154  -0.001000
3155   0.003300
3156   0.004700
3157  -0.005300
3158   0.000000
3159   0.011300
3160   0.002000
3161  -0.002400
3162   0.007100
3163   0.012600
3164   0.015800
3165   0.021900
3166   0.018900
3167   0.018800
3168   0.014300
3169   0.015400
3170   0.027400
3171   0.020900
3172   0.018400
3173   0.022800
3174   0.032900
3175   0.038200
3176   0.036800
3177   0.040400
3178   0.042000
3179   0.042800
3180   0.043200
3181   0.043200
3182   0.041600
3183   0.042000
3184   0.038500
3185   0.047700
3186   0.043400
3187   0.034600
3188   0.032900
3189   0.037800
3190   0.039800
3191   0.039100
3192   0.042400
3193   0.041800
3194   0.035400
3195   0.040600
3196   0.051800
3197   0.044200
3198   0.046100
3199   0.051900
3200   0.050000
3201   0.046200
3202   0.044200
3203   0.025100
3204   0.019600
3205   0.028900
3206   0.022300
3207   0.022400
3208   0.030700
3209   0.027300
3210   0.016100
3211   0.006100
3212   0.014500
3213   0.006400
3214   0.002800
3215   0.007600
3216   0.010000
3217   0.009400
3218   0.002900
3219   0.007700
3220   0.023300
3221   0.020800
3222   0.015900
3223   0.003900
3224   0.016800
3225   0.016900
3226   0.007500
3227  -0.002300
3228  -0.006200
3229  -0.000800
3230   0.006900
3231  -0.007500
3232  -0.001200
3233   0.006300
3234   0.001000
3235  -0.001900
3236  -0.002000
3237  -0.003300
3238  -0.006600
3239  -0.007000
3240  -0.010600
3241  -0.000100
3242  -0.003200
3243  -0.000400
3244   0.022100
3245   0.028000
3246   0.028700
3247   0.023100
3248   0.024200
3249   0.036900
3250   0.046600
3251   0.031900
3252   0.043000
3253   0.045200
3254   0.034800
3255   0.039200
3256   0.033000
3257   0.032500
3258   0.040200
3259   0.036300
3260   0.044500
3261   0.054300
3262   0.057200
3263   0.052500
3264   0.041400
3265   0.047200
3266   0.042200
3267   0.041200
3268   0.037000
3269   0.042300
3270   0.027400
3271   0.027100
3272   0.031800
3273   0.026200
3274   0.023900
3275   0.038500
3276   0.038800
3277   0.020800
3278   0.023900
3279   0.035200
3280   0.019300
3281   0.019800
3282   0.014800
3283   0.009900
3284   0.002000
3285  -0.006700
3286  -0.002900
3287  -0.009500
3288  -0.014800
3289   0.004700
3290   0.005400
3291  -0.001300
3292   0.004200
3293  -0.008800
3294  -0.003300
3295  -0.001900
3296   0.000700
3297   0.002500
3298   0.010000
3299   0.017600
3300   0.007800
3301   0.002700
3302   0.002200
3303   0.005500
3304   0.008700
3305   0.002700
3306   0.000700
3307   0.011100
3308   0.009500
3309  -0.000100
3310  -0.010800
3311  -0.021300
3312  -0.023700
3313  -0.019100
3314  -0.012900
3315  -0.023800
3316  -0.033600
3317  -0.031900
3318  -0.020900
3319  -0.031900
3320  -0.032800
3321  -0.041200
3322  -0.040900
3323  -0.035500
3324  -0.028700
3325  -0.032300
3326  -0.025500
3327  -0.014300
3328  -0.012900
3329  -0.008500
3330  -0.011300
3331  -0.020900
3332  -0.012100
3333  -0.014200
3334  -0.011700
3335   0.000400
3336  -0.004800
3337  -0.004200
3338  -0.005500
3339  -0.001100
3340   0.009400
3341   0.015300
3342   0.003100
3343   0.004500
3344   0.012000
3345   0.015300
3346   0.009600
3347   0.027200
3348   0.032300
3349   0.030200
3350   0.036800
3351   0.038000
3352   0.029400
3353   0.028200
3354   0.022100
3355   0.017300
3356   0.011300
3357   0.015800
3358   0.033800
3359   0.042400
3360   0.038800
3361   0.038400
3362   0.027600
3363   0.032700
3364   0.025900
3365   0.025600
3366   0.023100
3367   0.035600
3368   0.043500
3369   0.040300
3370   0.032300
3371   0.035300
3372   0.041300
3373   0.045300
3374   0.054200
3375   0.054400
3376   0.058300
3377   0.051200
3378   0.052600
3379   0.055900
3380   0.051400
3381   0.039500
3382   0.037400
3383   0.044500
3384   0.051200
3385   0.055500
3386   0.053300
3387   0.053200
3388   0.044000
3389   0.045400
3390   0.034600
3391   0.045100
3392   0.045900
3393   0.035200
3394   0.036600
3395   0.032600
3396   0.030800
3397   0.048000
3398   0.052300
3399   0.053200
3400   0.067500
3401   0.071200
3402   0.071100
3403   0.067600
3404   0.058900
3405   0.065300
3406   0.058700
3407   0.053800
3408   0.054300
3409   0.050600
3410   0.053300
3411   0.057400
3412   0.055900
3413   0.064100
3414   0.056200
3415   0.053400
3416   0.058900
3417   0.067100
3418   0.072700
3419   0.071100
3420   0.079300
3421   0.075500
3422   0.085000
3423   0.085000
3424   0.088200
3425   0.081000
3426   0.083600
3427   0.081500
3428   0.067900
3429   0.062900
3430   0.071800
3431   0.060200
3432   0.056400
3433   0.054800
3434   0.058900
3435   0.066900
3436   0.080000
3437   0.080500
3438   0.073600
3439   0.084100
3440   0.081000
3441   0.061400
3442   0.068200
3443   0.067400
3444   0.062000
3445   0.053700
3446   0.055400
3447   0.055600
3448   0.050500
3449   0.041500
3450   0.038900
3451   0.048600
3452   0.054000
3453   0.066100
3454   0.067200
3455   0.072500
3456   0.062300
3457   0.059600
3458   0.061800
3459   0.052000
3460   0.065600
3461   0.068300
3462   0.054900
3463   0.056600
3464   0.048000
3465   0.049000
3466   0.065300
3467   0.061300
3468   0.070300
3469   0.074700
3470   0.071500
3471   0.062800
3472   0.058600
3473   0.067900
3474   0.060900
3475   0.066000
3476   0.056300
3477   0.056600
3478   0.046900
3479   0.043000
3480   0.045800
3481   0.046800
3482   0.045000
3483   0.048400
3484   0.058200
3485   0.047100
3486   0.052700
3487   0.050400
3488   0.052000
3489   0.051000
3490   0.040100
3491   0.045900
3492   0.040200
3493   0.040100
3494   0.046800
3495   0.051500
3496   0.051100
3497   0.047700
3498   0.055200
3499   0.045700
3500   0.053500
3501   0.057500
3502   0.061000
3503   0.062500
3504   0.060800
3505   0.055600
3506   0.053200
3507   0.054900
3508   0.045800
3509   0.047500
3510   0.040900
3511   0.046000
3512   0.052700
3513   0.045100
3514   0.037400
3515   0.034500
3516   0.028000
3517   0.034100
3518   0.041600
3519   0.040200
3520   0.033500
3521   0.040300
3522   0.032100
3523   0.036600
3524   0.041500
3525   0.036900
3526   0.036500
3527   0.034400
3528   0.030400
3529   0.028900
3530   0.033800
3531   0.026100
3532   0.023500
3533   0.012300
3534   0.024000
3535   0.027600
3536   0.025800
3537   0.026200
3538   0.027100
3539   0.031800
3540   0.017600
3541  -0.001600
3542  -0.004600
3543  -0.006800
3544  -0.020500
3545  -0.022800
3546  -0.030000
3547  -0.034500
3548  -0.035200
3549  -0.048000
3550  -0.047600
3551  -0.044200
3552  -0.040900
3553  -0.047300
3554  -0.054000
3555  -0.056300
3556  -0.053100
3557  -0.052100
3558  -0.055300
3559  -0.052900
3560  -0.047000
3561  -0.047800
3562  -0.032800
3563  -0.026200
3564  -0.023300
3565  -0.023900
3566  -0.023300
3567  -0.038400
3568  -0.034200
3569  -0.028200
3570  -0.028900
3571  -0.038600
3572  -0.052100
3573  -0.049800
3574  -0.044800
3575  -0.049300
3576  -0.047900
3577  -0.040000
3578  -0.038900
3579  -0.049500
3580  -0.043800
3581  -0.037500
3582  -0.043300
3583  -0.051600
3584  -0.059300
3585  -0.064900
3586  -0.062400
3587  -0.059300
3588  -0.047600
3589  -0.044500
3590  -0.041200
3591  -0.037500
3592  -0.027700
3593  -0.026100
3594  -0.033100
3595  -0.041400
3596  -0.031000
3597  -0.039100
3598  -0.037000
3599  -0.050800
3600  -0.050000
3601  -0.056800
3602  -0.057400
3603  -0.055700
3604  -0.061400
3605  -0.057500
3606  -0.058700
3607  -0.060600
3608  -0.075200
3609  -0.072200
3610  -0.075900
3611  -0.069800
3612  -0.067500
3613  -0.053500
3614  -0.061200
3615  -0.063100
3616  -0.064700
3617  -0.046600
3618  -0.051200
3619  -0.047200
3620  -0.042000
3621  -0.034600
3622  -0.032000
3623  -0.018300
3624  -0.024200
3625  -0.021300
3626  -0.014600
3627  -0.009200
3628   0.000500
3629   0.008300
3630   0.012900
3631   0.022500
3632   0.019200
3633   0.018400
3634   0.026100
3635   0.028000
3636   0.029300
3637   0.032900
3638   0.035100
3639   0.034800
3640   0.030600
3641   0.033200
3642   0.033400
3643   0.035100
3644   0.037300
3645   0.040100
3646   0.041400
3647   0.043100
3648   0.043300
3649   0.040200
3650   0.040600
3651   0.040800
3652   0.052300
3653   0.056800
3654   0.065200
3655   0.065400
3656   0.063900
3657   0.073800
3658   0.076000
3659   0.074000
3660   0.077700
3661   0.075100
3662   0.071200
3663   0.070800
3664   0.076300
3665   0.073100
3666   0.074200
3667   0.076700
3668   0.074600
3669   0.076100
3670   0.078800
3671   0.084800
3672   0.075500
3673   0.072300
3674   0.068600
3675   0.069500
3676   0.066200
3677   0.064500
3678   0.060100
3679   0.068900
3680   0.058800
3681   0.058100
3682   0.057800
3683   0.061100
3684   0.068800
3685   0.066000
3686   0.056900
3687   0.050400
3688   0.056200
3689   0.055900
3690   0.047900
3691   0.055300
3692   0.050700
3693   0.047800
3694   0.048400
3695   0.048500
3696   0.044500
3697   0.042500
3698   0.041100
3699   0.033500
3700   0.037200
3701   0.031400
3702   0.033100
3703   0.038500
3704   0.036800
3705   0.046200
3706   0.051000
3707   0.048300
3708   0.050400
3709   0.040900
3710   0.047300
3711   0.044100
3712   0.040500
3713   0.042100
3714   0.043900
3715   0.029900
3716   0.036600
3717   0.036100
3718   0.042700
3719   0.044400
3720   0.042300
3721   0.038800
3722   0.029500
3723   0.019400
3724   0.010800
3725   0.014500
3726   0.018200
3727   0.022800
3728   0.017400
3729   0.017600
3730   0.019200
3731   0.016200
3732   0.013600
3733   0.004000
3734   0.003600
3735  -0.000400
3736   0.012800
3737   0.001800
3738   0.001200
3739  -0.007500
3740  -0.011800
3741  -0.015500
3742  -0.014100
3743  -0.013200
3744  -0.013800
3745  -0.012700
3746  -0.016900
3747  -0.019900
3748  -0.009600
3749  -0.012700
3750  -0.002800
3751   0.006300
3752   0.013700
3753   0.006800
3754   0.007000
3755   0.010200
3756   0.009000
3757   0.003600
3758   0.018200
3759   0.020300
3760   0.023500
3761   0.026300
3762   0.024800
3763   0.018500
3764   0.015000
3765   0.017200
3766   0.008900
3767   0.014200
3768   0.014000
3769   0.015200
3770   0.008800
3771   0.008600
3772   0.011900
3773   0.016900
3774   0.014500
3775   0.017600
3776   0.014600
3777   0.006300
3778   0.002700
3779   0.002600
3780   0.008400
3781   0.017500
3782   0.011500
3783   0.008300
3784   0.005500
3785   0.004100
3786   0.012800
3787   0.012500
3788   0.007200
3789   0.007000
3790   0.001700
3791   0.000700
3792   0.004700
3793  -0.008700
3794  -0.017800
3795  -0.033300
3796  -0.030800
3797  -0.024800
3798  -0.010300
3799  -0.025800
3800  -0.022400
3801  -0.013900
3802  -0.014000
3803  -0.008400
3804  -0.012000
3805  -0.003900
3806  -0.002000
3807  -0.007900
3808  -0.003100
3809   0.000800
3810   0.008300
3811   0.014000
3812   0.011900
3813   0.010900
3814   0.016000
3815   0.017400
3816   0.034400
3817   0.040100
3818   0.032100
3819   0.029900
3820   0.035200
3821   0.037400
3822   0.028800
3823   0.020600
3824   0.020800
3825   0.022600
3826   0.026100
3827   0.028800
3828   0.018500
3829   0.014300
3830   0.026600
3831   0.040000
3832   0.032800
3833   0.029300
3834   0.030400
3835   0.030600
3836   0.029800
3837   0.038400
3838   0.025500
3839   0.022000
3840   0.026100
3841   0.016600
3842   0.022000
3843   0.015600
3844   0.023100
3845   0.033600
3846   0.037500
3847   0.032900
3848   0.040000
3849   0.048000
3850   0.054500
3851   0.060600
3852   0.062200
3853   0.056300
3854   0.053400
3855   0.061000
3856   0.062500
3857   0.069800
3858   0.073400
3859   0.067300
3860   0.061500
3861   0.057700
3862   0.060800
3863   0.056100
3864   0.045900
3865   0.038900
3866   0.041700
3867   0.049000
3868   0.051700
3869   0.048300
3870   0.047600
3871   0.047400
3872   0.050800
3873   0.046900
3874   0.035900
3875   0.034300
3876   0.046400
3877   0.045700
3878   0.046100
3879   0.050300
3880   0.047700
3881   0.046800
3882   0.049400
3883   0.048800
3884   0.041900
3885   0.034600
3886   0.052900
3887   0.060200
3888   0.059400
3889   0.060100
3890   0.051500
3891   0.053300
3892   0.053700
3893   0.045500
3894   0.051300
3895   0.037900
3896   0.033400
3897   0.031000
3898   0.025000
3899   0.020000
3900   0.020000
3901   0.014900
3902   0.024100
3903   0.026000
3904   0.013600
3905   0.010500
3906   0.020200
3907   0.011500
3908   0.026000
3909   0.024200
3910   0.015400
3911   0.005500
3912   0.004100
3913   0.021000
3914   0.028500
3915   0.039300
3916   0.034900
3917   0.031500
3918   0.041800
3919   0.044800
3920   0.035200
3921   0.024200
3922   0.023300
3923   0.021600
3924   0.032800
3925   0.024800
3926   0.021600
3927   0.028300
3928   0.036600
3929   0.039500
3930   0.043900
3931   0.050200
3932   0.052800
3933   0.056700
3934   0.062400
3935   0.058900
3936   0.058700
3937   0.046100
3938   0.048100
3939   0.036600
3940   0.034700
3941   0.039900
3942   0.038200
3943   0.036300
3944   0.040300
3945   0.044500
3946   0.049600
3947   0.047500
3948   0.050000
3949   0.052700
3950   0.060100
3951   0.059200
3952   0.074500
3953   0.068100
3954   0.057600
3955   0.059000
3956   0.065600
3957   0.065700
3958   0.054800
3959   0.061300
3960   0.058700
3961   0.063400
3962   0.058100
3963   0.060200
3964   0.066700
3965   0.074400
3966   0.073200
3967   0.075200
3968   0.069500
3969   0.065300
3970   0.065200
3971   0.078500
3972   0.084900
3973   0.081000
3974   0.088200
3975   0.093500
3976   0.093200
3977   0.097900
3978   0.099600
3979   0.089600
3980   0.088400
3981   0.086100
3982   0.089400
3983   0.085200
3984   0.085700
3985   0.088500
3986   0.100500
3987   0.102900
3988   0.100800
3989   0.108900
3990   0.102200
3991   0.100900
3992   0.092000
3993   0.089400
3994   0.092200
3995   0.093600
3996   0.092700
3997   0.095800
3998   0.087400
3999   0.080900
4000   0.070200
4001   0.068700
4002   0.068900
4003   0.071900
4004   0.059900
4005   0.050500
4006   0.048500
4007   0.064700
4008   0.071000
4009   0.078500
4010   0.077700
4011   0.072500
4012   0.057800
4013   0.054000
4014   0.042400
4015   0.059800
4016   0.055500
4017   0.060900
4018   0.066100
4019   0.063800
4020   0.072200
4021   0.067500
4022   0.058700
4023   0.052600
4024   0.044900
4025   0.045000
4026   0.053500
4027   0.052700
4028   0.046700
4029   0.043500
4030   0.048300
4031   0.040900
4032   0.038100
4033   0.035600
4034   0.032700
4035   0.035600
4036   0.042200
4037   0.041400
4038   0.045000
4039   0.043400
4040   0.041900
4041   0.039800
4042   0.041400
4043   0.044000
4044   0.046600
4045   0.038600
4046   0.033800
4047   0.038000
4048   0.040600
4049   0.038800
4050   0.053200
4051   0.055100
4052   0.053100
4053   0.058300
4054   0.056000
4055   0.047600
4056   0.043500
4057   0.049700
4058   0.053800
4059   0.054100
4060   0.050900
4061   0.059100
4062   0.059200
4063   0.064700
4064   0.061400
4065   0.060100
4066   0.068700
4067   0.066100
4068   0.064900
4069   0.060300
4070   0.052800
4071   0.057100
4072   0.062400
4073   0.063600
4074   0.072400
4075   0.066200
4076   0.054100
4077   0.066500
4078   0.062300
4079   0.065800
4080   0.068300
4081   0.073200
4082   0.063000
4083   0.064000
4084   0.064100
4085   0.058100
4086   0.052000
4087   0.059900
4088   0.061000
4089   0.062400
4090   0.066700
4091   0.059500
4092   0.055700
4093   0.070500
4094   0.080600
4095   0.076800
4096   0.072800
4097   0.068800
4098   0.062400
4099   0.065700
4100   0.066500
4101   0.070700
4102   0.067700
4103   0.065900
4104   0.065700
4105   0.075400
4106   0.076100
4107   0.065200
4108   0.069200
4109   0.079100
4110   0.070800
4111   0.072900
4112   0.070800
4113   0.073500
4114   0.068200
4115   0.069700
4116   0.062200
4117   0.061900
4118   0.062000
4119   0.066700
4120   0.064200
4121   0.059700
4122   0.064100
4123   0.057100
4124   0.051700
4125   0.061600
4126   0.077900
4127   0.072900
4128   0.066000
4129   0.064500
4130   0.061400
4131   0.069500
4132   0.087900
4133   0.083700
4134   0.071700
4135   0.069100
4136   0.077600
4137   0.079300
4138   0.091400
4139   0.087800
4140   0.092500
4141   0.096900
4142   0.100400
4143   0.095500
4144   0.082400
4145   0.079900
4146   0.073700
4147   0.069400
4148   0.057700
4149   0.062300
4150   0.063400
4151   0.058700
4152   0.051000
4153   0.048900
4154   0.048500
4155   0.049000
4156   0.048000
4157   0.054800
4158   0.050300
4159   0.039000
4160   0.035200
4161   0.033600
4162   0.041800
4163   0.045800
4164   0.047800
4165   0.041600
4166   0.042500
4167   0.040400
4168   0.038100
4169   0.040300
4170   0.042500
4171   0.033500
4172   0.034000
4173   0.038700
4174   0.035400
4175   0.040900
4176   0.044000
4177   0.048500
4178   0.041700
4179   0.037500
4180   0.033800
4181   0.024500
4182   0.027600
4183   0.033200
4184   0.035000
4185   0.039000
4186   0.028400
4187   0.030400
4188   0.029200
4189   0.041000
4190   0.051900
4191   0.046000
4192   0.046900
4193   0.042400
4194   0.039700
4195   0.043600
4196   0.041400
4197   0.047200
4198   0.034700
4199   0.033700
4200   0.031200
4201   0.024100
4202   0.029700
4203   0.029500
4204   0.022200
4205   0.023900
4206   0.037300
4207   0.044800
4208   0.052400
4209   0.045000
4210   0.050100
4211   0.048400
4212   0.040300
4213   0.036500
4214   0.030100
4215   0.029400
4216   0.027400
4217   0.027700
4218   0.036800
4219   0.045700
4220   0.048100
4221   0.057100
4222   0.059700
4223   0.050600
4224   0.049700
4225   0.045700
4226   0.046800
4227   0.045100
4228   0.032500
4229   0.026700
4230   0.025200
4231   0.025100
4232   0.025600
4233   0.023000
4234   0.025600
4235   0.026900
4236   0.018100
4237   0.015400
4238   0.012200
4239   0.011600
4240   0.004500
4241   0.003100
4242   0.007000
4243   0.004400
4244   0.003000
4245   0.008700
4246   0.010800
4247   0.003700
4248  -0.001500
4249  -0.005400
4250  -0.002300
4251   0.002500
4252   0.012400
4253   0.004500
4254  -0.002200
4255   0.000300
4256   0.010900
4257   0.017700
4258   0.028600
4259   0.034400
4260   0.035200
4261   0.032700
4262   0.036600
4263   0.037800
4264   0.042400
4265   0.040400
4266   0.036400
4267   0.038300
4268   0.040600
4269   0.048300
4270   0.059600
4271   0.051500
4272   0.055700
4273   0.058700
4274   0.061200
4275   0.053300
4276   0.063800
4277   0.051200
4278   0.053200
4279   0.054800
4280   0.041800
4281   0.023600
4282   0.024000
4283   0.025600
4284   0.025800
4285   0.042000
4286   0.051400
4287   0.061100
4288   0.074700
4289   0.070500
4290   0.071800
4291   0.065700
4292   0.062500
4293   0.064800
4294   0.067300
4295   0.066400
4296   0.065200
4297   0.057400
4298   0.064200
4299   0.045900
4300   0.049600
4301   0.040900
4302   0.037800
4303   0.035200
4304   0.029000
4305   0.030600
4306   0.038800
4307   0.035800
4308   0.030500
4309   0.022300
4310   0.018000
4311   0.016900
4312   0.020700
4313   0.016500
4314   0.012400
4315   0.003100
4316  -0.003500
4317  -0.002100
4318   0.002400
4319   0.009300
4320   0.006300
4321   0.017500
4322   0.009400
4323   0.004700
4324   0.013400
4325   0.015000
4326   0.008300
4327   0.007200
4328   0.007500
4329   0.020200
4330   0.021600
4331   0.012400
4332   0.008700
4333   0.003100
4334   0.009100
4335   0.012800
4336   0.009800
4337   0.010900
4338   0.006800
4339   0.006200
4340   0.009700
4341   0.007000
4342   0.013000
4343   0.008600
4344   0.007300
4345  -0.000400
4346  -0.009900
4347  -0.003600
4348  -0.002500
4349  -0.003400
4350  -0.003900
4351  -0.008700
4352  -0.002500
4353   0.000200
4354   0.006100
4355   0.004900
4356   0.012100
4357   0.017600
4358   0.015500
4359   0.014000
4360   0.018900
4361   0.004900
4362   0.011000
4363   0.000500
4364  -0.009800
4365  -0.007400
4366  -0.009900
4367  -0.023500
4368  -0.023500
4369  -0.018700
4370  -0.008300
4371  -0.001300
4372   0.004400
4373   0.009800
4374  -0.002400
4375  -0.007800
4376  -0.003500
4377  -0.007200
4378  -0.005500
4379  -0.016200
4380  -0.015200
4381  -0.013100
4382  -0.016400
4383  -0.016800
4384  -0.010100
4385  -0.012200
4386  -0.020300
4387  -0.020000
4388  -0.016000
4389  -0.019500
4390  -0.019200
4391  -0.025900
4392  -0.025000
4393  -0.020700
4394  -0.019100
4395  -0.027600
4396  -0.030200
4397  -0.025300
4398  -0.023300
4399  -0.024700
4400  -0.029500
4401  -0.022200
4402  -0.021700
4403  -0.016500
4404  -0.001100
4405   0.003100
4406  -0.009400
4407  -0.000600
4408   0.005700
4409   0.007800
4410  -0.006800
4411  -0.003800
4412  -0.001600
4413  -0.005300
4414  -0.006800
4415  -0.012300
4416  -0.014400
4417  -0.014900
4418  -0.024500
4419  -0.026800
4420  -0.032200
4421  -0.034300
4422  -0.025500
4423  -0.030000
4424  -0.028700
4425  -0.030700
4426  -0.024200
4427  -0.027500
4428  -0.027200
4429  -0.032000
4430  -0.032300
4431  -0.025000
4432  -0.025200
4433  -0.020300
4434  -0.023000
4435  -0.032400
4436  -0.028200
4437  -0.041600
4438  -0.042500
4439  -0.040400
4440  -0.043100
4441  -0.035800
4442  -0.044400
4443  -0.040800
4444  -0.038800
4445  -0.035100
4446  -0.034900
4447  -0.021300
4448  -0.017700
4449  -0.014800
4450  -0.024500
4451  -0.021000
4452  -0.037300
4453  -0.023200
4454  -0.026100
4455  -0.018900
4456  -0.022600
4457  -0.021600
4458  -0.019700
4459  -0.024400
4460  -0.012300
4461  -0.004800
4462  -0.004300
4463  -0.003400
4464  -0.010100
4465  -0.010300
4466  -0.005600
4467  -0.018700
4468  -0.019400
4469  -0.016800
4470   0.000400
4471   0.002200
4472  -0.005000
4473  -0.006400
4474  -0.008400
4475  -0.000300
4476   0.002600
4477   0.001100
4478   0.003200
4479   0.001500
4480   0.006100
4481   0.010300
4482   0.010500
4483   0.009000
4484   0.007300
4485   0.004600
4486   0.003200
4487   0.003800
4488   0.004700
4489   0.005100
4490   0.007200
4491   0.006800
4492   0.008900
4493   0.008700
4494   0.002300
4495   0.005200
4496   0.010400
4497   0.013000
4498   0.013300
4499   0.011700
4500   0.017600
4501   0.012800
4502   0.009500
4503   0.004500
4504   0.005400
4505   0.006800
4506   0.007000
4507  -0.004100
4508  -0.001400
4509   0.005500
4510  -0.002600
4511  -0.000700
4512   0.003700
4513   0.014200
4514   0.019800
4515   0.008500
4516   0.008000
4517   0.013600
4518   0.005200
4519   0.015200
4520   0.011400
4521   0.018500
4522   0.027400
4523   0.021300
4524   0.018900
4525   0.016200
4526   0.010200
4527  -0.006800
4528  -0.012600
4529  -0.000900
4530  -0.015000
4531  -0.009900
4532  -0.020600
4533  -0.021200
4534  -0.019400
4535  -0.016800
4536  -0.007800
4537  -0.005100
4538  -0.004000
4539   0.000800
4540   0.008400
4541   0.017300
4542   0.021300
4543   0.018300
4544   0.026600
4545   0.032500
4546   0.035800
4547   0.029800
4548   0.029200
4549   0.016700
4550   0.009900
4551   0.013700
4552   0.008900
4553   0.014200
4554   0.017900
4555   0.012800
4556   0.015500
4557   0.021900
4558   0.008600
4559   0.017100
4560   0.014400
4561   0.022500
4562   0.038400
4563   0.041600
4564   0.039100
4565   0.032200
4566   0.024300
4567   0.017300
4568   0.007100
4569   0.011300
4570   0.012700
4571   0.016200
4572   0.021400
4573   0.022000
4574   0.029400
4575   0.028400
4576   0.024300
4577   0.024600
4578   0.018100
4579   0.021900
4580   0.034400
4581   0.038600
4582   0.029000
4583   0.035400
4584   0.022100
4585   0.026600
4586   0.027000
4587   0.031700
4588   0.036200
4589   0.032700
4590   0.023700
4591   0.022000
4592   0.032900
4593   0.038100
4594   0.030200
4595   0.036100
4596   0.028400
4597   0.025600
4598   0.026900
4599   0.032100
4600   0.026700
4601   0.021000
4602   0.022900
4603   0.026300
4604   0.037100
4605   0.016500
4606   0.019900
4607   0.009400
4608   0.005200
4609   0.000200
4610   0.006900
4611   0.000200
4612   0.001800
4613  -0.002400
4614  -0.002300
4615  -0.000300
4616   0.002300
4617   0.001200
4618   0.010100
4619   0.011400
4620   0.010300
4621   0.007500
4622  -0.008200
4623  -0.003000
4624  -0.003900
4625  -0.006400
4626   0.001700
4627   0.011700
4628  -0.005600
4629  -0.009500
4630  -0.008200
4631  -0.009300
4632  -0.012600
4633  -0.010300
4634  -0.008900
4635  -0.010700
4636  -0.006200
4637   0.000000
4638   0.009600
4639   0.011800
4640   0.010600
4641   0.008000
4642   0.008300
4643   0.012500
4644   0.009100
4645   0.003500
4646  -0.018500
4647  -0.019800
4648  -0.022100
4649  -0.020100
4650  -0.012900
4651  -0.016000
4652  -0.025300
4653  -0.032700
4654  -0.020800
4655  -0.016300
4656  -0.017300
4657  -0.010800
4658  -0.014800
4659  -0.017400
4660  -0.011700
4661  -0.013400
4662  -0.004300
4663  -0.002000
4664  -0.006500
4665  -0.007000
4666  -0.010200
4667  -0.010900
4668   0.006900
4669  -0.001100
4670   0.000800
4671   0.014200
4672   0.017300
4673   0.015400
4674   0.022700
4675   0.017400
4676   0.014800
4677   0.016100
4678   0.014900
4679   0.018300
4680   0.013700
4681   0.019500
4682   0.016200
4683   0.023200
4684   0.027400
4685   0.017800
4686   0.021600
4687   0.016600
4688   0.014800
4689   0.022800
4690   0.013000
4691   0.010800
4692   0.006700
4693   0.010600
4694   0.014100
4695   0.003800
4696   0.010600
4697   0.017500
4698   0.008700
4699   0.008700
4700   0.018200
4701   0.011800
4702   0.003100
4703  -0.000700
4704   0.000600
4705  -0.011300
4706  -0.000700
4707  -0.000300
4708  -0.003600
4709   0.005100
4710   0.003700
4711   0.008600
4712   0.016300
4713   0.014400
4714   0.017300
4715   0.027400
4716   0.024900
4717   0.021900
4718   0.014500
4719   0.016800
4720   0.021100
4721   0.014100
4722   0.016700
4723   0.008900
4724   0.004100
4725   0.005100
4726   0.013100
4727   0.020300
4728   0.012300
4729   0.013700
4730   0.017400
4731   0.011900
4732   0.018400
4733   0.017100
4734  -0.000400
4735  -0.003100
4736  -0.000600
4737  -0.007700
4738  -0.011300
4739  -0.008000
4740   0.001500
4741   0.010100
4742   0.013300
4743   0.010800
4744   0.017500
4745   0.019700
4746   0.016300
4747   0.019900
4748   0.010500
4749   0.011400
4750   0.003700
4751  -0.005200
4752  -0.013200
4753  -0.004800
4754  -0.009900
4755  -0.008500
4756  -0.016400
4757  -0.020700
4758  -0.015900
4759  -0.020000
4760  -0.014400
4761  -0.015300
4762  -0.017000
4763  -0.020200
4764  -0.010600
4765  -0.008300
4766  -0.012600
4767  -0.011400
4768  -0.010800
4769  -0.014400
4770  -0.008400
4771   0.003200
4772  -0.003200
4773  -0.007700
4774  -0.008300
4775  -0.009500
4776  -0.005600
4777  -0.004500
4778   0.006200
4779  -0.003300
4780  -0.007200
4781  -0.004400
4782  -0.010800
4783  -0.011100
4784  -0.004300
4785  -0.009600
4786  -0.009100
4787  -0.020700
4788  -0.020400
4789  -0.026300
4790  -0.012700
4791  -0.017500
4792  -0.016100
4793  -0.019600
4794  -0.007400
4795  -0.007000
4796  -0.008100
4797  -0.007000
4798  -0.004000
4799   0.003500
4800   0.009200
4801   0.000000
4802  -0.007300
4803  -0.003100
4804   0.002400
4805   0.004400
4806   0.006700
4807   0.011400
4808   0.008200
4809  -0.000100
4810  -0.010400
4811  -0.008200
4812  -0.001300
4813  -0.005400
4814  -0.003900
4815  -0.007300
4816  -0.007000
4817  -0.003000
4818   0.005600
4819  -0.001400
4820  -0.003600
4821  -0.002600
4822  -0.015500
4823  -0.004500
4824  -0.001500
4825   0.003800
4826   0.001800
4827  -0.000900
4828   0.001300
4829   0.001900
4830   0.008000
4831  -0.003400
4832  -0.000700
4833   0.005000
4834  -0.003800
4835  -0.013400
4836  -0.006600
4837  -0.011600
4838  -0.015100
4839  -0.016100
4840  -0.020900
4841  -0.015600
4842  -0.028400
4843  -0.029100
4844  -0.022800
4845  -0.024800
4846  -0.023300
4847  -0.021400
4848  -0.016200
4849  -0.013700
4850  -0.006700
4851   0.009100
4852   0.010500
4853   0.001800
4854  -0.005500
4855   0.011800
4856   0.013100
4857   0.028200
4858   0.026800
4859   0.025500
4860   0.031600
4861   0.037400
4862   0.044800
4863   0.052600
4864   0.058900
4865   0.045100
4866   0.049600
4867   0.036100
4868   0.042300
4869   0.038700
4870   0.032100
4871   0.023600
4872   0.030800
4873   0.016400
4874   0.009600
4875   0.010500
4876   0.003500
4877   0.007700
4878  -0.003100
4879   0.000200
4880   0.001200
4881   0.003300
4882   0.005100
4883  -0.005100
4884  -0.001100
4885   0.000200
4886   0.000900
4887   0.006800
4888   0.005000
4889  -0.006900
4890  -0.017300
4891  -0.012500
4892  -0.004700
4893   0.001500
4894   0.015600
4895   0.014700
4896   0.014600
4897   0.010500
4898   0.016100
4899   0.023300
4900   0.024600
4901   0.016600
4902   0.009800
4903   0.002000
4904   0.005000
4905   0.013900
4906   0.020400
4907   0.005500
4908   0.010000
4909   0.010500
4910   0.008300
4911   0.005400
4912   0.012200
4913   0.008900
4914   0.013300
4915   0.013600
4916   0.012000
4917   0.005800
4918   0.011100
4919   0.006800
4920   0.021500
4921   0.017300
4922   0.010500
4923   0.017000
4924   0.014200
4925   0.022900
4926   0.026000
4927   0.027300
4928   0.028100
4929   0.028600
4930   0.034500
4931   0.031300
4932   0.031000
4933   0.030200
4934   0.024900
4935   0.017400
4936   0.021500
4937   0.020700
4938   0.027800
4939   0.025800
4940   0.033200
4941   0.026800
4942   0.013800
4943   0.013800
4944   0.016800
4945   0.016400
4946   0.022200
4947   0.024400
4948   0.029500
4949   0.025100
4950   0.019500
4951   0.017200
4952   0.019900
4953   0.025600
4954   0.025200
4955   0.018400
4956   0.018900
4957   0.017800
4958   0.021500
4959   0.022600
4960   0.025100
4961   0.029200
4962   0.022600
4963   0.010500
4964   0.008900
4965   0.012500
4966   0.001800
4967   0.003000
4968   0.014100
4969   0.015400
4970   0.015400
4971   0.011900
4972   0.014700
4973   0.015800
4974   0.009900
4975   0.017300
4976   0.022900
4977   0.020900
4978   0.022200
4979   0.018700
4980   0.021600
4981   0.028400
4982   0.035600
4983   0.040100
4984   0.036200
4985   0.030900
4986   0.033000
4987   0.036600
4988   0.038900
4989   0.039500
4990   0.035800
4991   0.036500
4992   0.024200
4993   0.026600
4994   0.029000
4995   0.023000
4996   0.014900
4997   0.030800
4998   0.024000
4999   0.023300
5000   0.018100
5001   0.014500
5002   0.033500
5003   0.046100
5004   0.044700
5005   0.038000
5006   0.029200
5007   0.021700
5008   0.027300
5009   0.029500
5010   0.039200
5011   0.032500
5012   0.028600
5013   0.018800
5014   0.025200
5015   0.027500
5016   0.026000
5017   0.022000
5018   0.024400
5019   0.021900
5020   0.013700
5021   0.022100
5022   0.008600
5023   0.015600
5024   0.014800
5025   0.007800
5026   0.004000
5027   0.004300
5028   0.007900
5029   0.004800
5030   0.006000
5031   0.016100
5032   0.010700
5033   0.003100
5034   0.006700
5035   0.012500
5036   0.014100
5037   0.009300
5038   0.007200
5039  -0.010300
5040  -0.024400
5041  -0.026900
5042  -0.037600
5043  -0.026000
5044  -0.027700
5045  -0.021000
5046  -0.019800
5047  -0.013100
5048  -0.019000
5049  -0.021500
5050  -0.020000
5051  -0.022900
5052  -0.028000
5053  -0.032400
5054  -0.029500
5055  -0.024100
5056  -0.029500
5057  -0.028400
5058  -0.044500
5059  -0.041500
5060  -0.044200
5061  -0.052400
5062  -0.040600
5063  -0.035500
5064  -0.035300
5065  -0.032700
5066  -0.037900
5067  -0.042700
5068  -0.044900
5069  -0.040000
5070  -0.041200
5071  -0.043600
5072  -0.035700
5073  -0.031500
5074  -0.044300
5075  -0.041600
5076  -0.044400
5077  -0.040700
5078  -0.041900
5079  -0.040200
5080  -0.044000
5081  -0.043600
5082  -0.044400
5083  -0.039000
5084  -0.042900
5085  -0.051500
5086  -0.063700
5087  -0.069800
5088  -0.062700
5089  -0.060300
5090  -0.056600
5091  -0.048800
5092  -0.045800
5093  -0.051200
5094  -0.042400
5095  -0.046800
5096  -0.057400
5097  -0.049800
5098  -0.050000
5099  -0.045500
5100  -0.046900
5101  -0.039700
5102  -0.040500
5103  -0.041400
5104  -0.048400
5105  -0.047400
5106  -0.034700
5107  -0.040000
5108  -0.039400
5109  -0.049300
5110  -0.051800
5111  -0.051200
5112  -0.056300
5113  -0.056100
5114  -0.048600
5115  -0.044800
5116  -0.047200
5117  -0.040300
5118  -0.038200
5119  -0.036100
5120  -0.040900
5121  -0.031800
5122  -0.027500
5123  -0.033200
5124  -0.035700
5125  -0.038100
5126  -0.026400
5127  -0.020600
5128  -0.021600
5129  -0.016300
5130  -0.011000
5131  -0.018000
5132  -0.018400
5133  -0.023300
5134  -0.032800
5135  -0.037600
5136  -0.035800
5137  -0.035800
5138  -0.035800
5139  -0.019600
5140  -0.013900
5141  -0.013400
5142  -0.028400
5143  -0.031700
5144  -0.028300
5145  -0.031000
5146  -0.035900
5147  -0.031600
5148  -0.027000
5149  -0.026400
5150  -0.031700
5151  -0.033800
5152  -0.024100
5153  -0.029500
5154  -0.024800
5155  -0.031400
5156  -0.030800
5157  -0.031100
5158  -0.040500
5159  -0.027400
5160  -0.026400
5161  -0.030700
5162  -0.020600
5163  -0.005900
5164  -0.008800
5165  -0.015400
5166  -0.016700
5167  -0.013200
5168  -0.017300
5169  -0.016100
5170  -0.014400
5171  -0.024700
5172  -0.035200
5173  -0.025500
5174  -0.025100
5175  -0.014800
5176  -0.023300
5177  -0.022400
5178  -0.017900
5179  -0.003300
5180  -0.005600
5181  -0.005100
5182  -0.007000
5183   0.004000
5184   0.013700
5185   0.025100
5186   0.024200
5187   0.020800
5188   0.024000
5189   0.040400
5190   0.047500
5191   0.045600
5192   0.038900
5193   0.038200
5194   0.040800
5195   0.047000
5196   0.054300
5197   0.049100
5198   0.049500
5199   0.052500
5200   0.050300
5201   0.038500
5202   0.035600
5203   0.028600
5204   0.034000
5205   0.030700
5206   0.022900
5207   0.031000
5208   0.029800
5209   0.022800
5210   0.023500
5211   0.019800
5212   0.026900
5213   0.034900
5214   0.026000
5215   0.025800
5216   0.025300
5217   0.026700
5218   0.028900
5219   0.039100
5220   0.044400
5221   0.041200
5222   0.039300
5223   0.039200
5224   0.036200
5225   0.042000
5226   0.038700
5227   0.037400
5228   0.039500
5229   0.036900
5230   0.046300
5231   0.044400
5232   0.039200
5233   0.035600
5234   0.029600
5235   0.025300
5236   0.031200
5237   0.027500
5238   0.032900
5239   0.034500
5240   0.035700
5241   0.029000
5242   0.023100
5243   0.009200
5244   0.013000
5245   0.009800
5246   0.011500
5247   0.009900
5248  -0.003800
5249  -0.001300
5250  -0.004800
5251  -0.013700
5252   0.003600
5253   0.006200
5254   0.004500
5255  -0.005600
5256  -0.003800
5257   0.006500
5258   0.008300
5259   0.011700
5260   0.016600
5261   0.015400
5262   0.015500
5263   0.013600
5264   0.009700
5265   0.010300
5266   0.001300
5267   0.013500
5268   0.021200
5269   0.032000
5270   0.032300
5271   0.041700
5272   0.034200
5273   0.037600
5274   0.035600
5275   0.038000
5276   0.030600
5277   0.033700
5278   0.051800
5279   0.053100
5280   0.048000
5281   0.047900
5282   0.045700
5283   0.054500
5284   0.062700
5285   0.060000
5286   0.061000
5287   0.061300
5288   0.059400
5289   0.068800
5290   0.063800
5291   0.074300
5292   0.076700
5293   0.075600
5294   0.077600
5295   0.071700
5296   0.073500
5297   0.071400
5298   0.060200
5299   0.060200
5300   0.060500
5301   0.062000
5302   0.052600
5303   0.050800
5304   0.051900
5305   0.056800
5306   0.054000
5307   0.052300
5308   0.050900
5309   0.051500
5310   0.053400
5311   0.049000
5312   0.048300
5313   0.045000
5314   0.048900
5315   0.049900
5316   0.054800
5317   0.059000
5318   0.049100
5319   0.041200
5320   0.047300
5321   0.049200
5322   0.050200
5323   0.050600
5324   0.056600
5325   0.058600
5326   0.046400
5327   0.038400
5328   0.030300
5329   0.027200
5330   0.028600
5331   0.030200
5332   0.023700
5333   0.014900
5334   0.022100
5335   0.020700
5336   0.020400
5337   0.011500
5338   0.015300
5339   0.021000
5340   0.014900
5341   0.025000
5342   0.037300
5343   0.042200
5344   0.039300
5345   0.033300
5346   0.031900
5347   0.030300
5348   0.021400
5349   0.013500
5350   0.011500
5351   0.005800
5352   0.009800
5353   0.004400
5354   0.006000
5355  -0.005600
5356  -0.012100
5357  -0.005600
5358  -0.013200
5359  -0.004900
5360   0.000200
5361  -0.000300
5362   0.003600
5363   0.009800
5364   0.005000
5365   0.010800
5366   0.014100
5367   0.016500
5368   0.017800
5369   0.019000
5370   0.021900
5371   0.013600
5372   0.010400
5373   0.023200
5374   0.028700
5375   0.018800
5376   0.021900
5377   0.019300
5378   0.020700
5379   0.016800
5380   0.016600
5381   0.017700
5382   0.015500
5383   0.018200
5384   0.024600
5385   0.023000
5386   0.031500
5387   0.039000
5388   0.036900
5389   0.052100
5390   0.055600
5391   0.057100
5392   0.058200
5393   0.065400
5394   0.054000
5395   0.059700
5396   0.062400
5397   0.061000
5398   0.045300
5399   0.046400
5400   0.038900
5401   0.038500
5402   0.029600
5403   0.023900
5404   0.017700
5405   0.008000
5406   0.004200
5407  -0.002900
5408  -0.001100
5409  -0.003400
5410  -0.015600
5411  -0.026500
5412  -0.019300
5413  -0.011900
5414  -0.011600
5415  -0.022000
5416  -0.021600
5417  -0.006400
5418  -0.001500
5419   0.004800
5420   0.015900
5421   0.012600
5422   0.030800
5423   0.039400
5424   0.046900
5425   0.038200
5426   0.035500
5427   0.030800
5428   0.028200
5429   0.037300
5430   0.029700
5431   0.025300
5432   0.026400
5433   0.029000
5434   0.037600
5435   0.029600
5436   0.029400
5437   0.034800
5438   0.034200
5439   0.028800
5440   0.035800
5441   0.040500
5442   0.042300
5443   0.047100
5444   0.039300
5445   0.037700
5446   0.041500
5447   0.038800
5448   0.043300
5449   0.033100
5450   0.026800
5451   0.020100
5452   0.008500
5453   0.004400
5454   0.005300
5455  -0.003400
5456  -0.007600
5457  -0.010900
5458  -0.015400
5459  -0.011400
5460  -0.014500
5461  -0.012600
5462  -0.011800
5463  -0.008600
5464  -0.011700
5465  -0.004700
5466  -0.002700
5467  -0.014500
5468  -0.011000
5469  -0.010900
5470  -0.000300
5471  -0.002300
5472  -0.004000
5473  -0.003400
5474  -0.001300
5475   0.002100
5476   0.016100
5477   0.019300
5478   0.020500
5479   0.010800
5480   0.013900
5481   0.010800
5482   0.005200
5483   0.011000
5484   0.010500
5485   0.013100
5486   0.009900
5487   0.004200
5488   0.018500
5489   0.017500
5490   0.022100
5491   0.028400
5492   0.038400
5493   0.038700
5494   0.039500
5495   0.040600
5496   0.022800
5497   0.028600
5498   0.020900
5499   0.012000
5500   0.016300
5501   0.024800
5502   0.025300
5503   0.023200
5504   0.029400
5505   0.013800
5506   0.014600
5507   0.023600
5508   0.020500
5509   0.019300
5510   0.020200
5511   0.018300
5512   0.018500
5513   0.015300
5514   0.025200
5515   0.005300
5516   0.006900
5517   0.009300
5518   0.019000
5519   0.014700
5520   0.006800
5521   0.005400
5522   0.011600
5523   0.007800
5524   0.000100
5525  -0.008600
5526  -0.009200
5527  -0.007800
5528  -0.003400
5529  -0.006800
5530  -0.011400
5531  -0.007900
5532  -0.010700
5533  -0.007100
5534  -0.008600
5535   0.003500
5536   0.015600
5537   0.012400
5538   0.018100
5539   0.019600
5540   0.016800
5541   0.019200
5542   0.029500
5543   0.033200
5544   0.036600
5545   0.036300
5546   0.036500
5547   0.029400
5548   0.039900
5549   0.036400
5550   0.035900
5551   0.048000
5552   0.048200
5553   0.050300
5554   0.047900
5555   0.039400
5556   0.035400
5557   0.043700
5558   0.038700
5559   0.038900
5560   0.045900
5561   0.036900
5562   0.043000
5563   0.039400
5564   0.036000
5565   0.029500
5566   0.033400
5567   0.030900
5568   0.044500
5569   0.043600
5570   0.049800
5571   0.050300
5572   0.052600
5573   0.044400
5574   0.053600
5575   0.056700
5576   0.044500
5577   0.049500
5578   0.045000
5579   0.046500
5580   0.042600
5581   0.042800
5582   0.047100
5583   0.032100
5584   0.030200
5585   0.026000
5586   0.026700
5587   0.017700
5588   0.006200
5589   0.008900
5590   0.011800
5591   0.005600
5592   0.005000
5593   0.002600
5594   0.001200
5595   0.006000
5596  -0.001700
5597  -0.009900
5598  -0.011500
5599  -0.008500
5600  -0.003600
5601  -0.007900
5602  -0.012900
5603  -0.019200
5604  -0.021300
5605  -0.024700
5606  -0.032100
5607  -0.035500
5608  -0.035600
5609  -0.044900
5610  -0.044600
5611  -0.042500
5612  -0.042400
5613  -0.040500
5614  -0.049700
5615  -0.046700
5616  -0.048800
5617  -0.052300
5618  -0.046600
5619  -0.049200
5620  -0.053400
5621  -0.052400
5622  -0.038200
5623  -0.029400
5624  -0.027800
5625  -0.032900
5626  -0.037200
5627  -0.031500
5628  -0.018800
5629  -0.008800
5630  -0.008800
5631  -0.015800
5632  -0.014300
5633  -0.017100
5634  -0.008500
5635  -0.010700
5636  -0.005300
5637  -0.006900
5638  -0.006000
5639  -0.006700
5640  -0.011100
5641  -0.015300
5642  -0.005800
5643  -0.006900
5644  -0.003600
5645  -0.001000
5646  -0.002200
5647  -0.005800
5648  -0.010400
5649  -0.013300
5650  -0.014400
5651  -0.018300
5652  -0.013800
5653  -0.007300
5654  -0.005300
5655  -0.010600
5656  -0.006000
5657  -0.014700
5658  -0.022500
5659  -0.020600
5660  -0.014200
5661   0.002200
5662   0.001300
5663  -0.007400
5664  -0.012400
5665  -0.014000
5666  -0.010600
5667  -0.010200
5668  -0.010300
5669  -0.010300
5670  -0.007700
5671  -0.000600
5672   0.017200
5673   0.006100
5674  -0.000500
5675   0.001300
5676   0.003900
5677   0.007100
5678   0.009000
5679   0.010300
5680   0.011900
5681   0.005700
5682   0.004800
5683   0.009700
5684  -0.004700
5685  -0.002400
5686   0.010100
5687  -0.005600
5688  -0.009000
5689   0.005800
5690   0.009700
5691   0.010300
5692   0.001200
5693   0.000500
5694  -0.005600
5695  -0.011000
5696  -0.014700
5697  -0.019600
5698  -0.027000
5699  -0.032500
5700  -0.028500
5701  -0.016900
5702  -0.017000
5703  -0.009500
5704  -0.018000
5705  -0.020100
5706  -0.025200
5707  -0.036100
5708  -0.023600
5709  -0.028200
5710  -0.038900
5711  -0.048600
5712  -0.046300
5713  -0.047200
5714  -0.059000
5715  -0.061900
5716  -0.062200
5717  -0.063900
5718  -0.068500
5719  -0.082500
5720  -0.084800
5721  -0.090000
5722  -0.095100
5723  -0.097100
5724  -0.096200
5725  -0.095100
5726  -0.102600
5727  -0.102100
5728  -0.091500
5729  -0.086600
5730  -0.093800
5731  -0.091800
5732  -0.086000
5733  -0.094000
5734  -0.100500
5735  -0.110600
5736  -0.114300
5737  -0.112500
5738  -0.107100
5739  -0.109200
5740  -0.102000
5741  -0.103400
5742  -0.106100
5743  -0.110800
5744  -0.104700
5745  -0.098300
5746  -0.099300
5747  -0.098200
5748  -0.091800
5749  -0.103900
5750  -0.109100
5751  -0.110400
5752  -0.111400
5753  -0.111500
5754  -0.109300
5755  -0.105000
5756  -0.104300
5757  -0.094900
5758  -0.089600
5759  -0.090300
5760  -0.097400
5761  -0.089800
5762  -0.080100
5763  -0.083800
5764  -0.096900
5765  -0.090000
5766  -0.096300
5767  -0.100000
5768  -0.090100
5769  -0.090500
5770  -0.079000
5771  -0.090500
5772  -0.075200
5773  -0.085300
5774  -0.091400
5775  -0.092500
5776  -0.109000
5777  -0.108100
5778  -0.101900
5779  -0.102500
5780  -0.101000
5781  -0.103000
5782  -0.102100
5783  -0.105800
5784  -0.095300
5785  -0.085100
5786  -0.083500
5787  -0.081500
5788  -0.083300
5789  -0.081400
5790  -0.077400
5791  -0.074700
5792  -0.072700
5793  -0.070500
5794  -0.071000
5795  -0.068900
5796  -0.062800
5797  -0.075600
5798  -0.069500
5799  -0.072500
5800  -0.062500
5801  -0.058500
5802  -0.062500
5803  -0.062600
5804  -0.062800
5805  -0.062000
5806  -0.052900
5807  -0.052500
5808  -0.038500
5809  -0.040400
5810  -0.042600
5811  -0.047500
5812  -0.046500
5813  -0.049700
5814  -0.047600
5815  -0.044600
5816  -0.047800
5817  -0.031600
5818  -0.035700
5819  -0.031100
5820  -0.023800
5821  -0.025500
5822  -0.022600
5823  -0.029900
5824  -0.019900
5825  -0.022600
5826  -0.018800
5827  -0.014300
5828  -0.017900
5829  -0.009500
5830  -0.007800
5831  -0.003400
5832  -0.009100
5833  -0.010800
5834  -0.017300
5835  -0.014800
5836  -0.014900
5837  -0.005700
5838  -0.004300
5839  -0.011700
5840  -0.018100
5841  -0.015900
5842  -0.011100
5843  -0.002300
5844   0.010400
5845  -0.001800
5846  -0.004300
5847  -0.007300
5848  -0.005400
5849   0.001600
5850   0.004700
5851   0.002100
5852  -0.001700
5853   0.000100
5854  -0.003100
5855  -0.003400
5856  -0.012400
5857  -0.020900
5858  -0.027700
5859  -0.035800
5860  -0.031400
5861  -0.029500
5862  -0.023800
5863  -0.011000
5864  -0.015200
5865  -0.018100
5866  -0.015300
5867  -0.009900
5868  -0.011000
5869  -0.010700
5870  -0.000300
5871   0.006600
5872   0.007900
5873   0.011400
5874   0.019900
5875   0.010000
5876   0.004100
5877   0.005700
5878   0.012200
5879   0.005700
5880  -0.000400
5881  -0.006100
5882  -0.010700
5883  -0.013000
5884  -0.006400
5885  -0.009800
5886  -0.010000
5887  -0.006100
5888   0.000800
5889   0.000300
5890  -0.006700
5891  -0.016500
5892  -0.028200
5893  -0.032600
5894  -0.047700
5895  -0.048100
5896  -0.041300
5897  -0.045000
5898  -0.044300
5899  -0.044800
5900  -0.035800
5901  -0.033300
5902  -0.038600
5903  -0.043400
5904  -0.037500
5905  -0.051600
5906  -0.044900
5907  -0.056000
5908  -0.042700
5909  -0.033300
5910  -0.023300
5911  -0.011200
5912  -0.018600
5913  -0.033200
5914  -0.024300
5915  -0.035200
5916  -0.031600
5917  -0.037900
5918  -0.043800
5919  -0.037000
5920  -0.045600
5921  -0.041200
5922  -0.048600
5923  -0.053500
5924  -0.052400
5925  -0.049600
5926  -0.056700
5927  -0.055700
5928  -0.046000
5929  -0.040600
5930  -0.036000
5931  -0.033800
5932  -0.027200
5933  -0.022900
5934  -0.026900
5935  -0.028700
5936  -0.031600
5937  -0.027300
5938  -0.023300
5939  -0.019300
5940  -0.022600
5941  -0.017300
5942  -0.001700
5943  -0.002900
5944   0.001400
5945  -0.003200
5946  -0.011300
5947  -0.017400
5948  -0.008300
5949  -0.013700
5950  -0.023400
5951  -0.030900
5952  -0.025900
5953  -0.029500
5954  -0.039100
5955  -0.031600
5956  -0.022900
5957  -0.023800
5958  -0.020100
5959  -0.010900
5960  -0.006100
5961  -0.006600
5962  -0.013100
5963  -0.011000
5964  -0.010000
5965  -0.006600
5966  -0.003200
5967   0.007100
5968   0.015200
5969   0.008300
5970   0.013500
5971   0.026900
5972   0.030600
5973   0.036300
5974   0.034300
5975   0.021800
5976   0.023800
5977   0.025600
5978   0.023300
5979   0.031400
5980   0.021000
5981   0.028500
5982   0.024100
5983   0.025600
5984   0.033900
5985   0.043400
5986   0.040200
5987   0.046300
5988   0.041600
5989   0.041000
5990   0.040000
5991   0.041800
5992   0.049200
5993   0.044200
5994   0.043400
5995   0.042500
5996   0.055500
5997   0.052300
5998   0.051000
5999   0.049700
6000   0.053500
6001   0.053500
6002   0.057000
6003   0.057800
6004   0.052800
6005   0.056200
6006   0.055800
6007   0.050200
6008   0.039400
6009   0.034100
6010   0.034000
6011   0.021800
6012   0.021500
6013   0.021800
6014   0.022700
6015   0.034200
6016   0.026200
6017   0.036400
6018   0.039900
6019   0.027300
6020   0.020900
6021   0.004200
6022   0.003500
6023   0.000500
6024  -0.001300
6025   0.001500
6026   0.013800
6027   0.017900
6028   0.026300
6029   0.024100
6030   0.012600
6031   0.012300
6032   0.017200
6033   0.022900
6034   0.027000
6035   0.021600
6036   0.021100
6037   0.015100
6038   0.017600
6039   0.018300
6040   0.017400
6041   0.010100
6042   0.009500
6043   0.009800
6044   0.020700
6045   0.022400
6046   0.011300
6047  -0.003700
6048  -0.002100
6049   0.008500
6050   0.010100
6051   0.013600
6052   0.010400
6053   0.013200
6054   0.019400
6055   0.017200
6056   0.020100
6057   0.016300
6058   0.013400
6059   0.011400
6060   0.007300
6061   0.009200
6062   0.017200
6063   0.023300
6064   0.025000
6065   0.023400
6066   0.020400
6067   0.009600
6068   0.011500
6069   0.024200
6070   0.031300
6071   0.037800
6072   0.030700
6073   0.029000
6074   0.037200
6075   0.031700
6076   0.038900
6077   0.045900
6078   0.047100
6079   0.041200
6080   0.036300
6081   0.031900
6082   0.025300
6083   0.028400
6084   0.036300
6085   0.040500
6086   0.036800
6087   0.030900
6088   0.028800
6089   0.025800
6090   0.022700
6091   0.027500
6092   0.035000
6093   0.025700
6094   0.024600
6095   0.026500
6096   0.029200
6097   0.019300
6098   0.027700
6099   0.028500
6100   0.028900
6101   0.029900
6102   0.016400
6103   0.017300
6104   0.007300
6105   0.004600
6106   0.007200
6107   0.023700
6108   0.025400
6109   0.027800
6110   0.018200
6111   0.020100
6112   0.027900
6113   0.026400
6114   0.032200
6115   0.038100
6116   0.036500
6117   0.036600
6118   0.041500
6119   0.040600
6120   0.039600
6121   0.043500
6122   0.049900
6123   0.042400
6124   0.044800
6125   0.040800
6126   0.048900
6127   0.068900
6128   0.070400
6129   0.065900
6130   0.065300
6131   0.071900
6132   0.071500
6133   0.071700
6134   0.082100
6135   0.074700
6136   0.076700
6137   0.085300
6138   0.088000
6139   0.092200
6140   0.098600
6141   0.096300
6142   0.088000
6143   0.091700
6144   0.086900
6145   0.080300
6146   0.075900
6147   0.075200
6148   0.068700
6149   0.082500
6150   0.077600
6151   0.067000
6152   0.073900
6153   0.083300
6154   0.091600
6155   0.095200
6156   0.092600
6157   0.089400
6158   0.091100
6159   0.089600
6160   0.096500
6161   0.101500
6162   0.107700
6163   0.108200
6164   0.115200
6165   0.123600
6166   0.131600
6167   0.133100
6168   0.140800
6169   0.141100
6170   0.137400
6171   0.129500
6172   0.120300
6173   0.116600
6174   0.118000
6175   0.121700
6176   0.121900
6177   0.113800
6178   0.118800
6179   0.116700
6180   0.113100
6181   0.103600
6182   0.112500
6183   0.111800
6184   0.107200
6185   0.104000
6186   0.094700
6187   0.094500
6188   0.097800
6189   0.098100
6190   0.091200
6191   0.101000
6192   0.096000
6193   0.081700
6194   0.081400
6195   0.070700
6196   0.061700
6197   0.056600
6198   0.064200
6199   0.070900
6200   0.074500
6201   0.071400
6202   0.071000
6203   0.074500
6204   0.075300
6205   0.081200
6206   0.092100
6207   0.091900
6208   0.093100
6209   0.095400
6210   0.087100
6211   0.076300
6212   0.076900
6213   0.070700
6214   0.060800
6215   0.063800
6216   0.063800
6217   0.066800
6218   0.074000
6219   0.083000
6220   0.075100
6221   0.073600
6222   0.092100
6223   0.093700
6224   0.094700
6225   0.080400
6226   0.067400
6227   0.063800
6228   0.062200
6229   0.069900
6230   0.057000
6231   0.064900
6232   0.066300
6233   0.052100
6234   0.053700
6235   0.053500
6236   0.045300
6237   0.047400
6238   0.046700
6239   0.058000
6240   0.066200
6241   0.071400
6242   0.084800
6243   0.087900
6244   0.086100
6245   0.089500
6246   0.091800
6247   0.094100
6248   0.095500
6249   0.087700
6250   0.072900
6251   0.068500
6252   0.069500
6253   0.071500
6254   0.067600
6255   0.075600
6256   0.079600
6257   0.077900
6258   0.075200
6259   0.070100
6260   0.082400
6261   0.084000
6262   0.072600
6263   0.069800
6264   0.063100
6265   0.059300
6266   0.065800
6267   0.070400
6268   0.071400
6269   0.069200
6270   0.059800
6271   0.055300
6272   0.059000
6273   0.056200
6274   0.054500
6275   0.044400
6276   0.046600
6277   0.036300
6278   0.039000
6279   0.042000
6280   0.041100
6281   0.039800
6282   0.033100
6283   0.031600
6284   0.032400
6285   0.044300
6286   0.040700
6287   0.037000
6288   0.032500
6289   0.031300
6290   0.030800
6291   0.030900
6292   0.036000
6293   0.028400
6294   0.027300
6295   0.033700
6296   0.025800
6297   0.011800
6298   0.014700
6299   0.015900
6300   0.019400
6301   0.016600
6302   0.018900
6303   0.029000
6304   0.016400
6305   0.009100
6306   0.004700
6307   0.007300
6308   0.003900
6309   0.004200
6310  -0.005100
6311  -0.013600
6312  -0.013900
6313  -0.013900
6314  -0.027700
6315  -0.023300
6316  -0.027900
6317  -0.036800
6318  -0.033700
6319  -0.034000
6320  -0.040500
6321  -0.044000
6322  -0.036800
6323  -0.031100
6324  -0.046000
6325  -0.040100
6326  -0.049100
6327  -0.051200
6328  -0.061400
6329  -0.070600
6330  -0.070100
6331  -0.076600
6332  -0.074300
6333  -0.065600
6334  -0.067000
6335  -0.073900
6336  -0.072000
6337  -0.063000
6338  -0.066400
6339  -0.066500
6340  -0.065600
6341  -0.062900
6342  -0.064000
6343  -0.068900
6344  -0.069500
6345  -0.066700
6346  -0.061700
6347  -0.048300
6348  -0.043700
6349  -0.028400
6350  -0.027500
6351  -0.027100
6352  -0.027600
6353  -0.030800
6354  -0.032900
6355  -0.039900
6356  -0.051600
6357  -0.051900
6358  -0.052400
6359  -0.045200
6360  -0.042200
6361  -0.053600
6362  -0.057300
6363  -0.058400
6364  -0.066400
6365  -0.066500
6366  -0.067800
6367  -0.064700
6368  -0.061700
6369  -0.072200
6370  -0.071800
6371  -0.070800
6372  -0.086900
6373  -0.073800
6374  -0.071200
6375  -0.074300
6376  -0.086800
6377  -0.085200
6378  -0.079100
6379  -0.076900
6380  -0.075700
6381  -0.070900
6382  -0.073100
6383  -0.076400
6384  -0.077200
6385  -0.082600
6386  -0.071000
6387  -0.077100
6388  -0.068000
6389  -0.066800
6390  -0.066300
6391  -0.074000
6392  -0.062900
6393  -0.054500
6394  -0.055600
6395  -0.055000
6396  -0.064800
6397  -0.072800
6398  -0.065700
6399  -0.065400
6400  -0.057200
6401  -0.051600
6402  -0.046200
6403  -0.040000
6404  -0.033900
6405  -0.040300
6406  -0.039400
6407  -0.049000
6408  -0.052300
6409  -0.057000
6410  -0.050700
6411  -0.063600
6412  -0.075700
6413  -0.061800
6414  -0.053900
6415  -0.043700
6416  -0.046800
6417  -0.042600
6418  -0.039100
6419  -0.042600
6420  -0.038100
6421  -0.037100
6422  -0.033700
6423  -0.039100
6424  -0.032400
6425  -0.035500
6426  -0.026700
6427  -0.025800
6428  -0.030600
6429  -0.024600
6430  -0.016100
6431  -0.018000
6432  -0.018500
6433  -0.017400
6434  -0.021000
6435  -0.017400
6436  -0.019800
6437  -0.018300
6438  -0.008700
6439  -0.002100
6440  -0.005000
6441  -0.001700
6442  -0.005300
6443   0.000200
6444   0.002800
6445  -0.001600
6446  -0.006000
6447  -0.004900
6448  -0.023000
6449  -0.026700
6450  -0.032500
6451  -0.037000
6452  -0.032500
6453  -0.026900
6454  -0.023300
6455  -0.026700
6456  -0.021700
6457  -0.017900
6458  -0.017900
6459  -0.003300
6460  -0.013700
6461  -0.013100
6462  -0.026400
6463  -0.026200
6464  -0.030100
6465  -0.019100
6466  -0.001600
6467  -0.004500
6468  -0.009200
6469  -0.013500
6470  -0.008800
6471  -0.002500
6472  -0.009500
6473  -0.018700
6474  -0.016300
6475  -0.007900
6476  -0.015500
6477  -0.018300
6478  -0.021800
6479  -0.028600
6480  -0.031400
6481  -0.034800
6482  -0.031400
6483  -0.017700
6484  -0.021500
6485  -0.008800
6486  -0.006700
6487  -0.016700
6488  -0.015700
6489  -0.015800
6490  -0.011900
6491  -0.011200
6492  -0.010900
6493  -0.018800
6494  -0.014500
6495  -0.017100
6496  -0.021600
6497  -0.014200
6498  -0.004100
6499   0.001200
6500   0.008800
6501   0.007500
6502   0.006300
6503  -0.002500
6504   0.003700
6505   0.007100
6506   0.003800
6507   0.002100
6508   0.006600
6509   0.012900
6510   0.008500
6511   0.012700
6512   0.020100
6513   0.009400
6514   0.018600
6515   0.007800
6516   0.007600
6517   0.012700
6518   0.020000
6519   0.017400
6520   0.032300
6521   0.026300
6522   0.028100
6523   0.027800
6524   0.029600
6525   0.031000
6526   0.033100
6527   0.040800
6528   0.044000
6529   0.042200
6530   0.046500
6531   0.038900
6532   0.037500
6533   0.037200
6534   0.022600
6535   0.021900
6536   0.018200
6537   0.020400
6538   0.016700
6539   0.013500
6540   0.015200
6541   0.006900
6542   0.001800
6543  -0.001000
6544  -0.000500
6545   0.006200
6546   0.006400
6547   0.023500
6548   0.016500
6549   0.012500
6550   0.014100
6551   0.011300
6552   0.028600
6553   0.026400
6554   0.020100
6555   0.020400
6556   0.025700
6557   0.022600
6558   0.015500
6559   0.007500
6560   0.008100
6561   0.006200
6562   0.008000
6563   0.007900
6564   0.009600
6565   0.006500
6566  -0.003100
6567   0.004600
6568   0.004900
6569   0.002300
6570   0.002900
6571  -0.001500
6572   0.006400
6573   0.005500
6574   0.008400
6575   0.015300
6576   0.016200
6577   0.018400
6578   0.016000
6579   0.015300
6580   0.014400
6581   0.018900
6582   0.019400
6583   0.015500
6584   0.022700
6585   0.005800
6586   0.002800
6587  -0.005200
6588   0.004500
6589   0.005200
6590   0.006800
6591  -0.006100
6592  -0.008500
6593  -0.002900
6594  -0.005500
6595  -0.007100
6596  -0.011400
6597  -0.013300
6598  -0.013300
6599  -0.001900
6600  -0.009800
6601  -0.012100
6602  -0.014800
6603  -0.009200
6604  -0.012400
6605   0.003000
6606   0.008000
6607   0.012300
6608  -0.001900
6609  -0.010000
6610  -0.004200
6611  -0.012300
6612  -0.019300
6613  -0.015000
6614  -0.010600
6615  -0.018800
6616  -0.018600
6617  -0.018000
6618  -0.013000
6619  -0.005200
6620   0.000900
6621  -0.003800
6622   0.002700
6623   0.003400
6624   0.011100
6625   0.018100
6626   0.025400
6627   0.022800
6628   0.028600
6629   0.028700
6630   0.030100
6631   0.027700
6632   0.027000
6633   0.024700
6634   0.034000
6635   0.041000
6636   0.041900
6637   0.038400
6638   0.032800
6639   0.030700
6640   0.037000
6641   0.040500
6642   0.046100
6643   0.037200
6644   0.040100
6645   0.039800
6646   0.036500
6647   0.045200
6648   0.045900
6649   0.043700
6650   0.037100
6651   0.041400
6652   0.034700
6653   0.035100
6654   0.038100
6655   0.037700
6656   0.034800
6657   0.034700
6658   0.043300
6659   0.057200
6660   0.057000
6661   0.052300
6662   0.057300
6663   0.054800
6664   0.051900
6665   0.045200
6666   0.043000
6667   0.048300
6668   0.056100
6669   0.058300
6670   0.058600
6671   0.056400
6672   0.050500
6673   0.052200
6674   0.050700
6675   0.038200
6676   0.036600
6677   0.037900
6678   0.043100
6679   0.039900
6680   0.047300
6681   0.042400
6682   0.030900
6683   0.024800
6684   0.023700
6685   0.026100
6686   0.018400
6687   0.013500
6688   0.011200
6689   0.010400
6690   0.006600
6691   0.003100
6692   0.005100
6693   0.002700
6694  -0.001700
6695   0.001700
6696  -0.008300
6697  -0.013800
6698  -0.017000
6699  -0.021600
6700  -0.028300
6701  -0.018600
6702   0.001000
6703   0.008000
6704   0.003100
6705   0.002400
6706  -0.005900
6707  -0.007200
6708  -0.002600
6709  -0.005400
6710  -0.008900
6711  -0.000900
6712  -0.004900
6713   0.003400
6714   0.001800
6715   0.004200
6716   0.012200
6717   0.007500
6718   0.010200
6719   0.015500
6720   0.020300
6721   0.010400
6722   0.003400
6723  -0.003000
6724   0.003200
6725   0.004500
6726  -0.002600
6727  -0.002200
6728  -0.005500
6729  -0.006100
6730  -0.010100
6731   0.000200
6732   0.001900
6733   0.007500
6734  -0.000800
6735  -0.002400
6736   0.002300
6737   0.006700
6738   0.004300
6739   0.007100
6740  -0.004200
6741  -0.001600
6742  -0.009400
6743  -0.005900
6744  -0.013300
6745  -0.015900
6746  -0.018200
6747  -0.013000
6748  -0.009000
6749  -0.008900
6750  -0.013100
6751  -0.000600
6752   0.010000
6753  -0.004800
6754   0.004900
6755   0.004900
6756   0.004300
6757  -0.007700
6758  -0.013200
6759  -0.015700
6760  -0.004100
6761   0.006200
6762   0.001400
6763  -0.009400
6764  -0.007400
6765  -0.010300
6766  -0.012100
6767  -0.006200
6768  -0.008000
6769  -0.014800
6770  -0.010200
6771  -0.016100
6772  -0.015600
6773  -0.010000
6774  -0.004200
6775  -0.003100
6776  -0.012400
6777  -0.007500
6778  -0.007600
6779  -0.016800
6780  -0.008100
6781  -0.008800
6782  -0.010200
6783  -0.015900
6784  -0.022300
6785  -0.023800
6786  -0.032500
6787  -0.016700
6788  -0.022000
6789  -0.022300
6790  -0.028300
6791  -0.029800
6792  -0.041700
6793  -0.052400
6794  -0.051600
6795  -0.043500
6796  -0.044000
6797  -0.047000
6798  -0.050400
6799  -0.051600
6800  -0.048200
6801  -0.047700
6802  -0.042800
6803  -0.027400
6804  -0.019900
6805  -0.019300
6806  -0.018000
6807  -0.018000
6808  -0.012100
6809  -0.004900
6810  -0.003100
6811  -0.000800
6812  -0.006900
6813  -0.008200
6814  -0.007200
6815  -0.002400
6816  -0.000600
6817   0.006100
6818   0.002000
6819   0.001200
6820   0.005900
6821   0.007000
6822   0.003000
6823   0.005700
6824   0.009700
6825   0.001600
6826  -0.005400
6827  -0.005500
6828   0.001800
6829   0.009700
6830   0.012900
6831   0.003600
6832   0.001300
6833  -0.011000
6834   0.002800
6835  -0.002000
6836   0.006200
6837  -0.007900
6838  -0.015600
6839  -0.013700
6840  -0.012100
6841  -0.009400
6842  -0.011100
6843  -0.006800
6844   0.002200
6845   0.008400
6846   0.010200
6847   0.009000
6848   0.017600
6849   0.017900
6850   0.013900
6851   0.016700
6852   0.020200
6853   0.027500
6854   0.031800
6855   0.032100
6856   0.035600
6857   0.038200
6858   0.043900
6859   0.047800
6860   0.051000
6861   0.062700
6862   0.062700
6863   0.073900
6864   0.070100
6865   0.067800
6866   0.057400
6867   0.068500
6868   0.056100
6869   0.064100
6870   0.052200
6871   0.047700
6872   0.048200
6873   0.039600
6874   0.034400
6875   0.028400
6876   0.018900
6877   0.015600
6878   0.016300
6879   0.023200
6880   0.020000
6881   0.025500
6882   0.016900
6883   0.017000
6884   0.021000
6885   0.018100
6886   0.019700
6887   0.031500
6888   0.028400
6889   0.030300
6890   0.034000
6891   0.030900
6892   0.021100
6893   0.007700
6894   0.002900
6895   0.007100
6896   0.012800
6897   0.021000
6898   0.033000
6899   0.037100
6900   0.033400
6901   0.027700
6902   0.020900
6903   0.008400
6904   0.014400
6905   0.006300
6906   0.019100
6907   0.024700
6908   0.026000
6909   0.028800
6910   0.027900
6911   0.028700
6912   0.029100
6913   0.032600
6914   0.040300
6915   0.043600
6916   0.038800
6917   0.043500
6918   0.048200
6919   0.054600
6920   0.045800
6921   0.041000
6922   0.050200
6923   0.063200
6924   0.057100
6925   0.059700
6926   0.066000
6927   0.061800
6928   0.062200
6929   0.071300
6930   0.073900
6931   0.074800
6932   0.076100
6933   0.079000
6934   0.078300
6935   0.083700
6936   0.084300
6937   0.084300
6938   0.089400
6939   0.075600
6940   0.083500
6941   0.082900
6942   0.081400
6943   0.071400
6944   0.081100
6945   0.081400
6946   0.085300
6947   0.080100
6948   0.082900
6949   0.085300
6950   0.081500
6951   0.079500
6952   0.071400
6953   0.071900
6954   0.080500
6955   0.079800
6956   0.075700
6957   0.077200
6958   0.076100
6959   0.083300
6960   0.078600
6961   0.071400
6962   0.075800
6963   0.085800
6964   0.086400
6965   0.092400
6966   0.102700
6967   0.089900
6968   0.089500
6969   0.082700
6970   0.086000
6971   0.085500
6972   0.077900
6973   0.066200
6974   0.057300
6975   0.055000
6976   0.059900
6977   0.062600
6978   0.055200
6979   0.056100
6980   0.050300
6981   0.051000
6982   0.051400
6983   0.047400
6984   0.050300
6985   0.054600
6986   0.056600
6987   0.052500
6988   0.049400
6989   0.055600
6990   0.060800
6991   0.058600
6992   0.056400
6993   0.044200
6994   0.043000
6995   0.045600
6996   0.052000
6997   0.046800
6998   0.043600
6999   0.041400
7000   0.036600
7001   0.039000
7002   0.035100
7003   0.041000
7004   0.034500
7005   0.024000
7006   0.021000
7007   0.017100
7008   0.029400
7009   0.035900
7010   0.046500
7011   0.044000
7012   0.049800
7013   0.037300
7014   0.035600
7015   0.033000
7016   0.035200
7017   0.032800
7018   0.029800
7019   0.032200
7020   0.027500
7021   0.035800
7022   0.025500
7023   0.030200
7024   0.035600
7025   0.027600
7026   0.022700
7027   0.024100
7028   0.027500
7029   0.038800
7030   0.045200
7031   0.053000
7032   0.055100
7033   0.060400
7034   0.064700
7035   0.064300
7036   0.054000
7037   0.059500
7038   0.049200
7039   0.047500
7040   0.049500
7041   0.044800
7042   0.050100
7043   0.043500
7044   0.048700
7045   0.050900
7046   0.054400
7047   0.061500
7048   0.063400
7049   0.061800
7050   0.059000
7051   0.054300
7052   0.054200
7053   0.041400
7054   0.045700
7055   0.044500
7056   0.050200
7057   0.051700
7058   0.056800
7059   0.064900
7060   0.065300
7061   0.058200
7062   0.053200
7063   0.052600
7064   0.043800
7065   0.046900
7066   0.044500
7067   0.042500
7068   0.039100
7069   0.058800
7070   0.059000
7071   0.056700
7072   0.051300
7073   0.058000
7074   0.051500
7075   0.053100
7076   0.049600
7077   0.049900
7078   0.045400
7079   0.030600
7080   0.037700
7081   0.040100
7082   0.041500
7083   0.044600
7084   0.051000
7085   0.054100
7086   0.055300
7087   0.055700
7088   0.057900
7089   0.056900
7090   0.066700
7091   0.078100
7092   0.079300
7093   0.076300
7094   0.071700
7095   0.077100
7096   0.070100
7097   0.070900
7098   0.074100
7099   0.073700
7100   0.064500
7101   0.062600
7102   0.057700
7103   0.055900
7104   0.050800
7105   0.046100
7106   0.046300
7107   0.050900
7108   0.055400
7109   0.050200
7110   0.067700
7111   0.065200
7112   0.065400
7113   0.062400
7114   0.059000
7115   0.056600
7116   0.051900
7117   0.060800
7118   0.054800
7119   0.056800
7120   0.058400
7121   0.062900
7122   0.054600
7123   0.063400
7124   0.063800
7125   0.073500
7126   0.085800
7127   0.085600
7128   0.089400
7129   0.081100
7130   0.079600
7131   0.080400
7132   0.079100
7133   0.074700
7134   0.068400
7135   0.063900
7136   0.066000
7137   0.073000
7138   0.068400
7139   0.069200
7140   0.081100
7141   0.083700
7142   0.077900
7143   0.072300
7144   0.072600
7145   0.068700
7146   0.068400
7147   0.069500
7148   0.070200
7149   0.068800
7150   0.068200
7151   0.061500
7152   0.074900
7153   0.073100
7154   0.084600
7155   0.081500
7156   0.092500
7157   0.087300
7158   0.089200
7159   0.092000
7160   0.082900
7161   0.089000
7162   0.083600
7163   0.075000
7164   0.071300
7165   0.066700
7166   0.061000
7167   0.059300
7168   0.052000
7169   0.055700
7170   0.054900
7171   0.073300
7172   0.067500
7173   0.063700
7174   0.063300
7175   0.056300
7176   0.050400
7177   0.039600
7178   0.040700
7179   0.049000
7180   0.045900
7181   0.048800
7182   0.041500
7183   0.045200
7184   0.045300
7185   0.044200
7186   0.046100
7187   0.041500
7188   0.048600
7189   0.053400
7190   0.053400
7191   0.045900
7192   0.044700
7193   0.037700
7194   0.024500
7195   0.037500
7196   0.045900
7197   0.047500
7198   0.051700
7199   0.043900
7200   0.049000
7201   0.036900
7202   0.037500
7203   0.032600
7204   0.027200
7205   0.024100
7206   0.024500
7207   0.029900
7208   0.042000
7209   0.035600
7210   0.025000
7211   0.020300
7212   0.017300
7213   0.020300
7214   0.021700
7215   0.022000
7216   0.030500
7217   0.026900
7218   0.020800
7219   0.024500
7220   0.023100
7221   0.019700
7222   0.016700
7223   0.016800
7224   0.008300
7225   0.011700
7226   0.012400
7227   0.008000
7228   0.010600
7229   0.002700
7230   0.002300
7231  -0.002700
7232   0.011400
7233   0.016700
7234   0.022900
7235   0.028000
7236   0.028100
7237   0.034700
7238   0.029000
7239   0.031500
7240   0.023100
7241   0.027900
7242   0.029700
7243   0.022200
7244   0.022100
7245   0.024900
7246   0.036500
7247   0.040800
7248   0.036400
7249   0.036100
7250   0.035400
7251   0.036500
7252   0.037600
7253   0.033700
7254   0.029400
7255   0.031200
7256   0.028500
7257   0.024200
7258   0.023300
7259   0.021900
7260   0.022900
7261   0.023600
7262   0.024800
7263   0.022500
7264   0.019500
7265   0.014100
7266   0.014800
7267   0.015700
7268   0.019400
7269   0.017900
7270   0.018000
7271   0.017600
7272   0.015000
7273   0.016000
7274   0.015700
7275   0.009800
7276   0.021400
7277   0.022200
7278   0.028700
7279   0.019400
7280   0.025400
7281   0.023700
7282   0.017200
7283   0.006700
7284   0.014100
7285   0.017900
7286   0.023600
7287   0.025400
7288   0.029300
7289   0.040700
7290   0.049800
7291   0.032300
7292   0.037300
7293   0.029600
7294   0.033200
7295   0.038400
7296   0.049100
7297   0.051500
7298   0.041900
7299   0.041500
7300   0.030600
7301   0.030500
7302   0.028100
7303   0.037200
7304   0.032100
7305   0.026300
7306   0.027800
7307   0.027800
7308   0.021800
7309   0.014800
7310   0.002800
7311  -0.000900
7312  -0.000400
7313   0.000800
7314  -0.001700
7315  -0.003900
7316   0.000800
7317   0.003100
7318   0.010800
7319   0.008900
7320   0.010000
7321   0.007000
7322  -0.004800
7323  -0.022400
7324  -0.028200
7325  -0.020800
7326  -0.023000
7327  -0.028400
7328  -0.025400
7329  -0.022400
7330  -0.032300
7331  -0.041100
7332  -0.039000
7333  -0.047900
7334  -0.051200
7335  -0.052100
7336  -0.053200
7337  -0.057000
7338  -0.044600
7339  -0.050200
7340  -0.051800
7341  -0.048300
7342  -0.046300
7343  -0.045300
7344  -0.044700
7345  -0.037500
7346  -0.034800
7347  -0.033800
7348  -0.035300
7349  -0.032100
7350  -0.036500
7351  -0.045900
7352  -0.048100
7353  -0.038000
7354  -0.030300
7355  -0.025400
7356  -0.017400
7357  -0.019600
7358  -0.026000
7359  -0.028000
7360  -0.028500
7361  -0.027700
7362  -0.026200
7363  -0.025400
7364  -0.025800
7365  -0.022700
7366  -0.017800
7367  -0.018800
7368  -0.020900
7369  -0.030600
7370  -0.034600
7371  -0.022800
7372  -0.011500
7373  -0.013300
7374  -0.007000
7375   0.005000
7376  -0.002300
7377  -0.007600
7378  -0.006800
7379  -0.004800
7380  -0.026400
7381  -0.026500
7382  -0.020800
7383  -0.025700
7384  -0.020800
7385  -0.023400
7386  -0.029600
7387  -0.035700
7388  -0.030900
7389  -0.032800
7390  -0.030800
7391  -0.022900
7392  -0.030500
7393  -0.027600
7394  -0.025900
7395  -0.033600
7396  -0.039000
7397  -0.041300
7398  -0.047800
7399  -0.051700
7400  -0.050200
7401  -0.059800
7402  -0.060500
7403  -0.053000
7404  -0.040300
7405  -0.041500
7406  -0.043700
7407  -0.048200
7408  -0.048700
7409  -0.048300
7410  -0.047400
7411  -0.046900
7412  -0.050100
7413  -0.050200
7414  -0.055700
7415  -0.062500
7416  -0.061200
7417  -0.058800
7418  -0.058100
7419  -0.054000
7420  -0.052000
7421  -0.045200
7422  -0.049700
7423  -0.050300
7424  -0.043100
7425  -0.040100
7426  -0.035900
7427  -0.028100
7428  -0.029500
7429  -0.034500
7430  -0.037400
7431  -0.037600
7432  -0.033700
7433  -0.030700
7434  -0.026200
7435  -0.030000
7436  -0.027100
7437  -0.025500
7438  -0.029400
7439  -0.027200
7440  -0.031500
7441  -0.020600
7442  -0.015400
7443  -0.011400
7444  -0.009700
7445  -0.007100
7446  -0.008600
7447  -0.004700
7448  -0.008400
7449  -0.008200
7450  -0.008400
7451  -0.012700
7452  -0.017800
7453  -0.010100
7454  -0.003300
7455  -0.007100
7456  -0.008600
7457  -0.019300
7458  -0.014100
7459  -0.006500
7460  -0.008400
7461  -0.002600
7462  -0.003600
7463   0.000400
7464   0.002100
7465   0.008500
7466   0.011900
7467   0.025400
7468   0.034000
7469   0.027600
7470   0.026600
7471   0.033000
7472   0.037500
7473   0.027700
7474   0.021000
7475   0.017900
7476   0.015700
7477   0.018900
7478   0.013400
7479   0.014400
7480   0.015800
7481   0.014900
7482   0.018300
7483   0.012300
7484   0.007700
7485  -0.001700
7486  -0.006900
7487   0.006300
7488   0.009100
7489   0.024700
7490   0.033000
7491   0.025400
7492   0.011900
7493   0.024700
7494   0.020900
7495   0.027400
7496   0.028300
7497   0.044800
7498   0.041400
7499   0.025900
7500   0.031400
7501   0.037400
7502   0.049200
7503   0.037100
7504   0.039700
7505   0.039100
7506   0.036000
7507   0.030200
7508   0.034400
7509   0.026600
7510   0.023500
7511   0.030200
7512   0.031800
7513   0.028800
7514   0.031100
7515   0.034300
7516   0.034700
7517   0.034600
7518   0.062300
7519   0.076700
7520   0.067700
7521   0.063500
7522   0.064000
7523   0.067700
7524   0.066500
7525   0.062600
7526   0.067900
7527   0.063800
7528   0.059800
7529   0.069200
7530   0.065800
7531   0.071600
7532   0.071800
7533   0.076300
7534   0.075200
7535   0.073400
7536   0.071400
7537   0.063300
7538   0.066000
7539   0.069600
7540   0.063600
7541   0.059500
7542   0.054200
7543   0.053700
7544   0.050700
7545   0.044600
7546   0.043000
7547   0.046300
7548   0.043800
7549   0.045100
7550   0.046800
7551   0.047800
7552   0.039700
7553   0.051400
7554   0.039700
7555   0.040500
7556   0.042200
7557   0.038600
7558   0.037700
7559   0.036900
7560   0.037600
7561   0.043200
7562   0.053000
7563   0.048900
7564   0.047800
7565   0.051800
7566   0.057000
7567   0.069800
7568   0.082600
7569   0.086500
7570   0.089400
7571   0.087600
7572   0.090400
7573   0.086600
7574   0.088700
7575   0.093400
7576   0.100700
7577   0.090000
7578   0.076600
7579   0.078700
7580   0.080700
7581   0.083200
7582   0.074800
7583   0.071200
7584   0.056300
7585   0.046900
7586   0.052100
7587   0.048200
7588   0.054100
7589   0.047300
7590   0.043100
7591   0.041600
7592   0.043300
7593   0.039400
7594   0.031000
7595   0.036600
7596   0.034500
7597   0.038300
7598   0.044400
7599   0.048900
7600   0.034400
7601   0.028700
7602   0.030500
7603   0.034900
7604   0.030800
7605   0.030600
7606   0.032700
7607   0.033400
7608   0.036200
7609   0.025900
7610   0.024200
7611   0.014100
7612   0.009600
7613   0.006500
7614   0.012000
7615   0.006000
7616   0.000200
7617  -0.004700
7618   0.002700
7619   0.006900
7620   0.006600
7621  -0.005000
7622  -0.003000
7623  -0.007400
7624  -0.002800
7625  -0.005200
7626   0.000200
7627   0.012400
7628   0.007300
7629  -0.000100
7630  -0.005200
7631  -0.006700
7632   0.005200
7633   0.012500
7634   0.009400
7635   0.017600
7636   0.022700
7637   0.026500
7638   0.023400
7639   0.027400
7640   0.032900
7641   0.040600
7642   0.037500
7643   0.024700
7644   0.024000
7645   0.007600
7646   0.007500
7647   0.004700
7648   0.005800
7649   0.001300
7650   0.007200
7651   0.001200
7652   0.020300
7653   0.020200
7654   0.027800
7655   0.030100
7656   0.039300
7657   0.044000
7658   0.051400
7659   0.046600
7660   0.053600
7661   0.061000
7662   0.063400
7663   0.064600
7664   0.061800
7665   0.060800
7666   0.054200
7667   0.064200
7668   0.052500
7669   0.041500
7670   0.034000
7671   0.036400
7672   0.038700
7673   0.038500
7674   0.035400
7675   0.024900
7676   0.025700
7677   0.028800
7678   0.033700
7679   0.031000
7680   0.038600
7681   0.042600
7682   0.052000
7683   0.051900
7684   0.051400
7685   0.059700
7686   0.053800
7687   0.056000
7688   0.047800
7689   0.048400
7690   0.058600
7691   0.073500
7692   0.071600
7693   0.080800
7694   0.084500
7695   0.081500
7696   0.078100
7697   0.072400
7698   0.077400
7699   0.073000
7700   0.065100
7701   0.072100
7702   0.072100
7703   0.089000
7704   0.095300
7705   0.090700
7706   0.091600
7707   0.091400
7708   0.088700
7709   0.081800
7710   0.081700
7711   0.077700
7712   0.086900
7713   0.097300
7714   0.091600
7715   0.092600
7716   0.091500
7717   0.089000
7718   0.085500
7719   0.088300
7720   0.090000
7721   0.093000
7722   0.101000
7723   0.111600
7724   0.107900
7725   0.108800
7726   0.103400
7727   0.114600
7728   0.107100
7729   0.119200
7730   0.116800
7731   0.122700
7732   0.120000
7733   0.113500
7734   0.110000
7735   0.103100
7736   0.107800
7737   0.108200
7738   0.110600
7739   0.092800
7740   0.087200
7741   0.069000
7742   0.072600
7743   0.072700
7744   0.066300
7745   0.052000
7746   0.056800
7747   0.054500
7748   0.065200
7749   0.057500
7750   0.057600
7751   0.050700
7752   0.039500
7753   0.052800
7754   0.042400
7755   0.045000
7756   0.050200
7757   0.034200
7758   0.034000
7759   0.032700
7760   0.032800
7761   0.029400
7762   0.032000
7763   0.049000
7764   0.057500
7765   0.058700
7766   0.054300
7767   0.045200
7768   0.043300
7769   0.039500
7770   0.027700
7771   0.037100
7772   0.038700
7773   0.045400
7774   0.048100
7775   0.052000
7776   0.040900
7777   0.038800
7778   0.040600
7779   0.046900
7780   0.042300
7781   0.037600
7782   0.034200
7783   0.039700
7784   0.041000
7785   0.038400
7786   0.039300
7787   0.035700
7788   0.040000
7789   0.036900
7790   0.025600
7791   0.023300
7792   0.033500
7793   0.028100
7794   0.033100
7795   0.026400
7796   0.023600
7797   0.021400
7798   0.026400
7799   0.017400
7800   0.017800
7801   0.027400
7802   0.022200
7803   0.031400
7804   0.037500
7805   0.040000
7806   0.041300
7807   0.039700
7808   0.032800
7809   0.027500
7810   0.021100
7811   0.032500
7812   0.028400
7813   0.029700
7814   0.028000
7815   0.031000
7816   0.018100
7817   0.016600
7818   0.029300
7819   0.029200
7820   0.025500
7821   0.013500
7822   0.026400
7823   0.025500
7824   0.032800
7825   0.033900
7826   0.041100
7827   0.027200
7828   0.024100
7829   0.020700
7830   0.011700
7831   0.023400
7832   0.012500
7833   0.011200
7834   0.022000
7835   0.028000
7836   0.035700
7837   0.033800
7838   0.043400
7839   0.048400
7840   0.044600
7841   0.056800
7842   0.052200
7843   0.057400
7844   0.063500
7845   0.067300
7846   0.073600
7847   0.074800
7848   0.077700
7849   0.074700
7850   0.084000
7851   0.082400
7852   0.074700
7853   0.075000
7854   0.077700
7855   0.083200
7856   0.094200
7857   0.088800
7858   0.079000
7859   0.071400
7860   0.064000
7861   0.060000
7862   0.064000
7863   0.066500
7864   0.065800
7865   0.063500
7866   0.062000
7867   0.060200
7868   0.059200
7869   0.048800
7870   0.044400
7871   0.054900
7872   0.049600
7873   0.042500
7874   0.051700
7875   0.063600
7876   0.074900
7877   0.070000
7878   0.055700
7879   0.051700
7880   0.049400
7881   0.045700
7882   0.034800
7883   0.041300
7884   0.046300
7885   0.051200
7886   0.045900
7887   0.041200
7888   0.044800
7889   0.032300
7890   0.031400
7891   0.022600
7892   0.021700
7893   0.027600
7894   0.023100
7895   0.024800
7896   0.031700
7897   0.033500
7898   0.027000
7899   0.025700
7900   0.041600
7901   0.037800
7902   0.048500
7903   0.045900
7904   0.034000
7905   0.023500
7906   0.031300
7907   0.030000
7908   0.032200
7909   0.028000
7910   0.023300
7911   0.015900
7912   0.027600
7913   0.011100
7914  -0.000700
7915  -0.000100
7916  -0.002800
7917  -0.002900
7918  -0.007300
7919  -0.007500
7920  -0.006600
7921  -0.015800
7922  -0.023200
7923  -0.024700
7924  -0.021300
7925  -0.022400
7926  -0.016000
7927  -0.005800
7928  -0.008300
7929  -0.004800
7930   0.007000
7931   0.005400
7932   0.005100
7933   0.003700
7934   0.004000
7935   0.001300
7936   0.005200
7937   0.015800
7938   0.017800
7939   0.017300
7940   0.016500
7941   0.017200
7942   0.026900
7943   0.009900
7944   0.009200
7945   0.011200
7946   0.006800
7947   0.004500
7948   0.011600
7949   0.016500
7950   0.013300
7951   0.009000
7952   0.014600
7953   0.023300
7954   0.024100
7955   0.031500
7956   0.032600
7957   0.035000
7958   0.036900
7959   0.039800
7960   0.036700
7961   0.038500
7962   0.040900
7963   0.044700
7964   0.031700
7965   0.042100
7966   0.044100
7967   0.056600
7968   0.057100
7969   0.069400
7970   0.058900
7971   0.044800
7972   0.037400
7973   0.049700
7974   0.048800
7975   0.053600
7976   0.042500
7977   0.043600
7978   0.035500
7979   0.026200
7980   0.017200
7981   0.011300
7982   0.016500
7983   0.027300
7984   0.022900
7985   0.015500
7986   0.010400
7987   0.010300
7988   0.012600
7989   0.005400
7990   0.007500
7991   0.018700
7992   0.023400
7993   0.022100
7994   0.022100
7995   0.023800
7996   0.033100
7997   0.024300
7998   0.020100
7999   0.019300
8000   0.016600
8001   0.026900
8002   0.026600
8003   0.024300
8004   0.019500
8005   0.012400
8006   0.031700
8007   0.026700
8008   0.037700
8009   0.039500
8010   0.036200
8011   0.025300
8012   0.016700
8013   0.006600
8014   0.014100
8015   0.018500
8016   0.023000
8017   0.018600
8018   0.017500
8019   0.008000
8020   0.005900
8021   0.019200
8022   0.020800
8023   0.017400
8024  -0.001200
8025   0.003600
8026   0.010700
8027   0.019300
8028   0.016100
8029   0.018800
8030   0.012700
8031   0.032100
8032   0.038800
8033   0.038400
8034   0.034500
8035   0.023900
8036   0.018700
8037   0.019900
8038   0.010800
8039   0.007500
8040   0.014600
8041   0.016800
8042   0.015000
8043   0.011200
8044   0.005100
8045   0.003400
8046   0.004400
8047   0.006800
8048   0.005500
8049   0.008200
8050   0.002900
8051  -0.001500
8052  -0.006500
8053   0.001100
8054   0.013700
8055   0.013400
8056   0.015800
8057   0.029300
8058   0.033300
8059   0.018400
8060   0.025200
8061   0.023000
8062   0.025200
8063   0.032200
8064   0.033600
8065   0.037900
8066   0.035600
8067   0.035700
8068   0.035400
8069   0.039600
8070   0.039200
8071   0.034000
8072   0.026300
8073   0.032300
8074   0.030000
8075   0.031500
8076   0.032100
8077   0.038500
8078   0.045600
8079   0.037300
8080   0.035400
8081   0.037900
8082   0.037300
8083   0.037900
8084   0.035400
8085   0.031300
8086   0.042300
8087   0.043900
8088   0.042300
8089   0.045700
8090   0.057900
8091   0.050000
8092   0.044500
8093   0.038700
8094   0.046700
8095   0.041900
8096   0.036800
8097   0.037500
8098   0.034500
8099   0.043900
8100   0.038100
8101   0.033700
8102   0.027300
8103   0.027400
8104   0.025100
8105   0.031400
8106   0.030500
8107   0.036700
8108   0.040100
8109   0.036100
8110   0.031600
8111   0.017400
8112   0.016900
8113   0.029000
8114   0.042500
8115   0.045000
8116   0.051100
8117   0.053800
8118   0.058800
8119   0.053200
8120   0.054800
8121   0.046000
8122   0.054900
8123   0.048200
8124   0.054100
8125   0.066500
8126   0.061800
8127   0.067700
8128   0.062200
8129   0.062700
8130   0.072300
8131   0.065200
8132   0.050700
8133   0.042800
8134   0.045000
8135   0.033500
8136   0.041200
8137   0.047000
8138   0.053800
8139   0.062500
8140   0.059100
8141   0.055800
8142   0.054800
8143   0.042700
8144   0.051700
8145   0.053500
8146   0.057900
8147   0.058500
8148   0.055200
8149   0.052500
8150   0.055100
8151   0.055400
8152   0.057400
8153   0.056500
8154   0.054000
8155   0.048200
8156   0.043600
8157   0.049200
8158   0.049100
8159   0.054600
8160   0.043700
8161   0.034700
8162   0.032000
8163   0.033400
8164   0.031400
8165   0.020600
8166   0.025100
8167   0.016900
8168   0.018800
8169   0.026300
8170   0.020300
8171   0.013600
8172   0.004200
8173   0.003700
8174   0.004100
8175   0.010000
8176   0.015100
8177  -0.001000
8178  -0.002000
8179   0.007000
8180   0.000400
8181   0.008100
8182   0.007400
8183   0.007900
8184   0.015900
8185   0.025400
8186   0.022200
8187   0.019100
8188   0.019000
8189   0.015800
8190   0.017900
8191   0.028000
8192   0.033800
8193   0.027000
8194   0.021300
8195   0.020400
8196   0.017900
8197   0.016600
8198   0.018000
8199   0.008300
8200   0.010300
8201   0.002500
8202   0.005700
8203   0.000100
8204   0.008700
8205   0.020400
8206   0.019700
8207   0.026400
8208   0.021200
8209   0.022700
8210   0.018300
8211   0.024000
8212   0.026000
8213   0.024500
8214   0.017900
8215   0.025200
8216   0.016800
8217   0.020200
8218   0.020500
8219   0.010900
8220   0.012000
8221   0.020600
8222   0.011400
8223   0.013500
8224   0.014200
8225   0.012900
8226   0.019300
8227   0.026000
8228   0.025300
8229   0.021200
8230   0.020900
8231   0.025100
8232   0.033300
8233   0.033800
8234   0.027200
8235   0.016800
8236   0.021300
8237   0.016600
8238   0.024800
8239   0.032900
8240   0.023600
8241   0.030100
8242   0.037800
8243   0.037900
8244   0.040400
8245   0.043400
8246   0.036000
8247   0.040500
8248   0.048100
8249   0.047200
8250   0.051400
8251   0.043100
8252   0.037700
8253   0.039900
8254   0.033700
8255   0.033200
8256   0.033000
8257   0.037900
8258   0.038000
8259   0.033600
8260   0.025800
8261   0.025400
8262   0.022600
8263   0.025100
8264   0.010700
8265   0.001800
8266   0.002400
8267   0.007100
8268   0.010800
8269   0.007400
8270   0.027200
8271   0.019800
8272   0.017400
8273   0.017100
8274   0.015200
8275   0.024200
8276   0.016900
8277   0.026100
8278   0.018600
8279   0.012200
8280   0.013700
8281   0.014800
8282   0.009000
8283   0.015900
8284   0.007600
8285   0.005100
8286   0.006800
8287   0.015800
8288   0.011900
8289   0.019300
8290   0.023600
8291   0.030600
8292   0.025800
8293   0.032900
8294   0.033500
8295   0.025200
8296   0.029100
8297   0.020400
8298   0.003700
8299   0.015100
8300   0.011900
8301   0.008100
8302   0.004400
8303  -0.005500
8304  -0.005600
8305  -0.002200
8306  -0.003500
8307  -0.001400
8308  -0.011800
8309  -0.014000
8310  -0.012000
8311  -0.007300
8312  -0.009500
8313  -0.015900
8314  -0.018800
8315  -0.027800
8316  -0.017300
8317  -0.016000
8318  -0.014900
8319  -0.026500
8320  -0.032100
8321  -0.037900
8322  -0.039100
8323  -0.038400
8324  -0.035000
8325  -0.036800
8326  -0.032800
8327  -0.023100
8328  -0.027600
8329  -0.023400
8330  -0.022300
8331  -0.027400
8332  -0.029500
8333  -0.030300
8334  -0.029000
8335  -0.033700
8336  -0.035000
8337  -0.032100
8338  -0.021900
8339  -0.012800
8340  -0.013200
8341  -0.003300
8342   0.001900
8343  -0.008500
8344  -0.003400
8345  -0.006000
8346  -0.006300
8347  -0.003700
8348  -0.004400
8349  -0.013200
8350  -0.020000
8351  -0.009900
8352  -0.015300
8353  -0.011100
8354  -0.013000
8355  -0.014900
8356  -0.011000
8357  -0.016500
8358  -0.014800
8359  -0.013600
8360  -0.021500
8361  -0.022700
8362  -0.021000
8363  -0.013600
8364  -0.009800
8365  -0.006600
8366  -0.012800
8367  -0.008200
8368  -0.005600
8369  -0.002900
8370   0.002200
8371  -0.004700
8372  -0.010700
8373  -0.000700
8374  -0.006900
8375  -0.012300
8376  -0.010200
8377  -0.006500
8378  -0.010700
8379  -0.011800
8380  -0.005000
8381  -0.012000
8382  -0.013300
8383  -0.018500
8384  -0.014600
8385  -0.016800
8386  -0.011100
8387  -0.010500
8388  -0.017000
8389  -0.011300
8390  -0.015700
8391  -0.010400
8392  -0.004100
8393  -0.015700
8394  -0.008500
8395  -0.008700
8396  -0.010300
8397  -0.002100
8398  -0.001900
8399  -0.009300
8400  -0.008700
8401  -0.011800
8402  -0.008900
8403   0.002200
8404   0.011100
8405   0.018000
8406   0.014400
8407   0.000000
8408   0.003100
8409   0.004700
8410   0.004400
8411   0.008600
8412   0.017700
8413   0.017900
8414   0.029600
8415   0.031200
8416   0.030900
8417   0.031000
8418   0.031100
8419   0.036800
8420   0.033400
8421   0.021200
8422   0.034300
8423   0.033900
8424   0.041000
8425   0.047300
8426   0.041000
8427   0.039600
8428   0.029300
8429   0.025200
8430   0.022300
8431   0.023000
8432   0.015200
8433   0.012200
8434   0.024500
8435   0.029000
8436   0.033500
8437   0.026000
8438   0.038800
8439   0.041900
8440   0.047000
8441   0.037100
8442   0.043700
8443   0.048700
8444   0.041400
8445   0.041400
8446   0.041800
8447   0.046000
8448   0.040400
8449   0.045000
8450   0.038000
8451   0.030600
8452   0.040600
8453   0.031000
8454   0.030800
8455   0.031300
8456   0.028900
8457   0.019000
8458   0.006400
8459   0.008300
8460   0.009600
8461   0.008800
8462   0.014800
8463   0.010700
8464   0.008300
8465   0.002300
8466  -0.010500
8467  -0.011600
8468   0.007700
8469   0.004500
8470   0.008100
8471   0.009900
8472   0.010200
8473   0.013600
8474   0.025400
8475   0.027400
8476   0.019600
8477   0.022900
8478   0.031400
8479   0.020600
8480   0.025200
8481   0.021500
8482   0.026300
8483   0.024400
8484   0.031900
8485   0.023800
8486   0.023500
8487   0.017500
8488   0.017500
8489   0.013300
8490   0.011000
8491   0.012200
8492   0.008600
8493   0.006500
8494   0.013000
8495   0.019400
8496   0.016200
8497   0.017800
8498   0.012900
8499   0.018500
8500   0.024700
8501   0.021900
8502   0.011800
8503   0.011500
8504   0.014800
8505   0.011500
8506   0.013400
8507  -0.004500
8508   0.002900
8509   0.001000
8510   0.007100
8511   0.002600
8512   0.010100
8513   0.005400
8514   0.012000
8515   0.016600
8516   0.000100
8517   0.006400
8518   0.008800
8519   0.005100
8520   0.001700
8521  -0.001800
8522  -0.005800
8523  -0.007700
8524  -0.000800
8525   0.007300
8526  -0.001700
8527   0.000600
8528   0.006800
8529   0.001100
8530  -0.000500
8531   0.002500
8532   0.005600
8533   0.021900
8534   0.015900
8535   0.015800
8536   0.003400
8537   0.002000
8538  -0.006100
8539   0.006000
8540   0.003000
8541  -0.003500
8542  -0.009800
8543  -0.000900
8544  -0.003200
8545   0.001800
8546  -0.004700
8547  -0.012100
8548  -0.022000
8549  -0.013100
8550  -0.008100
8551  -0.010800
8552  -0.006700
8553  -0.007500
8554  -0.005900
8555  -0.015100
8556  -0.014000
8557  -0.011500
8558  -0.021900
8559  -0.027800
8560  -0.030600
8561  -0.027100
8562  -0.017800
8563  -0.017000
8564  -0.013300
8565  -0.011900
8566  -0.003900
8567  -0.001900
8568  -0.010500
8569  -0.005800
8570  -0.002800
8571  -0.015300
8572  -0.005400
8573  -0.008300
8574  -0.002100
8575  -0.010500
8576  -0.009300
8577  -0.011000
8578  -0.008200
8579   0.009600
8580   0.006300
8581   0.005300
8582   0.001200
8583  -0.014800
8584  -0.016400
8585  -0.014000
8586  -0.015100
8587  -0.017200
8588  -0.012100
8589  -0.013800
8590  -0.009500
8591  -0.009100
8592  -0.016600
8593  -0.014900
8594  -0.017500
8595  -0.011200
8596  -0.017500
8597  -0.021800
8598  -0.016900
8599  -0.015600
8600  -0.014100
8601  -0.015300
8602  -0.020600
8603  -0.015100
8604  -0.022400
8605  -0.032900
8606  -0.033600
8607  -0.039100
8608  -0.038200
8609  -0.027000
8610  -0.027100
8611  -0.028700
8612  -0.017400
8613  -0.019300
8614  -0.016300
8615  -0.025800
8616  -0.024600
8617  -0.016900
8618  -0.014300
8619  -0.014000
8620  -0.016600
8621  -0.004500
8622  -0.001000
8623   0.012800
8624   0.016600
8625   0.027600
8626   0.030500
8627   0.029500
8628   0.026000
8629   0.026500
8630   0.027700
8631   0.025200
8632   0.016700
8633   0.017700
8634   0.022800
8635   0.031900
8636   0.020800
8637   0.012500
8638   0.009100
8639   0.013800
8640   0.014100
8641   0.006500
8642   0.020500
8643   0.006400
8644   0.015200
8645   0.022200
8646   0.022200
8647   0.028700
8648   0.021300
8649   0.024600
8650   0.018000
8651   0.017800
8652   0.014000
8653   0.013900
8654   0.026400
8655   0.020400
8656   0.012100
8657   0.007400
8658   0.007100
8659   0.005700
8660  -0.010000
8661  -0.005200
8662  -0.003200
8663  -0.012100
8664  -0.021600
8665  -0.010900
8666  -0.012600
8667  -0.017200
8668  -0.025100
8669  -0.030600
8670  -0.027700
8671  -0.032300
8672  -0.038200
8673  -0.030400
8674  -0.032900
8675  -0.033600
8676  -0.033000
8677  -0.041400
8678  -0.043800
8679  -0.043800
8680  -0.037300
8681  -0.042600
8682  -0.038300
8683  -0.045100
8684  -0.043200
8685  -0.036300
8686  -0.030000
8687  -0.024800
8688  -0.016900
8689  -0.018800
8690  -0.021500
8691  -0.023200
8692  -0.020000
8693  -0.028100
8694  -0.029300
8695  -0.032400
8696  -0.044600
8697  -0.046500
8698  -0.039900
8699  -0.032600
8700  -0.034000
8701  -0.028400
8702  -0.024800
8703  -0.015400
8704  -0.021400
8705  -0.017400
8706  -0.017700
8707  -0.021900
8708  -0.022100
8709  -0.033900
8710  -0.035300
8711  -0.029000
8712  -0.034700
8713  -0.034800
8714  -0.025300
8715  -0.033400
8716  -0.042100
8717  -0.043400
8718  -0.040600
8719  -0.039900
8720  -0.047200
8721  -0.045700
8722  -0.038900
8723  -0.043500
8724  -0.039300
8725  -0.036500
8726  -0.030600
8727  -0.023900
8728  -0.031400
8729  -0.033900
8730  -0.028700
8731  -0.036800
8732  -0.039800
8733  -0.043200
8734  -0.036200
8735  -0.038600
8736  -0.053200
8737  -0.049200
8738  -0.047500
8739  -0.047800
8740  -0.034400
8741  -0.031700
8742  -0.034700
8743  -0.038800
8744  -0.043800
8745  -0.046900
8746  -0.051200
8747  -0.051100
8748  -0.056900
8749  -0.051600
8750  -0.041800
8751  -0.043400
8752  -0.029700
8753  -0.030300
8754  -0.040800
8755  -0.026700
8756  -0.029200
8757  -0.014700
8758  -0.017100
8759  -0.017600
8760  -0.012500
8761  -0.009400
8762  -0.006500
8763   0.002700
8764   0.002600
8765  -0.004400
8766  -0.005100
8767  -0.001600
8768  -0.005000
8769  -0.000200
8770   0.010500
8771   0.004200
8772   0.003100
8773   0.012500
8774   0.016000
8775   0.014800
8776   0.008700
8777   0.017300
8778   0.021200
8779   0.009600
8780   0.004600
8781   0.016500
8782   0.034300
8783   0.035400
8784   0.040700
8785   0.038600
8786   0.048700
8787   0.044300
8788   0.051000
8789   0.055000
8790   0.045700
8791   0.050700
8792   0.049100
8793   0.051400
8794   0.037500
8795   0.040200
8796   0.042300
8797   0.036500
8798   0.031600
8799   0.045400
8800   0.049700
8801   0.049500
8802   0.054200
8803   0.047600
8804   0.054000
8805   0.054600
8806   0.049800
8807   0.050100
8808   0.053700
8809   0.044100
8810   0.038900
8811   0.035800
8812   0.026100
8813   0.027800
8814   0.025300
8815   0.035600
8816   0.040100
8817   0.040000
8818   0.046500
8819   0.035200
8820   0.037200
8821   0.043300
8822   0.027100
8823   0.029900
8824   0.033700
8825   0.042000
8826   0.048200
8827   0.046900
8828   0.045800
8829   0.043800
8830   0.052400
8831   0.052100
8832   0.049600
8833   0.056100
8834   0.059800
8835   0.051700
8836   0.057900
8837   0.057000
8838   0.062000
8839   0.046200
8840   0.046200
8841   0.053300
8842   0.055800
8843   0.054900
8844   0.054100
8845   0.058500
8846   0.054000
8847   0.056900
8848   0.049400
8849   0.045200
8850   0.048100
8851   0.046600
8852   0.047700
8853   0.050300
8854   0.056300
8855   0.047300
8856   0.052400
8857   0.038200
8858   0.040600
8859   0.036900
8860   0.034300
8861   0.038900
8862   0.034700
8863   0.036000
8864   0.022500
8865   0.021000
8866   0.021200
8867   0.019300
8868   0.014900
8869   0.012100
8870   0.021000
8871   0.025500
8872   0.013300
8873   0.022000
8874   0.025700
8875   0.036700
8876   0.032200
8877   0.029400
8878   0.035800
8879   0.033700
8880   0.028800
8881   0.032000
8882   0.029300
8883   0.024200
8884   0.022700
8885   0.017200
8886   0.018300
8887   0.023200
8888   0.022600
8889   0.023400
8890   0.031700
8891   0.023800
8892   0.036700
8893   0.033500
8894   0.037800
8895   0.040900
8896   0.043000
8897   0.040400
8898   0.042000
8899   0.049700
8900   0.047500
8901   0.039900
8902   0.028800
8903   0.018400
8904   0.015100
8905   0.023800
8906   0.029100
8907   0.032000
8908   0.019100
8909   0.011600
8910   0.017100
8911   0.028200
8912   0.037800
8913   0.039100
8914   0.048400
8915   0.041800
8916   0.031600
8917   0.030800
8918   0.036200
8919   0.045900
8920   0.047900
8921   0.039400
8922   0.046100
8923   0.047200
8924   0.047000
8925   0.048600
8926   0.051200
8927   0.053500
8928   0.061700
8929   0.055800
8930   0.057000
8931   0.057700
8932   0.059900
8933   0.065300
8934   0.060100
8935   0.059900
8936   0.062400
8937   0.074200
8938   0.077200
8939   0.077900
8940   0.070500
8941   0.071400
8942   0.057000
8943   0.059200
8944   0.056100
8945   0.057000
8946   0.059100
8947   0.051300
8948   0.047900
8949   0.059800
8950   0.061300
8951   0.066900
8952   0.064700
8953   0.053200
8954   0.055800
8955   0.046900
8956   0.049700
8957   0.040000
8958   0.046200
8959   0.053300
8960   0.055000
8961   0.058600
8962   0.051000
8963   0.051800
8964   0.042900
8965   0.034400
8966   0.037700
8967   0.032100
8968   0.034000
8969   0.036100
8970   0.035600
8971   0.041300
8972   0.046000
8973   0.047500
8974   0.049600
8975   0.053000
8976   0.042200
8977   0.044700
8978   0.048800
8979   0.051100
8980   0.040000
8981   0.043100
8982   0.045800
8983   0.048900
8984   0.052000
8985   0.050200
8986   0.047400
8987   0.050000
8988   0.058200
8989   0.056500
8990   0.051400
8991   0.062300
8992   0.056800
8993   0.059200
8994   0.060100
8995   0.054300
8996   0.046100
8997   0.044100
8998   0.031900
8999   0.024700
9000   0.022000
9001   0.023700
9002   0.019100
9003   0.012100
9004   0.018600
9005   0.017100
9006   0.013000
9007   0.011900
9008   0.005300
9009   0.001800
9010   0.004800
9011   0.002300
9012   0.000300
9013  -0.000500
9014  -0.009600
9015   0.001800
9016   0.009600
9017   0.006400
9018   0.002300
9019   0.003000
9020  -0.004100
9021   0.007000
9022   0.004500
9023   0.009100
9024   0.015900
9025   0.008800
9026   0.014400
9027   0.017800
9028   0.004300
9029   0.022000
9030   0.020000
9031   0.015300
9032   0.010500
9033   0.003000
9034   0.012900
9035   0.013800
9036   0.003200
9037  -0.003200
9038   0.001700
9039  -0.006100
9040  -0.009800
9041  -0.007400
9042  -0.000800
9043   0.005500
9044   0.009100
9045   0.006200
9046   0.002100
9047  -0.003300
9048  -0.006100
9049  -0.007000
9050  -0.006500
9051  -0.005500
9052  -0.000600
9053  -0.003700
9054   0.002700
9055   0.006300
9056  -0.001400
9057  -0.004400
9058  -0.006800
9059  -0.003000
9060  -0.006300
9061  -0.007300
9062  -0.007000
9063  -0.001500
9064  -0.003700
9065  -0.011800
9066  -0.007800
9067   0.000800
9068  -0.003500
9069  -0.002200
9070  -0.011100
9071  -0.005700
9072  -0.004300
9073  -0.011700
9074  -0.014900
9075  -0.019300
9076  -0.016200
9077  -0.026900
9078  -0.031600
9079  -0.034000
9080  -0.029200
9081  -0.032300
9082  -0.027600
9083  -0.016400
9084  -0.014600
9085  -0.014900
9086  -0.021100
9087  -0.027000
9088  -0.017500
9089  -0.019300
9090  -0.015700
9091  -0.021300
9092  -0.030800
9093  -0.036700
9094  -0.037300
9095  -0.040800
9096  -0.048700
9097  -0.047500
9098  -0.046300
9099  -0.050800
9100  -0.045500
9101  -0.032500
9102  -0.018700
9103  -0.024700
9104  -0.018000
9105  -0.023800
9106  -0.023500
9107  -0.030500
9108  -0.027100
9109  -0.029200
9110  -0.018100
9111  -0.020700
9112  -0.017500
9113  -0.013100
9114  -0.005300
9115  -0.003000
9116   0.001700
9117   0.007100
9118   0.015500
9119   0.011900
9120   0.014800
9121   0.029900
9122   0.035300
9123   0.037300
9124   0.044700
9125   0.045300
9126   0.049100
9127   0.054200
9128   0.046000
9129   0.048300
9130   0.048900
9131   0.050500
9132   0.044900
9133   0.043100
9134   0.045700
9135   0.047900
9136   0.042700
9137   0.045200
9138   0.043100
9139   0.041700
9140   0.047400
9141   0.054700
9142   0.057700
9143   0.053800
9144   0.049100
9145   0.054600
9146   0.045800
9147   0.058100
9148   0.058500
9149   0.054400
9150   0.053400
9151   0.046900
9152   0.049000
9153   0.036500
9154   0.030500
9155   0.030600
9156   0.038300
9157   0.034000
9158   0.038000
9159   0.039700
9160   0.030100
9161   0.024200
9162   0.014300
9163   0.002800
9164   0.016900
9165   0.025500
9166   0.014700
9167   0.024000
9168   0.025000
9169   0.022400
9170   0.032700
9171   0.044600
9172   0.047600
9173   0.042000
9174   0.030500
9175   0.023200
9176   0.015300
9177   0.026000
9178   0.023800
9179   0.019300
9180   0.010500
9181   0.001800
9182   0.009800
9183   0.005600
9184   0.004300
9185   0.001500
9186   0.002300
9187   0.001700
9188   0.007200
9189   0.003000
9190  -0.001800
9191  -0.013400
9192  -0.009700
9193  -0.015000
9194  -0.014400
9195  -0.011600
9196  -0.004000
9197   0.001300
9198   0.014900
9199   0.016700
9200   0.022500
9201   0.021900
9202   0.025100
9203   0.030700
9204   0.027700
9205   0.024700
9206   0.025800
9207   0.020700
9208   0.012800
9209   0.014600
9210   0.011300
9211   0.008500
9212   0.002500
9213  -0.000000
9214  -0.006500
9215  -0.002600
9216  -0.001900
9217  -0.007400
9218  -0.004100
9219  -0.004900
9220  -0.007200
9221  -0.004600
9222   0.005300
9223   0.009500
9224   0.018500
9225   0.023800
9226   0.018300
9227   0.017800
9228   0.007700
9229   0.016800
9230  -0.002100
9231   0.011100
9232   0.013900
9233   0.001700
9234   0.006600
9235   0.006500
9236   0.007400
9237   0.012800
9238   0.018600
9239   0.031300
9240   0.026300
9241   0.023400
9242   0.027400
9243   0.033800
9244   0.031400
9245   0.013600
9246   0.014400
9247   0.005600
9248   0.005300
9249  -0.009100
9250   0.002800
9251   0.007400
9252   0.007900
9253   0.014500
9254   0.014500
9255   0.021200
9256   0.030800
9257   0.029100
9258   0.018500
9259   0.024600
9260   0.028000
9261   0.033700
9262   0.035500
9263   0.033100
9264   0.037800
9265   0.034100
9266   0.027100
9267   0.024700
9268   0.019100
9269   0.024300
9270   0.015600
9271   0.014100
9272   0.007800
9273   0.006000
9274   0.018900
9275   0.021300
9276   0.023300
9277   0.020400
9278   0.039400
9279   0.046200
9280   0.042900
9281   0.040600
9282   0.020300
9283   0.022900
9284   0.031500
9285   0.029600
9286   0.030100
9287   0.024800
9288   0.033000
9289   0.034700
9290   0.028600
9291   0.032500
9292   0.023000
9293   0.026200
9294   0.019700
9295   0.020300
9296   0.026800
9297   0.035400
9298   0.023000
9299   0.018300
9300   0.018100
9301   0.009800
9302   0.012500
9303   0.001800
9304   0.003000
9305   0.004100
9306  -0.006800
9307   0.007100
9308   0.016800
9309   0.010400
9310   0.006500
9311   0.016200
9312   0.025600
9313   0.023300
9314   0.030900
9315   0.022800
9316   0.023000
9317   0.019400
9318   0.021000
9319   0.014800
9320   0.016700
9321   0.008500
9322   0.002600
9323   0.005700
9324   0.006000
9325   0.003900
9326  -0.001800
9327   0.009000
9328  -0.004800
9329   0.000100
9330   0.001900
9331   0.000700
9332   0.006800
9333   0.005200
9334   0.006400
9335   0.008300
9336   0.009600
9337   0.012400
9338   0.012800
9339   0.008400
9340   0.005100
9341   0.003500
9342   0.003800
9343   0.012400
9344   0.013800
9345   0.011100
9346   0.022600
9347   0.026400
9348   0.032300
9349   0.034900
9350   0.028300
9351   0.028800
9352   0.034200
9353   0.027600
9354   0.023400
9355   0.022800
9356   0.023400
9357   0.021800
9358   0.018700
9359   0.018900
9360   0.030200
9361   0.021800
9362   0.008800
9363   0.010100
9364   0.006900
9365   0.001700
9366   0.007100
9367   0.004000
9368   0.001400
9369  -0.010500
9370  -0.008600
9371  -0.012300
9372  -0.016300
9373  -0.017700
9374  -0.002100
9375  -0.010600
9376  -0.014100
9377  -0.015000
9378  -0.017500
9379  -0.022000
9380  -0.022400
9381  -0.018900
9382  -0.013600
9383  -0.032000
9384  -0.024300
9385  -0.019200
9386  -0.018700
9387  -0.027200
9388  -0.023000
9389  -0.011300
9390  -0.011200
9391  -0.004600
9392  -0.010200
9393  -0.009300
9394  -0.013100
9395  -0.020700
9396  -0.014400
9397  -0.006500
9398   0.004800
9399  -0.003200
9400  -0.007100
9401  -0.001000
9402   0.008700
9403   0.003800
9404   0.000100
9405  -0.001900
9406  -0.007300
9407  -0.004500
9408  -0.002000
9409  -0.003500
9410  -0.004400
9411  -0.001700
9412   0.003900
9413   0.011100
9414   0.021900
9415   0.022000
9416   0.014000
9417   0.006100
9418   0.012000
9419   0.011200
9420   0.012000
9421   0.005900
9422   0.004000
9423   0.002700
9424  -0.001100
9425   0.005900
9426   0.014500
9427   0.020100
9428   0.018000
9429   0.022800
9430   0.023800
9431   0.023300
9432   0.022500
9433   0.014400
9434   0.012900
9435   0.012000
9436   0.005700
9437   0.008400
9438   0.009300
9439   0.006200
9440   0.015200
9441   0.013800
9442   0.012400
9443   0.011400
9444   0.009200
9445   0.006600
9446   0.013200
9447   0.004700
9448   0.006700
9449   0.003500
9450   0.007400
9451   0.002000
9452   0.000300
9453  -0.000400
9454   0.001200
9455  -0.008700
9456  -0.009600
9457  -0.003000
9458  -0.002000
9459   0.000900
9460   0.006000
9461   0.003100
9462  -0.003700
9463  -0.001200
9464   0.003100
9465   0.012400
9466   0.010500
9467   0.007500
9468   0.010500
9469   0.007300
9470   0.006300
9471   0.009300
9472   0.009200
9473   0.010000
9474   0.007700
9475   0.003500
9476  -0.005200
9477  -0.011800
9478  -0.024900
9479  -0.021000
9480  -0.018500
9481  -0.021800
9482  -0.023600
9483  -0.021400
9484  -0.017200
9485  -0.014100
9486  -0.010100
9487  -0.010900
9488  -0.010900
9489  -0.009700
9490  -0.008400
9491  -0.003300
9492  -0.006300
9493  -0.014300
9494  -0.017700
9495  -0.021500
9496  -0.024500
9497  -0.016800
9498  -0.033200
9499  -0.027700
9500  -0.036300
9501  -0.049700
9502  -0.047000
9503  -0.053900
9504  -0.054600
9505  -0.048400
9506  -0.055300
9507  -0.050100
9508  -0.043900
9509  -0.037100
9510  -0.022300
9511  -0.028200
9512  -0.035900
9513  -0.037100
9514  -0.034900
9515  -0.028600
9516  -0.032700
9517  -0.027900
9518  -0.028600
9519  -0.021300
9520  -0.026800
9521  -0.023500
9522  -0.028700
9523  -0.035200
9524  -0.024000
9525  -0.013700
9526   0.010000
9527  -0.000900
9528  -0.000800
9529  -0.009500
9530  -0.016200
9531  -0.015900
9532  -0.013500
9533  -0.008700
9534  -0.016200
9535  -0.021800
9536  -0.024500
9537  -0.025000
9538  -0.019500
9539  -0.026300
9540  -0.037200
9541  -0.026800
9542  -0.023200
9543  -0.027500
9544  -0.029200
9545  -0.040900
9546  -0.035100
9547  -0.021200
9548  -0.022500
9549  -0.026600
9550  -0.025900
9551  -0.025600
9552  -0.025400
9553  -0.019700
9554  -0.027400
9555  -0.020600
9556  -0.027100
9557  -0.025700
9558  -0.023300
9559  -0.032500
9560  -0.035100
9561  -0.040100
9562  -0.043700
9563  -0.034000
9564  -0.040200
9565  -0.050600
9566  -0.058400
9567  -0.048000
9568  -0.055300
9569  -0.058000
9570  -0.057700
9571  -0.057000
9572  -0.052300
9573  -0.048200
9574  -0.057800
9575  -0.045500
9576  -0.044600
9577  -0.045200
9578  -0.025300
9579  -0.043400
9580  -0.048200
9581  -0.049400
9582  -0.049200
9583  -0.049200
9584  -0.062700
9585  -0.064300
9586  -0.066100
9587  -0.064000
9588  -0.061900
9589  -0.058800
9590  -0.048300
9591  -0.040800
9592  -0.044300
9593  -0.045000
9594  -0.044500
9595  -0.042200
9596  -0.040000
9597  -0.040000
9598  -0.024200
9599  -0.022500
9600  -0.018600
9601  -0.022100
9602  -0.029200
9603  -0.024500
9604  -0.027300
9605  -0.024100
9606  -0.012700
9607  -0.009300
9608  -0.008000
9609  -0.009100
9610  -0.006500
9611  -0.005100
9612  -0.003300
9613  -0.011200
9614  -0.007700
9615   0.004600
9616   0.010500
9617   0.012300
9618   0.017200
9619   0.016300
9620   0.004600
9621   0.009600
9622   0.019000
9623   0.008900
9624   0.002500
9625   0.004500
9626   0.011800
9627   0.012300
9628   0.022300
9629   0.031800
9630   0.034400
9631   0.041200
9632   0.028800
9633   0.020900
9634   0.020300
9635   0.019700
9636   0.013900
9637   0.009000
9638   0.005500
9639   0.011200
9640   0.015800
9641   0.011400
9642   0.011500
9643   0.018600
9644   0.014600
9645   0.027700
9646   0.028200
9647   0.019600
9648   0.024400
9649   0.035700
9650   0.036500
9651   0.036400
9652   0.036200
9653   0.026100
9654   0.031200
9655   0.032300
9656   0.027900
9657   0.021400
9658   0.022000
9659   0.022200
9660   0.029500
9661   0.025800
9662   0.024200
9663   0.040400
9664   0.041300
9665   0.032500
9666   0.033700
9667   0.024500
9668   0.017600
9669   0.013100
9670   0.017600
9671   0.011500
9672   0.018500
9673   0.017800
9674   0.023000
9675   0.023600
9676   0.026200
9677   0.025200
9678   0.020900
9679   0.015300
9680   0.008300
9681   0.016000
9682   0.011100
9683   0.003400
9684   0.004500
9685   0.004000
9686  -0.002500
9687   0.002100
9688   0.007100
9689   0.015100
9690   0.020500
9691   0.026400
9692   0.024800
9693   0.016200
9694   0.027400
9695   0.025600
9696   0.028900
9697   0.026500
9698   0.020800
9699   0.019300
9700   0.014700
9701   0.028600
9702   0.036000
9703   0.036200
9704   0.028100
9705   0.025400
9706   0.025200
9707   0.017200
9708   0.013500
9709   0.011500
9710   0.012600
9711   0.010000
9712   0.003800
9713   0.014200
9714   0.007300
9715   0.009200
9716   0.009500
9717   0.010600
9718   0.009500
9719  -0.003900
9720  -0.003200
9721   0.003400
9722   0.008800
9723   0.000800
9724  -0.003900
9725  -0.003300
9726  -0.000200
9727   0.010900
9728   0.008300
9729   0.014000
9730   0.009600
9731   0.020500
9732   0.017800
9733   0.017200
9734   0.013400
9735   0.006400
9736  -0.012300
9737  -0.008700
9738  -0.014000
9739  -0.014500
9740  -0.009400
9741  -0.005300
9742   0.003800
9743   0.002100
9744   0.012900
9745   0.014900
9746   0.019500
9747   0.033800
9748   0.032400
9749   0.028000
9750   0.025600
9751   0.041000
9752   0.034900
9753   0.039700
9754   0.039600
9755   0.048000
9756   0.046900
9757   0.045200
9758   0.044800
9759   0.050900
9760   0.044700
9761   0.054000
9762   0.046300
9763   0.044100
9764   0.041600
9765   0.034600
9766   0.028600
9767   0.025900
9768   0.023700
9769   0.030100
9770   0.041100
9771   0.032300
9772   0.026700
9773   0.024900
9774   0.034000
9775   0.027600
9776   0.028400
9777   0.029300
9778   0.036900
9779   0.040500
9780   0.042400
9781   0.040300
9782   0.049300
9783   0.043100
9784   0.037500
9785   0.044500
9786   0.042700
9787   0.036800
9788   0.037800
9789   0.038300
9790   0.046800
9791   0.040100
9792   0.036300
9793   0.037900
9794   0.044600
9795   0.052700
9796   0.053100
9797   0.054000
9798   0.060200
9799   0.060100
9800   0.071000
9801   0.073000
9802   0.062700
9803   0.057800
9804   0.057500
9805   0.050600
9806   0.051800
9807   0.044000
9808   0.044600
9809   0.037300
9810   0.044200
9811   0.045700
9812   0.056100
9813   0.049400
9814   0.049400
9815   0.049900
9816   0.052800
9817   0.051300
9818   0.033900
9819   0.043800
9820   0.048000
9821   0.047300
9822   0.033600
9823   0.042800
9824   0.046900
9825   0.042500
9826   0.039700
9827   0.043000
9828   0.050000
9829   0.054400
9830   0.042900
9831   0.040600
9832   0.045500
9833   0.034400
9834   0.042300
9835   0.043600
9836   0.048700
9837   0.044500
9838   0.053100
9839   0.054200
9840   0.055600
9841   0.053400
9842   0.043300
9843   0.037700
9844   0.030900
9845   0.033200
9846   0.026800
9847   0.026700
9848   0.021100
9849   0.016600
9850   0.009900
9851   0.010900
9852   0.019100
9853   0.014500
9854   0.018700
9855   0.017800
9856   0.014100
9857   0.012300
9858   0.016100
9859   0.023700
9860   0.013200
9861   0.014100
9862   0.011200
9863   0.009300
9864   0.013000
9865   0.006600
9866   0.012200
9867   0.005100
9868   0.009000
9869   0.009100
9870   0.016600
9871   0.014900
9872   0.025700
9873   0.018800
9874   0.028900
9875   0.018900
9876   0.026900
9877   0.038400
9878   0.028400
9879   0.028600
9880   0.036400
9881   0.045500
9882   0.030300
9883   0.036100
9884   0.047000
9885   0.037600
9886   0.032600
9887   0.025000
9888   0.018500
9889   0.013900
9890   0.016500
9891   0.001100
9892   0.007800
9893   0.003100
9894   0.014800
9895   0.020400
9896   0.020700
9897   0.020500
9898   0.013200
9899   0.027100
9900   0.018300
9901   0.006600
9902   0.002700
9903   0.013200
9904   0.023500
9905   0.016100
9906   0.010800
9907   0.016600
9908   0.011700
9909   0.015700
9910   0.017800
9911   0.009000
9912   0.005400
9913   0.004900
9914  -0.011200
9915  -0.022800
9916  -0.038700
9917  -0.032200
9918  -0.035400
9919  -0.045200
9920  -0.046200
9921  -0.046400
9922  -0.048400
9923  -0.052000
9924  -0.055100
9925  -0.047700
9926  -0.053300
9927  -0.051900
9928  -0.047900
9929  -0.041000
9930  -0.026400
9931  -0.027400
9932  -0.022300
9933  -0.034000
9934  -0.028600
9935  -0.032500
9936  -0.029600
9937  -0.024900
9938  -0.028100
9939  -0.033700
9940  -0.027800
9941  -0.018800
9942  -0.018500
9943  -0.017700
9944  -0.024600
9945  -0.017900
9946  -0.021500
9947  -0.009700
9948  -0.015300
9949  -0.014100
9950  -0.016300
9951  -0.012100
9952  -0.019600
9953  -0.017500
9954  -0.027500
9955  -0.035500
9956  -0.051200
9957  -0.052500
9958  -0.055700
9959  -0.048800
9960  -0.046100
9961  -0.042200
9962  -0.046800
9963  -0.049500
9964  -0.055500
9965  -0.060600
9966  -0.059200
9967  -0.059300
9968  -0.056100
9969  -0.055400
9970  -0.052500
9971  -0.037300
9972  -0.036600
9973  -0.033900
9974  -0.034100
9975  -0.035700
9976  -0.036000
9977  -0.027800
9978  -0.030900
9979  -0.028300
9980  -0.020000
9981  -0.020200
9982  -0.018600
9983  -0.007900
9984   0.001200
9985   0.008500
9986   0.006800
9987  -0.000800
9988   0.003000
9989   0.004800
9990  -0.001200
9991  -0.009600
9992  -0.009300
9993  -0.004300
9994  -0.011000
9995  -0.012500
9996  -0.004400
9997   0.008900
9998   0.013600
9999   0.010800
10000   0.024000
10001   0.021400
10002   0.009000
10003   0.007900
10004   0.011600
10005   0.012400
10006   0.006900
10007   0.012600
10008   0.013000
10009   0.016100
10010   0.026700
10011   0.015500
10012   0.014600
10013   0.018400
10014   0.025500
10015   0.025300
10016   0.018400
10017   0.014500
10018   0.016000
10019   0.002100
10020   0.020200
10021   0.017300
10022   0.020500
10023   0.021500
10024   0.029000
10025   0.027400
10026   0.022800
10027   0.018500
10028   0.024700
10029   0.023100
10030   0.031700
10031   0.025100
10032   0.031100
10033   0.031700
10034   0.036900
10035   0.040600
10036   0.038500
10037   0.054100
10038   0.047000
10039   0.051000
10040   0.051400
10041   0.044600
10042   0.051200
10043   0.051800
10044   0.055600
10045   0.055900
10046   0.056500
10047   0.057300
10048   0.060900
10049   0.060700
10050   0.057900
10051   0.054100
10052   0.053500
10053   0.056900
10054   0.059600
10055   0.062400
10056   0.057700
10057   0.060700
10058   0.041400
10059   0.037500
10060   0.022000
10061   0.020500
10062   0.021500
10063   0.025600
10064   0.024400
10065   0.024000
10066   0.023300
10067   0.019000
10068   0.029600
10069   0.033500
10070   0.034100
10071   0.042800
10072   0.046700
10073   0.042100
10074   0.042200
10075   0.052100
10076   0.047800
10077   0.049900
10078   0.044300
10079   0.042900
10080   0.040500
10081   0.049100
10082   0.047300
10083   0.061800
10084   0.056500
10085   0.047800
10086   0.038400
10087   0.038900
10088   0.040200
10089   0.030700
10090   0.022700
10091   0.019900
10092   0.023800
10093   0.029200
10094   0.035300
10095   0.040200
10096   0.042100
10097   0.043900
10098   0.044100
10099   0.052900
10100   0.052200
10101   0.050700
10102   0.050200
10103   0.040200
10104   0.038600
10105   0.037300
10106   0.031500
10107   0.026100
10108   0.034400
10109   0.045400
10110   0.042900
10111   0.038900
10112   0.035200
10113   0.029600
10114   0.018600
10115   0.021100
10116   0.023100
10117   0.032600
10118   0.032100
10119   0.039300
10120   0.028800
10121   0.038300
10122   0.038000
10123   0.030100
10124   0.021400
10125   0.023100
10126   0.026900
10127   0.022800
10128   0.020500
10129   0.020700
10130   0.023400
10131   0.027900
10132   0.030600
10133   0.029500
10134   0.032100
10135   0.025700
10136   0.023600
10137   0.024000
10138   0.031500
10139   0.031000
10140   0.028500
10141   0.029600
10142   0.034000
10143   0.031400
10144   0.026200
10145   0.024100
10146   0.025800
10147   0.023500
10148   0.017500
10149   0.014000
10150   0.012500
10151   0.005800
10152   0.004800
10153  -0.001000
10154   0.003500
10155  -0.006000
10156  -0.008000
10157  -0.011900
10158  -0.016500
10159  -0.009600
10160  -0.003100
10161  -0.008100
10162  -0.007900
10163  -0.005000
10164  -0.008700
10165  -0.011000
10166  -0.007500
10167  -0.013800
10168  -0.020800
10169  -0.022300
10170  -0.023800
10171  -0.027600
10172  -0.029900
10173  -0.028700
10174  -0.030000
10175  -0.035900
10176  -0.040700
10177  -0.034800
10178  -0.042200
10179  -0.046300
10180  -0.044200
10181  -0.026300
10182  -0.030000
10183  -0.024300
10184  -0.020300
10185  -0.022200
10186  -0.020100
10187  -0.018000
10188  -0.022400
10189  -0.023900
10190  -0.008700
10191  -0.008700
10192  -0.005100
10193  -0.011000
10194  -0.004400
10195   0.003500
10196   0.012200
10197   0.001600
10198  -0.002300
10199   0.002000
10200  -0.002300
10201  -0.004200
10202  -0.001900
10203   0.005800
10204   0.005700
10205  -0.003200
10206   0.004000
10207   0.000100
10208  -0.004200
10209  -0.005200
10210  -0.000000
10211  -0.001600
10212  -0.004000
10213  -0.006700
10214   0.003900
10215   0.007600
10216   0.024300
10217   0.019100
10218   0.020800
10219   0.026100
10220   0.033900
10221   0.022900
10222   0.013500
10223   0.008500
10224  -0.009400
10225  -0.000800
10226   0.004600
10227   0.006400
10228   0.015700
10229   0.002700
10230   0.001700
10231  -0.008000
10232  -0.007600
10233  -0.002000
10234   0.000300
10235  -0.005200
10236  -0.011600
10237  -0.018400
10238  -0.009900
10239  -0.015600
10240  -0.004700
10241   0.005600
10242   0.007500
10243   0.012300
10244   0.007000
10245   0.011700
10246   0.007600
10247   0.020700
10248   0.017900
10249   0.011800
10250   0.017600
10251   0.027900
10252   0.025300
10253   0.028800
10254   0.034500
10255   0.029300
10256   0.026600
10257   0.024300
10258   0.023600
10259   0.032000
10260   0.032600
10261   0.036700
10262   0.041600
10263   0.045800
10264   0.043700
10265   0.044200
10266   0.050400
10267   0.047700
10268   0.051700
10269   0.053500
10270   0.052900
10271   0.054700
10272   0.056200
10273   0.055000
10274   0.050100
10275   0.051500
10276   0.060100
10277   0.058900
10278   0.063800
10279   0.064900
10280   0.065400
10281   0.063700
10282   0.057900
10283   0.061600
10284   0.069600
10285   0.068100
10286   0.069800
10287   0.063500
10288   0.062600
10289   0.066800
10290   0.066100
10291   0.060900
10292   0.055800
10293   0.043100
10294   0.044000
10295   0.048100
10296   0.042600
10297   0.033100
10298   0.041200
10299   0.038400
10300   0.036300
10301   0.037900
10302   0.037000
10303   0.025800
10304   0.025100
10305   0.027400
10306   0.040100
10307   0.032100
10308   0.024000
10309   0.026200
10310   0.033900
10311   0.031400
10312   0.033100
10313   0.025600
10314   0.025000
10315   0.026700
10316   0.030900
10317   0.031200
10318   0.029500
10319   0.022300
10320   0.012600
10321   0.014800
10322   0.011500
10323   0.001700
10324   0.001000
10325   0.010700
10326   0.001200
10327  -0.004000
10328   0.001300
10329   0.005600
10330   0.008600
10331   0.004800
10332  -0.001600
10333  -0.001700
10334  -0.011900
10335  -0.015700
10336  -0.013800
10337  -0.013400
10338  -0.003400
10339  -0.007500
10340  -0.013600
10341  -0.008400
10342  -0.013100
10343  -0.008000
10344  -0.012100
10345  -0.005500
10346   0.000700
10347   0.002100
10348   0.003400
10349   0.000100
10350  -0.005700
10351   0.001000
10352   0.000500
10353   0.004800
10354   0.017300
10355   0.020500
10356   0.013600
10357   0.016300
10358   0.024000
10359   0.028600
10360   0.020900
10361   0.018200
10362   0.024300
10363   0.026300
10364   0.023900
10365   0.024600
10366   0.029200
10367   0.031300
10368   0.029700
10369   0.017500
10370   0.008600
10371  -0.009400
10372   0.001900
10373  -0.004200
10374   0.002200
10375   0.001400
10376   0.019200
10377   0.011400
10378   0.013500
10379   0.005600
10380  -0.002400
10381  -0.000700
10382   0.000900
10383  -0.006100
10384  -0.002500
10385  -0.001900
10386  -0.000500
10387   0.002800
10388   0.002200
10389  -0.006700
10390  -0.004000
10391   0.007800
10392   0.006300
10393   0.007500
10394   0.005000
10395   0.010000
10396   0.008600
10397   0.008000
10398   0.009500
10399   0.016200
10400   0.012300
10401   0.010800
10402   0.009400
10403   0.012700
10404   0.015800
10405   0.020200
10406   0.021300
10407   0.013300
10408   0.012700
10409   0.014900
10410   0.018100
10411   0.023900
10412   0.017200
10413   0.019600
10414   0.018300
10415   0.007400
10416   0.006000
10417   0.019900
10418   0.019400
10419   0.008900
10420   0.007200
10421   0.006000
10422   0.002200
10423   0.001300
10424   0.002800
10425   0.010300
10426   0.022800
10427   0.024400
10428   0.020600
10429   0.032500
10430   0.024500
10431   0.026200
10432   0.018700
10433   0.027100
10434   0.039900
10435   0.040900
10436   0.042300
10437   0.033400
10438   0.033500
10439   0.029400
10440   0.029900
10441   0.029400
10442   0.017600
10443   0.011900
10444   0.005700
10445   0.009900
10446   0.015100
10447   0.009200
10448   0.006500
10449   0.011900
10450   0.025800
10451   0.015100
10452   0.018800
10453   0.015200
10454   0.015100
10455   0.011200
10456   0.011500
10457   0.007000
10458   0.016300
10459   0.019600
10460   0.020900
10461   0.022900
10462   0.024700
10463   0.034700
10464   0.028400
10465   0.030200
10466   0.020700
10467   0.028900
10468   0.045600
10469   0.053900
10470   0.050500
10471   0.047700
10472   0.042400
10473   0.045800
10474   0.058800
10475   0.060600
10476   0.052600
10477   0.038000
10478   0.032100
10479   0.042700
10480   0.063100
10481   0.059400
10482   0.063000
10483   0.068300
10484   0.068500
10485   0.071000
10486   0.082400
10487   0.079600
10488   0.086700
10489   0.084000
10490   0.073800
10491   0.063000
10492   0.063300
10493   0.065900
10494   0.063700
10495   0.070500
10496   0.070800
10497   0.065500
10498   0.069500
10499   0.068500
10500   0.064600
10501   0.071500
10502   0.071800
10503   0.077800
10504   0.079000
10505   0.085000
10506   0.086600
10507   0.075100
10508   0.073300
10509   0.071700
10510   0.068100
10511   0.068500
10512   0.071600
10513   0.071300
10514   0.061400
10515   0.051300
10516   0.049300
10517   0.053700
10518   0.046900
10519   0.044500
10520   0.038300
10521   0.043100
10522   0.047300
10523   0.048700
10524   0.051700
10525   0.053800
10526   0.056400
10527   0.053400
10528   0.056200
10529   0.065200
10530   0.063300
10531   0.071100
10532   0.075500
10533   0.077000
10534   0.080000
10535   0.072100
10536   0.077800
10537   0.063100
10538   0.064300
10539   0.053600
10540   0.054300
10541   0.062500
10542   0.057600
10543   0.047900
10544   0.034700
10545   0.028800
10546   0.036600
10547   0.027500
10548   0.022200
10549   0.027400
10550   0.039100
10551   0.025800
10552   0.032800
10553   0.037500
10554   0.036700
10555   0.040000
10556   0.043500
10557   0.034100
10558   0.035500
10559   0.035900
10560   0.024200
10561   0.026800
10562   0.026500
10563   0.034600
10564   0.029800
10565   0.017000
10566   0.020300
10567   0.005400
10568   0.006100
10569   0.001400
10570  -0.002700
10571  -0.005200
10572  -0.001500
10573   0.003400
10574   0.006100
10575   0.012400
10576   0.015300
10577   0.009400
10578   0.006700
10579   0.010200
10580   0.025700
10581   0.036600
10582   0.041300
10583   0.039900
10584   0.043300
10585   0.054000
10586   0.050700
10587   0.045300
10588   0.052000
10589   0.055300
10590   0.044900
10591   0.037300
10592   0.026200
10593   0.020200
10594   0.018800
10595   0.019300
10596   0.022500
10597   0.010800
10598   0.003300
10599   0.004800
10600   0.011400
10601   0.005800
10602  -0.009900
10603  -0.016900
10604  -0.023500
10605  -0.024300
10606  -0.025900
10607  -0.034200
10608  -0.034300
10609  -0.027800
10610  -0.026500
10611  -0.033300
10612  -0.025700
10613  -0.022900
10614  -0.027300
10615  -0.027900
10616  -0.018300
10617  -0.018400
10618  -0.012000
10619  -0.006600
10620  -0.008700
10621  -0.015900
10622  -0.013900
10623  -0.003400
10624  -0.004000
10625  -0.004300
10626  -0.010500
10627  -0.010900
10628   0.004900
10629   0.010100
10630   0.005500
10631   0.013100
10632   0.005800
10633  -0.001400
10634   0.001900
10635  -0.000600
10636  -0.002100
10637  -0.001900
10638  -0.007100
10639  -0.003000
10640   0.006200
10641  -0.005800
10642  -0.006700
10643   0.001100
10644   0.007800
10645   0.003800
10646   0.000400
10647  -0.001500
10648   0.004800
10649   0.002200
10650  -0.002400
10651  -0.002000
10652  -0.001800
10653   0.006500
10654   0.010600
10655   0.013200
10656   0.017100
10657   0.015800
10658   0.005900
10659  -0.000300
10660   0.002300
10661   0.006100
10662   0.003000
10663   0.004400
10664   0.003100
10665  -0.001800
10666  -0.004200
10667   0.000200
10668  -0.005900
10669  -0.014400
10670  -0.016200
10671  -0.010400
10672  -0.000600
10673  -0.012300
10674  -0.021100
10675  -0.011700
10676  -0.014300
10677  -0.030400
10678  -0.022700
10679  -0.021900
10680  -0.009500
10681  -0.017700
10682  -0.017000
10683  -0.026900
10684  -0.034500
10685  -0.038800
10686  -0.041200
10687  -0.027900
10688  -0.029100
10689  -0.021800
10690  -0.018500
10691  -0.012500
10692  -0.001900
10693  -0.010500
10694  -0.009300
10695  -0.009000
10696  -0.011000
10697  -0.011300
10698  -0.003100
10699  -0.000200
10700  -0.008000
10701  -0.006000
10702   0.000100
10703  -0.002000
10704   0.002600
10705  -0.006000
10706  -0.009000
10707   0.000800
10708   0.000900
10709   0.004200
10710   0.007300
10711  -0.000400
10712   0.000300
10713  -0.000600
10714   0.002700
10715   0.005800
10716   0.013100
10717   0.018800
10718   0.016300
10719   0.016100
10720   0.022700
10721   0.015400
10722   0.013800
10723   0.027200
10724   0.020000
10725   0.016800
10726   0.024900
10727   0.022800
10728   0.019900
10729   0.019000
10730   0.016300
10731   0.013500
10732   0.006400
10733   0.005200
10734   0.001600
10735  -0.005800
10736  -0.002500
10737  -0.007700
10738   0.000200
10739  -0.003200
10740  -0.000900
10741  -0.004200
10742  -0.000500
10743  -0.002400
10744  -0.007900
10745  -0.004900
10746   0.001400
10747   0.000100
10748  -0.000300
10749  -0.000500
10750   0.002200
10751   0.003200
10752   0.003100
10753  -0.000400
10754   0.002300
10755   0.005100
10756   0.002000
10757   0.007800
10758   0.011200
10759   0.012700
10760   0.000400
10761  -0.000100
10762   0.005000
10763   0.016900
10764   0.015600
10765   0.013200
10766   0.006900
10767   0.006800
10768   0.004700
10769   0.002900
10770   0.002100
10771   0.000900
10772  -0.005600
10773  -0.006600
10774  -0.016200
10775  -0.019300
10776  -0.002700
10777  -0.014300
10778  -0.016800
10779  -0.008200
10780  -0.002100
10781  -0.004700
10782  -0.007300
10783  -0.001700
10784   0.004800
10785   0.007800
10786   0.000700
10787   0.006800
10788   0.006600
10789   0.019400
10790   0.010300
10791   0.010000
10792   0.000900
10793  -0.007300
10794   0.005700
10795   0.010100
10796   0.012100
10797   0.022700
10798   0.017600
10799   0.011000
10800   0.011500
10801   0.016300
10802   0.019500
10803   0.025700
10804   0.032500
10805   0.034700
10806   0.027000
10807   0.027700
10808   0.020500
10809   0.030900
10810   0.036700
10811   0.028900
10812   0.022500
10813   0.025700
10814   0.024400
10815   0.026400
10816   0.019000
10817   0.025900
10818   0.014200
10819   0.014800
10820   0.019800
10821   0.020800
10822   0.023300
10823   0.018700
10824   0.016000
10825   0.022400
10826   0.018800
10827   0.014400
10828   0.028200
10829   0.027100
10830   0.027800
10831   0.025500
10832   0.030800
10833   0.027600
10834   0.019300
10835   0.017200
10836   0.003000
10837   0.001400
10838  -0.006500
10839  -0.011000
10840  -0.003200
10841  -0.006900
10842  -0.012500
10843  -0.014300
10844  -0.008200
10845  -0.005800
10846   0.002400
10847   0.007900
10848  -0.005500
10849  -0.003700
10850  -0.010300
10851  -0.017400
10852  -0.030000
10853  -0.029400
10854  -0.030400
10855  -0.024300
10856  -0.018200
10857  -0.023800
10858  -0.007700
10859  -0.000100
10860   0.001400
10861   0.004200
10862   0.008800
10863   0.003900
10864   0.003300
10865   0.001900
10866   0.001800
10867   0.012700
10868   0.010700
10869   0.011700
10870   0.019700
10871   0.022800
10872   0.026900
10873   0.016700
10874   0.023000
10875   0.034700
10876   0.040800
10877   0.046700
10878   0.050700
10879   0.048500
10880   0.052200
10881   0.055600
10882   0.052000
10883   0.062100
10884   0.059400
10885   0.049400
10886   0.049500
10887   0.045500
10888   0.046000
10889   0.046800
10890   0.039500
10891   0.045700
10892   0.044400
10893   0.043200
10894   0.043500
10895   0.038800
10896   0.043300
10897   0.037300
10898   0.046600
10899   0.049100
10900   0.043600
10901   0.037900
10902   0.034600
10903   0.034600
10904   0.040000
10905   0.055500
10906   0.064600
10907   0.056600
10908   0.065300
10909   0.068700
10910   0.074400
10911   0.062200
10912   0.060400
10913   0.052300
10914   0.062400
10915   0.073700
10916   0.067300
10917   0.071600
10918   0.073000
10919   0.074000
10920   0.078900
10921   0.078700
10922   0.071900
10923   0.076700
10924   0.083000
10925   0.084100
10926   0.080300
10927   0.082500
10928   0.077900
10929   0.076000
10930   0.076700
10931   0.069800
10932   0.076500
10933   0.075900
10934   0.068100
10935   0.070000
10936   0.068200
10937   0.068600
10938   0.069800
10939   0.074200
10940   0.080400
10941   0.077400
10942   0.067100
10943   0.060200
10944   0.064200
10945   0.058400
10946   0.044200
10947   0.043400
10948   0.039900
10949   0.047400
10950   0.049200
10951   0.056700
10952   0.057800
10953   0.057800
10954   0.054400
10955   0.046800
10956   0.048900
10957   0.041400
10958   0.039000
10959   0.032300
10960   0.022000
10961   0.033300
10962   0.028900
10963   0.032600
10964   0.030500
10965   0.029000
10966   0.015200
10967   0.034100
10968   0.031200
10969   0.024900
10970   0.024000
10971   0.011900
10972   0.017800
10973   0.005900
10974   0.002000
10975   0.002000
10976  -0.001500
10977   0.000100
10978   0.005700
10979   0.005000
10980   0.010600
10981   0.010300
10982   0.009800
10983   0.009900
10984   0.005100
10985   0.015300
10986   0.015800
10987   0.017500
10988   0.028300
10989   0.015900
10990   0.015500
10991   0.018100
10992   0.021400
10993   0.020300
10994   0.030600
10995   0.034300
10996   0.035400
10997   0.030700
10998   0.030100
10999   0.031300
11000   0.027000
11001   0.021800
11002   0.027000
11003   0.023800
11004   0.018200
11005   0.004600
11006   0.013400
11007   0.010900
11008   0.018900
11009   0.026700
11010   0.025700
11011   0.033000
11012   0.025600
11013   0.028700
11014   0.025700
11015   0.014700
11016   0.016100
11017   0.010200
11018   0.006400
11019  -0.002000
11020   0.005700
11021   0.013300
11022   0.011400
11023   0.019400
11024   0.025200
11025   0.027200
11026   0.018700
11027   0.028500
11028   0.031800
11029   0.035300
11030   0.040900
11031   0.047600
11032   0.039100
11033   0.043700
11034   0.055300
11035   0.052200
11036   0.042000
11037   0.038600
11038   0.038200
11039   0.044700
11040   0.049100
11041   0.048800
11042   0.049100
11043   0.054600
11044   0.036600
11045   0.042300
11046   0.041100
11047   0.029500
11048   0.014200
11049   0.013200
11050   0.009500
11051   0.013400
11052   0.010800
11053   0.016600
11054   0.025300
11055   0.031500
11056   0.020800
11057   0.021700
11058   0.023300
11059   0.034400
11060   0.042800
11061   0.040100
11062   0.031200
11063   0.028100
11064   0.027200
11065   0.027100
11066   0.033700
11067   0.043800
11068   0.043400
11069   0.043300
11070   0.040000
11071   0.033300
11072   0.036200
11073   0.038300
11074   0.024400
11075   0.029700
11076   0.025500
11077   0.028000
11078   0.039200
11079   0.041200
11080   0.043300
11081   0.044800
11082   0.061600
11083   0.041200
11084   0.040300
11085   0.033900
11086   0.034800
11087   0.037500
11088   0.033600
11089   0.026800
11090   0.025000
11091   0.031100
11092   0.029800
11093   0.026500
11094   0.034300
11095   0.036900
11096   0.035000
11097   0.019700
11098   0.009900
11099   0.020800
11100   0.021500
11101   0.018700
11102   0.025300
11103   0.016800
11104   0.016800
11105   0.018900
11106   0.021900
11107   0.019900
11108   0.021400
11109   0.011300
11110   0.009400
11111   0.008400
11112   0.009300
11113  -0.003200
11114  -0.002600
11115   0.000000
11116  -0.007400
11117  -0.011100
11118  -0.013700
11119  -0.009400
11120   0.002500
11121  -0.000400
11122   0.004200
11123  -0.000700
11124   0.014700
11125   0.008700
11126   0.012200
11127   0.024600
11128   0.025700
11129   0.032400
11130   0.034000
11131   0.019200
11132   0.010200
11133   0.016100
11134   0.012600
11135  -0.002900
11136  -0.012200
11137  -0.011200
11138  -0.004600
11139  -0.002900
11140  -0.000900
11141   0.008000
11142   0.005700
11143  -0.005500
11144   0.006300
11145  -0.000800
11146   0.009800
11147   0.014000
11148   0.003900
11149   0.002200
11150   0.000500
11151  -0.004700
11152  -0.005800
11153  -0.007600
11154  -0.006400
11155  -0.014100
11156  -0.012200
11157  -0.015400
11158  -0.013700
11159  -0.005400
11160  -0.001800
11161  -0.003300
11162   0.015800
11163   0.015600
11164   0.016200
11165   0.022500
11166   0.033300
11167   0.027100
11168   0.015000
11169   0.019900
11170   0.015200
11171   0.012600
11172   0.006400
11173   0.001500
11174   0.002100
11175  -0.005200
11176   0.000900
11177   0.002500
11178   0.001800
11179   0.006200
11180   0.004800
11181  -0.000500
11182   0.003400
11183  -0.003100
11184   0.000500
11185  -0.011200
11186  -0.011100
11187  -0.013000
11188  -0.011900
11189  -0.014700
11190  -0.021700
11191  -0.018500
11192  -0.020900
11193  -0.017700
11194  -0.021500
11195  -0.006000
11196  -0.010100
11197  -0.001200
11198  -0.002500
11199  -0.013000
11200  -0.022100
11201  -0.021100
11202  -0.028500
11203  -0.033500
11204  -0.028300
11205  -0.035100
11206  -0.029300
11207  -0.026600
11208  -0.037200
11209  -0.042200
11210  -0.036500
11211  -0.034400
11212  -0.030500
11213  -0.028700
11214  -0.032400
11215  -0.032400
11216  -0.027100
11217  -0.030600
11218  -0.034600
11219  -0.029100
11220  -0.032300
11221  -0.033000
11222  -0.031900
11223  -0.036600
11224  -0.027400
11225  -0.017000
11226  -0.005900
11227  -0.001200
11228  -0.003400
11229   0.001800
11230   0.012500
11231   0.007100
11232   0.003600
11233   0.005200
11234   0.010100
11235   0.004200
11236   0.004600
11237   0.001700
11238   0.007400
11239   0.005300
11240  -0.002100
11241   0.004300
11242  -0.002100
11243  -0.009800
11244  -0.004300
11245  -0.000500
11246   0.013700
11247   0.010300
11248   0.012400
11249   0.017300
11250   0.019100
11251   0.018900
11252   0.016500
11253   0.026600
11254   0.016100
11255   0.019700
11256   0.025000
11257   0.017800
11258   0.026900
11259   0.023000
11260   0.026100
11261   0.015900
11262   0.015500
11263   0.019800
11264   0.012700
11265   0.005400
11266   0.016500
11267   0.000700
11268   0.006300
11269   0.011300
11270   0.015000
11271   0.003500
11272   0.009000
11273   0.005400
11274   0.012600
11275   0.011200
11276   0.008300
11277   0.016400
11278   0.011100
11279   0.018100
11280   0.024100
11281   0.035300
11282   0.039700
11283   0.049700
11284   0.049200
11285   0.063000
11286   0.060700
11287   0.060500
11288   0.063900
11289   0.071900
11290   0.068100
11291   0.069000
11292   0.072100
11293   0.062100
11294   0.059900
11295   0.067200
11296   0.063900
11297   0.060900
11298   0.071800
11299   0.073700
11300   0.072900
11301   0.072100
11302   0.060300
11303   0.066100
11304   0.065900
11305   0.055800
11306   0.062200
11307   0.062500
11308   0.052500
11309   0.058000
11310   0.040200
11311   0.039000
11312   0.037600
11313   0.042000
11314   0.043200
11315   0.035700
11316   0.042000
11317   0.051500
11318   0.059000
11319   0.047800
11320   0.047800
11321   0.047800
11322   0.058400
11323   0.065600
11324   0.064500
11325   0.062000
11326   0.067800
11327   0.076000
11328   0.075200
11329   0.075900
11330   0.077600
11331   0.072500
11332   0.065100
11333   0.071500
11334   0.069400
11335   0.065200
11336   0.068200
11337   0.059400
11338   0.058600
11339   0.051000
11340   0.063000
11341   0.078600
11342   0.079300
11343   0.087200
11344   0.081100
11345   0.085800
11346   0.076200
11347   0.070900
11348   0.062600
11349   0.060800
11350   0.067200
11351   0.063800
11352   0.072600
11353   0.079000
11354   0.079900
11355   0.066300
11356   0.059200
11357   0.058300
11358   0.059600
11359   0.045800
11360   0.041800
11361   0.043300
11362   0.041700
11363   0.041700
11364   0.046400
11365   0.048100
11366   0.050700
11367   0.049300
11368   0.044300
11369   0.037500
11370   0.039900
11371   0.035900
11372   0.045000
11373   0.044500
11374   0.047500
11375   0.035600
11376   0.034100
11377   0.038100
11378   0.046500
11379   0.042900
11380   0.050400
11381   0.044200
11382   0.051400
11383   0.057100
11384   0.056000
11385   0.064700
11386   0.063600
11387   0.065700
11388   0.075200
11389   0.067400
11390   0.073500
11391   0.070000
11392   0.074800
11393   0.066700
11394   0.070800
11395   0.058800
11396   0.059600
11397   0.061200
11398   0.062400
11399   0.073700
11400   0.063500
11401   0.056700
11402   0.047600
11403   0.058400
11404   0.055800
11405   0.042400
11406   0.049000
11407   0.067100
11408   0.067300
11409   0.070900
11410   0.074100
11411   0.063400
11412   0.071300
11413   0.067300
11414   0.065600
11415   0.068400
11416   0.062900
11417   0.060700
11418   0.055400
11419   0.062800
11420   0.065400
11421   0.064400
11422   0.064000
11423   0.064700
11424   0.066500
11425   0.066700
11426   0.058600
11427   0.059300
11428   0.064100
11429   0.060400
11430   0.060500
11431   0.054100
11432   0.058700
11433   0.057300
11434   0.055500
11435   0.050800
11436   0.046400
11437   0.036400
11438   0.052800
11439   0.049200
11440   0.048100
11441   0.057300
11442   0.052000
11443   0.045200
11444   0.054700
11445   0.057000
11446   0.047800
11447   0.040300
11448   0.047500
11449   0.049000
11450   0.053500
11451   0.043400
11452   0.041500
11453   0.038800
11454   0.038400
11455   0.046900
11456   0.039800
11457   0.034900
11458   0.034400
11459   0.038300
11460   0.036000
11461   0.033300
11462   0.032400
11463   0.041300
11464   0.046100
11465   0.048800
11466   0.033900
11467   0.040400
11468   0.045400
11469   0.044900
11470   0.044900
11471   0.050500
11472   0.048700
11473   0.059100
11474   0.056100
11475   0.052500
11476   0.056000
11477   0.059600
11478   0.049900
11479   0.045400
11480   0.037400
11481   0.042100
11482   0.038200
11483   0.043000
11484   0.044800
11485   0.057900
11486   0.057000
11487   0.058800
11488   0.065600
11489   0.066400
11490   0.071500
11491   0.072000
11492   0.066000
11493   0.068700
11494   0.069800
11495   0.082400
11496   0.073700
11497   0.080200
11498   0.082600
11499   0.091100
11500   0.094600
11501   0.096700
11502   0.093700
11503   0.083000
11504   0.085100
11505   0.090200
11506   0.092200
11507   0.079200
11508   0.081900
11509   0.078500
11510   0.080300
11511   0.084900
11512   0.085700
11513   0.084600
11514   0.077200
11515   0.070900
11516   0.071800
11517   0.070700
11518   0.079400
11519   0.084100
11520   0.073600
11521   0.069700
11522   0.048800
11523   0.053100
11524   0.051800
11525   0.051800
11526   0.052200
11527   0.058600
11528   0.059300
11529   0.060500
11530   0.062400
11531   0.060000
11532   0.062100
11533   0.063000
11534   0.068600
11535   0.067800
11536   0.084500
11537   0.077300
11538   0.070700
11539   0.072300
11540   0.067100
11541   0.062500
11542   0.053300
11543   0.052600
11544   0.048200
11545   0.045500
11546   0.036300
11547   0.032500
11548   0.033700
11549   0.034200
11550   0.033700
11551   0.027700
11552   0.030500
11553   0.020900
11554   0.017600
11555   0.026900
11556   0.022700
11557   0.020000
11558   0.016600
11559   0.026000
11560   0.035900
11561   0.034000
11562   0.034000
11563   0.022700
11564   0.021700
11565   0.022400
11566   0.023300
11567   0.029100
11568   0.024000
11569   0.012500
11570   0.009200
11571   0.013600
11572   0.018700
11573   0.025100
11574   0.024100
11575   0.021800
11576   0.026100
11577   0.026900
11578   0.019300
11579   0.022900
11580   0.019200
11581   0.005900
11582   0.002000
11583   0.000400
11584   0.005800
11585  -0.006800
11586  -0.014300
11587  -0.004100
11588   0.005500
11589   0.006900
11590   0.014200
11591   0.010400
11592   0.004500
11593   0.011800
11594   0.010100
11595  -0.000200
11596   0.006400
11597   0.008500
11598   0.006200
11599   0.000900
11600   0.000500
11601   0.004600
11602   0.000800
11603  -0.010600
11604  -0.002200
11605  -0.005000
11606  -0.009500
11607  -0.006300
11608  -0.004600
11609  -0.006500
11610  -0.002200
11611  -0.002500
11612  -0.005500
11613  -0.002600
11614   0.003700
11615   0.004200
11616   0.013300
11617   0.017800
11618   0.005000
11619   0.002600
11620   0.008700
11621   0.017500
11622   0.014700
11623   0.012100
11624   0.014300
11625   0.011500
11626   0.010500
11627   0.019000
11628   0.011400
11629   0.013300
11630   0.012800
11631   0.019700
11632   0.019700
11633   0.010100
11634   0.019000
11635   0.018700
11636   0.012900
11637   0.012200
11638   0.009000
11639   0.005700
11640   0.005100
11641   0.010100
11642   0.016500
11643   0.017600
11644   0.017500
11645   0.018200
11646   0.017500
11647   0.012400
11648   0.014200
11649   0.026500
11650   0.016800
11651   0.034900
11652   0.043200
11653   0.029900
11654   0.023300
11655   0.029400
11656   0.022200
11657   0.023400
11658   0.010200
11659   0.005500
11660   0.006200
11661   0.011900
11662  -0.001400
11663   0.002200
11664   0.007800
11665  -0.000400
11666  -0.003200
11667   0.004600
11668   0.003400
11669   0.012500
11670   0.002500
11671   0.009500
11672   0.003200
11673  -0.000100
11674  -0.003700
11675  -0.008900
11676  -0.002500
11677  -0.000200
11678   0.003700
11679   0.000500
11680  -0.000600
11681   0.010200
11682   0.010900
11683   0.002100
11684  -0.000900
11685  -0.000400
11686   0.007200
11687   0.006700
11688   0.010000
11689   0.022800
11690   0.013900
11691   0.021200
11692   0.019700
11693   0.023400
11694   0.025000
11695   0.014700
11696   0.009000
11697   0.011700
11698   0.007100
11699  -0.000400
11700  -0.004800
11701   0.001800
11702  -0.001200
11703   0.002400
11704   0.009800
11705  -0.001900
11706  -0.000600
11707  -0.010400
11708  -0.022500
11709  -0.022800
11710  -0.015900
11711  -0.028000
11712  -0.037600
11713  -0.035600
11714  -0.028900
11715  -0.028400
11716  -0.032400
11717  -0.022600
11718  -0.022500
11719  -0.025000
11720  -0.017600
11721  -0.019700
11722  -0.016300
11723  -0.013400
11724  -0.016600
11725  -0.027500
11726  -0.018700
11727  -0.027400
11728  -0.018900
11729  -0.024000
11730  -0.016400
11731  -0.009300
11732  -0.009900
11733  -0.011100
11734  -0.007100
11735  -0.000100
11736   0.005400
11737   0.009400
11738   0.001000
11739   0.000800
11740  -0.007500
11741  -0.003400
11742  -0.008500
11743  -0.002200
11744  -0.002400
11745   0.003700
11746   0.007800
11747  -0.000600
11748   0.003500
11749   0.010900
11750   0.017000
11751   0.013100
11752   0.010900
11753   0.021300
11754   0.020500
11755   0.022000
11756   0.028800
11757   0.039800
11758   0.039900
11759   0.044700
11760   0.046800
11761   0.043200
11762   0.048900
11763   0.054400
11764   0.049400
11765   0.046600
11766   0.052100
11767   0.053800
11768   0.047200
11769   0.044400
11770   0.048100
11771   0.038400
11772   0.034400
11773   0.026400
11774   0.037700
11775   0.040300
11776   0.031400
11777   0.027400
11778   0.030900
11779   0.041000
11780   0.034600
11781   0.033100
11782   0.029400
11783   0.033000
11784   0.017000
11785   0.028400
11786   0.026600
11787   0.019700
11788   0.014100
11789   0.014700
11790   0.018500
11791   0.027800
11792   0.034600
11793   0.038800
11794   0.044800
11795   0.041400
11796   0.052500
11797   0.046100
11798   0.052100
11799   0.051700
11800   0.049800
11801   0.031200
11802   0.027400
11803   0.021900
11804   0.025100
11805   0.028100
11806   0.026900
11807   0.033600
11808   0.036800
11809   0.035500
11810   0.028600
11811   0.027800
11812   0.029900
11813   0.027700
11814   0.041800
11815   0.050300
11816   0.053700
11817   0.048400
11818   0.036100
11819   0.033200
11820   0.024600
11821   0.021800
11822   0.023300
11823   0.027500
11824   0.015100
11825   0.026300
11826   0.032600
11827   0.034200
11828   0.035100
11829   0.039000
11830   0.036300
11831   0.035400
11832   0.042000
11833   0.044000
11834   0.047200
11835   0.054000
11836   0.041700
11837   0.043200
11838   0.044900
11839   0.048100
11840   0.046900
11841   0.037400
11842   0.046700
11843   0.029400
11844   0.031000
11845   0.019300
11846   0.029200
11847   0.027700
11848   0.024300
11849   0.014100
11850   0.017100
11851   0.018000
11852   0.023000
11853   0.025100
11854   0.030700
11855   0.025400
11856   0.018600
11857   0.018200
11858   0.028100
11859   0.028800
11860   0.032000
11861   0.031800
11862   0.034200
11863   0.036800
11864   0.031400
11865   0.026000
11866   0.026700
11867   0.010600
11868   0.001200
11869   0.005300
11870   0.016200
11871   0.019000
11872   0.014300
11873   0.007900
11874   0.005600
11875   0.016100
11876   0.014100
11877   0.026700
11878   0.024700
11879   0.030600
11880   0.036200
11881   0.037800
11882   0.048900
11883   0.040000
11884   0.033800
11885   0.027600
11886   0.027800
11887   0.029300
11888   0.045500
11889   0.037000
11890   0.023600
11891   0.024100
11892   0.026100
11893   0.027000
11894   0.022800
11895   0.028700
11896   0.036400
11897   0.037500
11898   0.038900
11899   0.025300
11900   0.022600
11901   0.017000
11902   0.017100
11903   0.021100
11904   0.022700
11905   0.027000
11906   0.037600
11907   0.036600
11908   0.033400
11909   0.035900
11910   0.042000
11911   0.042500
11912   0.044600
11913   0.038500
11914   0.035600
11915   0.029100
11916   0.034900
11917   0.031400
11918   0.028900
11919   0.026200
11920   0.037100
11921   0.040900
11922   0.053100
11923   0.051200
11924   0.061100
11925   0.058700
11926   0.070300
11927   0.071500
11928   0.073400
11929   0.076700
11930   0.077100
11931   0.065400
11932   0.061300
11933   0.064700
11934   0.060900
11935   0.058700
11936   0.055900
11937   0.061200
11938   0.051500
11939   0.048600
11940   0.048800
11941   0.055400
11942   0.056900
11943   0.052800
11944   0.050500
11945   0.061700
11946   0.057200
11947   0.056600
11948   0.051900
11949   0.046000
11950   0.056800
11951   0.050300
11952   0.044100
11953   0.044100
11954   0.042100
11955   0.052300
11956   0.053000
11957   0.062200
11958   0.065900
11959   0.062200
11960   0.068000
11961   0.049700
11962   0.058000
11963   0.064400
11964   0.063000
11965   0.054900
11966   0.058800
11967   0.051600
11968   0.043000
11969   0.052400
11970   0.046000
11971   0.045500
11972   0.036900
11973   0.044000
11974   0.039000
11975   0.040900
11976   0.025500
11977   0.028700
11978   0.019900
11979   0.015300
11980   0.021900
11981   0.014000
11982   0.014400
11983   0.007700
11984   0.003000
11985  -0.001500
11986   0.000600
11987   0.001400
11988  -0.004500
11989  -0.008300
11990   0.000100
11991  -0.009500
11992  -0.006600
11993  -0.016000
11994  -0.018200
11995  -0.014300
11996  -0.020100
11997  -0.021000
11998  -0.022900
11999  -0.017900
12000  -0.024500
12001  -0.016500
12002  -0.021200
12003  -0.014900
12004  -0.007400
12005  -0.012600
12006  -0.020200
12007  -0.014700
12008  -0.012300
12009  -0.021800
12010  -0.019500
12011  -0.016600
12012  -0.015000
12013  -0.021800
12014  -0.020500
12015  -0.026600
12016  -0.018900
12017  -0.005800
12018  -0.001700
12019  -0.012000
12020  -0.025600
12021  -0.021900
12022  -0.015700
12023  -0.008900
12024  -0.017800
12025  -0.011800
12026  -0.012600
12027  -0.015300
12028  -0.011800
12029  -0.018900
12030  -0.011900
12031   0.003300
12032   0.007600
12033   0.003100
12034   0.009400
12035   0.020000
12036   0.014500
12037   0.017900
12038   0.010600
12039   0.005900
12040   0.006400
12041   0.013900
12042   0.016100
12043   0.015300
12044   0.015000
12045   0.015300
12046   0.012000
12047   0.023200
12048   0.025900
12049   0.027000
12050   0.034400
12051   0.034100
12052   0.028300
12053   0.020000
12054   0.019500
12055   0.014800
12056   0.023600
12057   0.027200
12058   0.026000
12059   0.040500
12060   0.035100
12061   0.027800
12062   0.038400
12063   0.047600
12064   0.052400
12065   0.049500
12066   0.053800
12067   0.055500
12068   0.065300
12069   0.060700
12070   0.059800
12071   0.051000
12072   0.051400
12073   0.052600
12074   0.060000
12075   0.067300
12076   0.069400
12077   0.050600
12078   0.052400
12079   0.044300
12080   0.035400
12081   0.041700
12082   0.048700
12083   0.054200
12084   0.053400
12085   0.051900
12086   0.047900
12087   0.045000
12088   0.043600
12089   0.043200
12090   0.047600
12091   0.061500
12092   0.058700
12093   0.062900
12094   0.058900
12095   0.059100
12096   0.047300
12097   0.038600
12098   0.030400
12099   0.035000
12100   0.034200
12101   0.046800
12102   0.048300
12103   0.047200
12104   0.046000
12105   0.042800
12106   0.042000
12107   0.046900
12108   0.052000
12109   0.061000
12110   0.056600
12111   0.051400
12112   0.075200
12113   0.068600
12114   0.064700
12115   0.067200
12116   0.071900
12117   0.065900
12118   0.068600
12119   0.050100
12120   0.048700
12121   0.044600
12122   0.051700
12123   0.039300
12124   0.041400
12125   0.042100
12126   0.027600
12127   0.029300
12128   0.030100
12129   0.018300
12130   0.023500
12131   0.015300
12132   0.016600
12133   0.019600
12134   0.033200
12135   0.036500
12136   0.038300
12137   0.047700
12138   0.050500
12139   0.053200
12140   0.056500
12141   0.062700
12142   0.060600
12143   0.063100
12144   0.058300
12145   0.050000
12146   0.066300
12147   0.072200
12148   0.061600
12149   0.055300
12150   0.043500
12151   0.037900
12152   0.043800
12153   0.045300
12154   0.049000
12155   0.055800
12156   0.051800
12157   0.050800
12158   0.051800
12159   0.049400
12160   0.055200
12161   0.053000
12162   0.049900
12163   0.046200
12164   0.048600
12165   0.050500
12166   0.040500
12167   0.037800
12168   0.018800
12169   0.019800
12170   0.020500
12171   0.012400
12172   0.016600
12173   0.009400
12174   0.003800
12175   0.017600
12176   0.016600
12177   0.029200
12178   0.035500
12179   0.031600
12180   0.038400
12181   0.048000
12182   0.050500
12183   0.057800
12184   0.042800
12185   0.044300
12186   0.045300
12187   0.037700
12188   0.040700
12189   0.044600
12190   0.041800
12191   0.041400
12192   0.044200
12193   0.044500
12194   0.040900
12195   0.043900
12196   0.044500
12197   0.045800
12198   0.044200
12199   0.036700
12200   0.030000
12201   0.025200
12202   0.028700
12203   0.030500
12204   0.017900
12205   0.029200
12206   0.036400
12207   0.028500
12208   0.018700
12209   0.011400
12210   0.013500
12211   0.016000
12212   0.021000
12213   0.006600
12214   0.018300
12215   0.022800
12216   0.019700
12217   0.017700
12218   0.020500
12219   0.017400
12220   0.023200
12221   0.020200
12222   0.012600
12223   0.014400
12224   0.010000
12225   0.003900
12226   0.000700
12227  -0.004300
12228  -0.013700
12229  -0.012700
12230  -0.009700
12231  -0.003100
12232  -0.002700
12233  -0.010800
12234  -0.015100
12235  -0.008700
12236   0.003300
12237   0.000100
12238   0.001100
12239   0.002800
12240   0.001900
12241   0.008000
12242   0.013800
12243   0.022100
12244   0.030700
12245   0.031300
12246   0.033600
12247   0.036500
12248   0.040600
12249   0.038500
12250   0.037400
12251   0.039100
12252   0.033000
12253   0.036900
12254   0.032400
12255   0.032700
12256   0.031000
12257   0.041700
12258   0.041900
12259   0.033800
12260   0.048400
12261   0.043600
12262   0.044200
12263   0.047200
12264   0.043100
12265   0.040200
12266   0.051600
12267   0.047900
12268   0.051000
12269   0.058700
12270   0.042400
12271   0.046600
12272   0.039200
12273   0.033500
12274   0.033900
12275   0.034600
12276   0.031500
12277   0.024200
12278   0.012500
12279   0.011300
12280   0.000000
12281   0.011200
12282   0.011100
12283   0.004300
12284  -0.001600
12285  -0.000600
12286  -0.005300
12287  -0.008000
12288  -0.007000
12289  -0.008400
12290  -0.006000
12291  -0.003200
12292  -0.006200
12293  -0.007000
12294  -0.006500
12295  -0.002300
12296   0.004400
12297   0.000800
12298   0.001800
12299   0.002400
12300   0.000200
12301   0.003200
12302   0.019300
12303   0.027800
12304   0.027600
12305   0.040400
12306   0.043500
12307   0.035600
12308   0.036800
12309   0.035900
12310   0.029400
12311   0.026200
12312   0.024100
12313   0.019400
12314   0.021400
12315   0.009400
12316   0.016700
12317   0.022300
12318   0.009300
12319   0.028200
12320   0.027000
12321   0.021200
12322   0.030300
12323   0.030000
12324   0.032200
12325   0.031100
12326   0.032900
12327   0.034100
12328   0.035000
12329   0.037800
12330   0.038100
12331   0.039000
12332   0.034600
12333   0.033600
12334   0.048500
12335   0.045100
12336   0.056200
12337   0.044300
12338   0.045000
12339   0.049000
12340   0.046400
12341   0.033300
12342   0.028300
12343   0.036200
12344   0.038700
12345   0.034700
12346   0.037400
12347   0.034700
12348   0.035500
12349   0.037600
12350   0.038300
12351   0.036200
12352   0.039300
12353   0.039200
12354   0.039600
12355   0.034700
12356   0.026000
12357   0.026100
12358   0.027800
12359   0.029300
12360   0.022200
12361   0.023700
12362   0.017900
12363   0.023800
12364   0.016100
12365   0.016200
12366   0.021300
12367   0.023500
12368   0.028000
12369   0.028700
12370   0.032500
12371   0.030400
12372   0.027300
12373   0.021600
12374   0.013600
12375   0.014000
12376   0.014000
12377   0.015100
12378   0.024300
12379   0.019500
12380   0.010700
12381   0.014900
12382   0.020900
12383   0.012800
12384   0.018700
12385   0.021800
12386   0.029200
12387   0.025700
12388   0.041000
12389   0.052200
12390   0.042700
12391   0.040100
12392   0.033100
12393   0.025300
12394   0.029800
12395   0.037200
12396   0.036600
12397   0.034400
12398   0.034800
12399   0.036300
12400   0.043200
12401   0.046000
12402   0.062400
12403   0.043600
12404   0.047400
12405   0.048300
12406   0.041900
12407   0.045600
12408   0.047600
12409   0.048500
12410   0.050900
12411   0.043100
12412   0.035100
12413   0.031800
12414   0.035800
12415   0.032000
12416   0.034500
12417   0.037700
12418   0.037200
12419   0.039300
12420   0.038700
12421   0.036900
12422   0.040500
12423   0.044900
12424   0.044800
12425   0.043700
12426   0.047500
12427   0.039900
12428   0.029700
12429   0.037700
12430   0.025700
12431   0.020000
12432   0.013900
12433   0.010200
12434   0.020000
12435   0.012800
12436   0.011600
12437   0.010800
12438   0.004100
12439   0.004400
12440  -0.004500
12441   0.003200
12442  -0.002000
12443   0.001400
12444   0.017000
12445   0.010300
12446   0.020000
12447   0.012700
12448   0.017000
12449   0.022200
12450   0.025700
12451   0.023000
12452   0.019400
12453   0.026400
12454   0.018100
12455   0.028900
12456   0.028900
12457   0.036200
12458   0.034200
12459   0.035600
12460   0.038300
12461   0.036600
12462   0.027700
12463   0.014200
12464   0.015500
12465   0.011100
12466   0.019100
12467   0.011500
12468   0.018000
12469   0.023400
12470   0.030200
12471   0.023800
12472   0.004200
12473   0.006000
12474   0.014700
12475   0.017000
12476   0.011400
12477   0.000300
12478  -0.005400
12479  -0.002800
12480  -0.001200
12481   0.001000
12482   0.005400
12483   0.009500
12484   0.012300
12485   0.018500
12486   0.015500
12487   0.010300
12488   0.017100
12489   0.022400
12490   0.030600
12491   0.033700
12492   0.023700
12493   0.020900
12494   0.015500
12495   0.013300
12496   0.007900
12497   0.008300
12498  -0.006000
12499  -0.004600
12500  -0.013800
12501  -0.016600
12502  -0.020600
12503  -0.009900
12504   0.001000
12505   0.011600
12506   0.016200
12507   0.024400
12508   0.034300
12509   0.028000
12510   0.022100
12511   0.024100
12512   0.033200
12513   0.029300
12514   0.027300
12515   0.016600
12516   0.021000
12517   0.029000
12518   0.038400
12519   0.045300
12520   0.046300
12521   0.043200
12522   0.045700
12523   0.045800
12524   0.043200
12525   0.045400
12526   0.049500
12527   0.047900
12528   0.046300
12529   0.025700
12530   0.021900
12531   0.022400
12532   0.019300
12533   0.024600
12534   0.024600
12535   0.025600
12536   0.029800
12537   0.034900
12538   0.032200
12539   0.039700
12540   0.039900
12541   0.032200
12542   0.031700
12543   0.032400
12544   0.021600
12545   0.032900
12546   0.028200
12547   0.026300
12548   0.032500
12549   0.038700
12550   0.030900
12551   0.030600
12552   0.027100
12553   0.035400
12554   0.034600
12555   0.037200
12556   0.050900
12557   0.047400
12558   0.047200
12559   0.053200
12560   0.058900
12561   0.062500
12562   0.057200
12563   0.066600
12564   0.066600
12565   0.057500
12566   0.055000
12567   0.047300
12568   0.033800
12569   0.034500
12570   0.041500
12571   0.027900
12572   0.018400
12573   0.017700
12574   0.013900
12575  -0.000300
12576   0.003000
12577   0.009100
12578   0.004700
12579   0.019800
12580   0.022800
12581   0.023300
12582   0.014700
12583   0.020500
12584   0.028000
12585   0.024600
12586   0.018400
12587   0.023000
12588   0.017700
12589   0.009500
12590   0.010600
12591   0.009400
12592   0.012500
12593   0.023500
12594   0.017800
12595   0.015400
12596   0.018300
12597   0.023200
12598   0.030500
12599   0.026700
12600   0.022600
12601   0.018000
12602   0.013000
12603   0.016100
12604   0.015200
12605   0.007300
12606   0.000700
12607  -0.001700
12608  -0.010000
12609  -0.002800
12610  -0.000400
12611  -0.004600
12612  -0.008600
12613  -0.003800
12614   0.002400
12615   0.002100
12616  -0.001800
12617   0.002600
12618   0.002000
12619  -0.004200
12620  -0.000300
12621  -0.006700
12622  -0.010600
12623  -0.022300
12624  -0.031500
12625  -0.024600
12626  -0.014200
12627  -0.021800
12628  -0.023000
12629  -0.022500
12630  -0.024900
12631  -0.028300
12632  -0.023800
12633  -0.020700
12634  -0.015600
12635  -0.015000
12636  -0.020900
12637  -0.013200
12638  -0.018400
12639  -0.015900
12640  -0.014500
12641  -0.020100
12642  -0.021700
12643  -0.018400
12644  -0.021800
12645  -0.031700
12646  -0.033800
12647  -0.041900
12648  -0.051600
12649  -0.043400
12650  -0.040900
12651  -0.041500
12652  -0.031900
12653  -0.030700
12654  -0.033200
12655  -0.027400
12656  -0.032600
12657  -0.035600
12658  -0.035000
12659  -0.037000
12660  -0.035600
12661  -0.035900
12662  -0.045700
12663  -0.046100
12664  -0.043800
12665  -0.052300
12666  -0.048400
12667  -0.050400
12668  -0.043700
12669  -0.053900
12670  -0.047100
12671  -0.041400
12672  -0.044700
12673  -0.030900
12674  -0.027300
12675  -0.033700
12676  -0.046000
12677  -0.046400
12678  -0.044000
12679  -0.050900
12680  -0.054900
12681  -0.043100
12682  -0.029600
12683  -0.020100
12684  -0.026900
12685  -0.026800
12686  -0.029200
12687  -0.032000
12688  -0.034400
12689  -0.023300
12690  -0.024200
12691  -0.017000
12692  -0.020200
12693  -0.004700
12694  -0.014000
12695  -0.022000
12696  -0.030500
12697  -0.031000
12698  -0.034900
12699  -0.039300
12700  -0.033800
12701  -0.028000
12702  -0.031900
12703  -0.036400
12704  -0.037500
12705  -0.033900
12706  -0.029300
12707  -0.040200
12708  -0.044000
12709  -0.053000
12710  -0.045500
12711  -0.038400
12712  -0.033700
12713  -0.018800
12714  -0.024600
12715  -0.025100
12716  -0.027700
12717  -0.032800
12718  -0.024700
12719  -0.029200
12720  -0.029300
12721  -0.034800
12722  -0.036800
12723  -0.038500
12724  -0.036900
12725  -0.040700
12726  -0.038700
12727  -0.049100
12728  -0.052800
12729  -0.048300
12730  -0.045700
12731  -0.046800
12732  -0.052300
12733  -0.051900
12734  -0.046300
12735  -0.050500
12736  -0.043400
12737  -0.041500
12738  -0.040700
12739  -0.044800
12740  -0.030300
12741  -0.027300
12742  -0.027500
12743  -0.026000
12744  -0.017500
12745  -0.019100
12746  -0.020200
12747  -0.027800
12748  -0.025200
12749  -0.022100
12750  -0.022300
12751  -0.034100
12752  -0.026700
12753  -0.023000
12754  -0.021400
12755  -0.026700
12756  -0.023400
12757  -0.031900
12758  -0.037700
12759  -0.028000
12760  -0.031100
12761  -0.022000
12762  -0.011200
12763  -0.017500
12764  -0.006300
12765   0.002700
12766   0.006000
12767   0.010400
12768   0.006300
12769   0.010200
12770   0.007200
12771   0.020300
12772   0.021900
12773   0.030600
12774   0.033500
12775   0.035400
12776   0.028500
12777   0.028600
12778   0.031300
12779   0.028500
12780   0.030300
12781   0.029800
12782   0.019700
12783   0.017400
12784  -0.000500
12785  -0.005000
12786  -0.001000
12787   0.009100
12788   0.012500
12789   0.020100
12790   0.017600
12791   0.020200
12792   0.021300
12793   0.019900
12794   0.020100
12795   0.019200
12796   0.010300
12797   0.016300
12798   0.015700
12799   0.013200
12800   0.008000
12801   0.006100
12802   0.018000
12803   0.011500
12804   0.010100
12805   0.010400
12806   0.012200
12807   0.010600
12808   0.010200
12809   0.007400
12810   0.008600
12811   0.000400
12812   0.001800
12813  -0.003900
12814  -0.005300
12815  -0.004600
12816   0.004400
12817  -0.000800
12818   0.005600
12819   0.012100
12820   0.007200
12821   0.007300
12822   0.012400
12823   0.010200
12824   0.011600
12825   0.008500
12826   0.004400
12827   0.014400
12828   0.021600
12829   0.014900
12830   0.020000
12831   0.025700
12832   0.028000
12833   0.033400
12834   0.032800
12835   0.032400
12836   0.039200
12837   0.035600
12838   0.043400
12839   0.045900
12840   0.049500
12841   0.056100
12842   0.065100
12843   0.065600
12844   0.058900
12845   0.056500
12846   0.062300
12847   0.063800
12848   0.076700
12849   0.066200
12850   0.076000
12851   0.083900
12852   0.076200
12853   0.087900
12854   0.083000
12855   0.068600
12856   0.063300
12857   0.050200
12858   0.049600
12859   0.050400
12860   0.045300
12861   0.047000
12862   0.049400
12863   0.051700
12864   0.053400
12865   0.050100
12866   0.057300
12867   0.051000
12868   0.054800
12869   0.054100
12870   0.053400
12871   0.049000
12872   0.046100
12873   0.053000
12874   0.048900
12875   0.043300
12876   0.053300
12877   0.051100
12878   0.049000
12879   0.041100
12880   0.045100
12881   0.036300
12882   0.037500
12883   0.040900
12884   0.037200
12885   0.030200
12886   0.030200
12887   0.032200
12888   0.026900
12889   0.025500
12890   0.016800
12891   0.012100
12892   0.001700
12893   0.004000
12894  -0.001500
12895  -0.003000
12896   0.000400
12897   0.004100
12898   0.003900
12899  -0.001200
12900  -0.003500
12901  -0.004000
12902  -0.008200
12903  -0.006800
12904   0.005700
12905   0.015100
12906   0.016900
12907   0.018300
12908   0.012000
12909   0.010700
12910   0.006900
12911   0.013100
12912   0.017200
12913   0.023700
12914   0.011900
12915   0.007700
12916   0.019200
12917   0.005800
12918   0.017300
12919   0.019500
12920   0.009900
12921   0.008200
12922   0.002000
12923   0.015400
12924   0.016100
12925   0.010400
12926   0.001300
12927  -0.001000
12928   0.007300
12929   0.013700
12930   0.013100
12931   0.014300
12932   0.016700
12933   0.012500
12934  -0.005100
12935  -0.005800
12936  -0.011400
12937  -0.010100
12938  -0.013500
12939  -0.003100
12940   0.008000
12941   0.009300
12942   0.006100
12943   0.006700
12944   0.002800
12945   0.001700
12946  -0.002700
12947  -0.002000
12948  -0.008800
12949  -0.006200
12950  -0.008000
12951  -0.002600
12952   0.009700
12953   0.015500
12954   0.015900
12955   0.018600
12956   0.025600
12957   0.021700
12958   0.022200
12959   0.023200
12960   0.031800
12961   0.037000
12962   0.033700
12963   0.038000
12964   0.033600
12965   0.039000
12966   0.034700
12967   0.038900
12968   0.046200
12969   0.045700
12970   0.050700
12971   0.041900
12972   0.046300
12973   0.058700
12974   0.057100
12975   0.059000
12976   0.051200
12977   0.051400
12978   0.061800
12979   0.059700
12980   0.060300
12981   0.062300
12982   0.064600
12983   0.057600
12984   0.062300
12985   0.055000
12986   0.051800
12987   0.049000
12988   0.043700
12989   0.034600
12990   0.032100
12991   0.029500
12992   0.032100
12993   0.037800
12994   0.032500
12995   0.020100
12996   0.032900
12997   0.026200
12998   0.020500
12999   0.024000
13000   0.017400
13001   0.015900
13002   0.019400
13003   0.016300
13004   0.015400
13005   0.005500
13006   0.014400
13007   0.017200
13008   0.012500
13009   0.017000
13010   0.014100
13011   0.010400
13012   0.021400
13013   0.021700
13014   0.013500
13015   0.005000
13016   0.003900
13017   0.002500
13018   0.008900
13019   0.013600
13020   0.016200
13021   0.023700
13022   0.009400
13023   0.009300
13024   0.009200
13025   0.009400
13026   0.006500
13027   0.008100
13028   0.004700
13029   0.008700
13030   0.013100
13031   0.018900
13032   0.014300
13033   0.017500
13034   0.013000
13035   0.011600
13036   0.018200
13037   0.017500
13038   0.016800
13039   0.010800
13040   0.006500
13041   0.001800
13042  -0.000100
13043   0.011700
13044   0.003800
13045   0.004000
13046   0.007000
13047  -0.004700
13048  -0.001500
13049  -0.005100
13050  -0.009400
13051  -0.006000
13052  -0.004400
13053  -0.003400
13054  -0.006000
13055  -0.000000
13056  -0.004500
13057  -0.002000
13058  -0.012500
13059  -0.015300
13060  -0.012300
13061  -0.007800
13062  -0.002900
13063   0.000300
13064  -0.008500
13065  -0.017600
13066  -0.014200
13067  -0.023600
13068  -0.021400
13069  -0.023400
13070  -0.017000
13071  -0.014100
13072  -0.019400
13073  -0.020800
13074  -0.028000
13075  -0.028100
13076  -0.022000
13077  -0.024000
13078  -0.021100
13079  -0.010700
13080  -0.025900
13081  -0.016700
13082  -0.013900
13083  -0.010200
13084  -0.008700
13085   0.000300
13086   0.000700
13087   0.004800
13088   0.005500
13089  -0.006500
13090  -0.006000
13091  -0.003800
13092  -0.007100
13093  -0.002700
13094   0.006900
13095   0.008900
13096  -0.004300
13097  -0.008200
13098  -0.012400
13099  -0.010400
13100  -0.004800
13101  -0.000800
13102  -0.010700
13103  -0.017000
13104  -0.016700
13105  -0.007600
13106  -0.008400
13107  -0.011900
13108  -0.015500
13109  -0.011100
13110  -0.005800
13111   0.004300
13112  -0.003200
13113  -0.001700
13114  -0.002800
13115  -0.006600
13116  -0.016200
13117  -0.021900
13118  -0.015500
13119  -0.007700
13120   0.000800
13121  -0.000200
13122   0.006000
13123   0.007200
13124   0.007900
13125   0.011600
13126   0.000700
13127  -0.010600
13128  -0.003400
13129   0.001000
13130  -0.002000
13131  -0.005400
13132  -0.001100
13133   0.012700
13134   0.005400
13135  -0.001300
13136   0.001900
13137  -0.001300
13138   0.000000
13139   0.002600
13140   0.008700
13141   0.008500
13142   0.015300
13143   0.017800
13144   0.014900
13145   0.007500
13146   0.006900
13147   0.005700
13148   0.003900
13149   0.006800
13150   0.001100
13151  -0.004800
13152   0.002600
13153   0.010800
13154   0.002000
13155   0.005000
13156  -0.007900
13157  -0.007000
13158  -0.019600
13159  -0.012000
13160  -0.011800
13161  -0.010700
13162  -0.003100
13163   0.000100
13164  -0.003300
13165   0.017900
13166   0.021800
13167   0.023600
13168   0.028600
13169   0.031800
13170   0.036300
13171   0.034800
13172   0.040500
13173   0.050600
13174   0.053100
13175   0.063100
13176   0.058100
13177   0.059000
13178   0.052400
13179   0.049200
13180   0.052100
13181   0.061400
13182   0.057400
13183   0.057500
13184   0.050300
13185   0.054400
13186   0.054300
13187   0.050200
13188   0.047400
13189   0.046800
13190   0.052900
13191   0.058600
13192   0.056700
13193   0.059100
13194   0.051600
13195   0.045100
13196   0.041600
13197   0.042300
13198   0.032300
13199   0.039200
13200   0.040900
13201   0.037700
13202   0.031500
13203   0.027200
13204   0.012200
13205   0.011700
13206   0.015300
13207   0.024500
13208   0.023000
13209   0.015700
13210   0.016100
13211   0.021800
13212   0.036300
13213   0.049500
13214   0.058400
13215   0.046400
13216   0.043800
13217   0.043600
13218   0.038700
13219   0.029300
13220   0.022700
13221   0.019600
13222   0.013900
13223   0.023100
13224   0.017700
13225   0.023800
13226   0.014100
13227   0.012800
13228   0.016400
13229   0.008500
13230   0.008900
13231   0.025700
13232   0.018900
13233   0.019500
13234   0.010200
13235  -0.007000
13236  -0.010100
13237  -0.003600
13238  -0.009600
13239  -0.004200
13240  -0.006900
13241  -0.000800
13242  -0.006400
13243  -0.009700
13244  -0.009600
13245  -0.023400
13246  -0.015000
13247  -0.021400
13248  -0.025500
13249  -0.028800
13250  -0.036600
13251  -0.035300
13252  -0.027900
13253  -0.021500
13254  -0.030100
13255  -0.018500
13256  -0.021400
13257  -0.026200
13258  -0.028800
13259  -0.030500
13260  -0.042500
13261  -0.050700
13262  -0.052700
13263  -0.048700
13264  -0.057400
13265  -0.064400
13266  -0.067400
13267  -0.058100
13268  -0.053300
13269  -0.055000
13270  -0.050600
13271  -0.042200
13272  -0.060500
13273  -0.051200
13274  -0.050500
13275  -0.042000
13276  -0.045200
13277  -0.036900
13278  -0.038000
13279  -0.036000
13280  -0.037300
13281  -0.036400
13282  -0.034600
13283  -0.047300
13284  -0.046100
13285  -0.052200
13286  -0.041400
13287  -0.048500
13288  -0.057900
13289  -0.054700
13290  -0.054100
13291  -0.045900
13292  -0.041500
13293  -0.045400
13294  -0.041900
13295  -0.030000
13296  -0.024400
13297  -0.021300
13298  -0.024600
13299  -0.023100
13300  -0.029600
13301  -0.025200
13302  -0.022000
13303  -0.015800
13304  -0.017300
13305  -0.008300
13306  -0.010500
13307  -0.012300
13308  -0.016900
13309  -0.020000
13310  -0.029500
13311  -0.034800
13312  -0.043100
13313  -0.042200
13314  -0.044100
13315  -0.043600
13316  -0.044300
13317  -0.045000
13318  -0.041800
13319  -0.049100
13320  -0.046400
13321  -0.047400
13322  -0.049500
13323  -0.038700
13324  -0.028600
13325  -0.029200
13326  -0.024700
13327  -0.021300
13328  -0.026300
13329  -0.014700
13330  -0.016900
13331  -0.013100
13332  -0.012700
13333  -0.011400
13334  -0.010500
13335  -0.008300
13336  -0.006000
13337  -0.014900
13338   0.002200
13339   0.002500
13340  -0.002500
13341  -0.002300
13342  -0.012300
13343  -0.007800
13344  -0.019600
13345  -0.017200
13346  -0.014400
13347  -0.005500
13348   0.001800
13349  -0.004800
13350  -0.004300
13351  -0.011500
13352  -0.010900
13353  -0.020600
13354  -0.021500
13355  -0.032300
13356  -0.027700
13357  -0.031700
13358  -0.030700
13359  -0.026000
13360  -0.004800
13361  -0.000900
13362  -0.002900
13363   0.003800
13364   0.011400
13365   0.018000
13366   0.030500
13367   0.039200
13368   0.042200
13369   0.046100
13370   0.033500
13371   0.026900
13372   0.011600
13373   0.024200
13374   0.020800
13375   0.025500
13376   0.020900
13377   0.026600
13378   0.031100
13379   0.042900
13380   0.045100
13381   0.036700
13382   0.033100
13383   0.024800
13384   0.031100
13385   0.043500
13386   0.041800
13387   0.050100
13388   0.050800
13389   0.044300
13390   0.046000
13391   0.034400
13392   0.039400
13393   0.047000
13394   0.054100
13395   0.041400
13396   0.027000
13397   0.027900
13398   0.036400
13399   0.037800
13400   0.042900
13401   0.049200
13402   0.051700
13403   0.057600
13404   0.053500
13405   0.049000
13406   0.050800
13407   0.054800
13408   0.056600
13409   0.051400
13410   0.053200
13411   0.050100
13412   0.064200
13413   0.067200
13414   0.060500
13415   0.058400
13416   0.062200
13417   0.075600
13418   0.067700
13419   0.068700
13420   0.067900
13421   0.067600
13422   0.062500
13423   0.056300
13424   0.060100
13425   0.052900
13426   0.054300
13427   0.051500
13428   0.041400
13429   0.029900
13430   0.018300
13431   0.013100
13432   0.014000
13433   0.009200
13434   0.017100
13435   0.024800
13436   0.017100
13437   0.014300
13438   0.013800
13439   0.012800
13440   0.005300
13441   0.015400
13442   0.006900
13443   0.013300
13444   0.006200
13445   0.002900
13446   0.004200
13447   0.008200
13448  -0.002000
13449   0.005400
13450   0.007000
13451   0.004600
13452   0.006300
13453   0.006900
13454   0.014100
13455   0.009000
13456   0.003000
13457  -0.010600
13458  -0.000200
13459   0.014500
13460   0.012100
13461   0.010500
13462   0.016000
13463   0.023000
13464   0.028200
13465   0.033100
13466   0.027400
13467   0.031700
13468   0.026300
13469   0.021800
13470   0.030300
13471   0.024600
13472   0.018900
13473   0.018800
13474   0.016700
13475   0.015200
13476   0.009500
13477   0.013600
13478   0.027600
13479   0.014300
13480   0.014800
13481   0.011100
13482   0.013900
13483   0.008900
13484   0.003400
13485  -0.002600
13486  -0.013800
13487  -0.019900
13488  -0.023900
13489  -0.020400
13490  -0.024900
13491  -0.016900
13492  -0.014500
13493  -0.011100
13494  -0.007400
13495  -0.002300
13496   0.004700
13497   0.002600
13498  -0.003800
13499   0.002600
13500   0.003800
13501  -0.001700
13502   0.005500
13503   0.001200
13504  -0.006400
13505  -0.015500
13506  -0.008900
13507  -0.028400
13508  -0.018600
13509  -0.010600
13510  -0.008900
13511  -0.010600
13512  -0.006700
13513  -0.010300
13514  -0.012600
13515  -0.015800
13516  -0.028000
13517  -0.026400
13518  -0.025700
13519  -0.034800
13520  -0.030100
13521  -0.024500
13522  -0.037100
13523  -0.037600
13524  -0.038500
13525  -0.033300
13526  -0.032000
13527  -0.036500
13528  -0.020500
13529  -0.021900
13530  -0.017300
13531  -0.021400
13532  -0.020500
13533  -0.011800
13534  -0.009300
13535   0.006200
13536  -0.000700
13537  -0.001400
13538   0.001800
13539   0.001700
13540   0.010600
13541   0.005500
13542   0.009000
13543   0.003500
13544   0.001300
13545  -0.006000
13546  -0.008800
13547  -0.009900
13548  -0.002100
13549   0.011400
13550   0.007000
13551   0.015000
13552   0.007500
13553  -0.000700
13554   0.004000
13555   0.012100
13556   0.002600
13557   0.010600
13558   0.016800
13559   0.007700
13560   0.001300
13561   0.001500
13562  -0.007600
13563  -0.016000
13564  -0.016900
13565  -0.010700
13566  -0.011400
13567  -0.019200
13568  -0.021100
13569  -0.025500
13570  -0.029600
13571  -0.026400
13572  -0.027200
13573  -0.023900
13574  -0.030100
13575  -0.023200
13576  -0.023000
13577  -0.012200
13578  -0.018600
13579  -0.019900
13580  -0.016500
13581  -0.007500
13582  -0.012000
13583  -0.009000
13584  -0.012500
13585  -0.009500
13586  -0.007000
13587  -0.002000
13588  -0.006700
13589  -0.003400
13590  -0.006900
13591  -0.007000
13592   0.001700
13593   0.006300
13594   0.011300
13595   0.018000
13596   0.011700
13597   0.015100
13598   0.014900
13599   0.010900
13600   0.011000
13601   0.020500
13602   0.007200
13603   0.000000
13604   0.006400
13605   0.009800
13606   0.001000
13607   0.007400
13608  -0.001200
13609   0.011200
13610   0.008200
13611   0.009000
13612   0.014900
13613   0.011900
13614   0.020200
13615   0.007900
13616   0.001600
13617   0.003400
13618   0.016000
13619   0.009500
13620   0.017800
13621   0.020100
13622   0.017600
13623   0.033000
13624   0.032900
13625   0.043000
13626   0.047100
13627   0.051500
13628   0.041900
13629   0.044100
13630   0.041400
13631   0.042400
13632   0.047200
13633   0.030900
13634   0.033200
13635   0.030900
13636   0.039900
13637   0.033500
13638   0.022200
13639   0.023300
13640   0.032100
13641   0.043600
13642   0.042000
13643   0.036000
13644   0.037700
13645   0.040000
13646   0.037100
13647   0.039400
13648   0.029400
13649   0.024500
13650   0.031800
13651   0.024400
13652   0.016600
13653   0.021600
13654   0.021800
13655   0.025000
13656   0.017200
13657   0.014800
13658   0.026500
13659   0.026800
13660   0.030000
13661   0.032600
13662   0.025900
13663   0.015700
13664   0.016300
13665   0.019900
13666   0.025000
13667   0.023000
13668   0.024300
13669   0.026600
13670   0.026300
13671   0.020500
13672   0.019300
13673   0.012600
13674   0.029200
13675   0.025200
13676   0.034900
13677   0.034000
13678   0.034400
13679   0.038400
13680   0.033100
13681   0.039000
13682   0.037600
13683   0.034800
13684   0.031100
13685   0.032100
13686   0.030700
13687   0.024400
13688   0.029300
13689   0.026500
13690   0.030900
13691   0.031500
13692   0.033900
13693   0.020300
13694   0.024200
13695   0.026400
13696   0.029200
13697   0.034500
13698   0.033200
13699   0.035800
13700   0.035600
13701   0.038100
13702   0.034800
13703   0.035300
13704   0.047800
13705   0.048900
13706   0.061700
13707   0.059600
13708   0.050400
13709   0.050200
13710   0.053400
13711   0.040100
13712   0.046100
13713   0.047900
13714   0.056200
13715   0.054900
13716   0.054800
13717   0.059500
13718   0.060400
13719   0.057700
13720   0.057300
13721   0.059700
13722   0.055600
13723   0.058500
13724   0.065200
13725   0.077200
13726   0.061700
13727   0.052300
13728   0.056500
13729   0.048200
13730   0.048100
13731   0.048900
13732   0.057900
13733   0.073000
13734   0.072300
13735   0.075000
13736   0.070600
13737   0.066300
13738   0.063200
13739   0.059800
13740   0.061500
13741   0.063900
13742   0.078600
13743   0.081800
13744   0.080500
13745   0.075000
13746   0.078100
13747   0.072200
13748   0.065600
13749   0.050800
13750   0.043800
13751   0.043900
13752   0.036800
13753   0.025200
13754   0.032000
13755   0.029500
13756   0.033100
13757   0.030800
13758   0.031500
13759   0.041200
13760   0.034200
13761   0.028600
13762   0.029400
13763   0.031700
13764   0.033700
13765   0.029400
13766   0.014200
13767   0.014500
13768   0.011600
13769   0.018900
13770   0.026800
13771   0.024700
13772   0.032200
13773   0.019600
13774   0.023000
13775   0.026000
13776   0.016100
13777   0.024800
13778   0.026400
13779   0.028100
13780   0.023300
13781   0.021100
13782   0.035400
13783   0.019800
13784   0.019300
13785   0.023200
13786   0.012100
13787   0.017500
13788   0.015600
13789   0.022900
13790   0.020200
13791   0.016600
13792   0.018200
13793   0.014200
13794   0.001700
13795  -0.000200
13796   0.005200
13797   0.010000
13798   0.011900
13799   0.003700
13800  -0.001200
13801   0.001800
13802   0.010000
13803   0.010200
13804   0.001800
13805  -0.005800
13806  -0.010200
13807  -0.022100
13808  -0.027800
13809  -0.017600
13810  -0.020500
13811  -0.020600
13812  -0.027200
13813  -0.019600
13814  -0.008400
13815  -0.015800
13816  -0.021100
13817  -0.021800
13818  -0.011500
13819  -0.016000
13820  -0.011300
13821  -0.021900
13822  -0.030000
13823  -0.039900
13824  -0.042600
13825  -0.044300
13826  -0.050500
13827  -0.045200
13828  -0.037300
13829  -0.043700
13830  -0.027900
13831  -0.019700
13832  -0.019700
13833  -0.015000
13834  -0.015500
13835  -0.017800
13836  -0.009900
13837  -0.001500
13838  -0.005200
13839   0.002000
13840   0.004100
13841   0.000800
13842  -0.001500
13843  -0.004800
13844  -0.011600
13845  -0.022600
13846  -0.028300
13847  -0.029100
13848  -0.021600
13849  -0.024000
13850  -0.031000
13851  -0.032900
13852  -0.039900
13853  -0.042800
13854  -0.044300
13855  -0.039400
13856  -0.033200
13857  -0.031400
13858  -0.031900
13859  -0.031500
13860  -0.030900
13861  -0.026600
13862  -0.021500
13863  -0.024900
13864  -0.027200
13865  -0.028300
13866  -0.026400
13867  -0.022100
13868  -0.019500
13869  -0.016400
13870  -0.019800
13871  -0.019000
13872  -0.027800
13873  -0.025700
13874  -0.026500
13875  -0.026100
13876  -0.024800
13877  -0.020800
13878  -0.021600
13879  -0.022400
13880  -0.032800
13881  -0.030400
13882  -0.044200
13883  -0.035300
13884  -0.040000
13885  -0.044600
13886  -0.046700
13887  -0.042700
13888  -0.033300
13889  -0.029300
13890  -0.022100
13891  -0.016900
13892  -0.001800
13893  -0.010700
13894  -0.010300
13895  -0.018400
13896  -0.010600
13897  -0.007400
13898  -0.003600
13899  -0.003500
13900  -0.000900
13901  -0.004100
13902  -0.017600
13903  -0.018500
13904  -0.020500
13905  -0.022800
13906  -0.019100
13907  -0.023400
13908  -0.014800
13909  -0.011900
13910  -0.010400
13911  -0.020500
13912  -0.019500
13913  -0.026200
13914  -0.024500
13915  -0.019200
13916  -0.022700
13917  -0.019100
13918  -0.018800
13919  -0.019400
13920  -0.025500
13921  -0.015900
13922  -0.016200
13923  -0.015000
13924  -0.007000
13925   0.000200
13926   0.008600
13927   0.006100
13928   0.002300
13929  -0.001300
13930   0.009900
13931   0.010800
13932   0.007200
13933   0.015800
13934   0.016300
13935   0.018700
13936   0.012100
13937   0.006900
13938  -0.000600
13939  -0.010700
13940  -0.009600
13941  -0.011800
13942  -0.019200
13943  -0.016000
13944  -0.012300
13945  -0.012000
13946  -0.008000
13947  -0.007600
13948  -0.010500
13949  -0.022200
13950  -0.021900
13951  -0.021400
13952  -0.012700
13953  -0.006600
13954  -0.011200
13955  -0.013800
13956  -0.018600
13957  -0.021600
13958  -0.017000
13959  -0.005500
13960  -0.007800
13961  -0.000900
13962   0.005900
13963   0.015100
13964   0.024200
13965   0.020600
13966   0.019500
13967   0.021000
13968   0.027100
13969   0.021100
13970   0.018600
13971   0.021200
13972   0.022600
13973   0.036300
13974   0.034600
13975   0.047200
13976   0.049600
13977   0.049400
13978   0.042000
13979   0.050700
13980   0.039900
13981   0.040900
13982   0.037300
13983   0.033600
13984   0.033400
13985   0.030000
13986   0.026600
13987   0.014700
13988   0.012600
13989   0.006400
13990   0.013100
13991   0.010000
13992   0.010300
13993   0.005400
13994   0.007400
13995   0.014900
13996   0.009800
13997   0.013600
13998   0.007700
13999   0.018300
14000   0.015600
14001   0.011400
14002   0.018500
14003   0.022500
14004   0.018900
14005   0.023300
14006   0.020100
14007   0.011800
14008   0.014700
14009   0.023400
14010   0.016400
14011   0.008800
14012   0.011500
14013   0.008500
14014   0.001800
14015  -0.001800
14016   0.004800
14017  -0.008200
14018  -0.010700
14019  -0.007600
14020  -0.012900
14021  -0.006800
14022  -0.001500
14023   0.002300
14024   0.006400
14025   0.009500
14026   0.010400
14027  -0.000000
14028   0.004500
14029  -0.000100
14030   0.007500
14031   0.010900
14032   0.011000
14033   0.005700
14034   0.014800
14035   0.005800
14036   0.005300
14037   0.011800
14038   0.019800
14039   0.011200
14040   0.013300
14041   0.017900
14042   0.015300
14043   0.017800
14044   0.015500
14045   0.017800
14046   0.010900
14047   0.015100
14048   0.015400
14049   0.013100
14050   0.011000
14051   0.006400
14052   0.019300
14053   0.018600
14054   0.016900
14055   0.007200
14056  -0.005800
14057  -0.014900
14058  -0.013900
14059  -0.021600
14060  -0.021500
14061  -0.013900
14062  -0.005000
14063  -0.001800
14064  -0.003000
14065  -0.003700
14066  -0.006100
14067  -0.005300
14068  -0.002200
14069  -0.003600
14070  -0.000300
14071  -0.003100
14072  -0.005000
14073   0.003200
14074   0.007400
14075   0.016400
14076   0.021300
14077   0.025700
14078   0.010400
14079   0.009900
14080   0.030000
14081   0.025400
14082   0.024300
14083   0.029100
14084   0.046000
14085   0.048900
14086   0.053200
14087   0.048300
14088   0.046800
14089   0.045700
14090   0.034000
14091   0.036600
14092   0.036100
14093   0.042800
14094   0.037100
14095   0.046000
14096   0.040800
14097   0.037300
14098   0.024500
14099   0.034200
14100   0.037600
14101   0.029000
14102   0.025100
14103   0.023900
14104   0.024600
14105   0.027600
14106   0.026500
14107   0.013100
14108   0.014200
14109   0.015400
14110   0.012500
14111   0.011900
14112   0.011000
14113   0.021900
14114   0.023100
14115   0.025600
14116   0.023000
14117   0.028200
14118   0.032400
14119   0.030000
14120   0.039400
14121   0.042500
14122   0.037900
14123   0.050500
14124   0.045300
14125   0.048200
14126   0.057200
14127   0.054900
14128   0.057300
14129   0.051500
14130   0.055100
14131   0.056200
14132   0.048500
14133   0.053600
14134   0.060900
14135   0.046400
14136   0.036000
14137   0.040100
14138   0.042500
14139   0.045500
14140   0.047000
14141   0.035300
14142   0.037400
14143   0.035000
14144   0.041100
14145   0.044300
14146   0.035000
14147   0.034600
14148   0.031700
14149   0.028300
14150   0.025500
14151   0.023500
14152   0.012000
14153   0.014800
14154   0.014200
14155   0.008200
14156  -0.000600
14157  -0.001200
14158  -0.000400
14159  -0.000500
14160   0.002100
14161   0.000500
14162   0.002700
14163   0.007000
14164   0.002600
14165   0.016100
14166   0.015500
14167   0.019200
14168   0.023000
14169   0.030000
14170   0.023000
14171   0.018500
14172   0.018300
14173   0.025300
14174   0.026700
14175   0.032200
14176   0.022400
14177   0.019400
14178   0.031600
14179   0.033100
14180   0.028200
14181   0.020700
14182   0.031300
14183   0.033200
14184   0.027100
14185   0.023800
14186   0.014400
14187   0.022000
14188   0.007500
14189   0.018400
14190   0.012100
14191   0.017900
14192   0.016100
14193   0.012500
14194   0.019800
14195   0.025900
14196   0.028100
14197   0.036800
14198   0.026500
14199   0.023100
14200   0.028000
14201   0.021700
14202   0.017400
14203   0.011800
14204   0.020500
14205   0.027200
14206   0.037500
14207   0.027900
14208   0.023500
14209   0.020900
14210   0.028500
14211   0.041500
14212   0.043700
14213   0.053700
14214   0.053000
14215   0.055800
14216   0.053200
14217   0.063600
14218   0.051500
14219   0.041000
14220   0.042900
14221   0.024900
14222   0.010900
14223   0.018600
14224   0.014500
14225   0.013200
14226   0.021800
14227   0.015600
14228   0.023900
14229   0.015400
14230   0.009200
14231   0.000400
14232  -0.010100
14233   0.001700
14234  -0.009200
14235   0.007400
14236   0.015700
14237   0.021100
14238   0.017400
14239   0.008700
14240   0.017200
14241   0.021100
14242   0.013400
14243   0.014700
14244   0.003900
14245   0.015400
14246   0.012800
14247   0.021400
14248   0.020300
14249   0.013600
14250   0.022700
14251   0.023400
14252   0.017600
14253   0.028600
14254   0.025100
14255   0.022800
14256   0.017600
14257   0.016800
14258   0.026900
14259   0.031200
14260   0.034400
14261   0.036600
14262   0.039700
14263   0.039000
14264   0.047100
14265   0.037400
14266   0.035000
14267   0.038400
14268   0.031800
14269   0.037800
14270   0.045100
14271   0.039400
14272   0.039600
14273   0.041400
14274   0.038100
14275   0.044800
14276   0.048500
14277   0.046900
14278   0.043300
14279   0.043700
14280   0.042400
14281   0.043600
14282   0.046200
14283   0.055400
14284   0.057400
14285   0.056000
14286   0.060600
14287   0.064500
14288   0.059700
14289   0.061800
14290   0.076200
14291   0.065300
14292   0.070900
14293   0.076400
14294   0.070000
14295   0.074200
14296   0.074800
14297   0.069800
14298   0.072600
14299   0.070000
14300   0.077400
14301   0.070100
14302   0.077100
14303   0.064400
14304   0.067700
14305   0.075000
14306   0.065600
14307   0.073400
14308   0.066000
14309   0.066200
14310   0.064700
14311   0.066400
14312   0.063400
14313   0.070200
14314   0.071200
14315   0.070400
14316   0.072300
14317   0.063700
14318   0.064800
14319   0.060200
14320   0.042900
14321   0.048300
14322   0.047000
14323   0.052400
14324   0.053800
14325   0.050100
14326   0.045800
14327   0.031700
14328   0.030000
14329   0.032800
14330   0.029800
14331   0.028800
14332   0.030500
14333   0.032100
14334   0.041700
14335   0.036400
14336   0.037900
14337   0.038300
14338   0.049400
14339   0.061000
14340   0.050900
14341   0.043000
14342   0.043600
14343   0.048100
14344   0.042300
14345   0.056700
14346   0.047200
14347   0.041200
14348   0.032400
14349   0.022400
14350   0.009300
14351   0.010300
14352   0.009500
14353   0.004300
14354   0.014000
14355   0.000100
14356  -0.006100
14357  -0.021900
14358  -0.024900
14359  -0.023000
14360  -0.028400
14361  -0.027400
14362  -0.034100
14363  -0.031200
14364  -0.020300
14365  -0.011500
14366  -0.016200
14367  -0.015500
14368  -0.007200
14369  -0.000400
14370   0.001800
14371  -0.009300
14372  -0.012100
14373  -0.011500
14374  -0.019100
14375  -0.009600
14376  -0.014700
14377  -0.022500
14378  -0.021100
14379  -0.018900
14380  -0.020200
14381  -0.013900
14382  -0.007000
14383  -0.007700
14384  -0.014600
14385  -0.003200
14386  -0.005000
14387   0.010300
14388   0.006400
14389   0.004000
14390   0.005200
14391   0.012000
14392   0.021100
14393   0.017200
14394   0.026700
14395   0.033400
14396   0.036300
14397   0.036900
14398   0.037600
14399   0.042900
14400   0.048900
14401   0.047300
14402   0.050100
14403   0.042400
14404   0.046300
14405   0.055200
14406   0.057800
14407   0.051200
14408   0.056700
14409   0.049500
14410   0.044600
14411   0.042300
14412   0.030600
14413   0.028300
14414   0.026000
14415   0.018800
14416   0.034200
14417   0.023200
14418   0.021900
14419   0.023100
14420   0.016700
14421   0.013100
14422   0.023100
14423   0.027900
14424   0.026800
14425   0.027400
14426   0.033100
14427   0.041700
14428   0.045200
14429   0.045900
14430   0.046200
14431   0.041500
14432   0.047000
14433   0.040200
14434   0.040200
14435   0.037500
14436   0.045000
14437   0.040200
14438   0.032400
14439   0.035100
14440   0.029300
14441   0.031300
14442   0.040000
14443   0.039600
14444   0.041200
14445   0.044800
14446   0.037900
14447   0.037700
14448   0.035400
14449   0.032500
14450   0.033200
14451   0.038500
14452   0.034100
14453   0.037000
14454   0.046200
14455   0.047400
14456   0.051300
14457   0.048600
14458   0.049500
14459   0.051400
14460   0.047500
14461   0.048300
14462   0.050700
14463   0.054100
14464   0.045700
14465   0.054200
14466   0.051500
14467   0.044400
14468   0.039000
14469   0.049000
14470   0.048900
14471   0.037900
14472   0.035100
14473   0.025100
14474   0.024900
14475   0.028600
14476   0.031800
14477   0.030000
14478   0.031400
14479   0.041200
14480   0.050700
14481   0.062700
14482   0.068500
14483   0.060300
14484   0.058900
14485   0.061600
14486   0.046200
14487   0.052400
14488   0.051800
14489   0.052300
14490   0.046400
14491   0.039300
14492   0.052000
14493   0.046500
14494   0.052800
14495   0.051300
14496   0.053200
14497   0.053100
14498   0.053900
14499   0.048600
14500   0.045300
14501   0.049700
14502   0.043800
14503   0.045200
14504   0.038300
14505   0.042300
14506   0.041200
14507   0.049300
14508   0.043600
14509   0.039400
14510   0.033300
14511   0.032000
14512   0.025200
14513   0.037200
14514   0.037400
14515   0.037100
14516   0.038300
14517   0.043200
14518   0.036400
14519   0.026300
14520   0.026300
14521   0.012700
14522   0.008700
14523   0.012000
14524   0.027200
14525   0.026700
14526   0.024200
14527   0.017900
14528   0.012200
14529   0.008300
14530  -0.005100
14531  -0.013900
14532  -0.007300
14533  -0.014300
14534  -0.016200
14535  -0.019900
14536  -0.024800
14537  -0.016700
14538  -0.007000
14539  -0.012600
14540  -0.012900
14541  -0.002300
14542  -0.007900
14543  -0.009800
14544  -0.014500
14545  -0.013300
14546  -0.019100
14547  -0.016100
14548  -0.013300
14549  -0.021700
14550  -0.018400
14551  -0.026200
14552  -0.028900
14553  -0.023200
14554  -0.026700
14555  -0.029300
14556  -0.022900
14557  -0.038000
14558  -0.040500
14559  -0.036400
14560  -0.030600
14561  -0.017800
14562  -0.019100
14563  -0.020600
14564  -0.020100
14565  -0.014800
14566  -0.013300
14567  -0.005800
14568  -0.000700
14569  -0.004400
14570   0.015400
14571   0.020200
14572   0.011300
14573   0.010600
14574   0.022700
14575   0.024100
14576   0.014900
14577   0.020300
14578   0.018500
14579   0.010000
14580   0.009000
14581   0.002500
14582   0.011300
14583   0.017900
14584   0.020300
14585   0.020300
14586   0.023000
14587   0.019100
14588   0.015200
14589   0.020900
14590   0.035400
14591   0.042300
14592   0.040500
14593   0.038400
14594   0.033600
14595   0.027000
14596   0.030900
14597   0.037200
14598   0.044600
14599   0.044400
14600   0.046300
14601   0.047500
14602   0.054500
14603   0.051800
14604   0.050300
14605   0.052800
14606   0.054100
14607   0.058300
14608   0.063900
14609   0.058500
14610   0.048300
14611   0.043100
14612   0.040300
14613   0.035100
14614   0.032400
14615   0.025900
14616   0.042600
14617   0.045100
14618   0.039500
14619   0.044200
14620   0.047100
14621   0.052500
14622   0.046800
14623   0.046400
14624   0.050100
14625   0.053300
14626   0.057100
14627   0.061700
14628   0.071900
14629   0.054100
14630   0.051900
14631   0.057200
14632   0.047800
14633   0.038400
14634   0.053500
14635   0.050200
14636   0.050700
14637   0.047500
14638   0.046700
14639   0.050400
14640   0.046600
14641   0.050000
14642   0.036000
14643   0.036200
14644   0.047000
14645   0.050600
14646   0.048900
14647   0.045200
14648   0.057800
14649   0.062600
14650   0.059800
14651   0.062300
14652   0.063900
14653   0.068700
14654   0.062500
14655   0.064800
14656   0.064500
14657   0.057700
14658   0.048000
14659   0.053200
14660   0.059200
14661   0.049300
14662   0.041000
14663   0.045800
14664   0.055500
14665   0.057200
14666   0.057600
14667   0.065900
14668   0.059200
14669   0.047800
14670   0.049800
14671   0.060800
14672   0.051700
14673   0.059900
14674   0.058800
14675   0.048800
14676   0.038800
14677   0.045000
14678   0.047000
14679   0.043600
14680   0.049200
14681   0.049300
14682   0.048000
14683   0.049100
14684   0.054600
14685   0.058900
14686   0.074200
14687   0.068600
14688   0.066900
14689   0.080200
14690   0.072300
14691   0.074300
14692   0.067200
14693   0.072100
14694   0.067600
14695   0.065600
14696   0.062900
14697   0.062900
14698   0.069000
14699   0.059800
14700   0.065900
14701   0.067400
14702   0.060800
14703   0.049600
14704   0.049400
14705   0.053400
14706   0.052900
14707   0.060300
14708   0.051200
14709   0.055200
14710   0.050600
14711   0.042700
14712   0.041900
14713   0.049900
14714   0.053200
14715   0.052800
14716   0.051900
14717   0.062100
14718   0.067400
14719   0.071800
14720   0.056500
14721   0.049400
14722   0.045400
14723   0.040100
14724   0.048100
14725   0.052500
14726   0.047700
14727   0.048500
14728   0.043000
14729   0.031700
14730   0.041100
14731   0.048000
14732   0.051700
14733   0.054300
14734   0.048800
14735   0.043200
14736   0.052500
14737   0.059100
14738   0.045800
14739   0.037500
14740   0.042100
14741   0.039600
14742   0.041300
14743   0.039500
14744   0.032800
14745   0.024800
14746   0.026100
14747   0.028500
14748   0.028200
14749   0.022500
14750   0.021400
14751   0.032100
14752   0.039700
14753   0.025900
14754   0.030800
14755   0.016000
14756   0.023100
14757   0.029200
14758   0.029600
14759   0.041300
14760   0.043700
14761   0.035700
14762   0.035100
14763   0.043700
14764   0.041800
14765   0.056700
14766   0.056400
14767   0.052800
14768   0.054500
14769   0.050900
14770   0.040300
14771   0.034400
14772   0.037900
14773   0.030800
14774   0.024800
14775   0.027900
14776   0.022900
14777   0.026000
14778   0.030100
14779   0.032500
14780   0.032500
14781   0.031400
14782   0.024700
14783   0.026400
14784   0.021100
14785   0.021300
14786   0.022700
14787   0.023700
14788   0.017900
14789   0.015100
14790   0.023600
14791   0.013600
14792   0.007600
14793   0.004500
14794   0.010800
14795  -0.000200
14796  -0.006600
14797   0.005800
14798   0.007300
14799   0.007600
14800  -0.006900
14801   0.000600
14802  -0.003300
14803  -0.007900
14804  -0.009800
14805  -0.006200
14806  -0.005600
14807  -0.011900
14808  -0.010000
14809  -0.028000
14810  -0.040700
14811  -0.042200
14812  -0.046000
14813  -0.039100
14814  -0.036600
14815  -0.039800
14816  -0.036900
14817  -0.026000
14818  -0.022800
14819  -0.030700
14820  -0.035700
14821  -0.031100
14822  -0.015400
14823  -0.027400
14824  -0.022400
14825  -0.004600
14826  -0.007700
14827  -0.018100
14828  -0.018500
14829  -0.018000
14830  -0.021900
14831  -0.017300
14832  -0.019200
14833  -0.013000
14834  -0.015100
14835  -0.009200
14836  -0.013600
14837  -0.008700
14838  -0.014000
14839  -0.017400
14840  -0.003000
14841  -0.002700
14842   0.000600
14843   0.002800
14844   0.000400
14845   0.003500
14846  -0.002800
14847   0.010400
14848   0.000500
14849  -0.004600
14850  -0.001800
14851  -0.005800
14852  -0.008000
14853  -0.001700
14854  -0.006400
14855  -0.006000
14856  -0.006100
14857  -0.011100
14858  -0.018400
14859  -0.012100
14860  -0.013800
14861  -0.005600
14862  -0.010700
14863  -0.018000
14864  -0.008800
14865  -0.006500
14866  -0.004500
14867  -0.002600
14868  -0.001700
14869   0.003900
14870   0.000600
14871  -0.011700
14872  -0.020500
14873  -0.016600
14874  -0.023600
14875  -0.026900
14876  -0.024500
14877  -0.015700
14878  -0.021900
14879  -0.024200
14880  -0.031200
14881  -0.025200
14882  -0.028200
14883  -0.027100
14884  -0.045700
14885  -0.039600
14886  -0.044300
14887  -0.040500
14888  -0.046500
14889  -0.044100
14890  -0.046800
14891  -0.054000
14892  -0.046700
14893  -0.042700
14894  -0.038500
14895  -0.027100
14896  -0.026600
14897  -0.014800
14898  -0.023700
14899  -0.034300
14900  -0.033200
14901  -0.035500
14902  -0.032400
14903  -0.016500
14904  -0.021000
14905  -0.026300
14906  -0.016200
14907  -0.023200
14908  -0.024400
14909  -0.023900
14910  -0.032400
14911  -0.024300
14912  -0.030300
14913  -0.016300
14914  -0.004100
14915  -0.005600
14916  -0.007000
14917   0.002200
14918   0.004500
14919   0.000600
14920   0.007100
14921  -0.000600
14922   0.004500
14923   0.008900
14924  -0.007300
14925  -0.015500
14926  -0.022200
14927  -0.011100
14928   0.000000
14929   0.000000
14930   0.000100
14931   0.003200
14932  -0.000600
14933  -0.001100
14934  -0.019900
14935  -0.014000
14936  -0.004300
14937   0.008000
14938   0.012500
14939   0.016500
14940   0.021700
14941   0.031300
14942   0.030800
14943   0.032500
14944   0.033300
14945   0.025000
14946   0.028300
14947   0.021900
14948   0.024000
14949   0.022100
14950   0.020500
14951   0.007500
14952   0.003700
14953  -0.000000
14954  -0.000400
14955   0.005600
14956   0.014800
14957   0.014500
14958   0.020800
14959   0.025900
14960   0.022400
14961   0.019800
14962   0.023700
14963   0.018700
14964   0.010600
14965   0.017200
14966   0.010500
14967   0.006100
14968   0.013800
14969   0.018400
14970   0.014200
14971   0.018400
14972   0.013300
14973   0.003900
14974   0.017000
14975   0.013800
14976   0.015200
14977   0.014500
14978   0.015200
14979   0.018500
14980   0.024600
14981   0.022100
14982   0.028700
14983   0.028600
14984   0.012600
14985   0.005100
14986  -0.003800
14987   0.002200
14988   0.005100
14989   0.013500
14990   0.016300
14991   0.013500
14992   0.003500
14993  -0.004400
14994  -0.014000
14995  -0.018400
14996  -0.024800
14997  -0.019600
14998  -0.028200
14999  -0.024100
15000  -0.019100
15001  -0.022000
15002  -0.016200
15003  -0.017600
15004  -0.013000
15005  -0.006400
15006  -0.013400
15007  -0.016500
15008  -0.019300
15009  -0.010700
15010  -0.007900
15011  -0.003700
15012  -0.017500
15013  -0.023700
15014  -0.027200
15015  -0.026200
15016  -0.030000
15017  -0.026700
15018  -0.032700
15019  -0.032200
15020  -0.027200
15021  -0.025800
15022  -0.027800
15023  -0.028600
15024  -0.020200
15025  -0.028700
15026  -0.031600
15027  -0.032800
15028  -0.036500
15029  -0.047300
15030  -0.042200
15031  -0.031700
15032  -0.019900
15033  -0.008500
15034  -0.002600
15035  -0.000200
15036  -0.001300
15037   0.006600
15038   0.006300
15039   0.011000
15040   0.002700
15041   0.009900
15042   0.000200
15043   0.003700
15044   0.003300
15045  -0.005400
15046   0.000100
15047   0.000700
15048  -0.004500
15049  -0.010700
15050   0.001000
15051  -0.006100
15052  -0.004100
15053   0.005600
15054   0.025700
15055   0.021500
15056   0.020900
15057   0.016600
15058   0.016800
15059   0.015900
15060   0.025800
15061   0.028400
15062   0.031500
15063   0.033200
15064   0.038300
15065   0.040200
15066   0.040100
15067   0.043300
15068   0.030800
15069   0.026800
15070   0.031600
15071   0.036800
15072   0.042000
15073   0.051200
15074   0.036100
15075   0.037000
15076   0.042400
15077   0.043700
15078   0.042500
15079   0.043400
15080   0.036700
15081   0.031400
15082   0.033300
15083   0.041000
15084   0.035800
15085   0.031100
15086   0.035600
15087   0.028400
15088   0.027500
15089   0.027700
15090   0.035200
15091   0.032700
15092   0.043400
15093   0.040400
15094   0.033600
15095   0.037700
15096   0.031000
15097   0.033800
15098   0.031100
15099   0.031600
15100   0.032800
15101   0.030200
15102   0.032200
15103   0.036200
15104   0.038600
15105   0.035400
15106   0.027500
15107   0.029000
15108   0.030700
15109   0.040400
15110   0.035400
15111   0.032600
15112   0.034400
15113   0.038300
15114   0.045100
15115   0.045500
15116   0.057200
15117   0.060800
15118   0.063800
15119   0.061700
15120   0.050400
15121   0.052200
15122   0.047500
15123   0.037000
15124   0.044600
15125   0.037800
15126   0.028700
15127   0.027100
15128   0.021500
15129   0.024400
15130   0.023300
15131   0.018500
15132   0.022400
15133   0.030300
15134   0.030000
15135   0.027600
15136   0.029900
15137   0.040000
15138   0.036700
15139   0.029500
15140   0.039400
15141   0.036400
15142   0.035500
15143   0.037100
15144   0.032300
15145   0.034900
15146   0.031400
15147   0.035200
15148   0.030500
15149   0.021400
15150   0.020900
15151   0.022200
15152   0.019800
15153   0.020400
15154   0.020200
15155   0.021700
15156   0.040800
15157   0.041800
15158   0.044600
15159   0.037500
15160   0.037500
15161   0.036400
15162   0.036300
15163   0.036500
15164   0.033200
15165   0.033100
15166   0.037500
15167   0.040300
15168   0.049000
15169   0.049500
15170   0.043700
15171   0.043700
15172   0.031100
15173   0.038900
15174   0.041500
15175   0.044200
15176   0.052400
15177   0.045700
15178   0.033400
15179   0.018300
15180   0.021500
15181   0.027100
15182   0.029000
15183   0.025700
15184   0.027100
15185   0.031900
15186   0.028900
15187   0.021500
15188   0.020600
15189   0.024300
15190   0.020400
15191   0.021800
15192   0.019700
15193   0.020600
15194   0.028700
15195   0.015000
15196   0.024300
15197   0.026500
15198   0.023100
15199   0.024000
15200   0.031200
15201   0.027800
15202   0.028700
15203   0.037300
15204   0.031900
15205   0.026600
15206   0.027500
15207   0.026500
15208   0.025200
15209   0.025700
15210   0.021500
15211   0.028300
15212   0.022300
15213   0.022800
15214   0.029600
15215   0.021900
15216   0.013900
15217   0.011000
15218   0.012500
15219   0.013800
15220   0.020500
15221   0.025800
15222   0.028500
15223   0.023900
15224   0.030200
15225   0.026600
15226   0.015800
15227   0.007600
15228   0.010400
15229   0.004500
15230   0.006100
15231   0.002900
15232   0.004900
15233  -0.001200
15234   0.000300
15235   0.009200
15236   0.010800
15237   0.007300
15238   0.000400
15239   0.002900
15240   0.008300
15241   0.008000
15242   0.012500
15243   0.013800
15244   0.019300
15245   0.019500
15246   0.023900
15247   0.019800
15248   0.016600
15249   0.014500
15250   0.015400
15251   0.021700
15252   0.024500
15253   0.022300
15254   0.011900
15255   0.009000
15256   0.002800
15257   0.005500
15258  -0.005900
15259   0.002500
15260   0.001500
15261   0.009100
15262   0.006700
15263   0.011400
15264   0.014400
15265   0.013600
15266   0.022600
15267   0.029500
15268   0.029200
15269   0.030100
15270   0.037000
15271   0.026700
15272   0.023300
15273   0.025800
15274   0.022300
15275   0.026400
15276   0.033400
15277   0.035800
15278   0.035000
15279   0.046100
15280   0.045100
15281   0.057600
15282   0.066400
15283   0.053300
15284   0.045900
15285   0.048600
15286   0.050500
15287   0.066900
15288   0.063000
15289   0.054400
15290   0.055100
15291   0.051300
15292   0.065200
15293   0.056200
15294   0.052900
15295   0.052200
15296   0.052600
15297   0.053000
15298   0.046100
15299   0.047300
15300   0.043900
15301   0.052300
15302   0.051100
15303   0.048400
15304   0.048600
15305   0.044300
15306   0.042400
15307   0.036200
15308   0.040800
15309   0.039600
15310   0.039000
15311   0.032900
15312   0.029300
15313   0.036200
15314   0.032100
15315   0.042300
15316   0.038200
15317   0.033400
15318   0.037600
15319   0.033700
15320   0.038800
15321   0.038900
15322   0.036200
15323   0.047200
15324   0.064300
15325   0.063100
15326   0.067800
15327   0.073300
15328   0.085000
15329   0.088500
15330   0.094500
15331   0.086500
15332   0.076800
15333   0.081800
15334   0.078700
15335   0.090400
15336   0.097900
15337   0.102200
15338   0.111700
15339   0.107700
15340   0.099900
15341   0.089200
15342   0.089900
15343   0.082500
15344   0.082400
15345   0.075000
15346   0.069700
15347   0.065000
15348   0.058700
15349   0.054000
15350   0.049600
15351   0.048500
15352   0.052800
15353   0.055000
15354   0.054000
15355   0.039400
15356   0.025700
15357   0.030300
15358   0.029300
15359   0.025300
15360   0.018400
15361   0.024700
15362   0.013400
15363   0.018600
15364   0.019000
15365   0.020700
15366   0.009600
15367   0.015500
15368   0.012000
15369   0.007100
15370   0.003900
15371   0.013200
15372   0.003600
15373  -0.005800
15374  -0.007300
15375  -0.000300
15376   0.010700
15377   0.007300
15378   0.013600
15379   0.019400
15380   0.025900
15381   0.027000
15382   0.044300
15383   0.053000
15384   0.048300
15385   0.048900
15386   0.044800
15387   0.051600
15388   0.067800
15389   0.077600
15390   0.071000
15391   0.082500
15392   0.083600
15393   0.085200
15394   0.077000
15395   0.069500
15396   0.064500
15397   0.067000
15398   0.072800
15399   0.069200
15400   0.062700
15401   0.058800
15402   0.049800
15403   0.050700
15404   0.068500
15405   0.059500
15406   0.056200
15407   0.059900
15408   0.064700
15409   0.074700
15410   0.079600
15411   0.069900
15412   0.065900
15413   0.061900
15414   0.061000
15415   0.060400
15416   0.062000
15417   0.066300
15418   0.068300
15419   0.065900
15420   0.072400
15421   0.071600
15422   0.070100
15423   0.075900
15424   0.054200
15425   0.047900
15426   0.042900
15427   0.043900
15428   0.039000
15429   0.043000
15430   0.041800
15431   0.049600
15432   0.043200
15433   0.035800
15434   0.029100
15435   0.026400
15436   0.024500
15437   0.011500
15438   0.006800
15439   0.006300
15440   0.013000
15441   0.017900
15442   0.015800
15443   0.020400
15444   0.018700
15445   0.013000
15446   0.008100
15447   0.016500
15448   0.008700
15449   0.013000
15450   0.003800
15451   0.000100
15452  -0.001500
15453  -0.009700
15454   0.000300
15455  -0.007600
15456  -0.014300
15457  -0.023500
15458  -0.026200
15459  -0.031600
15460  -0.025400
15461  -0.019600
15462  -0.025600
15463  -0.037900
15464  -0.033700
15465  -0.032800
15466  -0.032300
15467  -0.032000
15468  -0.040700
15469  -0.045200
15470  -0.048400
15471  -0.051800
15472  -0.043600
15473  -0.045200
15474  -0.039800
15475  -0.029200
15476  -0.015600
15477  -0.021100
15478  -0.036300
15479  -0.046000
15480  -0.029100
15481  -0.037700
15482  -0.037900
15483  -0.040800
15484  -0.030700
15485  -0.026500
15486  -0.021800
15487  -0.015200
15488  -0.024700
15489  -0.027700
15490  -0.036900
15491  -0.027100
15492  -0.017000
15493  -0.012300
15494  -0.022500
15495  -0.017100
15496  -0.027800
15497  -0.020300
15498  -0.019900
15499  -0.016600
15500  -0.003700
15501  -0.004100
15502  -0.002900
15503   0.004200
15504  -0.000000
15505  -0.005400
15506  -0.001800
15507   0.000900
15508  -0.002200
15509  -0.005300
15510  -0.015500
15511  -0.010500
15512  -0.003000
15513  -0.002900
15514   0.000800
15515   0.005700
15516   0.012400
15517   0.010100
15518   0.002700
15519   0.019300
15520   0.012800
15521   0.014600
15522   0.006000
15523   0.010600
15524   0.004700
15525   0.002700
15526   0.011800
15527   0.013800
15528   0.006600
15529   0.002300
15530   0.002200
15531   0.009500
15532   0.012000
15533   0.019200
15534   0.010700
15535   0.007900
15536   0.015900
15537   0.017200
15538   0.023200
15539   0.021200
15540   0.008000
15541   0.009500
15542   0.008200
15543   0.016100
15544   0.010500
15545   0.010400
15546   0.019600
15547   0.016500
15548   0.014200
15549   0.014000
15550   0.021800
15551   0.032100
15552   0.036800
15553   0.028100
15554   0.025200
15555   0.028700
15556   0.026200
15557   0.024400
15558   0.025900
15559   0.028400
15560   0.034000
15561   0.035800
15562   0.037700
15563   0.039100
15564   0.050000
15565   0.041400
15566   0.046000
15567   0.047800
15568   0.053300
15569   0.047500
15570   0.056800
15571   0.036100
15572   0.033900
15573   0.037400
15574   0.049500
15575   0.041100
15576   0.051400
15577   0.058100
15578   0.059000
15579   0.048300
15580   0.053200
15581   0.054300
15582   0.043900
15583   0.036000
15584   0.037400
15585   0.032300
15586   0.027100
15587   0.025100
15588   0.018100
15589   0.009100
15590   0.011200
15591   0.011300
15592   0.015900
15593   0.022200
15594   0.023100
15595   0.014300
15596   0.014200
15597   0.011200
15598   0.011300
15599   0.005300
15600   0.004900
15601   0.003900
15602  -0.002000
15603   0.000500
15604  -0.000100
15605   0.009000
15606   0.006900
15607   0.004700
15608   0.013000
15609   0.023500
15610   0.012500
15611   0.012500
15612   0.025300
15613   0.020900
15614   0.017800
15615   0.015800
15616   0.024400
15617   0.020700
15618   0.023000
15619   0.031200
15620   0.025300
15621   0.029200
15622   0.028500
15623   0.021500
15624   0.021100
15625   0.021700
15626   0.018000
15627   0.035500
15628   0.035000
15629   0.039900
15630   0.035600
15631   0.030000
15632   0.017500
15633   0.011100
15634   0.008900
15635   0.014600
15636   0.028300
15637   0.024600
15638   0.021700
15639   0.029400
15640   0.017500
15641   0.004400
15642   0.014000
15643   0.019300
15644   0.023700
15645   0.025800
15646   0.023200
15647   0.025100
15648   0.031300
15649   0.039500
15650   0.040000
15651   0.041200
15652   0.049500
15653   0.045500
15654   0.044900
15655   0.044500
15656   0.046000
15657   0.046600
15658   0.048300
15659   0.043400
15660   0.035000
15661   0.029600
15662   0.030100
15663   0.028900
15664   0.026100
15665   0.030500
15666   0.024000
15667   0.047400
15668   0.048300
15669   0.042700
15670   0.051700
15671   0.055100
15672   0.047900
15673   0.050200
15674   0.054600
15675   0.051900
15676   0.043700
15677   0.042800
15678   0.043400
15679   0.046000
15680   0.056700
15681   0.054600
15682   0.057000
15683   0.060600
15684   0.069600
15685   0.067000
15686   0.058100
15687   0.045300
15688   0.057800
15689   0.055600
15690   0.061800
15691   0.071400
15692   0.063400
15693   0.059800
15694   0.061800
15695   0.054200
15696   0.055600
15697   0.060300
15698   0.064800
15699   0.055200
15700   0.051100
15701   0.048200
15702   0.064400
15703   0.055500
15704   0.055000
15705   0.057000
15706   0.060900
15707   0.066500
15708   0.058600
15709   0.046900
15710   0.047900
15711   0.042400
15712   0.046000
15713   0.049700
15714   0.050500
15715   0.040900
15716   0.038900
15717   0.034000
15718   0.033600
15719   0.033600
15720   0.022000
15721   0.024000
15722   0.016800
15723   0.018400
15724   0.020200
15725   0.019200
15726   0.021800
15727   0.017500
15728   0.025600
15729   0.018600
15730   0.017500
15731   0.026900
15732   0.019000
15733   0.016200
15734   0.023200
15735   0.034700
15736   0.035200
15737   0.037600
15738   0.029600
15739   0.037400
15740   0.033800
15741   0.033600
15742   0.033700
15743   0.037200
15744   0.037900
15745   0.043100
15746   0.031400
15747   0.023900
15748   0.019400
15749   0.030500
15750   0.031400
15751   0.025500
15752   0.031600
15753   0.029400
15754   0.027800
15755   0.032100
15756   0.031700
15757   0.032000
15758   0.023600
15759   0.030900
15760   0.023900
15761   0.023300
15762   0.014700
15763   0.012200
15764   0.024600
15765   0.022900
15766   0.027200
15767   0.022500
15768   0.026800
15769   0.035200
15770   0.033300
15771   0.035400
15772   0.041000
15773   0.041600
15774   0.040200
15775   0.052400
15776   0.046600
15777   0.040100
15778   0.035600
15779   0.039300
15780   0.038700
15781   0.040100
15782   0.055800
15783   0.057300
15784   0.063600
15785   0.074100
15786   0.084200
15787   0.077800
15788   0.074700
15789   0.075600
15790   0.079600
15791   0.088800
15792   0.094900
15793   0.089300
15794   0.088600
15795   0.087500
15796   0.079600
15797   0.075000
15798   0.076500
15799   0.064700
15800   0.062500
15801   0.060100
15802   0.057000
15803   0.054300
15804   0.054800
15805   0.053600
15806   0.047700
15807   0.049800
15808   0.051900
15809   0.047200
15810   0.044000
15811   0.044600
15812   0.048900
15813   0.057100
15814   0.061500
15815   0.054300
15816   0.043900
15817   0.038800
15818   0.032800
15819   0.031800
15820   0.021400
15821   0.025500
15822   0.019700
15823   0.021100
15824   0.017700
15825   0.007100
15826   0.006200
15827   0.021500
15828   0.027900
15829   0.031700
15830   0.041300
15831   0.038000
15832   0.037700
15833   0.041100
15834   0.038900
15835   0.045500
15836   0.041300
15837   0.032500
15838   0.019000
15839   0.031800
15840   0.037700
15841   0.039700
15842   0.036500
15843   0.035200
15844   0.027000
15845   0.034800
15846   0.042700
15847   0.046100
15848   0.050200
15849   0.059400
15850   0.060200
15851   0.060400
15852   0.069500
15853   0.073200
15854   0.074500
15855   0.064100
15856   0.066500
15857   0.057700
15858   0.065900
15859   0.065900
15860   0.069800
15861   0.062200
15862   0.057400
15863   0.056900
15864   0.060000
15865   0.054400
15866   0.049600
15867   0.052900
15868   0.044100
15869   0.045300
15870   0.036400
15871   0.034300
15872   0.034500
15873   0.032200
15874   0.026100
15875   0.026700
15876   0.033500
15877   0.032300
15878   0.021600
15879   0.022800
15880   0.027400
15881   0.021200
15882   0.018300
15883   0.016800
15884   0.011100
15885   0.008500
15886   0.000800
15887   0.011600
15888   0.017100
15889   0.027100
15890   0.028000
15891   0.032600
15892   0.032200
15893   0.036800
15894   0.039600
15895   0.038400
15896   0.030800
15897   0.024700
15898   0.030900
15899   0.037100
15900   0.043600
15901   0.053300
15902   0.058700
15903   0.058200
15904   0.060900
15905   0.052700
15906   0.059500
15907   0.063700
15908   0.071400
15909   0.062400
15910   0.058300
15911   0.060200
15912   0.058300
15913   0.054400
15914   0.057100
15915   0.053700
15916   0.046100
15917   0.039400
15918   0.044700
15919   0.044600
15920   0.049800
15921   0.052900
15922   0.053500
15923   0.056900
15924   0.054900
15925   0.048000
15926   0.037500
15927   0.029700
15928   0.042200
15929   0.041400
15930   0.038300
15931   0.039700
15932   0.037500
15933   0.044100
15934   0.034800
15935   0.026800
15936   0.022000
15937   0.020200
15938   0.016600
15939   0.014400
15940   0.015400
15941   0.013800
15942   0.016700
15943   0.025300
15944   0.026600
15945   0.031200
15946   0.037000
15947   0.040000
15948   0.036300
15949   0.037000
15950   0.030900
15951   0.032900
15952   0.035700
15953   0.037100
15954   0.034000
15955   0.037400
15956   0.047700
15957   0.039400
15958   0.042300
15959   0.042300
15960   0.040500
15961   0.028000
15962   0.032100
15963   0.025400
15964   0.033500
15965   0.026600
15966   0.036400
15967   0.034700
15968   0.037800
15969   0.036800
15970   0.041100
15971   0.038400
15972   0.038700
15973   0.023200
15974   0.030400
15975   0.026800
15976   0.032300
15977   0.027600
15978   0.035900
15979   0.033800
15980   0.024600
15981   0.023300
15982   0.011300
15983   0.006800
15984   0.013100
15985   0.006200
15986   0.005900
15987  -0.008800
15988  -0.004800
15989  -0.012400
15990  -0.023500
15991  -0.020100
15992  -0.020300
15993  -0.014800
15994  -0.013100
15995  -0.016000
15996  -0.025800
15997  -0.029200
15998  -0.027200
15999  -0.027100
16000  -0.022700
16001  -0.017400
16002  -0.024000
16003  -0.016900
16004  -0.012100
16005  -0.006600
16006  -0.003200
16007  -0.003700
16008  -0.006800
16009   0.000800
16010   0.008700
16011   0.014100
16012   0.015000
16013   0.016300
16014   0.001900
16015  -0.000200
16016   0.005300
16017   0.008000
16018   0.004600
16019   0.006100
16020   0.005700
16021   0.001500
16022  -0.004700
16023  -0.010500
16024  -0.001000
16025   0.006600
16026  -0.003100
16027  -0.000400
16028  -0.007300
16029  -0.010400
16030  -0.011100
16031  -0.011700
16032  -0.007700
16033   0.001600
16034   0.009700
16035   0.017000
16036   0.026200
16037   0.026700
16038   0.029700
16039   0.026300
16040   0.024400
16041   0.020600
16042   0.024400
16043   0.018700
16044   0.019000
16045   0.017700
16046   0.023400
16047   0.035700
16048   0.029200
16049   0.028900
16050   0.029600
16051   0.038400
16052   0.044700
16053   0.040300
16054   0.034100
16055   0.037400
16056   0.042800
16057   0.035100
16058   0.029000
16059   0.034600
16060   0.031300
16061   0.034900
16062   0.047700
16063   0.048900
16064   0.051200
16065   0.042900
16066   0.043300
16067   0.042200
16068   0.049200
16069   0.036300
16070   0.046200
16071   0.046200
16072   0.040800
16073   0.042700
16074   0.042500
16075   0.039500
16076   0.049300
16077   0.050600
16078   0.056100
16079   0.057000
16080   0.058100
16081   0.066000
16082   0.053200
16083   0.053000
16084   0.053600
16085   0.050200
16086   0.044400
16087   0.048200
16088   0.046600
16089   0.057900
16090   0.064000
16091   0.062300
16092   0.058600
16093   0.053200
16094   0.064600
16095   0.071900
16096   0.060200
16097   0.056600
16098   0.060900
16099   0.062700
16100   0.061800
16101   0.052200
16102   0.046200
16103   0.037900
16104   0.026000
16105   0.029400
16106   0.033500
16107   0.038400
16108   0.041500
16109   0.046800
16110   0.039200
16111   0.035800
16112   0.044300
16113   0.056700
16114   0.057300
16115   0.068600
16116   0.071500
16117   0.068200
16118   0.066400
16119   0.068700
16120   0.069100
16121   0.071800
16122   0.071500
16123   0.065500
16124   0.063700
16125   0.065600
16126   0.056900
16127   0.059300
16128   0.050000
16129   0.047500
16130   0.051900
16131   0.057000
16132   0.073600
16133   0.069900
16134   0.075300
16135   0.066100
16136   0.071400
16137   0.062800
16138   0.068400
16139   0.067900
16140   0.059800
16141   0.060600
16142   0.051100
16143   0.042000
16144   0.035200
16145   0.048000
16146   0.037500
16147   0.034100
16148   0.038000
16149   0.036600
16150   0.031400
16151   0.045000
16152   0.032300
16153   0.038100
16154   0.038600
16155   0.032900
16156   0.040000
16157   0.033600
16158   0.043800
16159   0.044800
16160   0.036000
16161   0.034000
16162   0.021900
16163   0.019900
16164   0.024300
16165   0.022000
16166   0.019000
16167   0.016000
16168   0.004400
16169   0.011200
16170   0.015000
16171   0.009000
16172   0.002400
16173   0.012600
16174   0.022900
16175   0.030000
16176   0.032900
16177   0.037100
16178   0.037500
16179   0.031500
16180   0.023500
16181   0.037100
16182   0.033900
16183   0.029000
16184   0.029300
16185   0.016200
16186   0.013100
16187   0.016900
16188   0.025900
16189   0.020700
16190   0.019000
16191   0.010800
16192   0.009500
16193   0.009800
16194   0.014900
16195   0.023700
16196   0.020900
16197   0.013300
16198   0.013500
16199   0.006700
16200   0.012300
16201  -0.001000
16202  -0.004100
16203  -0.005900
16204  -0.003200
16205   0.006600
16206   0.009600
16207   0.011800
16208   0.009600
16209   0.005500
16210   0.011600
16211   0.014800
16212   0.005400
16213   0.012700
16214   0.006400
16215   0.008800
16216   0.023600
16217   0.026200
16218   0.027100
16219   0.040200
16220   0.043700
16221   0.040700
16222   0.040100
16223   0.032200
16224   0.040500
16225   0.037600
16226   0.037300
16227   0.037300
16228   0.034400
16229   0.039200
16230   0.031800
16231   0.029900
16232   0.021900
16233   0.031400
16234   0.031500
16235   0.047100
16236   0.055400
16237   0.050300
16238   0.048600
16239   0.047300
16240   0.039300
16241   0.031100
16242   0.035600
16243   0.024400
16244   0.025200
16245   0.016600
16246   0.017200
16247   0.017900
16248   0.016200
16249   0.009700
16250   0.011600
16251   0.012800
16252   0.016700
16253   0.015500
16254   0.006700
16255   0.015900
16256   0.019100
16257   0.010300
16258   0.003800
16259   0.001100
16260   0.013600
16261   0.016300
16262   0.016400
16263   0.011400
16264   0.010000
16265   0.014600
16266   0.011100
16267   0.018800
16268   0.032500
16269   0.042100
16270   0.027900
16271   0.018500
16272   0.022200
16273   0.014700
16274   0.023700
16275   0.026600
16276   0.019500
16277   0.019600
16278   0.018300
16279   0.019700
16280   0.011200
16281   0.007500
16282  -0.000200
16283   0.005500
16284  -0.000100
16285  -0.009200
16286   0.000000
16287   0.002100
16288   0.008300
16289   0.001200
16290  -0.003200
16291  -0.009200
16292  -0.004300
16293  -0.001100
16294  -0.004900
16295  -0.011200
16296  -0.021600
16297  -0.012000
16298  -0.015900
16299  -0.015000
16300  -0.021500
16301  -0.031200
16302  -0.034900
16303  -0.038100
16304  -0.043100
16305  -0.042400
16306  -0.037800
16307  -0.035100
16308  -0.039200
16309  -0.035500
16310  -0.032700
16311  -0.033400
16312  -0.025000
16313  -0.021700
16314  -0.006100
16315  -0.003900
16316  -0.008600
16317  -0.008100
16318  -0.004600
16319  -0.007800
16320  -0.015100
16321  -0.014300
16322  -0.017600
16323  -0.013900
16324  -0.019700
16325  -0.025100
16326  -0.025800
16327  -0.028800
16328  -0.022400
16329  -0.038700
16330  -0.043000
16331  -0.032600
16332  -0.027000
16333  -0.020700
16334  -0.024900
16335  -0.024600
16336  -0.018300
16337  -0.012100
16338  -0.018000
16339  -0.027300
16340  -0.037700
16341  -0.037000
16342  -0.044300
16343  -0.042800
16344  -0.048400
16345  -0.051700
16346  -0.055400
16347  -0.046800
16348  -0.045200
16349  -0.055800
16350  -0.044800
16351  -0.030900
16352  -0.025400
16353  -0.022100
16354  -0.023000
16355  -0.015500
16356  -0.021200
16357  -0.013700
16358  -0.014400
16359  -0.011300
16360  -0.011800
16361  -0.008700
16362  -0.004600
16363  -0.009500
16364  -0.029600
16365  -0.027300
16366  -0.027600
16367  -0.026200
16368  -0.029100
16369  -0.023700
16370  -0.030300
16371  -0.023900
16372  -0.019600
16373  -0.016300
16374  -0.023600
16375  -0.025600
16376  -0.010200
16377  -0.003100
16378  -0.009100
16379  -0.007400
16380  -0.007600
16381  -0.014500
16382  -0.008900
16383  -0.024200
16384  -0.028100
16385  -0.035900
16386  -0.037700
16387  -0.043800
16388  -0.044800
16389  -0.034600
16390  -0.024700
16391  -0.017000
16392  -0.019900
16393  -0.015200
16394  -0.023100
16395  -0.025600
16396  -0.028800
16397  -0.024900
16398  -0.032000
16399  -0.040500
16400  -0.037300
16401  -0.042800
16402  -0.048300
16403  -0.044600
16404  -0.033600
16405  -0.033800
16406  -0.026000
16407  -0.014300
16408  -0.008800
16409  -0.010200
16410  -0.004100
16411  -0.005900
16412  -0.012000
16413  -0.011100
16414  -0.008400
16415  -0.004800
16416  -0.011700
16417  -0.008300
16418  -0.015800
16419  -0.003300
16420  -0.001200
16421   0.001600
16422  -0.003400
16423   0.005200
16424  -0.006800
16425   0.009800
16426   0.009200
16427   0.015800
16428   0.019700
16429   0.020300
16430   0.028300
16431   0.022000
16432   0.023200
16433   0.023600
16434   0.021300
16435   0.019100
16436   0.021900
16437   0.024500
16438   0.020200
16439   0.028100
16440   0.024800
16441   0.020600
16442   0.021100
16443   0.017400
16444   0.025500
16445   0.022800
16446   0.020800
16447   0.020000
16448   0.019300
16449   0.016000
16450   0.009200
16451   0.005800
16452   0.005300
16453   0.007200
16454   0.010900
16455   0.013500
16456   0.012500
16457   0.008800
16458   0.004400
16459   0.007400
16460   0.008300
16461   0.005100
16462   0.001900
16463   0.010400
16464   0.018000
16465   0.009700
16466   0.012100
16467   0.010900
16468   0.014400
16469   0.014600
16470   0.022700
16471   0.030300
16472   0.033800
16473   0.028400
16474   0.022900
16475   0.034000
16476   0.037200
16477   0.029900
16478   0.028200
16479   0.028300
16480   0.021400
16481   0.011700
16482   0.013300
16483   0.013700
16484   0.011200
16485   0.019900
16486   0.015000
16487   0.008100
16488  -0.004000
16489   0.003500
16490  -0.012100
16491  -0.003700
16492   0.000200
16493  -0.003400
16494   0.000500
16495  -0.006900
16496  -0.021000
16497  -0.018300
16498  -0.015800
16499  -0.010800
16500  -0.008600
16501  -0.021600
16502  -0.015500
16503  -0.017300
16504  -0.012600
16505  -0.011700
16506  -0.004300
16507  -0.007800
16508  -0.010800
16509  -0.005500
16510  -0.003300
16511  -0.003900
16512  -0.013900
16513  -0.013100
16514  -0.021600
16515  -0.017500
16516  -0.016800
16517  -0.015600
16518  -0.009800
16519  -0.013500
16520  -0.018100
16521  -0.019000
16522  -0.016100
16523  -0.012800
16524  -0.010100
16525  -0.019000
16526  -0.013000
16527  -0.004200
16528  -0.019000
16529  -0.023800
16530  -0.020100
16531  -0.019800
16532  -0.012900
16533  -0.015000
16534  -0.011600
16535  -0.006300
16536  -0.013100
16537  -0.014000
16538  -0.010000
16539  -0.002800
16540  -0.008600
16541  -0.009700
16542  -0.002800
16543  -0.016100
16544  -0.019200
16545  -0.024100
16546  -0.019600
16547  -0.021900
16548  -0.019300
16549  -0.017100
16550  -0.010100
16551  -0.009100
16552  -0.006600
16553  -0.005500
16554  -0.009500
16555  -0.004300
16556  -0.011500
16557  -0.009200
16558  -0.014200
16559  -0.013100
16560  -0.009900
16561  -0.003100
16562  -0.006200
16563  -0.008000
16564  -0.001600
16565  -0.000800
16566   0.010700
16567   0.012000
16568   0.018300
16569   0.019400
16570   0.018800
16571   0.012100
16572   0.018900
16573   0.018800
16574   0.021600
16575   0.026300
16576   0.025500
16577   0.030100
16578   0.027600
16579   0.032800
16580   0.035800
16581   0.030800
16582   0.027400
16583   0.024300
16584   0.021200
16585   0.017800
16586   0.012400
16587   0.006100
16588   0.004500
16589  -0.000600
16590   0.001300
16591  -0.008000
16592  -0.008100
16593  -0.015600
16594  -0.017600
16595  -0.022400
16596  -0.011400
16597  -0.004900
16598  -0.002100
16599   0.000700
16600  -0.000300
16601   0.000600
16602  -0.002600
16603  -0.009600
16604  -0.012700
16605  -0.016400
16606  -0.027700
16607  -0.019000
16608  -0.025400
16609  -0.027500
16610  -0.035700
16611  -0.030000
16612  -0.019800
16613  -0.021500
16614  -0.022000
16615  -0.020000
16616  -0.013900
16617  -0.011300
16618  -0.008900
16619  -0.009500
16620  -0.009800
16621   0.004100
16622  -0.007500
16623  -0.010500
16624  -0.004600
16625  -0.007600
16626  -0.016200
16627  -0.023500
16628  -0.023600
16629  -0.016400
16630  -0.027400
16631  -0.030200
16632  -0.013900
16633  -0.017600
16634  -0.019300
16635  -0.022000
16636  -0.014300
16637  -0.020100
16638  -0.018500
16639  -0.015600
16640  -0.008400
16641  -0.016800
16642  -0.008800
16643   0.009000
16644   0.009900
16645   0.004400
16646  -0.003000
16647  -0.005800
16648   0.001600
16649   0.004000
16650   0.006100
16651   0.004700
16652   0.016500
16653   0.019400
16654   0.033100
16655   0.040200
16656   0.046000
16657   0.044500
16658   0.045000
16659   0.047700
16660   0.048800
16661   0.055100
16662   0.047200
16663   0.047800
16664   0.051300
16665   0.046600
16666   0.047000
16667   0.054700
16668   0.058200
16669   0.064400
16670   0.054500
16671   0.056700
16672   0.050100
16673   0.054000
16674   0.052000
16675   0.060200
16676   0.058400
16677   0.058700
16678   0.057700
16679   0.057200
16680   0.062600
16681   0.070500
16682   0.068300
16683   0.070400
16684   0.060500
16685   0.068100
16686   0.074600
16687   0.077900
16688   0.071600
16689   0.080100
16690   0.076700
16691   0.082100
16692   0.082400
16693   0.076600
16694   0.077200
16695   0.065200
16696   0.065700
16697   0.054100
16698   0.056600
16699   0.041900
16700   0.049500
16701   0.047900
16702   0.043600
16703   0.034100
16704   0.035400
16705   0.033000
16706   0.032300
16707   0.034000
16708   0.045800
16709   0.036400
16710   0.046900
16711   0.048800
16712   0.047400
16713   0.041600
16714   0.035600
16715   0.033100
16716   0.032900
16717   0.032200
16718   0.042100
16719   0.042200
16720   0.032200
16721   0.024200
16722   0.017700
16723   0.023300
16724   0.010400
16725   0.019300
16726   0.017000
16727   0.013600
16728   0.015600
16729   0.014800
16730   0.013400
16731   0.015800
16732   0.021700
16733   0.031100
16734   0.034300
16735   0.038800
16736   0.044100
16737   0.036800
16738   0.046400
16739   0.046000
16740   0.041100
16741   0.051900
16742   0.051000
16743   0.054500
16744   0.058500
16745   0.038000
16746   0.036800
16747   0.026300
16748   0.045900
16749   0.056500
16750   0.055700
16751   0.047000
16752   0.042000
16753   0.048000
16754   0.052300
16755   0.054300
16756   0.050000
16757   0.050000
16758   0.043400
16759   0.041800
16760   0.031600
16761   0.032500
16762   0.027900
16763   0.033000
16764   0.020900
16765   0.012000
16766   0.003200
16767   0.006200
16768   0.017100
16769   0.024000
16770   0.036900
16771   0.034700
16772   0.032700
16773   0.032700
16774   0.017200
16775   0.026100
16776   0.038000
16777   0.036100
16778   0.031700
16779   0.036000
16780   0.040900
16781   0.043700
16782   0.036200
16783   0.037200
16784   0.047400
16785   0.035700
16786   0.033200
16787   0.029300
16788   0.023600
16789   0.026500
16790   0.031300
16791   0.031800
16792   0.024800
16793   0.019200
16794   0.029100
16795   0.015700
16796   0.014000
16797   0.014200
16798   0.012800
16799   0.010900
16800   0.010800
16801   0.019900
16802   0.020600
16803   0.022900
16804   0.022600
16805   0.020600
16806   0.030600
16807   0.025900
16808   0.016300
16809   0.013100
16810   0.009700
16811   0.006000
16812   0.003100
16813  -0.001400
16814   0.001000
16815  -0.006500
16816  -0.007300
16817  -0.012700
16818  -0.019600
16819  -0.023200
16820  -0.016000
16821  -0.009400
16822  -0.010600
16823  -0.013300
16824  -0.008100
16825  -0.005700
16826  -0.005200
16827  -0.006700
16828  -0.005800
16829  -0.008300
16830  -0.013700
16831  -0.013600
16832  -0.020000
16833  -0.031700
16834  -0.042000
16835  -0.039700
16836  -0.048300
16837  -0.049500
16838  -0.049300
16839  -0.053100
16840  -0.046500
16841  -0.049300
16842  -0.048600
16843  -0.051000
16844  -0.048800
16845  -0.039200
16846  -0.036600
16847  -0.027000
16848  -0.021600
16849  -0.017800
16850  -0.015100
16851  -0.015200
16852  -0.015600
16853  -0.013600
16854  -0.011400
16855  -0.011600
16856  -0.005700
16857   0.001100
16858   0.014300
16859   0.015700
16860   0.011800
16861   0.000500
16862   0.010200
16863   0.014100
16864   0.012500
16865   0.022600
16866   0.030900
16867   0.019700
16868   0.008600
16869   0.010300
16870   0.012800
16871   0.015700
16872   0.011300
16873   0.005700
16874   0.012700
16875   0.013500
16876   0.028300
16877   0.024400
16878   0.028400
16879   0.024700
16880   0.031200
16881   0.033800
16882   0.022400
16883   0.023000
16884   0.025900
16885   0.018400
16886   0.014500
16887   0.019900
16888   0.019500
16889   0.019600
16890   0.026800
16891   0.030500
16892   0.018500
16893   0.015200
16894   0.028700
16895   0.026200
16896   0.029200
16897   0.026100
16898   0.035900
16899   0.036700
16900   0.028500
16901   0.030300
16902   0.036300
16903   0.037800
16904   0.030000
16905   0.031100
16906   0.033100
16907   0.043400
16908   0.043500
16909   0.040800
16910   0.036400
16911   0.038900
16912   0.042900
16913   0.036500
16914   0.038800
16915   0.044600
16916   0.040500
16917   0.044100
16918   0.041000
16919   0.027100
16920   0.039300
16921   0.049300
16922   0.058300
16923   0.062600
16924   0.067800
16925   0.065300
16926   0.062300
16927   0.053000
16928   0.042000
16929   0.041000
16930   0.023100
16931   0.007700
16932   0.000500
16933   0.002500
16934   0.006000
16935   0.014700
16936   0.018000
16937   0.023900
16938   0.029200
16939   0.024000
16940   0.023100
16941   0.033100
16942   0.035500
16943   0.037700
16944   0.026900
16945   0.014300
16946   0.008400
16947   0.014300
16948   0.022300
16949   0.009400
16950  -0.008800
16951  -0.002900
16952  -0.001100
16953  -0.001800
16954   0.003700
16955   0.001900
16956   0.006200
16957   0.004000
16958   0.002700
16959  -0.000600
16960  -0.006600
16961  -0.004700
16962  -0.001600
16963  -0.005800
16964  -0.008100
16965  -0.006700
16966  -0.010600
16967  -0.016100
16968  -0.027100
16969  -0.028900
16970  -0.021300
16971  -0.024100
16972  -0.028100
16973  -0.022300
16974  -0.016000
16975  -0.020900
16976  -0.027200
16977  -0.033400
16978  -0.031700
16979  -0.030600
16980  -0.029600
16981  -0.032800
16982  -0.023200
16983  -0.016200
16984  -0.010400
16985  -0.022900
16986  -0.007900
16987  -0.002100
16988   0.009600
16989   0.014300
16990   0.013400
16991   0.013400
16992   0.020300
16993   0.007600
16994   0.020400
16995   0.009700
16996   0.003700
16997   0.006100
16998   0.010800
16999   0.018800
17000   0.029500
17001   0.030200
17002   0.038000
17003   0.033100
17004   0.021700
17005   0.018100
17006   0.022000
17007   0.022000
17008   0.019600
17009   0.012000
17010   0.007400
17011  -0.001600
17012   0.003200
17013   0.008800
17014   0.011400
17015   0.003000
17016   0.010300
17017   0.009500
17018   0.008200
17019   0.014900
17020   0.020100
17021   0.014500
17022   0.000900
17023  -0.000200
17024  -0.000600
17025  -0.008300
17026  -0.011000
17027  -0.009500
17028  -0.019700
17029  -0.021500
17030  -0.030300
17031  -0.019900
17032  -0.012800
17033  -0.001900
17034   0.000300
17035   0.007200
17036   0.005300
17037   0.014400
17038   0.009700
17039   0.005700
17040   0.017200
17041   0.013300
17042   0.013400
17043   0.018300
17044   0.023600
17045   0.016800
17046   0.003000
17047   0.005300
17048  -0.001500
17049   0.005600
17050   0.001300
17051   0.002600
17052  -0.005600
17053   0.001100
17054  -0.011300
17055   0.008000
17056   0.014000
17057   0.006200
17058  -0.000400
17059   0.005600
17060   0.010400
17061   0.005000
17062   0.009200
17063   0.006800
17064   0.016200
17065   0.014300
17066   0.013200
17067   0.008900
17068   0.013500
17069   0.009700
17070   0.011700
17071   0.003700
17072   0.010100
17073   0.001400
17074  -0.000700
17075  -0.001400
17076  -0.009300
17077  -0.001500
17078  -0.002000
17079  -0.004700
17080  -0.000400
17081  -0.001800
17082  -0.007600
17083  -0.014800
17084  -0.006700
17085  -0.010000
17086  -0.010300
17087  -0.000400
17088  -0.003400
17089   0.003300
17090  -0.002200
17091   0.001400
17092   0.001000
17093   0.011500
17094   0.016300
17095   0.017800
17096   0.025000
17097   0.035900
17098   0.037000
17099   0.032300
17100   0.031400
17101   0.018300
17102   0.024900
17103   0.025900
17104   0.019900
17105   0.013800
17106   0.008500
17107   0.007300
17108   0.010000
17109   0.012600
17110   0.016100
17111   0.013500
17112   0.010000
17113   0.010500
17114   0.009600
17115   0.014600
17116   0.017000
17117   0.017200
17118   0.006700
17119   0.010500
17120   0.011300
17121   0.007500
17122   0.010800
17123   0.014900
17124   0.009500
17125   0.009500
17126   0.005100
17127  -0.002400
17128  -0.003100
17129  -0.004900
17130   0.001600
17131   0.011700
17132   0.004900
17133   0.004600
17134   0.014300
17135   0.018500
17136   0.018200
17137   0.008900
17138   0.005700
17139   0.006800
17140   0.009000
17141   0.022600
17142   0.035200
17143   0.034300
17144   0.031300
17145   0.025600
17146   0.022700
17147   0.027900
17148   0.039800
17149   0.045200
17150   0.041200
17151   0.028500
17152   0.030100
17153   0.031900
17154   0.031200
17155   0.031900
17156   0.034400
17157   0.034900
17158   0.044000
17159   0.045500
17160   0.037300
17161   0.045300
17162   0.028400
17163   0.020900
17164   0.013100
17165   0.022500
17166   0.024300
17167   0.028600
17168   0.038500
17169   0.025800
17170   0.018100
17171   0.015000
17172   0.012600
17173   0.021900
17174   0.023900
17175   0.025400
17176   0.027800
17177   0.038200
17178   0.038400
17179   0.034200
17180   0.034700
17181   0.031100
17182   0.016200
17183   0.008700
17184   0.011600
17185   0.036400
17186   0.043000
17187   0.034800
17188   0.040500
17189   0.042800
17190   0.038600
17191   0.042500
17192   0.050500
17193   0.039700
17194   0.032600
17195   0.029100
17196   0.030700
17197   0.032400
17198   0.024000
17199   0.020800
17200   0.028000
17201   0.025300
17202   0.022600
17203   0.026900
17204   0.023800
17205   0.025900
17206   0.022800
17207   0.017900
17208   0.016100
17209   0.019000
17210   0.021400
17211   0.025100
17212   0.024300
17213   0.017500
17214   0.017200
17215   0.013300
17216   0.007200
17217   0.016900
17218   0.012500
17219   0.012600
17220   0.015300
17221   0.023700
17222   0.010300
17223   0.015400
17224   0.017400
17225   0.014300
17226   0.018300
17227   0.010900
17228   0.014500
17229   0.016600
17230   0.018700
17231   0.029600
17232   0.029800
17233   0.031500
17234   0.020900
17235   0.025000
17236   0.017600
17237   0.018100
17238   0.018600
17239   0.021100
17240   0.021600
17241   0.026100
17242   0.035600
17243   0.046300
17244   0.048500
17245   0.044900
17246   0.051800
17247   0.045700
17248   0.055800
17249   0.060000
17250   0.068900
17251   0.066800
17252   0.058000
17253   0.073000
17254   0.072100
17255   0.063800
17256   0.049900
17257   0.049600
17258   0.044500
17259   0.049100
17260   0.040100
17261   0.046900
17262   0.048300
17263   0.048700
17264   0.051200
17265   0.039300
17266   0.047400
17267   0.051100
17268   0.050800
17269   0.034200
17270   0.031100
17271   0.040400
17272   0.044500
17273   0.042200
17274   0.039000
17275   0.045000
17276   0.049900
17277   0.050300
17278   0.043300
17279   0.048100
17280   0.047600
17281   0.050200
17282   0.044000
17283   0.042600
17284   0.040600
17285   0.031200
17286   0.026300
17287   0.033400
17288   0.034900
17289   0.035500
17290   0.034000
17291   0.023200
17292   0.035600
17293   0.031000
17294   0.035500
17295   0.034100
17296   0.030000
17297   0.026600
17298   0.024000
17299   0.022800
17300   0.024000
17301   0.025500
17302   0.026800
17303   0.023000
17304   0.025700
17305   0.020700
17306   0.010000
17307   0.002000
17308  -0.004600
17309   0.002200
17310   0.003600
17311   0.003300
17312  -0.000300
17313   0.004400
17314   0.010000
17315   0.021400
17316   0.018900
17317   0.015000
17318   0.016500
17319   0.011100
17320   0.011800
17321   0.011300
17322   0.007200
17323   0.007400
17324   0.016200
17325   0.011600
17326   0.018000
17327   0.014500
17328   0.016400
17329   0.010300
17330   0.010300
17331   0.003600
17332   0.016300
17333   0.009300
17334   0.005600
17335   0.013300
17336   0.015700
17337   0.013800
17338   0.021700
17339   0.023600
17340   0.015300
17341   0.011700
17342   0.010700
17343   0.014800
17344   0.016600
17345   0.025400
17346   0.013300
17347   0.008600
17348   0.013300
17349   0.010400
17350   0.008600
17351   0.003800
17352   0.006800
17353   0.005300
17354   0.017900
17355   0.020900
17356   0.019500
17357   0.006800
17358   0.002300
17359  -0.002200
17360  -0.006200
17361  -0.013000
17362  -0.009300
17363  -0.014400
17364  -0.010200
17365  -0.013600
17366  -0.007800
17367  -0.002400
17368   0.002300
17369   0.007800
17370   0.003800
17371   0.007500
17372   0.011700
17373   0.009700
17374   0.015300
17375   0.018600
17376   0.028100
17377   0.025700
17378   0.023500
17379   0.017600
17380   0.011000
17381   0.013100
17382   0.016900
17383   0.013500
17384   0.018900
17385   0.023400
17386   0.009800
17387   0.013300
17388   0.007100
17389   0.008200
17390   0.013900
17391   0.018800
17392   0.011700
17393   0.002400
17394   0.011700
17395   0.022000
17396   0.017100
17397   0.023300
17398   0.028500
17399   0.036600
17400   0.025600
17401   0.027400
17402   0.031600
17403   0.024500
17404   0.011400
17405   0.010400
17406   0.014800
17407   0.016700
17408   0.017800
17409   0.026700
17410   0.012500
17411   0.001200
17412   0.005200
17413  -0.003500
17414  -0.007500
17415  -0.000400
17416  -0.009800
17417  -0.018400
17418  -0.017000
17419  -0.026000
17420  -0.025200
17421  -0.027000
17422  -0.024700
17423  -0.029100
17424  -0.030000
17425  -0.029100
17426  -0.019300
17427  -0.013500
17428  -0.024800
17429  -0.013300
17430  -0.016400
17431  -0.020000
17432  -0.015400
17433  -0.009800
17434  -0.013000
17435  -0.010200
17436  -0.009300
17437  -0.016400
17438  -0.005500
17439  -0.002300
17440   0.003300
17441  -0.009200
17442   0.004900
17443   0.021800
17444   0.019000
17445   0.017700
17446   0.016900
17447   0.011100
17448   0.019700
17449   0.015000
17450   0.019500
17451   0.022000
17452   0.031400
17453   0.033200
17454   0.033900
17455   0.026400
17456   0.024400
17457   0.033600
17458   0.027400
17459   0.030700
17460   0.032600
17461   0.022100
17462   0.014000
17463   0.004800
17464  -0.000600
17465   0.002000
17466  -0.003300
17467  -0.009700
17468  -0.010000
17469  -0.019800
17470  -0.014000
17471  -0.010000
17472  -0.018400
17473  -0.009300
17474  -0.009900
17475  -0.001700
17476   0.001700
17477   0.010400
17478   0.011600
17479   0.012700
17480   0.023800
17481   0.025300
17482   0.030900
17483   0.041600
17484   0.032000
17485   0.029600
17486   0.036200
17487   0.033100
17488   0.024200
17489   0.024700
17490   0.024200
17491   0.020400
17492   0.022500
17493   0.027500
17494   0.024300
17495   0.024100
17496   0.007400
17497   0.001500
17498   0.008200
17499   0.008500
17500   0.004700
17501   0.005900
17502   0.006900
17503   0.017800
17504   0.026800
17505   0.040800
17506   0.030200
17507   0.021900
17508   0.020800
17509   0.021100
17510   0.017800
17511   0.022800
17512   0.017100
17513   0.027400
17514   0.026900
17515   0.033800
17516   0.033000
17517   0.034300
17518   0.014500
17519   0.006700
17520   0.002500
17521   0.002500
17522  -0.010600
17523  -0.013500
17524  -0.015000
17525  -0.014200
17526  -0.011600
17527  -0.011000
17528  -0.002900
17529  -0.019800
17530  -0.014100
17531   0.006100
17532  -0.004300
17533  -0.010800
17534  -0.015100
17535  -0.015600
17536  -0.006400
17537  -0.009500
17538  -0.013100
17539  -0.014400
17540  -0.000900
17541   0.000800
17542   0.000100
17543  -0.008500
17544  -0.011500
17545   0.004700
17546   0.008200
17547   0.010200
17548   0.015400
17549   0.013500
17550   0.005800
17551   0.010800
17552   0.030400
17553   0.040300
17554   0.032900
17555   0.031700
17556   0.028700
17557   0.043600
17558   0.036900
17559   0.029500
17560   0.023000
17561   0.024200
17562   0.028000
17563   0.025800
17564   0.015300
17565   0.020200
17566   0.018800
17567   0.017400
17568   0.017600
17569   0.012700
17570   0.022100
17571   0.008200
17572   0.004000
17573   0.002500
17574   0.010500
17575   0.003000
17576   0.005900
17577   0.005400
17578   0.001800
17579  -0.008400
17580  -0.005800
17581  -0.006600
17582  -0.013300
17583  -0.013600
17584   0.000500
17585   0.007000
17586   0.012500
17587   0.008400
17588   0.003400
17589  -0.006200
17590   0.000100
17591   0.003300
17592   0.010800
17593   0.014800
17594   0.021400
17595   0.017000
17596   0.017400
17597   0.009400
17598   0.013300
17599   0.019800
17600   0.020600
17601   0.028000
17602   0.029800
17603   0.032100
17604   0.029100
17605   0.032500
17606   0.037200
17607   0.033300
17608   0.028100
17609   0.029700
17610   0.023400
17611   0.025700
17612   0.030700
17613   0.037600
17614   0.031400
17615   0.032300
17616   0.041000
17617   0.036600
17618   0.040000
17619   0.033700
17620   0.037300
17621   0.027700
17622   0.019400
17623   0.017800
17624   0.018900
17625   0.010500
17626   0.001200
17627   0.007400
17628   0.003600
17629  -0.000400
17630  -0.000700
17631   0.000000
17632   0.004200
17633   0.007300
17634   0.009300
17635   0.012300
17636   0.000100
17637   0.005600
17638  -0.002900
17639  -0.000500
17640   0.001300
17641  -0.000900
17642  -0.002400
17643   0.001000
17644  -0.002800
17645  -0.003300
17646   0.009300
17647   0.019500
17648   0.014500
17649   0.017800
17650   0.013800
17651   0.011400
17652   0.011300
17653   0.022200
17654   0.029700
17655   0.031200
17656   0.023200
17657   0.021200
17658   0.021700
17659   0.015000
17660   0.014900
17661   0.015400
17662   0.007400
17663   0.014500
17664   0.009800
17665   0.013600
17666   0.027400
17667   0.020400
17668   0.020200
17669   0.019200
17670   0.020000
17671   0.020500
17672   0.025700
17673   0.026900
17674   0.029700
17675   0.023100
17676   0.022700
17677   0.023300
17678   0.024300
17679   0.023600
17680   0.034900
17681   0.038300
17682   0.056500
17683   0.052500
17684   0.051800
17685   0.050600
17686   0.053600
17687   0.050500
17688   0.049300
17689   0.050100
17690   0.041100
17691   0.045700
17692   0.045100
17693   0.046600
17694   0.044800
17695   0.042900
17696   0.044200
17697   0.041500
17698   0.037700
17699   0.036800
17700   0.034400
17701   0.034900
17702   0.034200
17703   0.022000
17704   0.015800
17705   0.012100
17706   0.002800
17707   0.009200
17708   0.012600
17709   0.010900
17710   0.010300
17711   0.017500
17712   0.021600
17713   0.005100
17714   0.000800
17715   0.002100
17716   0.002800
17717   0.000500
17718  -0.004000
17719  -0.001500
17720  -0.009000
17721  -0.011600
17722  -0.021300
17723  -0.018100
17724  -0.013600
17725  -0.016500
17726  -0.019700
17727  -0.023600
17728  -0.016200
17729  -0.002300
17730  -0.002400
17731  -0.004100
17732  -0.009000
17733  -0.001000
17734  -0.005700
17735  -0.008700
17736  -0.010600
17737  -0.004200
17738  -0.003100
17739  -0.004100
17740  -0.014900
17741  -0.012800
17742  -0.019100
17743  -0.015700
17744  -0.012900
17745  -0.003200
17746  -0.006500
17747  -0.017900
17748  -0.020500
17749  -0.015400
17750  -0.019600
17751  -0.014100
17752  -0.009300
17753  -0.006500
17754  -0.008400
17755  -0.003700
17756  -0.000900
17757  -0.005100
17758  -0.002700
17759  -0.007300
17760  -0.011000
17761  -0.005400
17762  -0.011400
17763  -0.010100
17764  -0.011600
17765  -0.009900
17766  -0.009200
17767  -0.008800
17768  -0.002900
17769   0.007900
17770   0.007800
17771   0.002400
17772   0.003000
17773   0.003900
17774   0.011500
17775   0.019800
17776   0.022400
17777   0.025900
17778   0.036200
17779   0.044100
17780   0.037400
17781   0.040900
17782   0.047100
17783   0.048300
17784   0.044000
17785   0.048200
17786   0.046300
17787   0.053800
17788   0.059000
17789   0.070800
17790   0.070700
17791   0.076000
17792   0.074000
17793   0.061800
17794   0.065900
17795   0.064400
17796   0.067900
17797   0.069000
17798   0.072000
17799   0.068700
17800   0.060900
17801   0.068700
17802   0.065300
17803   0.074100
17804   0.076500
17805   0.071800
17806   0.077300
17807   0.069100
17808   0.068700
17809   0.068700
17810   0.063600
17811   0.067500
17812   0.060400
17813   0.064700
17814   0.065400
17815   0.073200
17816   0.072300
17817   0.065000
17818   0.064200
17819   0.061400
17820   0.042700
17821   0.041000
17822   0.033800
17823   0.033100
17824   0.039100
17825   0.035600
17826   0.036900
17827   0.043400
17828   0.039800
17829   0.045300
17830   0.042700
17831   0.037100
17832   0.035800
17833   0.041700
17834   0.046600
17835   0.050500
17836   0.049000
17837   0.057300
17838   0.058600
17839   0.045300
17840   0.051800
17841   0.064600
17842   0.062000
17843   0.062100
17844   0.076500
17845   0.074400
17846   0.072200
17847   0.065700
17848   0.053000
17849   0.051800
17850   0.052900
17851   0.056300
17852   0.053500
17853   0.040400
17854   0.058000
17855   0.059500
17856   0.062800
17857   0.061400
17858   0.054900
17859   0.059600
17860   0.052300
17861   0.050500
17862   0.041700
17863   0.050000
17864   0.050600
17865   0.056300
17866   0.059100
17867   0.061800
17868   0.061800
17869   0.058100
17870   0.066900
17871   0.060800
17872   0.053800
17873   0.053900
17874   0.055300
17875   0.043800
17876   0.044300
17877   0.045300
17878   0.048000
17879   0.036100
17880   0.033100
17881   0.026600
17882   0.025400
17883   0.012200
17884   0.016100
17885   0.009800
17886   0.012200
17887   0.012900
17888   0.024000
17889   0.023700
17890   0.021300
17891   0.026500
17892   0.020600
17893   0.027400
17894   0.028500
17895   0.029700
17896   0.035200
17897   0.041000
17898   0.038600
17899   0.030500
17900   0.031100
17901   0.035200
17902   0.032100
17903   0.043300
17904   0.040800
17905   0.044600
17906   0.045300
17907   0.042900
17908   0.045200
17909   0.047500
17910   0.040200
17911   0.041100
17912   0.037500
17913   0.036800
17914   0.038800
17915   0.034700
17916   0.033200
17917   0.029500
17918   0.025800
17919   0.033900
17920   0.037000
17921   0.038600
17922   0.029000
17923   0.037600
17924   0.034300
17925   0.026400
17926   0.021300
17927   0.012900
17928   0.012700
17929   0.003300
17930   0.009800
17931  -0.001000
17932   0.001700
17933   0.001200
17934  -0.013700
17935  -0.007400
17936  -0.015500
17937  -0.004400
17938   0.011000
17939   0.007700
17940   0.005800
17941   0.001800
17942   0.009200
17943   0.012700
17944   0.017600
17945   0.010100
17946   0.012800
17947   0.002100
17948  -0.002500
17949  -0.005800
17950  -0.009400
17951  -0.000700
17952  -0.005400
17953  -0.014100
17954  -0.016700
17955  -0.021800
17956  -0.021300
17957  -0.026200
17958  -0.021100
17959  -0.021600
17960  -0.025000
17961  -0.021900
17962  -0.019500
17963  -0.020700
17964  -0.019100
17965  -0.016800
17966  -0.024600
17967  -0.030900
17968  -0.023400
17969  -0.025700
17970  -0.033000
17971  -0.025200
17972  -0.017200
17973  -0.013200
17974  -0.013300
17975  -0.014000
17976  -0.014000
17977  -0.010100
17978   0.005800
17979   0.002000
17980  -0.008800
17981  -0.007400
17982  -0.010900
17983  -0.012400
17984  -0.014600
17985  -0.011700
17986  -0.015500
17987  -0.013500
17988  -0.017300
17989  -0.012500
17990  -0.006900
17991  -0.011800
17992  -0.018200
17993  -0.022600
17994  -0.014100
17995  -0.010900
17996  -0.009600
17997  -0.010500
17998  -0.000400
17999   0.007600
18000   0.003500
18001  -0.000100
18002   0.004900
18003  -0.003900
18004  -0.011200
18005  -0.011900
18006  -0.011800
18007  -0.004300
18008  -0.008000
18009  -0.022700
18010  -0.023500
18011  -0.018900
18012  -0.031400
18013  -0.038400
18014  -0.038600
18015  -0.042000
18016  -0.047200
18017  -0.047500
18018  -0.049300
18019  -0.055800
18020  -0.046600
18021  -0.038200
18022  -0.039900
18023  -0.036700
18024  -0.034500
18025  -0.033000
18026  -0.021000
18027  -0.010100
18028  -0.008400
18029  -0.009700
18030  -0.015100
18031  -0.016800
18032  -0.010600
18033  -0.008000
18034  -0.018800
18035  -0.009300
18036  -0.013900
18037  -0.019900
18038  -0.016100
18039  -0.026800
18040  -0.021700
18041  -0.025700
18042  -0.028500
18043  -0.030600
18044  -0.027300
18045  -0.024500
18046  -0.026700
18047  -0.022100
18048  -0.021400
18049  -0.016200
18050  -0.024200
18051  -0.016700
18052  -0.024200
18053  -0.016800
18054  -0.013200
18055  -0.008500
18056  -0.000800
18057  -0.002600
18058  -0.010000
18059  -0.009500
18060  -0.003600
18061  -0.007600
18062  -0.021200
18063  -0.013400
18064  -0.014000
18065  -0.013500
18066  -0.014000
18067  -0.017200
18068  -0.006000
18069  -0.004200
18070  -0.010500
18071  -0.022800
18072  -0.015200
18073  -0.019400
18074  -0.017000
18075  -0.012100
18076  -0.013500
18077  -0.004800
18078  -0.022000
18079  -0.018900
18080  -0.006200
18081  -0.006800
18082  -0.006500
18083  -0.004600
18084  -0.008800
18085   0.008500
18086   0.005700
18087   0.005600
18088  -0.002600
18089  -0.004100
18090  -0.003000
18091   0.000100
18092   0.000300
18093  -0.002100
18094  -0.003600
18095  -0.009600
18096  -0.016300
18097  -0.012200
18098  -0.013000
18099  -0.008500
18100  -0.013200
18101  -0.018300
18102  -0.022100
18103  -0.018700
18104  -0.022400
18105  -0.016300
18106  -0.011100
18107  -0.017000
18108  -0.016900
18109  -0.008600
18110  -0.010200
18111  -0.014000
18112  -0.020200
18113  -0.011700
18114  -0.014400
18115  -0.024700
18116  -0.026900
18117  -0.025600
18118  -0.022600
18119  -0.020900
18120  -0.020500
18121  -0.015200
18122  -0.013500
18123  -0.025100
18124  -0.026100
18125  -0.025900
18126  -0.017900
18127  -0.021800
18128  -0.026400
18129  -0.018100
18130  -0.011800
18131  -0.021200
18132  -0.034600
18133  -0.028800
18134  -0.020700
18135  -0.024500
18136  -0.020900
18137  -0.018900
18138  -0.020700
18139  -0.023800
18140  -0.023400
18141  -0.029500
18142  -0.026600
18143  -0.025100
18144  -0.020000
18145  -0.025700
18146  -0.028000
18147  -0.038900
18148  -0.035300
18149  -0.030700
18150  -0.029200
18151  -0.033200
18152  -0.028200
18153  -0.020400
18154  -0.021000
18155  -0.024800
18156  -0.018000
18157  -0.014800
18158  -0.016800
18159  -0.009600
18160  -0.017400
18161  -0.023400
18162  -0.027100
18163  -0.016800
18164  -0.020000
18165  -0.014500
18166  -0.007200
18167   0.014300
18168   0.008200
18169   0.003600
18170   0.000000
18171   0.003300
18172   0.010400
18173   0.007600
18174   0.016600
18175   0.006000
18176   0.002000
18177  -0.000500
18178  -0.000400
18179  -0.004200
18180  -0.008700
18181   0.002400
18182   0.008600
18183   0.011600
18184   0.017300
18185   0.021900
18186   0.019500
18187   0.024300
18188   0.031800
18189   0.033100
18190   0.040800
18191   0.037000
18192   0.032400
18193   0.022200
18194   0.024200
18195   0.024200
18196   0.020500
18197   0.011100
18198   0.005600
18199   0.004500
18200   0.012300
18201   0.006900
18202   0.007700
18203   0.002600
18204  -0.002100
18205  -0.001500
18206  -0.010500
18207  -0.013000
18208  -0.019700
18209  -0.032300
18210  -0.030300
18211  -0.028500
18212  -0.025500
18213  -0.026200
18214  -0.023200
18215  -0.017100
18216  -0.008800
18217  -0.009500
18218   0.001200
18219  -0.004800
18220   0.003200
18221   0.018800
18222   0.022500
18223   0.012800
18224   0.010800
18225   0.008400
18226   0.002100
18227   0.010200
18228   0.014500
18229   0.013400
18230   0.014000
18231   0.015000
18232   0.005500
18233   0.009800
18234   0.011600
18235   0.015100
18236   0.021100
18237   0.021200
18238   0.021400
18239   0.026500
18240   0.024800
18241   0.033900
18242   0.041600
18243   0.036400
18244   0.024000
18245   0.024800
18246   0.025400
18247   0.025500
18248   0.031300
18249   0.035000
18250   0.033800
18251   0.040900
18252   0.029600
18253   0.047800
18254   0.040100
18255   0.041200
18256   0.039700
18257   0.046500
18258   0.032800
18259   0.027900
18260   0.033500
18261   0.041100
18262   0.042200
18263   0.051700
18264   0.046500
18265   0.048200
18266   0.055700
18267   0.061400
18268   0.052600
18269   0.056100
18270   0.054800
18271   0.056600
18272   0.064200
18273   0.057700
18274   0.047600
18275   0.037000
18276   0.034700
18277   0.025700
18278   0.029600
18279   0.033300
18280   0.030000
18281   0.025000
18282   0.021800
18283   0.021600
18284   0.014400
18285   0.002500
18286  -0.004400
18287  -0.001900
18288  -0.006500
18289  -0.015100
18290  -0.001900
18291  -0.004500
18292  -0.005400
18293   0.003300
18294   0.004600
18295   0.003300
18296  -0.002100
18297  -0.014500
18298  -0.017100
18299  -0.018800
18300  -0.015300
18301  -0.002200
18302  -0.006600
18303   0.001300
18304  -0.006600
18305  -0.001700
18306   0.002200
18307   0.011900
18308   0.011300
18309   0.007400
18310   0.003400
18311  -0.013100
18312  -0.009000
18313  -0.008400
18314  -0.007600
18315  -0.003600
18316   0.000200
18317  -0.003000
18318   0.001800
18319   0.000500
18320  -0.004100
18321  -0.004900
18322   0.005100
18323   0.006200
18324   0.009400
18325   0.006300
18326  -0.007300
18327   0.009900
18328   0.003600
18329   0.006200
18330   0.008900
18331   0.003800
18332   0.001700
18333  -0.002600
18334  -0.004200
18335  -0.015100
18336  -0.024000
18337  -0.034300
18338  -0.035100
18339  -0.028900
18340  -0.025000
18341  -0.030500
18342  -0.025600
18343  -0.023600
18344  -0.024000
18345  -0.019100
18346  -0.011000
18347  -0.015400
18348  -0.012100
18349  -0.011900
18350  -0.021000
18351  -0.011700
18352  -0.000700
18353  -0.007800
18354  -0.009700
18355  -0.018500
18356  -0.023000
18357  -0.023800
18358  -0.020800
18359  -0.016000
18360  -0.022700
18361  -0.020500
18362  -0.028000
18363  -0.030200
18364  -0.030700
18365  -0.025300
18366  -0.018300
18367  -0.014500
18368  -0.025900
18369  -0.030200
18370  -0.031500
18371  -0.024700
18372  -0.024800
18373  -0.021000
18374  -0.022200
18375  -0.025900
18376  -0.016000
18377  -0.026200
18378  -0.019700
18379  -0.027200
18380  -0.026500
18381  -0.026900
18382  -0.022000
18383  -0.035500
18384  -0.027900
18385  -0.022600
18386  -0.023400
18387  -0.016900
18388  -0.011100
18389  -0.007800
18390   0.000400
18391   0.000400
18392  -0.008100
18393  -0.006100
18394  -0.009800
18395  -0.010000
18396  -0.015400
18397  -0.019000
18398  -0.018700
18399  -0.013200
18400  -0.025100
18401  -0.019900
18402  -0.027200
18403  -0.024200
18404  -0.025500
18405  -0.020700
18406  -0.032900
18407  -0.037100
18408  -0.029600
18409  -0.020700
18410  -0.009400
18411  -0.008400
18412  -0.009400
18413   0.002600
18414  -0.008000
18415  -0.009600
18416  -0.012200
18417  -0.001800
18418   0.003700
18419  -0.002600
18420  -0.002100
18421  -0.011200
18422  -0.019100
18423  -0.022500
18424  -0.022000
18425  -0.024900
18426  -0.027500
18427  -0.021600
18428  -0.014300
18429  -0.003000
18430   0.000100
18431  -0.005000
18432  -0.015700
18433  -0.018700
18434  -0.021000
18435  -0.019200
18436  -0.015800
18437  -0.005600
18438  -0.008100
18439  -0.004000
18440  -0.009800
18441  -0.017200
18442  -0.020600
18443  -0.021300
18444  -0.028800
18445  -0.031200
18446  -0.039100
18447  -0.042700
18448  -0.059400
18449  -0.059700
18450  -0.051500
18451  -0.046000
18452  -0.049400
18453  -0.046900
18454  -0.046900
18455  -0.051400
18456  -0.055900
18457  -0.053200
18458  -0.043500
18459  -0.036900
18460  -0.043600
18461  -0.036600
18462  -0.027400
18463  -0.017800
18464  -0.025700
18465  -0.019700
18466  -0.028100
18467  -0.015600
18468  -0.021600
18469  -0.016900
18470  -0.015900
18471  -0.014500
18472  -0.023100
18473  -0.028200
18474  -0.023500
18475  -0.009900
18476  -0.010000
18477  -0.006400
18478  -0.009400
18479  -0.017800
18480  -0.027200
18481  -0.025400
18482  -0.027400
18483  -0.027700
18484  -0.023700
18485  -0.015800
18486  -0.017200
18487  -0.009200
18488  -0.002000
18489  -0.003400
18490  -0.001500
18491  -0.001300
18492  -0.003000
18493  -0.006600
18494   0.009200
18495   0.003000
18496  -0.005300
18497  -0.011500
18498  -0.012800
18499  -0.013700
18500  -0.007500
18501  -0.009700
18502  -0.016800
18503  -0.012800
18504  -0.004500
18505  -0.004300
18506   0.000300
18507  -0.006300
18508  -0.003800
18509  -0.012900
18510  -0.007700
18511  -0.008800
18512  -0.006400
18513  -0.011300
18514   0.000000
18515   0.014300
18516   0.020500
18517   0.021600
18518   0.015800
18519   0.009100
18520   0.022900
18521   0.017300
18522   0.015900
18523   0.023900
18524   0.009700
18525   0.002100
18526   0.007500
18527   0.001800
18528   0.007000
18529   0.021300
18530   0.035500
18531   0.034300
18532   0.042200
18533   0.044800
18534   0.044200
18535   0.046900
18536   0.056800
18537   0.052300
18538   0.063600
18539   0.055000
18540   0.044200
18541   0.043400
18542   0.055400
18543   0.056500
18544   0.057500
18545   0.064100
18546   0.065700
18547   0.067400
18548   0.072800
18549   0.062700
18550   0.071000
18551   0.080100
18552   0.086300
18553   0.087200
18554   0.089400
18555   0.086700
18556   0.084400
18557   0.081300
18558   0.078200
18559   0.080800
18560   0.080300
18561   0.072600
18562   0.072600
18563   0.069100
18564   0.063200
18565   0.052000
18566   0.048000
18567   0.038300
18568   0.049800
18569   0.043500
18570   0.040100
18571   0.046500
18572   0.044000
18573   0.046000
18574   0.046600
18575   0.046800
18576   0.044800
18577   0.046200
18578   0.044600
18579   0.044900
18580   0.041300
18581   0.041200
18582   0.054200
18583   0.057700
18584   0.061300
18585   0.066500
18586   0.065200
18587   0.076800
18588   0.081600
18589   0.070000
18590   0.065400
18591   0.057900
18592   0.053300
18593   0.059900
18594   0.057000
18595   0.056400
18596   0.049200
18597   0.044700
18598   0.042700
18599   0.034800
18600   0.038200
18601   0.041000
18602   0.034300
18603   0.037200
18604   0.035300
18605   0.030700
18606   0.033900
18607   0.043300
18608   0.042300
18609   0.042000
18610   0.039300
18611   0.043000
18612   0.035700
18613   0.032000
18614   0.030700
18615   0.036700
18616   0.042200
18617   0.039400
18618   0.039600
18619   0.040200
18620   0.034300
18621   0.027700
18622   0.035300
18623   0.038100
18624   0.043400
18625   0.035900
18626   0.029400
18627   0.032200
18628   0.033400
18629   0.044500
18630   0.044700
18631   0.049300
18632   0.040400
18633   0.036800
18634   0.040700
18635   0.040300
18636   0.040300
18637   0.031600
18638   0.024400
18639   0.031600
18640   0.017300
18641   0.013700
18642   0.013100
18643   0.009100
18644   0.008400
18645   0.012900
18646  -0.000100
18647   0.003200
18648   0.017100
18649   0.011400
18650   0.012400
18651   0.013000
18652   0.021200
18653   0.020900
18654   0.024700
18655   0.026900
18656   0.028700
18657   0.020100
18658   0.029000
18659   0.020800
18660   0.028200
18661   0.020900
18662   0.020900
18663   0.021900
18664   0.020100
18665   0.038200
18666   0.047900
18667   0.039100
18668   0.046100
18669   0.036100
18670   0.025800
18671   0.023900
18672   0.030400
18673   0.023700
18674   0.013800
18675   0.013900
18676   0.041300
18677   0.035600
18678   0.021600
18679   0.020100
18680   0.024900
18681   0.028100
18682   0.029300
18683   0.045200
18684   0.047500
18685   0.040700
18686   0.039700
18687   0.029600
18688   0.028600
18689   0.027600
18690   0.012200
18691   0.011300
18692   0.007900
18693   0.007800
18694   0.010200
18695   0.014200
18696   0.026300
18697   0.044300
18698   0.042500
18699   0.037700
18700   0.033100
18701   0.026800
18702   0.016500
18703   0.014700
18704   0.009100
18705   0.013200
18706   0.017700
18707   0.009900
18708   0.009300
18709   0.010100
18710   0.008100
18711   0.001500
18712   0.003200
18713   0.001700
18714   0.011400
18715   0.004900
18716   0.012700
18717   0.007900
18718   0.007400
18719   0.014000
18720   0.013700
18721   0.018200
18722   0.030300
18723   0.033100
18724   0.027300
18725   0.036200
18726   0.046600
18727   0.055100
18728   0.054400
18729   0.051600
18730   0.048400
18731   0.046400
18732   0.041900
18733   0.037500
18734   0.028800
18735   0.039700
18736   0.046800
18737   0.053900
18738   0.052900
18739   0.045200
18740   0.036200
18741   0.049000
18742   0.047300
18743   0.040900
18744   0.044800
18745   0.046100
18746   0.038300
18747   0.031100
18748   0.045400
18749   0.038600
18750   0.028600
18751   0.033900
18752   0.040400
18753   0.026700
18754   0.033500
18755   0.041200
18756   0.039200
18757   0.046100
18758   0.047300
18759   0.046500
18760   0.048700
18761   0.051100
18762   0.042200
18763   0.041000
18764   0.028500
18765   0.028200
18766   0.028000
18767   0.020300
18768   0.013500
18769   0.017500
18770   0.017600
18771   0.029300
18772   0.031000
18773   0.027200
18774   0.025600
18775   0.030800
18776   0.029600
18777   0.025000
18778   0.018700
18779   0.017600
18780   0.017500
18781   0.030000
18782   0.041500
18783   0.042800
18784   0.033900
18785   0.025700
18786   0.035000
18787   0.034700
18788   0.028900
18789   0.019100
18790   0.013100
18791   0.007500
18792   0.001900
18793  -0.000500
18794  -0.003800
18795  -0.009600
18796  -0.008400
18797  -0.015700
18798  -0.018400
18799  -0.013100
18800  -0.005000
18801  -0.004500
18802  -0.006000
18803  -0.019400
18804  -0.020700
18805  -0.023200
18806  -0.022500
18807  -0.015500
18808  -0.013400
18809  -0.010200
18810  -0.012500
18811  -0.011800
18812  -0.019300
18813  -0.013500
18814  -0.013400
18815  -0.007400
18816  -0.004700
18817   0.002800
18818   0.010700
18819   0.011900
18820   0.005500
18821  -0.002000
18822  -0.002300
18823  -0.005200
18824   0.005300
18825   0.006600
18826   0.007000
18827   0.009500
18828   0.013000
18829   0.011300
18830   0.004800
18831  -0.000400
18832   0.005900
18833   0.013300
18834   0.004300
18835   0.012800
18836   0.019100
18837   0.026600
18838   0.011200
18839   0.004800
18840   0.000800
18841   0.005100
18842   0.001700
18843   0.003700
18844  -0.008400
18845  -0.010700
18846  -0.014300
18847  -0.004500
18848  -0.008200
18849  -0.005600
18850   0.001000
18851  -0.005500
18852  -0.010900
18853  -0.006800
18854  -0.005800
18855  -0.005700
18856  -0.017400
18857  -0.023000
18858  -0.014200
18859  -0.029300
18860  -0.012200
18861  -0.014700
18862  -0.010400
18863  -0.001000
18864  -0.003600
18865  -0.002900
18866   0.008400
18867   0.011400
18868   0.011100
18869   0.014000
18870   0.004600
18871   0.004900
18872   0.000900
18873   0.001100
18874   0.009600
18875   0.008700
18876   0.007700
18877   0.008800
18878   0.009000
18879   0.008900
18880   0.014000
18881   0.028600
18882   0.024600
18883   0.026300
18884   0.021600
18885   0.016200
18886   0.009600
18887   0.013500
18888   0.008500
18889   0.015700
18890   0.017500
18891   0.023900
18892   0.022900
18893   0.021700
18894   0.016500
18895   0.022500
18896   0.020200
18897   0.015200
18898   0.011400
18899   0.016500
18900   0.008600
18901   0.004300
18902  -0.003800
18903   0.002900
18904   0.001000
18905  -0.005000
18906   0.016900
18907   0.019300
18908   0.024400
18909   0.025800
18910   0.021900
18911   0.027900
18912   0.030200
18913   0.029900
18914   0.020700
18915   0.022200
18916   0.021300
18917   0.016100
18918   0.015000
18919   0.011700
18920   0.024400
18921   0.027500
18922   0.029400
18923   0.034100
18924   0.029500
18925   0.039700
18926   0.036000
18927   0.036100
18928   0.021400
18929   0.017600
18930   0.016500
18931   0.032600
18932   0.030200
18933   0.035500
18934   0.020300
18935   0.015000
18936   0.025900
18937   0.023900
18938   0.023000
18939   0.028700
18940   0.026200
18941   0.019200
18942   0.019600
18943   0.010500
18944   0.011500
18945   0.015300
18946   0.029300
18947   0.030400
18948   0.027200
18949   0.027000
18950   0.032900
18951   0.040100
18952   0.048500
18953   0.048700
18954   0.049600
18955   0.044300
18956   0.044700
18957   0.026300
18958   0.028600
18959   0.034700
18960   0.037400
18961   0.027700
18962   0.027800
18963   0.031100
18964   0.033800
18965   0.027400
18966   0.029900
18967   0.027000
18968   0.025600
18969   0.023800
18970   0.024900
18971   0.018900
18972   0.023600
18973   0.020600
18974   0.025300
18975   0.024900
18976   0.021500
18977   0.026700
18978   0.018800
18979   0.022200
18980   0.013900
18981   0.011400
18982   0.003800
18983   0.000000
18984  -0.002000
18985  -0.005700
18986  -0.006800
18987  -0.004900
18988   0.005200
18989   0.016200
18990   0.023900
18991   0.017500
18992   0.023900
18993   0.017700
18994   0.018300
18995   0.007200
18996   0.011900
18997   0.005100
18998   0.002500
18999  -0.001700
19000  -0.001300
19001   0.003300
19002   0.001900
19003  -0.002300
19004  -0.005700
19005  -0.005100
19006  -0.011500
19007  -0.014400
19008  -0.011400
19009  -0.009200
19010   0.009600
19011   0.008800
19012   0.015400
19013   0.017800
19014   0.012900
19015   0.014300
19016   0.015000
19017   0.013100
19018   0.012300
19019  -0.001600
19020   0.002300
19021   0.010000
19022   0.011600
19023   0.007500
19024   0.013500
19025   0.016300
19026   0.014600
19027   0.016100
19028   0.026400
19029   0.026000
19030   0.015600
19031  -0.001400
19032  -0.007100
19033  -0.005900
19034  -0.001800
19035  -0.002200
19036   0.003800
19037   0.007600
19038   0.004300
19039   0.007000
19040   0.011800
19041   0.004800
19042   0.000300
19043   0.008100
19044   0.009300
19045   0.000800
19046   0.008500
19047   0.014600
19048   0.012700
19049   0.016600
19050   0.032700
19051   0.025500
19052   0.025300
19053   0.030600
19054   0.029000
19055   0.031900
19056   0.037100
19057   0.037100
19058   0.029500
19059   0.017200
19060   0.009700
19061   0.004500
19062   0.002600
19063   0.004100
19064   0.005200
19065   0.003900
19066   0.006500
19067   0.012000
19068   0.010200
19069   0.013000
19070   0.018300
19071   0.009800
19072   0.015500
19073   0.005600
19074   0.011100
19075   0.011200
19076   0.005900
19077  -0.009500
19078  -0.015500
19079  -0.018600
19080  -0.014500
19081  -0.017500
19082  -0.015400
19083  -0.011200
19084  -0.015400
19085  -0.012800
19086  -0.006800
19087  -0.002000
19088   0.004300
19089   0.004300
19090   0.012400
19091   0.016900
19092   0.013000
19093   0.010900
19094   0.009900
19095   0.005300
19096   0.011800
19097   0.005700
19098   0.000600
19099   0.004300
19100   0.004000
19101   0.007700
19102   0.012500
19103   0.016900
19104   0.026900
19105   0.023700
19106   0.022200
19107   0.020100
19108   0.023100
19109   0.026500
19110   0.028200
19111   0.013500
19112   0.013600
19113   0.019700
19114   0.017200
19115   0.011600
19116   0.013300
19117   0.005300
19118   0.013600
19119   0.006100
19120  -0.001500
19121  -0.000000
19122  -0.008400
19123  -0.011300
19124  -0.004700
19125  -0.011300
19126  -0.013800
19127  -0.006600
19128  -0.004500
19129  -0.008100
19130   0.001800
19131  -0.004500
19132   0.002600
19133  -0.001800
19134  -0.013300
19135  -0.008800
19136  -0.013000
19137   0.000800
19138  -0.003200
19139  -0.003000
19140  -0.004200
19141  -0.002000
19142  -0.004500
19143  -0.007600
19144  -0.012300
19145   0.002200
19146   0.011700
19147   0.014100
19148   0.020400
19149   0.030000
19150   0.032400
19151   0.044200
19152   0.038300
19153   0.046500
19154   0.049600
19155   0.040600
19156   0.031600
19157   0.026500
19158   0.026800
19159   0.033000
19160   0.027200
19161   0.022100
19162   0.025700
19163   0.025900
19164   0.030400
19165   0.035300
19166   0.034900
19167   0.036600
19168   0.048900
19169   0.054900
19170   0.053200
19171   0.068300
19172   0.071800
19173   0.066700
19174   0.080100
19175   0.081900
19176   0.069200
19177   0.058300
19178   0.055900
19179   0.050500
19180   0.047000
19181   0.043900
19182   0.050000
19183   0.041600
19184   0.037100
19185   0.044600
19186   0.045900
19187   0.035800
19188   0.034900
19189   0.041100
19190   0.037700
19191   0.041800
19192   0.041300
19193   0.044300
19194   0.047800
19195   0.046200
19196   0.045100
19197   0.045400
19198   0.048100
19199   0.041600
19200   0.035300
19201   0.030800
19202   0.023800
19203   0.021500
19204   0.014300
19205   0.012800
19206   0.011400
19207   0.011900
19208   0.004000
19209   0.006300
19210   0.009600
19211   0.008400
19212   0.006500
19213   0.005400
19214   0.011000
19215   0.007700
19216   0.018200
19217   0.022400
19218   0.021200
19219   0.021400
19220   0.017700
19221   0.033700
19222   0.034300
19223   0.025400
19224   0.021300
19225   0.010300
19226  -0.002600
19227  -0.009600
19228  -0.018500
19229  -0.015400
19230  -0.015300
19231  -0.019100
19232  -0.014400
19233  -0.014400
19234  -0.018900
19235  -0.013700
19236  -0.015900
19237  -0.005900
19238  -0.007100
19239  -0.005900
19240  -0.005100
19241  -0.011800
19242  -0.018200
19243  -0.022900
19244  -0.021200
19245  -0.024600
19246  -0.029900
19247  -0.026400
19248  -0.026900
19249  -0.035400
19250  -0.035800
19251  -0.028900
19252  -0.026800
19253  -0.024500
19254  -0.025700
19255  -0.029900
19256  -0.030500
19257  -0.025000
19258  -0.033200
19259  -0.029600
19260  -0.031900
19261  -0.029400
19262  -0.025200
19263  -0.036400
19264  -0.031900
19265  -0.035500
19266  -0.043500
19267  -0.043500
19268  -0.035800
19269  -0.041300
19270  -0.045900
19271  -0.042000
19272  -0.038700
19273  -0.028900
19274  -0.030800
19275  -0.031700
19276  -0.020700
19277  -0.023100
19278  -0.021000
19279  -0.010300
19280  -0.017000
19281  -0.003000
19282  -0.008700
19283  -0.007600
19284  -0.001900
19285  -0.005700
19286  -0.001800
19287  -0.007800
19288  -0.000900
19289  -0.004600
19290  -0.010600
19291  -0.011900
19292  -0.015200
19293  -0.005100
19294  -0.005700
19295  -0.006000
19296  -0.006900
19297  -0.024900
19298  -0.022000
19299  -0.033200
19300  -0.031600
19301  -0.027900
19302  -0.021300
19303  -0.018900
19304  -0.031700
19305  -0.029200
19306  -0.027200
19307  -0.023800
19308  -0.018200
19309  -0.019900
19310  -0.024800
19311  -0.028800
19312  -0.042900
19313  -0.044400
19314  -0.044300
19315  -0.047900
19316  -0.043000
19317  -0.040400
19318  -0.044000
19319  -0.039500
19320  -0.039200
19321  -0.035000
19322  -0.029300
19323  -0.019900
19324  -0.020900
19325  -0.021100
19326  -0.000200
19327  -0.000800
19328   0.005400
19329   0.014800
19330   0.021100
19331   0.011600
19332   0.025400
19333   0.023200
19334   0.025100
19335   0.027400
19336   0.022900
19337   0.022700
19338   0.013700
19339   0.003300
19340   0.013100
19341   0.019800
19342   0.017900
19343   0.028800
19344   0.033400
19345   0.037400
19346   0.037700
19347   0.036200
19348   0.039400
19349   0.039800
19350   0.038700
19351   0.030900
19352   0.027000
19353   0.020600
19354   0.013400
19355   0.022300
19356   0.014600
19357   0.012800
19358   0.006700
19359   0.012900
19360   0.006100
19361   0.006100
19362   0.004500
19363   0.010000
19364   0.010000
19365   0.012800
19366   0.014800
19367   0.012900
19368   0.009200
19369   0.023900
19370   0.020000
19371   0.014300
19372   0.014800
19373   0.008300
19374   0.007100
19375   0.003300
19376   0.003500
19377  -0.000400
19378   0.002100
19379  -0.000700
19380   0.003500
19381  -0.000900
19382  -0.002900
19383  -0.003400
19384  -0.007600
19385  -0.006200
19386  -0.013000
19387  -0.011800
19388  -0.014500
19389  -0.007600
19390  -0.002400
19391   0.006300
19392   0.017300
19393   0.026600
19394   0.021300
19395   0.021200
19396   0.009100
19397   0.011200
19398   0.010100
19399   0.007000
19400   0.009900
19401   0.015500
19402   0.011500
19403   0.009400
19404   0.001600
19405   0.007800
19406   0.001700
19407  -0.005400
19408  -0.014300
19409  -0.018200
19410  -0.016300
19411  -0.010300
19412   0.000500
19413   0.001300
19414   0.008100
19415   0.007800
19416   0.014200
19417   0.024700
19418   0.035200
19419   0.032000
19420   0.028500
19421   0.027300
19422   0.020200
19423   0.021400
19424   0.023600
19425   0.015200
19426   0.020400
19427   0.018600
19428   0.010900
19429   0.015600
19430   0.025700
19431   0.015400
19432   0.018800
19433   0.036400
19434   0.036700
19435   0.044200
19436   0.049300
19437   0.045100
19438   0.037500
19439   0.038100
19440   0.041200
19441   0.039500
19442   0.033300
19443   0.032500
19444   0.024200
19445   0.017000
19446   0.007700
19447   0.009800
19448   0.005000
19449   0.018700
19450   0.012800
19451   0.009600
19452   0.025000
19453   0.035800
19454   0.032000
19455   0.031800
19456   0.031400
19457   0.043900
19458   0.055500
19459   0.051900
19460   0.048300
19461   0.051000
19462   0.048000
19463   0.046700
19464   0.045000
19465   0.053300
19466   0.044500
19467   0.040100
19468   0.052100
19469   0.037400
19470   0.034700
19471   0.045500
19472   0.050400
19473   0.054500
19474   0.047700
19475   0.048100
19476   0.044200
19477   0.039600
19478   0.036400
19479   0.044600
19480   0.035200
19481   0.041800
19482   0.036900
19483   0.034000
19484   0.029900
19485   0.015600
19486   0.016200
19487   0.024100
19488   0.031100
19489   0.023500
19490   0.028900
19491   0.026200
19492   0.023700
19493   0.034600
19494   0.035900
19495   0.021900
19496   0.016200
19497   0.024200
19498   0.025000
19499   0.031800
19500   0.026700
19501   0.027200
19502   0.025200
19503   0.033900
19504   0.033000
19505   0.039200
19506   0.045000
19507   0.044900
19508   0.052400
19509   0.058700
19510   0.049600
19511   0.042700
19512   0.047500
19513   0.049900
19514   0.049300
19515   0.065300
19516   0.071400
19517   0.078800
19518   0.087500
19519   0.078500
19520   0.085200
19521   0.089300
19522   0.100500
19523   0.097100
19524   0.098400
19525   0.082900
19526   0.084600
19527   0.085300
19528   0.085400
19529   0.098500
19530   0.105200
19531   0.107000
19532   0.108600
19533   0.114500
19534   0.112700
19535   0.117100
19536   0.108100
19537   0.099300
19538   0.098400
19539   0.098800
19540   0.096600
19541   0.086700
19542   0.084600
19543   0.081800
19544   0.080200
19545   0.079200
19546   0.079600
19547   0.079500
19548   0.076400
19549   0.074700
19550   0.077800
19551   0.071300
19552   0.072400
19553   0.063800
19554   0.071500
19555   0.074000
19556   0.082600
19557   0.081200
19558   0.077600
19559   0.083000
19560   0.078300
19561   0.076000
19562   0.067800
19563   0.074700
19564   0.072800
19565   0.065000
19566   0.070400
19567   0.073400
19568   0.073900
19569   0.071800
19570   0.063100
19571   0.069400
19572   0.075600
19573   0.075400
19574   0.075800
19575   0.070400
19576   0.073300
19577   0.066900
19578   0.065000
19579   0.072300
19580   0.081500
19581   0.082800
19582   0.077400
19583   0.064900
19584   0.051000
19585   0.048800
19586   0.044900
19587   0.046000
19588   0.040200
19589   0.043400
19590   0.044500
19591   0.043200
19592   0.044900
19593   0.039900
19594   0.042800
19595   0.045200
19596   0.039500
19597   0.032300
19598   0.036500
19599   0.034600
19600   0.038400
19601   0.035900
19602   0.027100
19603   0.025200
19604   0.021700
19605   0.019500
19606   0.019700
19607   0.033800
19608   0.025800
19609   0.042200
19610   0.039100
19611   0.031900
19612   0.037300
19613   0.052700
19614   0.046600
19615   0.042800
19616   0.037900
19617   0.032700
19618   0.037300
19619   0.031000
19620   0.045600
19621   0.046900
19622   0.052700
19623   0.054900
19624   0.040400
19625   0.029700
19626   0.015700
19627   0.027500
19628   0.036700
19629   0.047200
19630   0.047200
19631   0.037400
19632   0.047300
19633   0.053300
19634   0.049300
19635   0.045000
19636   0.052800
19637   0.058200
19638   0.053600
19639   0.048400
19640   0.045100
19641   0.050600
19642   0.043000
19643   0.036700
19644   0.037800
19645   0.037800
19646   0.037800
19647   0.039800
19648   0.046000
19649   0.043500
19650   0.035300
19651   0.039400
19652   0.038500
19653   0.039100
19654   0.053300
19655   0.045900
19656   0.049800
19657   0.049900
19658   0.052400
19659   0.051800
19660   0.051800
19661   0.057500
19662   0.049700
19663   0.053500
19664   0.048900
19665   0.053100
19666   0.063200
19667   0.068200
19668   0.071000
19669   0.066400
19670   0.060500
19671   0.053700
19672   0.059000
19673   0.060200
19674   0.058700
19675   0.052100
19676   0.042700
19677   0.041400
19678   0.037900
19679   0.038600
19680   0.042400
19681   0.052900
19682   0.055900
19683   0.054000
19684   0.052300
19685   0.063100
19686   0.056100
19687   0.060400
19688   0.060500
19689   0.055100
19690   0.058300
19691   0.058000
19692   0.047900
19693   0.069300
19694   0.072600
19695   0.065100
19696   0.050100
19697   0.052500
19698   0.047100
19699   0.039100
19700   0.041700
19701   0.045200
19702   0.049100
19703   0.049100
19704   0.053600
19705   0.056900
19706   0.051100
19707   0.043900
19708   0.043400
19709   0.038500
19710   0.030200
19711   0.036300
19712   0.045600
19713   0.051500
19714   0.052000
19715   0.039200
19716   0.030500
19717   0.037600
19718   0.034200
19719   0.037300
19720   0.036200
19721   0.041800
19722   0.039700
19723   0.030200
19724   0.024700
19725   0.025200
19726   0.029600
19727   0.027600
19728   0.029600
19729   0.018600
19730   0.016700
19731   0.010700
19732   0.014100
19733   0.009000
19734   0.004300
19735  -0.008000
19736  -0.011900
19737  -0.009600
19738  -0.013300
19739  -0.025200
19740  -0.023600
19741  -0.031800
19742  -0.031100
19743  -0.028100
19744  -0.032300
19745  -0.040500
19746  -0.040900
19747  -0.041000
19748  -0.041200
19749  -0.048800
19750  -0.047600
19751  -0.058700
19752  -0.055100
19753  -0.065100
19754  -0.045400
19755  -0.040700
19756  -0.038500
19757  -0.029400
19758  -0.029400
19759  -0.032300
19760  -0.030800
19761  -0.050100
19762  -0.056300
19763  -0.058900
19764  -0.053900
19765  -0.056000
19766  -0.051200
19767  -0.058800
19768  -0.062600
19769  -0.070900
19770  -0.077900
19771  -0.077700
19772  -0.068000
19773  -0.072800
19774  -0.067000
19775  -0.077000
19776  -0.076800
19777  -0.081600
19778  -0.059100
19779  -0.057800
19780  -0.049800
19781  -0.043700
19782  -0.040400
19783  -0.043500
19784  -0.047500
19785  -0.033400
19786  -0.029000
19787  -0.048900
19788  -0.053700
19789  -0.057400
19790  -0.052600
19791  -0.054700
19792  -0.057800
19793  -0.053900
19794  -0.047900
19795  -0.036300
19796  -0.044400
19797  -0.039600
19798  -0.042400
19799  -0.037200
19800  -0.035900
19801  -0.044300
19802  -0.033200
19803  -0.039600
19804  -0.033800
19805  -0.039300
19806  -0.041900
19807  -0.039800
19808  -0.041500
19809  -0.041100
19810  -0.046600
19811  -0.047700
19812  -0.045100
19813  -0.046600
19814  -0.044800
19815  -0.039300
19816  -0.041900
19817  -0.030900
19818  -0.021600
19819  -0.018500
19820  -0.018200
19821  -0.017200
19822  -0.015500
19823  -0.014300
19824  -0.004800
19825  -0.007000
19826  -0.010400
19827  -0.003900
19828  -0.017100
19829  -0.008200
19830  -0.005500
19831  -0.003700
19832   0.002700
19833   0.000100
19834   0.002100
19835   0.005100
19836   0.009300
19837   0.008500
19838   0.017100
19839   0.032300
19840   0.043000
19841   0.041000
19842   0.041900
19843   0.042200
19844   0.037100
19845   0.034700
19846   0.033800
19847   0.031300
19848   0.032000
19849   0.043300
19850   0.028600
19851   0.026500
19852   0.040500
19853   0.038200
19854   0.043700
19855   0.043600
19856   0.052700
19857   0.043500
19858   0.048000
19859   0.039200
19860   0.041000
19861   0.031700
19862   0.026800
19863   0.016200
19864   0.019100
19865   0.018500
19866   0.018700
19867   0.024100
19868   0.026400
19869   0.025600
19870   0.024700
19871   0.017300
19872   0.019900
19873   0.020300
19874   0.016700
19875   0.012600
19876   0.008000
19877   0.012000
19878   0.018500
19879   0.015200
19880   0.020900
19881   0.032600
19882   0.037400
19883   0.037300
19884   0.032800
19885   0.026300
19886   0.031500
19887   0.032100
19888   0.034300
19889   0.034900
19890   0.035100
19891   0.040600
19892   0.037500
19893   0.027300
19894   0.025500
19895   0.028700
19896   0.035000
19897   0.048300
19898   0.045700
19899   0.046100
19900   0.051000
19901   0.044100
19902   0.044200
19903   0.039400
19904   0.049500
19905   0.044100
19906   0.057900
19907   0.047300
19908   0.038900
19909   0.038800
19910   0.041400
19911   0.045500
19912   0.051500
19913   0.050400
19914   0.052400
19915   0.058100
19916   0.045500
19917   0.041800
19918   0.034000
19919   0.031500
19920   0.029600
19921   0.032400
19922   0.024900
19923   0.014500
19924   0.019000
19925   0.007400
19926   0.010000
19927   0.008500
19928   0.001900
19929   0.010800
19930   0.008400
19931   0.019600
19932   0.014400
19933   0.015300
19934   0.019400
19935   0.022900
19936   0.028200
19937   0.021900
19938   0.028200
19939   0.029700
19940   0.037600
19941   0.037400
19942   0.044200
19943   0.037700
19944   0.039700
19945   0.044900
19946   0.044000
19947   0.046400
19948   0.050500
19949   0.045100
19950   0.048100
19951   0.041500
19952   0.032700
19953   0.037600
19954   0.042800
19955   0.041300
19956   0.042400
19957   0.048000
19958   0.033200
19959   0.031600
19960   0.036600
19961   0.040800
19962   0.032700
19963   0.018500
19964   0.018000
19965   0.016500
19966   0.012900
19967   0.014000
19968   0.020600
19969   0.029500
19970   0.034600
19971   0.040600
19972   0.046600
19973   0.048200
19974   0.051400
19975   0.037900
19976   0.024200
19977   0.026700
19978   0.024500
19979   0.014500
19980   0.029200
19981   0.037100
19982   0.038200
19983   0.041800
19984   0.041100
19985   0.041100
19986   0.034700
19987   0.022200
19988   0.019200
19989   0.018700
19990   0.028800
19991   0.034700
19992   0.036500
19993   0.035500
19994   0.034000
19995   0.027200
19996   0.030400
19997   0.027300
19998   0.023500
19999   0.025300
20000   0.024900
20001   0.026700
20002   0.028000
20003   0.038700
20004   0.043100
20005   0.039100
20006   0.030400
20007   0.040200
20008   0.035500
20009   0.046200
20010   0.050000
20011   0.048200
20012   0.040200
20013   0.040200
20014   0.028400
20015   0.033000
20016   0.030300
20017   0.027400
20018   0.024100
20019   0.026900
20020   0.016200
20021   0.025200
20022   0.012100
20023   0.008700
20024   0.010100
20025  -0.000400
20026  -0.001200
20027  -0.001000
20028   0.005200
20029   0.003800
20030   0.012800
20031   0.025200
20032   0.028300
20033   0.020100
20034   0.011800
20035  -0.001800
20036  -0.004400
20037  -0.001300
20038  -0.006100
20039   0.001800
20040   0.002400
20041   0.004300
20042   0.011400
20043   0.013900
20044   0.024000
20045   0.024600
20046   0.024400
20047   0.016300
20048   0.015800
20049   0.012300
20050   0.019900
20051   0.021800
20052   0.032800
20053   0.040000
20054   0.043600
20055   0.034500
20056   0.024200
20057   0.025800
20058   0.027000
20059   0.022100
20060   0.025300
20061   0.019600
20062   0.012200
20063   0.011400
20064   0.011500
20065   0.003500
20066  -0.008000
20067  -0.000000
20068  -0.009300
20069  -0.004800
20070  -0.002100
20071   0.002400
20072   0.003000
20073   0.007500
20074   0.011500
20075   0.010100
20076   0.006300
20077   0.011600
20078   0.004200
20079   0.006700
20080   0.013800
20081   0.012600
20082   0.009000
20083   0.020300
20084   0.026600
20085   0.038500
20086   0.027100
20087   0.027500
20088   0.027000
20089   0.035000
20090   0.028500
20091   0.025100
20092   0.028600
20093   0.022100
20094   0.021400
20095   0.020800
20096   0.021800
20097   0.022400
20098   0.024000
20099   0.021900
20100   0.023000
20101   0.022300
20102   0.024600
20103   0.029300
20104   0.028200
20105   0.028500
20106   0.035300
20107   0.045900
20108   0.049800
20109   0.046300
20110   0.051900
20111   0.053000
20112   0.054300
20113   0.062600
20114   0.065200
20115   0.067200
20116   0.066500
20117   0.069000
20118   0.074800
20119   0.069400
20120   0.059900
20121   0.058400
20122   0.057000
20123   0.054600
20124   0.053200
20125   0.051300
20126   0.052800
20127   0.052100
20128   0.044900
20129   0.048800
20130   0.057400
20131   0.047700
20132   0.049500
20133   0.057800
20134   0.070700
20135   0.082400
20136   0.074600
20137   0.070900
20138   0.076000
20139   0.069500
20140   0.068900
20141   0.065300
20142   0.051200
20143   0.052200
20144   0.060300
20145   0.058400
20146   0.053100
20147   0.062400
20148   0.055200
20149   0.054200
20150   0.055300
20151   0.051900
20152   0.048700
20153   0.046300
20154   0.054300
20155   0.049600
20156   0.059900
20157   0.060400
20158   0.057600
20159   0.052000
20160   0.055200
20161   0.064200
20162   0.056800
20163   0.044100
20164   0.047800
20165   0.052200
20166   0.061500
20167   0.061200
20168   0.061300
20169   0.068200
20170   0.076600
20171   0.078300
20172   0.078600
20173   0.077700
20174   0.076300
20175   0.073000
20176   0.078000
20177   0.072000
20178   0.071000
20179   0.066600
20180   0.067200
20181   0.072300
20182   0.070900
20183   0.060600
20184   0.050500
20185   0.054000
20186   0.046000
20187   0.045000
20188   0.044200
20189   0.049100
20190   0.053100
20191   0.059800
20192   0.051500
20193   0.048900
20194   0.039000
20195   0.047100
20196   0.049500
20197   0.034100
20198   0.038600
20199   0.030600
20200   0.032100
20201   0.045700
20202   0.057900
20203   0.055100
20204   0.062500
20205   0.061200
20206   0.052500
20207   0.052900
20208   0.042600
20209   0.046800
20210   0.057200
20211   0.055900
20212   0.052600
20213   0.051100
20214   0.045200
20215   0.050800
20216   0.045200
20217   0.054600
20218   0.054700
20219   0.059900
20220   0.061400
20221   0.057400
20222   0.057500
20223   0.056100
20224   0.057500
20225   0.058500
20226   0.053800
20227   0.056400
20228   0.061000
20229   0.058400
20230   0.051500
20231   0.049100
20232   0.040500
20233   0.040800
20234   0.032100
20235   0.038800
20236   0.043300
20237   0.045200
20238   0.041800
20239   0.042600
20240   0.048100
20241   0.046000
20242   0.046600
20243   0.058900
20244   0.047500
20245   0.039600
20246   0.034400
20247   0.029400
20248   0.036100
20249   0.028400
20250   0.029600
20251   0.022300
20252   0.022000
20253   0.011000
20254   0.020500
20255   0.017900
20256   0.022600
20257   0.030000
20258   0.019400
20259   0.017400
20260   0.021500
20261   0.019400
20262   0.019800
20263   0.015500
20264   0.017100
20265   0.026300
20266   0.027200
20267   0.021800
20268   0.014300
20269   0.012200
20270   0.013400
20271   0.018700
20272   0.017200
20273   0.008500
20274   0.018900
20275   0.023700
20276   0.027300
20277   0.024600
20278   0.025000
20279   0.025000
20280   0.032700
20281   0.032700
20282   0.037600
20283   0.043000
20284   0.040500
20285   0.035600
20286   0.037700
20287   0.042000
20288   0.035800
20289   0.025400
20290   0.022600
20291   0.026300
20292   0.021400
20293   0.013500
20294   0.017100
20295   0.021700
20296   0.013000
20297   0.006300
20298   0.009100
20299   0.008300
20300   0.006900
20301   0.004700
20302   0.000800
20303   0.004100
20304   0.003200
20305   0.012400
20306   0.007900
20307   0.007600
20308   0.008200
20309   0.009000
20310   0.007100
20311   0.009100
20312   0.016700
20313   0.025800
20314   0.022400
20315   0.020000
20316   0.025500
20317   0.023100
20318   0.023300
20319   0.019600
20320   0.018200
20321   0.027600
20322   0.034200
20323   0.036900
20324   0.047900
20325   0.043100
20326   0.044700
20327   0.028200
20328   0.028700
20329   0.041500
20330   0.039200
20331   0.049300
20332   0.051800
20333   0.043800
20334   0.041600
20335   0.038700
20336   0.041600
20337   0.034200
20338   0.025200
20339   0.022200
20340   0.013100
20341   0.012700
20342   0.014000
20343   0.018200
20344   0.014700
20345   0.016700
20346   0.022100
20347   0.024200
20348   0.025600
20349   0.030100
20350   0.035800
20351   0.028000
20352   0.025500
20353   0.023900
20354   0.040200
20355   0.032100
20356   0.031000
20357   0.036100
20358   0.030300
20359   0.029200
20360   0.029300
20361   0.024200
20362   0.021600
20363   0.028900
20364   0.023300
20365   0.030700
20366   0.031100
20367   0.019400
20368   0.032700
20369   0.030900
20370   0.035700
20371   0.035100
20372   0.039600
20373   0.037400
20374   0.035500
20375   0.030300
20376   0.028300
20377   0.025800
20378   0.026000
20379   0.029100
20380   0.033500
20381   0.037800
20382   0.033900
20383   0.028600
20384   0.024500
20385   0.022400
20386   0.036700
20387   0.029100
20388   0.032000
20389   0.023300
20390   0.021600
20391   0.024200
20392   0.017600
20393   0.029600
20394   0.029700
20395   0.031800
20396   0.028100
20397   0.030700
20398   0.031400
20399   0.032700
20400   0.026600
20401   0.025500
20402   0.028700
20403   0.031900
20404   0.033000
20405   0.031300
20406   0.030600
20407   0.025500
20408   0.016600
20409   0.009300
20410   0.014500
20411   0.007300
20412   0.002700
20413   0.002300
20414  -0.006000
20415  -0.005600
20416  -0.003300
20417   0.003900
20418  -0.003100
20419  -0.001700
20420  -0.000400
20421  -0.005700
20422  -0.009200
20423  -0.009700
20424  -0.007200
20425  -0.015500
20426  -0.016600
20427  -0.005400
20428  -0.010900
20429  -0.007100
20430  -0.008300
20431  -0.002800
20432  -0.012300
20433  -0.008000
20434  -0.004400
20435  -0.007600
20436  -0.002400
20437  -0.009300
20438  -0.008400
20439  -0.010900
20440  -0.007500
20441  -0.000800
20442  -0.008100
20443  -0.011500
20444  -0.007300
20445  -0.012600
20446  -0.020900
20447  -0.025900
20448  -0.023300
20449  -0.030700
20450  -0.029100
20451  -0.027800
20452  -0.047800
20453  -0.049000
20454  -0.050300
20455  -0.043100
20456  -0.044600
20457  -0.043000
20458  -0.051500
20459  -0.059700
20460  -0.053400
20461  -0.049400
20462  -0.046400
20463  -0.045000
20464  -0.041000
20465  -0.041800
20466  -0.047600
20467  -0.035900
20468  -0.032800
20469  -0.025800
20470  -0.028000
20471  -0.020900
20472  -0.015000
20473  -0.015900
20474  -0.012000
20475  -0.002000
20476   0.003400
20477   0.008400
20478   0.005900
20479   0.009300
20480   0.017900
20481   0.019700
20482   0.022500
20483   0.023300
20484   0.017000
20485   0.017300
20486   0.022600
20487   0.029200
20488   0.035700
20489   0.035700
20490   0.049800
20491   0.048400
20492   0.040300
20493   0.034500
20494   0.037500
20495   0.037900
20496   0.037300
20497   0.038700
20498   0.033100
20499   0.035600
20500   0.023500
20501   0.021200
20502   0.015500
20503   0.015000
20504   0.019500
20505   0.020100
20506   0.014900
20507   0.009900
20508   0.001000
20509  -0.003700
20510  -0.004700
20511  -0.000600
20512  -0.004800
20513  -0.004700
20514   0.002000
20515  -0.002900
20516   0.003700
20517   0.004100
20518   0.005700
20519   0.014400
20520   0.012000
20521   0.014500
20522   0.023700
20523   0.029500
20524   0.031500
20525   0.038200
20526   0.037800
20527   0.042800
20528   0.043700
20529   0.054700
20530   0.052200
20531   0.059400
20532   0.061700
20533   0.063600
20534   0.065900
20535   0.062900
20536   0.058200
20537   0.064500
20538   0.067100
20539   0.071400
20540   0.075700
20541   0.078300
20542   0.077700
20543   0.076000
20544   0.073800
20545   0.063400
20546   0.061800
20547   0.054600
20548   0.053800
20549   0.053300
20550   0.038000
20551   0.051100
20552   0.045300
20553   0.046800
20554   0.044900
20555   0.049900
20556   0.046700
20557   0.041700
20558   0.036000
20559   0.035800
20560   0.040900
20561   0.046400
20562   0.049900
20563   0.056000
20564   0.050600
20565   0.047700
20566   0.045000
20567   0.046500
20568   0.042500
20569   0.043000
20570   0.041500
20571   0.049300
20572   0.051000
20573   0.038600
20574   0.031800
20575   0.036500
20576   0.036300
20577   0.032600
20578   0.035800
20579   0.046400
20580   0.042400
20581   0.048400
20582   0.049000
20583   0.042400
20584   0.044000
20585   0.034800
20586   0.038200
20587   0.033000
20588   0.030900
20589   0.034900
20590   0.041000
20591   0.044800
20592   0.041500
20593   0.048100
20594   0.047800
20595   0.041900
20596   0.048100
20597   0.046600
20598   0.044200
20599   0.053800
20600   0.055000
20601   0.051600
20602   0.060100
20603   0.055900
20604   0.055300
20605   0.044700
20606   0.036400
20607   0.033400
20608   0.033400
20609   0.040300
20610   0.035000
20611   0.036600
20612   0.041900
20613   0.043600
20614   0.033400
20615   0.014500
20616   0.016200
20617   0.020300
20618   0.018900
20619   0.012000
20620   0.018800
20621   0.009200
20622   0.015300
20623   0.017200
20624   0.013200
20625   0.008300
20626   0.002300
20627   0.004600
20628   0.005600
20629   0.005900
20630   0.007200
20631   0.022800
20632   0.023700
20633   0.027600
20634   0.035500
20635   0.022300
20636   0.025600
20637   0.020400
20638   0.022600
20639   0.021600
20640   0.026600
20641   0.034700
20642   0.025700
20643   0.024600
20644   0.033300
20645   0.036500
20646   0.040600
20647   0.029700
20648   0.037300
20649   0.039300
20650   0.032800
20651   0.018500
20652   0.015000
20653   0.016100
20654   0.017000
20655   0.023100
20656   0.016100
20657   0.014100
20658   0.009600
20659  -0.000400
20660  -0.004600
20661   0.000800
20662  -0.000600
20663  -0.005200
20664  -0.000800
20665   0.006000
20666   0.000800
20667  -0.006800
20668  -0.017000
20669  -0.005000
20670  -0.002000
20671   0.006600
20672   0.007500
20673   0.013500
20674   0.020700
20675   0.030500
20676   0.038300
20677   0.041600
20678   0.043000
20679   0.039300
20680   0.025000
20681   0.021200
20682   0.026900
20683   0.025100
20684   0.019200
20685   0.014800
20686   0.019600
20687   0.019700
20688   0.016300
20689   0.017200
20690   0.012900
20691   0.023400
20692   0.010300
20693  -0.003800
20694   0.000000
20695  -0.005500
20696  -0.009400
20697   0.002700
20698   0.002600
20699   0.004700
20700   0.020500
20701   0.007800
20702   0.010100
20703   0.006900
20704   0.008000
20705   0.000300
20706  -0.002300
20707   0.003400
20708  -0.002900
20709  -0.000600
20710  -0.017100
20711  -0.012100
20712  -0.006800
20713  -0.009200
20714  -0.008100
20715  -0.008900
20716  -0.006300
20717  -0.003600
20718  -0.011100
20719  -0.009500
20720  -0.001000
20721   0.005400
20722   0.010300
20723   0.009400
20724   0.017400
20725   0.025200
20726   0.029100
20727   0.019500
20728   0.015600
20729   0.012700
20730   0.010300
20731   0.013300
20732   0.009200
20733   0.007200
20734   0.001500
20735  -0.003200
20736   0.004900
20737   0.012100
20738   0.012500
20739   0.016000
20740   0.002600
20741   0.000500
20742  -0.007700
20743  -0.009400
20744  -0.015900
20745  -0.010100
20746  -0.007900
20747  -0.017200
20748  -0.020300
20749  -0.015300
20750  -0.022700
20751  -0.034900
20752  -0.035400
20753  -0.042200
20754  -0.037900
20755  -0.042500
20756  -0.049700
20757  -0.036800
20758  -0.039400
20759  -0.037700
20760  -0.031900
20761  -0.039200
20762  -0.049500
20763  -0.038800
20764  -0.029600
20765  -0.030800
20766  -0.023500
20767  -0.014200
20768  -0.022200
20769  -0.015600
20770  -0.016800
20771  -0.000600
20772  -0.004000
20773   0.000600
20774  -0.003900
20775  -0.006400
20776  -0.002100
20777   0.002800
20778   0.009600
20779   0.005900
20780  -0.005100
20781   0.000900
20782   0.008800
20783   0.004000
20784   0.010500
20785   0.019400
20786   0.014600
20787   0.015200
20788   0.021100
20789   0.010900
20790   0.014700
20791   0.015700
20792   0.013800
20793   0.004700
20794   0.004300
20795   0.012800
20796   0.006300
20797   0.003600
20798  -0.001400
20799  -0.010600
20800  -0.003800
20801   0.002100
20802   0.003500
20803   0.006700
20804   0.021900
20805   0.024500
20806   0.021000
20807   0.027400
20808   0.029500
20809   0.039200
20810   0.037500
20811   0.040800
20812   0.034100
20813   0.041400
20814   0.034100
20815   0.036400
20816   0.033000
20817   0.024500
20818   0.027900
20819   0.022100
20820   0.015900
20821   0.019500
20822   0.017100
20823   0.025600
20824   0.024400
20825   0.024900
20826   0.008300
20827   0.011900
20828   0.021700
20829   0.024500
20830   0.015400
20831   0.009400
20832   0.012000
20833   0.013500
20834   0.019100
20835   0.011300
20836   0.015500
20837   0.015300
20838   0.003200
20839  -0.001700
20840  -0.000200
20841  -0.000100
20842   0.006100
20843  -0.000200
20844  -0.001400
20845  -0.005500
20846  -0.008400
20847   0.001700
20848  -0.000900
20849   0.001500
20850   0.005300
20851  -0.000800
20852   0.003000
20853   0.007600
20854   0.010200
20855   0.003300
20856   0.008300
20857   0.011500
20858   0.017700
20859   0.020400
20860   0.031600
20861   0.025600
20862   0.015800
20863   0.014600
20864   0.011300
20865   0.017500
20866   0.003500
20867   0.004500
20868   0.000400
20869   0.008700
20870   0.005200
20871   0.011100
20872   0.007300
20873   0.006700
20874   0.007700
20875   0.011500
20876   0.003400
20877  -0.001900
20878  -0.003300
20879   0.003800
20880   0.006400
20881   0.005000
20882   0.012400
20883   0.013600
20884   0.003200
20885   0.015100
20886   0.004500
20887   0.006300
20888   0.011800
20889   0.015200
20890   0.015900
20891   0.011100
20892   0.018100
20893   0.008400
20894   0.014500
20895   0.013800
20896   0.015900
20897   0.009200
20898  -0.001800
20899  -0.001300
20900  -0.001900
20901   0.013100
20902   0.022000
20903   0.011300
20904   0.008700
20905   0.021400
20906   0.021300
20907   0.015000
20908   0.020600
20909   0.031900
20910   0.029100
20911   0.025300
20912   0.017500
20913   0.028700
20914   0.033000
20915   0.027700
20916   0.034400
20917   0.039800
20918   0.043600
20919   0.045900
20920   0.042700
20921   0.047700
20922   0.051200
20923   0.053100
20924   0.055800
20925   0.059300
20926   0.056600
20927   0.049100
20928   0.043800
20929   0.046400
20930   0.037000
20931   0.027400
20932   0.023700
20933   0.016700
20934   0.019300
20935   0.020300
20936   0.007400
20937   0.008000
20938   0.017400
20939   0.009800
20940   0.019300
20941   0.018400
20942   0.021400
20943   0.029200
20944   0.027300
20945   0.024000
20946   0.036000
20947   0.038900
20948   0.038700
20949   0.047000
20950   0.046300
20951   0.042700
20952   0.038100
20953   0.045100
20954   0.039400
20955   0.044500
20956   0.044900
20957   0.053500
20958   0.063400
20959   0.051500
20960   0.047200
20961   0.040400
20962   0.038200
20963   0.038100
20964   0.037200
20965   0.031400
20966   0.029000
20967   0.030100
20968   0.027400
20969   0.030500
20970   0.029600
20971   0.033800
20972   0.030600
20973   0.027600
20974   0.024200
20975   0.029500
20976   0.041900
20977   0.046500
20978   0.043800
20979   0.032200
20980   0.041600
20981   0.037200
20982   0.036500
20983   0.034700
20984   0.042900
20985   0.037500
20986   0.044200
20987   0.032300
20988   0.027400
20989   0.028600
20990   0.035500
20991   0.036700
20992   0.044900
20993   0.044200
20994   0.043400
20995   0.034300
20996   0.035300
20997   0.037300
20998   0.035900
20999   0.036100
21000   0.037900
21001   0.038400
21002   0.040300
21003   0.035200
21004   0.038100
21005   0.041600
21006   0.048600
21007   0.050600
21008   0.055900
21009   0.051700
21010   0.050800
21011   0.039100
21012   0.031000
21013   0.026600
21014   0.021100
21015   0.019000
21016   0.022700
21017   0.032700
21018   0.020700
21019   0.014400
21020   0.019900
21021   0.029000
21022   0.027400
21023   0.019400
21024   0.021600
21025   0.015000
21026   0.015200
21027   0.016400
21028   0.021400
21029   0.024300
21030   0.034100
21031   0.038400
21032   0.034800
21033   0.034800
21034   0.036600
21035   0.045700
21036   0.045400
21037   0.038400
21038   0.049500
21039   0.047600
21040   0.034700
21041   0.038800
21042   0.035400
21043   0.026500
21044   0.039100
21045   0.038200
21046   0.042800
21047   0.029800
21048   0.027000
21049   0.037900
21050   0.038200
21051   0.042800
21052   0.036900
21053   0.038600
21054   0.042200
21055   0.029200
21056   0.031100
21057   0.037900
21058   0.020700
21059   0.021400
21060   0.023500
21061   0.024700
21062   0.030200
21063   0.033900
21064   0.032700
21065   0.021700
21066   0.019200
21067   0.029100
21068   0.030400
21069   0.026500
21070   0.029200
21071   0.028600
21072   0.026900
21073   0.017700
21074   0.015300
21075   0.008400
21076   0.012500
21077   0.014500
21078   0.023000
21079   0.021000
21080   0.024300
21081   0.023500
21082   0.024400
21083   0.019300
21084   0.024000
21085   0.024900
21086   0.014800
21087   0.016600
21088   0.020700
21089   0.009400
21090  -0.010700
21091  -0.009100
21092  -0.018000
21093  -0.020000
21094  -0.013300
21095  -0.011600
21096  -0.003800
21097  -0.008200
21098  -0.009500
21099  -0.008300
21100   0.001800
21101   0.011900
21102   0.024100
21103   0.019900
21104   0.009000
21105   0.012600
21106   0.007700
21107   0.003900
21108  -0.009100
21109  -0.009200
21110  -0.001000
21111   0.004600
21112   0.011000
21113   0.007500
21114   0.000600
21115   0.002100
21116  -0.002900
21117   0.002700
21118   0.000400
21119  -0.002500
21120  -0.001900
21121  -0.002200
21122  -0.011800
21123  -0.004200
21124  -0.005600
21125  -0.010600
21126  -0.007900
21127  -0.003700
21128  -0.006400
21129  -0.019400
21130  -0.008600
21131  -0.012200
21132   0.009600
21133   0.006900
21134   0.009000
21135   0.009500
21136   0.014500
21137   0.012900
21138   0.015800
21139   0.012400
21140   0.010500
21141   0.013000
21142   0.016700
21143   0.025500
21144   0.024200
21145   0.026700
21146   0.035000
21147   0.033700
21148   0.035300
21149   0.023900
21150   0.029800
21151   0.024800
21152   0.028300
21153   0.021100
21154   0.026000
21155   0.038900
21156   0.038900
21157   0.036700
21158   0.028800
21159   0.039500
21160   0.046700
21161   0.036300
21162   0.045700
21163   0.046000
21164   0.031700
21165   0.024000
21166   0.017900
21167   0.021200
21168   0.023300
21169   0.023900
21170   0.013100
21171   0.011900
21172   0.006800
21173   0.006600
21174   0.007900
21175   0.023000
21176   0.024800
21177   0.034200
21178   0.038700
21179   0.034300
21180   0.033900
21181   0.031400
21182   0.030300
21183   0.030800
21184   0.031200
21185   0.022600
21186   0.029000
21187   0.029200
21188   0.022900
21189   0.015000
21190   0.022100
21191   0.021900
21192   0.024700
21193   0.027300
21194   0.035500
21195   0.042800
21196   0.045400
21197   0.055600
21198   0.056600
21199   0.057000
21200   0.047900
21201   0.048900
21202   0.044800
21203   0.047000
21204   0.043000
21205   0.047100
21206   0.046400
21207   0.033900
21208   0.028400
21209   0.039000
21210   0.039000
21211   0.049700
21212   0.062800
21213   0.075500
21214   0.073000
21215   0.071300
21216   0.084400
21217   0.083600
21218   0.088600
21219   0.081700
21220   0.072000
21221   0.069500
21222   0.065800
21223   0.074600
21224   0.072800
21225   0.070100
21226   0.062800
21227   0.052900
21228   0.049700
21229   0.054500
21230   0.062100
21231   0.058300
21232   0.063200
21233   0.054700
21234   0.052600
21235   0.052500
21236   0.049100
21237   0.050200
21238   0.045400
21239   0.050500
21240   0.043500
21241   0.032200
21242   0.021500
21243   0.029000
21244   0.028800
21245   0.038700
21246   0.044900
21247   0.044100
21248   0.048300
21249   0.059300
21250   0.047800
21251   0.041900
21252   0.047700
21253   0.059600
21254   0.054300
21255   0.048800
21256   0.045000
21257   0.045900
21258   0.050500
21259   0.040600
21260   0.042600
21261   0.041100
21262   0.042600
21263   0.046800
21264   0.043600
21265   0.051900
21266   0.051000
21267   0.044400
21268   0.045800
21269   0.054900
21270   0.040700
21271   0.042800
21272   0.047700
21273   0.041400
21274   0.039400
21275   0.043300
21276   0.044800
21277   0.037500
21278   0.039000
21279   0.021100
21280   0.013100
21281   0.004500
21282  -0.002400
21283  -0.007600
21284  -0.002100
21285  -0.001600
21286  -0.002800
21287   0.000800
21288   0.004900
21289   0.006000
21290   0.014500
21291   0.022300
21292   0.018800
21293   0.019900
21294   0.022700
21295   0.028200
21296   0.037300
21297   0.036100
21298   0.031900
21299   0.026500
21300   0.038400
21301   0.036200
21302   0.037000
21303   0.042200
21304   0.046300
21305   0.037600
21306   0.022900
21307   0.027700
21308   0.027400
21309   0.029400
21310   0.039200
21311   0.039200
21312   0.040500
21313   0.029500
21314   0.030600
21315   0.042100
21316   0.039800
21317   0.044500
21318   0.050500
21319   0.050900
21320   0.047400
21321   0.052300
21322   0.052700
21323   0.049600
21324   0.050400
21325   0.051600
21326   0.052200
21327   0.053200
21328   0.042900
21329   0.047700
21330   0.044100
21331   0.037400
21332   0.036100
21333   0.020400
21334   0.012200
21335   0.011900
21336   0.003000
21337  -0.011400
21338   0.005200
21339   0.018600
21340   0.023900
21341   0.037900
21342   0.028300
21343   0.032800
21344   0.032000
21345   0.037300
21346   0.048800
21347   0.052900
21348   0.060100
21349   0.060900
21350   0.069900
21351   0.064700
21352   0.065500
21353   0.065700
21354   0.064700
21355   0.059400
21356   0.045100
21357   0.040400
21358   0.038800
21359   0.040800
21360   0.030200
21361   0.034500
21362   0.029300
21363   0.026200
21364   0.037900
21365   0.033200
21366   0.034500
21367   0.032800
21368   0.033800
21369   0.028500
21370   0.033900
21371   0.040300
21372   0.031600
21373   0.022400
21374   0.021400
21375   0.018700
21376   0.014800
21377   0.024200
21378   0.028400
21379   0.034800
21380   0.045000
21381   0.045500
21382   0.035300
21383   0.030700
21384   0.026100
21385   0.032800
21386   0.032700
21387   0.046400
21388   0.059400
21389   0.071700
21390   0.068100
21391   0.078800
21392   0.071500
21393   0.070000
21394   0.070400
21395   0.059400
21396   0.067800
21397   0.072800
21398   0.073900
21399   0.074300
21400   0.068300
21401   0.076800
21402   0.069800
21403   0.061100
21404   0.060400
21405   0.059200
21406   0.056900
21407   0.062300
21408   0.065400
21409   0.062700
21410   0.065100
21411   0.074400
21412   0.075400
21413   0.064300
21414   0.081700
21415   0.074000
21416   0.077300
21417   0.073300
21418   0.067200
21419   0.066400
21420   0.058800
21421   0.054200
21422   0.055400
21423   0.050000
21424   0.055700
21425   0.060500
21426   0.052300
21427   0.058000
21428   0.053000
21429   0.063200
21430   0.062500
21431   0.067400
21432   0.064700
21433   0.062700
21434   0.066300
21435   0.075100
21436   0.075900
21437   0.060000
21438   0.056800
21439   0.065100
21440   0.059700
21441   0.064300
21442   0.068100
21443   0.072900
21444   0.062500
21445   0.067700
21446   0.063600
21447   0.057900
21448   0.053600
21449   0.058800
21450   0.062700
21451   0.057200
21452   0.050400
21453   0.050200
21454   0.049000
21455   0.049500
21456   0.047800
21457   0.055000
21458   0.055500
21459   0.062600
21460   0.065700
21461   0.065700
21462   0.063700
21463   0.054300
21464   0.058300
21465   0.051800
21466   0.058800
21467   0.064000
21468   0.062000
21469   0.063500
21470   0.052900
21471   0.059900
21472   0.056400
21473   0.053500
21474   0.043200
21475   0.043400
21476   0.040400
21477   0.041100
21478   0.037200
21479   0.029600
21480   0.035800
21481   0.043000
21482   0.035500
21483   0.028300
21484   0.029100
21485   0.026400
21486   0.030700
21487   0.024100
21488   0.013400
21489   0.012700
21490   0.010300
21491   0.006000
21492   0.001400
21493   0.002000
21494  -0.012300
21495  -0.006700
21496  -0.013100
21497  -0.015300
21498  -0.021800
21499  -0.017600
21500  -0.017800
21501  -0.022400
21502  -0.020500
21503  -0.018100
21504  -0.023100
21505  -0.026500
21506  -0.025900
21507  -0.036900
21508  -0.033000
21509  -0.035000
21510  -0.046800
21511  -0.045100
21512  -0.041600
21513  -0.034400
21514  -0.033800
21515  -0.027200
21516  -0.029700
21517  -0.030300
21518  -0.023000
21519  -0.008900
21520  -0.007600
21521  -0.009300
21522  -0.010800
21523  -0.013600
21524  -0.007300
21525  -0.011800
21526  -0.001500
21527  -0.002400
21528  -0.013100
21529  -0.007400
21530  -0.003900
21531  -0.009200
21532  -0.024200
21533  -0.018200
21534  -0.018400
21535  -0.012400
21536  -0.020300
21537  -0.026700
21538  -0.016800
21539  -0.016800
21540  -0.026900
21541  -0.032800
21542  -0.023100
21543  -0.025200
21544  -0.020500
21545  -0.022200
21546  -0.025600
21547  -0.017300
21548  -0.023100
21549  -0.007000
21550  -0.012700
21551  -0.016100
21552  -0.011900
21553  -0.010000
21554  -0.010800
21555   0.004700
21556   0.007800
21557   0.015100
21558   0.028600
21559   0.027200
21560   0.034700
21561   0.028600
21562   0.032200
21563   0.027900
21564   0.020800
21565   0.027300
21566   0.017600
21567   0.021900
21568   0.017700
21569   0.025400
21570   0.026700
21571   0.039400
21572   0.045500
21573   0.048500
21574   0.048700
21575   0.045800
21576   0.042800
21577   0.057200
21578   0.067200
21579   0.062200
21580   0.059900
21581   0.047700
21582   0.044700
21583   0.051000
21584   0.042400
21585   0.050300
21586   0.059800
21587   0.067300
21588   0.075400
21589   0.067000
21590   0.068000
21591   0.069500
21592   0.067800
21593   0.060200
21594   0.047800
21595   0.049600
21596   0.045800
21597   0.039400
21598   0.051700
21599   0.060300
21600   0.047600
21601   0.038600
21602   0.038100
21603   0.039300
21604   0.031000
21605   0.037000
21606   0.040600
21607   0.037000
21608   0.045200
21609   0.052200
21610   0.051100
21611   0.045900
21612   0.049100
21613   0.056700
21614   0.051200
21615   0.039400
21616   0.046200
21617   0.038200
21618   0.040500
21619   0.045200
21620   0.039900
21621   0.035200
21622   0.030300
21623   0.023200
21624   0.025800
21625   0.030100
21626   0.033000
21627   0.020500
21628   0.016800
21629   0.035900
21630   0.035700
21631   0.030000
21632   0.024000
21633   0.019800
21634   0.011700
21635  -0.000000
21636   0.008400
21637   0.006600
21638  -0.001900
21639  -0.010000
21640  -0.011200
21641  -0.007300
21642  -0.003900
21643  -0.010700
21644  -0.026100
21645  -0.025300
21646  -0.021500
21647  -0.022900
21648  -0.021200
21649  -0.018400
21650  -0.026000
21651  -0.025900
21652  -0.019200
21653  -0.027800
21654  -0.020300
21655  -0.018600
21656  -0.013300
21657  -0.003000
21658  -0.000500
21659  -0.000500
21660   0.007600
21661   0.010900
21662  -0.001800
21663  -0.002100
21664  -0.001900
21665   0.001700
21666   0.021100
21667   0.017300
21668   0.013900
21669   0.015600
21670   0.017500
21671   0.012900
21672   0.018500
21673   0.012700
21674   0.026500
21675   0.026700
21676   0.032100
21677   0.032400
21678   0.029000
21679   0.028000
21680   0.036400
21681   0.045700
21682   0.031800
21683   0.035600
21684   0.042500
21685   0.037300
21686   0.039800
21687   0.043200
21688   0.034300
21689   0.047800
21690   0.053200
21691   0.051700
21692   0.054800
21693   0.060900
21694   0.061600
21695   0.060900
21696   0.059300
21697   0.054900
21698   0.056300
21699   0.053800
21700   0.049200
21701   0.051300
21702   0.042500
21703   0.044800
21704   0.044800
21705   0.045400
21706   0.049600
21707   0.043200
21708   0.043600
21709   0.044600
21710   0.049400
21711   0.044600
21712   0.051000
21713   0.059800
21714   0.062600
21715   0.058200
21716   0.053400
21717   0.060400
21718   0.068100
21719   0.070100
21720   0.071000
21721   0.076400
21722   0.086600
21723   0.078700
21724   0.077900
21725   0.069400
21726   0.081500
21727   0.082200
21728   0.075200
21729   0.073200
21730   0.072300
21731   0.072500
21732   0.074900
21733   0.074000
21734   0.080600
21735   0.069000
21736   0.063400
21737   0.067500
21738   0.069000
21739   0.068300
21740   0.076400
21741   0.073700
21742   0.082100
21743   0.080800
21744   0.072300
21745   0.075100
21746   0.075100
21747   0.078500
21748   0.083700
21749   0.081200
21750   0.087800
21751   0.080600
21752   0.071200
21753   0.070000
21754   0.061200
21755   0.053500
21756   0.049100
21757   0.043600
21758   0.050100
21759   0.048900
21760   0.051200
21761   0.039000
21762   0.040600
21763   0.029900
21764   0.038600
21765   0.047000
21766   0.063400
21767   0.073500
21768   0.070000
21769   0.074200
21770   0.059700
21771   0.058100
21772   0.056500
21773   0.063000
21774   0.067300
21775   0.062500
21776   0.058600
21777   0.053600
21778   0.053400
21779   0.045900
21780   0.055700
21781   0.071200
21782   0.069500
21783   0.073100
21784   0.077900
21785   0.077900
21786   0.070600
21787   0.078200
21788   0.068000
21789   0.070500
21790   0.080000
21791   0.079100
21792   0.062900
21793   0.049600
21794   0.046100
21795   0.046300
21796   0.044100
21797   0.037200
21798   0.034700
21799   0.037700
21800   0.041800
21801   0.030300
21802   0.037200
21803   0.040100
21804   0.032400
21805   0.030900
21806   0.037800
21807   0.042800
21808   0.035300
21809   0.044300
21810   0.040400
21811   0.038900
21812   0.032300
21813   0.024700
21814   0.039700
21815   0.039800
21816   0.035300
21817   0.027200
21818   0.028200
21819   0.028400
21820   0.043600
21821   0.049000
21822   0.038200
21823   0.042000
21824   0.038100
21825   0.040900
21826   0.046800
21827   0.049500
21828   0.060000
21829   0.068000
21830   0.067600
21831   0.059200
21832   0.056500
21833   0.060700
21834   0.058000
21835   0.057100
21836   0.054800
21837   0.052600
21838   0.038000
21839   0.036700
21840   0.034900
21841   0.021800
21842   0.024000
21843   0.014600
21844   0.017600
21845   0.019000
21846   0.019900
21847   0.019600
21848   0.010600
21849   0.012300
21850   0.022900
21851   0.025600
21852   0.025100
21853   0.019400
21854   0.014500
21855   0.000700
21856   0.001800
21857   0.000900
21858  -0.000400
21859  -0.002600
21860   0.001700
21861  -0.005700
21862  -0.011000
21863  -0.002500
21864  -0.000200
21865  -0.011900
21866  -0.004600
21867  -0.006400
21868  -0.011700
21869  -0.012900
21870  -0.009700
21871  -0.012200
21872  -0.010500
21873  -0.006200
21874  -0.003700
21875   0.004100
21876   0.001800
21877  -0.005500
21878  -0.008100
21879  -0.006200
21880  -0.004700
21881  -0.010900
21882  -0.007200
21883  -0.003800
21884  -0.008200
21885   0.005100
21886   0.002500
21887   0.002400
21888   0.003300
21889   0.001900
21890   0.001900
21891  -0.003300
21892  -0.005300
21893  -0.013900
21894  -0.017700
21895  -0.014700
21896  -0.016000
21897  -0.012200
21898  -0.005200
21899   0.000700
21900  -0.001200
21901   0.008200
21902   0.009100
21903   0.022000
21904   0.035100
21905   0.027700
21906   0.035300
21907   0.031600
21908   0.032200
21909   0.029900
21910   0.024300
21911   0.028800
21912   0.037800
21913   0.038900
21914   0.050400
21915   0.052100
21916   0.047300
21917   0.057000
21918   0.060200
21919   0.072100
21920   0.070300
21921   0.066400
21922   0.061100
21923   0.061800
21924   0.060500
21925   0.067400
21926   0.061700
21927   0.064300
21928   0.060800
21929   0.061100
21930   0.066100
21931   0.076000
21932   0.066400
21933   0.069700
21934   0.061600
21935   0.060500
21936   0.066200
21937   0.058500
21938   0.057600
21939   0.053600
21940   0.050900
21941   0.038800
21942   0.043300
21943   0.039900
21944   0.033700
21945   0.038900
21946   0.036300
21947   0.048300
21948   0.048000
21949   0.062000
21950   0.059100
21951   0.058100
21952   0.045700
21953   0.054400
21954   0.052200
21955   0.048000
21956   0.038400
21957   0.036700
21958   0.042800
21959   0.043700
21960   0.048000
21961   0.042200
21962   0.037500
21963   0.046600
21964   0.042300
21965   0.048000
21966   0.046700
21967   0.043500
21968   0.046000
21969   0.047500
21970   0.048500
21971   0.048500
21972   0.049100
21973   0.050700
21974   0.054100
21975   0.040900
21976   0.048100
21977   0.044900
21978   0.048300
21979   0.050900
21980   0.052500
21981   0.047800
21982   0.043700
21983   0.050400
21984   0.050400
21985   0.050800
21986   0.054800
21987   0.062400
21988   0.074700
21989   0.065300
21990   0.062500
21991   0.061400
21992   0.057400
21993   0.053800
21994   0.047900
21995   0.047400
21996   0.043000
21997   0.039100
21998   0.027400
21999   0.019900
22000   0.023100
22001   0.020500
22002   0.020300
22003   0.025300
22004   0.029500
22005   0.038400
22006   0.043800
22007   0.041400
22008   0.047400
22009   0.041900
22010   0.036900
22011   0.030800
22012   0.025200
22013   0.024000
22014   0.028400
22015   0.030600
22016   0.036800
22017   0.029500
22018   0.032200
22019   0.034300
22020   0.032800
22021   0.040500
22022   0.068800
22023   0.068900
22024   0.052900
22025   0.049600
22026   0.049700
22027   0.047300
22028   0.039500
22029   0.031200
22030   0.033500
22031   0.036200
22032   0.036500
22033   0.035600
22034   0.031000
22035   0.029300
22036   0.039300
22037   0.040900
22038   0.037500
22039   0.044300
22040   0.040800
22041   0.032300
22042   0.031600
22043   0.032700
22044   0.030700
22045   0.013700
22046   0.014600
22047   0.021000
22048   0.018600
22049   0.028100
22050   0.037300
22051   0.029900
22052   0.031200
22053   0.014100
22054   0.004300
22055  -0.006000
22056  -0.002800
22057  -0.013100
22058  -0.027000
22059  -0.029800
22060  -0.032500
22061  -0.023600
22062  -0.026000
22063  -0.033300
22064  -0.036600
22065  -0.040100
22066  -0.040500
22067  -0.041200
22068  -0.032000
22069  -0.024900
22070  -0.030600
22071  -0.027100
22072  -0.029300
22073  -0.033900
22074  -0.042300
22075  -0.048200
22076  -0.037100
22077  -0.030500
22078  -0.039100
22079  -0.036100
22080  -0.050800
22081  -0.060400
22082  -0.055200
22083  -0.056100
22084  -0.050200
22085  -0.053400
22086  -0.048000
22087  -0.042700
22088  -0.038200
22089  -0.028900
22090  -0.033300
22091  -0.029300
22092  -0.027700
22093  -0.023600
22094  -0.025600
22095  -0.010000
22096  -0.012000
22097  -0.009900
22098  -0.011500
22099  -0.005700
22100  -0.005300
22101  -0.009300
22102  -0.008900
22103  -0.001900
22104  -0.004700
22105  -0.010100
22106  -0.009000
22107  -0.008600
22108  -0.010000
22109  -0.009500
22110  -0.003500
22111  -0.001400
22112  -0.008200
22113  -0.008000
22114  -0.003200
22115   0.001500
22116   0.013900
22117   0.018200
22118   0.019500
22119   0.021600
22120   0.030100
22121   0.035200
22122   0.039100
22123   0.036900
22124   0.040500
22125   0.047900
22126   0.047100
22127   0.041400
22128   0.036100
22129   0.030200
22130   0.022900
22131   0.028800
22132   0.045800
22133   0.050100
22134   0.033200
22135   0.029400
22136   0.034200
22137   0.032100
22138   0.026700
22139   0.027900
22140   0.018700
22141   0.019300
22142   0.020600
22143   0.020400
22144   0.023700
22145   0.017500
22146   0.016300
22147   0.017200
22148   0.016900
22149   0.016400
22150   0.018800
22151   0.019500
22152   0.026600
22153   0.029700
22154   0.033300
22155   0.034400
22156   0.047700
22157   0.049000
22158   0.059900
22159   0.056000
22160   0.059000
22161   0.063200
22162   0.060100
22163   0.063600
22164   0.050300
22165   0.049400
22166   0.056500
22167   0.050500
22168   0.046500
22169   0.035600
22170   0.038000
22171   0.042600
22172   0.037000
22173   0.034800
22174   0.026900
22175   0.034200
22176   0.034200
22177   0.027500
22178   0.019500
22179   0.031200
22180   0.028300
22181   0.029400
22182   0.033900
22183   0.042900
22184   0.044000
22185   0.038200
22186   0.042600
22187   0.054100
22188   0.045100
22189   0.046100
22190   0.042600
22191   0.045500
22192   0.060200
22193   0.060300
22194   0.066100
22195   0.061000
22196   0.063100
22197   0.062500
22198   0.059000
22199   0.058400
22200   0.059400
22201   0.056400
22202   0.063200
22203   0.068800
22204   0.072500
22205   0.066700
22206   0.063200
22207   0.051500
22208   0.056800
22209   0.056900
22210   0.061300
22211   0.059400
22212   0.048700
22213   0.043900
22214   0.034900
22215   0.033800
22216   0.029200
22217   0.023100
22218   0.012800
22219   0.016000
22220   0.020400
22221   0.019100
22222   0.017800
22223   0.022900
22224   0.027800
22225   0.032900
22226   0.033600
22227   0.027900
22228   0.032700
22229   0.035000
22230   0.035300
22231   0.026900
22232   0.028300
22233   0.007600
22234  -0.008000
22235  -0.013700
22236  -0.007600
22237  -0.012300
22238  -0.003800
22239  -0.015900
22240  -0.008100
22241  -0.009900
22242  -0.013600
22243  -0.008400
22244  -0.003800
22245  -0.011800
22246  -0.016800
22247  -0.022300
22248  -0.025600
22249  -0.039200
22250  -0.041400
22251  -0.043100
22252  -0.044200
22253  -0.044700
22254  -0.034900
22255  -0.021700
22256  -0.020600
22257  -0.018500
22258  -0.012100
22259  -0.011400
22260  -0.017700
22261  -0.030700
22262  -0.026900
22263  -0.027700
22264  -0.035000
22265  -0.034100
22266  -0.033500
22267  -0.024600
22268  -0.028000
22269  -0.030000
22270  -0.033400
22271  -0.016600
22272  -0.013700
22273  -0.023500
22274  -0.014300
22275  -0.010700
22276  -0.020400
22277  -0.020800
22278  -0.017900
22279  -0.016600
22280  -0.009300
22281  -0.011300
22282  -0.012300
22283  -0.007300
22284  -0.001700
22285  -0.005900
22286  -0.001000
22287  -0.006800
22288  -0.012800
22289  -0.003400
22290  -0.006000
22291  -0.018000
22292  -0.021600
22293  -0.020000
22294  -0.018900
22295  -0.016700
22296  -0.010600
22297  -0.008700
22298  -0.015500
22299  -0.006700
22300  -0.001300
22301  -0.004300
22302  -0.001700
22303   0.008700
22304   0.015700
22305   0.017800
22306   0.015300
22307   0.022000
22308   0.015400
22309   0.020900
22310   0.027900
22311   0.026400
22312   0.023400
22313   0.029900
22314   0.034300
22315   0.036300
22316   0.032400
22317   0.024200
22318   0.032800
22319   0.036900
22320   0.035100
22321   0.033200
22322   0.036700
22323   0.033200
22324   0.028400
22325   0.031900
22326   0.039700
22327   0.042000
22328   0.028400
22329   0.031700
22330   0.048700
22331   0.059300
22332   0.061400
22333   0.060800
22334   0.066100
22335   0.059700
22336   0.075100
22337   0.077100
22338   0.080900
22339   0.082900
22340   0.077600
22341   0.079000
22342   0.080900
22343   0.080400
22344   0.079700
22345   0.071700
22346   0.067400
22347   0.055700
22348   0.050400
22349   0.059800
22350   0.063800
22351   0.063800
22352   0.062300
22353   0.064600
22354   0.053800
22355   0.054100
22356   0.060600
22357   0.059200
22358   0.063800
22359   0.073100
22360   0.076700
22361   0.079800
22362   0.077800
22363   0.089100
22364   0.089700
22365   0.088000
22366   0.080000
22367   0.084300
22368   0.085400
22369   0.084600
22370   0.098200
22371   0.095600
22372   0.094200
22373   0.100100
22374   0.102900
22375   0.113600
22376   0.115300
22377   0.108700
22378   0.116000
22379   0.119300
22380   0.113100
22381   0.112900
22382   0.113000
22383   0.107100
22384   0.099600
22385   0.102600
22386   0.106500
22387   0.112500
22388   0.122300
22389   0.130100
22390   0.124700
22391   0.130000
22392   0.120300
22393   0.115000
22394   0.125400
22395   0.121800
22396   0.113800
22397   0.111100
22398   0.117200
22399   0.123000
22400   0.120900
22401   0.112900
22402   0.113100
22403   0.111800
22404   0.106400
22405   0.112700
22406   0.104400
22407   0.103300
22408   0.100700
22409   0.095900
22410   0.089900
22411   0.084600
22412   0.090100
22413   0.092800
22414   0.081700
22415   0.085200
22416   0.084900
22417   0.082500
22418   0.091300
22419   0.086800
22420   0.074600
22421   0.071000
22422   0.067800
22423   0.070600
22424   0.061000
22425   0.064900
22426   0.068700
22427   0.079700
22428   0.083600
22429   0.088000
22430   0.080700
22431   0.085200
22432   0.085000
22433   0.084300
22434   0.085000
22435   0.087600
22436   0.085000
22437   0.092900
22438   0.084300
22439   0.091500
22440   0.088300
22441   0.088800
22442   0.083300
22443   0.087000
22444   0.085400
22445   0.085100
22446   0.084400
22447   0.084400
22448   0.090500
22449   0.088600
22450   0.087100
22451   0.083400
22452   0.079800
22453   0.094600
22454   0.086200
22455   0.083200
22456   0.081300
22457   0.086500
22458   0.088200
22459   0.081700
22460   0.084400
22461   0.081800
22462   0.085700
22463   0.079800
22464   0.082700
22465   0.078000
22466   0.069400
22467   0.063900
22468   0.064700
22469   0.053700
22470   0.053400
22471   0.062000
22472   0.057900
22473   0.046700
22474   0.049300
22475   0.033900
22476   0.036200
22477   0.037500
22478   0.036600
22479   0.038000
22480   0.042000
22481   0.044700
22482   0.048200
22483   0.043600
22484   0.041400
22485   0.033500
22486   0.028300
22487   0.034500
22488   0.034700
22489   0.037200
22490   0.031600
22491   0.029500
22492   0.034900
22493   0.028000
22494   0.020400
22495   0.016600
22496   0.008200
22497  -0.001000
22498   0.003000
22499   0.002100
22500   0.000700
22501  -0.001800
22502  -0.004700
22503   0.001800
22504   0.001100
22505  -0.012900
22506  -0.011100
22507  -0.006800
22508  -0.006600
22509  -0.001300
22510  -0.001900
22511   0.006900
22512   0.003900
22513   0.003000
22514   0.004000
22515   0.013900
22516   0.027400
22517   0.028900
22518   0.026800
22519   0.039300
22520   0.036900
22521   0.040600
22522   0.036700
22523   0.029300
22524   0.036700
22525   0.031900
22526   0.033200
22527   0.042100
22528   0.045000
22529   0.040600
22530   0.055000
22531   0.055000
22532   0.048100
22533   0.047900
22534   0.037000
22535   0.035000
22536   0.040700
22537   0.053100
22538   0.034300
22539   0.038300
22540   0.036000
22541   0.038100
22542   0.037800
22543   0.042300
22544   0.043800
22545   0.041500
22546   0.033400
22547   0.030700
22548   0.028900
22549   0.021400
22550   0.027700
22551   0.031900
22552   0.028700
22553   0.027000
22554   0.025400
22555   0.025100
22556   0.023700
22557   0.023100
22558   0.026100
22559   0.017000
22560   0.019000
22561   0.020300
22562   0.021100
22563   0.015500
22564   0.005300
22565   0.005200
22566   0.009500
22567   0.010600
22568   0.006500
22569  -0.003200
22570  -0.004100
22571  -0.010300
22572  -0.007200
22573  -0.008000
22574  -0.003200
22575   0.001100
22576   0.006200
22577   0.005400
22578   0.012500
22579   0.020000
22580   0.036900
22581   0.036700
22582   0.033600
22583   0.041300
22584   0.033900
22585   0.032500
22586   0.040700
22587   0.033200
22588   0.038700
22589   0.043400
22590   0.045100
22591   0.040800
22592   0.049100
22593   0.047800
22594   0.038000
22595   0.036200
22596   0.032400
22597   0.036700
22598   0.036100
22599   0.033600
22600   0.028900
22601   0.022900
22602   0.022900
22603   0.019900
22604   0.014800
22605   0.004100
22606   0.008000
22607   0.004800
22608   0.009000
22609   0.003700
22610   0.006500
22611   0.013100
22612   0.008600
22613   0.000700
22614   0.011300
22615   0.014000
22616   0.014900
22617   0.015900
22618   0.007500
22619   0.014300
22620   0.022700
22621   0.021800
22622   0.013100
22623   0.013300
22624   0.019000
22625   0.017900
22626   0.015600
22627   0.016300
22628   0.017500
22629   0.022100
22630   0.030700
22631   0.025800
22632   0.030300
22633   0.039700
22634   0.053600
22635   0.060500
22636   0.058200
22637   0.042400
22638   0.034700
22639   0.037100
22640   0.037100
22641   0.044100
22642   0.033600
22643   0.026700
22644   0.021900
22645   0.017000
22646   0.010800
22647   0.007000
22648   0.011800
22649   0.008700
22650   0.005800
22651   0.005500
22652   0.009100
22653   0.003200
22654   0.003900
22655   0.017000
22656   0.022500
22657   0.023300
22658   0.023600
22659   0.024100
22660   0.016500
22661   0.019300
22662   0.021100
22663   0.020400
22664   0.028100
22665   0.028300
22666   0.028600
22667   0.030100
22668   0.031600
22669   0.036300
22670   0.039600
22671   0.026200
22672   0.030900
22673   0.020300
22674   0.012200
22675   0.020200
22676   0.019400
22677   0.021600
22678   0.021300
22679   0.013000
22680   0.014300
22681   0.019100
22682   0.028500
22683   0.035900
22684   0.034900
22685   0.051100
22686   0.045500
22687   0.055000
22688   0.048300
22689   0.052100
22690   0.045700
22691   0.054200
22692   0.062700
22693   0.062100
22694   0.068000
22695   0.067800
22696   0.069900
22697   0.067400
22698   0.074700
22699   0.078600
22700   0.081100
22701   0.073700
22702   0.071800
22703   0.067800
22704   0.058600
22705   0.058400
22706   0.058900
22707   0.061600
22708   0.049900
22709   0.060700
22710   0.067100
22711   0.063300
22712   0.065000
22713   0.070500
22714   0.060200
22715   0.063900
22716   0.075200
22717   0.070800
22718   0.069700
22719   0.073300
22720   0.074500
22721   0.077500
22722   0.087000
22723   0.090300
22724   0.087000
22725   0.078800
22726   0.084700
22727   0.093800
22728   0.096200
22729   0.098800
22730   0.093200
22731   0.090100
22732   0.102200
22733   0.107800
22734   0.117300
22735   0.109200
22736   0.112700
22737   0.119400
22738   0.116800
22739   0.104000
22740   0.099700
22741   0.098500
22742   0.095900
22743   0.077200
22744   0.081200
22745   0.080400
22746   0.077400
22747   0.084000
22748   0.088500
22749   0.088700
22750   0.093500
22751   0.094700
22752   0.095600
22753   0.085500
22754   0.088600
22755   0.076900
22756   0.061600
22757   0.064200
22758   0.068700
22759   0.076500
22760   0.080800
22761   0.074700
22762   0.074600
22763   0.076800
22764   0.076000
22765   0.089000
22766   0.086700
22767   0.072200
22768   0.065400
22769   0.068100
22770   0.071800
22771   0.056200
22772   0.066900
22773   0.059200
22774   0.058800
22775   0.056200
22776   0.055400
22777   0.053000
22778   0.054500
22779   0.049600
22780   0.052100
22781   0.059500
22782   0.052500
22783   0.044900
22784   0.050800
22785   0.056200
22786   0.056400
22787   0.049000
22788   0.046500
22789   0.041100
22790   0.028700
22791   0.027500
22792   0.031100
22793   0.032700
22794   0.031100
22795   0.035900
22796   0.040000
22797   0.046700
22798   0.048500
22799   0.046000
22800   0.044400
22801   0.039200
22802   0.044300
22803   0.040100
22804   0.033700
22805   0.043300
22806   0.040900
22807   0.047900
22808   0.061300
22809   0.057200
22810   0.051600
22811   0.051700
22812   0.047300
22813   0.036600
22814   0.035500
22815   0.019000
22816   0.019900
22817   0.025100
22818   0.031500
22819   0.030500
22820   0.024300
22821   0.026200
22822   0.024900
22823   0.027400
22824   0.018900
22825   0.026700
22826   0.031800
22827   0.041800
22828   0.039000
22829   0.033200
22830   0.032200
22831   0.026700
22832   0.029900
22833   0.028300
22834   0.031600
22835   0.033300
22836   0.020600
22837   0.022600
22838   0.025400
22839   0.021900
22840   0.019900
22841   0.017200
22842   0.009700
22843   0.010200
22844  -0.003100
22845  -0.008700
22846  -0.010100
22847  -0.001300
22848  -0.009800
22849  -0.018400
22850  -0.015300
22851  -0.013100
22852  -0.015900
22853  -0.017400
22854  -0.014500
22855  -0.012600
22856  -0.006700
22857   0.000600
22858   0.011800
22859   0.016300
22860   0.026900
22861   0.023100
22862   0.024900
22863   0.016600
22864   0.023600
22865   0.028000
22866   0.035500
22867   0.035000
22868   0.036100
22869   0.033200
22870   0.033300
22871   0.036500
22872   0.031900
22873   0.028100
22874   0.028800
22875   0.024400
22876   0.035300
22877   0.031500
22878   0.028100
22879   0.031700
22880   0.030500
22881   0.026500
22882   0.023300
22883   0.023000
22884   0.033100
22885   0.036100
22886   0.037000
22887   0.029600
22888   0.030900
22889   0.045000
22890   0.045900
22891   0.046000
22892   0.043800
22893   0.043800
22894   0.044800
22895   0.053300
22896   0.058500
22897   0.052500
22898   0.057500
22899   0.056300
22900   0.058800
22901   0.055000
22902   0.052100
22903   0.044600
22904   0.037800
22905   0.035600
22906   0.039000
22907   0.036300
22908   0.039600
22909   0.038500
22910   0.045700
22911   0.044500
22912   0.049200
22913   0.043300
22914   0.038400
22915   0.035800
22916   0.036200
22917   0.036700
22918   0.039500
22919   0.045100
22920   0.043700
22921   0.045500
22922   0.037900
22923   0.042300
22924   0.043700
22925   0.035800
22926   0.040900
22927   0.041800
22928   0.035100
22929   0.025000
22930   0.018100
22931   0.020700
22932   0.017200
22933   0.024900
22934   0.014100
22935   0.011000
22936  -0.001000
22937  -0.011500
22938  -0.008800
22939  -0.008900
22940  -0.006900
22941  -0.001700
22942  -0.010000
22943  -0.014100
22944  -0.012900
22945  -0.005200
22946  -0.013800
22947  -0.014800
22948  -0.011600
22949  -0.005900
22950   0.007900
22951   0.012500
22952   0.019900
22953   0.029700
22954   0.026900
22955   0.038000
22956   0.036900
22957   0.040200
22958   0.037000
22959   0.029300
22960   0.027200
22961   0.029000
22962   0.029500
22963   0.027000
22964   0.031400
22965   0.042900
22966   0.029900
22967   0.026000
22968   0.020000
22969   0.022700
22970   0.014700
22971   0.011800
22972   0.009500
22973   0.003400
22974  -0.011000
22975  -0.003200
22976  -0.005100
22977  -0.007700
22978   0.011200
22979   0.011000
22980   0.015300
22981   0.018500
22982   0.029700
22983   0.034800
22984   0.031100
22985   0.037500
22986   0.039900
22987   0.038600
22988   0.037800
22989   0.036100
22990   0.041300
22991   0.045300
22992   0.046100
22993   0.048300
22994   0.046200
22995   0.036300
22996   0.042100
22997   0.047000
22998   0.054500
22999   0.055100
23000   0.060600
23001   0.054300
23002   0.053500
23003   0.062000
23004   0.058100
23005   0.052000
23006   0.051600
23007   0.032800
23008   0.028900
23009   0.035300
23010   0.037400
23011   0.028300
23012   0.027400
23013   0.030600
23014   0.029100
23015   0.027600
23016   0.024900
23017   0.042300
23018   0.051500
23019   0.046000
23020   0.044800
23021   0.048600
23022   0.045400
23023   0.040400
23024   0.041700
23025   0.029300
23026   0.023800
23027   0.029500
23028   0.027000
23029   0.026700
23030   0.034500
23031   0.033500
23032   0.027700
23033   0.028200
23034   0.019400
23035   0.017900
23036   0.016700
23037   0.019100
23038   0.022400
23039   0.026100
23040   0.018700
23041   0.011700
23042   0.017700
23043   0.013300
23044   0.007800
23045   0.006800
23046   0.010200
23047   0.009700
23048   0.019500
23049   0.018700
23050   0.019700
23051   0.019200
23052   0.020700
23053   0.025900
23054   0.010700
23055   0.020900
23056   0.012000
23057   0.001900
23058   0.000100
23059  -0.001000
23060   0.002600
23061   0.001600
23062   0.008800
23063   0.012300
23064   0.027100
23065   0.038700
23066   0.038800
23067   0.038700
23068   0.036800
23069   0.036100
23070   0.029400
23071   0.034000
23072   0.042800
23073   0.050000
23074   0.049000
23075   0.042800
23076   0.040800
23077   0.042100
23078   0.035400
23079   0.042100
23080   0.044700
23081   0.043700
23082   0.043600
23083   0.044500
23084   0.055900
23085   0.047000
23086   0.040500
23087   0.050800
23088   0.037600
23089   0.035900
23090   0.024600
23091   0.022800
23092   0.014400
23093   0.024100
23094   0.026400
23095   0.029900
23096   0.020400
23097   0.011800
23098   0.022000
23099   0.020200
23100   0.023200
23101   0.019400
23102   0.010100
23103   0.017900
23104   0.024900
23105   0.015600
23106   0.010300
23107   0.026800
23108   0.021900
23109   0.007300
23110   0.008300
23111   0.012000
23112   0.014800
23113   0.018500
23114   0.018500
23115   0.012300
23116   0.016100
23117   0.008300
23118   0.009600
23119   0.006600
23120   0.005800
23121  -0.008400
23122  -0.012100
23123  -0.016900
23124  -0.030100
23125  -0.028800
23126  -0.025700
23127  -0.029900
23128  -0.019900
23129  -0.010300
23130   0.002400
23131  -0.003100
23132  -0.001900
23133  -0.002900
23134   0.001200
23135   0.007200
23136   0.010500
23137   0.011100
23138   0.016900
23139   0.018000
23140   0.017600
23141   0.016700
23142   0.006900
23143   0.014300
23144   0.015300
23145  -0.000900
23146  -0.005500
23147  -0.009600
23148  -0.003800
23149  -0.007900
23150  -0.010900
23151  -0.019300
23152  -0.023100
23153  -0.010500
23154  -0.007200
23155   0.002300
23156  -0.001500
23157   0.001000
23158   0.009900
23159   0.012100
23160   0.015200
23161   0.018500
23162   0.018200
23163   0.019700
23164   0.010100
23165   0.012100
23166   0.007100
23167   0.006400
23168   0.006200
23169   0.003300
23170   0.006000
23171  -0.004000
23172  -0.013400
23173  -0.001700
23174  -0.000500
23175  -0.012700
23176  -0.018000
23177  -0.019300
23178  -0.026100
23179  -0.023200
23180  -0.029200
23181  -0.024900
23182  -0.025700
23183  -0.025700
23184  -0.016600
23185  -0.014900
23186   0.000300
23187  -0.005300
23188   0.002700
23189  -0.002500
23190   0.002500
23191   0.009500
23192   0.021800
23193   0.018800
23194   0.027000
23195   0.016500
23196   0.024300
23197   0.028800
23198   0.026400
23199   0.029300
23200   0.032100
23201   0.030200
23202   0.027700
23203   0.020300
23204   0.032300
23205   0.023600
23206   0.023800
23207   0.032200
23208   0.033500
23209   0.041000
23210   0.036200
23211   0.045400
23212   0.051400
23213   0.036000
23214   0.032100
23215   0.026100
23216   0.026900
23217   0.024300
23218   0.022500
23219   0.012700
23220   0.005900
23221  -0.006800
23222   0.003500
23223  -0.005400
23224   0.003400
23225   0.009500
23226   0.015700
23227   0.016100
23228   0.012200
23229   0.015700
23230   0.024500
23231   0.022800
23232   0.024000
23233   0.031100
23234   0.034400
23235   0.024600
23236   0.034600
23237   0.025900
23238   0.025400
23239   0.024900
23240   0.029600
23241   0.020500
23242   0.021400
23243   0.018700
23244   0.021500
23245   0.015600
23246   0.018000
23247   0.017800
23248   0.020900
23249   0.017800
23250   0.013900
23251   0.008900
23252   0.010800
23253   0.010900
23254   0.005300
23255   0.008100
23256   0.008400
23257   0.007900
23258  -0.007500
23259  -0.013600
23260  -0.008300
23261  -0.002400
23262   0.006200
23263   0.004900
23264   0.006900
23265   0.004000
23266   0.000100
23267   0.012000
23268   0.010800
23269   0.013300
23270   0.012600
23271   0.016600
23272   0.018200
23273   0.002900
23274   0.011000
23275   0.011700
23276   0.019800
23277   0.024500
23278   0.033900
23279   0.036100
23280   0.026000
23281   0.024000
23282   0.011200
23283   0.019300
23284   0.028600
23285   0.030200
23286   0.028600
23287   0.017400
23288   0.028400
23289   0.028400
23290   0.030000
23291   0.023100
23292   0.009800
23293   0.007400
23294   0.000900
23295   0.001500
23296  -0.009500
23297   0.002500
23298   0.002000
23299   0.001900
23300   0.014200
23301   0.016400
23302   0.013800
23303   0.009900
23304   0.005800
23305   0.004700
23306   0.003700
23307   0.011500
23308   0.005900
23309   0.011200
23310   0.015500
23311   0.011400
23312   0.008300
23313   0.000700
23314   0.009500
23315   0.006500
23316   0.018300
23317   0.027000
23318   0.027800
23319   0.021600
23320   0.017300
23321   0.019300
23322   0.027000
23323   0.034800
23324   0.040100
23325   0.044600
23326   0.030100
23327   0.019700
23328   0.019500
23329   0.030000
23330   0.028400
23331   0.032000
23332   0.029100
23333   0.018200
23334   0.018900
23335   0.031000
23336   0.031600
23337   0.024300
23338   0.014700
23339   0.022700
23340   0.030700
23341   0.031300
23342   0.032100
23343   0.028600
23344   0.040300
23345   0.046300
23346   0.039100
23347   0.046000
23348   0.048700
23349   0.052400
23350   0.044600
23351   0.037200
23352   0.027800
23353   0.032300
23354   0.030800
23355   0.029200
23356   0.021300
23357   0.019000
23358   0.024200
23359   0.026200
23360   0.025500
23361   0.019800
23362   0.019200
23363   0.020700
23364   0.026000
23365   0.024700
23366   0.022000
23367   0.028800
23368   0.027200
23369   0.035900
23370   0.043500
23371   0.044300
23372   0.036700
23373   0.026700
23374   0.019500
23375   0.023900
23376   0.027700
23377   0.034400
23378   0.034900
23379   0.040600
23380   0.054400
23381   0.049000
23382   0.057000
23383   0.059800
23384   0.047000
23385   0.042900
23386   0.047000
23387   0.042600
23388   0.050700
23389   0.042800
23390   0.032500
23391   0.030300
23392   0.032100
23393   0.034500
23394   0.022800
23395   0.029900
23396   0.018000
23397   0.010100
23398   0.005600
23399   0.013500
23400   0.011700
23401   0.016100
23402   0.008400
23403  -0.000200
23404   0.007500
23405   0.008000
23406   0.007700
23407   0.002100
23408   0.004300
23409  -0.000700
23410   0.004900
23411   0.008400
23412  -0.003400
23413  -0.002200
23414  -0.006200
23415  -0.010200
23416   0.010800
23417   0.018800
23418   0.019000
23419   0.017900
23420   0.021600
23421   0.023500
23422   0.024400
23423   0.020300
23424   0.023100
23425   0.038600
23426   0.039400
23427   0.040400
23428   0.038600
23429   0.050400
23430   0.049900
23431   0.059300
23432   0.067900
23433   0.059500
23434   0.055800
23435   0.053900
23436   0.050900
23437   0.057300
23438   0.072000
23439   0.070600
23440   0.066800
23441   0.068200
23442   0.063700
23443   0.068600
23444   0.067200
23445   0.066000
23446   0.072600
23447   0.069400
23448   0.071100
23449   0.057700
23450   0.057900
23451   0.041400
23452   0.042800
23453   0.037600
23454   0.036500
23455   0.040500
23456   0.036400
23457   0.031700
23458   0.041800
23459   0.030600
23460   0.029600
23461   0.022000
23462   0.016400
23463   0.032600
23464   0.046800
23465   0.048700
23466   0.052900
23467   0.053900
23468   0.048000
23469   0.059200
23470   0.049700
23471   0.061100
23472   0.071200
23473   0.072300
23474   0.054100
23475   0.048300
23476   0.052500
23477   0.051300
23478   0.046900
23479   0.048300
23480   0.051800
23481   0.063300
23482   0.057300
23483   0.051500
23484   0.048400
23485   0.037700
23486   0.032900
23487   0.042300
23488   0.058300
23489   0.045400
23490   0.046800
23491   0.041600
23492   0.051100
23493   0.051200
23494   0.041000
23495   0.046500
23496   0.042700
23497   0.039100
23498   0.038900
23499   0.037300
23500   0.034000
23501   0.031600
23502   0.037900
23503   0.043400
23504   0.041000
23505   0.049100
23506   0.043600
23507   0.047800
23508   0.049300
23509   0.046900
23510   0.046500
23511   0.031600
23512   0.025400
23513   0.022000
23514   0.016000
23515   0.021300
23516   0.014500
23517   0.007500
23518  -0.001000
23519   0.012200
23520   0.005600
23521  -0.000500
23522  -0.000100
23523   0.003200
23524  -0.003900
23525  -0.003900
23526  -0.003200
23527  -0.002700
23528  -0.013400
23529  -0.020000
23530  -0.010900
23531  -0.019100
23532  -0.019700
23533  -0.009400
23534  -0.007200
23535  -0.005000
23536  -0.012800
23537  -0.015800
23538  -0.014200
23539  -0.013400
23540  -0.016100
23541  -0.024000
23542  -0.019500
23543  -0.013500
23544  -0.013500
23545  -0.014200
23546  -0.005700
23547  -0.013800
23548  -0.008900
23549  -0.018400
23550  -0.014500
23551  -0.016800
23552  -0.017700
23553  -0.021700
23554  -0.033600
23555  -0.044100
23556  -0.025100
23557  -0.026800
23558  -0.021000
23559  -0.021900
23560  -0.016900
23561  -0.013200
23562  -0.016000
23563  -0.012300
23564  -0.010500
23565  -0.016700
23566  -0.023600
23567  -0.022100
23568  -0.028100
23569  -0.016600
23570  -0.016900
23571  -0.029000
23572  -0.028100
23573  -0.022400
23574  -0.026500
23575  -0.027800
23576  -0.028800
23577  -0.019800
23578  -0.011100
23579  -0.014800
23580  -0.010100
23581  -0.001900
23582  -0.007500
23583  -0.010200
23584  -0.000200
23585  -0.001300
23586  -0.004600
23587  -0.005800
23588  -0.014100
23589  -0.014300
23590  -0.016100
23591  -0.011400
23592  -0.013300
23593  -0.010100
23594  -0.006500
23595  -0.004100
23596  -0.009000
23597  -0.003200
23598  -0.004800
23599  -0.010400
23600  -0.003700
23601   0.000000
23602  -0.011800
23603  -0.023600
23604  -0.021300
23605  -0.023500
23606  -0.017500
23607  -0.025900
23608  -0.037000
23609  -0.036800
23610  -0.038400
23611  -0.036300
23612  -0.039600
23613  -0.025800
23614  -0.025100
23615  -0.017100
23616  -0.012000
23617  -0.008200
23618  -0.022700
23619  -0.029700
23620  -0.020600
23621  -0.013800
23622  -0.016500
23623  -0.021400
23624  -0.015800
23625  -0.025300
23626  -0.025300
23627  -0.031200
23628  -0.021200
23629  -0.028500
23630  -0.030600
23631  -0.019600
23632  -0.016300
23633  -0.005700
23634  -0.003300
23635   0.010600
23636   0.005800
23637   0.004400
23638   0.005700
23639   0.004900
23640   0.009700
23641   0.006200
23642   0.017800
23643   0.012800
23644   0.015900
23645   0.008900
23646   0.010400
23647   0.014300
23648   0.013300
23649   0.011200
23650   0.011000
23651   0.017000
23652   0.018400
23653   0.021600
23654   0.022400
23655   0.017500
23656   0.021900
23657   0.028800
23658   0.023400
23659   0.026700
23660   0.027200
23661   0.036200
23662   0.040000
23663   0.046000
23664   0.041800
23665   0.040600
23666   0.048000
23667   0.047300
23668   0.044200
23669   0.041900
23670   0.047000
23671   0.036300
23672   0.034000
23673   0.039800
23674   0.036800
23675   0.045800
23676   0.041600
23677   0.044800
23678   0.044700
23679   0.043300
23680   0.046900
23681   0.040200
23682   0.033300
23683   0.028800
23684   0.023400
23685   0.015100
23686   0.017600
23687   0.016300
23688   0.019400
23689   0.031100
23690   0.029900
23691   0.026100
23692   0.023600
23693   0.019900
23694   0.019100
23695   0.012800
23696   0.019300
23697   0.019500
23698   0.022500
23699   0.019900
23700   0.014600
23701   0.018700
23702   0.016600
23703   0.010800
23704   0.021200
23705   0.017000
23706   0.020200
23707   0.024200
23708   0.024500
23709   0.029200
23710   0.037800
23711   0.023200
23712   0.008200
23713   0.015500
23714   0.008200
23715   0.007800
23716  -0.003300
23717  -0.001500
23718   0.008900
23719   0.011500
23720   0.012600
23721   0.012200
23722   0.011100
23723   0.004800
23724  -0.000100
23725  -0.005500
23726   0.000700
23727   0.006100
23728   0.003400
23729   0.008200
23730   0.003700
23731   0.005800
23732   0.015400
23733   0.015200
23734   0.015900
23735   0.009700
23736   0.006200
23737   0.004800
23738   0.006000
23739   0.001900
23740  -0.000500
23741   0.002500
23742   0.012900
23743   0.016000
23744   0.018400
23745   0.013100
23746   0.018400
23747   0.002200
23748   0.001400
23749   0.021800
23750   0.026300
23751   0.017900
23752   0.023300
23753   0.022300
23754   0.027700
23755   0.027200
23756   0.019000
23757   0.020700
23758   0.016900
23759   0.021400
23760   0.018900
23761   0.018000
23762   0.016000
23763   0.012800
23764   0.016800
23765   0.027400
23766   0.026400
23767   0.010100
23768   0.014500
23769   0.010200
23770   0.007000
23771   0.017000
23772   0.010500
23773   0.006100
23774   0.020100
23775   0.020800
23776   0.007600
23777   0.001900
23778  -0.001300
23779   0.003100
23780   0.004900
23781   0.011400
23782   0.010900
23783   0.006500
23784   0.010800
23785   0.008100
23786   0.005800
23787   0.007000
23788   0.017100
23789   0.013700
23790   0.017600
23791   0.013200
23792   0.015100
23793   0.020600
23794   0.017900
23795   0.022800
23796   0.018200
23797   0.031900
23798   0.040700
23799   0.047400
23800   0.049300
23801   0.053700
23802   0.064900
23803   0.066200
23804   0.056800
23805   0.048300
23806   0.046200
23807   0.039100
23808   0.038400
23809   0.040300
23810   0.035100
23811   0.040200
23812   0.039200
23813   0.034100
23814   0.040900
23815   0.041600
23816   0.028200
23817   0.016300
23818   0.025300
23819   0.024200
23820   0.012000
23821   0.007400
23822   0.006000
23823   0.010600
23824   0.008400
23825   0.003300
23826   0.010700
23827   0.006400
23828  -0.005900
23829  -0.003400
23830   0.000300
23831  -0.003600
23832  -0.005100
23833  -0.008200
23834  -0.016600
23835  -0.007300
23836  -0.002100
23837   0.003100
23838  -0.000500
23839   0.000600
23840  -0.004300
23841  -0.008700
23842  -0.014200
23843  -0.013400
23844  -0.006400
23845  -0.007200
23846  -0.003300
23847   0.006600
23848   0.017600
23849   0.017800
23850   0.017600
23851   0.007900
23852   0.002800
23853   0.008600
23854  -0.008800
23855  -0.012100
23856  -0.014600
23857  -0.017800
23858  -0.011300
23859  -0.002100
23860   0.001500
23861   0.007800
23862   0.001100
23863   0.007100
23864   0.016900
23865   0.016600
23866   0.020600
23867   0.029600
23868   0.018200
23869   0.011800
23870   0.013300
23871   0.008000
23872   0.003000
23873  -0.004700
23874  -0.007500
23875  -0.001300
23876  -0.000500
23877   0.006200
23878   0.006300
23879   0.018800
23880   0.028400
23881   0.028900
23882   0.024100
23883   0.020500
23884   0.019700
23885   0.011600
23886   0.010900
23887   0.008500
23888   0.004900
23889   0.007500
23890   0.010000
23891  -0.009200
23892   0.000400
23893  -0.000100
23894   0.001200
23895   0.001300
23896   0.000200
23897   0.000800
23898   0.003700
23899   0.012800
23900   0.023100
23901   0.015000
23902   0.019800
23903   0.020400
23904   0.021600
23905   0.022700
23906   0.027300
23907   0.025300
23908   0.021400
23909   0.011000
23910   0.014600
23911   0.012900
23912   0.009000
23913   0.016500
23914   0.017300
23915   0.018200
23916   0.010200
23917   0.006400
23918  -0.001300
23919  -0.000600
23920   0.020300
23921   0.014900
23922   0.009100
23923   0.007000
23924   0.007000
23925   0.017200
23926   0.009600
23927   0.016200
23928   0.013900
23929   0.022200
23930   0.031700
23931   0.033200
23932   0.035000
23933   0.041000
23934   0.050100
23935   0.043100
23936   0.050100
23937   0.045300
23938   0.048800
23939   0.042800
23940   0.049400
23941   0.049000
23942   0.050400
23943   0.056100
23944   0.054900
23945   0.057400
23946   0.072500
23947   0.062000
23948   0.056400
23949   0.069200
23950   0.066300
23951   0.073700
23952   0.071100
23953   0.065100
23954   0.061200
23955   0.060000
23956   0.047100
23957   0.039000
23958   0.030800
23959   0.043400
23960   0.046200
23961   0.049200
23962   0.038600
23963   0.039800
23964   0.038700
23965   0.033400
23966   0.035600
23967   0.042000
23968   0.029900
23969   0.022000
23970   0.015800
23971   0.016100
23972   0.012900
23973   0.012600
23974   0.009900
23975   0.010000
23976   0.012900
23977   0.019500
23978   0.014600
23979   0.020200
23980   0.017000
23981   0.029300
23982   0.029600
23983   0.028600
23984   0.027900
23985   0.026800
23986   0.020300
23987   0.017800
23988   0.015700
23989   0.021600
23990   0.020000
23991   0.007900
23992   0.005700
23993  -0.004000
23994   0.012600
23995   0.009400
23996   0.009800
23997   0.003200
23998   0.008600
23999   0.019200
24000   0.017200
24001   0.019100
24002   0.016300
24003   0.018700
24004   0.015400
24005   0.011300
24006   0.012400
24007   0.012800
24008   0.008400
24009  -0.001000
24010  -0.000900
24011  -0.001600
24012   0.009800
24013   0.016400
24014   0.016200
24015   0.017000
24016   0.016700
24017   0.009900
24018   0.005700
24019   0.003900
24020  -0.006200
24021  -0.017700
24022  -0.014300
24023  -0.017100
24024  -0.010400
24025  -0.009600
24026  -0.010200
24027  -0.016600
24028  -0.011800
24029  -0.011100
24030  -0.005800
24031  -0.001000
24032  -0.004500
24033   0.001500
24034   0.008900
24035   0.014700
24036   0.014300
24037   0.014400
24038   0.015400
24039   0.010500
24040   0.000200
24041  -0.000300
24042  -0.000300
24043  -0.006800
24044  -0.007900
24045  -0.012000
24046  -0.002800
24047  -0.011500
24048  -0.013100
24049  -0.022700
24050  -0.025400
24051  -0.019400
24052  -0.022600
24053  -0.022700
24054  -0.016100
24055  -0.003100
24056   0.003000
24057  -0.005000
24058  -0.004600
24059  -0.007900
24060  -0.015200
24061  -0.010600
24062  -0.002600
24063  -0.007500
24064   0.002200
24065  -0.001600
24066  -0.001500
24067  -0.002500
24068  -0.006400
24069  -0.008800
24070  -0.010800
24071  -0.008800
24072  -0.013400
24073  -0.014800
24074  -0.007700
24075  -0.003700
24076   0.002600
24077   0.003800
24078   0.004900
24079   0.009400
24080   0.009600
24081   0.021900
24082   0.028900
24083   0.031500
24084   0.039200
24085   0.037600
24086   0.037600
24087   0.028400
24088   0.026100
24089   0.034400
24090   0.034400
24091   0.025900
24092   0.029000
24093   0.035600
24094   0.033100
24095   0.041000
24096   0.046200
24097   0.048200
24098   0.058500
24099   0.062800
24100   0.067100
24101   0.067100
24102   0.076700
24103   0.081800
24104   0.081700
24105   0.088300
24106   0.076200
24107   0.074900
24108   0.074800
24109   0.075800
24110   0.078400
24111   0.069100
24112   0.064300
24113   0.065600
24114   0.046100
24115   0.057300
24116   0.059500
24117   0.061100
24118   0.061700
24119   0.064600
24120   0.064400
24121   0.060300
24122   0.062100
24123   0.055800
24124   0.051800
24125   0.047700
24126   0.050600
24127   0.050000
24128   0.042500
24129   0.046900
24130   0.047300
24131   0.044800
24132   0.037900
24133   0.038700
24134   0.041800
24135   0.037300
24136   0.039300
24137   0.032900
24138   0.028900
24139   0.036400
24140   0.046200
24141   0.051800
24142   0.034900
24143   0.031600
24144   0.038500
24145   0.040200
24146   0.034700
24147   0.046800
24148   0.050700
24149   0.059000
24150   0.060600
24151   0.075900
24152   0.088700
24153   0.100600
24154   0.090600
24155   0.088600
24156   0.087400
24157   0.097300
24158   0.099300
24159   0.104400
24160   0.113700
24161   0.112400
24162   0.113800
24163   0.118400
24164   0.114200
24165   0.113500
24166   0.114100
24167   0.121100
24168   0.120800
24169   0.118000
24170   0.110700
24171   0.111600
24172   0.113100
24173   0.114900
24174   0.124100
24175   0.126100
24176   0.138900
24177   0.140200
24178   0.135400
24179   0.124100
24180   0.125100
24181   0.125800
24182   0.114800
24183   0.111900
24184   0.106700
24185   0.111000
24186   0.105800
24187   0.099400
24188   0.091300
24189   0.085900
24190   0.091100
24191   0.095300
24192   0.080200
24193   0.077100
24194   0.080800
24195   0.078200
24196   0.071700
24197   0.060300
24198   0.051100
24199   0.048300
24200   0.041900
24201   0.042400
24202   0.042500
24203   0.039100
24204   0.048600
24205   0.053700
24206   0.060200
24207   0.069900
24208   0.070200
24209   0.076900
24210   0.067500
24211   0.063500
24212   0.051000
24213   0.046200
24214   0.041500
24215   0.049700
24216   0.056000
24217   0.052600
24218   0.052800
24219   0.041500
24220   0.039100
24221   0.045700
24222   0.044000
24223   0.041200
24224   0.042200
24225   0.037900
24226   0.045500
24227   0.042900
24228   0.048800
24229   0.051500
24230   0.053800
24231   0.059400
24232   0.057200
24233   0.045600
24234   0.044200
24235   0.039600
24236   0.031300
24237   0.041300
24238   0.054000
24239   0.051300
24240   0.057800
24241   0.067600
24242   0.077200
24243   0.082000
24244   0.077400
24245   0.078900
24246   0.062600
24247   0.049500
24248   0.054900
24249   0.044100
24250   0.039900
24251   0.037100
24252   0.046600
24253   0.049700
24254   0.050300
24255   0.050900
24256   0.045300
24257   0.041100
24258   0.030300
24259   0.036700
24260   0.028500
24261   0.023400
24262   0.023700
24263   0.024100
24264   0.036100
24265   0.027400
24266   0.022700
24267   0.022400
24268   0.011700
24269   0.020300
24270   0.012600
24271   0.022600
24272   0.023000
24273   0.018100
24274   0.019200
24275   0.014900
24276   0.015000
24277   0.016900
24278   0.018100
24279   0.011400
24280   0.001000
24281   0.003000
24282   0.014000
24283   0.015300
24284   0.012700
24285   0.018900
24286   0.026700
24287   0.024800
24288   0.034100
24289   0.041300
24290   0.040900
24291   0.050700
24292   0.047100
24293   0.047700
24294   0.036400
24295   0.039500
24296   0.027900
24297   0.031800
24298   0.038900
24299   0.040500
24300   0.029300
24301   0.031800
24302   0.035700
24303   0.035900
24304   0.034600
24305   0.030700
24306   0.030400
24307   0.030400
24308   0.038100
24309   0.039000
24310   0.038300
24311   0.031000
24312   0.032300
24313   0.035200
24314   0.027200
24315   0.013600
24316   0.018900
24317  -0.000700
24318   0.001400
24319   0.005500
24320   0.007100
24321   0.020400
24322   0.016900
24323   0.015100
24324   0.011900
24325   0.014600
24326   0.004900
24327   0.009900
24328   0.023300
24329   0.026600
24330   0.029100
24331   0.021900
24332   0.038900
24333   0.034000
24334   0.025600
24335   0.037200
24336   0.033800
24337   0.038700
24338   0.046500
24339   0.046800
24340   0.046900
24341   0.060700
24342   0.052300
24343   0.039500
24344   0.036400
24345   0.034300
24346   0.041200
24347   0.037200
24348   0.035100
24349   0.028400
24350   0.024100
24351   0.032900
24352   0.033600
24353   0.037300
24354   0.034800
24355   0.043600
24356   0.042300
24357   0.045800
24358   0.047400
24359   0.053900
24360   0.059700
24361   0.065400
24362   0.068900
24363   0.061100
24364   0.052300
24365   0.041300
24366   0.049100
24367   0.049800
24368   0.061400
24369   0.064600
24370   0.063200
24371   0.061700
24372   0.065500
24373   0.076500
24374   0.075300
24375   0.077300
24376   0.080200
24377   0.075700
24378   0.089400
24379   0.091700
24380   0.095800
24381   0.100000
24382   0.104500
24383   0.097500
24384   0.097300
24385   0.105100
24386   0.101800
24387   0.097000
24388   0.098500
24389   0.099000
24390   0.092200
24391   0.090200
24392   0.091400
24393   0.086700
24394   0.089900
24395   0.084800
24396   0.087700
24397   0.076900
24398   0.076700
24399   0.078600
24400   0.077100
24401   0.091700
24402   0.094400
24403   0.094400
24404   0.100300
24405   0.103400
24406   0.091700
24407   0.096200
24408   0.094100
24409   0.089900
24410   0.094100
24411   0.082800
24412   0.094500
24413   0.088700
24414   0.084000
24415   0.085000
24416   0.087900
24417   0.084800
24418   0.084400
24419   0.084200
24420   0.085900
24421   0.083000
24422   0.087900
24423   0.079900
24424   0.069100
24425   0.083500
24426   0.090200
24427   0.077600
24428   0.073300
24429   0.076300
24430   0.085100
24431   0.088100
24432   0.082600
24433   0.075500
24434   0.075700
24435   0.074600
24436   0.070400
24437   0.067200
24438   0.066200
24439   0.072300
24440   0.077200
24441   0.076800
24442   0.064500
24443   0.069100
24444   0.064300
24445   0.056500
24446   0.061800
24447   0.062100
24448   0.068400
24449   0.065100
24450   0.062800
24451   0.070300
24452   0.075100
24453   0.080900
24454   0.074600
24455   0.084600
24456   0.088900
24457   0.090000
24458   0.071600
24459   0.074000
24460   0.066900
24461   0.064700
24462   0.064600
24463   0.060300
24464   0.049300
24465   0.039800
24466   0.028300
24467   0.036800
24468   0.043100
24469   0.035800
24470   0.032600
24471   0.042900
24472   0.037300
24473   0.038500
24474   0.040000
24475   0.033500
24476   0.031000
24477   0.038700
24478   0.040900
24479   0.033900
24480   0.027500
24481   0.035300
24482   0.032800
24483   0.039800
24484   0.039200
24485   0.047500
24486   0.037400
24487   0.035300
24488   0.028900
24489   0.026700
24490   0.036400
24491   0.035900
24492   0.038800
24493   0.034100
24494   0.031100
24495   0.034800
24496   0.032300
24497   0.044300
24498   0.041200
24499   0.035400
24500   0.035500
24501   0.031500
24502   0.042500
24503   0.037700
24504   0.053000
24505   0.044800
24506   0.041400
24507   0.045200
24508   0.048200
24509   0.048000
24510   0.043400
24511   0.035100
24512   0.037600
24513   0.044000
24514   0.044600
24515   0.041700
24516   0.052300
24517   0.057500
24518   0.054000
24519   0.049700
24520   0.043900
24521   0.027400
24522   0.039000
24523   0.045900
24524   0.039600
24525   0.036000
24526   0.037900
24527   0.038700
24528   0.035100
24529   0.030800
24530   0.022100
24531   0.021100
24532   0.012700
24533   0.011800
24534   0.016500
24535   0.015300
24536   0.036400
24537   0.036900
24538   0.046700
24539   0.041300
24540   0.046600
24541   0.052000
24542   0.047200
24543   0.050500
24544   0.043000
24545   0.054400
24546   0.060700
24547   0.067500
24548   0.063600
24549   0.067300
24550   0.060900
24551   0.058700
24552   0.047300
24553   0.043500
24554   0.036900
24555   0.043500
24556   0.044100
24557   0.038700
24558   0.026700
24559   0.038000
24560   0.035300
24561   0.043000
24562   0.044400
24563   0.041200
24564   0.049500
24565   0.049100
24566   0.043100
24567   0.042900
24568   0.028400
24569   0.027300
24570   0.031000
24571   0.034800
24572   0.026500
24573   0.021400
24574   0.013500
24575   0.012600
24576   0.017600
24577   0.024600
24578   0.020500
24579   0.024000
24580   0.025900
24581   0.027300
24582   0.027500
24583   0.028800
24584   0.034800
24585   0.038500
24586   0.043400
24587   0.051400
24588   0.041600
24589   0.048200
24590   0.042700
24591   0.036600
24592   0.036000
24593   0.037300
24594   0.033800
24595   0.041000
24596   0.039600
24597   0.048400
24598   0.042900
24599   0.038200
24600   0.048800
24601   0.051600
24602   0.045100
24603   0.042900
24604   0.043800
24605   0.047800
24606   0.049700
24607   0.054700
24608   0.057700
24609   0.057000
24610   0.051100
24611   0.049300
24612   0.045200
24613   0.032000
24614   0.050400
24615   0.064100
24616   0.053700
24617   0.058600
24618   0.047300
24619   0.048500
24620   0.036000
24621   0.037200
24622   0.030200
24623   0.032900
24624   0.041800
24625   0.041200
24626   0.038800
24627   0.036600
24628   0.023600
24629   0.022700
24630   0.018600
24631   0.017000
24632   0.018000
24633   0.024600
24634   0.026300
24635   0.023600
24636   0.033200
24637   0.025000
24638   0.028800
24639   0.033300
24640   0.023500
24641   0.032600
24642   0.033200
24643   0.033200
24644   0.028100
24645   0.028900
24646   0.032300
24647   0.025800
24648   0.029800
24649   0.028100
24650   0.037500
24651   0.046700
24652   0.051200
24653   0.061900
24654   0.060700
24655   0.069200
24656   0.059700
24657   0.060800
24658   0.065200
24659   0.071300
24660   0.078200
24661   0.081700
24662   0.077800
24663   0.081500
24664   0.084700
24665   0.089700
24666   0.095000
24667   0.103200
24668   0.105400
24669   0.111100
24670   0.122000
24671   0.125700
24672   0.126800
24673   0.116500
24674   0.115200
24675   0.123800
24676   0.108300
24677   0.121300
24678   0.117200
24679   0.118200
24680   0.115300
24681   0.120600
24682   0.119500
24683   0.117600
24684   0.116700
24685   0.105400
24686   0.096100
24687   0.108000
24688   0.103500
24689   0.104800
24690   0.106400
24691   0.107100
24692   0.106900
24693   0.102200
24694   0.104800
24695   0.102600
24696   0.094300
24697   0.094200
24698   0.089600
24699   0.088800
24700   0.086400
24701   0.082800
24702   0.076700
24703   0.061200
24704   0.044000
24705   0.046600
24706   0.054100
24707   0.059500
24708   0.064700
24709   0.069200
24710   0.070000
24711   0.062200
24712   0.061600
24713   0.055900
24714   0.059500
24715   0.065600
24716   0.064600
24717   0.067100
24718   0.071800
24719   0.073100
24720   0.056500
24721   0.055600
24722   0.056000
24723   0.056600
24724   0.051200
24725   0.060400
24726   0.053900
24727   0.053300
24728   0.058500
24729   0.059000
24730   0.066700
24731   0.062800
24732   0.061500
24733   0.058200
24734   0.062300
24735   0.063900
24736   0.069100
24737   0.062700
24738   0.057700
24739   0.058600
24740   0.076800
24741   0.078000
24742   0.075300
24743   0.069200
24744   0.068300
24745   0.072100
24746   0.073600
24747   0.069600
24748   0.071600
24749   0.067700
24750   0.070000
24751   0.071500
24752   0.059700
24753   0.065400
24754   0.072100
24755   0.070500
24756   0.066600
24757   0.067900
24758   0.066900
24759   0.069700
24760   0.064200
24761   0.063100
24762   0.061900
24763   0.065200
24764   0.068500
24765   0.055200
24766   0.060500
24767   0.055400
24768   0.054100
24769   0.047800
24770   0.042800
24771   0.054400
24772   0.062300
24773   0.073800
24774   0.064200
24775   0.062100
24776   0.070700
24777   0.064900
24778   0.063300
24779   0.055500
24780   0.044100
24781   0.046900
24782   0.058200
24783   0.057400
24784   0.058000
24785   0.051600
24786   0.049200
24787   0.039900
24788   0.039400
24789   0.033400
24790   0.029100
24791   0.026100
24792   0.026200
24793   0.019900
24794   0.017700
24795   0.019300
24796   0.031400
24797   0.029100
24798   0.027900
24799   0.027600
24800   0.017600
24801   0.014100
24802   0.013200
24803   0.017000
24804   0.019800
24805   0.028900
24806   0.024100
24807   0.012300
24808   0.020400
24809   0.020300
24810   0.022900
24811   0.017700
24812   0.018500
24813   0.018800
24814   0.019100
24815   0.025200
24816   0.017300
24817   0.022500
24818   0.031800
24819   0.041300
24820   0.034700
24821   0.031000
24822   0.033200
24823   0.038000
24824   0.038000
24825   0.038800
24826   0.032200
24827   0.036900
24828   0.037700
24829   0.044800
24830   0.047500
24831   0.048100
24832   0.047700
24833   0.050400
24834   0.050200
24835   0.060800
24836   0.058400
24837   0.051900
24838   0.047300
24839   0.030900
24840   0.031400
24841   0.038400
24842   0.026100
24843   0.024500
24844   0.024900
24845   0.031300
24846   0.027100
24847   0.029000
24848   0.021800
24849   0.026800
24850   0.024400
24851   0.023600
24852   0.015600
24853   0.009700
24854   0.009100
24855   0.010900
24856   0.008600
24857   0.008400
24858   0.019700
24859   0.022100
24860   0.019700
24861   0.027300
24862   0.038100
24863   0.042400
24864   0.042600
24865   0.045200
24866   0.033900
24867   0.037000
24868   0.029900
24869   0.041800
24870   0.047500
24871   0.048600
24872   0.047000
24873   0.055300
24874   0.057800
24875   0.051800
24876   0.044700
24877   0.035600
24878   0.036000
24879   0.033600
24880   0.034900
24881   0.046400
24882   0.062700
24883   0.060700
24884   0.062600
24885   0.059900
24886   0.055200
24887   0.053000
24888   0.056600
24889   0.058300
24890   0.055500
24891   0.053900
24892   0.053300
24893   0.060600
24894   0.066300
24895   0.068900
24896   0.075100
24897   0.081400
24898   0.089200
24899   0.081800
24900   0.076300
24901   0.074600
24902   0.074700
24903   0.073600
24904   0.078100
24905   0.071600
24906   0.075500
24907   0.065700
24908   0.068400
24909   0.071700
24910   0.058600
24911   0.057000
24912   0.067200
24913   0.059200
24914   0.056900
24915   0.053000
24916   0.057800
24917   0.038900
24918   0.037900
24919   0.045100
24920   0.040400
24921   0.031200
24922   0.027400
24923   0.031400
24924   0.035200
24925   0.041200
24926   0.043000
24927   0.041800
24928   0.038900
24929   0.038000
24930   0.027000
24931   0.029500
24932   0.032400
24933   0.031500
24934   0.031500
24935   0.040500
24936   0.048400
24937   0.048000
24938   0.043800
24939   0.038000
24940   0.039100
24941   0.036900
24942   0.031900
24943   0.035000
24944   0.027400
24945   0.021600
24946   0.022800
24947   0.029000
24948   0.032600
24949   0.036300
24950   0.030500
24951   0.028700
24952   0.025500
24953   0.035100
24954   0.034000
24955   0.031300
24956   0.028700
24957   0.027300
24958   0.030200
24959   0.023600
24960   0.028400
24961   0.022700
24962   0.020800
24963   0.028900
24964   0.020300
24965   0.020600
24966   0.015900
24967   0.013300
24968  -0.002200
24969   0.001400
24970  -0.006200
24971  -0.008000
24972  -0.011800
24973  -0.019000
24974  -0.018800
24975  -0.020200
24976  -0.026300
24977  -0.023300
24978  -0.026600
24979  -0.031200
24980  -0.038000
24981  -0.036800
24982  -0.038300
24983  -0.034400
24984  -0.033700
24985  -0.034200
24986  -0.030000
24987  -0.031200
24988  -0.041500
24989  -0.048900
24990  -0.048100
24991  -0.036200
24992  -0.048500
24993  -0.050300
24994  -0.044600
24995  -0.047800
24996  -0.048500
24997  -0.046800
24998  -0.051000
24999  -0.050600
25000  -0.044600
25001  -0.046600
25002  -0.052900
25003  -0.043900
25004  -0.040800
25005  -0.039500
25006  -0.037000
25007  -0.048200
25008  -0.057800
25009  -0.061600
25010  -0.062900
25011  -0.063800
25012  -0.070400
25013  -0.079000
25014  -0.072500
25015  -0.062500
25016  -0.052300
25017  -0.041200
25018  -0.042500
25019  -0.041600
25020  -0.042200
25021  -0.046600
25022  -0.047000
25023  -0.038900
25024  -0.034200
25025  -0.021700
25026  -0.023600
25027  -0.026300
25028  -0.033300
25029  -0.034600
25030  -0.039400
25031  -0.032000
25032  -0.027700
25033  -0.025800
25034  -0.020600
25035  -0.026300
25036  -0.032700
25037  -0.044100
25038  -0.027900
25039  -0.024600
25040  -0.028700
25041  -0.027700
25042  -0.029400
25043  -0.023900
25044  -0.029800
25045  -0.025500
25046  -0.023500
25047  -0.029300
25048  -0.017500
25049  -0.022500
25050  -0.032200
25051  -0.035000
25052  -0.033200
25053  -0.038200
25054  -0.030700
25055  -0.025000
25056  -0.032200
25057  -0.024200
25058  -0.022700
25059  -0.018800
25060  -0.012900
25061  -0.009800
25062  -0.007900
25063  -0.026700
25064  -0.032300
25065  -0.025700
25066  -0.031600
25067  -0.026600
25068  -0.029600
25069  -0.033200
25070  -0.035300
25071  -0.026600
25072  -0.026900
25073  -0.016500
25074  -0.016600
25075  -0.014300
25076  -0.005600
25077   0.003300
25078  -0.010100
25079  -0.004300
25080  -0.000600
25081   0.004600
25082   0.001400
25083  -0.000400
25084  -0.007400
25085  -0.005800
25086  -0.014100
25087  -0.008300
25088  -0.008800
25089  -0.012600
25090  -0.010100
25091  -0.005400
25092  -0.010700
25093  -0.011000
25094  -0.009300
25095  -0.011800
25096  -0.010200
25097  -0.019400
25098  -0.025200
25099  -0.015700
25100  -0.016500
25101  -0.012000
25102  -0.016700
25103  -0.019800
25104  -0.016800
25105  -0.029600
25106  -0.034800
25107  -0.037200
25108  -0.032700
25109  -0.036300
25110  -0.037600
25111  -0.034600
25112  -0.030500
25113  -0.027000
25114  -0.026300
25115  -0.036300
25116  -0.035200
25117  -0.047100
25118  -0.054000
25119  -0.059800
25120  -0.061100
25121  -0.055800
25122  -0.042500
25123  -0.046600
25124  -0.038600
25125  -0.033200
25126  -0.034000
25127  -0.033300
25128  -0.031700
25129  -0.036100
25130  -0.044300
25131  -0.045700
25132  -0.037700
25133  -0.024600
25134  -0.020600
25135  -0.016700
25136  -0.001100
25137  -0.010100
25138  -0.008600
25139  -0.000100
25140   0.004000
25141   0.004400
25142   0.007400
25143   0.007400
25144  -0.005300
25145  -0.004600
25146  -0.006500
25147  -0.002800
25148   0.000100
25149   0.011600
25150  -0.003300
25151   0.007700
25152   0.008500
25153  -0.004700
25154  -0.002500
25155  -0.004600
25156  -0.005200
25157  -0.004400
25158  -0.003600
25159  -0.019900
25160  -0.013400
25161  -0.029500
25162  -0.030600
25163  -0.037400
25164  -0.030700
25165  -0.033400
25166  -0.034500
25167  -0.033800
25168  -0.034300
25169  -0.043600
25170  -0.043800
25171  -0.045900
25172  -0.040500
25173  -0.040500
25174  -0.044100
25175  -0.041700
25176  -0.041700
25177  -0.051100
25178  -0.051600
25179  -0.048200
25180  -0.055400
25181  -0.060100
25182  -0.062200
25183  -0.049100
25184  -0.057400
25185  -0.058800
25186  -0.055000
25187  -0.057600
25188  -0.063400
25189  -0.057900
25190  -0.052500
25191  -0.064300
25192  -0.072200
25193  -0.077100
25194  -0.076100
25195  -0.075700
25196  -0.076300
25197  -0.063000
25198  -0.058300
25199  -0.060700
25200  -0.079300
25201  -0.076700
25202  -0.068300
25203  -0.064500
25204  -0.058300
25205  -0.057500
25206  -0.044100
25207  -0.047600
25208  -0.052800
25209  -0.061500
25210  -0.056900
25211  -0.055400
25212  -0.043800
25213  -0.042900
25214  -0.050400
25215  -0.062000
25216  -0.046000
25217  -0.043400
25218  -0.043200
25219  -0.033200
25220  -0.037700
25221  -0.027400
25222  -0.033400
25223  -0.023100
25224  -0.018400
25225  -0.037900
25226  -0.030600
25227  -0.032400
25228  -0.025000
25229  -0.029500
25230  -0.027900
25231  -0.028500
25232  -0.025300
25233  -0.020800
25234  -0.010900
25235  -0.012000
25236  -0.019200
25237  -0.021800
25238  -0.025200
25239  -0.025200
25240  -0.033600
25241  -0.039500
25242  -0.036800
25243  -0.036300
25244  -0.038200
25245  -0.038300
25246  -0.036000
25247  -0.035400
25248  -0.036900
25249  -0.030700
25250  -0.033400
25251  -0.026400
25252  -0.030900
25253  -0.036400
25254  -0.021500
25255  -0.028200
25256  -0.025200
25257  -0.021800
25258  -0.020900
25259  -0.021600
25260  -0.011000
25261  -0.009500
25262  -0.000300
25263   0.001300
25264   0.012100
25265   0.010100
25266  -0.000600
25267  -0.003400
25268  -0.002600
25269   0.001000
25270   0.000600
25271  -0.003900
25272  -0.012700
25273  -0.020500
25274  -0.027700
25275  -0.022700
25276  -0.015700
25277  -0.022000
25278  -0.020500
25279  -0.010400
25280  -0.015800
25281  -0.022000
25282  -0.017400
25283  -0.012600
25284  -0.006700
25285  -0.005300
25286  -0.004400
25287  -0.008700
25288  -0.013100
25289  -0.018700
25290  -0.016100
25291  -0.023400
25292  -0.031800
25293  -0.024700
25294  -0.018200
25295  -0.018100
25296  -0.027400
25297  -0.027300
25298  -0.026300
25299  -0.033100
25300  -0.030800
25301  -0.025000
25302  -0.029300
25303  -0.044600
25304  -0.045500
25305  -0.042800
25306  -0.036100
25307  -0.041300
25308  -0.029300
25309  -0.036900
25310  -0.030800
25311  -0.032800
25312  -0.031100
25313  -0.037800
25314  -0.035900
25315  -0.027600
25316  -0.031900
25317  -0.029200
25318  -0.035400
25319  -0.033800
25320  -0.023700
25321  -0.024600
25322  -0.037700
25323  -0.032000
25324  -0.018700
25325  -0.020700
25326  -0.015900
25327  -0.008300
25328  -0.001700
25329  -0.001900
25330   0.003600
25331   0.008700
25332   0.015900
25333   0.008400
25334   0.004300
25335   0.015500
25336   0.005800
25337  -0.002200
25338   0.001800
25339   0.010000
25340   0.001200
25341   0.008700
25342  -0.006200
25343   0.000600
25344  -0.003900
25345   0.003900
25346  -0.001000
25347   0.000900
25348   0.006700
25349   0.010800
25350   0.005500
25351  -0.006900
25352  -0.003800
25353  -0.007300
25354  -0.000300
25355  -0.000800
25356   0.000600
25357   0.005200
25358   0.008400
25359   0.003500
25360   0.006000
25361   0.008300
25362   0.012000
25363   0.014100
25364   0.013200
25365   0.023600
25366   0.019800
25367   0.029300
25368   0.018500
25369   0.017700
25370   0.002400
25371   0.006600
25372  -0.004000
25373   0.002100
25374   0.007500
25375  -0.001900
25376  -0.008300
25377   0.005100
25378   0.005500
25379   0.007300
25380   0.017700
25381   0.017300
25382   0.015000
25383   0.026800
25384   0.021300
25385   0.019800
25386   0.020100
25387   0.020000
25388   0.026100
25389   0.016200
25390   0.023500
25391   0.018400
25392   0.022500
25393   0.029600
25394   0.022900
25395   0.013000
25396   0.017400
25397   0.010400
25398   0.011200
25399   0.016900
25400   0.017400
25401   0.004400
25402   0.000600
25403   0.004100
25404   0.013300
25405   0.019600
25406   0.021900
25407   0.026600
25408   0.023700
25409   0.034100
25410   0.032500
25411   0.044400
25412   0.049500
25413   0.054600
25414   0.063400
25415   0.066500
25416   0.066100
25417   0.059400
25418   0.060600
25419   0.056800
25420   0.046800
25421   0.048900
25422   0.053600
25423   0.046400
25424   0.052600
25425   0.050100
25426   0.044700
25427   0.041900
25428   0.050800
25429   0.052000
25430   0.058800
25431   0.057600
25432   0.061000
25433   0.049900
25434   0.041400
25435   0.047800
25436   0.055600
25437   0.056200
25438   0.034800
25439   0.039600
25440   0.043100
25441   0.042700
25442   0.040300
25443   0.046500
25444   0.050200
25445   0.042200
25446   0.050100
25447   0.035100
25448   0.019100
25449   0.016800
25450   0.017500
25451   0.017900
25452   0.002000
25453  -0.001500
25454  -0.006700
25455  -0.008700
25456   0.001700
25457  -0.005800
25458  -0.007200
25459  -0.007900
25460  -0.012100
25461  -0.000800
25462  -0.002500
25463   0.005000
25464   0.002900
25465   0.002500
25466   0.004900
25467   0.010400
25468   0.007800
25469   0.007600
25470   0.002700
25471   0.004900
25472   0.003100
25473  -0.002500
25474  -0.006000
25475  -0.010000
25476  -0.007600
25477  -0.007100
25478  -0.004100
25479  -0.024300
25480  -0.024800
25481  -0.023500
25482  -0.007300
25483  -0.010400
25484  -0.002000
25485  -0.005500
25486  -0.002700
25487  -0.010000
25488  -0.012100
25489  -0.008200
25490  -0.011400
25491  -0.009000
25492  -0.008500
25493   0.009000
25494   0.005100
25495   0.004400
25496  -0.004100
25497  -0.001000
25498   0.003000
25499   0.011100
25500   0.005600
25501   0.001400
25502  -0.002600
25503  -0.018900
25504  -0.007800
25505  -0.011300
25506  -0.009500
25507  -0.018000
25508  -0.010000
25509  -0.014200
25510  -0.009700
25511  -0.004500
25512  -0.001200
25513   0.001900
25514   0.006600
25515   0.009400
25516   0.017100
25517   0.030500
25518   0.038900
25519   0.045100
25520   0.044300
25521   0.040400
25522   0.037800
25523   0.047100
25524   0.036500
25525   0.046800
25526   0.043000
25527   0.039300
25528   0.043300
25529   0.040700
25530   0.036700
25531   0.038800
25532   0.028500
25533   0.026000
25534   0.036200
25535   0.023800
25536   0.021200
25537   0.017200
25538   0.009800
25539   0.005800
25540   0.008100
25541   0.016100
25542   0.026300
25543   0.027000
25544   0.022000
25545   0.033100
25546   0.031900
25547   0.037700
25548   0.042200
25549   0.029900
25550   0.025400
25551   0.015200
25552   0.019800
25553   0.015700
25554   0.024400
25555   0.029000
25556   0.031000
25557   0.036800
25558   0.037000
25559   0.041200
25560   0.040300
25561   0.031800
25562   0.025800
25563   0.022500
25564   0.017600
25565   0.030800
25566   0.036500
25567   0.024400
25568   0.035700
25569   0.034100
25570   0.044100
25571   0.040000
25572   0.037600
25573   0.043000
25574   0.049900
25575   0.048400
25576   0.047200
25577   0.053800
25578   0.053100
25579   0.043800
25580   0.049700
25581   0.033700
25582   0.031500
25583   0.036100
25584   0.044100
25585   0.045500
25586   0.046900
25587   0.044600
25588   0.033400
25589   0.031400
25590   0.030300
25591   0.026700
25592   0.034400
25593   0.031300
25594   0.032800
25595   0.036200
25596   0.036400
25597   0.031900
25598   0.034500
25599   0.021200
25600   0.012200
25601   0.004800
25602   0.012700
25603   0.013300
25604   0.012400
25605  -0.002800
25606   0.000100
25607   0.002200
25608   0.002600
25609   0.000400
25610   0.002500
25611   0.000800
25612  -0.005400
25613  -0.012800
25614  -0.005700
25615  -0.010500
25616  -0.013500
25617  -0.029700
25618  -0.021200
25619  -0.012100
25620  -0.013800
25621  -0.012500
25622  -0.006400
25623  -0.011800
25624  -0.008900
25625  -0.008200
25626   0.001800
25627   0.007600
25628  -0.000400
25629  -0.009200
25630  -0.007600
25631  -0.014000
25632  -0.015200
25633  -0.007500
25634  -0.004300
25635  -0.011200
25636  -0.011800
25637  -0.008400
25638  -0.004100
25639  -0.003700
25640  -0.000300
25641   0.004800
25642   0.009400
25643   0.008900
25644   0.019400
25645   0.019300
25646   0.021200
25647   0.025000
25648   0.021000
25649   0.017200
25650   0.010000
25651   0.013400
25652   0.019700
25653   0.022500
25654   0.028900
25655   0.024400
25656   0.026400
25657   0.034700
25658   0.022000
25659   0.014400
25660   0.008500
25661  -0.000000
25662  -0.011700
25663  -0.005600
25664  -0.009400
25665  -0.005800
25666  -0.003900
25667  -0.005200
25668  -0.000700
25669  -0.001200
25670  -0.009700
25671  -0.016100
25672  -0.015700
25673  -0.012900
25674  -0.006700
25675  -0.014300
25676  -0.013600
25677  -0.009700
25678  -0.010100
25679  -0.010800
25680  -0.019100
25681  -0.015100
25682  -0.017900
25683  -0.022900
25684  -0.026600
25685  -0.031300
25686  -0.038200
25687  -0.037700
25688  -0.045000
25689  -0.051600
25690  -0.035500
25691  -0.043100
25692  -0.047300
25693  -0.030500
25694  -0.027100
25695  -0.029700
25696  -0.024100
25697  -0.024300
25698  -0.025300
25699  -0.013500
25700  -0.005900
25701  -0.013400
25702  -0.007800
25703   0.000600
25704  -0.012600
25705  -0.017500
25706  -0.025200
25707  -0.030600
25708  -0.028300
25709  -0.026200
25710  -0.033900
25711  -0.033100
25712  -0.034000
25713  -0.031200
25714  -0.036400
25715  -0.040900
25716  -0.050300
25717  -0.051700
25718  -0.052500
25719  -0.053000
25720  -0.055900
25721  -0.055000
25722  -0.059500
25723  -0.058900
25724  -0.045600
25725  -0.044500
25726  -0.037900
25727  -0.044600
25728  -0.029200
25729  -0.038600
25730  -0.037700
25731  -0.037800
25732  -0.031500
25733  -0.036900
25734  -0.036900
25735  -0.035500
25736  -0.043900
25737  -0.043400
25738  -0.042300
25739  -0.040700
25740  -0.028200
25741  -0.018200
25742  -0.013500
25743  -0.010000
25744  -0.000000
25745  -0.000600
25746   0.016600
25747   0.018500
25748   0.015300
25749   0.015600
25750   0.000800
25751  -0.002200
25752   0.005700
25753   0.008400
25754   0.008300
25755  -0.002100
25756   0.005200
25757   0.012800
25758   0.011800
25759   0.019100
25760   0.022900
25761   0.021600
25762   0.025500
25763   0.022900
25764   0.027700
25765   0.042300
25766   0.051100
25767   0.052400
25768   0.055800
25769   0.050100
25770   0.054700
25771   0.058600
25772   0.058400
25773   0.062600
25774   0.056000
25775   0.050800
25776   0.045400
25777   0.037000
25778   0.031400
25779   0.023900
25780   0.014100
25781   0.005700
25782  -0.007500
25783  -0.015100
25784  -0.018200
25785  -0.021600
25786  -0.025200
25787  -0.025000
25788  -0.031900
25789  -0.032900
25790  -0.045800
25791  -0.054700
25792  -0.056100
25793  -0.053800
25794  -0.050700
25795  -0.045800
25796  -0.046200
25797  -0.051800
25798  -0.051100
25799  -0.056100
25800  -0.063500
25801  -0.064800
25802  -0.068300
25803  -0.073700
25804  -0.074700
25805  -0.080000
25806  -0.078800
25807  -0.072800
25808  -0.078800
25809  -0.076800
25810  -0.060700
25811  -0.063800
25812  -0.069100
25813  -0.065800
25814  -0.069000
25815  -0.067300
25816  -0.076000
25817  -0.073800
25818  -0.063900
25819  -0.049700
25820  -0.054200
25821  -0.047900
25822  -0.058700
25823  -0.055900
25824  -0.042800
25825  -0.040300
25826  -0.035200
25827  -0.041200
25828  -0.043900
25829  -0.046600
25830  -0.050700
25831  -0.052100
25832  -0.051200
25833  -0.044400
25834  -0.043500
25835  -0.042200
25836  -0.036400
25837  -0.028300
25838  -0.034400
25839  -0.037200
25840  -0.041600
25841  -0.034700
25842  -0.044500
25843  -0.037600
25844  -0.034200
25845  -0.029300
25846  -0.028900
25847  -0.039000
25848  -0.028900
25849  -0.029800
25850  -0.025600
25851  -0.034900
25852  -0.033700
25853  -0.038100
25854  -0.039300
25855  -0.028000
25856  -0.021100
25857  -0.022500
25858  -0.016700
25859  -0.024300
25860  -0.023100
25861  -0.020500
25862  -0.009300
25863  -0.008100
25864  -0.009300
25865  -0.004800
25866   0.005100
25867   0.004900
25868   0.006400
25869  -0.001500
25870  -0.005900
25871   0.000100
25872  -0.006700
25873   0.001100
25874   0.006900
25875   0.012700
25876   0.014300
25877   0.015600
25878   0.013800
25879   0.012300
25880   0.012000
25881   0.009700
25882   0.012600
25883   0.018200
25884   0.018000
25885   0.016000
25886   0.028100
25887   0.028900
25888   0.022800
25889   0.017200
25890   0.024900
25891   0.033600
25892   0.039700
25893   0.043400
25894   0.036000
25895   0.031900
25896   0.040100
25897   0.053000
25898   0.054900
25899   0.053500
25900   0.058600
25901   0.040700
25902   0.042000
25903   0.049900
25904   0.049100
25905   0.043100
25906   0.040400
25907   0.045200
25908   0.049500
25909   0.041600
25910   0.043000
25911   0.033900
25912   0.030000
25913   0.030800
25914   0.028000
25915   0.042100
25916   0.036700
25917   0.035600
25918   0.029300
25919   0.037900
25920   0.030400
25921   0.040600
25922   0.039800
25923   0.038600
25924   0.029000
25925   0.037000
25926   0.037100
25927   0.041100
25928   0.043600
25929   0.038800
25930   0.039500
25931   0.037900
25932   0.036600
25933   0.045800
25934   0.041400
25935   0.049200
25936   0.049100
25937   0.049700
25938   0.046900
25939   0.039900
25940   0.038700
25941   0.035600
25942   0.038000
25943   0.047700
25944   0.051200
25945   0.058300
25946   0.042800
25947   0.049500
25948   0.044800
25949   0.048300
25950   0.042900
25951   0.031300
25952   0.023700
25953   0.029200
25954   0.022700
25955   0.026300
25956   0.014800
25957   0.020200
25958   0.013100
25959   0.012100
25960   0.013700
25961   0.013800
25962   0.008000
25963   0.004800
25964  -0.002100
25965  -0.012700
25966  -0.005900
25967  -0.007400
25968  -0.008100
25969  -0.005700
25970   0.000800
25971  -0.000300
25972   0.007700
25973   0.011000
25974   0.014300
25975   0.009400
25976   0.013300
25977   0.012400
25978   0.012400
25979   0.009900
25980   0.009900
25981   0.014500
25982   0.016300
25983   0.017600
25984   0.006800
25985  -0.007900
25986   0.004800
25987   0.008800
25988  -0.003400
25989  -0.005400
25990  -0.003700
25991   0.002100
25992  -0.000200
25993   0.006600
25994   0.005600
25995  -0.001200
25996  -0.008300
25997   0.000800
25998   0.011900
25999   0.024500
26000   0.012600
26001   0.020200
26002   0.027600
26003   0.028600
26004   0.031900
26005   0.032800
26006   0.030600
26007   0.030900
26008   0.028300
26009   0.024900
26010   0.024500
26011   0.018000
26012   0.035000
26013   0.034900
26014   0.042900
26015   0.043300
26016   0.033900
26017   0.032900
26018   0.039500
26019   0.047800
26020   0.040900
26021   0.032200
26022   0.025800
26023   0.017500
26024   0.029300
26025   0.025900
26026   0.010900
26027   0.016500
26028   0.014700
26029   0.018700
26030   0.003200
26031   0.016600
26032   0.017700
26033   0.021400
26034   0.035800
26035   0.033900
26036   0.037100
26037   0.043000
26038   0.042400
26039   0.044000
26040   0.036800
26041   0.034800
26042   0.026600
26043   0.022300
26044   0.036100
26045   0.050400
26046   0.046700
26047   0.041900
26048   0.043400
26049   0.049800
26050   0.047800
26051   0.043600
26052   0.038600
26053   0.042000
26054   0.035800
26055   0.036700
26056   0.042900
26057   0.041900
26058   0.028700
26059   0.029500
26060   0.024900
26061   0.028400
26062   0.033600
26063   0.032100
26064   0.019700
26065   0.017200
26066   0.017600
26067   0.017000
26068   0.019500
26069   0.023500
26070   0.021700
26071   0.021000
26072   0.023800
26073   0.031500
26074   0.028200
26075   0.031300
26076   0.023800
26077   0.016000
26078   0.009300
26079   0.012600
26080   0.012300
26081   0.023100
26082   0.036700
26083   0.045900
26084   0.037900
26085   0.037000
26086   0.033700
26087   0.036000
26088   0.041500
26089   0.044700
26090   0.048600
26091   0.060100
26092   0.059900
26093   0.043800
26094   0.044800
26095   0.037800
26096   0.034800
26097   0.036400
26098   0.044000
26099   0.043000
26100   0.045800
26101   0.045800
26102   0.047900
26103   0.038200
26104   0.043500
26105   0.052600
26106   0.047600
26107   0.052800
26108   0.054800
26109   0.052300
26110   0.058100
26111   0.050300
26112   0.060800
26113   0.043700
26114   0.044500
26115   0.039700
26116   0.030700
26117   0.036100
26118   0.037100
26119   0.041400
26120   0.028900
26121   0.020800
26122   0.022500
26123   0.031400
26124   0.034900
26125   0.025300
26126   0.021600
26127   0.023600
26128   0.028000
26129   0.031600
26130   0.036200
26131   0.031200
26132   0.029100
26133   0.042100
26134   0.043700
26135   0.035500
26136   0.031500
26137   0.046400
26138   0.044900
26139   0.032000
26140   0.031100
26141   0.028600
26142   0.031500
26143   0.031200
26144   0.032600
26145   0.028600
26146   0.035800
26147   0.036100
26148   0.041600
26149   0.039300
26150   0.039100
26151   0.036700
26152   0.042800
26153   0.049400
26154   0.058400
26155   0.062700
26156   0.052900
26157   0.059700
26158   0.056200
26159   0.049300
26160   0.056800
26161   0.055000
26162   0.050700
26163   0.055500
26164   0.045200
26165   0.043400
26166   0.050500
26167   0.061200
26168   0.064700
26169   0.057800
26170   0.071000
26171   0.071100
26172   0.072200
26173   0.069900
26174   0.069200
26175   0.071200
26176   0.082600
26177   0.087700
26178   0.072900
26179   0.085000
26180   0.083700
26181   0.085400
26182   0.078600
26183   0.074300
26184   0.067300
26185   0.072200
26186   0.067400
26187   0.063800
26188   0.055200
26189   0.053300
26190   0.051700
26191   0.055300
26192   0.063000
26193   0.056300
26194   0.048900
26195   0.038100
26196   0.041300
26197   0.041900
26198   0.032100
26199   0.045800
26200   0.051900
26201   0.043800
26202   0.034300
26203   0.030000
26204   0.041900
26205   0.034700
26206   0.040800
26207   0.048600
26208   0.047200
26209   0.045900
26210   0.040600
26211   0.038500
26212   0.042200
26213   0.034900
26214   0.031700
26215   0.031100
26216   0.031600
26217   0.038500
26218   0.041400
26219   0.047500
26220   0.043300
26221   0.042900
26222   0.041900
26223   0.051500
26224   0.053500
26225   0.058400
26226   0.072300
26227   0.059900
26228   0.064100
26229   0.071800
26230   0.081000
26231   0.076900
26232   0.079300
26233   0.083600
26234   0.080600
26235   0.076800
26236   0.077700
26237   0.077000
26238   0.079100
26239   0.082800
26240   0.080800
26241   0.075600
26242   0.079200
26243   0.073600
26244   0.067600
26245   0.064700
26246   0.066300
26247   0.060700
26248   0.047900
26249   0.044500
26250   0.043200
26251   0.040400
26252   0.034600
26253   0.037800
26254   0.032200
26255   0.035200
26256   0.020100
26257   0.012200
26258   0.025100
26259   0.027600
26260   0.019700
26261   0.010600
26262   0.016400
26263   0.019200
26264   0.023700
26265   0.022500
26266   0.017000
26267   0.020600
26268   0.014900
26269   0.011400
26270   0.019400
26271   0.005800
26272   0.003100
26273   0.015400
26274   0.014700
26275   0.018500
26276   0.017300
26277   0.012900
26278   0.021200
26279   0.009100
26280   0.008800
26281   0.019600
26282   0.020400
26283   0.025900
26284   0.027200
26285   0.032000
26286   0.027700
26287   0.028300
26288   0.030800
26289   0.049600
26290   0.055000
26291   0.055700
26292   0.043800
26293   0.043900
26294   0.047100
26295   0.040900
26296   0.035300
26297   0.030300
26298   0.038300
26299   0.023000
26300   0.016400
26301   0.032400
26302   0.037100
26303   0.032700
26304   0.032000
26305   0.026400
26306   0.027700
26307   0.036400
26308   0.029500
26309   0.026900
26310   0.023600
26311   0.033800
26312   0.036300
26313   0.040300
26314   0.031300
26315   0.026200
26316   0.035500
26317   0.033400
26318   0.035400
26319   0.027300
26320   0.032700
26321   0.027000
26322   0.030800
26323   0.031500
26324   0.031200
26325   0.031300
26326   0.033200
26327   0.036900
26328   0.040000
26329   0.037000
26330   0.042900
26331   0.041400
26332   0.048500
26333   0.050000
26334   0.055500
26335   0.055200
26336   0.063900
26337   0.062100
26338   0.064200
26339   0.052000
26340   0.052300
26341   0.053600
26342   0.053100
26343   0.058100
26344   0.054000
26345   0.056300
26346   0.055700
26347   0.052300
26348   0.046900
26349   0.048700
26350   0.053100
26351   0.057900
26352   0.049000
26353   0.041200
26354   0.049600
26355   0.038800
26356   0.037900
26357   0.044600
26358   0.049800
26359   0.055900
26360   0.057600
26361   0.056600
26362   0.057200
26363   0.057600
26364   0.057800
26365   0.058000
26366   0.051800
26367   0.058400
26368   0.055000
26369   0.059200
26370   0.062200
26371   0.050800
26372   0.055300
26373   0.060700
26374   0.051100
26375   0.043100
26376   0.040100
26377   0.032800
26378   0.028000
26379   0.024500
26380   0.028700
26381   0.033800
26382   0.031300
26383   0.035300
26384   0.035500
26385   0.020900
26386   0.030200
26387   0.020600
26388   0.013700
26389   0.013600
26390   0.007700
26391   0.002400
26392   0.006600
26393   0.018000
26394   0.019300
26395   0.023000
26396   0.015300
26397   0.003100
26398  -0.005700
26399  -0.015100
26400  -0.017100
26401  -0.024300
26402  -0.026700
26403  -0.024000
26404  -0.026900
26405  -0.006800
26406  -0.003300
26407  -0.006000
26408   0.001000
26409   0.008300
26410   0.005700
26411   0.017700
26412   0.011700
26413   0.007500
26414   0.009700
26415   0.013400
26416   0.010800
26417   0.007500
26418   0.005400
26419  -0.000800
26420  -0.005100
26421  -0.013200
26422  -0.025100
26423  -0.013000
26424  -0.018000
26425  -0.016200
26426  -0.010000
26427  -0.016300
26428  -0.018600
26429  -0.018100
26430  -0.025900
26431  -0.030200
26432  -0.032400
26433  -0.032600
26434  -0.033600
26435  -0.040800
26436  -0.039400
26437  -0.030700
26438  -0.027900
26439  -0.025100
26440  -0.025900
26441  -0.024400
26442  -0.030500
26443  -0.027100
26444  -0.030000
26445  -0.040600
26446  -0.036300
26447  -0.032900
26448  -0.022500
26449  -0.023800
26450  -0.019200
26451  -0.024700
26452  -0.018100
26453  -0.018200
26454  -0.016100
26455  -0.019000
26456  -0.021600
26457  -0.022500
26458  -0.016600
26459  -0.014600
26460  -0.011100
26461  -0.005100
26462  -0.015300
26463  -0.023100
26464  -0.018500
26465  -0.008100
26466  -0.006900
26467  -0.006400
26468  -0.005400
26469  -0.010100
26470  -0.007600
26471  -0.005200
26472  -0.005500
26473  -0.004000
26474  -0.009100
26475  -0.021500
26476  -0.029000
26477  -0.038700
26478  -0.026700
26479  -0.016800
26480  -0.016400
26481  -0.007600
26482  -0.008400
26483  -0.012300
26484  -0.001500
26485   0.008600
26486   0.011800
26487   0.011200
26488   0.012400
26489   0.024800
26490   0.022700
26491   0.028700
26492   0.042100
26493   0.045700
26494   0.046100
26495   0.038900
26496   0.045000
26497   0.043200
26498   0.037500
26499   0.049400
26500   0.052700
26501   0.041900
26502   0.037300
26503   0.039500
26504   0.040100
26505   0.049100
26506   0.046100
26507   0.050600
26508   0.048100
26509   0.053800
26510   0.058400
26511   0.059100
26512   0.043700
26513   0.051200
26514   0.042400
26515   0.049500
26516   0.050700
26517   0.048000
26518   0.034500
26519   0.027200
26520   0.026600
26521   0.027000
26522   0.027200
26523   0.036000
26524   0.040900
26525   0.044600
26526   0.043800
26527   0.050300
26528   0.051700
26529   0.049300
26530   0.052200
26531   0.050100
26532   0.058900
26533   0.053000
26534   0.037900
26535   0.031400
26536   0.039800
26537   0.051600
26538   0.051500
26539   0.064000
26540   0.068400
26541   0.064900
26542   0.064000
26543   0.061800
26544   0.060000
26545   0.063300
26546   0.065900
26547   0.061400
26548   0.063400
26549   0.060400
26550   0.053200
26551   0.056300
26552   0.051200
26553   0.056600
26554   0.041700
26555   0.034800
26556   0.041100
26557   0.033500
26558   0.035500
26559   0.030500
26560   0.041900
26561   0.045600
26562   0.042900
26563   0.048200
26564   0.049600
26565   0.052200
26566   0.053300
26567   0.051400
26568   0.056900
26569   0.056500
26570   0.053700
26571   0.061900
26572   0.055200
26573   0.052500
26574   0.047800
26575   0.055100
26576   0.061100
26577   0.048500
26578   0.044800
26579   0.044000
26580   0.041600
26581   0.053900
26582   0.049600
26583   0.057600
26584   0.064000
26585   0.067000
26586   0.063100
26587   0.068900
26588   0.060600
26589   0.063400
26590   0.074100
26591   0.068400
26592   0.059000
26593   0.065600
26594   0.072600
26595   0.070100
26596   0.074900
26597   0.072700
26598   0.061400
26599   0.059300
26600   0.055600
26601   0.045000
26602   0.042700
26603   0.035900
26604   0.038200
26605   0.035200
26606   0.046500
26607   0.047100
26608   0.043600
26609   0.035700
26610   0.033900
26611   0.029600
26612   0.035100
26613   0.036800
26614   0.029300
26615   0.024500
26616   0.022500
26617   0.016300
26618   0.025600
26619   0.020100
26620   0.030500
26621   0.045000
26622   0.045500
26623   0.044900
26624   0.044900
26625   0.049300
26626   0.054900
26627   0.042800
26628   0.050500
26629   0.051100
26630   0.037100
26631   0.028400
26632   0.031400
26633   0.035400
26634   0.037200
26635   0.042600
26636   0.036200
26637   0.048400
26638   0.044100
26639   0.038600
26640   0.037300
26641   0.031000
26642   0.025800
26643   0.035200
26644   0.034100
26645   0.031100
26646   0.031800
26647   0.026400
26648   0.028800
26649   0.033900
26650   0.033000
26651   0.037900
26652   0.033700
26653   0.037400
26654   0.031200
26655   0.035400
26656   0.044600
26657   0.035300
26658   0.037800
26659   0.030500
26660   0.023900
26661   0.027500
26662   0.032100
26663   0.019500
26664   0.019500
26665   0.022800
26666   0.031500
26667   0.015700
26668   0.027700
26669   0.032300
26670   0.033100
26671   0.031400
26672   0.035500
26673   0.030400
26674   0.037200
26675   0.030200
26676   0.032900
26677   0.030600
26678   0.034400
26679   0.036500
26680   0.030100
26681   0.026100
26682   0.027000
26683   0.022800
26684   0.015000
26685   0.008300
26686  -0.006200
26687  -0.010300
26688  -0.013700
26689  -0.008300
26690  -0.013500
26691  -0.014800
26692  -0.021100
26693  -0.010800
26694  -0.006500
26695  -0.004100
26696   0.004800
26697   0.016700
26698   0.014900
26699   0.020400
26700   0.018700
26701   0.022300
26702   0.024800
26703   0.025900
26704   0.016000
26705   0.013900
26706   0.006800
26707   0.018000
26708   0.009700
26709   0.002500
26710   0.005200
26711   0.011300
26712   0.016900
26713   0.013700
26714   0.011200
26715   0.001300
26716  -0.003400
26717   0.001300
26718   0.022900
26719   0.032100
26720   0.033400
26721   0.032500
26722   0.036200
26723   0.044500
26724   0.040200
26725   0.051800
26726   0.052600
26727   0.055200
26728   0.056100
26729   0.057400
26730   0.054000
26731   0.057000
26732   0.056200
26733   0.052400
26734   0.058400
26735   0.043000
26736   0.043300
26737   0.049600
26738   0.043200
26739   0.053100
26740   0.049200
26741   0.054400
26742   0.053900
26743   0.042800
26744   0.050900
26745   0.045700
26746   0.035700
26747   0.024100
26748   0.027800
26749   0.029100
26750   0.013800
26751   0.022800
26752   0.014500
26753  -0.003100
26754   0.003200
26755   0.014500
26756   0.010600
26757   0.000000
26758   0.001500
26759  -0.003200
26760  -0.007700
26761  -0.004800
26762  -0.008300
26763  -0.008600
26764  -0.000700
26765   0.008600
26766   0.004000
26767   0.008700
26768   0.014000
26769   0.011500
26770  -0.000600
26771  -0.008700
26772  -0.005200
26773  -0.006600
26774  -0.002500
26775   0.015000
26776   0.009000
26777   0.014200
26778   0.018300
26779   0.025400
26780   0.028300
26781   0.035400
26782   0.039500
26783   0.047300
26784   0.045000
26785   0.047500
26786   0.058800
26787   0.054500
26788   0.054600
26789   0.059500
26790   0.069100
26791   0.068400
26792   0.059900
26793   0.054600
26794   0.059600
26795   0.045600
26796   0.039700
26797   0.039500
26798   0.043400
26799   0.057200
26800   0.069500
26801   0.073800
26802   0.069700
26803   0.071700
26804   0.068400
26805   0.077100
26806   0.077600
26807   0.092000
26808   0.083700
26809   0.082100
26810   0.080000
26811   0.077200
26812   0.075800
26813   0.068200
26814   0.065400
26815   0.065600
26816   0.061300
26817   0.060300
26818   0.054400
26819   0.049200
26820   0.047800
26821   0.049500
26822   0.036800
26823   0.052000
26824   0.045500
26825   0.039100
26826   0.044700
26827   0.053000
26828   0.049700
26829   0.065100
26830   0.070100
26831   0.075700
26832   0.076900
26833   0.075300
26834   0.070100
26835   0.076000
26836   0.081000
26837   0.081400
26838   0.085500
26839   0.085300
26840   0.074900
26841   0.069400
26842   0.062800
26843   0.057700
26844   0.052700
26845   0.060100
26846   0.052500
26847   0.059300
26848   0.058600
26849   0.049900
26850   0.057500
26851   0.049500
26852   0.047400
26853   0.052500
26854   0.051200
26855   0.047400
26856   0.054400
26857   0.057000
26858   0.048300
26859   0.043400
26860   0.049400
26861   0.059200
26862   0.067900
26863   0.066900
26864   0.075400
26865   0.069000
26866   0.067300
26867   0.066500
26868   0.065400
26869   0.066900
26870   0.073300
26871   0.078900
26872   0.071600
26873   0.065400
26874   0.057100
26875   0.061700
26876   0.061100
26877   0.061900
26878   0.067500
26879   0.061800
26880   0.061300
26881   0.057900
26882   0.051100
26883   0.040300
26884   0.037500
26885   0.037800
26886   0.041500
26887   0.037800
26888   0.036000
26889   0.033900
26890   0.034500
26891   0.033400
26892   0.035800
26893   0.052400
26894   0.047000
26895   0.043000
26896   0.052500
26897   0.044300
26898   0.059300
26899   0.044400
26900   0.038400
26901   0.030600
26902   0.022800
26903   0.022100
26904   0.002400
26905   0.002300
26906  -0.008600
26907  -0.003900
26908   0.006000
26909   0.003400
26910  -0.000300
26911  -0.007400
26912  -0.002900
26913  -0.002400
26914  -0.000400
26915  -0.008700
26916  -0.011600
26917  -0.012300
26918  -0.008200
26919  -0.010000
26920   0.004600
26921   0.005200
26922   0.012600
26923   0.015600
26924   0.022800
26925   0.015500
26926   0.023100
26927   0.025300
26928   0.022100
26929   0.024900
26930   0.027700
26931   0.025200
26932   0.017000
26933   0.015900
26934   0.028600
26935   0.031400
26936   0.048400
26937   0.050600
26938   0.053400
26939   0.058900
26940   0.057000
26941   0.046200
26942   0.047500
26943   0.047400
26944   0.050300
26945   0.053000
26946   0.047000
26947   0.060500
26948   0.057800
26949   0.075000
26950   0.067300
26951   0.060400
26952   0.058600
26953   0.050500
26954   0.054300
26955   0.052700
26956   0.053600
26957   0.067900
26958   0.067800
26959   0.070800
26960   0.074600
26961   0.066200
26962   0.064000
26963   0.066700
26964   0.058900
26965   0.059600
26966   0.061800
26967   0.067100
26968   0.066900
26969   0.070500
26970   0.074200
26971   0.066000
26972   0.066200
26973   0.065200
26974   0.073800
26975   0.073800
26976   0.066600
26977   0.065200
26978   0.058100
26979   0.054500
26980   0.055000
26981   0.057300
26982   0.059200
26983   0.047200
26984   0.046100
26985   0.047700
26986   0.037100
26987   0.034800
26988   0.038200
26989   0.045900
26990   0.042600
26991   0.036300
26992   0.023000
26993   0.022400
26994   0.021400
26995   0.014200
26996   0.008300
26997  -0.001600
26998   0.008100
26999   0.002300
27000   0.011900
27001   0.013700
27002   0.024400
27003   0.037400
27004   0.042200
27005   0.042100
27006   0.039000
27007   0.038400
27008   0.042800
27009   0.044700
27010   0.050500
27011   0.053800
27012   0.062100
27013   0.060000
27014   0.054400
27015   0.045500
27016   0.040500
27017   0.035300
27018   0.042800
27019   0.031000
27020   0.033400
27021   0.035000
27022   0.034200
27023   0.037200
27024   0.037000
27025   0.033800
27026   0.033000
27027   0.039400
27028   0.040100
27029   0.041500
27030   0.041100
27031   0.037300
27032   0.035400
27033   0.019700
27034   0.019100
27035   0.027900
27036   0.021900
27037   0.026900
27038   0.027900
27039   0.029800
27040   0.019800
27041   0.030800
27042   0.032300
27043   0.033200
27044   0.032800
27045   0.032700
27046   0.041100
27047   0.045400
27048   0.046700
27049   0.040100
27050   0.044500
27051   0.046500
27052   0.035100
27053   0.032800
27054   0.028200
27055   0.025900
27056   0.026700
27057   0.040700
27058   0.033600
27059   0.035700
27060   0.041000
27061   0.048700
27062   0.047800
27063   0.046000
27064   0.042300
27065   0.043600
27066   0.050900
27067   0.051900
27068   0.050800
27069   0.063200
27070   0.060700
27071   0.057900
27072   0.066600
27073   0.062700
27074   0.060500
27075   0.055900
27076   0.051500
27077   0.050200
27078   0.050900
27079   0.042500
27080   0.036300
27081   0.014800
27082   0.014800
27083   0.016800
27084   0.021300
27085   0.027700
27086   0.026000
27087   0.029100
27088   0.019600
27089   0.016300
27090   0.016500
27091   0.015500
27092   0.014000
27093   0.012800
27094   0.011000
27095   0.009000
27096   0.010600
27097   0.011500
27098  -0.001800
27099  -0.004300
27100  -0.016800
27101  -0.026200
27102  -0.025300
27103  -0.028300
27104  -0.027100
27105  -0.029200
27106  -0.023300
27107  -0.017500
27108  -0.023700
27109  -0.020700
27110  -0.021100
27111  -0.023400
27112  -0.020400
27113  -0.028700
27114  -0.030600
27115  -0.034000
27116  -0.026900
27117  -0.026700
27118  -0.026600
27119  -0.028300
27120  -0.026200
27121  -0.016100
27122  -0.018000
27123  -0.030500
27124  -0.040400
27125  -0.032300
27126  -0.028400
27127  -0.030300
27128  -0.034900
27129  -0.043800
27130  -0.029200
27131  -0.025900
27132  -0.021800
27133  -0.016800
27134  -0.018000
27135  -0.021200
27136  -0.023600
27137  -0.016900
27138  -0.022200
27139  -0.020000
27140  -0.029300
27141  -0.016400
27142  -0.005400
27143  -0.003300
27144  -0.004600
27145  -0.008300
27146  -0.014400
27147  -0.028000
27148  -0.027800
27149  -0.035800
27150  -0.041100
27151  -0.041500
27152  -0.045100
27153  -0.038300
27154  -0.037800
27155  -0.034700
27156  -0.041200
27157  -0.045100
27158  -0.049700
27159  -0.042400
27160  -0.039200
27161  -0.042300
27162  -0.036600
27163  -0.027800
27164  -0.037400
27165  -0.042100
27166  -0.036900
27167  -0.038100
27168  -0.033600
27169  -0.025200
27170  -0.024500
27171  -0.027200
27172  -0.024600
27173  -0.028100
27174  -0.020200
27175  -0.026800
27176  -0.022600
27177  -0.032300
27178  -0.013200
27179  -0.016500
27180  -0.021400
27181  -0.012300
27182  -0.010200
27183   0.000000
27184  -0.007200
27185  -0.008400
27186  -0.009400
27187  -0.014800
27188  -0.008000
27189  -0.008700
27190  -0.000400
27191  -0.000400
27192   0.001600
27193   0.004200
27194   0.006900
27195  -0.011700
27196  -0.017500
27197  -0.018100
27198  -0.021400
27199  -0.023100
27200  -0.028400
27201  -0.023200
27202  -0.015500
27203  -0.006900
27204  -0.001200
27205   0.002500
27206   0.006900
27207   0.013100
27208   0.011900
27209   0.019000
27210   0.019400
27211   0.016800
27212   0.026600
27213   0.018100
27214   0.010300
27215   0.003500
27216   0.010800
27217   0.005300
27218  -0.001700
27219  -0.006300
27220   0.000300
27221  -0.001800
27222   0.018500
27223   0.024100
27224   0.023700
27225   0.027800
27226   0.014700
27227   0.011200
27228   0.002400
27229  -0.002900
27230  -0.001800
27231   0.001400
27232  -0.005200
27233  -0.005500
27234   0.005200
27235   0.012700
27236   0.009200
27237   0.009200
27238   0.008300
27239   0.008800
27240   0.012900
27241   0.007500
27242   0.010400
27243   0.018600
27244   0.012400
27245   0.019400
27246   0.018200
27247   0.020900
27248   0.018100
27249   0.018400
27250   0.012200
27251   0.018100
27252   0.011800
27253   0.016600
27254   0.025500
27255   0.029300
27256   0.039400
27257   0.040600
27258   0.038300
27259   0.034300
27260   0.040900
27261   0.049900
27262   0.056500
27263   0.064100
27264   0.064100
27265   0.059400
27266   0.054700
27267   0.069300
27268   0.066300
27269   0.057000
27270   0.055300
27271   0.061000
27272   0.050500
27273   0.048200
27274   0.047200
27275   0.050000
27276   0.049400
27277   0.042200
27278   0.037900
27279   0.032600
27280   0.026500
27281   0.032200
27282   0.029600
27283   0.017500
27284   0.008500
27285   0.006200
27286   0.011900
27287   0.014500
27288   0.013800
27289   0.023000
27290   0.025000
27291   0.014100
27292   0.008300
27293   0.012300
27294   0.013800
27295   0.014800
27296   0.016700
27297   0.022100
27298   0.022800
27299   0.034100
27300   0.027300
27301   0.016300
27302   0.015500
27303   0.024300
27304   0.034600
27305   0.029700
27306   0.032000
27307   0.029500
27308   0.026000
27309   0.022200
27310   0.015600
27311   0.011300
27312   0.018500
27313   0.015900
27314   0.017800
27315   0.025900
27316   0.019300
27317   0.020300
27318   0.023800
27319   0.023100
27320   0.028600
27321   0.031800
27322   0.036000
27323   0.035700
27324   0.041100
27325   0.039100
27326   0.034300
27327   0.033500
27328   0.035000
27329   0.033600
27330   0.036000
27331   0.025200
27332   0.008600
27333   0.014800
27334   0.021400
27335   0.016400
27336   0.014100
27337   0.013500
27338   0.013900
27339   0.015300
27340   0.004300
27341   0.012300
27342   0.013900
27343   0.007800
27344   0.004700
27345   0.013300
27346   0.011700
27347   0.010100
27348   0.010100
27349   0.014500
27350   0.015700
27351   0.026800
27352   0.019200
27353   0.013800
27354   0.005400
27355   0.003300
27356   0.000100
27357   0.000900
27358   0.005300
27359   0.001000
27360   0.000300
27361   0.001100
27362  -0.006500
27363  -0.016100
27364  -0.019600
27365  -0.023200
27366  -0.018800
27367  -0.026200
27368  -0.023800
27369  -0.029500
27370  -0.027900
27371  -0.023700
27372  -0.035200
27373  -0.035300
27374  -0.031500
27375  -0.027400
27376  -0.025100
27377  -0.024800
27378  -0.015500
27379  -0.017000
27380  -0.015500
27381  -0.017100
27382  -0.007100
27383  -0.003600
27384  -0.009700
27385  -0.001300
27386  -0.001700
27387   0.000300
27388  -0.000800
27389   0.001600
27390   0.003100
27391   0.002800
27392  -0.012800
27393  -0.009400
27394  -0.013200
27395  -0.022600
27396  -0.020500
27397  -0.026500
27398  -0.018800
27399  -0.021700
27400  -0.023000
27401  -0.021500
27402  -0.008300
27403  -0.004700
27404  -0.000800
27405  -0.005300
27406  -0.015800
27407  -0.006500
27408  -0.009600
27409  -0.003200
27410   0.004500
27411   0.007500
27412   0.019900
27413   0.024100
27414   0.017900
27415   0.022100
27416   0.015000
27417   0.018300
27418   0.019700
27419   0.029300
27420   0.018000
27421   0.021600
27422   0.023500
27423   0.026800
27424   0.030100
27425   0.037000
27426   0.030900
27427   0.033900
27428   0.038700
27429   0.043500
27430   0.044400
27431   0.041600
27432   0.049000
27433   0.043100
27434   0.035800
27435   0.025900
27436   0.026400
27437   0.038200
27438   0.031500
27439   0.039000
27440   0.043000
27441   0.037200
27442   0.034700
27443   0.034400
27444   0.043400
27445   0.039200
27446   0.044400
27447   0.046100
27448   0.049300
27449   0.043800
27450   0.030600
27451   0.034400
27452   0.039800
27453   0.039300
27454   0.045800
27455   0.036200
27456   0.027800
27457   0.030300
27458   0.033100
27459   0.030000
27460   0.020500
27461   0.016600
27462   0.018400
27463   0.007800
27464   0.012900
27465   0.015300
27466   0.019300
27467   0.024400
27468   0.033300
27469   0.029800
27470   0.033400
27471   0.031200
27472   0.034100
27473   0.035800
27474   0.027700
27475   0.036300
27476   0.042300
27477   0.045100
27478   0.046000
27479   0.038100
27480   0.042300
27481   0.041600
27482   0.036000
27483   0.028500
27484   0.027500
27485   0.031000
27486   0.027000
27487   0.022300
27488   0.010100
27489   0.014700
27490   0.016000
27491   0.008200
27492   0.003500
27493   0.009900
27494   0.013500
27495   0.008400
27496   0.007700
27497   0.008300
27498  -0.000200
27499   0.002900
27500   0.005200
27501   0.010300
27502   0.012000
27503   0.006100
27504   0.015000
27505   0.022600
27506   0.025700
27507   0.023300
27508   0.030500
27509   0.020400
27510   0.017100
27511   0.021600
27512   0.003800
27513   0.005100
27514   0.005100
27515  -0.007500
27516  -0.001100
27517  -0.008100
27518  -0.011000
27519  -0.008300
27520  -0.013300
27521  -0.003000
27522  -0.012700
27523  -0.026000
27524  -0.030400
27525  -0.026500
27526  -0.028700
27527  -0.032800
27528  -0.023400
27529  -0.022500
27530  -0.006300
27531  -0.004300
27532  -0.005500
27533  -0.003400
27534   0.004700
27535   0.002900
27536   0.011100
27537   0.014100
27538   0.023000
27539   0.027600
27540   0.025000
27541   0.018600
27542   0.017600
27543   0.017200
27544   0.024800
27545   0.015900
27546   0.003300
27547   0.005000
27548  -0.002100
27549  -0.006500
27550  -0.000600
27551   0.002800
27552  -0.004300
27553   0.001300
27554   0.010600
27555   0.019100
27556   0.025700
27557   0.026100
27558   0.029500
27559   0.029100
27560   0.031200
27561   0.032200
27562   0.033000
27563   0.020800
27564   0.022600
27565   0.018900
27566   0.010100
27567  -0.002300
27568  -0.006400
27569   0.000700
27570   0.002800
27571   0.011100
27572   0.003500
27573   0.001800
27574   0.010300
27575   0.004900
27576   0.007300
27577   0.012700
27578   0.010600
27579   0.009000
27580   0.016100
27581   0.021600
27582   0.020000
27583   0.011500
27584   0.011000
27585   0.007300
27586   0.007200
27587   0.008700
27588   0.005700
27589   0.003800
27590   0.014700
27591   0.009600
27592   0.013400
27593   0.012900
27594   0.014700
27595   0.010000
27596   0.012100
27597   0.013800
27598   0.017200
27599   0.016900
27600   0.028100
27601   0.037800
27602   0.036500
27603   0.033100
27604   0.028600
27605   0.028300
27606   0.027100
27607   0.031900
27608   0.025800
27609   0.019700
27610   0.021700
27611   0.030700
27612   0.022700
27613   0.026500
27614   0.023300
27615   0.025800
27616   0.033900
27617   0.021500
27618   0.028200
27619   0.024500
27620   0.029900
27621   0.038200
27622   0.046000
27623   0.037700
27624   0.031500
27625   0.029800
27626   0.030500
27627   0.037500
27628   0.037700
27629   0.033100
27630   0.029200
27631   0.016600
27632   0.006300
27633  -0.000400
27634  -0.005300
27635  -0.016000
27636  -0.029600
27637  -0.024000
27638  -0.021300
27639  -0.018300
27640  -0.013300
27641  -0.008200
27642   0.002200
27643  -0.006800
27644  -0.010400
27645  -0.015100
27646  -0.006400
27647  -0.007400
27648  -0.016200
27649  -0.000100
27650   0.001100
27651  -0.000400
27652   0.003800
27653  -0.005300
27654  -0.005400
27655  -0.004400
27656  -0.001600
27657  -0.007600
27658  -0.007400
27659  -0.004300
27660  -0.006500
27661  -0.007900
27662  -0.002100
27663  -0.001200
27664  -0.005200
27665  -0.006200
27666  -0.010700
27667  -0.022900
27668  -0.020500
27669  -0.018900
27670   0.001700
27671  -0.009200
27672   0.001600
27673   0.012700
27674   0.011400
27675   0.009600
27676   0.001700
27677   0.000100
27678   0.001800
27679   0.008000
27680   0.011900
27681   0.006800
27682   0.002600
27683   0.004200
27684   0.007100
27685  -0.000900
27686  -0.004500
27687  -0.007500
27688  -0.002600
27689   0.004200
27690   0.017900
27691   0.013800
27692   0.011900
27693   0.015600
27694   0.007100
27695   0.008900
27696   0.009300
27697   0.006500
27698  -0.000600
27699   0.005900
27700   0.017400
27701   0.035500
27702   0.031500
27703   0.019500
27704   0.029700
27705   0.036600
27706   0.027600
27707   0.037000
27708   0.037400
27709   0.046700
27710   0.042400
27711   0.039500
27712   0.036000
27713   0.034600
27714   0.033500
27715   0.031900
27716   0.035100
27717   0.028400
27718   0.031200
27719   0.023600
27720   0.015700
27721   0.021200
27722   0.012500
27723   0.018200
27724   0.023300
27725   0.022900
27726   0.018700
27727   0.016500
27728   0.018300
27729   0.027000
27730   0.017400
27731   0.025700
27732   0.028900
27733   0.022300
27734   0.030700
27735   0.031200
27736   0.035100
27737   0.034200
27738   0.033000
27739   0.020600
27740   0.023000
27741   0.018300
27742   0.024500
27743   0.029400
27744   0.031500
27745   0.026100
27746   0.019200
27747   0.006300
27748   0.012400
27749   0.014500
27750   0.010900
27751   0.010100
27752   0.000700
27753   0.006700
27754   0.008400
27755   0.004900
27756  -0.004200
27757   0.003100
27758   0.008100
27759   0.005800
27760   0.008500
27761   0.007700
27762   0.007700
27763   0.015500
27764   0.005500
27765  -0.003600
27766  -0.001200
27767  -0.008500
27768  -0.005000
27769  -0.012300
27770  -0.018900
27771  -0.005100
27772  -0.000500
27773  -0.002400
27774  -0.000100
27775  -0.005700
27776  -0.002400
27777  -0.000800
27778  -0.002900
27779  -0.010000
27780  -0.011200
27781  -0.010400
27782  -0.019500
27783  -0.015700
27784  -0.015400
27785  -0.014700
27786  -0.012300
27787  -0.005100
27788  -0.011100
27789  -0.018200
27790  -0.013400
27791  -0.005200
27792  -0.010100
27793   0.000700
27794   0.000800
27795  -0.001900
27796  -0.006200
27797  -0.015100
27798  -0.016000
27799  -0.027100
27800  -0.026500
27801  -0.022900
27802  -0.019500
27803  -0.026900
27804  -0.030100
27805  -0.033800
27806  -0.038800
27807  -0.034300
27808  -0.035700
27809  -0.031800
27810  -0.029500
27811  -0.027900
27812  -0.028300
27813  -0.028100
27814  -0.015300
27815  -0.009200
27816  -0.009300
27817  -0.018300
27818  -0.007700
27819  -0.014000
27820  -0.011000
27821  -0.026500
27822  -0.030500
27823  -0.031100
27824  -0.021400
27825  -0.036300
27826  -0.037100
27827  -0.044400
27828  -0.041700
27829  -0.036400
27830  -0.039100
27831  -0.033400
27832  -0.046500
27833  -0.035900
27834  -0.030500
27835  -0.032500
27836  -0.033400
27837  -0.024300
27838  -0.035300
27839  -0.034300
27840  -0.018800
27841  -0.008400
27842  -0.015500
27843   0.000800
27844   0.005300
27845  -0.001000
27846  -0.003500
27847  -0.000800
27848  -0.007900
27849   0.010300
27850   0.007900
27851   0.023500
27852   0.024800
27853   0.027200
27854   0.026300
27855   0.022400
27856   0.032400
27857   0.030200
27858   0.032200
27859   0.041200
27860   0.039900
27861   0.049300
27862   0.057100
27863   0.064900
27864   0.065300
27865   0.065200
27866   0.063700
27867   0.071200
27868   0.068700
27869   0.067500
27870   0.055800
27871   0.051700
27872   0.065700
27873   0.053500
27874   0.047500
27875   0.044300
27876   0.039600
27877   0.044600
27878   0.044400
27879   0.056200
27880   0.055100
27881   0.052700
27882   0.056900
27883   0.068000
27884   0.065100
27885   0.074600
27886   0.080700
27887   0.077100
27888   0.072100
27889   0.072600
27890   0.069600
27891   0.074500
27892   0.065000
27893   0.057000
27894   0.060000
27895   0.058100
27896   0.055400
27897   0.048600
27898   0.061400
27899   0.074300
27900   0.071500
27901   0.080300
27902   0.074600
27903   0.068300
27904   0.063000
27905   0.072200
27906   0.073200
27907   0.058500
27908   0.054400
27909   0.049700
27910   0.052900
27911   0.062800
27912   0.070500
27913   0.067800
27914   0.071400
27915   0.068100
27916   0.055500
27917   0.059500
27918   0.062200
27919   0.051200
27920   0.062200
27921   0.058400
27922   0.054600
27923   0.052100
27924   0.055800
27925   0.050900
27926   0.054900
27927   0.056100
27928   0.047000
27929   0.060100
27930   0.067000
27931   0.078200
27932   0.074900
27933   0.073200
27934   0.070800
27935   0.068800
27936   0.075600
27937   0.071300
27938   0.075200
27939   0.066000
27940   0.069000
27941   0.049900
27942   0.035800
27943   0.044500
27944   0.038400
27945   0.043800
27946   0.039600
27947   0.038000
27948   0.041000
27949   0.042900
27950   0.045500
27951   0.043000
27952   0.043900
27953   0.046400
27954   0.055200
27955   0.056400
27956   0.062600
27957   0.060600
27958   0.063900
27959   0.069700
27960   0.068900
27961   0.059000
27962   0.076400
27963   0.076800
27964   0.082900
27965   0.088000
27966   0.078800
27967   0.066500
27968   0.075600
27969   0.073400
27970   0.067000
27971   0.068600
27972   0.080500
27973   0.062800
27974   0.073700
27975   0.079200
27976   0.081500
27977   0.075700
27978   0.070900
27979   0.065800
27980   0.061000
27981   0.048200
27982   0.043200
27983   0.044000
27984   0.037800
27985   0.038200
27986   0.038000
27987   0.053600
27988   0.057700
27989   0.065400
27990   0.066600
27991   0.060900
27992   0.073600
27993   0.078600
27994   0.067900
27995   0.063100
27996   0.052300
27997   0.058800
27998   0.061000
27999   0.059900
28000   0.058100
28001   0.051300
28002   0.038100
28003   0.030400
28004   0.024400
28005   0.032000
28006   0.026000
28007   0.027700
28008   0.035400
28009   0.036300
28010   0.037700
28011   0.040000
28012   0.051800
28013   0.046300
28014   0.046800
28015   0.049100
28016   0.040200
28017   0.047600
28018   0.040200
28019   0.020300
28020   0.042100
28021   0.042300
28022   0.047700
28023   0.049100
28024   0.048700
28025   0.046400
28026   0.058100
28027   0.050400
28028   0.055700
28029   0.063700
28030   0.058900
28031   0.052800
28032   0.054500
28033   0.054500
28034   0.049000
28035   0.050800
28036   0.049800
28037   0.049400
28038   0.057700
28039   0.046500
28040   0.047200
28041   0.050700
28042   0.050600
28043   0.046100
28044   0.047700
28045   0.044900
28046   0.050700
28047   0.039200
28048   0.040000
28049   0.038500
28050   0.044900
28051   0.038900
28052   0.038300
28053   0.035300
28054   0.023500
28055   0.029700
28056   0.026200
28057   0.020900
28058   0.027500
28059   0.019100
28060   0.028000
28061   0.032800
28062   0.032500
28063   0.037800
28064   0.036200
28065   0.039900
28066   0.042700
28067   0.043800
28068   0.051500
28069   0.055500
28070   0.049900
28071   0.042900
28072   0.037800
28073   0.024300
28074   0.025700
28075   0.026500
28076   0.029300
28077   0.028500
28078   0.034200
28079   0.035200
28080   0.045500
28081   0.042400
28082   0.034100
28083   0.033200
28084   0.027400
28085   0.026400
28086   0.027800
28087   0.035100
28088   0.021800
28089   0.017600
28090   0.026400
28091   0.015500
28092   0.011400
28093   0.008700
28094   0.010200
28095   0.019100
28096   0.021500
28097   0.020100
28098   0.020700
28099   0.020100
28100   0.026400
28101   0.028600
28102   0.032900
28103   0.035300
28104   0.038600
28105   0.031800
28106   0.028800
28107   0.036200
28108   0.030700
28109   0.028800
28110   0.017500
28111   0.009300
28112   0.007600
28113   0.003300
28114  -0.004000
28115  -0.002600
28116  -0.003300
28117  -0.003200
28118  -0.008700
28119  -0.017700
28120  -0.025600
28121  -0.022900
28122  -0.023000
28123  -0.013100
28124  -0.016800
28125  -0.007800
28126  -0.004400
28127   0.003200
28128   0.013100
28129   0.001600
28130   0.009000
28131   0.014500
28132   0.007700
28133   0.019600
28134   0.020500
28135   0.023200
28136   0.014200
28137   0.010500
28138   0.019100
28139   0.022100
28140   0.012300
28141   0.011400
28142   0.006400
28143   0.015400
28144   0.005100
28145   0.004700
28146   0.008000
28147   0.003300
28148  -0.002600
28149   0.007700
28150   0.000800
28151   0.006200
28152   0.000000
28153  -0.000500
28154  -0.010800
28155  -0.000300
28156  -0.000900
28157   0.003400
28158   0.000200
28159   0.003400
28160   0.009300
28161   0.002700
28162  -0.002300
28163  -0.005900
28164   0.000300
28165   0.003600
28166   0.008600
28167   0.006600
28168   0.010200
28169   0.008900
28170   0.006900
28171   0.005300
28172   0.002000
28173   0.001300
28174  -0.002100
28175   0.006400
28176   0.005600
28177   0.013000
28178   0.011600
28179   0.013700
28180   0.021100
28181   0.005500
28182   0.005100
28183   0.005400
28184   0.002000
28185   0.011800
28186   0.016900
28187   0.007000
28188   0.014800
28189   0.009300
28190   0.016500
28191   0.008300
28192   0.011900
28193   0.008900
28194   0.017200
28195   0.034700
28196   0.039500
28197   0.033000
28198   0.037000
28199   0.026500
28200   0.041500
28201   0.039300
28202   0.042000
28203   0.038200
28204   0.036600
28205   0.042900
28206   0.028300
28207   0.021000
28208   0.016800
28209   0.024300
28210   0.025800
28211   0.017300
28212   0.015800
28213   0.021300
28214   0.022100
28215   0.018200
28216   0.010000
28217   0.015900
28218   0.026900
28219   0.033500
28220   0.038500
28221   0.045300
28222   0.042000
28223   0.035400
28224   0.027600
28225   0.025600
28226   0.010300
28227   0.011000
28228   0.015600
28229   0.019000
28230   0.018600
28231   0.025900
28232   0.024400
28233   0.024700
28234   0.024100
28235   0.024800
28236   0.013300
28237   0.019000
28238   0.020500
28239   0.016000
28240   0.017700
28241   0.027500
28242   0.039200
28243   0.028000
28244   0.033900
28245   0.043500
28246   0.038200
28247   0.042800
28248   0.033700
28249   0.037200
28250   0.039800
28251   0.041500
28252   0.034300
28253   0.038000
28254   0.051200
28255   0.053900
28256   0.050800
28257   0.046700
28258   0.042700
28259   0.041400
28260   0.051000
28261   0.051100
28262   0.039700
28263   0.047300
28264   0.051000
28265   0.047800
28266   0.053000
28267   0.054400
28268   0.048100
28269   0.048000
28270   0.049600
28271   0.055000
28272   0.053600
28273   0.035700
28274   0.033600
28275   0.028900
28276   0.031000
28277   0.030300
28278   0.024900
28279   0.024400
28280   0.032800
28281   0.022400
28282   0.010300
28283   0.020900
28284   0.030400
28285   0.023000
28286   0.024400
28287   0.022500
28288   0.015800
28289   0.012000
28290   0.018400
28291   0.016400
28292   0.021000
28293   0.029700
28294   0.025000
28295   0.027000
28296   0.029300
28297   0.035500
28298   0.040400
28299   0.045000
28300   0.050000
28301   0.041900
28302   0.037600
28303   0.041600
28304   0.053200
28305   0.062200
28306   0.064600
28307   0.079000
28308   0.070100
28309   0.063500
28310   0.058100
28311   0.059600
28312   0.052600
28313   0.066800
28314   0.068800
28315   0.059600
28316   0.054900
28317   0.067000
28318   0.067100
28319   0.069800
28320   0.072300
28321   0.068900
28322   0.071200
28323   0.074400
28324   0.068600
28325   0.074200
28326   0.083600
28327   0.080600
28328   0.075300
28329   0.068400
28330   0.076900
28331   0.074100
28332   0.075400
28333   0.070100
28334   0.075300
28335   0.068600
28336   0.064900
28337   0.060900
28338   0.057000
28339   0.057700
28340   0.057100
28341   0.044500
28342   0.035300
28343   0.037200
28344   0.041600
28345   0.034300
28346   0.027100
28347   0.023700
28348   0.025000
28349   0.024600
28350   0.025100
28351   0.018200
28352   0.025300
28353   0.013700
28354   0.011600
28355   0.021300
28356   0.025000
28357   0.032000
28358   0.036600
28359   0.035000
28360   0.023700
28361   0.025400
28362   0.033900
28363   0.033700
28364   0.032600
28365   0.033200
28366   0.041500
28367   0.043800
28368   0.043800
28369   0.044100
28370   0.035200
28371   0.037900
28372   0.039200
28373   0.029300
28374   0.036700
28375   0.040500
28376   0.042100
28377   0.036900
28378   0.032800
28379   0.030200
28380   0.025500
28381   0.027400
28382   0.028700
28383   0.031100
28384   0.020200
28385   0.009400
28386   0.005900
28387   0.004600
28388  -0.007100
28389  -0.001100
28390   0.006500
28391   0.007700
28392   0.014600
28393   0.015300
28394   0.012700
28395   0.022600
28396   0.020700
28397   0.021800
28398   0.029000
28399   0.028400
28400   0.030100
28401   0.029400
28402   0.028400
28403   0.032500
28404   0.027400
28405   0.035500
28406   0.043900
28407   0.045700
28408   0.042900
28409   0.035600
28410   0.039800
28411   0.032500
28412   0.029100
28413   0.039500
28414   0.039300
28415   0.045300
28416   0.045900
28417   0.047100
28418   0.042800
28419   0.039100
28420   0.042800
28421   0.045600
28422   0.039900
28423   0.031600
28424   0.016900
28425   0.018700
28426   0.008700
28427   0.010300
28428   0.019100
28429   0.018500
28430   0.007700
28431   0.001400
28432  -0.003500
28433  -0.017500
28434  -0.027400
28435  -0.020700
28436  -0.018800
28437  -0.006400
28438  -0.001700
28439  -0.003700
28440   0.005300
28441   0.009600
28442   0.006700
28443   0.000700
28444   0.007600
28445  -0.000600
28446   0.003900
28447   0.000000
28448  -0.008000
28449  -0.001500
28450   0.001800
28451  -0.002100
28452  -0.009800
28453  -0.007100
28454  -0.014400
28455  -0.021000
28456  -0.015300
28457  -0.003700
28458  -0.006500
28459  -0.015600
28460  -0.018900
28461  -0.011500
28462  -0.018200
28463  -0.022100
28464  -0.016000
28465  -0.023400
28466  -0.020500
28467  -0.007100
28468   0.002200
28469   0.013900
28470   0.005900
28471   0.005900
28472   0.014400
28473   0.010800
28474   0.007500
28475   0.007200
28476   0.013800
28477   0.020900
28478   0.022800
28479   0.016200
28480   0.019500
28481   0.012200
28482   0.018700
28483   0.010100
28484   0.010300
28485   0.012600
28486   0.024200
28487   0.013800
28488   0.017300
28489   0.012300
28490   0.010200
28491   0.013300
28492   0.002400
28493   0.018200
28494   0.019000
28495   0.014200
28496   0.032700
28497   0.035500
28498   0.041700
28499   0.049800
28500   0.050700
28501   0.040600
28502   0.037600
28503   0.036700
28504   0.037800
28505   0.037200
28506   0.039400
28507   0.040000
28508   0.044300
28509   0.036000
28510   0.044100
28511   0.028900
28512   0.032600
28513   0.025800
28514   0.039300
28515   0.043400
28516   0.050900
28517   0.051900
28518   0.061700
28519   0.052000
28520   0.039200
28521   0.032300
28522   0.021000
28523   0.027200
28524   0.038600
28525   0.029700
28526   0.026500
28527   0.025900
28528   0.030800
28529   0.041200
28530   0.043400
28531   0.038400
28532   0.038900
28533   0.038300
28534   0.044800
28535   0.045400
28536   0.045800
28537   0.033500
28538   0.035600
28539   0.025900
28540   0.016700
28541   0.028700
28542   0.024500
28543   0.033500
28544   0.029700
28545   0.035400
28546   0.033100
28547   0.031600
28548   0.034000
28549   0.027600
28550   0.041400
28551   0.034400
28552   0.049800
28553   0.040300
28554   0.042300
28555   0.032500
28556   0.022400
28557   0.017100
28558   0.012300
28559   0.021600
28560   0.017100
28561   0.023300
28562   0.029000
28563   0.033800
28564   0.043200
28565   0.045400
28566   0.044400
28567   0.030500
28568   0.044300
28569   0.046800
28570   0.028000
28571   0.020700
28572   0.017000
28573   0.016900
28574   0.014400
28575   0.009800
28576   0.020500
28577   0.031200
28578   0.030200
28579   0.026900
28580   0.022200
28581   0.017700
28582   0.019600
28583   0.020700
28584   0.018900
28585   0.019900
28586   0.025300
28587   0.023600
28588   0.022400
28589   0.019700
28590   0.027900
28591   0.029000
28592   0.033100
28593   0.033200
28594   0.032400
28595   0.035700
28596   0.031800
28597   0.044500
28598   0.042500
28599   0.044600
28600   0.055300
28601   0.059200
28602   0.061900
28603   0.051900
28604   0.051600
28605   0.053700
28606   0.043600
28607   0.049100
28608   0.040500
28609   0.053600
28610   0.060600
28611   0.053300
28612   0.040400
28613   0.046100
28614   0.050600
28615   0.047400
28616   0.039500
28617   0.051200
28618   0.059900
28619   0.063800
28620   0.061100
28621   0.070300
28622   0.069100
28623   0.072000
28624   0.071200
28625   0.069300
28626   0.064900
28627   0.057700
28628   0.040900
28629   0.049000
28630   0.047000
28631   0.047400
28632   0.047900
28633   0.041500
28634   0.044600
28635   0.044000
28636   0.041300
28637   0.043300
28638   0.033800
28639   0.036900
28640   0.043300
28641   0.046200
28642   0.043800
28643   0.039400
28644   0.044400
28645   0.048900
28646   0.047100
28647   0.047500
28648   0.046600
28649   0.041800
28650   0.041000
28651   0.041800
28652   0.045900
28653   0.050200
28654   0.048900
28655   0.045500
28656   0.044900
28657   0.037700
28658   0.045400
28659   0.046700
28660   0.043100
28661   0.044300
28662   0.036100
28663   0.055400
28664   0.050700
28665   0.039700
28666   0.037100
28667   0.028400
28668   0.022700
28669   0.027600
28670   0.028300
28671   0.019300
28672   0.012500
28673   0.014700
28674   0.018400
28675   0.007400
28676   0.017000
28677   0.027400
28678   0.032500
28679   0.027400
28680   0.028500
28681   0.033900
28682   0.021200
28683   0.020100
28684   0.014300
28685   0.004400
28686   0.000300
28687   0.012700
28688   0.003900
28689   0.008800
28690   0.011300
28691   0.017700
28692   0.008100
28693   0.008400
28694   0.008100
28695   0.002400
28696   0.001900
28697   0.009400
28698   0.004800
28699   0.004800
28700   0.004500
28701   0.008900
28702   0.022600
28703   0.026200
28704   0.021300
28705   0.017200
28706   0.001000
28707   0.007400
28708   0.008100
28709   0.010400
28710   0.003500
28711   0.018700
28712   0.014400
28713   0.013300
28714   0.015200
28715   0.014600
28716   0.008700
28717   0.002300
28718  -0.006500
28719  -0.006300
28720  -0.013600
28721  -0.015500
28722  -0.019000
28723  -0.014400
28724  -0.011800
28725  -0.009200
28726  -0.019100
28727  -0.024200
28728  -0.028500
28729  -0.023600
28730  -0.024000
28731  -0.021400
28732  -0.034200
28733  -0.045900
28734  -0.053400
28735  -0.058800
28736  -0.048500
28737  -0.046800
28738  -0.043300
28739  -0.034000
28740  -0.030900
28741  -0.034100
28742  -0.025500
28743  -0.019000
28744  -0.027700
28745  -0.017300
28746  -0.011300
28747  -0.007500
28748  -0.005800
28749  -0.020600
28750  -0.000200
28751  -0.000100
28752  -0.000800
28753   0.004700
28754   0.009600
28755   0.006400
28756   0.005100
28757   0.010200
28758   0.011800
28759   0.003300
28760   0.004900
28761  -0.000300
28762  -0.009800
28763  -0.007300
28764   0.000400
28765  -0.004300
28766  -0.006400
28767  -0.010100
28768  -0.007100
28769  -0.006300
28770  -0.009500
28771   0.006300
28772  -0.005300
28773  -0.004400
28774  -0.005900
28775  -0.011000
28776  -0.010300
28777  -0.008800
28778  -0.006400
28779   0.003900
28780  -0.001300
28781  -0.002000
28782   0.005000
28783   0.002900
28784   0.010000
28785   0.008700
28786   0.005700
28787   0.003900
28788  -0.004800
28789   0.003900
28790   0.009300
28791   0.004100
28792   0.000700
28793  -0.006300
28794  -0.007600
28795  -0.005300
28796   0.000900
28797   0.008800
28798   0.015400
28799   0.015800
28800   0.010200
28801   0.022100
28802   0.015700
28803   0.015600
28804   0.017700
28805   0.015600
28806   0.017400
28807   0.026600
28808   0.029700
28809   0.032400
28810   0.030000
28811   0.023400
28812   0.024100
28813   0.017100
28814   0.013800
28815   0.017700
28816   0.011900
28817   0.011500
28818   0.002700
28819  -0.001300
28820   0.001000
28821  -0.000200
28822   0.003300
28823   0.008300
28824   0.012400
28825   0.007700
28826   0.003100
28827  -0.004700
28828  -0.016500
28829  -0.001900
28830  -0.000600
28831  -0.004500
28832  -0.008100
28833   0.002400
28834  -0.003000
28835  -0.001900
28836   0.003200
28837   0.003800
28838   0.013400
28839   0.003400
28840   0.003700
28841  -0.001000
28842   0.000900
28843   0.004700
28844   0.005900
28845  -0.000600
28846   0.006500
28847   0.004400
28848   0.016500
28849   0.021000
28850   0.025900
28851   0.014000
28852   0.006300
28853   0.003200
28854  -0.003000
28855  -0.006100
28856  -0.000700
28857   0.009100
28858   0.012900
28859   0.019700
28860   0.022700
28861   0.028800
28862   0.026200
28863   0.019800
28864   0.022100
28865   0.024600
28866   0.022000
28867   0.023800
28868   0.036300
28869   0.040100
28870   0.037200
28871   0.035700
28872   0.026600
28873   0.026400
28874   0.042800
28875   0.040200
28876   0.045900
28877   0.042000
28878   0.051400
28879   0.057100
28880   0.044300
28881   0.040900
28882   0.031700
28883   0.029700
28884   0.035100
28885   0.045400
28886   0.055300
28887   0.044200
28888   0.057600
28889   0.052100
28890   0.040400
28891   0.041600
28892   0.047000
28893   0.043600
28894   0.041200
28895   0.044000
28896   0.030000
28897   0.034900
28898   0.034200
28899   0.029900
28900   0.022000
28901   0.014400
28902   0.024300
28903   0.024200
28904   0.025000
28905   0.027100
28906   0.028900
28907   0.019500
28908   0.021500
28909   0.024900
28910   0.021400
28911   0.010400
28912   0.002600
28913  -0.000300
28914   0.005500
28915  -0.009300
28916  -0.005100
28917  -0.006400
28918  -0.014400
28919  -0.018800
28920  -0.018500
28921  -0.029800
28922  -0.027300
28923  -0.028500
28924  -0.035500
28925  -0.038800
28926  -0.053500
28927  -0.060500
28928  -0.043900
28929  -0.041800
28930  -0.042900
28931  -0.041000
28932  -0.044900
28933  -0.027900
28934  -0.033000
28935  -0.034000
28936  -0.022300
28937  -0.010400
28938  -0.022100
28939  -0.017400
28940  -0.021900
28941  -0.017900
28942  -0.003000
28943   0.004400
28944   0.000000
28945   0.004400
28946   0.008700
28947   0.017200
28948   0.022700
28949   0.030500
28950   0.031900
28951   0.023700
28952   0.027100
28953   0.026100
28954   0.030400
28955   0.029800
28956   0.038000
28957   0.047000
28958   0.064400
28959   0.063300
28960   0.056100
28961   0.066100
28962   0.061100
28963   0.069800
28964   0.075900
28965   0.081500
28966   0.093200
28967   0.099100
28968   0.094800
28969   0.087700
28970   0.091000
28971   0.090700
28972   0.085400
28973   0.074800
28974   0.066100
28975   0.062100
28976   0.055000
28977   0.056600
28978   0.056800
28979   0.060800
28980   0.056000
28981   0.054000
28982   0.055800
28983   0.050000
28984   0.051200
28985   0.048800
28986   0.039600
28987   0.036800
28988   0.036600
28989   0.027900
28990   0.022700
28991   0.019200
28992   0.015900
28993   0.015300
28994   0.023300
28995   0.021600
28996   0.025200
28997   0.018500
28998   0.009500
28999   0.014200
29000   0.015900
29001   0.025800
29002   0.024900
29003   0.019900
29004   0.025900
29005   0.025300
29006   0.027600
29007   0.025400
29008   0.028800
29009   0.027200
29010   0.030900
29011   0.026500
29012   0.029400
29013   0.022100
29014   0.021600
29015   0.021700
29016   0.021100
29017   0.023500
29018   0.031200
29019   0.016900
29020   0.021100
29021   0.019700
29022   0.022300
29023   0.018700
29024   0.010700
29025   0.002600
29026   0.014200
29027   0.012200
29028   0.013800
29029   0.018700
29030   0.031000
29031   0.027800
29032   0.026200
29033   0.024200
29034   0.031800
29035   0.032800
29036   0.033100
29037   0.028800
29038   0.036900
29039   0.050400
29040   0.037100
29041   0.040000
29042   0.037900
29043   0.043600
29044   0.051600
29045   0.053700
29046   0.034200
29047   0.036200
29048   0.038000
29049   0.028200
29050   0.023500
29051   0.018300
29052   0.024800
29053   0.022100
29054   0.033600
29055   0.032300
29056   0.038100
29057   0.031600
29058   0.018700
29059   0.018400
29060   0.020800
29061   0.022400
29062   0.016200
29063   0.023100
29064   0.031500
29065   0.027600
29066   0.032000
29067   0.027800
29068   0.028700
29069   0.025200
29070   0.021600
29071   0.022400
29072   0.025400
29073   0.028300
29074   0.024600
29075   0.028300
29076   0.028000
29077   0.042700
29078   0.036400
29079   0.036800
29080   0.041300
29081   0.045200
29082   0.041900
29083   0.039000
29084   0.032300
29085   0.032600
29086   0.015400
29087   0.023300
29088   0.032400
29089   0.027000
29090   0.028700
29091   0.030700
29092   0.033600
29093   0.024300
29094   0.032000
29095   0.033200
29096   0.034900
29097   0.043400
29098   0.046400
29099   0.051200
29100   0.060400
29101   0.062100
29102   0.053800
29103   0.051400
29104   0.057700
29105   0.048400
29106   0.056900
29107   0.054100
29108   0.040600
29109   0.033000
29110   0.032300
29111   0.017900
29112   0.031400
29113   0.036400
29114   0.028300
29115   0.023300
29116   0.019900
29117   0.023700
29118   0.018200
29119   0.024500
29120   0.030400
29121   0.028500
29122   0.023100
29123   0.012400
29124   0.003100
29125   0.004900
29126   0.006400
29127   0.009900
29128   0.009900
29129   0.006200
29130  -0.004400
29131  -0.002400
29132  -0.009100
29133  -0.018800
29134  -0.012900
29135  -0.009800
29136  -0.013500
29137  -0.010900
29138  -0.012400
29139  -0.005600
29140  -0.001500
29141  -0.008200
29142  -0.002000
29143  -0.001700
29144  -0.007900
29145  -0.006300
29146  -0.006400
29147  -0.009000
29148  -0.006200
29149  -0.006600
29150  -0.012600
29151  -0.021000
29152  -0.030400
29153  -0.024300
29154  -0.024500
29155  -0.020300
29156  -0.022200
29157  -0.028200
29158  -0.016600
29159  -0.019900
29160  -0.012400
29161  -0.005500
29162   0.000500
29163  -0.000400
29164  -0.005500
29165   0.000400
29166  -0.005200
29167   0.003600
29168   0.016600
29169   0.018600
29170   0.012800
29171   0.021800
29172   0.023600
29173   0.014200
29174   0.006700
29175   0.006100
29176   0.012800
29177   0.018500
29178   0.010800
29179  -0.011200
29180  -0.016000
29181  -0.022500
29182  -0.014900
29183  -0.029400
29184  -0.019500
29185  -0.016300
29186  -0.020700
29187  -0.022700
29188  -0.024000
29189  -0.028800
29190  -0.026300
29191  -0.032800
29192  -0.038600
29193  -0.032400
29194  -0.027000
29195  -0.022100
29196  -0.032800
29197  -0.019200
29198  -0.017200
29199  -0.020100
29200  -0.005600
29201   0.005600
29202   0.006600
29203   0.008800
29204   0.000800
29205  -0.005400
29206  -0.002300
29207   0.006600
29208   0.012300
29209   0.013200
29210   0.017100
29211   0.013600
29212   0.022900
29213   0.029700
29214   0.030600
29215   0.037800
29216   0.040500
29217   0.046200
29218   0.050400
29219   0.053400
29220   0.050900
29221   0.049900
29222   0.053400
29223   0.045400
29224   0.047800
29225   0.052100
29226   0.048900
29227   0.044300
29228   0.039400
29229   0.033700
29230   0.037000
29231   0.035900
29232   0.035100
29233   0.043000
29234   0.048200
29235   0.047900
29236   0.067400
29237   0.056900
29238   0.055500
29239   0.058100
29240   0.040600
29241   0.049100
29242   0.053900
29243   0.051000
29244   0.051800
29245   0.042700
29246   0.053300
29247   0.055800
29248   0.062000
29249   0.060800
29250   0.051500
29251   0.042000
29252   0.038400
29253   0.039600
29254   0.027100
29255   0.025300
29256   0.022000
29257   0.029000
29258   0.028700
29259   0.027600
29260   0.030200
29261   0.029700
29262   0.029500
29263   0.034800
29264   0.031000
29265   0.032300
29266   0.022800
29267   0.018000
29268   0.021500
29269   0.031800
29270   0.033700
29271   0.022400
29272   0.033300
29273   0.042100
29274   0.039700
29275   0.037200
29276   0.040700
29277   0.031700
29278   0.032500
29279   0.028800
29280   0.034100
29281   0.028900
29282   0.030700
29283   0.032100
29284   0.020100
29285   0.016800
29286   0.027000
29287   0.034700
29288   0.026700
29289   0.017700
29290   0.021900
29291   0.020600
29292   0.021300
29293   0.028400
29294   0.028800
29295   0.024900
29296   0.028800
29297   0.028700
29298   0.027000
29299   0.023500
29300   0.027500
29301   0.022800
29302   0.018900
29303   0.025000
29304   0.024700
29305   0.023400
29306   0.031500
29307   0.022400
29308   0.014800
29309   0.012100
29310   0.023300
29311   0.018200
29312   0.017500
29313   0.001900
29314  -0.000900
29315  -0.001100
29316   0.006400
29317   0.009500
29318   0.008400
29319   0.011100
29320   0.007800
29321   0.013500
29322   0.019600
29323   0.028500
29324   0.030700
29325   0.020100
29326   0.027500
29327   0.032800
29328   0.038400
29329   0.036300
29330   0.040900
29331   0.033700
29332   0.035200
29333   0.049300
29334   0.048400
29335   0.053300
29336   0.056600
29337   0.047600
29338   0.042600
29339   0.034200
29340   0.032400
29341   0.020500
29342   0.023300
29343   0.025400
29344   0.024900
29345   0.028300
29346   0.023100
29347   0.030800
29348   0.031300
29349   0.032600
29350   0.035700
29351   0.024600
29352   0.028900
29353   0.020100
29354   0.020400
29355   0.018100
29356   0.019300
29357   0.018700
29358   0.030400
29359   0.049200
29360   0.050200
29361   0.053000
29362   0.045900
29363   0.038000
29364   0.049900
29365   0.032600
29366   0.030000
29367   0.032300
29368   0.033500
29369   0.035500
29370   0.040600
29371   0.040400
29372   0.037700
29373   0.047600
29374   0.045300
29375   0.041200
29376   0.032800
29377   0.028300
29378   0.028200
29379   0.020600
29380   0.018700
29381   0.021800
29382   0.020000
29383   0.033400
29384   0.033800
29385   0.041700
29386   0.049200
29387   0.060200
29388   0.052300
29389   0.048500
29390   0.035800
29391   0.033700
29392   0.036700
29393   0.031600
29394   0.036200
29395   0.033800
29396   0.041100
29397   0.030200
29398   0.022400
29399   0.017800
29400   0.019300
29401   0.035300
29402   0.043800
29403   0.043500
29404   0.051000
29405   0.043300
29406   0.053500
29407   0.063600
29408   0.074600
29409   0.076600
29410   0.069100
29411   0.067800
29412   0.068700
29413   0.066400
29414   0.054200
29415   0.061800
29416   0.064600
29417   0.051600
29418   0.042200
29419   0.039900
29420   0.034900
29421   0.033500
29422   0.032400
29423   0.024600
29424   0.028100
29425   0.031000
29426   0.034600
29427   0.029000
29428   0.016600
29429   0.024900
29430   0.026500
29431   0.022300
29432   0.026700
29433   0.029300
29434   0.026700
29435   0.025800
29436   0.036000
29437   0.041400
29438   0.036900
29439   0.028700
29440   0.038200
29441   0.046100
29442   0.040600
29443   0.047700
29444   0.051200
29445   0.049600
29446   0.058700
29447   0.043900
29448   0.053400
29449   0.060700
29450   0.053300
29451   0.050300
29452   0.036700
29453   0.044200
29454   0.043100
29455   0.046500
29456   0.046300
29457   0.053800
29458   0.055800
29459   0.050200
29460   0.062700
29461   0.068200
29462   0.068700
29463   0.063300
29464   0.068500
29465   0.076400
29466   0.080100
29467   0.087400
29468   0.089900
29469   0.082900
29470   0.075500
29471   0.083500
29472   0.081400
29473   0.079800
29474   0.080500
29475   0.087600
29476   0.086400
29477   0.091000
29478   0.099200
29479   0.101600
29480   0.103400
29481   0.103900
29482   0.104800
29483   0.100600
29484   0.099700
29485   0.090200
29486   0.091400
29487   0.095700
29488   0.088900
29489   0.088000
29490   0.091900
29491   0.089100
29492   0.096900
29493   0.091900
29494   0.096300
29495   0.099100
29496   0.103300
29497   0.093800
29498   0.085400
29499   0.078900
29500   0.078400
29501   0.071900
29502   0.068200
29503   0.066200
29504   0.065100
29505   0.058900
29506   0.057700
29507   0.063200
29508   0.067200
29509   0.065400
29510   0.073800
29511   0.076200
29512   0.079700
29513   0.078200
29514   0.075200
29515   0.071900
29516   0.085100
29517   0.091500
29518   0.089600
29519   0.083300
29520   0.101000
29521   0.092500
29522   0.093500
29523   0.091900
29524   0.098000
29525   0.101000
29526   0.103100
29527   0.110200
29528   0.108500
29529   0.111800
29530   0.116800
29531   0.109900
29532   0.110100
29533   0.097600
29534   0.108200
29535   0.106800
29536   0.099500
29537   0.103700
29538   0.108900
29539   0.093300
29540   0.090100
29541   0.091600
29542   0.092100
29543   0.095200
29544   0.105500
29545   0.101700
29546   0.097900
29547   0.091000
29548   0.098600
29549   0.092000
29550   0.094700
29551   0.097600
29552   0.095600
29553   0.098800
29554   0.098600
29555   0.102600
29556   0.104700
29557   0.103800
29558   0.086200
29559   0.089100
29560   0.094200
29561   0.096900
29562   0.097000
29563   0.096800
29564   0.101000
29565   0.111400
29566   0.103500
29567   0.108200
29568   0.093800
29569   0.086000
29570   0.088400
29571   0.073500
29572   0.074800
29573   0.072800
29574   0.069800
29575   0.069600
29576   0.073200
29577   0.078100
29578   0.074500
29579   0.077500
29580   0.076600
29581   0.072000
29582   0.072900
29583   0.074200
29584   0.086100
29585   0.078800
29586   0.074200
29587   0.083200
29588   0.080600
29589   0.083200
29590   0.079000
29591   0.087800
29592   0.086400
29593   0.089000
29594   0.084300
29595   0.085700
29596   0.091600
29597   0.089700
29598   0.081600
29599   0.078300
29600   0.073600
29601   0.070800
29602   0.066000
29603   0.065500
29604   0.062600
29605   0.061800
29606   0.065700
29607   0.064300
29608   0.070500
29609   0.056700
29610   0.056700
29611   0.054500
29612   0.062300
29613   0.062800
29614   0.078900
29615   0.071600
29616   0.060700
29617   0.066500
29618   0.059300
29619   0.061700
29620   0.067500
29621   0.062700
29622   0.051300
29623   0.064700
29624   0.062300
29625   0.059100
29626   0.068200
29627   0.080800
29628   0.076300
29629   0.071500
29630   0.073300
29631   0.075100
29632   0.074000
29633   0.073300
29634   0.071200
29635   0.065600
29636   0.069300
29637   0.061200
29638   0.066100
29639   0.061900
29640   0.058300
29641   0.055500
29642   0.061100
29643   0.072600
29644   0.084700
29645   0.085100
29646   0.086100
29647   0.090200
29648   0.087200
29649   0.076300
29650   0.070400
29651   0.082000
29652   0.089100
29653   0.090900
29654   0.097600
29655   0.080900
29656   0.085300
29657   0.079500
29658   0.081800
29659   0.074200
29660   0.058900
29661   0.060300
29662   0.056100
29663   0.075300
29664   0.074700
29665   0.077600
29666   0.079600
29667   0.074700
29668   0.069300
29669   0.083900
29670   0.089800
29671   0.086900
29672   0.084800
29673   0.083400
29674   0.089600
29675   0.082900
29676   0.081700
29677   0.086200
29678   0.093200
29679   0.108800
29680   0.099200
29681   0.096900
29682   0.098100
29683   0.100100
29684   0.099200
29685   0.094200
29686   0.090300
29687   0.091100
29688   0.081800
29689   0.074900
29690   0.071000
29691   0.062700
29692   0.062200
29693   0.073900
29694   0.065600
29695   0.056800
29696   0.050000
29697   0.048800
29698   0.054500
29699   0.062900
29700   0.065300
29701   0.065100
29702   0.066000
29703   0.057600
29704   0.057000
29705   0.052500
29706   0.060200
29707   0.066200
29708   0.053500
29709   0.056700
29710   0.058100
29711   0.058100
29712   0.051100
29713   0.055500
29714   0.066500
29715   0.064600
29716   0.057800
29717   0.069300
29718   0.079800
29719   0.083600
29720   0.076200
29721   0.080500
29722   0.079400
29723   0.082200
29724   0.079800
29725   0.088400
29726   0.081400
29727   0.081900
29728   0.092000
29729   0.086600
29730   0.074500
29731   0.072800
29732   0.066000
29733   0.061600
29734   0.058300
29735   0.057600
29736   0.062200
29737   0.071200
29738   0.072100
29739   0.064100
29740   0.070000
29741   0.072800
29742   0.071600
29743   0.080700
29744   0.093400
29745   0.088200
29746   0.090300
29747   0.098900
29748   0.104600
29749   0.097400
29750   0.094800
29751   0.094100
29752   0.094900
29753   0.092600
29754   0.094400
29755   0.101500
29756   0.111300
29757   0.105600
29758   0.112100
29759   0.114900
29760   0.119600
29761   0.117100
29762   0.114900
29763   0.115000
29764   0.121800
29765   0.115000
29766   0.107300
29767   0.111000
29768   0.114900
29769   0.116500
29770   0.120300
29771   0.122500
29772   0.114000
29773   0.104000
29774   0.104400
29775   0.108100
29776   0.113700
29777   0.097900
29778   0.102200
29779   0.095000
29780   0.098500
29781   0.095000
29782   0.094200
29783   0.087100
29784   0.090300
29785   0.086800
29786   0.098200
29787   0.085700
29788   0.080900
29789   0.070600
29790   0.065100
29791   0.054600
29792   0.060500
29793   0.060500
29794   0.061900
29795   0.057600
29796   0.056200
29797   0.051600
29798   0.043900
29799   0.040700
29800   0.040000
29801   0.034900
29802   0.029500
29803   0.027000
29804   0.029000
29805   0.023300
29806   0.023400
29807   0.021400
29808   0.015900
29809   0.014300
29810   0.006300
29811   0.005000
29812   0.011900
29813   0.013300
29814   0.015500
29815   0.015800
29816   0.026100
29817   0.025200
29818   0.023000
29819   0.021000
29820   0.036200
29821   0.034300
29822   0.034800
29823   0.026700
29824   0.017400
29825   0.021200
29826   0.026400
29827   0.023500
29828   0.022700
29829   0.021400
29830   0.026800
29831   0.030200
29832   0.033500
29833   0.035500
29834   0.030000
29835   0.010400
29836   0.019400
29837   0.025200
29838   0.032100
29839   0.020800
29840   0.020900
29841   0.014500
29842   0.010600
29843   0.006800
29844   0.015400
29845   0.017200
29846   0.016800
29847   0.020300
29848   0.016200
29849   0.008800
29850   0.010800
29851   0.006300
29852   0.002200
29853   0.004900
29854  -0.005800
29855  -0.006800
29856  -0.013200
29857  -0.015400
29858  -0.005100
29859  -0.000400
29860  -0.007500
29861  -0.001500
29862   0.005700
29863   0.011100
29864   0.026900
29865   0.019600
29866   0.024100
29867   0.016900
29868   0.020700
29869   0.020000
29870   0.018900
29871   0.031800
29872   0.039100
29873   0.027300
29874   0.022200
29875   0.007800
29876   0.014100
29877   0.016500
29878   0.033400
29879   0.025300
29880   0.034000
29881   0.037700
29882   0.032300
29883   0.027300
29884   0.028900
29885   0.025800
29886   0.037200
29887   0.047400
29888   0.048000
29889   0.049600
29890   0.049500
29891   0.055300
29892   0.064600
29893   0.066100
29894   0.058500
29895   0.059500
29896   0.073500
29897   0.068700
29898   0.062400
29899   0.061000
29900   0.057400
29901   0.050400
29902   0.050500
29903   0.041900
29904   0.053400
29905   0.054500
29906   0.056100
29907   0.050900
29908   0.052900
29909   0.054700
29910   0.054200
29911   0.053900
29912   0.047200
29913   0.031200
29914   0.045200
29915   0.042100
29916   0.049800
29917   0.046800
29918   0.047800
29919   0.052700
29920   0.053900
29921   0.054100
29922   0.048900
29923   0.047100
29924   0.049500
29925   0.051100
29926   0.068300
29927   0.071900
29928   0.066700
29929   0.063400
29930   0.070900
29931   0.067300
29932   0.073400
29933   0.076900
29934   0.085200
29935   0.095100
29936   0.098800
29937   0.090900
29938   0.079200
29939   0.083800
29940   0.081200
29941   0.067100
29942   0.069000
29943   0.080800
29944   0.085200
29945   0.076500
29946   0.065500
29947   0.054400
29948   0.048500
29949   0.042400
29950   0.033000
29951   0.039100
29952   0.036500
29953   0.031700
29954   0.039400
29955   0.038900
29956   0.040000
29957   0.045600
29958   0.055500
29959   0.044400
29960   0.049500
29961   0.057000
29962   0.039900
29963   0.052100
29964   0.043000
29965   0.044000
29966   0.036400
29967   0.044100
29968   0.044900
29969   0.039700
29970   0.048600
29971   0.047700
29972   0.044400
29973   0.040000
29974   0.039800
29975   0.028000
29976   0.022700
29977   0.025900
29978   0.016000
29979   0.011500
29980   0.009600
29981   0.015900
29982   0.011500
29983   0.024100
29984   0.023500
29985   0.011400
29986   0.007000
29987   0.006200
29988   0.007900
29989   0.013400
29990   0.016300
29991   0.014800
29992   0.006200
29993   0.016400
29994   0.023800
29995   0.017700
29996   0.023200
29997   0.028700
29998   0.026800
29999   0.025000
30000   0.023000
30001   0.036100
30002   0.019100
30003   0.013000
30004   0.003300
30005  -0.002900
30006   0.005300
30007   0.002400
30008   0.004600
30009   0.003600
30010   0.006000
30011   0.001900
30012   0.009600
30013   0.010500
30014   0.004200
30015   0.011100
30016   0.018400
30017   0.018200
30018   0.013400
30019   0.021300
30020   0.020100
30021   0.015400
30022   0.013400
30023   0.017400
30024   0.020500
30025   0.014100
30026   0.006200
30027   0.014000
30028   0.019300
30029   0.027300
30030   0.030100
30031   0.023300
30032   0.019900
30033   0.021300
30034   0.023900
30035   0.033800
30036   0.028200
30037   0.028200
30038   0.023600
30039   0.024800
30040   0.011500
30041   0.008000
30042   0.007000
30043   0.008600
30044  -0.004300
30045  -0.004400
30046  -0.005300
30047  -0.007700
30048  -0.013800
30049  -0.015700
30050  -0.018300
30051  -0.016900
30052  -0.018200
30053  -0.019800
30054  -0.015200
30055  -0.005400
30056  -0.011200
30057  -0.013700
30058  -0.026500
30059  -0.025200
30060  -0.031200
30061  -0.019700
30062  -0.031500
30063  -0.029900
30064  -0.015700
30065  -0.010400
30066  -0.017600
30067  -0.008300
30068  -0.019000
30069  -0.017600
30070  -0.018700
30071  -0.024400
30072  -0.019600
30073  -0.017800
30074  -0.015300
30075  -0.022900
30076  -0.020700
30077  -0.021700
30078  -0.017400
30079  -0.019200
30080  -0.010700
30081  -0.002100
30082   0.015200
30083   0.017900
30084   0.026600
30085   0.023000
30086   0.014100
30087   0.019200
30088   0.007900
30089   0.006200
30090   0.007400
30091  -0.002100
30092  -0.000100
30093  -0.005500
30094  -0.012700
30095  -0.007600
30096  -0.002700
30097  -0.005700
30098  -0.008200
30099  -0.017500
30100  -0.016800
30101  -0.015200
30102  -0.014400
30103  -0.023700
30104  -0.035700
30105  -0.024900
30106  -0.026500
30107  -0.010700
30108  -0.007600
30109  -0.001400
30110   0.010600
30111   0.026600
30112   0.037500
30113   0.029100
30114   0.021200
30115   0.024600
30116   0.026400
30117   0.026600
30118   0.022200
30119   0.017800
30120   0.010000
30121   0.020900
30122   0.014900
30123   0.021000
30124   0.027900
30125   0.035900
30126   0.039800
30127   0.033700
30128   0.037800
30129   0.041400
30130   0.046400
30131   0.037500
30132   0.040200
30133   0.049300
30134   0.052500
30135   0.047000
30136   0.053000
30137   0.053400
30138   0.052300
30139   0.053800
30140   0.049500
30141   0.055900
30142   0.047300
30143   0.033900
30144   0.035000
30145   0.038300
30146   0.035300
30147   0.029300
30148   0.017200
30149   0.022200
30150   0.027800
30151   0.036400
30152   0.046400
30153   0.044200
30154   0.063700
30155   0.066700
30156   0.061700
30157   0.062200
30158   0.077000
30159   0.082300
30160   0.084600
30161   0.087000
30162   0.090600
30163   0.088400
30164   0.090900
30165   0.092400
30166   0.089500
30167   0.085100
30168   0.078900
30169   0.073000
30170   0.074700
30171   0.074800
30172   0.070800
30173   0.072400
30174   0.078600
30175   0.077400
30176   0.077200
30177   0.062800
30178   0.056600
30179   0.058100
30180   0.065700
30181   0.079600
30182   0.091400
30183   0.089500
30184   0.089700
30185   0.086500
30186   0.093600
30187   0.087900
30188   0.083200
30189   0.085900
30190   0.074800
30191   0.077700
30192   0.086200
30193   0.088400
30194   0.085100
30195   0.087100
30196   0.096100
30197   0.104900
30198   0.110400
30199   0.093700
30200   0.094800
30201   0.106200
30202   0.106600
30203   0.112900
30204   0.104900
30205   0.087800
30206   0.087200
30207   0.085400
30208   0.087200
30209   0.089700
30210   0.079200
30211   0.074200
30212   0.068700
30213   0.077200
30214   0.074800
30215   0.070300
30216   0.070900
30217   0.082200
30218   0.087300
30219   0.081100
30220   0.076000
30221   0.072700
30222   0.074900
30223   0.077100
30224   0.076300
30225   0.081500
30226   0.077000
30227   0.070000
30228   0.070200
30229   0.073400
30230   0.070800
30231   0.075100
30232   0.069000
30233   0.060100
30234   0.064300
30235   0.067000
30236   0.055600
30237   0.061300
30238   0.074200
30239   0.079800
30240   0.086800
30241   0.084700
30242   0.086700
30243   0.092000
30244   0.090900
30245   0.096700
30246   0.097100
30247   0.095700
30248   0.099600
30249   0.108000
30250   0.112200
30251   0.104500
30252   0.095500
30253   0.094500
30254   0.094200
30255   0.105900
30256   0.100100
30257   0.089000
30258   0.084200
30259   0.071500
30260   0.067300
30261   0.062000
30262   0.060200
30263   0.048400
30264   0.049800
30265   0.046800
30266   0.045600
30267   0.040900
30268   0.039300
30269   0.044600
30270   0.056900
30271   0.062000
30272   0.058600
30273   0.051100
30274   0.059900
30275   0.062300
30276   0.058100
30277   0.044100
30278   0.029600
30279   0.028000
30280   0.025600
30281   0.035800
30282   0.038500
30283   0.040900
30284   0.044000
30285   0.033800
30286   0.029600
30287   0.024700
30288   0.030800
30289   0.026800
30290   0.020600
30291   0.021900
30292   0.026800
30293   0.021400
30294   0.011900
30295   0.018500
30296   0.013100
30297   0.005000
30298   0.011700
30299   0.029100
30300   0.022300
30301   0.025800
30302   0.027700
30303   0.015100
30304   0.013100
30305   0.005400
30306   0.009100
30307   0.003400
30308   0.006400
30309   0.012100
30310   0.013500
30311   0.018000
30312   0.022300
30313   0.021000
30314   0.022400
30315   0.028200
30316   0.021100
30317   0.025400
30318   0.014800
30319   0.014400
30320   0.024200
30321   0.035200
30322   0.022000
30323   0.023800
30324   0.024200
30325   0.027500
30326   0.017200
30327   0.016100
30328   0.005300
30329   0.001300
30330   0.005900
30331   0.013500
30332   0.008100
30333   0.011500
30334   0.010100
30335   0.010000
30336   0.004600
30337   0.007200
30338   0.015000
30339   0.023600
30340   0.022100
30341   0.021800
30342   0.015900
30343   0.014600
30344  -0.004100
30345  -0.008200
30346   0.004300
30347   0.004500
30348  -0.003000
30349   0.015100
30350   0.027300
30351   0.026400
30352   0.031100
30353   0.033000
30354   0.032300
30355   0.038200
30356   0.034100
30357   0.041400
30358   0.049700
30359   0.055500
30360   0.067800
30361   0.069300
30362   0.069800
30363   0.066800
30364   0.070900
30365   0.067900
30366   0.087500
30367   0.084000
30368   0.083900
30369   0.086600
30370   0.086800
30371   0.092300
30372   0.092200
30373   0.076600
30374   0.073000
30375   0.061300
30376   0.045200
30377   0.049900
30378   0.053500
30379   0.055300
30380   0.046100
30381   0.050000
30382   0.055600
30383   0.058500
30384   0.058500
30385   0.057900
30386   0.054700
30387   0.065200
30388   0.067000
30389   0.074700
30390   0.075800
30391   0.073400
30392   0.077400
30393   0.071600
30394   0.054900
30395   0.052900
30396   0.055800
30397   0.043600
30398   0.048900
30399   0.047300
30400   0.050400
30401   0.043300
30402   0.037400
30403   0.030900
30404   0.038300
30405   0.042400
30406   0.037400
30407   0.035500
30408   0.036100
30409   0.039200
30410   0.038300
30411   0.036800
30412   0.031100
30413   0.042900
30414   0.042100
30415   0.037400
30416   0.041400
30417   0.041800
30418   0.037200
30419   0.039100
30420   0.026400
30421   0.025600
30422   0.029500
30423   0.023900
30424   0.019000
30425   0.025000
30426   0.028100
30427   0.020900
30428   0.029200
30429   0.028000
30430   0.032900
30431   0.031300
30432   0.036400
30433   0.039600
30434   0.051200
30435   0.056600
30436   0.048300
30437   0.048000
30438   0.046600
30439   0.042200
30440   0.039500
30441   0.032300
30442   0.049700
30443   0.045500
30444   0.053100
30445   0.043000
30446   0.050100
30447   0.049400
30448   0.053500
30449   0.048200
30450   0.046100
30451   0.044300
30452   0.044200
30453   0.041000
30454   0.039300
30455   0.041500
30456   0.041800
30457   0.045200
30458   0.044600
30459   0.037500
30460   0.048300
30461   0.058500
30462   0.057000
30463   0.066100
30464   0.045000
30465   0.048300
30466   0.052200
30467   0.042200
30468   0.033800
30469   0.029700
30470   0.034500
30471   0.036400
30472   0.043300
30473   0.043300
30474   0.049900
30475   0.051200
30476   0.053700
30477   0.053500
30478   0.050000
30479   0.043700
30480   0.054700
30481   0.052900
30482   0.044100
30483   0.033600
30484   0.042200
30485   0.035500
30486   0.034100
30487   0.042600
30488   0.035700
30489   0.023700
30490   0.017500
30491   0.020800
30492   0.022400
30493   0.012800
30494   0.030400
30495   0.040700
30496   0.038000
30497   0.028600
30498   0.025700
30499   0.021700
30500   0.034700
30501   0.018800
30502   0.018200
30503   0.035100
30504   0.028700
30505   0.029800
30506   0.029500
30507   0.029400
30508   0.026400
30509   0.022300
30510   0.018900
30511   0.022800
30512   0.020900
30513   0.028000
30514   0.026800
30515   0.022600
30516   0.029000
30517   0.043200
30518   0.039100
30519   0.041500
30520   0.038600
30521   0.025400
30522   0.024900
30523   0.012500
30524   0.003500
30525   0.005400
30526   0.001700
30527  -0.005600
30528  -0.012300
30529  -0.006700
30530  -0.010000
30531  -0.015700
30532  -0.018700
30533  -0.016000
30534  -0.024700
30535  -0.024700
30536  -0.020000
30537  -0.015900
30538  -0.015900
30539  -0.016400
30540  -0.017200
30541  -0.012900
30542  -0.005300
30543  -0.005800
30544  -0.011000
30545  -0.007300
30546  -0.009800
30547  -0.015600
30548  -0.017300
30549  -0.012400
30550  -0.015400
30551  -0.011300
30552  -0.014000
30553  -0.019300
30554  -0.013600
30555  -0.004500
30556   0.009700
30557   0.003600
30558   0.007800
30559   0.021700
30560   0.017500
30561   0.024400
30562   0.032400
30563   0.020300
30564   0.017100
30565   0.008800
30566   0.007000
30567   0.009500
30568   0.009600
30569   0.007100
30570   0.003000
30571   0.009100
30572   0.006500
30573   0.008300
30574   0.010700
30575   0.009700
30576   0.009800
30577   0.009200
30578  -0.004100
30579  -0.001400
30580   0.000200
30581   0.010500
30582   0.016800
30583   0.014200
30584   0.022300
30585   0.021900
30586   0.027300
30587   0.033700
30588   0.037100
30589   0.042000
30590   0.048500
30591   0.041500
30592   0.041000
30593   0.044900
30594   0.045900
30595   0.051800
30596   0.056700
30597   0.048300
30598   0.045500
30599   0.040000
30600   0.040300
30601   0.032700
30602   0.039700
30603   0.046500
30604   0.050500
30605   0.042200
30606   0.042700
30607   0.043800
30608   0.043900
30609   0.045200
30610   0.038200
30611   0.041000
30612   0.041600
30613   0.044800
30614   0.036300
30615   0.049400
30616   0.051000
30617   0.055600
30618   0.060700
30619   0.073100
30620   0.070300
30621   0.071000
30622   0.084300
30623   0.076800
30624   0.083500
30625   0.090000
30626   0.085700
30627   0.078300
30628   0.069800
30629   0.066500
30630   0.062700
30631   0.066900
30632   0.074700
30633   0.079100
30634   0.067300
30635   0.071100
30636   0.059200
30637   0.046100
30638   0.052400
30639   0.053800
30640   0.055700
30641   0.053800
30642   0.043700
30643   0.034600
30644   0.039900
30645   0.038700
30646   0.031800
30647   0.029500
30648   0.033500
30649   0.036200
30650   0.030400
30651   0.022400
30652   0.012600
30653   0.016600
30654   0.008900
30655   0.000400
30656  -0.004900
30657  -0.012600
30658  -0.004500
30659  -0.005200
30660  -0.014100
30661  -0.013400
30662  -0.024200
30663  -0.021800
30664  -0.010300
30665  -0.011200
30666  -0.000400
30667  -0.000800
30668   0.000000
30669   0.005900
30670   0.012800
30671   0.009600
30672   0.005200
30673  -0.000200
30674   0.001800
30675   0.003300
30676  -0.001000
30677  -0.003500
30678  -0.011600
30679  -0.005500
30680  -0.008600
30681  -0.004700
30682  -0.004500
30683  -0.006600
30684  -0.004600
30685  -0.005500
30686  -0.007600
30687   0.003300
30688   0.004100
30689  -0.004200
30690  -0.015200
30691  -0.020200
30692  -0.027100
30693  -0.035800
30694  -0.031500
30695  -0.026500
30696  -0.042700
30697  -0.041600
30698  -0.043300
30699  -0.042700
30700  -0.046600
30701  -0.034600
30702  -0.036400
30703  -0.042300
30704  -0.045900
30705  -0.044600
30706  -0.056100
30707  -0.051500
30708  -0.046400
30709  -0.047500
30710  -0.051200
30711  -0.052900
30712  -0.053100
30713  -0.060400
30714  -0.075700
30715  -0.081500
30716  -0.077500
30717  -0.074800
30718  -0.075600
30719  -0.072800
30720  -0.064800
30721  -0.062700
30722  -0.058800
30723  -0.050500
30724  -0.048300
30725  -0.051900
30726  -0.052600
30727  -0.044800
30728  -0.037600
30729  -0.032500
30730  -0.037900
30731  -0.035300
30732  -0.037600
30733  -0.032600
30734  -0.028700
30735  -0.021400
30736  -0.020000
30737  -0.013200
30738  -0.020000
30739  -0.018200
30740  -0.016000
30741  -0.002100
30742   0.001100
30743   0.004300
30744   0.004000
30745  -0.000800
30746   0.012200
30747   0.021200
30748   0.028400
30749   0.035900
30750   0.028500
30751   0.021700
30752   0.021700
30753   0.024600
30754   0.027000
30755   0.028900
30756   0.025800
30757   0.031100
30758   0.029500
30759   0.019900
30760   0.017900
30761   0.016700
30762   0.012600
30763   0.018800
30764   0.018900
30765   0.027200
30766   0.026000
30767   0.036900
30768   0.037500
30769   0.031900
30770   0.027700
30771   0.026300
30772   0.027600
30773   0.034200
30774   0.023200
30775   0.025300
30776   0.033300
30777   0.031700
30778   0.039600
30779   0.048000
30780   0.046500
30781   0.047300
30782   0.048000
30783   0.042400
30784   0.034300
30785   0.040400
30786   0.042800
30787   0.046000
30788   0.046400
30789   0.056700
30790   0.049800
30791   0.043900
30792   0.041800
30793   0.047900
30794   0.048600
30795   0.040100
30796   0.034400
30797   0.025100
30798   0.028300
30799   0.030800
30800   0.030100
30801   0.043300
30802   0.045900
30803   0.029600
30804   0.021000
30805   0.016000
30806   0.020200
30807   0.034200
30808   0.041200
30809   0.045800
30810   0.047400
30811   0.054900
30812   0.044900
30813   0.048800
30814   0.047700
30815   0.044100
30816   0.049300
30817   0.040000
30818   0.036800
30819   0.034400
30820   0.033900
30821   0.040700
30822   0.041900
30823   0.034200
30824   0.038300
30825   0.030500
30826   0.030100
30827   0.023700
30828   0.033000
30829   0.038000
30830   0.045100
30831   0.040700
30832   0.047700
30833   0.035400
30834   0.037500
30835   0.041000
30836   0.039100
30837   0.043600
30838   0.045500
30839   0.042300
30840   0.042400
30841   0.042100
30842   0.037200
30843   0.030700
30844   0.036600
30845   0.040700
30846   0.036600
30847   0.039300
30848   0.043600
30849   0.047300
30850   0.050800
30851   0.055800
30852   0.058500
30853   0.067800
30854   0.071500
30855   0.081400
30856   0.078800
30857   0.081300
30858   0.073600
30859   0.067200
30860   0.067700
30861   0.074700
30862   0.064300
30863   0.065000
30864   0.064100
30865   0.058700
30866   0.060400
30867   0.065400
30868   0.066000
30869   0.063300
30870   0.052000
30871   0.046400
30872   0.043000
30873   0.034600
30874   0.039700
30875   0.042500
30876   0.053300
30877   0.050200
30878   0.045500
30879   0.045900
30880   0.047100
30881   0.051300
30882   0.052200
30883   0.056100
30884   0.062200
30885   0.052900
30886   0.055000
30887   0.054400
30888   0.050600
30889   0.047100
30890   0.049400
30891   0.051500
30892   0.044400
30893   0.050900
30894   0.058800
30895   0.063300
30896   0.054900
30897   0.047800
30898   0.042000
30899   0.031100
30900   0.020300
30901   0.020100
30902   0.019000
30903   0.016200
30904   0.011800
30905   0.010900
30906   0.012500
30907   0.010600
30908   0.001400
30909   0.006700
30910   0.007000
30911   0.008300
30912   0.005700
30913   0.002000
30914   0.005700
30915   0.002500
30916   0.007800
30917   0.007600
30918   0.007900
30919  -0.000800
30920   0.003500
30921  -0.000100
30922   0.006800
30923   0.008500
30924   0.012800
30925   0.006300
30926  -0.008800
30927   0.004100
30928   0.002300
30929  -0.000100
30930   0.004600
30931   0.000100
30932   0.006900
30933   0.000400
30934   0.008700
30935   0.006900
30936   0.014500
30937   0.022400
30938   0.015300
30939   0.009900
30940   0.011700
30941   0.007200
30942   0.014300
30943   0.009300
30944  -0.001900
30945   0.000400
30946  -0.004600
30947  -0.003500
30948  -0.013000
30949  -0.013100
30950   0.005500
30951   0.005300
30952   0.004300
30953   0.005300
30954   0.000600
30955  -0.000300
30956  -0.006900
30957  -0.006600
30958  -0.001400
30959  -0.005200
30960  -0.009300
30961  -0.016000
30962  -0.018900
30963  -0.009400
30964  -0.005600
30965  -0.009700
30966  -0.003000
30967  -0.003900
30968  -0.003200
30969   0.004000
30970   0.002500
30971   0.001500
30972  -0.000500
30973  -0.008600
30974   0.003000
30975  -0.003200
30976   0.000400
30977  -0.003500
30978  -0.009500
30979  -0.008800
30980  -0.005400
30981   0.002800
30982  -0.000600
30983  -0.002600
30984  -0.003500
30985  -0.006900
30986  -0.002800
30987  -0.005500
30988  -0.002500
30989  -0.000400
30990  -0.008200
30991  -0.011100
30992  -0.009300
30993  -0.000500
30994   0.001400
30995  -0.000600
30996   0.010900
30997   0.008600
30998  -0.003500
30999   0.004700
31000   0.001900
31001  -0.002000
31002  -0.001900
31003  -0.007800
31004  -0.009300
31005   0.008200
31006   0.010300
31007   0.012200
31008   0.018200
31009   0.020900
31010   0.001700
31011  -0.000800
31012  -0.005800
31013   0.002300
31014   0.002700
31015   0.005900
31016   0.016700
31017   0.012400
31018   0.015100
31019   0.023100
31020   0.033700
31021   0.038100
31022   0.035700
31023   0.042800
31024   0.034600
31025   0.019400
31026   0.016200
31027   0.018800
31028   0.019900
31029   0.017100
31030   0.025900
31031   0.025500
31032   0.026400
31033   0.019200
31034   0.022600
31035   0.029300
31036   0.029700
31037   0.028400
31038   0.030700
31039   0.028400
31040   0.022900
31041   0.028200
31042   0.024700
31043   0.019500
31044   0.012100
31045   0.004100
31046   0.001000
31047   0.002500
31048   0.005300
31049   0.001300
31050   0.006300
31051  -0.000100
31052  -0.001800
31053  -0.003200
31054   0.005100
31055   0.000000
31056  -0.000200
31057  -0.004200
31058   0.003400
31059  -0.001900
31060  -0.000300
31061  -0.000300
31062   0.000600
31063  -0.007500
31064  -0.006600
31065   0.004000
31066   0.007000
31067   0.013500
31068   0.003100
31069   0.011400
31070   0.004000
31071   0.007300
31072  -0.003100
31073  -0.002100
31074   0.002400
31075   0.003800
31076  -0.001100
31077   0.003200
31078  -0.006300
31079  -0.009200
31080  -0.005200
31081  -0.002500
31082   0.005600
31083   0.000700
31084   0.007300
31085   0.009700
31086   0.014500
31087   0.011300
31088   0.013500
31089   0.007600
31090   0.008900
31091   0.023400
31092   0.025700
31093   0.034600
31094   0.027700
31095   0.016700
31096   0.025500
31097   0.023300
31098   0.026700
31099   0.024100
31100   0.042400
31101   0.048400
31102   0.043700
31103   0.053000
31104   0.058000
31105   0.059600
31106   0.059900
31107   0.063000
31108   0.068000
31109   0.062900
31110   0.062700
31111   0.066300
31112   0.059800
31113   0.072200
31114   0.069300
31115   0.066600
31116   0.080600
31117   0.079600
31118   0.082800
31119   0.086700
31120   0.081400
31121   0.075500
31122   0.073700
31123   0.069200
31124   0.067900
31125   0.060200
31126   0.056000
31127   0.062100
31128   0.055500
31129   0.057300
31130   0.053300
31131   0.053600
31132   0.036700
31133   0.041400
31134   0.042300
31135   0.035200
31136   0.035500
31137   0.036400
31138   0.041700
31139   0.044900
31140   0.047800
31141   0.035500
31142   0.042400
31143   0.047300
31144   0.038400
31145   0.032400
31146   0.032700
31147   0.028000
31148   0.026100
31149   0.024500
31150   0.027800
31151   0.021800
31152   0.022700
31153   0.023100
31154   0.011700
31155   0.018700
31156   0.015600
31157   0.011700
31158   0.012800
31159   0.023300
31160   0.031300
31161   0.039200
31162   0.026200
31163   0.009400
31164   0.002700
31165   0.004700
31166   0.010800
31167   0.009200
31168   0.000900
31169  -0.004500
31170   0.000100
31171   0.001000
31172   0.006200
31173   0.003900
31174   0.006100
31175   0.005800
31176   0.005600
31177  -0.008000
31178  -0.013300
31179  -0.023400
31180  -0.028900
31181  -0.016100
31182  -0.011400
31183  -0.007700
31184  -0.002100
31185  -0.008000
31186  -0.005400
31187  -0.013700
31188  -0.028500
31189  -0.015200
31190  -0.015300
31191  -0.010100
31192  -0.010000
31193  -0.015300
31194  -0.018700
31195  -0.028100
31196  -0.030000
31197  -0.027100
31198  -0.032400
31199  -0.033800
31200  -0.035600
31201  -0.047400
31202  -0.042500
31203  -0.034200
31204  -0.039600
31205  -0.027100
31206  -0.015800
31207   0.000200
31208  -0.001000
31209   0.003400
31210   0.002600
31211   0.009200
31212   0.026300
31213   0.019400
31214   0.008300
31215   0.013100
31216   0.025000
31217   0.015300
31218   0.017600
31219   0.005100
31220   0.018500
31221   0.018200
31222   0.024900
31223   0.033800
31224   0.038200
31225   0.045100
31226   0.042900
31227   0.039500
31228   0.044800
31229   0.046100
31230   0.048300
31231   0.063400
31232   0.056300
31233   0.057000
31234   0.069100
31235   0.070500
31236   0.072200
31237   0.070300
31238   0.060300
31239   0.060800
31240   0.071900
31241   0.066900
31242   0.077200
31243   0.067900
31244   0.065200
31245   0.048600
31246   0.061800
31247   0.057900
31248   0.066600
31249   0.074700
31250   0.073000
31251   0.074700
31252   0.077800
31253   0.074700
31254   0.077900
31255   0.078200
31256   0.070500
31257   0.069900
31258   0.072700
31259   0.071900
31260   0.078600
31261   0.077300
31262   0.072700
31263   0.076400
31264   0.076400
31265   0.071000
31266   0.066100
31267   0.066200
31268   0.061600
31269   0.050400
31270   0.034600
31271   0.030100
31272   0.033900
31273   0.033900
31274   0.032000
31275   0.032900
31276   0.046500
31277   0.042800
31278   0.048500
31279   0.032500
31280   0.040100
31281   0.038400
31282   0.029200
31283   0.041700
31284   0.048200
31285   0.038000
31286   0.035300
31287   0.028900
31288   0.037300
31289   0.030900
31290   0.026700
31291   0.026900
31292   0.025500
31293   0.026500
31294   0.028400
31295   0.034800
31296   0.040500
31297   0.039800
31298   0.027200
31299   0.026000
31300   0.027900
31301   0.027800
31302   0.023900
31303   0.023000
31304   0.019200
31305   0.029900
31306   0.043500
31307   0.045800
31308   0.050400
31309   0.059600
31310   0.070000
31311   0.076300
31312   0.073000
31313   0.067300
31314   0.053900
31315   0.059000
31316   0.063700
31317   0.065100
31318   0.066900
31319   0.063200
31320   0.068800
31321   0.059800
31322   0.059200
31323   0.066500
31324   0.061400
31325   0.054700
31326   0.059000
31327   0.057000
31328   0.046600
31329   0.051200
31330   0.048900
31331   0.047600
31332   0.050000
31333   0.054800
31334   0.053600
31335   0.055800
31336   0.051700
31337   0.053700
31338   0.043100
31339   0.050300
31340   0.053700
31341   0.047200
31342   0.049100
31343   0.061800
31344   0.064300
31345   0.053900
31346   0.052200
31347   0.051200
31348   0.054200
31349   0.061000
31350   0.054300
31351   0.050200
31352   0.053300
31353   0.046900
31354   0.040200
31355   0.038400
31356   0.038800
31357   0.028900
31358   0.018800
31359   0.019100
31360   0.013500
31361   0.012600
31362   0.021500
31363   0.026500
31364   0.029400
31365   0.025700
31366   0.018500
31367   0.023000
31368   0.025500
31369   0.021300
31370   0.023300
31371   0.030600
31372   0.029400
31373   0.022200
31374   0.023400
31375   0.029600
31376   0.035700
31377   0.036700
31378   0.040500
31379   0.037400
31380   0.045500
31381   0.045100
31382   0.042200
31383   0.049400
31384   0.043300
31385   0.050300
31386   0.050900
31387   0.050200
31388   0.046200
31389   0.050200
31390   0.051500
31391   0.035200
31392   0.037000
31393   0.026300
31394   0.023300
31395   0.016400
31396   0.019900
31397   0.014400
31398   0.015200
31399   0.015200
31400   0.016800
31401   0.008600
31402   0.015100
31403   0.017600
31404   0.017300
31405   0.016700
31406   0.021900
31407   0.026900
31408   0.032000
31409   0.030400
31410   0.016800
31411   0.018500
31412   0.020100
31413   0.017000
31414   0.001000
31415  -0.004400
31416  -0.016100
31417  -0.010100
31418  -0.006400
31419   0.006200
31420   0.014800
31421   0.025800
31422   0.024000
31423   0.024900
31424   0.034200
31425   0.031100
31426   0.037200
31427   0.035900
31428   0.048800
31429   0.052500
31430   0.051800
31431   0.056800
31432   0.058700
31433   0.054700
31434   0.057200
31435   0.049900
31436   0.045500
31437   0.054300
31438   0.046500
31439   0.049100
31440   0.058000
31441   0.043400
31442   0.023600
31443   0.016700
31444   0.005400
31445   0.001800
31446   0.003800
31447  -0.004400
31448   0.008700
31449   0.004100
31450   0.001400
31451   0.005400
31452  -0.002800
31453  -0.000600
31454  -0.014200
31455  -0.012400
31456  -0.021600
31457  -0.018700
31458  -0.022800
31459  -0.020000
31460  -0.006500
31461  -0.009600
31462  -0.007900
31463   0.006300
31464   0.001400
31465  -0.001500
31466  -0.005400
31467  -0.016400
31468  -0.012200
31469  -0.013200
31470  -0.021500
31471  -0.024600
31472  -0.014700
31473  -0.011700
31474  -0.017400
31475  -0.015100
31476  -0.018500
31477  -0.020300
31478  -0.022100
31479  -0.018500
31480  -0.024900
31481  -0.027300
31482  -0.028600
31483  -0.033800
31484  -0.035700
31485  -0.043600
31486  -0.048600
31487  -0.047700
31488  -0.048900
31489  -0.049300
31490  -0.041900
31491  -0.045000
31492  -0.049300
31493  -0.053200
31494  -0.048100
31495  -0.045300
31496  -0.048700
31497  -0.043700
31498  -0.046600
31499  -0.043900
31500  -0.049500
31501  -0.044300
31502  -0.043600
31503  -0.041800
31504  -0.032700
31505  -0.039000
31506  -0.032400
31507  -0.038500
31508  -0.049700
31509  -0.046200
31510  -0.043300
31511  -0.040500
31512  -0.035800
31513  -0.035700
31514  -0.041900
31515  -0.046100
31516  -0.045000
31517  -0.045000
31518  -0.054300
31519  -0.057600
31520  -0.060100
31521  -0.068000
31522  -0.071500
31523  -0.069400
31524  -0.066800
31525  -0.060300
31526  -0.061000
31527  -0.068400
31528  -0.063800
31529  -0.057100
31530  -0.042500
31531  -0.044300
31532  -0.052800
31533  -0.059500
31534  -0.055900
31535  -0.053000
31536  -0.053900
31537  -0.051600
31538  -0.046700
31539  -0.043800
31540  -0.043100
31541  -0.045100
31542  -0.035500
31543  -0.022400
31544  -0.014500
31545  -0.010100
31546  -0.004500
31547  -0.005000
31548  -0.011000
31549   0.001400
31550  -0.007300
31551  -0.012900
31552  -0.012300
31553  -0.004600
31554  -0.000800
31555  -0.001200
31556  -0.005600
31557  -0.008600
31558  -0.018200
31559  -0.030900
31560  -0.020900
31561  -0.013100
31562  -0.004300
31563  -0.010800
31564  -0.014100
31565  -0.019100
31566  -0.015200
31567  -0.005000
31568  -0.006200
31569  -0.009900
31570   0.006400
31571   0.002600
31572   0.004100
31573  -0.000700
31574  -0.003200
31575  -0.008800
31576  -0.014600
31577  -0.021100
31578  -0.019900
31579  -0.022800
31580  -0.027700
31581  -0.030800
31582  -0.022600
31583  -0.030300
31584  -0.019800
31585  -0.031400
31586  -0.034400
31587  -0.047600
31588  -0.053200
31589  -0.049200
31590  -0.048800
31591  -0.055200
31592  -0.049400
31593  -0.046800
31594  -0.054700
31595  -0.049200
31596  -0.058400
31597  -0.043900
31598  -0.055800
31599  -0.061400
31600  -0.059600
31601  -0.058000
31602  -0.066600
31603  -0.072500
31604  -0.072800
31605  -0.060500
31606  -0.066300
31607  -0.068600
31608  -0.071500
31609  -0.079700
31610  -0.064200
31611  -0.072500
31612  -0.067600
31613  -0.077000
31614  -0.073200
31615  -0.070900
31616  -0.061600
31617  -0.054600
31618  -0.049100
31619  -0.048300
31620  -0.056300
31621  -0.051800
31622  -0.049100
31623  -0.057000
31624  -0.060800
31625  -0.062700
31626  -0.059000
31627  -0.056900
31628  -0.043800
31629  -0.045200
31630  -0.043800
31631  -0.047300
31632  -0.041100
31633  -0.049500
31634  -0.048300
31635  -0.050300
31636  -0.054700
31637  -0.051500
31638  -0.061800
31639  -0.070100
31640  -0.077700
31641  -0.075900
31642  -0.076500
31643  -0.074200
31644  -0.068700
31645  -0.075800
31646  -0.073500
31647  -0.071000
31648  -0.074800
31649  -0.073700
31650  -0.070800
31651  -0.067500
31652  -0.074200
31653  -0.063900
31654  -0.064500
31655  -0.076100
31656  -0.071500
31657  -0.068900
31658  -0.069000
31659  -0.064500
31660  -0.063000
31661  -0.068300
31662  -0.055000
31663  -0.043200
31664  -0.039300
31665  -0.042900
31666  -0.042700
31667  -0.034400
31668  -0.035700
31669  -0.029400
31670  -0.038800
31671  -0.034200
31672  -0.030500
31673  -0.035000
31674  -0.026500
31675  -0.026000
31676  -0.029800
31677  -0.026400
31678  -0.027600
31679  -0.023500
31680  -0.011600
31681  -0.010400
31682  -0.011400
31683  -0.006800
31684  -0.015800
31685  -0.017700
31686  -0.014700
31687  -0.020900
31688  -0.020300
31689  -0.014900
31690  -0.020500
31691  -0.029300
31692  -0.024400
31693  -0.016100
31694  -0.006100
31695   0.001300
31696  -0.003600
31697  -0.008900
31698   0.000800
31699   0.000900
31700   0.002200
31701   0.004400
31702   0.008100
31703   0.016700
31704   0.010000
31705   0.020900
31706   0.029300
31707   0.028600
31708   0.036400
31709   0.043700
31710   0.039200
31711   0.040000
31712   0.038600
31713   0.028000
31714   0.026400
31715   0.030700
31716   0.033600
31717   0.044900
31718   0.049000
31719   0.049500
31720   0.032400
31721   0.028600
31722   0.022700
31723   0.024400
31724   0.035500
31725   0.040200
31726   0.044500
31727   0.046200
31728   0.044900
31729   0.045900
31730   0.047600
31731   0.053300
31732   0.050300
31733   0.051200
31734   0.053800
31735   0.062300
31736   0.056100
31737   0.055800
31738   0.057200
31739   0.053800
31740   0.047700
31741   0.045600
31742   0.052300
31743   0.053500
31744   0.052200
31745   0.044900
31746   0.039200
31747   0.039900
31748   0.043400
31749   0.045900
31750   0.047100
31751   0.043600
31752   0.036000
31753   0.033200
31754   0.031900
31755   0.029600
31756   0.028100
31757   0.040100
31758   0.040800
31759   0.047100
31760   0.049400
31761   0.053300
31762   0.047900
31763   0.052400
31764   0.048800
31765   0.042000
31766   0.040100
31767   0.034000
31768   0.050700
31769   0.050900
31770   0.048400
31771   0.046500
31772   0.054100
31773   0.054400
31774   0.052100
31775   0.064900
31776   0.069600
31777   0.056400
31778   0.057900
31779   0.052600
31780   0.057700
31781   0.050700
31782   0.052900
31783   0.047800
31784   0.042100
31785   0.034600
31786   0.022900
31787   0.020100
31788   0.033500
31789   0.031500
31790   0.024500
31791   0.023800
31792   0.017700
31793   0.023900
31794   0.032100
31795   0.027600
31796   0.041000
31797   0.046100
31798   0.051600
31799   0.061200
31800   0.058500
31801   0.055500
31802   0.057200
31803   0.059800
31804   0.058800
31805   0.055500
31806   0.058400
31807   0.061800
31808   0.072500
31809   0.065100
31810   0.059500
31811   0.067500
31812   0.071700
31813   0.061700
31814   0.063400
31815   0.062100
31816   0.067600
31817   0.066000
31818   0.056500
31819   0.059200
31820   0.054900
31821   0.046900
31822   0.048600
31823   0.053100
31824   0.054900
31825   0.038100
31826   0.037500
31827   0.048100
31828   0.037400
31829   0.027200
31830   0.034400
31831   0.028600
31832   0.037400
31833   0.033000
31834   0.035400
31835   0.035500
31836   0.039200
31837   0.034500
31838   0.036100
31839   0.041600
31840   0.035300
31841   0.040600
31842   0.048100
31843   0.057500
31844   0.050200
31845   0.047500
31846   0.036200
31847   0.038400
31848   0.030500
31849   0.029300
31850   0.031900
31851   0.029600
31852   0.034200
31853   0.031600
31854   0.028700
31855   0.029000
31856   0.024300
31857   0.023500
31858   0.024100
31859   0.023000
31860   0.027900
31861   0.029000
31862   0.033600
31863   0.036800
31864   0.035600
31865   0.030900
31866   0.021900
31867   0.016300
31868   0.023900
31869   0.022200
31870   0.018300
31871   0.006100
31872   0.004400
31873   0.003400
31874   0.009400
31875  -0.001500
31876   0.002800
31877  -0.002700
31878   0.001600
31879   0.005600
31880   0.006200
31881   0.013200
31882   0.007100
31883   0.013600
31884   0.006800
31885  -0.007200
31886   0.000000
31887  -0.000900
31888  -0.001600
31889  -0.002600
31890   0.000100
31891   0.012800
31892   0.014300
31893   0.025500
31894   0.027100
31895   0.017800
31896   0.016700
31897   0.017400
31898   0.020800
31899   0.021100
31900   0.023900
31901   0.025800
31902   0.039500
31903   0.034300
31904   0.031500
31905   0.025300
31906   0.036100
31907   0.045700
31908   0.048000
31909   0.041800
31910   0.040200
31911   0.042800
31912   0.042200
31913   0.038200
31914   0.028000
31915   0.026000
31916   0.027600
31917   0.035900
31918   0.024600
31919   0.027600
31920   0.035200
31921   0.037700
31922   0.035800
31923   0.039200
31924   0.035900
31925   0.028900
31926   0.030900
31927   0.032200
31928   0.032600
31929   0.039200
31930   0.053400
31931   0.045600
31932   0.040300
31933   0.037200
31934   0.040700
31935   0.043600
31936   0.047800
31937   0.049000
31938   0.038200
31939   0.053500
31940   0.054300
31941   0.055700
31942   0.044900
31943   0.040200
31944   0.048900
31945   0.033800
31946   0.021200
31947   0.028800
31948   0.021800
31949   0.028800
31950   0.030700
31951   0.025300
31952   0.029300
31953   0.022800
31954   0.016700
31955   0.020100
31956   0.022500
31957   0.018600
31958   0.017500
31959   0.012100
31960   0.015700
31961   0.021200
31962   0.033500
31963   0.026600
31964   0.026500
31965   0.020400
31966   0.019000
31967   0.022100
31968   0.024000
31969   0.024200
31970   0.025700
31971   0.034100
31972   0.032200
31973   0.038300
31974   0.033800
31975   0.040900
31976   0.043000
31977   0.044800
31978   0.045100
31979   0.040800
31980   0.040500
31981   0.030000
31982   0.025800
31983   0.017800
31984   0.028500
31985   0.033900
31986   0.027200
31987   0.036300
31988   0.034900
31989   0.026900
31990   0.028100
31991   0.030700
31992   0.033300
31993   0.035100
31994   0.033400
31995   0.032300
31996   0.039600
31997   0.029000
31998   0.022500
31999   0.017400
32000   0.020700
32001   0.020000
32002   0.008700
32003  -0.003400
32004  -0.009800
32005  -0.009500
32006  -0.005900
32007  -0.000600
32008   0.011100
32009   0.014100
32010   0.011100
32011   0.009300
32012   0.000700
32013   0.009700
32014   0.007400
32015   0.022900
32016   0.025700
32017   0.024900
32018   0.029200
32019   0.019600
32020   0.021000
32021   0.016200
32022   0.011500
32023   0.022400
32024   0.011500
32025   0.013300
32026   0.011000
32027   0.008700
32028   0.010400
32029   0.013300
32030   0.023100
32031   0.026200
32032   0.031400
32033   0.015200
32034   0.018200
32035   0.031200
32036   0.033300
32037   0.027600
32038   0.029600
32039   0.031300
32040   0.034300
32041   0.031700
32042   0.041000
32043   0.054200
32044   0.059500
32045   0.061800
32046   0.048900
32047   0.037600
32048   0.037200
32049   0.038500
32050   0.045100
32051   0.037800
32052   0.041300
32053   0.041600
32054   0.047800
32055   0.044500
32056   0.036200
32057   0.026700
32058   0.033800
32059   0.028800
32060   0.038100
32061   0.039900
32062   0.052900
32063   0.048300
32064   0.041200
32065   0.043100
32066   0.048000
32067   0.050600
32068   0.051100
32069   0.046400
32070   0.049400
32071   0.049700
32072   0.045200
32073   0.045500
32074   0.041700
32075   0.042900
32076   0.038400
32077   0.030500
32078   0.026600
32079   0.037800
32080   0.035300
32081   0.037300
32082   0.030600
32083   0.035200
32084   0.034800
32085   0.024600
32086   0.032000
32087   0.041900
32088   0.045900
32089   0.041800
32090   0.048500
32091   0.063800
32092   0.064600
32093   0.057900
32094   0.045700
32095   0.040200
32096   0.045500
32097   0.040700
32098   0.048500
32099   0.063200
32100   0.058400
32101   0.055100
32102   0.061000
32103   0.058300
32104   0.063500
32105   0.060200
32106   0.071900
32107   0.080700
32108   0.079000
32109   0.072600
32110   0.070700
32111   0.075000
32112   0.069100
32113   0.059900
32114   0.056500
32115   0.076600
32116   0.080100
32117   0.088000
32118   0.089400
32119   0.090600
32120   0.087200
32121   0.094800
32122   0.102900
32123   0.110100
32124   0.102500
32125   0.096800
32126   0.099300
32127   0.096900
32128   0.090900
32129   0.079800
32130   0.075000
32131   0.071400
32132   0.066000
32133   0.069500
32134   0.074700
32135   0.069800
32136   0.075300
32137   0.076100
32138   0.066800
32139   0.058000
32140   0.059200
32141   0.052800
32142   0.054600
32143   0.051500
32144   0.056000
32145   0.045500
32146   0.050700
32147   0.054300
32148   0.056500
32149   0.059200
32150   0.057700
32151   0.057000
32152   0.069600
32153   0.079700
32154   0.073800
32155   0.064300
32156   0.063700
32157   0.056200
32158   0.055100
32159   0.056400
32160   0.046300
32161   0.039800
32162   0.043900
32163   0.047900
32164   0.043600
32165   0.046600
32166   0.042600
32167   0.049200
32168   0.048000
32169   0.045500
32170   0.050900
32171   0.060200
32172   0.063900
32173   0.060400
32174   0.052500
32175   0.054900
32176   0.045400
32177   0.051000
32178   0.045300
32179   0.042200
32180   0.052400
32181   0.055800
32182   0.043300
32183   0.047000
32184   0.045700
32185   0.052800
32186   0.049700
32187   0.063800
32188   0.067100
32189   0.063400
32190   0.064100
32191   0.060500
32192   0.073100
32193   0.084400
32194   0.077300
32195   0.085900
32196   0.074100
32197   0.072600
32198   0.074900
32199   0.077300
32200   0.068300
32201   0.061100
32202   0.055500
32203   0.053600
32204   0.047400
32205   0.057600
32206   0.053600
32207   0.051100
32208   0.044400
32209   0.045100
32210   0.045800
32211   0.045800
32212   0.041900
32213   0.032600
32214   0.025700
32215   0.016800
32216   0.016100
32217   0.006900
32218   0.016200
32219   0.008900
32220   0.013700
32221   0.009600
32222   0.004700
32223  -0.002300
32224   0.002400
32225   0.001900
32226   0.009800
32227   0.012900
32228   0.007600
32229   0.019900
32230   0.014900
32231   0.004800
32232  -0.005200
32233  -0.015000
32234  -0.013500
32235  -0.013900
32236  -0.016600
32237  -0.013800
32238  -0.018500
32239  -0.011300
32240  -0.008100
32241  -0.004300
32242   0.001900
32243   0.011800
32244   0.010700
32245   0.015600
32246   0.013600
32247   0.015300
32248   0.019900
32249   0.016600
32250   0.012300
32251   0.021100
32252   0.018900
32253   0.020500
32254   0.018900
32255   0.013500
32256   0.018600
32257   0.024900
32258   0.027500
32259   0.022900
32260   0.023000
32261   0.027600
32262   0.021600
32263   0.025100
32264   0.031700
32265   0.023200
32266   0.016100
32267   0.026600
32268   0.023800
32269   0.036700
32270   0.042500
32271   0.038100
32272   0.044300
32273   0.043300
32274   0.044300
32275   0.041900
32276   0.032200
32277   0.031800
32278   0.034300
32279   0.039500
32280   0.047200
32281   0.053600
32282   0.049900
32283   0.058700
32284   0.056800
32285   0.054500
32286   0.051900
32287   0.039000
32288   0.046500
32289   0.047600
32290   0.056100
32291   0.050400
32292   0.042600
32293   0.042300
32294   0.049700
32295   0.054400
32296   0.051500
32297   0.053200
32298   0.043100
32299   0.042200
32300   0.042600
32301   0.043100
32302   0.032500
32303   0.031300
32304   0.027000
32305   0.026700
32306   0.020700
32307   0.037100
32308   0.021000
32309   0.028700
32310   0.021900
32311   0.019700
32312   0.026800
32313   0.025500
32314   0.029400
32315   0.028600
32316   0.027100
32317   0.034000
32318   0.034100
32319   0.055700
32320   0.063900
32321   0.058000
32322   0.049400
32323   0.055700
32324   0.059900
32325   0.056700
32326   0.062800
32327   0.057600
32328   0.055400
32329   0.058700
32330   0.058000
32331   0.061800
32332   0.068500
32333   0.067600
32334   0.064900
32335   0.067200
32336   0.064500
32337   0.058700
32338   0.071000
32339   0.076900
32340   0.072600
32341   0.068200
32342   0.061300
32343   0.068600
32344   0.067500
32345   0.071000
32346   0.066200
32347   0.064700
32348   0.063400
32349   0.067300
32350   0.057800
32351   0.055500
32352   0.040300
32353   0.044200
32354   0.038500
32355   0.045000
32356   0.044000
32357   0.045400
32358   0.042300
32359   0.043700
32360   0.031000
32361   0.043100
32362   0.045800
32363   0.037200
32364   0.035200
32365   0.028800
32366   0.042700
32367   0.044100
32368   0.045600
32369   0.040000
32370   0.037700
32371   0.040100
32372   0.046400
32373   0.051300
32374   0.059300
32375   0.055200
32376   0.048400
32377   0.050800
32378   0.043100
32379   0.035300
32380   0.041300
32381   0.037000
32382   0.036500
32383   0.026700
32384   0.017100
32385   0.013300
32386   0.001600
32387  -0.002400
32388   0.005400
32389   0.007800
32390   0.022700
32391   0.025000
32392   0.018300
32393   0.008200
32394  -0.002500
32395  -0.005700
32396  -0.017900
32397  -0.021400
32398  -0.021000
32399  -0.030500
32400  -0.023300
32401  -0.020800
32402  -0.016900
32403  -0.022100
32404  -0.017600
32405  -0.026300
32406  -0.023700
32407  -0.022400
32408  -0.023400
32409  -0.026600
32410  -0.025600
32411  -0.013100
32412  -0.013400
32413  -0.013200
32414  -0.003500
32415  -0.000600
32416   0.006200
32417   0.017000
32418   0.020000
32419   0.009600
32420   0.004800
32421   0.007600
32422   0.006000
32423   0.006300
32424  -0.000900
32425  -0.018800
32426  -0.016600
32427  -0.013800
32428  -0.011400
32429  -0.013800
32430  -0.015200
32431  -0.011500
32432  -0.021000
32433  -0.030100
32434  -0.033600
32435  -0.035400
32436  -0.031300
32437  -0.038600
32438  -0.034900
32439  -0.026700
32440  -0.026000
32441  -0.022600
32442  -0.021500
32443  -0.019600
32444  -0.025400
32445  -0.022700
32446  -0.032500
32447  -0.033000
32448  -0.034000
32449  -0.026800
32450  -0.024200
32451  -0.024400
32452  -0.019700
32453  -0.014900
32454  -0.010400
32455  -0.000900
32456   0.002600
32457  -0.007100
32458  -0.017100
32459  -0.019600
32460  -0.021000
32461  -0.018400
32462  -0.011700
32463  -0.016100
32464  -0.009900
32465  -0.006300
32466   0.001100
32467   0.008300
32468   0.003000
32469   0.001800
32470   0.016000
32471   0.000700
32472  -0.004400
32473  -0.002200
32474   0.005300
32475   0.001400
32476   0.007800
32477   0.004500
32478   0.005400
32479   0.009900
32480   0.000000
32481  -0.003500
32482   0.001700
32483   0.003200
32484  -0.003100
32485   0.001600
32486   0.000300
32487  -0.001600
32488  -0.005200
32489  -0.005600
32490  -0.005600
32491  -0.001000
32492   0.002500
32493   0.004100
32494   0.003800
32495   0.003900
32496   0.006300
32497   0.010800
32498   0.009600
32499   0.003800
32500   0.001700
32501   0.004100
32502  -0.006500
32503  -0.012500
32504  -0.011300
32505  -0.009700
32506  -0.024500
32507  -0.028400
32508  -0.037000
32509  -0.031900
32510  -0.037100
32511  -0.024600
32512  -0.033900
32513  -0.036400
32514  -0.033900
32515  -0.027100
32516  -0.024400
32517  -0.017900
32518  -0.021100
32519  -0.012500
32520  -0.009700
32521  -0.008400
32522  -0.018000
32523  -0.010000
32524  -0.009400
32525  -0.015500
32526  -0.025300
32527  -0.031000
32528  -0.021500
32529  -0.017800
32530  -0.008100
32531  -0.008300
32532  -0.000900
32533   0.003900
32534   0.006200
32535   0.008100
32536  -0.005400
32537  -0.011300
32538  -0.009400
32539   0.000100
32540  -0.001500
32541   0.004000
32542   0.000300
32543  -0.003700
32544  -0.011500
32545  -0.004200
32546   0.003400
32547   0.002000
32548  -0.001300
32549   0.001100
32550  -0.000800
32551  -0.003500
32552  -0.007600
32553  -0.007300
32554  -0.013200
32555  -0.010200
32556  -0.006700
32557  -0.006400
32558  -0.007100
32559  -0.008800
32560  -0.005200
32561  -0.011800
32562  -0.007800
32563  -0.004200
32564   0.009200
32565   0.014100
32566   0.013400
32567   0.010200
32568   0.009400
32569   0.000100
32570  -0.002200
32571   0.006100
32572   0.003800
32573   0.012400
32574   0.019200
32575   0.017200
32576   0.009400
32577   0.007100
32578   0.002000
32579   0.001000
32580  -0.019700
32581  -0.022800
32582  -0.021100
32583  -0.018600
32584  -0.014400
32585  -0.008200
32586  -0.005100
32587   0.000000
32588  -0.005300
32589  -0.008900
32590  -0.004000
32591  -0.003800
32592   0.000500
32593  -0.000600
32594  -0.004300
32595  -0.000200
32596   0.011000
32597   0.006200
32598  -0.001900
32599   0.001000
32600  -0.008600
32601  -0.018200
32602  -0.014800
32603  -0.016100
32604  -0.011200
32605  -0.007500
32606   0.003200
32607  -0.003100
32608   0.001200
32609  -0.014300
32610  -0.029200
32611  -0.030600
32612  -0.023600
32613  -0.021100
32614  -0.029000
32615  -0.028100
32616  -0.021700
32617  -0.023700
32618  -0.021800
32619  -0.019600
32620  -0.016400
32621  -0.018500
32622  -0.016600
32623  -0.012200
32624  -0.011400
32625  -0.013000
32626  -0.016000
32627  -0.020500
32628  -0.028100
32629  -0.032300
32630  -0.019900
32631  -0.010200
32632  -0.013600
32633  -0.023900
32634  -0.028000
32635  -0.028200
32636  -0.029400
32637  -0.034300
32638  -0.035900
32639  -0.035600
32640  -0.025000
32641  -0.030600
32642  -0.030000
32643  -0.033800
32644  -0.032700
32645  -0.020200
32646  -0.019000
32647  -0.010100
32648  -0.003900
32649  -0.009100
32650   0.005600
32651   0.008400
32652   0.005700
32653   0.015100
32654   0.023400
32655   0.018000
32656   0.025100
32657   0.026200
32658   0.025500
32659   0.028300
32660   0.026100
32661   0.023100
32662   0.016800
32663   0.019200
32664   0.022900
32665   0.033200
32666   0.037200
32667   0.043500
32668   0.039600
32669   0.031500
32670   0.033200
32671   0.035500
32672   0.019300
32673   0.009800
32674  -0.001600
32675  -0.005300
32676  -0.003700
32677   0.003400
32678   0.011000
32679   0.006000
32680   0.006500
32681   0.018000
32682   0.020200
32683   0.012800
32684   0.011500
32685  -0.000100
32686  -0.001000
32687  -0.004000
32688   0.000500
32689  -0.004300
32690  -0.002600
32691  -0.003600
32692  -0.003200
32693   0.004900
32694   0.006400
32695   0.004200
32696   0.013400
32697   0.018100
32698   0.017500
32699   0.010200
32700   0.006100
32701   0.005400
32702   0.006300
32703  -0.000500
32704   0.004800
32705   0.008500
32706   0.001900
32707   0.000100
32708  -0.002600
32709  -0.005100
32710  -0.002200
32711   0.003100
32712   0.013600
32713   0.012500
32714   0.016400
32715   0.025600
32716   0.015400
32717   0.003800
32718  -0.008800
32719  -0.016300
32720  -0.018800
32721  -0.016100
32722  -0.010800
32723  -0.011500
32724  -0.018900
32725  -0.016800
32726  -0.013700
32727  -0.015400
32728  -0.008400
32729  -0.005600
32730  -0.001500
32731  -0.001600
32732  -0.010700
32733  -0.003200
32734   0.010300
32735   0.018400
32736   0.020400
32737   0.027400
32738   0.031100
32739   0.033100
32740   0.041100
32741   0.041300
32742   0.042100
32743   0.046300
32744   0.049600
32745   0.056800
32746   0.068100
32747   0.068100
32748   0.066400
32749   0.067700
32750   0.061500
32751   0.056200
32752   0.066400
32753   0.062300
32754   0.064300
32755   0.066600
32756   0.064400
32757   0.055700
32758   0.057000
32759   0.058700
32760   0.062200
32761   0.055700
32762   0.055800
32763   0.069800
32764   0.074400
32765   0.072400
32766   0.071100
32767   0.052300
32768   0.040700
32769   0.035100
32770   0.042300
32771   0.046200
32772   0.046800
32773   0.055100
32774   0.053100
32775   0.062000
32776   0.058100
32777   0.054300
32778   0.049200
32779   0.051100
32780   0.045300
32781   0.056100
32782   0.079000
32783   0.084900
32784   0.078900
32785   0.084200
32786   0.075100
32787   0.075700
32788   0.078000
32789   0.073300
32790   0.073000
32791   0.066000
32792   0.057800
32793   0.046900
32794   0.042700
32795   0.049700
32796   0.048300
32797   0.047900
32798   0.056400
32799   0.048100
32800   0.049500
32801   0.040400
32802   0.034700
32803   0.028800
32804   0.025100
32805   0.033300
32806   0.032500
32807   0.025700
32808   0.019700
32809   0.016900
32810   0.017300
32811   0.008800
32812   0.009400
32813   0.009600
32814   0.017200
32815   0.010600
32816   0.006700
32817   0.006500
32818   0.014200
32819   0.022900
32820   0.009300
32821   0.010700
32822   0.008700
32823   0.004400
32824  -0.003400
32825   0.000300
32826   0.001800
32827   0.008900
32828   0.000100
32829  -0.005100
32830  -0.010200
32831  -0.005600
32832   0.001900
32833  -0.001100
32834   0.004000
32835   0.008600
32836   0.013000
32837   0.007500
32838   0.001900
32839   0.009400
32840   0.001900
32841   0.012300
32842   0.015100
32843   0.023800
32844   0.025800
32845   0.027600
32846   0.031300
32847   0.037700
32848   0.032400
32849   0.030800
32850   0.034900
32851   0.030500
32852   0.030000
32853   0.029000
32854   0.018900
32855   0.033000
32856   0.035600
32857   0.039300
32858   0.031500
32859   0.042200
32860   0.044300
32861   0.049600
32862   0.054800
32863   0.053300
32864   0.043300
32865   0.038900
32866   0.036800
32867   0.041100
32868   0.051700
32869   0.047300
32870   0.041800
32871   0.049900
32872   0.037700
32873   0.045500
32874   0.046600
32875   0.048000
32876   0.050500
32877   0.052500
32878   0.058200
32879   0.063100
32880   0.073900
32881   0.063000
32882   0.068400
32883   0.055600
32884   0.055900
32885   0.059200
32886   0.065800
32887   0.079600
32888   0.079500
32889   0.075100
32890   0.085600
32891   0.077300
32892   0.076200
32893   0.069100
32894   0.073200
32895   0.067100
32896   0.071300
32897   0.064200
32898   0.059300
32899   0.055700
32900   0.049800
32901   0.054600
32902   0.051300
32903   0.059700
32904   0.063700
32905   0.064400
32906   0.058800
32907   0.070300
32908   0.081400
32909   0.074100
32910   0.072000
32911   0.076700
32912   0.070100
32913   0.071000
32914   0.073700
32915   0.073100
32916   0.073500
32917   0.065600
32918   0.058600
32919   0.055100
32920   0.059700
32921   0.068200
32922   0.065100
32923   0.062900
32924   0.063400
32925   0.053300
32926   0.052300
32927   0.044700
32928   0.039800
32929   0.038600
32930   0.041500
32931   0.044800
32932   0.042500
32933   0.034200
32934   0.039100
32935   0.044400
32936   0.041200
32937   0.045400
32938   0.054300
32939   0.043300
32940   0.046400
32941   0.041200
32942   0.036800
32943   0.038200
32944   0.041000
32945   0.034300
32946   0.038800
32947   0.029300
32948   0.030900
32949   0.024800
32950   0.026100
32951   0.032100
32952   0.030200
32953   0.024700
32954   0.026500
32955   0.028000
32956   0.029800
32957   0.036400
32958   0.037700
32959   0.025800
32960   0.017400
32961   0.019000
32962   0.026000
32963   0.031300
32964   0.028400
32965   0.026100
32966   0.026100
32967   0.036100
32968   0.034200
32969   0.037700
32970   0.029800
32971   0.026500
32972   0.027600
32973   0.021500
32974   0.021000
32975   0.023700
32976   0.008800
32977   0.007900
32978   0.009500
32979   0.011300
32980   0.005900
32981   0.001800
32982   0.007600
32983   0.003800
32984   0.008100
32985   0.013400
32986   0.019500
32987   0.018100
32988   0.012800
32989   0.016800
32990   0.018600
32991   0.008700
32992   0.000900
32993  -0.014600
32994  -0.013800
32995  -0.017300
32996  -0.011300
32997  -0.015500
32998  -0.021400
32999  -0.018600
33000  -0.018200
33001  -0.015900
33002  -0.018600
33003  -0.014000
33004  -0.011800
33005  -0.003000
33006  -0.009000
33007  -0.011000
33008  -0.017200
33009  -0.014300
33010  -0.016900
33011  -0.022900
33012  -0.016300
33013  -0.014100
33014  -0.020000
33015  -0.010300
33016  -0.014200
33017  -0.005700
33018  -0.000400
33019   0.004200
33020   0.009600
33021   0.009800
33022   0.008000
33023   0.007000
33024   0.004100
33025   0.010800
33026   0.015700
33027   0.024800
33028   0.017600
33029   0.009500
33030   0.018800
33031   0.034200
33032   0.034500
33033   0.031100
33034   0.030500
33035   0.039200
33036   0.032800
33037   0.034500
33038   0.023900
33039   0.019600
33040   0.022400
33041   0.018600
33042   0.021300
33043   0.018300
33044   0.006000
33045   0.013200
33046   0.014900
33047   0.009000
33048   0.025900
33049   0.027900
33050   0.031400
33051   0.031500
33052   0.028100
33053   0.027900
33054   0.021800
33055   0.017700
33056   0.014700
33057   0.024100
33058   0.009700
33059   0.009100
33060   0.005100
33061   0.002000
33062   0.006900
33063   0.020400
33064   0.019500
33065   0.035000
33066   0.032400
33067   0.033300
33068   0.039800
33069   0.046000
33070   0.050100
33071   0.042200
33072   0.044900
33073   0.039100
33074   0.034100
33075   0.033400
33076   0.032300
33077   0.026800
33078   0.036200
33079   0.041300
33080   0.050100
33081   0.048700
33082   0.045900
33083   0.043700
33084   0.057800
33085   0.059400
33086   0.046500
33087   0.053100
33088   0.064500
33089   0.066400
33090   0.061900
33091   0.061400
33092   0.063900
33093   0.051500
33094   0.052700
33095   0.049800
33096   0.061300
33097   0.056300
33098   0.054800
33099   0.048400
33100   0.056000
33101   0.051400
33102   0.036800
33103   0.049700
33104   0.060000
33105   0.055900
33106   0.052200
33107   0.045500
33108   0.045700
33109   0.045200
33110   0.038600
33111   0.046200
33112   0.041300
33113   0.049300
33114   0.038700
33115   0.036000
33116   0.037200
33117   0.037900
33118   0.036800
33119   0.038600
33120   0.033100
33121   0.030300
33122   0.037800
33123   0.032400
33124   0.037400
33125   0.045800
33126   0.037900
33127   0.041100
33128   0.047000
33129   0.060200
33130   0.069100
33131   0.068100
33132   0.076400
33133   0.085300
33134   0.073900
33135   0.067500
33136   0.061400
33137   0.068000
33138   0.062200
33139   0.062400
33140   0.062400
33141   0.059500
33142   0.069200
33143   0.062700
33144   0.069900
33145   0.061300
33146   0.068300
33147   0.059700
33148   0.051900
33149   0.057000
33150   0.063600
33151   0.059200
33152   0.060700
33153   0.059500
33154   0.057600
33155   0.056200
33156   0.059400
33157   0.068700
33158   0.064500
33159   0.076400
33160   0.088900
33161   0.098200
33162   0.099300
33163   0.096600
33164   0.103800
33165   0.104900
33166   0.103500
33167   0.098400
33168   0.091700
33169   0.085500
33170   0.083800
33171   0.080700
33172   0.078200
33173   0.080100
33174   0.090000
33175   0.082100
33176   0.071900
33177   0.063600
33178   0.057900
33179   0.060700
33180   0.055500
33181   0.051600
33182   0.059700
33183   0.071100
33184   0.077700
33185   0.077800
33186   0.083400
33187   0.075400
33188   0.076500
33189   0.070100
33190   0.061600
33191   0.055400
33192   0.054900
33193   0.052900
33194   0.033300
33195   0.032500
33196   0.045200
33197   0.030700
33198   0.034700
33199   0.035900
33200   0.028700
33201   0.022000
33202   0.014500
33203   0.006100
33204   0.007900
33205   0.015400
33206   0.023700
33207   0.021400
33208   0.021400
33209   0.034800
33210   0.039200
33211   0.032600
33212   0.035000
33213   0.035800
33214   0.034800
33215   0.037400
33216   0.028200
33217   0.027300
33218   0.034600
33219   0.026600
33220   0.017300
33221   0.028800
33222   0.030500
33223   0.038600
33224   0.047700
33225   0.044300
33226   0.043600
33227   0.044300
33228   0.050700
33229   0.053900
33230   0.056900
33231   0.050800
33232   0.050200
33233   0.050700
33234   0.048400
33235   0.054100
33236   0.054200
33237   0.047000
33238   0.043200
33239   0.042700
33240   0.042700
33241   0.031800
33242   0.037200
33243   0.044100
33244   0.046200
33245   0.050600
33246   0.050300
33247   0.048300
33248   0.041600
33249   0.028900
33250   0.030400
33251   0.032400
33252   0.036100
33253   0.031500
33254   0.026600
33255   0.030400
33256   0.026300
33257   0.027400
33258   0.022900
33259   0.033700
33260   0.032900
33261   0.033000
33262   0.020300
33263   0.026500
33264   0.035200
33265   0.029900
33266   0.036000
33267   0.031500
33268   0.041300
33269   0.039900
33270   0.031700
33271   0.030100
33272   0.038300
33273   0.042200
33274   0.040000
33275   0.050100
33276   0.055700
33277   0.046600
33278   0.058600
33279   0.060300
33280   0.053800
33281   0.051200
33282   0.050000
33283   0.034600
33284   0.034100
33285   0.040300
33286   0.044400
33287   0.044400
33288   0.040100
33289   0.042100
33290   0.046100
33291   0.047400
33292   0.049000
33293   0.050600
33294   0.049300
33295   0.059400
33296   0.056000
33297   0.050300
33298   0.047700
33299   0.041900
33300   0.055600
33301   0.056500
33302   0.056000
33303   0.064000
33304   0.062000
33305   0.063200
33306   0.074600
33307   0.069400
33308   0.070100
33309   0.058100
33310   0.061100
33311   0.052100
33312   0.041200
33313   0.034400
33314   0.035800
33315   0.042200
33316   0.034600
33317   0.034900
33318   0.043700
33319   0.032800
33320   0.035100
33321   0.026100
33322   0.027100
33323   0.018400
33324   0.023600
33325   0.030400
33326   0.025500
33327   0.022600
33328   0.018600
33329   0.006600
33330   0.009200
33331   0.013400
33332   0.015800
33333   0.025600
33334   0.024900
33335   0.011900
33336   0.019300
33337   0.012800
33338   0.008700
33339   0.007400
33340   0.008500
33341   0.009800
33342   0.003400
33343   0.011200
33344   0.012500
33345   0.013100
33346   0.018700
33347   0.013300
33348   0.003000
33349   0.005500
33350   0.013600
33351   0.012600
33352   0.015300
33353   0.006300
33354   0.009600
33355  -0.001300
33356  -0.002800
33357  -0.004300
33358  -0.011900
33359  -0.010900
33360  -0.012300
33361  -0.014300
33362  -0.013900
33363  -0.006000
33364  -0.008400
33365   0.000500
33366   0.000200
33367   0.007500
33368   0.010200
33369   0.013000
33370   0.010500
33371   0.016000
33372   0.013400
33373   0.011100
33374   0.017100
33375   0.019500
33376   0.020300
33377   0.013400
33378   0.019700
33379   0.013900
33380   0.007300
33381   0.025200
33382   0.021000
33383   0.022400
33384   0.018500
33385   0.017800
33386   0.011700
33387   0.017500
33388   0.022100
33389   0.018500
33390   0.021300
33391   0.017200
33392   0.012600
33393   0.015000
33394   0.007800
33395   0.007400
33396   0.017300
33397   0.009000
33398   0.010300
33399   0.014800
33400   0.018500
33401   0.027000
33402   0.034100
33403   0.028100
33404   0.038200
33405   0.031000
33406   0.018900
33407   0.012800
33408   0.017600
33409   0.023800
33410   0.034400
33411   0.029200
33412   0.024500
33413   0.026100
33414   0.026000
33415   0.015200
33416   0.012400
33417   0.020600
33418   0.018800
33419   0.018700
33420   0.008600
33421  -0.000900
33422   0.009100
33423   0.009300
33424   0.014400
33425   0.012100
33426   0.017700
33427   0.010300
33428   0.003400
33429   0.001600
33430   0.006900
33431   0.006800
33432   0.013500
33433   0.022100
33434   0.026000
33435   0.028700
33436   0.024600
33437   0.021500
33438   0.019300
33439   0.011500
33440   0.012100
33441   0.007700
33442   0.006600
33443   0.002200
33444   0.006800
33445  -0.002600
33446  -0.002700
33447  -0.015900
33448  -0.017000
33449  -0.019800
33450  -0.018000
33451  -0.015300
33452  -0.013300
33453  -0.002000
33454   0.006200
33455   0.002900
33456   0.004200
33457   0.002600
33458   0.012400
33459   0.010400
33460   0.007700
33461  -0.000600
33462   0.000600
33463   0.010200
33464   0.013400
33465   0.015100
33466   0.028700
33467   0.024500
33468   0.026000
33469   0.027800
33470   0.017900
33471   0.020400
33472   0.025500
33473   0.023400
33474   0.023600
33475   0.028700
33476   0.023800
33477   0.023600
33478   0.033400
33479   0.020900
33480   0.030700
33481   0.034400
33482   0.034900
33483   0.047900
33484   0.052300
33485   0.056500
33486   0.053600
33487   0.052200
33488   0.051500
33489   0.040300
33490   0.028300
33491   0.025400
33492   0.032100
33493   0.033500
33494   0.018400
33495   0.022900
33496   0.023200
33497   0.007500
33498   0.010800
33499   0.023200
33500   0.021800
33501   0.024800
33502   0.017400
33503   0.003800
33504   0.020600
33505   0.023700
33506   0.022500
33507   0.020700
33508   0.017500
33509   0.014900
33510   0.012500
33511   0.008400
33512   0.007900
33513   0.013000
33514   0.015600
33515   0.022300
33516   0.016300
33517   0.017900
33518   0.013400
33519   0.017000
33520   0.017600
33521   0.011700
33522   0.015300
33523   0.012700
33524   0.014400
33525   0.010600
33526   0.014700
33527   0.008700
33528   0.000900
33529  -0.005700
33530  -0.004200
33531   0.000400
33532  -0.004600
33533  -0.013200
33534  -0.014600
33535  -0.010000
33536  -0.010200
33537  -0.017800
33538  -0.025100
33539  -0.027000
33540  -0.027600
33541  -0.040000
33542  -0.027900
33543  -0.033400
33544  -0.037200
33545  -0.035800
33546  -0.033100
33547  -0.033600
33548  -0.028400
33549  -0.043000
33550  -0.041400
33551  -0.056400
33552  -0.054800
33553  -0.043300
33554  -0.027100
33555  -0.037600
33556  -0.043200
33557  -0.047500
33558  -0.042000
33559  -0.038400
33560  -0.030900
33561  -0.023100
33562  -0.021800
33563  -0.014600
33564  -0.024200
33565  -0.022800
33566  -0.014400
33567  -0.013100
33568   0.005600
33569   0.015800
33570   0.020700
33571   0.022700
33572   0.029500
33573   0.027100
33574   0.026100
33575   0.013000
33576   0.007000
33577   0.014700
33578   0.012400
33579   0.019400
33580   0.019200
33581   0.026100
33582   0.017900
33583   0.018700
33584   0.025000
33585   0.035500
33586   0.035400
33587   0.035800
33588   0.043700
33589   0.046600
33590   0.048000
33591   0.050200
33592   0.054200
33593   0.064700
33594   0.061600
33595   0.064400
33596   0.064500
33597   0.055800
33598   0.056900
33599   0.055400
33600   0.060700
33601   0.060200
33602   0.053400
33603   0.053600
33604   0.039300
33605   0.031800
33606   0.046200
33607   0.049800
33608   0.043500
33609   0.042400
33610   0.056900
33611   0.065200
33612   0.057000
33613   0.063200
33614   0.066500
33615   0.064200
33616   0.067500
33617   0.065500
33618   0.066500
33619   0.062900
33620   0.072300
33621   0.071900
33622   0.066700
33623   0.067500
33624   0.076900
33625   0.064200
33626   0.074200
33627   0.067400
33628   0.071000
33629   0.060400
33630   0.055900
33631   0.065500
33632   0.079800
33633   0.081100
33634   0.084000
33635   0.075300
33636   0.075200
33637   0.072700
33638   0.081700
33639   0.085400
33640   0.085000
33641   0.076200
33642   0.069100
33643   0.063100
33644   0.064000
33645   0.065800
33646   0.074800
33647   0.073400
33648   0.066700
33649   0.063000
33650   0.065900
33651   0.069500
33652   0.067300
33653   0.073100
33654   0.071500
33655   0.081500
33656   0.077600
33657   0.078500
33658   0.077300
33659   0.076600
33660   0.085000
33661   0.092200
33662   0.088200
33663   0.081000
33664   0.091000
33665   0.088900
33666   0.098100
33667   0.081600
33668   0.090700
33669   0.099400
33670   0.090900
33671   0.090400
33672   0.085600
33673   0.084900
33674   0.075000
33675   0.062800
33676   0.066200
33677   0.074900
33678   0.062900
33679   0.063000
33680   0.066000
33681   0.064200
33682   0.065400
33683   0.059200
33684   0.050800
33685   0.052100
33686   0.048600
33687   0.052500
33688   0.051400
33689   0.048900
33690   0.045700
33691   0.042500
33692   0.045500
33693   0.034200
33694   0.030300
33695   0.031700
33696   0.030600
33697   0.035500
33698   0.035900
33699   0.038000
33700   0.033000
33701   0.030100
33702   0.024600
33703   0.031000
33704   0.024500
33705   0.019600
33706   0.008600
33707   0.009300
33708   0.009400
33709   0.017700
33710   0.008800
33711   0.007400
33712   0.008200
33713   0.009100
33714   0.000200
33715   0.006000
33716   0.018300
33717   0.024000
33718   0.023700
33719   0.029300
33720   0.031500
33721   0.021700
33722   0.021100
33723   0.021500
33724   0.025300
33725   0.013300
33726   0.019700
33727   0.024300
33728   0.026900
33729   0.034600
33730   0.038800
33731   0.032400
33732   0.038300
33733   0.039700
33734   0.030700
33735   0.030900
33736   0.027100
33737   0.037600
33738   0.031600
33739   0.035100
33740   0.015400
33741   0.023700
33742   0.025500
33743   0.021600
33744   0.021700
33745   0.012600
33746   0.007000
33747   0.012900
33748   0.014000
33749   0.014000
33750   0.002400
33751   0.013900
33752   0.003800
33753   0.001900
33754   0.002000
33755  -0.000400
33756   0.009400
33757   0.003700
33758   0.008400
33759   0.013300
33760   0.005300
33761   0.019100
33762   0.013600
33763   0.008800
33764   0.014300
33765   0.012700
33766   0.004600
33767   0.002600
33768   0.006200
33769   0.004100
33770   0.013000
33771   0.019300
33772   0.026800
33773   0.027700
33774   0.026300
33775   0.015700
33776   0.014900
33777   0.011100
33778   0.016300
33779   0.021300
33780   0.029500
33781   0.030400
33782   0.036600
33783   0.031000
33784   0.033700
33785   0.027800
33786   0.029400
33787   0.028500
33788   0.020600
33789   0.019100
33790   0.024300
33791   0.009900
33792   0.010300
33793   0.022500
33794   0.026200
33795   0.021200
33796   0.016000
33797   0.012700
33798   0.021000
33799   0.018400
33800   0.011000
33801   0.014200
33802   0.015200
33803   0.016600
33804   0.013900
33805   0.020800
33806   0.014300
33807   0.004900
33808   0.012200
33809   0.013800
33810   0.002500
33811   0.003900
33812   0.007100
33813   0.003800
33814  -0.002200
33815  -0.009400
33816  -0.006700
33817  -0.000600
33818   0.001900
33819   0.000600
33820   0.006300
33821   0.000300
33822   0.001800
33823   0.001000
33824   0.000900
33825   0.006900
33826   0.005600
33827   0.013300
33828   0.006100
33829   0.005800
33830   0.006600
33831   0.011100
33832   0.002600
33833   0.009100
33834   0.002500
33835   0.003900
33836   0.003300
33837   0.002000
33838   0.000300
33839   0.002400
33840   0.006900
33841   0.016800
33842   0.008800
33843   0.016100
33844   0.023100
33845   0.032600
33846   0.027700
33847   0.026900
33848   0.020200
33849   0.027400
33850   0.025200
33851   0.031500
33852   0.025200
33853   0.038200
33854   0.025800
33855   0.020700
33856   0.021300
33857   0.017200
33858   0.022900
33859   0.017000
33860   0.010100
33861   0.012000
33862   0.022500
33863   0.029600
33864   0.032900
33865   0.032600
33866   0.033700
33867   0.031700
33868   0.028500
33869   0.020200
33870   0.014300
33871   0.006400
33872  -0.000700
33873   0.012100
33874   0.014100
33875   0.010800
33876   0.011300
33877   0.014200
33878   0.006700
33879   0.009700
33880   0.012100
33881   0.005800
33882   0.001200
33883   0.004500
33884   0.005500
33885  -0.005800
33886   0.006200
33887  -0.002100
33888   0.006800
33889   0.001200
33890   0.004200
33891   0.009900
33892   0.004700
33893   0.007600
33894   0.015700
33895   0.027100
33896   0.027800
33897   0.025600
33898   0.021700
33899   0.022300
33900   0.016400
33901   0.013600
33902   0.018600
33903   0.010700
33904   0.009300
33905   0.006300
33906   0.019200
33907   0.026800
33908   0.031800
33909   0.029800
33910   0.025800
33911   0.028300
33912   0.020900
33913   0.026200
33914   0.022100
33915   0.026300
33916   0.021300
33917   0.025300
33918   0.013600
33919   0.018200
33920   0.017000
33921   0.017600
33922   0.017800
33923   0.024400
33924   0.032300
33925   0.030600
33926   0.015400
33927   0.005200
33928   0.019200
33929   0.023800
33930   0.023700
33931   0.030800
33932   0.023900
33933   0.020700
33934   0.020800
33935   0.006900
33936   0.008600
33937   0.004800
33938  -0.000300
33939  -0.012900
33940  -0.004400
33941  -0.009500
33942  -0.017000
33943  -0.013600
33944  -0.017400
33945  -0.009700
33946  -0.007300
33947   0.001200
33948   0.007000
33949   0.001900
33950   0.008000
33951   0.009900
33952  -0.002500
33953  -0.002400
33954   0.003100
33955   0.003800
33956   0.007300
33957  -0.000400
33958  -0.000900
33959  -0.008300
33960   0.008200
33961   0.001300
33962   0.004100
33963   0.003400
33964  -0.002700
33965  -0.000200
33966  -0.013900
33967  -0.014300
33968  -0.010400
33969  -0.007200
33970  -0.000700
33971  -0.010700
33972  -0.004200
33973  -0.008400
33974  -0.015400
33975  -0.011700
33976  -0.016400
33977  -0.019200
33978  -0.014000
33979  -0.014600
33980  -0.017500
33981  -0.012500
33982  -0.006400
33983  -0.007900
33984  -0.009300
33985  -0.004300
33986  -0.002400
33987   0.000100
33988  -0.002300
33989  -0.006400
33990  -0.003900
33991  -0.003700
33992  -0.006200
33993  -0.011400
33994  -0.015800
33995  -0.011900
33996  -0.009600
33997  -0.015100
33998  -0.004300
33999  -0.009000
34000  -0.002800
34001  -0.005900
34002  -0.001300
34003  -0.009700
34004  -0.017800
34005  -0.018600
34006  -0.015700
34007  -0.016000
34008  -0.007300
34009  -0.004400
34010   0.000600
34011  -0.009700
34012  -0.007900
34013   0.000800
34014  -0.012100
34015  -0.001100
34016  -0.007900
34017  -0.003400
34018  -0.002000
34019  -0.002200
34020  -0.005000
34021  -0.013200
34022  -0.008300
34023  -0.013300
34024  -0.005500
34025  -0.013100
34026  -0.020900
34027  -0.024500
34028  -0.018500
34029  -0.017300
34030  -0.022800
34031  -0.020600
34032  -0.025100
34033  -0.025500
34034  -0.019500
34035  -0.030600
34036  -0.028200
34037  -0.019900
34038  -0.017200
34039  -0.011700
34040  -0.010800
34041  -0.005800
34042   0.008800
34043   0.003000
34044   0.011100
34045   0.006300
34046   0.021000
34047   0.016900
34048   0.018100
34049   0.028600
34050   0.023100
34051   0.023000
34052   0.015600
34053   0.011900
34054   0.020100
34055   0.017900
34056   0.016800
34057   0.012500
34058   0.020600
34059   0.017200
34060   0.017400
34061   0.015400
34062   0.005800
34063   0.006900
34064   0.005800
34065   0.004000
34066   0.009700
34067   0.007400
34068   0.013600
34069   0.007800
34070   0.014600
34071   0.006900
34072   0.011100
34073   0.011000
34074   0.015500
34075   0.026100
34076   0.024700
34077   0.015200
34078   0.017400
34079   0.020700
34080   0.013300
34081   0.012400
34082   0.029000
34083   0.037400
34084   0.031600
34085   0.033600
34086   0.039100
34087   0.033100
34088   0.028200
34089   0.020000
34090   0.021000
34091   0.013100
34092   0.012500
34093   0.004000
34094   0.010400
34095   0.006400
34096   0.000600
34097  -0.002200
34098  -0.002200
34099  -0.012100
34100  -0.011200
34101  -0.016700
34102  -0.017500
34103  -0.019700
34104  -0.010200
34105  -0.013400
34106   0.002200
34107  -0.000100
34108  -0.002400
34109   0.000900
34110  -0.003600
34111  -0.003300
34112  -0.004800
34113  -0.012400
34114  -0.014400
34115  -0.009300
34116  -0.011200
34117  -0.023500
34118  -0.023800
34119  -0.027600
34120  -0.042500
34121  -0.028500
34122  -0.021200
34123  -0.008100
34124  -0.005600
34125  -0.002300
34126   0.005200
34127   0.003600
34128   0.013800
34129   0.011200
34130   0.007500
34131   0.006200
34132   0.005500
34133   0.011000
34134   0.003100
34135   0.014100
34136   0.011100
34137   0.008000
34138   0.003300
34139   0.009900
34140   0.013800
34141   0.017300
34142   0.018800
34143   0.022400
34144   0.009400
34145  -0.002600
34146  -0.001900
34147  -0.007600
34148  -0.012000
34149  -0.008800
34150  -0.006400
34151  -0.001100
34152   0.000100
34153   0.001500
34154  -0.006300
34155  -0.003700
34156   0.001600
34157   0.005800
34158   0.001300
34159   0.002900
34160   0.009000
34161   0.022500
34162   0.014100
34163   0.012700
34164   0.020100
34165   0.020100
34166   0.028700
34167   0.024500
34168   0.026200
34169   0.019400
34170   0.018200
34171   0.029700
34172   0.026800
34173   0.042300
34174   0.033200
34175   0.041700
34176   0.045500
34177   0.056700
34178   0.060700
34179   0.066700
34180   0.069700
34181   0.075200
34182   0.066800
34183   0.066500
34184   0.070900
34185   0.062800
34186   0.062500
34187   0.060600
34188   0.063200
34189   0.062700
34190   0.059000
34191   0.071700
34192   0.068500
34193   0.064400
34194   0.076600
34195   0.081900
34196   0.095600
34197   0.094500
34198   0.098100
34199   0.099900
34200   0.102300
34201   0.093400
34202   0.092800
34203   0.084900
34204   0.093500
34205   0.091300
34206   0.074400
34207   0.071800
34208   0.064800
34209   0.062600
34210   0.060400
34211   0.064100
34212   0.062400
34213   0.055400
34214   0.059700
34215   0.064500
34216   0.074100
34217   0.074600
34218   0.077600
34219   0.089300
34220   0.088600
34221   0.086900
34222   0.087100
34223   0.087400
34224   0.086400
34225   0.081500
34226   0.090100
34227   0.099100
34228   0.087900
34229   0.085200
34230   0.082100
34231   0.069300
34232   0.059100
34233   0.057000
34234   0.059000
34235   0.060100
34236   0.052700
34237   0.052900
34238   0.045900
34239   0.053100
34240   0.052200
34241   0.052400
34242   0.053300
34243   0.042400
34244   0.042900
34245   0.042800
34246   0.056600
34247   0.058300
34248   0.051700
34249   0.038700
34250   0.046400
34251   0.050000
34252   0.044100
34253   0.051000
34254   0.040700
34255   0.033900
34256   0.027700
34257   0.015300
34258   0.016500
34259   0.009900
34260   0.006600
34261   0.004000
34262   0.009700
34263   0.010000
34264   0.018800
34265   0.025700
34266   0.026200
34267   0.030900
34268   0.022800
34269   0.018600
34270   0.018000
34271   0.011300
34272   0.011000
34273   0.012500
34274   0.014300
34275   0.020100
34276   0.017200
34277   0.019000
34278   0.025500
34279   0.033700
34280   0.039100
34281   0.034300
34282   0.042400
34283   0.045400
34284   0.038200
34285   0.024600
34286   0.027200
34287   0.027900
34288   0.020100
34289   0.020900
34290   0.025200
34291   0.022100
34292   0.025600
34293   0.021800
34294   0.033100
34295   0.031000
34296   0.024900
34297   0.029200
34298   0.021100
34299   0.029200
34300   0.032300
34301   0.038300
34302   0.043900
34303   0.046400
34304   0.036000
34305   0.048500
34306   0.042600
34307   0.040700
34308   0.055400
34309   0.051700
34310   0.050200
34311   0.044500
34312   0.046800
34313   0.045200
34314   0.051700
34315   0.042500
34316   0.049400
34317   0.053600
34318   0.043100
34319   0.036700
34320   0.035700
34321   0.032800
34322   0.019100
34323   0.019800
34324   0.034400
34325   0.032900
34326   0.031000
34327   0.032000
34328   0.029300
34329   0.034000
34330   0.029900
34331   0.027900
34332   0.041400
34333   0.045100
34334   0.045000
34335   0.042800
34336   0.043700
34337   0.057100
34338   0.044800
34339   0.033000
34340   0.042000
34341   0.028700
34342   0.019800
34343   0.021800
34344   0.019700
34345   0.016800
34346   0.015800
34347   0.009700
34348   0.001500
34349  -0.002200
34350  -0.007400
34351  -0.008500
34352   0.001100
34353  -0.004500
34354   0.000200
34355   0.012400
34356   0.016200
34357   0.020800
34358   0.031700
34359   0.026200
34360   0.024300
34361   0.012800
34362   0.015300
34363   0.024800
34364   0.018800
34365   0.017000
34366   0.018200
34367   0.013600
34368   0.012200
34369   0.015900
34370   0.023500
34371   0.018800
34372   0.029800
34373   0.033600
34374   0.038100
34375   0.046300
34376   0.046700
34377   0.050500
34378   0.049300
34379   0.046100
34380   0.042100
34381   0.028700
34382   0.033200
34383   0.034800
34384   0.040200
34385   0.037300
34386   0.051100
34387   0.059500
34388   0.056100
34389   0.064200
34390   0.059400
34391   0.059600
34392   0.059200
34393   0.057900
34394   0.054200
34395   0.052900
34396   0.063200
34397   0.057700
34398   0.063500
34399   0.069900
34400   0.072300
34401   0.060500
34402   0.057200
34403   0.053900
34404   0.064700
34405   0.065800
34406   0.059200
34407   0.053200
34408   0.060600
34409   0.061400
34410   0.055300
34411   0.054000
34412   0.043300
34413   0.033800
34414   0.037900
34415   0.024700
34416   0.027700
34417   0.016500
34418   0.017000
34419   0.009900
34420   0.012600
34421   0.019700
34422   0.017800
34423   0.018300
34424   0.027600
34425   0.033300
34426   0.027900
34427   0.030500
34428   0.030600
34429   0.021300
34430   0.022100
34431   0.025100
34432   0.029000
34433   0.016400
34434   0.009900
34435   0.015000
34436   0.013100
34437   0.002300
34438   0.002100
34439   0.006100
34440  -0.006200
34441  -0.002300
34442  -0.002100
34443   0.003400
34444  -0.002100
34445  -0.003200
34446  -0.007400
34447  -0.014500
34448  -0.020800
34449  -0.014300
34450  -0.007500
34451   0.004800
34452   0.002900
34453   0.008700
34454   0.006700
34455   0.003800
34456   0.004100
34457  -0.002300
34458  -0.005600
34459  -0.006200
34460  -0.016900
34461  -0.017900
34462  -0.012800
34463  -0.020700
34464  -0.010000
34465  -0.010600
34466  -0.009500
34467  -0.014900
34468  -0.005600
34469  -0.001300
34470   0.012400
34471   0.006600
34472  -0.004800
34473   0.000800
34474   0.002200
34475   0.000500
34476  -0.005500
34477  -0.002700
34478  -0.007300
34479  -0.000100
34480   0.009200
34481   0.001400
34482  -0.001900
34483  -0.010100
34484  -0.009300
34485  -0.012200
34486  -0.003000
34487  -0.005200
34488  -0.013600
34489  -0.019200
34490  -0.022100
34491  -0.021700
34492  -0.009100
34493  -0.012300
34494   0.000600
34495   0.003200
34496  -0.006500
34497   0.001500
34498   0.003000
34499   0.007600
34500   0.023100
34501   0.029000
34502   0.020800
34503   0.015700
34504   0.007900
34505   0.006600
34506  -0.003400
34507  -0.005800
34508  -0.012800
34509  -0.013000
34510  -0.004500
34511   0.006800
34512   0.010200
34513   0.020100
34514   0.015300
34515   0.012400
34516   0.008800
34517   0.013700
34518   0.025100
34519   0.023000
34520   0.026600
34521   0.031700
34522   0.022800
34523   0.021200
34524   0.028300
34525   0.025600
34526   0.022000
34527   0.014900
34528   0.015400
34529   0.016100
34530   0.012900
34531  -0.001600
34532  -0.003300
34533  -0.006200
34534  -0.010500
34535  -0.004500
34536  -0.000100
34537  -0.004600
34538  -0.004200
34539   0.003300
34540   0.006000
34541   0.001000
34542  -0.004800
34543  -0.012800
34544  -0.014100
34545  -0.008200
34546   0.000900
34547  -0.002800
34548   0.002100
34549   0.011700
34550   0.022900
34551   0.021700
34552   0.016700
34553   0.020000
34554   0.020600
34555   0.027200
34556   0.025900
34557   0.027600
34558   0.028700
34559   0.018200
34560   0.019900
34561   0.021400
34562   0.031500
34563   0.019200
34564   0.023600
34565   0.034100
34566   0.033800
34567   0.020800
34568   0.032600
34569   0.036100
34570   0.035000
34571   0.025000
34572   0.028700
34573   0.032800
34574   0.041700
34575   0.039000
34576   0.036000
34577   0.028700
34578   0.026300
34579   0.014600
34580   0.014300
34581   0.014100
34582   0.026100
34583   0.012800
34584   0.016800
34585   0.013100
34586   0.002300
34587  -0.009300
34588  -0.005200
34589  -0.003000
34590  -0.008300
34591  -0.013500
34592  -0.012800
34593  -0.005800
34594  -0.012000
34595  -0.017900
34596  -0.018500
34597  -0.015600
34598  -0.023400
34599  -0.031000
34600  -0.027100
34601  -0.042200
34602  -0.043500
34603  -0.045500
34604  -0.037800
34605  -0.036700
34606  -0.044700
34607  -0.036500
34608  -0.026600
34609  -0.035200
34610  -0.040100
34611  -0.032200
34612  -0.028000
34613  -0.020800
34614  -0.014700
34615  -0.010700
34616  -0.007500
34617   0.007300
34618  -0.000800
34619   0.002700
34620  -0.000300
34621   0.003200
34622  -0.014100
34623  -0.003900
34624  -0.000900
34625   0.000400
34626   0.005600
34627  -0.001200
34628  -0.003100
34629  -0.011900
34630  -0.019200
34631  -0.007800
34632  -0.008600
34633  -0.005700
34634  -0.015600
34635  -0.016300
34636  -0.014200
34637  -0.018300
34638  -0.029500
34639  -0.043100
34640  -0.031200
34641  -0.026000
34642  -0.026300
34643  -0.016400
34644  -0.023300
34645  -0.020200
34646  -0.025600
34647  -0.025300
34648  -0.022400
34649  -0.023900
34650  -0.029600
34651  -0.036500
34652  -0.044100
34653  -0.047600
34654  -0.045500
34655  -0.043900
34656  -0.043500
34657  -0.042500
34658  -0.039900
34659  -0.040200
34660  -0.039000
34661  -0.041500
34662  -0.042800
34663  -0.056300
34664  -0.058200
34665  -0.047600
34666  -0.047000
34667  -0.039100
34668  -0.040500
34669  -0.041200
34670  -0.047900
34671  -0.056000
34672  -0.062800
34673  -0.062700
34674  -0.062900
34675  -0.049700
34676  -0.064300
34677  -0.059400
34678  -0.056000
34679  -0.048200
34680  -0.050600
34681  -0.049200
34682  -0.055400
34683  -0.048300
34684  -0.053200
34685  -0.051700
34686  -0.055400
34687  -0.072000
34688  -0.069300
34689  -0.064100
34690  -0.063800
34691  -0.080100
34692  -0.083800
34693  -0.081600
34694  -0.077600
34695  -0.091100
34696  -0.093600
34697  -0.090800
34698  -0.082900
34699  -0.079300
34700  -0.076300
34701  -0.078300
34702  -0.068900
34703  -0.055900
34704  -0.056500
34705  -0.055300
34706  -0.061200
34707  -0.059400
34708  -0.053900
34709  -0.042500
34710  -0.035400
34711  -0.039900
34712  -0.040000
34713  -0.032400
34714  -0.033700
34715  -0.029200
34716  -0.025000
34717  -0.021500
34718  -0.016300
34719  -0.020500
34720  -0.018100
34721  -0.014600
34722  -0.011200
34723   0.004300
34724   0.010500
34725   0.003100
34726   0.012000
34727   0.012000
34728   0.018700
34729   0.021500
34730   0.016600
34731   0.005600
34732   0.002500
34733  -0.010400
34734  -0.004200
34735  -0.002900
34736  -0.004800
34737   0.008800
34738   0.014100
34739   0.023600
34740   0.025000
34741   0.024200
34742   0.027400
34743   0.035400
34744   0.037800
34745   0.031000
34746   0.028900
34747   0.023300
34748   0.028200
34749   0.030800
34750   0.037000
34751   0.041700
34752   0.043700
34753   0.053100
34754   0.049000
34755   0.052700
34756   0.049400
34757   0.054000
34758   0.042500
34759   0.047500
34760   0.045200
34761   0.056300
34762   0.044800
34763   0.044700
34764   0.038000
34765   0.033100
34766   0.025200
34767   0.032300
34768   0.034300
34769   0.032000
34770   0.025000
34771   0.031900
34772   0.026300
34773   0.030400
34774   0.032200
34775   0.028800
34776   0.033600
34777   0.036100
34778   0.043200
34779   0.041100
34780   0.035700
34781   0.037300
34782   0.040500
34783   0.043600
34784   0.038800
34785   0.027700
34786   0.025600
34787   0.038900
34788   0.041100
34789   0.043100
34790   0.038400
34791   0.039700
34792   0.027300
34793   0.033000
34794   0.032200
34795   0.039700
34796   0.045400
34797   0.045900
34798   0.049000
34799   0.046800
34800   0.040800
34801   0.040700
34802   0.045500
34803   0.054000
34804   0.045700
34805   0.037800
34806   0.046600
34807   0.059300
34808   0.054000
34809   0.054000
34810   0.049200
34811   0.043500
34812   0.042900
34813   0.043400
34814   0.051900
34815   0.050800
34816   0.051200
34817   0.042200
34818   0.059800
34819   0.044500
34820   0.048900
34821   0.059100
34822   0.056000
34823   0.053900
34824   0.055300
34825   0.050700
34826   0.052600
34827   0.053700
34828   0.044300
34829   0.050200
34830   0.044900
34831   0.046000
34832   0.057400
34833   0.044800
34834   0.036400
34835   0.027100
34836   0.038200
34837   0.031900
34838   0.035500
34839   0.034600
34840   0.024900
34841   0.027800
34842   0.034000
34843   0.028700
34844   0.024800
34845   0.024800
34846   0.019100
34847   0.026100
34848   0.015400
34849   0.023200
34850   0.030200
34851   0.040000
34852   0.044800
34853   0.041000
34854   0.030200
34855   0.025700
34856   0.019200
34857   0.013600
34858   0.003200
34859   0.012300
34860   0.013400
34861   0.006700
34862   0.002100
34863  -0.008600
34864  -0.005300
34865  -0.003100
34866  -0.004100
34867  -0.011500
34868  -0.011800
34869  -0.007800
34870  -0.012100
34871  -0.006800
34872   0.004300
34873   0.013700
34874   0.012800
34875   0.011000
34876   0.005100
34877   0.003700
34878   0.003000
34879   0.009800
34880   0.008100
34881   0.010800
34882   0.000500
34883   0.001100
34884   0.005600
34885   0.008900
34886  -0.000600
34887  -0.014300
34888  -0.007700
34889  -0.006300
34890  -0.007400
34891  -0.006100
34892  -0.004300
34893   0.002500
34894   0.009100
34895   0.006700
34896   0.004700
34897   0.010500
34898  -0.000000
34899   0.000300
34900  -0.004700
34901  -0.010500
34902  -0.011300
34903  -0.011600
34904  -0.008700
34905  -0.012500
34906  -0.008500
34907   0.000200
34908   0.001000
34909   0.004300
34910   0.009200
34911   0.017500
34912   0.025500
34913   0.024100
34914   0.027400
34915   0.040300
34916   0.043700
34917   0.029200
34918   0.029400
34919   0.029100
34920   0.036700
34921   0.031000
34922   0.026800
34923   0.032800
34924   0.036700
34925   0.040000
34926   0.042300
34927   0.032300
34928   0.031200
34929   0.039200
34930   0.037500
34931   0.036900
34932   0.043100
34933   0.031800
34934   0.037300
34935   0.031900
34936   0.021700
34937   0.012900
34938   0.026700
34939   0.019500
34940   0.016200
34941   0.014700
34942   0.017000
34943   0.010800
34944   0.012400
34945   0.014900
34946   0.015600
34947   0.013100
34948   0.021400
34949   0.019900
34950   0.016100
34951   0.015100
34952   0.005000
34953   0.000900
34954   0.003000
34955   0.011900
34956  -0.001900
34957  -0.000200
34958  -0.001100
34959  -0.011600
34960  -0.007100
34961  -0.003900
34962   0.000200
34963  -0.002100
34964  -0.009000
34965  -0.000100
34966   0.005200
34967   0.015900
34968   0.025900
34969   0.024300
34970   0.021200
34971   0.021600
34972   0.023500
34973   0.024000
34974   0.026800
34975   0.020900
34976   0.023800
34977   0.023200
34978   0.020000
34979   0.030600
34980   0.021800
34981   0.030500
34982   0.023300
34983   0.026300
34984   0.026300
34985   0.022100
34986   0.013500
34987   0.014800
34988   0.021700
34989   0.020300
34990   0.014200
34991   0.021400
34992   0.018200
34993   0.024500
34994   0.030500
34995   0.022700
34996   0.021100
34997   0.008400
34998   0.006300
34999  -0.000100
35000  -0.000700
35001   0.000400
35002   0.003900
35003   0.001800
35004   0.002300
35005  -0.002500
35006  -0.004200
35007  -0.012500
35008  -0.019300
35009  -0.024600
35010  -0.027200
35011  -0.024300
35012  -0.032500
35013  -0.036700
35014  -0.029000
35015  -0.024600
35016  -0.024100
35017  -0.023400
35018  -0.022200
35019  -0.023600
35020  -0.033300
35021  -0.028800
35022  -0.021600
35023  -0.028100
35024  -0.023700
35025  -0.019000
35026  -0.014200
35027  -0.021000
35028  -0.015800
35029  -0.018400
35030  -0.026900
35031  -0.028600
35032  -0.025100
35033  -0.020100
35034  -0.013200
35035  -0.020900
35036  -0.019500
35037  -0.028100
35038  -0.016100
35039  -0.017300
35040  -0.023400
35041  -0.026000
35042  -0.031200
35043  -0.033400
35044  -0.033500
35045  -0.030700
35046  -0.031000
35047  -0.026700
35048  -0.020300
35049  -0.030200
35050  -0.036200
35051  -0.048800
35052  -0.046800
35053  -0.050400
35054  -0.056800
35055  -0.047300
35056  -0.046100
35057  -0.044200
35058  -0.051600
35059  -0.054900
35060  -0.049300
35061  -0.052000
35062  -0.053000
35063  -0.053000
35064  -0.055300
35065  -0.057100
35066  -0.053000
35067  -0.056400
35068  -0.064600
35069  -0.054700
35070  -0.049500
35071  -0.055900
35072  -0.058800
35073  -0.058600
35074  -0.063900
35075  -0.061300
35076  -0.059100
35077  -0.069100
35078  -0.065100
35079  -0.065500
35080  -0.065400
35081  -0.063100
35082  -0.068200
35083  -0.064800
35084  -0.056700
35085  -0.060300
35086  -0.069000
35087  -0.073800
35088  -0.070400
35089  -0.070900
35090  -0.077000
35091  -0.064000
35092  -0.060800
35093  -0.060400
35094  -0.055800
35095  -0.070300
35096  -0.069700
35097  -0.074200
35098  -0.072800
35099  -0.067100
35100  -0.062700
35101  -0.059100
35102  -0.057900
35103  -0.067100
35104  -0.063300
35105  -0.044100
35106  -0.038200
35107  -0.031600
35108  -0.036400
35109  -0.039600
35110  -0.038000
35111  -0.043900
35112  -0.044100
35113  -0.039500
35114  -0.046000
35115  -0.042000
35116  -0.042600
35117  -0.038100
35118  -0.031200
35119  -0.042500
35120  -0.042000
35121  -0.041300
35122  -0.028600
35123  -0.029100
35124  -0.031500
35125  -0.030900
35126  -0.027100
35127  -0.028300
35128  -0.032700
35129  -0.030800
35130  -0.029300
35131  -0.022800
35132  -0.023200
35133  -0.027500
35134  -0.025700
35135  -0.023500
35136  -0.015500
35137  -0.011500
35138  -0.009800
35139  -0.007800
35140   0.000800
35141   0.004100
35142  -0.000900
35143  -0.001700
35144   0.005500
35145  -0.000500
35146  -0.007100
35147  -0.010400
35148  -0.008100
35149  -0.012900
35150  -0.023400
35151  -0.011300
35152  -0.016700
35153  -0.017800
35154  -0.021700
35155  -0.021200
35156  -0.021100
35157  -0.011400
35158  -0.010700
35159  -0.008700
35160  -0.018700
35161  -0.029700
35162  -0.032900
35163  -0.036900
35164  -0.030200
35165  -0.040300
35166  -0.043600
35167  -0.035500
35168  -0.033100
35169  -0.033200
35170  -0.036800
35171  -0.030800
35172  -0.027800
35173  -0.041600
35174  -0.045600
35175  -0.047000
35176  -0.053000
35177  -0.051700
35178  -0.051000
35179  -0.057800
35180  -0.058100
35181  -0.064400
35182  -0.055600
35183  -0.063700
35184  -0.053500
35185  -0.054900
35186  -0.052600
35187  -0.043700
35188  -0.047200
35189  -0.046300
35190  -0.035900
35191  -0.030600
35192  -0.029400
35193  -0.022600
35194  -0.027700
35195  -0.018800
35196  -0.025700
35197  -0.028100
35198  -0.021300
35199  -0.026900
35200  -0.024100
35201  -0.032200
35202  -0.032200
35203  -0.026600
35204  -0.034800
35205  -0.035000
35206  -0.040200
35207  -0.036500
35208  -0.033800
35209  -0.028500
35210  -0.030700
35211  -0.028800
35212  -0.036100
35213  -0.032000
35214  -0.040800
35215  -0.043800
35216  -0.047700
35217  -0.059000
35218  -0.059900
35219  -0.052400
35220  -0.057300
35221  -0.052600
35222  -0.060000
35223  -0.056500
35224  -0.056400
35225  -0.056100
35226  -0.050300
35227  -0.053300
35228  -0.048600
35229  -0.047600
35230  -0.048200
35231  -0.037100
35232  -0.037100
35233  -0.031200
35234  -0.031500
35235  -0.033800
35236  -0.039800
35237  -0.047200
35238  -0.055300
35239  -0.050500
35240  -0.057100
35241  -0.055700
35242  -0.050800
35243  -0.056400
35244  -0.053500
35245  -0.057100
35246  -0.062400
35247  -0.060400
35248  -0.044600
35249  -0.055400
35250  -0.055400
35251  -0.057000
35252  -0.062100
35253  -0.068600
35254  -0.063100
35255  -0.057100
35256  -0.059800
35257  -0.078900
35258  -0.068900
35259  -0.061200
35260  -0.066900
35261  -0.059000
35262  -0.057100
35263  -0.055300
35264  -0.055500
35265  -0.049000
35266  -0.054500
35267  -0.048800
35268  -0.058200
35269  -0.044600
35270  -0.043300
35271  -0.036000
35272  -0.043000
35273  -0.039100
35274  -0.038100
35275  -0.033000
35276  -0.032500
35277  -0.035200
35278  -0.029500
35279  -0.025100
35280  -0.036500
35281  -0.038500
35282  -0.033900
35283  -0.038500
35284  -0.049000
35285  -0.061100
35286  -0.067800
35287  -0.062200
35288  -0.056000
35289  -0.056100
35290  -0.060900
35291  -0.046800
35292  -0.051200
35293  -0.052700
35294  -0.033600
35295  -0.022600
35296  -0.024200
35297  -0.014800
35298  -0.012800
35299  -0.006900
35300  -0.006800
35301  -0.001600
35302  -0.001600
35303   0.004900
35304   0.008100
35305   0.010100
35306   0.003800
35307   0.002300
35308   0.008400
35309   0.013400
35310   0.008800
35311   0.018000
35312   0.027600
35313   0.034000
35314   0.027500
35315   0.022400
35316   0.036800
35317   0.049100
35318   0.052200
35319   0.058400
35320   0.053200
35321   0.058400
35322   0.065400
35323   0.065300
35324   0.063400
35325   0.053200
35326   0.051400
35327   0.050600
35328   0.056300
35329   0.050300
35330   0.052800
35331   0.062300
35332   0.061700
35333   0.064900
35334   0.063900
35335   0.064600
35336   0.065600
35337   0.049100
35338   0.041500
35339   0.045600
35340   0.040100
35341   0.041400
35342   0.053400
35343   0.051100
35344   0.052800
35345   0.059400
35346   0.059900
35347   0.060000
35348   0.052200
35349   0.050800
35350   0.050600
35351   0.050600
35352   0.059300
35353   0.057000
35354   0.058100
35355   0.046900
35356   0.049100
35357   0.049200
35358   0.038900
35359   0.037100
35360   0.039400
35361   0.045200
35362   0.050200
35363   0.041200
35364   0.041300
35365   0.050900
35366   0.055600
35367   0.044400
35368   0.045500
35369   0.043100
35370   0.045700
35371   0.048300
35372   0.050000
35373   0.050400
35374   0.048400
35375   0.054000
35376   0.049400
35377   0.049800
35378   0.045100
35379   0.051100
35380   0.052600
35381   0.050100
35382   0.057400
35383   0.058000
35384   0.057400
35385   0.068200
35386   0.075500
35387   0.079600
35388   0.064800
35389   0.074200
35390   0.072000
35391   0.080600
35392   0.085400
35393   0.080700
35394   0.073200
35395   0.084400
35396   0.082100
35397   0.066400
35398   0.070400
35399   0.079200
35400   0.070600
35401   0.070900
35402   0.070200
35403   0.067500
35404   0.054300
35405   0.052100
35406   0.057900
35407   0.047200
35408   0.045400
35409   0.044500
35410   0.034400
35411   0.024000
35412   0.012800
35413   0.024200
35414   0.020400
35415   0.020600
35416   0.030100
35417   0.030400
35418   0.041400
35419   0.046400
35420   0.049800
35421   0.054300
35422   0.051400
35423   0.048900
35424   0.047800
35425   0.039700
35426   0.022500
35427   0.029400
35428   0.026600
35429   0.027800
35430   0.027200
35431   0.014700
35432   0.014700
35433   0.023300
35434   0.022400
35435   0.024600
35436   0.034100
35437   0.034100
35438   0.037000
35439   0.035800
35440   0.053100
35441   0.053600
35442   0.046100
35443   0.044500
35444   0.052200
35445   0.060200
35446   0.062600
35447   0.067300
35448   0.062300
35449   0.049600
35450   0.055900
35451   0.056700
35452   0.052600
35453   0.056600
35454   0.054400
35455   0.057000
35456   0.050200
35457   0.058100
35458   0.045000
35459   0.041700
35460   0.039700
35461   0.042800
35462   0.047800
35463   0.047200
35464   0.048400
35465   0.041500
35466   0.037500
35467   0.037400
35468   0.029600
35469   0.032800
35470   0.030400
35471   0.038900
35472   0.044500
35473   0.047700
35474   0.046400
35475   0.048900
35476   0.055700
35477   0.061400
35478   0.075500
35479   0.082100
35480   0.090500
35481   0.084600
35482   0.091900
35483   0.084100
35484   0.084200
35485   0.092500
35486   0.082800
35487   0.077800
35488   0.088800
35489   0.097000
35490   0.099000
35491   0.094800
35492   0.095400
35493   0.091600
35494   0.087600
35495   0.091200
35496   0.088300
35497   0.096300
35498   0.096900
35499   0.103800
35500   0.105500
35501   0.110600
35502   0.121800
35503   0.129000
35504   0.127100
35505   0.127500
35506   0.126200
35507   0.131300
35508   0.131300
35509   0.130300
35510   0.126700
35511   0.121300
35512   0.116800
35513   0.103300
35514   0.109000
35515   0.108100
35516   0.103600
35517   0.106300
35518   0.116600
35519   0.121800
35520   0.120600
35521   0.127800
35522   0.125200
35523   0.121300
35524   0.127300
35525   0.114200
35526   0.111300
35527   0.114900
35528   0.132800
35529   0.133300
35530   0.134400
35531   0.125500
35532   0.123100
35533   0.118100
35534   0.117100
35535   0.116600
35536   0.117200
35537   0.121100
35538   0.120300
35539   0.121900
35540   0.111400
35541   0.104100
35542   0.100100
35543   0.101900
35544   0.117500
35545   0.125900
35546   0.125300
35547   0.125000
35548   0.118400
35549   0.115200
35550   0.108000
35551   0.115900
35552   0.111100
35553   0.104100
35554   0.113800
35555   0.110600
35556   0.099200
35557   0.101000
35558   0.106700
35559   0.109800
35560   0.117100
35561   0.116800
35562   0.108500
35563   0.108600
35564   0.093000
35565   0.099900
35566   0.090600
35567   0.080200
35568   0.090900
35569   0.087900
35570   0.093000
35571   0.083300
35572   0.081900
35573   0.088000
35574   0.088800
35575   0.083100
35576   0.064400
35577   0.061800
35578   0.050700
35579   0.053700
35580   0.056400
35581   0.053000
35582   0.047300
35583   0.050500
35584   0.070300
35585   0.069400
35586   0.049500
35587   0.050900
35588   0.054800
35589   0.059500
35590   0.048000
35591   0.034800
35592   0.025100
35593   0.022700
35594   0.025900
35595   0.023800
35596   0.027600
35597   0.019700
35598   0.019200
35599   0.032600
35600   0.037600
35601   0.035600
35602   0.037100
35603   0.047700
35604   0.044700
35605   0.053800
35606   0.046800
35607   0.045800
35608   0.039600
35609   0.038300
35610   0.041500
35611   0.037000
35612   0.028400
35613   0.029500
35614   0.017100
35615   0.018300
35616   0.015200
35617   0.016500
35618   0.015900
35619   0.014700
35620   0.014700
35621   0.012600
35622   0.018700
35623   0.015100
35624   0.017000
35625   0.017700
35626   0.007300
35627   0.011600
35628   0.018200
35629   0.022300
35630   0.008800
35631   0.014700
35632   0.024600
35633   0.019700
35634   0.024300
35635   0.025400
35636   0.030700
35637   0.025900
35638   0.028600
35639   0.036900
35640   0.035200
35641   0.048800
35642   0.048400
35643   0.054900
35644   0.056200
35645   0.058200
35646   0.058700
35647   0.054600
35648   0.046900
35649   0.034200
35650   0.027700
35651   0.028400
35652   0.028200
35653   0.035600
35654   0.043800
35655   0.043700
35656   0.049600
35657   0.049300
35658   0.047700
35659   0.042300
35660   0.052200
35661   0.054700
35662   0.058300
35663   0.061300
35664   0.060500
35665   0.058700
35666   0.062400
35667   0.065500
35668   0.060500
35669   0.061800
35670   0.053200
35671   0.048900
35672   0.047300
35673   0.047400
35674   0.029000
35675   0.026600
35676   0.032700
35677   0.038600
35678   0.036500
35679   0.046800
35680   0.039400
35681   0.022700
35682   0.035500
35683   0.024300
35684   0.030600
35685   0.031400
35686   0.026000
35687   0.026800
35688   0.018900
35689   0.008600
35690   0.015800
35691   0.020300
35692   0.013400
35693   0.002400
35694  -0.004700
35695   0.000400
35696   0.008200
35697   0.009300
35698   0.010600
35699   0.006600
35700   0.005800
35701   0.002700
35702   0.002900
35703  -0.004300
35704  -0.002900
35705   0.001400
35706   0.005900
35707   0.011600
35708   0.010700
35709   0.019200
35710   0.013100
35711   0.012500
35712   0.020000
35713   0.019400
35714   0.018600
35715   0.010200
35716   0.021000
35717   0.016400
35718   0.019000
35719   0.029200
35720   0.013900
35721   0.015600
35722   0.011500
35723   0.003600
35724   0.004700
35725   0.005600
35726   0.007300
35727   0.006300
35728   0.012900
35729   0.005700
35730  -0.002600
35731  -0.002400
35732  -0.009400
35733  -0.007100
35734  -0.023100
35735  -0.031000
35736  -0.028000
35737  -0.021000
35738  -0.021700
35739  -0.016700
35740  -0.015800
35741  -0.019600
35742  -0.017100
35743  -0.016300
35744  -0.012900
35745  -0.019700
35746  -0.015200
35747  -0.029800
35748  -0.047700
35749  -0.041300
35750  -0.038800
35751  -0.037000
35752  -0.038700
35753  -0.038500
35754  -0.035000
35755  -0.029700
35756  -0.025500
35757  -0.024800
35758  -0.024800
35759  -0.026100
35760  -0.044300
35761  -0.041500
35762  -0.032300
35763  -0.034700
35764  -0.028500
35765  -0.030300
35766  -0.020500
35767  -0.027400
35768  -0.025500
35769  -0.027500
35770  -0.016100
35771  -0.010200
35772  -0.000800
35773  -0.001000
35774   0.000100
35775  -0.012800
35776  -0.005400
35777  -0.005600
35778  -0.004200
35779   0.007400
35780   0.006200
35781   0.009000
35782   0.001000
35783  -0.003700
35784   0.007700
35785  -0.001900
35786   0.001600
35787  -0.009100
35788  -0.013700
35789  -0.019200
35790  -0.021100
35791  -0.034100
35792  -0.027300
35793  -0.029400
35794  -0.023800
35795  -0.025900
35796  -0.023400
35797  -0.016000
35798  -0.013100
35799  -0.007600
35800  -0.015800
35801  -0.015600
35802  -0.013200
35803  -0.014100
35804  -0.028300
35805  -0.022300
35806  -0.022000
35807  -0.021800
35808  -0.019700
35809  -0.036800
35810  -0.035200
35811  -0.025100
35812  -0.026500
35813  -0.021200
35814  -0.027900
35815  -0.019100
35816  -0.011000
35817  -0.006300
35818  -0.004300
35819  -0.015200
35820  -0.014800
35821  -0.014400
35822  -0.011800
35823  -0.017900
35824  -0.010800
35825  -0.013000
35826  -0.012800
35827  -0.009100
35828  -0.010400
35829  -0.033300
35830  -0.025400
35831  -0.022600
35832  -0.019600
35833  -0.015400
35834  -0.019000
35835  -0.018300
35836  -0.013200
35837  -0.019900
35838  -0.024300
35839  -0.011200
35840  -0.015000
35841  -0.023400
35842  -0.002600
35843  -0.007200
35844  -0.009200
35845  -0.003200
35846   0.005400
35847  -0.009700
35848  -0.012400
35849  -0.012700
35850  -0.017100
35851  -0.017300
35852  -0.013800
35853  -0.015800
35854  -0.011400
35855  -0.011500
35856  -0.006900
35857  -0.008100
35858  -0.007800
35859  -0.001500
35860  -0.010400
35861  -0.008400
35862  -0.005300
35863  -0.008000
35864  -0.014000
35865  -0.000100
35866  -0.003000
35867  -0.000200
35868  -0.015500
35869  -0.022100
35870  -0.021000
35871  -0.014800
35872  -0.002200
35873   0.012500
35874   0.022200
35875   0.025900
35876   0.027000
35877   0.032200
35878   0.033700
35879   0.028900
35880   0.026000
35881   0.023700
35882   0.022500
35883   0.014600
35884   0.017200
35885   0.019300
35886   0.009300
35887   0.011100
35888   0.011300
35889   0.009700
35890   0.001500
35891   0.001200
35892   0.001900
35893   0.000800
35894   0.010100
35895   0.013500
35896   0.014100
35897   0.017500
35898   0.014400
35899   0.023500
35900   0.036400
35901   0.029300
35902   0.032300
35903   0.030600
35904   0.036200
35905   0.032300
35906   0.032900
35907   0.035100
35908   0.019300
35909   0.024400
35910   0.031000
35911   0.032700
35912   0.033500
35913   0.034900
35914   0.030200
35915   0.027700
35916   0.029600
35917   0.024500
35918   0.030400
35919   0.034800
35920   0.039700
35921   0.029700
35922   0.020400
35923   0.027100
35924   0.029000
35925   0.033700
35926   0.038600
35927   0.045100
35928   0.044800
35929   0.040200
35930   0.036100
35931   0.034200
35932   0.038800
35933   0.028900
35934   0.024200
35935   0.032600
35936   0.022800
35937   0.012700
35938   0.019800
35939   0.017900
35940   0.019400
35941   0.020400
35942   0.024300
35943   0.023600
35944   0.021400
35945   0.037400
35946   0.041700
35947   0.035900
35948   0.037800
35949   0.036300
35950   0.030800
35951   0.022700
35952   0.025700
35953   0.027800
35954   0.021800
35955   0.027400
35956   0.023300
35957   0.023600
35958   0.026000
35959   0.022100
35960   0.027500
35961   0.030300
35962   0.030800
35963   0.043000
35964   0.041100
35965   0.043600
35966   0.041200
35967   0.045300
35968   0.043000
35969   0.051500
35970   0.038800
35971   0.036100
35972   0.041000
35973   0.031000
35974   0.021300
35975   0.031400
35976   0.030100
35977   0.038600
35978   0.020300
35979   0.021100
35980   0.021800
35981   0.015200
35982   0.012400
35983   0.013900
35984   0.013700
35985   0.030000
35986   0.029600
35987   0.025100
35988   0.018800
35989   0.014800
35990   0.012500
35991   0.013900
35992   0.014600
35993   0.004500
35994   0.007400
35995   0.009400
35996   0.014000
35997   0.012000
35998   0.025100
35999   0.032100
36000   0.032200
36001   0.027900
36002   0.022500
36003   0.025600
36004   0.028000
36005   0.023600
36006   0.031100
36007   0.036900
36008   0.042000
36009   0.044900
36010   0.044900
36011   0.039700
36012   0.030700
36013   0.034100
36014   0.032500
36015   0.024800
36016   0.031300
36017   0.032600
36018   0.025100
36019   0.027800
36020   0.029500
36021   0.030300
36022   0.033600
36023   0.037000
36024   0.043900
36025   0.048000
36026   0.050500
36027   0.047800
36028   0.043200
36029   0.038900
36030   0.031700
36031   0.032200
36032   0.026200
36033   0.035300
36034   0.032500
36035   0.027700
36036   0.030100
36037   0.018300
36038   0.014500
36039   0.014000
36040   0.017500
36041   0.021600
36042   0.026300
36043   0.027800
36044   0.017700
36045   0.014500
36046   0.027000
36047   0.029600
36048   0.025900
36049   0.031600
36050   0.038500
36051   0.042200
36052   0.031600
36053   0.026400
36054   0.018900
36055   0.010500
36056   0.005300
36057   0.008600
36058   0.013200
36059  -0.000000
36060  -0.000500
36061  -0.008700
36062  -0.004200
36063   0.002600
36064   0.000300
36065   0.004500
36066   0.012600
36067   0.010500
36068   0.008800
36069  -0.000100
36070   0.006400
36071   0.007000
36072  -0.000500
36073  -0.006700
36074   0.000300
36075   0.003900
36076   0.002200
36077   0.006600
36078   0.019700
36079   0.013200
36080   0.022100
36081   0.036200
36082   0.044900
36083   0.037100
36084   0.036500
36085   0.034800
36086   0.024100
36087   0.031900
36088   0.019000
36089   0.020400
36090   0.016700
36091   0.029500
36092   0.042500
36093   0.041300
36094   0.028700
36095   0.032700
36096   0.044200
36097   0.033100
36098   0.032400
36099   0.030200
36100   0.029800
36101   0.025300
36102   0.026900
36103   0.025900
36104   0.021700
36105   0.017800
36106   0.020100
36107   0.024100
36108   0.031700
36109   0.034300
36110   0.028800
36111   0.036200
36112   0.031800
36113   0.035800
36114   0.027700
36115   0.035400
36116   0.034400
36117   0.041700
36118   0.036000
36119   0.041900
36120   0.038100
36121   0.035900
36122   0.041300
36123   0.039800
36124   0.037500
36125   0.042400
36126   0.041700
36127   0.046700
36128   0.054700
36129   0.061100
36130   0.050300
36131   0.047600
36132   0.034800
36133   0.030800
36134   0.033900
36135   0.030400
36136   0.020000
36137   0.017000
36138   0.025000
36139   0.028800
36140   0.031400
36141   0.025300
36142   0.010700
36143   0.011900
36144   0.011000
36145   0.012800
36146   0.015100
36147   0.016000
36148   0.009800
36149   0.000900
36150   0.006200
36151   0.014100
36152   0.004900
36153   0.017900
36154   0.012500
36155   0.008900
36156   0.007300
36157   0.011900
36158   0.008900
36159   0.019000
36160   0.025100
36161   0.025300
36162   0.018300
36163   0.021400
36164   0.026200
36165   0.025400
36166   0.027800
36167   0.027400
36168   0.026500
36169   0.024600
36170   0.024700
36171   0.013500
36172   0.013800
36173   0.012300
36174   0.022700
36175   0.017300
36176   0.015400
36177   0.022100
36178   0.024800
36179   0.030900
36180   0.031000
36181   0.026800
36182   0.037800
36183   0.033000
36184   0.044900
36185   0.042600
36186   0.039300
36187   0.028300
36188   0.029200
36189   0.025600
36190   0.024800
36191   0.015100
36192   0.008500
36193   0.012900
36194   0.016000
36195   0.002800
36196  -0.012700
36197  -0.015900
36198  -0.013600
36199  -0.003300
36200   0.001800
36201  -0.005800
36202  -0.011500
36203  -0.009900
36204  -0.010700
36205  -0.010800
36206  -0.015200
36207  -0.009100
36208   0.004300
36209   0.010900
36210   0.012400
36211   0.002300
36212   0.002000
36213   0.001700
36214  -0.002200
36215   0.016200
36216   0.026100
36217   0.023500
36218   0.023000
36219   0.024200
36220   0.033300
36221   0.035700
36222   0.030100
36223   0.021000
36224   0.021600
36225   0.017100
36226   0.017800
36227   0.018400
36228   0.020800
36229   0.021800
36230   0.024400
36231   0.027100
36232   0.023700
36233   0.023700
36234   0.012600
36235   0.022000
36236   0.027100
36237   0.032900
36238   0.040500
36239   0.047700
36240   0.052100
36241   0.041200
36242   0.037100
36243   0.046000
36244   0.039400
36245   0.040800
36246   0.043200
36247   0.047200
36248   0.054600
36249   0.051900
36250   0.053000
36251   0.049200
36252   0.041900
36253   0.038600
36254   0.041900
36255   0.040300
36256   0.042100
36257   0.034600
36258   0.032500
36259   0.026100
36260   0.024000
36261   0.029400
36262   0.021700
36263   0.031600
36264   0.030100
36265   0.036800
36266   0.024000
36267   0.033600
36268   0.016900
36269   0.016200
36270   0.015000
36271   0.025600
36272   0.022700
36273   0.033500
36274   0.019100
36275   0.014100
36276   0.026600
36277   0.029400
36278   0.021600
36279   0.016900
36280   0.016300
36281   0.015800
36282   0.014400
36283   0.003700
36284   0.003700
36285  -0.006800
36286   0.014300
36287   0.007900
36288   0.003900
36289   0.010500
36290   0.004100
36291   0.007400
36292   0.010000
36293   0.015500
36294   0.015300
36295   0.009700
36296   0.010600
36297   0.008200
36298   0.010300
36299   0.013600
36300   0.008600
36301   0.002600
36302  -0.003300
36303   0.006900
36304   0.003400
36305   0.003500
36306  -0.000200
36307  -0.010500
36308  -0.009100
36309  -0.013100
36310  -0.001800
36311  -0.007300
36312  -0.002900
36313   0.005400
36314   0.000800
36315  -0.001700
36316  -0.018900
36317  -0.023200
36318  -0.019100
36319  -0.021200
36320  -0.007300
36321  -0.015900
36322  -0.012300
36323  -0.002600
36324  -0.003600
36325  -0.009000
36326  -0.008400
36327  -0.012000
36328  -0.011300
36329  -0.009300
36330  -0.005800
36331  -0.007400
36332  -0.007900
36333   0.001500
36334   0.003200
36335   0.004200
36336   0.008400
36337   0.014100
36338   0.008100
36339   0.016500
36340   0.018400
36341   0.030700
36342   0.031500
36343   0.030600
36344   0.038900
36345   0.035600
36346   0.041800
36347   0.044000
36348   0.047300
36349   0.052500
36350   0.052400
36351   0.051200
36352   0.041800
36353   0.032100
36354   0.041400
36355   0.028900
36356   0.035200
36357   0.039800
36358   0.038400
36359   0.040200
36360   0.041700
36361   0.031100
36362   0.030800
36363   0.037000
36364   0.024500
36365   0.021100
36366   0.022800
36367   0.024700
36368   0.019900
36369   0.023500
36370   0.032200
36371   0.035500
36372   0.029800
36373   0.027400
36374   0.032700
36375   0.038100
36376   0.037100
36377   0.038400
36378   0.038300
36379   0.040600
36380   0.047700
36381   0.046200
36382   0.045600
36383   0.050300
36384   0.049900
36385   0.043200
36386   0.051300
36387   0.052700
36388   0.062300
36389   0.064600
36390   0.052600
36391   0.048800
36392   0.064300
36393   0.058200
36394   0.061100
36395   0.045300
36396   0.045600
36397   0.053900
36398   0.045500
36399   0.046000
36400   0.045800
36401   0.049700
36402   0.038600
36403   0.023900
36404   0.010000
36405   0.008800
36406   0.005700
36407   0.012500
36408   0.019500
36409   0.013800
36410   0.004700
36411   0.006100
36412   0.012600
36413   0.011000
36414   0.008200
36415   0.007000
36416   0.006700
36417  -0.000900
36418  -0.000700
36419   0.009500
36420   0.019800
36421   0.025300
36422   0.018600
36423   0.010400
36424   0.005600
36425   0.002900
36426   0.000100
36427   0.003800
36428  -0.000100
36429  -0.000400
36430  -0.001400
36431   0.000900
36432  -0.005400
36433  -0.001200
36434  -0.000300
36435  -0.007000
36436  -0.006700
36437  -0.011600
36438  -0.002900
36439  -0.019400
36440  -0.035500
36441  -0.029000
36442  -0.025900
36443  -0.013000
36444  -0.006300
36445   0.007300
36446  -0.004600
36447  -0.007100
36448  -0.002100
36449   0.007100
36450   0.005000
36451   0.010000
36452   0.014600
36453   0.020100
36454   0.032300
36455   0.037500
36456   0.042700
36457   0.038700
36458   0.035400
36459   0.035900
36460   0.025500
36461   0.027400
36462   0.036700
36463   0.048700
36464   0.049000
36465   0.041700
36466   0.032500
36467   0.038100
36468   0.039900
36469   0.046800
36470   0.049800
36471   0.056200
36472   0.049100
36473   0.052600
36474   0.052100
36475   0.053100
36476   0.049600
36477   0.047900
36478   0.046800
36479   0.046900
36480   0.030900
36481   0.038200
36482   0.038100
36483   0.028400
36484   0.039400
36485   0.037500
36486   0.036600
36487   0.031400
36488   0.040500
36489   0.040400
36490   0.042100
36491   0.041200
36492   0.045200
36493   0.052400
36494   0.055600
36495   0.045600
36496   0.045200
36497   0.051100
36498   0.050700
36499   0.042600
36500   0.040100
36501   0.044100
36502   0.041100
36503   0.041000
36504   0.046300
36505   0.040600
36506   0.033400
36507   0.037900
36508   0.041600
36509   0.028200
36510   0.024800
36511   0.031000
36512   0.037500
36513   0.035900
36514   0.031200
36515   0.021400
36516   0.019700
36517   0.004800
36518   0.014600
36519   0.014600
36520   0.021200
36521   0.007700
36522   0.002600
36523   0.014100
36524   0.020200
36525   0.004800
36526   0.009000
36527   0.007300
36528   0.003800
36529  -0.007900
36530  -0.001700
36531  -0.002900
36532   0.001000
36533  -0.003000
36534  -0.008000
36535  -0.010200
36536  -0.024700
36537  -0.017300
36538  -0.030600
36539  -0.032800
36540  -0.022600
36541  -0.027300
36542  -0.028500
36543  -0.013600
36544  -0.012500
36545  -0.012600
36546  -0.007000
36547   0.000300
36548   0.007200
36549   0.007400
36550  -0.007200
36551   0.008500
36552   0.006800
36553  -0.001100
36554  -0.006200
36555  -0.011500
36556  -0.006700
36557  -0.014200
36558  -0.020100
36559  -0.016300
36560  -0.001000
36561  -0.000600
36562  -0.003900
36563  -0.006900
36564  -0.012400
36565  -0.020500
36566  -0.028900
36567  -0.011800
36568  -0.020300
36569  -0.023700
36570  -0.018800
36571  -0.014300
36572  -0.020100
36573  -0.023200
36574  -0.017600
36575  -0.019100
36576  -0.021200
36577  -0.017000
36578  -0.021600
36579  -0.012400
36580  -0.005700
36581  -0.004800
36582  -0.004900
36583   0.003200
36584   0.003600
36585   0.012400
36586   0.007200
36587   0.005800
36588  -0.000800
36589  -0.002700
36590   0.009200
36591   0.012400
36592   0.020000
36593   0.030700
36594   0.025800
36595   0.029700
36596   0.018400
36597   0.014300
36598   0.025400
36599   0.018900
36600   0.036100
36601   0.032500
36602   0.027800
36603   0.027900
36604   0.023000
36605   0.026300
36606   0.025900
36607   0.037100
36608   0.029500
36609   0.044300
36610   0.050700
36611   0.045400
36612   0.036800
36613   0.037700
36614   0.043200
36615   0.039800
36616   0.030700
36617   0.030400
36618   0.024900
36619   0.035600
36620   0.042300
36621   0.036800
36622   0.037300
36623   0.042700
36624   0.046200
36625   0.050800
36626   0.043400
36627   0.036200
36628   0.033400
36629   0.037500
36630   0.038500
36631   0.036700
36632   0.038100
36633   0.045100
36634   0.040400
36635   0.045500
36636   0.050300
36637   0.048600
36638   0.056200
36639   0.052300
36640   0.051500
36641   0.038300
36642   0.036500
36643   0.035500
36644   0.038400
36645   0.040700
36646   0.027600
36647   0.023700
36648   0.027100
36649   0.032700
36650   0.026200
36651   0.034800
36652   0.031000
36653   0.040100
36654   0.036700
36655   0.042100
36656   0.040500
36657   0.032200
36658   0.046200
36659   0.040300
36660   0.037500
36661   0.034500
36662   0.030700
36663   0.032200
36664   0.028700
36665   0.019200
36666   0.040100
36667   0.042500
36668   0.035600
36669   0.025300
36670   0.010800
36671   0.012100
36672   0.013200
36673   0.010000
36674   0.012800
36675   0.016700
36676   0.019100
36677   0.014300
36678   0.016000
36679   0.014700
36680   0.007400
36681   0.016000
36682   0.015300
36683   0.010700
36684   0.010700
36685   0.021000
36686   0.023200
36687   0.019200
36688   0.028700
36689   0.023000
36690   0.018900
36691   0.015100
36692   0.016000
36693   0.020200
36694   0.027500
36695   0.018900
36696   0.026800
36697   0.023400
36698   0.026200
36699   0.038500
36700   0.035400
36701   0.038700
36702   0.037900
36703   0.030900
36704   0.031600
36705   0.025700
36706   0.029500
36707   0.037600
36708   0.039300
36709   0.035400
36710   0.041300
36711   0.036200
36712   0.038400
36713   0.040900
36714   0.048700
36715   0.043800
36716   0.051700
36717   0.046300
36718   0.047300
36719   0.044600
36720   0.049500
36721   0.046600
36722   0.055700
36723   0.052200
36724   0.049400
36725   0.047300
36726   0.045100
36727   0.029400
36728   0.030000
36729   0.037900
36730   0.040500
36731   0.044000
36732   0.047800
36733   0.050800
36734   0.059800
36735   0.062100
36736   0.054100
36737   0.051200
36738   0.039900
36739   0.053900
36740   0.041800
36741   0.040800
36742   0.037600
36743   0.031800
36744   0.039100
36745   0.041900
36746   0.036300
36747   0.034000
36748   0.026200
36749   0.033200
36750   0.025900
36751   0.028900
36752   0.039300
36753   0.046000
36754   0.052800
36755   0.070400
36756   0.070400
36757   0.076400
36758   0.064500
36759   0.064400
36760   0.064100
36761   0.068800
36762   0.077700
36763   0.085700
36764   0.084900
36765   0.082000
36766   0.084200
36767   0.083300
36768   0.071800
36769   0.068800
36770   0.063400
36771   0.064200
36772   0.067800
36773   0.071000
36774   0.078600
36775   0.063500
36776   0.060700
36777   0.062200
36778   0.060000
36779   0.063400
36780   0.062100
36781   0.055500
36782   0.055500
36783   0.046400
36784   0.050000
36785   0.045000
36786   0.041900
36787   0.035800
36788   0.039500
36789   0.040900
36790   0.040100
36791   0.037400
36792   0.031300
36793   0.025800
36794   0.026900
36795   0.032100
36796   0.030400
36797   0.022500
36798   0.023400
36799   0.028800
36800   0.032100
36801   0.037900
36802   0.027700
36803   0.031500
36804   0.037500
36805   0.053500
36806   0.047900
36807   0.048500
36808   0.056900
36809   0.079700
36810   0.070300
36811   0.067600
36812   0.080200
36813   0.082900
36814   0.080700
36815   0.082800
36816   0.084300
36817   0.083000
36818   0.092100
36819   0.097900
36820   0.091200
36821   0.101200
36822   0.095400
36823   0.094800
36824   0.089600
36825   0.092800
36826   0.085300
36827   0.080300
36828   0.074200
36829   0.071400
36830   0.081200
36831   0.061400
36832   0.064500
36833   0.059400
36834   0.065000
36835   0.070100
36836   0.064900
36837   0.061400
36838   0.061000
36839   0.058700
36840   0.062200
36841   0.064000
36842   0.076500
36843   0.077200
36844   0.082500
36845   0.079900
36846   0.077000
36847   0.064100
36848   0.066500
36849   0.063700
36850   0.060000
36851   0.056200
36852   0.052600
36853   0.048100
36854   0.048500
36855   0.058200
36856   0.062200
36857   0.077700
36858   0.085600
36859   0.080500
36860   0.086400
36861   0.076200
36862   0.083400
36863   0.071800
36864   0.070600
36865   0.063600
36866   0.064900
36867   0.053900
36868   0.049900
36869   0.046100
36870   0.045100
36871   0.028900
36872   0.022500
36873   0.032500
36874   0.039600
36875   0.045200
36876   0.041400
36877   0.034000
36878   0.031900
36879   0.032500
36880   0.031200
36881   0.022900
36882   0.019100
36883   0.018500
36884   0.007700
36885   0.008200
36886   0.021200
36887   0.024800
36888   0.015100
36889   0.021300
36890   0.027300
36891   0.028700
36892   0.020500
36893   0.015600
36894   0.010400
36895   0.011800
36896   0.019100
36897   0.022100
36898   0.024000
36899   0.029300
36900   0.031600
36901   0.035500
36902   0.031200
36903   0.042000
36904   0.035500
36905   0.044800
36906   0.052600
36907   0.044300
36908   0.042700
36909   0.042400
36910   0.050100
36911   0.050000
36912   0.048300
36913   0.046000
36914   0.046700
36915   0.051500
36916   0.053200
36917   0.049800
36918   0.055100
36919   0.058500
36920   0.061900
36921   0.065100
36922   0.054000
36923   0.055900
36924   0.061500
36925   0.057800
36926   0.066300
36927   0.063500
36928   0.068000
36929   0.074900
36930   0.066800
36931   0.056800
36932   0.059600
36933   0.048500
36934   0.049200
36935   0.058200
36936   0.053100
36937   0.057700
36938   0.052300
36939   0.060800
36940   0.063100
36941   0.064200
36942   0.068600
36943   0.069500
36944   0.068100
36945   0.058700
36946   0.050400
36947   0.060400
36948   0.063800
36949   0.055100
36950   0.054300
36951   0.043500
36952   0.041300
36953   0.032900
36954   0.024800
36955   0.022200
36956   0.022200
36957   0.020300
36958   0.016500
36959   0.027500
36960   0.033600
36961   0.030700
36962   0.030400
36963   0.029300
36964   0.031000
36965   0.024900
36966   0.023300
36967   0.026600
36968   0.033400
36969   0.040000
36970   0.036100
36971   0.030400
36972   0.023200
36973   0.028800
36974   0.023500
36975   0.029200
36976   0.029900
36977   0.039500
36978   0.035300
36979   0.034500
36980   0.040600
36981   0.033400
36982   0.029500
36983   0.017500
36984   0.027000
36985   0.030100
36986   0.021600
36987   0.016500
36988   0.017900
36989   0.023800
36990   0.030400
36991   0.028900
36992   0.021300
36993   0.029300
36994   0.025100
36995   0.021000
36996   0.024400
36997   0.021300
36998   0.021300
36999   0.025300
37000   0.026100
37001   0.028600
37002   0.031300
37003   0.034300
37004   0.033600
37005   0.043400
37006   0.040900
37007   0.042200
37008   0.036300
37009   0.039200
37010   0.037500
37011   0.047600
37012   0.040800
37013   0.039500
37014   0.031300
37015   0.028200
37016   0.021500
37017   0.024800
37018   0.037000
37019   0.048800
37020   0.058500
37021   0.047400
37022   0.049400
37023   0.043700
37024   0.044500
37025   0.049900
37026   0.048800
37027   0.049400
37028   0.047500
37029   0.041700
37030   0.034300
37031   0.036300
37032   0.044000
37033   0.041500
37034   0.048100
37035   0.040900
37036   0.035500
37037   0.033700
37038   0.033400
37039   0.028700
37040   0.032500
37041   0.027100
37042   0.016700
37043   0.018300
37044   0.018600
37045   0.017500
37046   0.013900
37047   0.021800
37048   0.026100
37049   0.021100
37050   0.018600
37051   0.015300
37052   0.014800
37053   0.018300
37054   0.009800
37055   0.006900
37056  -0.002700
37057   0.004300
37058   0.014300
37059   0.011100
37060   0.012300
37061   0.012100
37062   0.017200
37063   0.006500
37064  -0.001400
37065  -0.004000
37066  -0.007100
37067  -0.000400
37068   0.009100
37069   0.009600
37070   0.018000
37071   0.015300
37072   0.011300
37073   0.013900
37074   0.010700
37075   0.013000
37076   0.020200
37077   0.026100
37078   0.023100
37079   0.022800
37080   0.018600
37081   0.025800
37082   0.024100
37083   0.020500
37084   0.015500
37085   0.014200
37086   0.018100
37087   0.014800
37088   0.023400
37089   0.019500
37090   0.020200
37091   0.024600
37092   0.022500
37093   0.017000
37094   0.017800
37095   0.013900
37096   0.014700
37097   0.017100
37098   0.009500
37099   0.010100
37100   0.015600
37101   0.013800
37102   0.025200
37103   0.021700
37104   0.021700
37105   0.019800
37106   0.015100
37107   0.006100
37108   0.012200
37109   0.016400
37110   0.017100
37111   0.028500
37112   0.018600
37113   0.014900
37114   0.020200
37115   0.018100
37116   0.013600
37117   0.020700
37118   0.026000
37119   0.018800
37120   0.026000
37121   0.028900
37122   0.030000
37123   0.045700
37124   0.054700
37125   0.051900
37126   0.057100
37127   0.051000
37128   0.043500
37129   0.043800
37130   0.041600
37131   0.038900
37132   0.028200
37133   0.016400
37134   0.024300
37135   0.023100
37136   0.026100
37137   0.033400
37138   0.043200
37139   0.051500
37140   0.049400
37141   0.055800
37142   0.061000
37143   0.053600
37144   0.045500
37145   0.050500
37146   0.037300
37147   0.044500
37148   0.049300
37149   0.046900
37150   0.048200
37151   0.043400
37152   0.052800
37153   0.043600
37154   0.038500
37155   0.028300
37156   0.033600
37157   0.032600
37158   0.036300
37159   0.019800
37160   0.015600
37161   0.016000
37162   0.019700
37163   0.024800
37164   0.029200
37165   0.029700
37166   0.032600
37167   0.026100
37168   0.027700
37169   0.031300
37170   0.037400
37171   0.034100
37172   0.033100
37173   0.027200
37174   0.017900
37175   0.016700
37176   0.014900
37177   0.021900
37178   0.027700
37179   0.029500
37180   0.035800
37181   0.036800
37182   0.052800
37183   0.048500
37184   0.049700
37185   0.056000
37186   0.053600
37187   0.057400
37188   0.060200
37189   0.043900
37190   0.048700
37191   0.055400
37192   0.055700
37193   0.050600
37194   0.045300
37195   0.046900
37196   0.052300
37197   0.053400
37198   0.058600
37199   0.057500
37200   0.060600
37201   0.067700
37202   0.075900
37203   0.072200
37204   0.075100
37205   0.067900
37206   0.068700
37207   0.068400
37208   0.067700
37209   0.062900
37210   0.062200
37211   0.063400
37212   0.065900
37213   0.054200
37214   0.058700
37215   0.070200
37216   0.073400
37217   0.064400
37218   0.057600
37219   0.053100
37220   0.034200
37221   0.029600
37222   0.034200
37223   0.036100
37224   0.033400
37225   0.033400
37226   0.026000
37227   0.023900
37228   0.032300
37229   0.033000
37230   0.024900
37231   0.025200
37232   0.015300
37233   0.008700
37234   0.003400
37235   0.008100
37236   0.011400
37237   0.000900
37238   0.012700
37239   0.002800
37240   0.003400
37241   0.001600
37242  -0.004800
37243  -0.005400
37244   0.001400
37245   0.006300
37246  -0.009500
37247   0.000400
37248  -0.001400
37249  -0.003000
37250   0.012400
37251   0.012100
37252   0.015700
37253   0.018700
37254   0.018700
37255   0.024700
37256   0.029400
37257   0.024800
37258   0.021300
37259   0.021600
37260   0.027100
37261   0.031700
37262   0.035300
37263   0.035700
37264   0.036400
37265   0.031800
37266   0.035700
37267   0.027900
37268   0.025400
37269   0.034200
37270   0.021000
37271   0.015000
37272   0.015400
37273   0.008900
37274   0.011200
37275   0.017000
37276   0.002900
37277   0.016400
37278   0.013900
37279   0.012800
37280   0.012300
37281   0.008000
37282   0.004800
37283   0.005000
37284   0.011100
37285   0.017300
37286   0.021100
37287   0.013200
37288   0.011900
37289   0.016500
37290   0.026600
37291   0.022500
37292   0.027200
37293   0.023600
37294   0.021500
37295   0.013300
37296   0.015000
37297   0.009500
37298   0.011400
37299   0.016200
37300   0.006500
37301   0.009500
37302   0.003100
37303  -0.003900
37304   0.011300
37305   0.021200
37306   0.018200
37307   0.019300
37308   0.033500
37309   0.033600
37310   0.029300
37311   0.033100
37312   0.029200
37313   0.027800
37314   0.025100
37315   0.023500
37316   0.021400
37317   0.030600
37318   0.019600
37319   0.012300
37320   0.015100
37321   0.013200
37322   0.011800
37323   0.010800
37324   0.003500
37325  -0.007500
37326  -0.005500
37327  -0.007900
37328  -0.006600
37329  -0.012800
37330  -0.016100
37331  -0.015800
37332  -0.021900
37333  -0.021100
37334  -0.017400
37335  -0.012300
37336  -0.007000
37337  -0.007500
37338  -0.011900
37339  -0.025400
37340  -0.019700
37341  -0.020900
37342  -0.026600
37343  -0.027400
37344  -0.018700
37345  -0.024500
37346  -0.031200
37347  -0.019900
37348  -0.026700
37349  -0.027000
37350  -0.029500
37351  -0.025500
37352  -0.019600
37353  -0.020800
37354  -0.025500
37355  -0.026600
37356  -0.019700
37357  -0.017000
37358  -0.011500
37359  -0.021200
37360  -0.025900
37361  -0.018000
37362  -0.018000
37363  -0.013300
37364  -0.011200
37365  -0.002300
37366  -0.005700
37367  -0.006400
37368  -0.003200
37369  -0.002800
37370  -0.000700
37371   0.003300
37372   0.001200
37373   0.003400
37374   0.006600
37375  -0.001400
37376  -0.004100
37377  -0.004400
37378  -0.007200
37379  -0.003700
37380   0.009700
37381   0.003000
37382   0.003400
37383   0.000800
37384   0.012000
37385   0.006900
37386   0.008400
37387   0.010200
37388   0.014600
37389   0.011600
37390   0.011600
37391   0.017700
37392   0.009500
37393   0.013100
37394   0.015800
37395   0.004000
37396   0.002400
37397   0.004100
37398   0.009800
37399   0.006800
37400   0.006000
37401   0.000700
37402  -0.008200
37403  -0.006200
37404  -0.000800
37405   0.005400
37406   0.000900
37407   0.000600
37408   0.018100
37409   0.017200
37410   0.021800
37411   0.020900
37412   0.023900
37413   0.024000
37414   0.020200
37415   0.014700
37416   0.024100
37417   0.030900
37418   0.034000
37419   0.030500
37420   0.027600
37421   0.017900
37422   0.017500
37423   0.018900
37424   0.033800
37425   0.028500
37426   0.021400
37427   0.006900
37428   0.014200
37429   0.012100
37430   0.011100
37431   0.011000
37432   0.005300
37433  -0.004700
37434  -0.004600
37435  -0.005300
37436  -0.004200
37437  -0.005000
37438  -0.005000
37439  -0.004900
37440  -0.004500
37441  -0.002400
37442  -0.003200
37443  -0.004300
37444  -0.016100
37445  -0.028600
37446  -0.028300
37447  -0.020500
37448  -0.021000
37449  -0.016800
37450  -0.035400
37451  -0.024200
37452  -0.029300
37453  -0.027300
37454  -0.030000
37455  -0.037400
37456  -0.034300
37457  -0.037400
37458  -0.035300
37459  -0.033800
37460  -0.032200
37461  -0.035100
37462  -0.036100
37463  -0.030600
37464  -0.032900
37465  -0.043300
37466  -0.026700
37467  -0.026100
37468  -0.020000
37469  -0.017000
37470  -0.022400
37471  -0.034600
37472  -0.035100
37473  -0.039300
37474  -0.034800
37475  -0.029900
37476  -0.031300
37477  -0.032800
37478  -0.026500
37479  -0.023700
37480  -0.020100
37481  -0.024100
37482  -0.021000
37483  -0.031200
37484  -0.014000
37485  -0.016800
37486  -0.012900
37487  -0.011800
37488  -0.007300
37489  -0.006100
37490   0.004400
37491   0.018400
37492   0.027700
37493   0.030200
37494   0.024500
37495   0.031600
37496   0.039500
37497   0.037000
37498   0.043300
37499   0.039300
37500   0.032900
37501   0.035500
37502   0.033100
37503   0.034400
37504   0.032200
37505   0.037600
37506   0.043900
37507   0.043000
37508   0.026900
37509   0.037800
37510   0.032800
37511   0.027800
37512   0.043000
37513   0.052300
37514   0.058100
37515   0.056000
37516   0.061600
37517   0.060400
37518   0.059100
37519   0.062800
37520   0.059600
37521   0.050700
37522   0.060800
37523   0.058600
37524   0.057700
37525   0.049300
37526   0.053800
37527   0.055900
37528   0.054300
37529   0.047700
37530   0.040600
37531   0.036500
37532   0.029000
37533   0.029500
37534   0.029200
37535   0.032900
37536   0.029200
37537   0.035400
37538   0.045900
37539   0.039400
37540   0.046300
37541   0.044900
37542   0.044300
37543   0.041700
37544   0.043900
37545   0.042400
37546   0.028200
37547   0.021200
37548   0.008000
37549   0.014300
37550   0.014400
37551   0.010300
37552   0.014100
37553   0.016200
37554   0.021500
37555   0.027400
37556   0.026200
37557   0.032200
37558   0.018600
37559   0.019800
37560   0.021700
37561   0.015100
37562   0.010000
37563   0.014300
37564   0.018300
37565   0.015100
37566   0.013100
37567   0.011300
37568   0.019200
37569   0.024100
37570   0.017700
37571   0.020200
37572   0.019500
37573   0.018400
37574   0.014500
37575   0.013500
37576   0.005400
37577   0.009300
37578   0.006900
37579   0.008900
37580   0.009400
37581  -0.002700
37582  -0.004100
37583  -0.010800
37584  -0.002700
37585   0.008400
37586   0.005900
37587   0.000400
37588  -0.002800
37589   0.000500
37590   0.002800
37591  -0.000900
37592   0.003200
37593   0.002400
37594  -0.006200
37595  -0.004000
37596  -0.003300
37597  -0.007900
37598  -0.008800
37599  -0.008100
37600  -0.009500
37601   0.011100
37602   0.008400
37603   0.025400
37604   0.025800
37605   0.023900
37606   0.013500
37607   0.009700
37608   0.012300
37609   0.011500
37610  -0.002300
37611  -0.005600
37612  -0.010800
37613  -0.005600
37614  -0.000800
37615  -0.000900
37616  -0.009800
37617  -0.005800
37618  -0.003700
37619  -0.003500
37620   0.003100
37621   0.000500
37622   0.006000
37623   0.006500
37624   0.015400
37625   0.010800
37626   0.017100
37627   0.018100
37628   0.028000
37629   0.028400
37630   0.021200
37631   0.022700
37632   0.014000
37633   0.009100
37634  -0.000200
37635   0.003400
37636   0.009800
37637   0.008700
37638   0.011900
37639   0.018100
37640   0.021300
37641   0.011600
37642   0.011600
37643   0.010000
37644   0.015000
37645   0.011700
37646   0.019800
37647   0.025300
37648   0.027400
37649   0.026300
37650   0.027200
37651   0.028700
37652   0.021500
37653   0.024600
37654   0.023400
37655   0.029400
37656   0.029800
37657   0.020300
37658   0.027100
37659   0.024300
37660   0.020900
37661   0.011500
37662   0.007800
37663   0.005500
37664   0.008300
37665   0.009900
37666   0.007700
37667   0.009100
37668   0.014900
37669   0.008700
37670   0.013700
37671   0.015900
37672   0.018900
37673   0.015900
37674   0.017000
37675   0.024200
37676   0.028000
37677   0.036000
37678   0.040800
37679   0.038100
37680   0.030100
37681   0.031100
37682   0.034200
37683   0.043900
37684   0.042400
37685   0.035800
37686   0.032900
37687   0.034500
37688   0.031900
37689   0.016300
37690   0.032300
37691   0.034300
37692   0.022800
37693   0.029400
37694   0.029900
37695   0.031200
37696   0.033800
37697   0.030600
37698   0.025200
37699   0.015700
37700   0.023700
37701   0.036900
37702   0.036300
37703   0.031700
37704   0.045500
37705   0.031500
37706   0.023000
37707   0.035500
37708   0.037500
37709   0.040000
37710   0.051000
37711   0.045300
37712   0.048200
37713   0.044800
37714   0.046100
37715   0.046400
37716   0.038900
37717   0.037300
37718   0.041300
37719   0.046500
37720   0.044900
37721   0.045900
37722   0.040400
37723   0.034300
37724   0.026800
37725   0.017400
37726   0.015700
37727   0.021100
37728   0.028300
37729   0.026700
37730   0.022500
37731   0.022700
37732   0.027400
37733   0.013800
37734  -0.003900
37735   0.006700
37736   0.011900
37737   0.016000
37738   0.010900
37739   0.023200
37740   0.021300
37741   0.021100
37742   0.019900
37743   0.006300
37744   0.003600
37745   0.009000
37746   0.015800
37747   0.015400
37748   0.013000
37749   0.014800
37750   0.003600
37751  -0.001700
37752  -0.007200
37753  -0.002500
37754  -0.003500
37755  -0.007700
37756  -0.000400
37757   0.004700
37758   0.014300
37759   0.000700
37760   0.004700
37761   0.011300
37762   0.009200
37763   0.010600
37764   0.005200
37765   0.007400
37766   0.000100
37767  -0.004300
37768   0.000400
37769  -0.003900
37770  -0.008100
37771  -0.017800
37772  -0.004900
37773  -0.002400
37774  -0.009200
37775  -0.009700
37776  -0.004600
37777  -0.005400
37778  -0.011200
37779  -0.013300
37780  -0.024200
37781  -0.015300
37782  -0.021300
37783  -0.032100
37784  -0.034700
37785  -0.034100
37786  -0.030700
37787  -0.037200
37788  -0.038800
37789  -0.042200
37790  -0.046600
37791  -0.037400
37792  -0.041000
37793  -0.035700
37794  -0.034100
37795  -0.026000
37796  -0.030400
37797  -0.025800
37798  -0.013400
37799  -0.013500
37800  -0.008200
37801  -0.010300
37802  -0.011200
37803  -0.009100
37804  -0.004900
37805   0.000800
37806   0.001100
37807  -0.000200
37808  -0.003900
37809  -0.002900
37810   0.006900
37811   0.007200
37812   0.001300
37813  -0.003000
37814  -0.000200
37815   0.005600
37816  -0.005100
37817  -0.015500
37818  -0.012800
37819  -0.019800
37820  -0.019800
37821  -0.024800
37822  -0.035600
37823  -0.035900
37824  -0.034100
37825  -0.023700
37826  -0.024400
37827  -0.009900
37828  -0.021500
37829  -0.015300
37830  -0.003400
37831   0.000300
37832  -0.007100
37833  -0.002800
37834  -0.010600
37835  -0.007400
37836  -0.003800
37837  -0.010700
37838  -0.008300
37839  -0.016400
37840  -0.006400
37841  -0.005700
37842   0.005500
37843   0.007700
37844   0.011000
37845   0.014700
37846   0.007600
37847   0.004900
37848   0.011200
37849   0.021400
37850   0.019200
37851   0.018300
37852   0.023900
37853   0.038100
37854   0.040600
37855   0.039300
37856   0.050400
37857   0.037100
37858   0.050300
37859   0.038800
37860   0.044800
37861   0.051300
37862   0.050800
37863   0.048400
37864   0.037500
37865   0.020400
37866   0.018100
37867   0.008400
37868   0.011200
37869   0.010500
37870   0.014500
37871   0.016100
37872   0.012600
37873   0.018700
37874   0.023200
37875   0.019500
37876   0.024900
37877   0.016100
37878   0.014800
37879   0.006500
37880   0.003300
37881  -0.000300
37882   0.013600
37883  -0.001300
37884  -0.000300
37885   0.003300
37886  -0.001200
37887  -0.000900
37888  -0.018600
37889  -0.014200
37890   0.000600
37891   0.007200
37892   0.009900
37893   0.004300
37894  -0.004000
37895   0.010000
37896   0.011400
37897   0.006500
37898   0.012100
37899   0.012800
37900   0.013300
37901   0.008500
37902   0.020300
37903   0.021100
37904   0.021700
37905   0.020600
37906   0.019800
37907   0.033100
37908   0.027800
37909   0.029600
37910   0.030300
37911   0.040300
37912   0.051100
37913   0.054100
37914   0.061500
37915   0.071400
37916   0.076900
37917   0.065300
37918   0.060400
37919   0.067500
37920   0.059400
37921   0.058300
37922   0.072400
37923   0.066300
37924   0.067200
37925   0.068000
37926   0.064400
37927   0.067900
37928   0.065400
37929   0.063900
37930   0.060400
37931   0.058100
37932   0.067300
37933   0.062200
37934   0.060800
37935   0.058400
37936   0.060200
37937   0.058100
37938   0.060500
37939   0.068500
37940   0.064500
37941   0.066700
37942   0.074200
37943   0.079100
37944   0.077900
37945   0.085000
37946   0.079100
37947   0.081300
37948   0.086900
37949   0.084900
37950   0.091300
37951   0.090100
37952   0.091800
37953   0.090900
37954   0.096100
37955   0.096000
37956   0.109100
37957   0.104700
37958   0.108800
37959   0.107600
37960   0.098300
37961   0.106600
37962   0.106600
37963   0.109000
37964   0.113000
37965   0.097100
37966   0.098300
37967   0.107200
37968   0.105400
37969   0.099500
37970   0.096700
37971   0.093200
37972   0.097300
37973   0.105800
37974   0.111300
37975   0.112700
37976   0.110300
37977   0.111600
37978   0.098900
37979   0.099200
37980   0.099400
37981   0.098300
37982   0.106900
37983   0.104500
37984   0.115700
37985   0.109700
37986   0.111500
37987   0.107000
37988   0.105600
37989   0.100900
37990   0.107600
37991   0.106800
37992   0.110000
37993   0.123100
37994   0.118900
37995   0.120900
37996   0.128000
37997   0.124200
37998   0.131700
37999   0.116400
38000   0.109000
38001   0.104200
38002   0.107700
38003   0.105100
38004   0.109300
38005   0.118800
38006   0.129100
38007   0.119600
38008   0.121600
38009   0.108400
38010   0.098900
38011   0.106300
38012   0.107500
38013   0.097900
38014   0.096300
38015   0.102300
38016   0.108900
38017   0.109900
38018   0.103400
38019   0.096400
38020   0.086200
38021   0.073500
38022   0.064800
38023   0.055100
38024   0.058400
38025   0.053300
38026   0.054600
38027   0.048700
38028   0.050900
38029   0.049000
38030   0.041700
38031   0.040500
38032   0.045600
38033   0.043500
38034   0.046300
38035   0.044600
38036   0.039600
38037   0.033000
38038   0.036600
38039   0.041000
38040   0.045400
38041   0.035300
38042   0.037800
38043   0.040200
38044   0.022500
38045   0.021600
38046   0.018700
38047   0.023900
38048   0.023100
38049   0.026100
38050   0.027500
38051   0.019800
38052   0.024200
38053   0.019800
38054   0.014800
38055   0.008000
38056   0.005400
38057   0.000800
38058   0.009300
38059   0.011900
38060   0.002700
38061   0.006100
38062   0.016900
38063   0.012300
38064   0.015200
38065   0.012600
38066   0.017500
38067   0.013800
38068   0.012100
38069   0.009600
38070   0.011200
38071  -0.001000
38072  -0.004500
38073  -0.002800
38074   0.001800
38075  -0.006100
38076  -0.003800
38077   0.000100
38078   0.003200
38079   0.003700
38080   0.002900
38081   0.004300
38082  -0.003400
38083  -0.009800
38084  -0.006800
38085  -0.017700
38086  -0.014200
38087  -0.007100
38088  -0.003700
38089   0.002200
38090   0.004400
38091   0.013500
38092   0.008300
38093   0.007200
38094   0.000700
38095   0.002500
38096  -0.003100
38097   0.000400
38098   0.009200
38099   0.009100
38100  -0.001500
38101  -0.003400
38102  -0.000800
38103   0.001500
38104  -0.002500
38105  -0.002900
38106  -0.009300
38107  -0.017300
38108  -0.016700
38109  -0.017700
38110  -0.027700
38111  -0.023600
38112  -0.035000
38113  -0.037300
38114  -0.034500
38115  -0.021900
38116  -0.029500
38117  -0.016800
38118  -0.006200
38119  -0.016500
38120  -0.021000
38121  -0.016900
38122  -0.019100
38123  -0.013700
38124  -0.018900
38125  -0.021700
38126  -0.015500
38127  -0.017900
38128  -0.019400
38129  -0.024200
38130  -0.024800
38131  -0.016000
38132  -0.015700
38133  -0.018100
38134  -0.025100
38135  -0.028500
38136  -0.026300
38137  -0.016600
38138  -0.010600
38139  -0.015400
38140  -0.016000
38141  -0.020700
38142  -0.018600
38143  -0.013700
38144  -0.015700
38145  -0.010100
38146  -0.010700
38147  -0.002900
38148  -0.005700
38149  -0.011500
38150  -0.019900
38151  -0.023600
38152  -0.011400
38153  -0.009100
38154  -0.013500
38155  -0.015100
38156  -0.012600
38157  -0.013200
38158  -0.020100
38159  -0.012700
38160  -0.024100
38161  -0.035000
38162  -0.038400
38163  -0.055600
38164  -0.057300
38165  -0.058300
38166  -0.049100
38167  -0.049300
38168  -0.030800
38169  -0.023400
38170  -0.029000
38171  -0.023500
38172  -0.026300
38173  -0.027100
38174  -0.028600
38175  -0.022600
38176  -0.015200
38177  -0.014000
38178  -0.016600
38179  -0.022100
38180  -0.011800
38181  -0.016500
38182  -0.008600
38183  -0.002000
38184   0.005700
38185   0.011200
38186   0.002900
38187  -0.001000
38188   0.008900
38189   0.001800
38190   0.006300
38191   0.007700
38192  -0.009400
38193  -0.016200
38194  -0.010400
38195  -0.003700
38196  -0.011200
38197  -0.014100
38198  -0.005400
38199  -0.018000
38200  -0.019800
38201  -0.019300
38202  -0.022300
38203  -0.011900
38204  -0.019700
38205  -0.016200
38206  -0.019700
38207  -0.012600
38208  -0.012100
38209  -0.023200
38210  -0.025000
38211  -0.025800
38212  -0.032200
38213  -0.035100
38214  -0.039600
38215  -0.047500
38216  -0.043200
38217  -0.049100
38218  -0.043000
38219  -0.039600
38220  -0.033000
38221  -0.038600
38222  -0.035300
38223  -0.023600
38224  -0.011800
38225  -0.017300
38226  -0.014000
38227  -0.019500
38228  -0.024600
38229  -0.022600
38230  -0.017800
38231  -0.003900
38232   0.000000
38233   0.002900
38234   0.012100
38235   0.010000
38236   0.010200
38237   0.027100
38238   0.033300
38239   0.042200
38240   0.042200
38241   0.047600
38242   0.043200
38243   0.040600
38244   0.047100
38245   0.042600
38246   0.052100
38247   0.057300
38248   0.047800
38249   0.044200
38250   0.042200
38251   0.034800
38252   0.028600
38253   0.031500
38254   0.036200
38255   0.041600
38256   0.050000
38257   0.058000
38258   0.068200
38259   0.072400
38260   0.074800
38261   0.079100
38262   0.087100
38263   0.089800
38264   0.085100
38265   0.088100
38266   0.081800
38267   0.085400
38268   0.073500
38269   0.076000
38270   0.068600
38271   0.057400
38272   0.066100
38273   0.071500
38274   0.075600
38275   0.063300
38276   0.062900
38277   0.060500
38278   0.060400
38279   0.072900
38280   0.070300
38281   0.075500
38282   0.076100
38283   0.077000
38284   0.087900
38285   0.084100
38286   0.078300
38287   0.082600
38288   0.079900
38289   0.080700
38290   0.080000
38291   0.083400
38292   0.080900
38293   0.070400
38294   0.063000
38295   0.067500
38296   0.066400
38297   0.072100
38298   0.083200
38299   0.079100
38300   0.077700
38301   0.075800
38302   0.081900
38303   0.073500
38304   0.075300
38305   0.073200
38306   0.065400
38307   0.071100
38308   0.067800
38309   0.059500
38310   0.061400
38311   0.058300
38312   0.060000
38313   0.053900
38314   0.049000
38315   0.048500
38316   0.037000
38317   0.043300
38318   0.042500
38319   0.042900
38320   0.038300
38321   0.034400
38322   0.032200
38323   0.046400
38324   0.046600
38325   0.045300
38326   0.044400
38327   0.044600
38328   0.055300
38329   0.051200
38330   0.046200
38331   0.061600
38332   0.058200
38333   0.050100
38334   0.056600
38335   0.061600
38336   0.059300
38337   0.073600
38338   0.068400
38339   0.066600
38340   0.067900
38341   0.072900
38342   0.079500
38343   0.081400
38344   0.075400
38345   0.069100
38346   0.069100
38347   0.063100
38348   0.063400
38349   0.059300
38350   0.054400
38351   0.062300
38352   0.069800
38353   0.064500
38354   0.085800
38355   0.091600
38356   0.091500
38357   0.094700
38358   0.101600
38359   0.099400
38360   0.103400
38361   0.100200
38362   0.101600
38363   0.110500
38364   0.109800
38365   0.126800
38366   0.116200
38367   0.116800
38368   0.113100
38369   0.114700
38370   0.112200
38371   0.111800
38372   0.100600
38373   0.105100
38374   0.120000
38375   0.121900
38376   0.118200
38377   0.114100
38378   0.116900
38379   0.123000
38380   0.120100
38381   0.110900
38382   0.110900
38383   0.101600
38384   0.104800
38385   0.104600
38386   0.112900
38387   0.107500
38388   0.107300
38389   0.107300
38390   0.109800
38391   0.104900
38392   0.108900
38393   0.110500
38394   0.108800
38395   0.105400
38396   0.100100
38397   0.097200
38398   0.095800
38399   0.088800
38400   0.088600
38401   0.088700
38402   0.081300
38403   0.074700
38404   0.079200
38405   0.075000
38406   0.076500
38407   0.083200
38408   0.083000
38409   0.081100
38410   0.081000
38411   0.080000
38412   0.070600
38413   0.057100
38414   0.046100
38415   0.043900
38416   0.057000
38417   0.060600
38418   0.071400
38419   0.075400
38420   0.079700
38421   0.075400
38422   0.080100
38423   0.080300
38424   0.076500
38425   0.065600
38426   0.072200
38427   0.059100
38428   0.052100
38429   0.052100
38430   0.043800
38431   0.042400
38432   0.052000
38433   0.045700
38434   0.043300
38435   0.052800
38436   0.045400
38437   0.043000
38438   0.036600
38439   0.037200
38440   0.038200
38441   0.025500
38442   0.029000
38443   0.020900
38444   0.026100
38445   0.022900
38446   0.021000
38447   0.024900
38448   0.028000
38449   0.024500
38450   0.015800
38451   0.016600
38452   0.015800
38453   0.008600
38454   0.020100
38455   0.010200
38456   0.017100
38457   0.013900
38458   0.022500
38459   0.021700
38460   0.033000
38461   0.026300
38462   0.017200
38463   0.008300
38464   0.002800
38465   0.018700
38466   0.016700
38467   0.008100
38468   0.013500
38469   0.025200
38470   0.027200
38471   0.019000
38472   0.028100
38473   0.022200
38474   0.019800
38475   0.028900
38476   0.026300
38477   0.041300
38478   0.041500
38479   0.047400
38480   0.053000
38481   0.056600
38482   0.051800
38483   0.054500
38484   0.041000
38485   0.031800
38486   0.032400
38487   0.034200
38488   0.033800
38489   0.042500
38490   0.034000
38491   0.043000
38492   0.041100
38493   0.039900
38494   0.047500
38495   0.041200
38496   0.029300
38497   0.028600
38498   0.034600
38499   0.029300
38500   0.036100
38501   0.039800
38502   0.045700
38503   0.029200
38504   0.036100
38505   0.036300
38506   0.037000
38507   0.028600
38508   0.024800
38509   0.025300
38510   0.024700
38511   0.019300
38512   0.010400
38513   0.017400
38514   0.028800
38515   0.015700
38516   0.013400
38517   0.016200
38518   0.009500
38519  -0.002500
38520   0.006000
38521   0.005200
38522  -0.001500
38523  -0.008800
38524  -0.006300
38525  -0.018800
38526  -0.018400
38527  -0.006700
38528  -0.002200
38529  -0.008700
38530   0.001300
38531  -0.004400
38532  -0.004000
38533  -0.000300
38534  -0.007000
38535  -0.002600
38536  -0.006000
38537  -0.006000
38538  -0.012600
38539  -0.014800
38540  -0.015300
38541  -0.019100
38542  -0.025600
38543  -0.030600
38544  -0.030700
38545  -0.038800
38546  -0.037400
38547  -0.040100
38548  -0.026600
38549  -0.027300
38550  -0.020300
38551  -0.022200
38552  -0.024200
38553  -0.019700
38554  -0.021800
38555  -0.025300
38556  -0.021700
38557  -0.010100
38558   0.009400
38559   0.001900
38560  -0.002700
38561  -0.009300
38562  -0.006400
38563  -0.001300
38564  -0.004200
38565   0.001600
38566  -0.001800
38567  -0.008600
38568  -0.004900
38569  -0.007600
38570  -0.002800
38571  -0.002500
38572  -0.001200
38573  -0.001700
38574   0.001400
38575   0.002000
38576   0.007700
38577   0.028500
38578   0.030600
38579   0.025400
38580   0.025200
38581   0.015700
38582   0.022900
38583   0.031200
38584   0.025100
38585   0.031000
38586   0.025200
38587   0.023600
38588   0.022500
38589   0.031700
38590   0.031900
38591   0.042800
38592   0.036700
38593   0.035100
38594   0.031600
38595   0.044000
38596   0.047800
38597   0.048000
38598   0.033400
38599   0.049200
38600   0.055200
38601   0.049100
38602   0.041800
38603   0.037100
38604   0.031500
38605   0.031600
38606   0.020600
38607   0.023100
38608   0.024600
38609   0.026100
38610   0.027000
38611   0.032200
38612   0.027400
38613   0.033000
38614   0.031000
38615   0.031600
38616   0.027900
38617   0.034900
38618   0.032000
38619   0.034600
38620   0.038500
38621   0.038600
38622   0.045200
38623   0.042500
38624   0.040500
38625   0.043200
38626   0.041100
38627   0.044400
38628   0.044400
38629   0.041100
38630   0.037900
38631   0.042900
38632   0.035700
38633   0.033300
38634   0.040700
38635   0.038400
38636   0.030400
38637   0.026300
38638   0.015900
38639   0.016700
38640   0.025200
38641   0.019000
38642   0.020000
38643   0.018500
38644   0.012800
38645   0.008000
38646   0.013000
38647   0.015000
38648   0.009100
38649   0.010800
38650   0.015300
38651   0.008800
38652   0.011200
38653   0.021000
38654   0.017500
38655   0.023900
38656   0.017500
38657   0.018200
38658   0.021600
38659   0.023500
38660   0.026300
38661   0.026400
38662   0.025800
38663   0.026900
38664   0.036100
38665   0.048200
38666   0.046800
38667   0.035600
38668   0.040800
38669   0.039200
38670   0.043000
38671   0.048800
38672   0.043300
38673   0.051800
38674   0.056200
38675   0.057100
38676   0.047000
38677   0.042200
38678   0.047500
38679   0.049100
38680   0.052200
38681   0.054200
38682   0.046500
38683   0.047400
38684   0.040300
38685   0.043800
38686   0.033600
38687   0.035400
38688   0.028700
38689   0.021400
38690   0.028800
38691   0.023200
38692   0.027600
38693   0.030500
38694   0.015700
38695   0.015500
38696   0.018800
38697   0.008000
38698  -0.002800
38699  -0.001100
38700   0.003000
38701  -0.004300
38702   0.002200
38703   0.002500
38704   0.011500
38705   0.007600
38706   0.000700
38707  -0.006700
38708  -0.007900
38709  -0.012900
38710  -0.012600
38711  -0.015300
38712  -0.012300
38713  -0.007300
38714  -0.006100
38715   0.004400
38716   0.014900
38717   0.010200
38718   0.012900
38719   0.023100
38720   0.010600
38721   0.007000
38722   0.008200
38723   0.008900
38724   0.013500
38725   0.021600
38726   0.017500
38727   0.017700
38728   0.008900
38729   0.005700
38730   0.004200
38731   0.014400
38732   0.005800
38733   0.006100
38734   0.006500
38735  -0.002200
38736  -0.005300
38737   0.008000
38738  -0.001600
38739  -0.007500
38740  -0.000200
38741  -0.003700
38742  -0.006600
38743  -0.004000
38744  -0.004300
38745  -0.001800
38746   0.005700
38747   0.007400
38748   0.014600
38749   0.004900
38750  -0.004800
38751  -0.006200
38752  -0.006800
38753  -0.008900
38754  -0.012500
38755  -0.010100
38756  -0.017600
38757  -0.016100
38758  -0.010900
38759  -0.018100
38760  -0.020600
38761  -0.002400
38762  -0.004000
38763  -0.003100
38764  -0.011000
38765   0.000300
38766   0.002500
38767  -0.004500
38768  -0.007300
38769  -0.012000
38770  -0.019800
38771  -0.021900
38772  -0.028100
38773  -0.028200
38774  -0.020300
38775  -0.012000
38776  -0.013100
38777  -0.017000
38778  -0.018600
38779  -0.027400
38780  -0.018900
38781  -0.003700
38782  -0.004200
38783  -0.008200
38784  -0.003500
38785  -0.009000
38786  -0.013000
38787  -0.015700
38788  -0.018400
38789  -0.019100
38790  -0.010500
38791  -0.021200
38792  -0.029000
38793  -0.028300
38794  -0.020100
38795  -0.029200
38796  -0.021900
38797  -0.027800
38798  -0.028300
38799  -0.023700
38800  -0.023400
38801  -0.027900
38802  -0.027400
38803  -0.029400
38804  -0.024800
38805  -0.028100
38806  -0.025400
38807  -0.035800
38808  -0.030900
38809  -0.032600
38810  -0.030000
38811  -0.029200
38812  -0.015700
38813  -0.011000
38814  -0.013200
38815  -0.005500
38816  -0.016600
38817  -0.019500
38818  -0.013000
38819  -0.011300
38820  -0.011700
38821  -0.013700
38822  -0.007800
38823  -0.017800
38824  -0.018200
38825  -0.012400
38826  -0.008800
38827  -0.005000
38828  -0.015200
38829  -0.011700
38830  -0.010000
38831  -0.005900
38832  -0.011300
38833  -0.005800
38834  -0.007100
38835   0.002100
38836   0.006700
38837   0.007800
38838   0.002500
38839  -0.003000
38840  -0.011400
38841   0.004500
38842   0.015100
38843   0.001800
38844   0.000000
38845  -0.008300
38846  -0.001700
38847  -0.003300
38848  -0.002700
38849  -0.004800
38850  -0.001500
38851   0.003100
38852   0.003300
38853   0.002600
38854  -0.005200
38855  -0.005900
38856  -0.010200
38857  -0.018900
38858  -0.009100
38859  -0.007400
38860  -0.006400
38861  -0.002300
38862  -0.009300
38863  -0.012100
38864  -0.012600
38865  -0.005300
38866  -0.002700
38867  -0.005800
38868  -0.007400
38869  -0.012400
38870  -0.022500
38871  -0.027000
38872  -0.021700
38873  -0.017600
38874  -0.026500
38875  -0.021400
38876  -0.022200
38877  -0.026000
38878  -0.024200
38879  -0.021700
38880  -0.018000
38881  -0.012000
38882  -0.022100
38883  -0.025700
38884  -0.024100
38885  -0.020900
38886  -0.000700
38887   0.001200
38888  -0.004600
38889   0.003700
38890   0.000700
38891  -0.008800
38892  -0.009700
38893  -0.007500
38894  -0.013100
38895  -0.002300
38896  -0.015900
38897  -0.025100
38898  -0.027600
38899  -0.025700
38900  -0.017400
38901  -0.017300
38902  -0.021600
38903  -0.025800
38904  -0.025800
38905  -0.028500
38906  -0.013200
38907  -0.012100
38908  -0.002400
38909  -0.001200
38910  -0.001700
38911   0.004200
38912   0.011000
38913   0.006300
38914   0.012900
38915   0.012300
38916   0.002600
38917  -0.010100
38918  -0.001100
38919  -0.011800
38920  -0.010600
38921  -0.013500
38922  -0.023500
38923  -0.023300
38924  -0.026700
38925  -0.021700
38926  -0.017700
38927  -0.025800
38928  -0.012500
38929  -0.018600
38930  -0.018200
38931  -0.017500
38932  -0.012600
38933  -0.011100
38934  -0.003700
38935  -0.001900
38936  -0.002800
38937  -0.000800
38938   0.002200
38939  -0.007900
38940  -0.011600
38941  -0.008800
38942  -0.018100
38943  -0.029600
38944  -0.028600
38945  -0.027700
38946  -0.032100
38947  -0.028500
38948  -0.033400
38949  -0.024200
38950  -0.032900
38951  -0.034400
38952  -0.020900
38953  -0.009000
38954  -0.003800
38955   0.000600
38956  -0.001500
38957  -0.005400
38958  -0.019000
38959  -0.019900
38960  -0.029500
38961  -0.030900
38962  -0.039800
38963  -0.042100
38964  -0.031700
38965  -0.029100
38966  -0.032100
38967  -0.034000
38968  -0.025500
38969  -0.018800
38970  -0.018500
38971  -0.016300
38972  -0.024700
38973  -0.029600
38974  -0.024400
38975  -0.028100
38976  -0.034100
38977  -0.037700
38978  -0.047100
38979  -0.043100
38980  -0.039900
38981  -0.029300
38982  -0.020900
38983  -0.018800
38984  -0.017100
38985  -0.017500
38986  -0.016300
38987  -0.022100
38988  -0.023600
38989  -0.034400
38990  -0.022100
38991  -0.010200
38992  -0.010400
38993  -0.003300
38994  -0.001800
38995  -0.001300
38996   0.002000
38997  -0.005100
38998  -0.010300
38999  -0.002800
39000  -0.013400
39001  -0.000700
39002  -0.003300
39003  -0.011200
39004  -0.008000
39005   0.006900
39006   0.011800
39007   0.009400
39008   0.007000
39009   0.002100
39010  -0.001800
39011   0.000100
39012  -0.006600
39013  -0.001600
39014  -0.001800
39015  -0.001100
39016  -0.005300
39017  -0.016000
39018  -0.008700
39019  -0.011500
39020  -0.006200
39021  -0.006100
39022  -0.013200
39023  -0.019900
39024  -0.018800
39025  -0.027000
39026  -0.035500
39027  -0.028300
39028  -0.017200
39029  -0.022400
39030  -0.020000
39031  -0.015000
39032  -0.022700
39033  -0.009200
39034  -0.016100
39035  -0.019400
39036  -0.016100
39037  -0.031200
39038  -0.024400
39039  -0.022600
39040  -0.018100
39041  -0.008600
39042  -0.005200
39043  -0.008800
39044  -0.016900
39045  -0.007500
39046  -0.008000
39047  -0.008300
39048  -0.016900
39049  -0.017500
39050  -0.009700
39051  -0.002000
39052  -0.001800
39053  -0.002800
39054  -0.000500
39055  -0.007900
39056  -0.009000
39057  -0.010600
39058  -0.002100
39059  -0.004600
39060   0.002100
39061  -0.008200
39062  -0.009300
39063  -0.011600
39064  -0.017300
39065  -0.029200
39066  -0.021700
39067  -0.019900
39068  -0.016000
39069  -0.015200
39070  -0.004400
39071  -0.005100
39072  -0.002900
39073  -0.001700
39074  -0.002100
39075  -0.006000
39076  -0.008800
39077  -0.023000
39078  -0.028500
39079  -0.025800
39080  -0.033600
39081  -0.032200
39082  -0.036400
39083  -0.043200
39084  -0.039100
39085  -0.041600
39086  -0.044000
39087  -0.054800
39088  -0.056800
39089  -0.062000
39090  -0.057300
39091  -0.051200
39092  -0.044500
39093  -0.041500
39094  -0.045600
39095  -0.044600
39096  -0.034900
39097  -0.034000
39098  -0.033500
39099  -0.031500
39100  -0.027000
39101  -0.025100
39102  -0.015700
39103  -0.014300
39104  -0.018200
39105  -0.012300
39106   0.001400
39107  -0.001300
39108  -0.003900
39109  -0.004700
39110  -0.008100
39111  -0.013100
39112  -0.017900
39113  -0.014400
39114  -0.010500
39115  -0.012000
39116  -0.014100
39117  -0.016000
39118  -0.023900
39119  -0.024400
39120  -0.026100
39121  -0.025900
39122  -0.018600
39123  -0.012600
39124  -0.010300
39125  -0.006500
39126  -0.005200
39127  -0.000800
39128   0.007600
39129   0.006200
39130   0.009500
39131   0.014700
39132   0.018900
39133   0.019500
39134   0.012700
39135   0.017500
39136   0.015100
39137   0.013600
39138   0.019600
39139   0.015100
39140   0.027500
39141   0.027500
39142   0.009200
39143   0.012200
39144   0.013200
39145   0.019300
39146   0.022900
39147   0.018300
39148   0.025600
39149   0.024200
39150   0.027200
39151   0.029200
39152   0.027300
39153   0.023300
39154   0.032700
39155   0.053100
39156   0.057200
39157   0.053100
39158   0.056200
39159   0.058400
39160   0.070300
39161   0.065600
39162   0.058500
39163   0.057200
39164   0.054300
39165   0.054100
39166   0.045000
39167   0.055000
39168   0.054600
39169   0.066100
39170   0.077000
39171   0.069900
39172   0.075700
39173   0.075200
39174   0.063500
39175   0.055800
39176   0.061500
39177   0.054800
39178   0.054400
39179   0.052300
39180   0.067700
39181   0.063700
39182   0.058000
39183   0.057700
39184   0.059600
39185   0.060100
39186   0.062300
39187   0.063500
39188   0.072600
39189   0.070600
39190   0.080000
39191   0.087100
39192   0.081900
39193   0.074200
39194   0.068400
39195   0.070700
39196   0.072100
39197   0.067600
39198   0.063000
39199   0.068900
39200   0.065300
39201   0.075700
39202   0.080100
39203   0.075900
39204   0.081300
39205   0.082300
39206   0.094600
39207   0.083100
39208   0.080500
39209   0.090800
39210   0.087700
39211   0.092400
39212   0.090200
39213   0.075600
39214   0.084900
39215   0.084300
39216   0.092700
39217   0.096200
39218   0.085300
39219   0.091500
39220   0.100500
39221   0.107200
39222   0.105900
39223   0.107500
39224   0.104400
39225   0.100600
39226   0.091400
39227   0.094300
39228   0.100800
39229   0.114300
39230   0.112200
39231   0.115700
39232   0.111100
39233   0.103800
39234   0.098400
39235   0.091700
39236   0.095500
39237   0.094700
39238   0.090000
39239   0.086400
39240   0.078900
39241   0.081900
39242   0.077400
39243   0.080500
39244   0.073500
39245   0.072200
39246   0.076400
39247   0.067000
39248   0.064100
39249   0.076700
39250   0.086000
39251   0.088900
39252   0.091800
39253   0.091800
39254   0.091200
39255   0.096000
39256   0.096200
39257   0.090400
39258   0.084400
39259   0.070400
39260   0.070000
39261   0.079200
39262   0.070300
39263   0.062300
39264   0.065600
39265   0.059000
39266   0.050000
39267   0.053100
39268   0.055900
39269   0.062600
39270   0.063000
39271   0.059600
39272   0.061800
39273   0.055300
39274   0.061700
39275   0.062800
39276   0.065000
39277   0.067800
39278   0.061500
39279   0.065100
39280   0.057400
39281   0.064300
39282   0.064600
39283   0.074800
39284   0.077300
39285   0.079300
39286   0.082000
39287   0.084500
39288   0.081800
39289   0.085900
39290   0.083900
39291   0.078200
39292   0.074400
39293   0.072100
39294   0.074200
39295   0.077700
39296   0.073600
39297   0.069600
39298   0.066700
39299   0.068200
39300   0.059700
39301   0.050200
39302   0.047700
39303   0.050100
39304   0.048400
39305   0.044600
39306   0.048100
39307   0.039800
39308   0.045800
39309   0.050700
39310   0.053500
39311   0.042000
39312   0.035600
39313   0.039700
39314   0.043000
39315   0.044500
39316   0.046900
39317   0.040600
39318   0.041700
39319   0.046200
39320   0.047100
39321   0.057000
39322   0.057300
39323   0.062600
39324   0.059800
39325   0.053900
39326   0.050200
39327   0.053400
39328   0.046400
39329   0.042500
39330   0.040900
39331   0.043800
39332   0.039100
39333   0.052900
39334   0.048000
39335   0.051500
39336   0.048400
39337   0.049200
39338   0.060800
39339   0.064100
39340   0.056000
39341   0.051600
39342   0.049000
39343   0.042800
39344   0.026400
39345   0.029600
39346   0.025800
39347   0.021800
39348   0.023900
39349   0.026400
39350   0.029300
39351   0.026500
39352   0.039000
39353   0.048200
39354   0.033700
39355   0.028500
39356   0.042000
39357   0.037100
39358   0.049700
39359   0.045400
39360   0.052900
39361   0.061700
39362   0.069100
39363   0.061600
39364   0.055000
39365   0.053100
39366   0.058100
39367   0.068700
39368   0.072500
39369   0.071600
39370   0.075500
39371   0.068700
39372   0.078900
39373   0.078300
39374   0.071100
39375   0.075700
39376   0.083800
39377   0.081300
39378   0.072900
39379   0.066900
39380   0.062800
39381   0.054700
39382   0.068000
39383   0.067400
39384   0.068000
39385   0.065500
39386   0.060800
39387   0.054600
39388   0.064800
39389   0.068400
39390   0.065200
39391   0.056000
39392   0.061200
39393   0.056600
39394   0.068200
39395   0.066900
39396   0.077100
39397   0.064100
39398   0.057200
39399   0.065000
39400   0.069300
39401   0.057800
39402   0.054400
39403   0.051100
39404   0.047700
39405   0.044000
39406   0.045100
39407   0.045500
39408   0.038100
39409   0.042700
39410   0.036800
39411   0.041700
39412   0.046200
39413   0.045900
39414   0.055700
39415   0.059300
39416   0.059800
39417   0.058900
39418   0.058600
39419   0.069400
39420   0.065000
39421   0.067500
39422   0.064700
39423   0.058400
39424   0.053700
39425   0.040200
39426   0.035100
39427   0.046400
39428   0.052300
39429   0.056100
39430   0.047200
39431   0.043000
39432   0.041300
39433   0.036900
39434   0.042300
39435   0.037500
39436   0.039600
39437   0.036700
39438   0.031700
39439   0.032700
39440   0.026400
39441   0.034200
39442   0.038800
39443   0.038300
39444   0.040500
39445   0.030900
39446   0.037700
39447   0.041300
39448   0.048100
39449   0.050300
39450   0.051600
39451   0.050500
39452   0.048600
39453   0.056800
39454   0.051800
39455   0.049700
39456   0.054600
39457   0.047600
39458   0.050900
39459   0.052200
39460   0.045400
39461   0.053700
39462   0.055200
39463   0.046200
39464   0.034800
39465   0.028700
39466   0.032900
39467   0.027700
39468   0.036100
39469   0.045200
39470   0.048800
39471   0.051400
39472   0.056500
39473   0.044900
39474   0.035500
39475   0.035400
39476   0.034100
39477   0.051000
39478   0.053200
39479   0.058000
39480   0.057600
39481   0.048400
39482   0.047200
39483   0.050100
39484   0.047300
39485   0.043000
39486   0.041800
39487   0.041500
39488   0.039800
39489   0.041400
39490   0.049200
39491   0.044200
39492   0.029600
39493   0.024000
39494   0.028500
39495   0.014500
39496   0.012100
39497   0.002500
39498   0.004800
39499  -0.005300
39500   0.002000
39501  -0.005300
39502  -0.006200
39503  -0.000400
39504   0.000200
39505  -0.000100
39506  -0.005100
39507  -0.010700
39508   0.004300
39509   0.017900
39510   0.017800
39511   0.017900
39512   0.019100
39513   0.017000
39514   0.019000
39515   0.013300
39516   0.016900
39517   0.014500
39518   0.016300
39519   0.005400
39520   0.004700
39521   0.002900
39522  -0.004500
39523  -0.020800
39524  -0.027300
39525  -0.038400
39526  -0.040200
39527  -0.038300
39528  -0.036300
39529  -0.043900
39530  -0.042000
39531  -0.046000
39532  -0.040500
39533  -0.043400
39534  -0.049700
39535  -0.049400
39536  -0.050600
39537  -0.053600
39538  -0.056800
39539  -0.059300
39540  -0.060100
39541  -0.060000
39542  -0.053100
39543  -0.054800
39544  -0.060700
39545  -0.061900
39546  -0.053500
39547  -0.049600
39548  -0.052000
39549  -0.044000
39550  -0.043300
39551  -0.043800
39552  -0.037000
39553  -0.031800
39554  -0.040700
39555  -0.045900
39556  -0.041600
39557  -0.047000
39558  -0.042000
39559  -0.047300
39560  -0.039300
39561  -0.039200
39562  -0.036900
39563  -0.038500
39564  -0.034900
39565  -0.035800
39566  -0.030900
39567  -0.033400
39568  -0.033600
39569  -0.033600
39570  -0.026800
39571  -0.020900
39572  -0.019000
39573  -0.028400
39574  -0.022000
39575  -0.025600
39576  -0.028300
39577  -0.028300
39578  -0.021700
39579  -0.017200
39580  -0.023400
39581  -0.020400
39582  -0.012100
39583  -0.007300
39584  -0.006900
39585  -0.001400
39586  -0.006000
39587   0.008600
39588   0.003400
39589   0.014300
39590   0.009500
39591   0.006900
39592   0.001700
39593   0.001200
39594   0.010500
39595   0.002400
39596  -0.001800
39597  -0.004200
39598   0.003000
39599   0.007600
39600   0.016000
39601   0.023800
39602   0.037700
39603   0.036100
39604   0.038800
39605   0.029500
39606   0.028500
39607   0.028300
39608   0.045100
39609   0.050700
39610   0.053400
39611   0.064100
39612   0.066800
39613   0.060200
39614   0.064200
39615   0.057300
39616   0.054800
39617   0.061400
39618   0.065800
39619   0.064300
39620   0.062800
39621   0.053600
39622   0.065500
39623   0.066200
39624   0.061900
39625   0.055100
39626   0.042000
39627   0.036400
39628   0.030300
39629   0.023700
39630   0.013900
39631   0.014200
39632   0.015600
39633   0.021400
39634   0.009200
39635   0.012900
39636  -0.007000
39637  -0.004200
39638  -0.003700
39639   0.006600
39640   0.006600
39641   0.009000
39642   0.015900
39643   0.009100
39644   0.011900
39645   0.019400
39646   0.004000
39647   0.006200
39648  -0.001200
39649  -0.005600
39650  -0.002700
39651  -0.007200
39652  -0.003200
39653  -0.003400
39654   0.004700
39655   0.010500
39656   0.010400
39657   0.008400
39658   0.004200
39659   0.010000
39660   0.008000
39661   0.003200
39662   0.000800
39663   0.003200
39664   0.001100
39665  -0.005500
39666  -0.015500
39667  -0.006600
39668  -0.009000
39669  -0.005100
39670   0.000100
39671   0.000600
39672  -0.011700
39673  -0.008100
39674  -0.007700
39675  -0.006800
39676   0.001900
39677   0.001600
39678   0.009300
39679  -0.004700
39680   0.003600
39681  -0.003000
39682   0.000400
39683  -0.010400
39684  -0.008400
39685  -0.019000
39686  -0.018800
39687  -0.023800
39688  -0.031000
39689  -0.032400
39690  -0.033600
39691  -0.030100
39692  -0.031700
39693  -0.033000
39694  -0.036300
39695  -0.025400
39696  -0.033800
39697  -0.034400
39698  -0.038300
39699  -0.033500
39700  -0.040500
39701  -0.048400
39702  -0.042100
39703  -0.030100
39704  -0.025500
39705  -0.024100
39706  -0.024100
39707  -0.023300
39708  -0.024300
39709  -0.024400
39710  -0.019600
39711  -0.026500
39712  -0.027500
39713  -0.030200
39714  -0.023500
39715  -0.021400
39716  -0.023400
39717  -0.027200
39718  -0.027500
39719  -0.039700
39720  -0.038400
39721  -0.041000
39722  -0.048000
39723  -0.039200
39724  -0.036800
39725  -0.038000
39726  -0.040600
39727  -0.038900
39728  -0.025500
39729  -0.023000
39730  -0.011400
39731  -0.022800
39732  -0.012600
39733  -0.011300
39734  -0.011800
39735  -0.009300
39736  -0.007700
39737  -0.013100
39738  -0.015900
39739  -0.009100
39740   0.004200
39741   0.002200
39742   0.002900
39743   0.007700
39744  -0.001900
39745   0.014300
39746   0.007600
39747   0.010600
39748   0.014300
39749   0.020800
39750   0.032500
39751   0.040400
39752   0.048900
39753   0.049600
39754   0.043400
39755   0.051200
39756   0.042800
39757   0.047500
39758   0.057700
39759   0.056500
39760   0.048700
39761   0.055700
39762   0.058100
39763   0.074300
39764   0.069900
39765   0.063400
39766   0.062300
39767   0.067700
39768   0.059400
39769   0.060300
39770   0.057500
39771   0.048700
39772   0.051200
39773   0.045400
39774   0.042200
39775   0.046000
39776   0.039700
39777   0.042400
39778   0.044200
39779   0.047000
39780   0.047700
39781   0.053100
39782   0.054000
39783   0.051700
39784   0.047600
39785   0.043700
39786   0.040200
39787   0.021300
39788   0.019300
39789   0.023800
39790   0.024000
39791   0.030600
39792   0.024000
39793   0.020000
39794   0.017200
39795   0.015000
39796   0.008800
39797   0.008600
39798   0.007700
39799   0.002500
39800   0.002600
39801   0.007200
39802  -0.006300
39803  -0.004800
39804  -0.000000
39805  -0.010100
39806  -0.010800
39807  -0.010700
39808  -0.008200
39809  -0.001900
39810  -0.001800
39811  -0.013400
39812  -0.016200
39813  -0.018400
39814  -0.013000
39815  -0.012300
39816   0.002500
39817  -0.008900
39818  -0.005100
39819   0.001000
39820  -0.000300
39821  -0.002200
39822  -0.011700
39823  -0.024500
39824  -0.029100
39825  -0.021400
39826  -0.010400
39827  -0.016500
39828  -0.014400
39829  -0.013500
39830  -0.018300
39831  -0.024200
39832  -0.012300
39833  -0.008700
39834  -0.004900
39835   0.005200
39836   0.003500
39837   0.001400
39838   0.009500
39839   0.010900
39840   0.023700
39841   0.029200
39842   0.027600
39843   0.032700
39844   0.031500
39845   0.023400
39846   0.025500
39847   0.025400
39848   0.038200
39849   0.052600
39850   0.057400
39851   0.050500
39852   0.055300
39853   0.047600
39854   0.049700
39855   0.051000
39856   0.062400
39857   0.071000
39858   0.070800
39859   0.073900
39860   0.069200
39861   0.075900
39862   0.068800
39863   0.066900
39864   0.053400
39865   0.051200
39866   0.053300
39867   0.059600
39868   0.061000
39869   0.055600
39870   0.054400
39871   0.060400
39872   0.065400
39873   0.067700
39874   0.065600
39875   0.064100
39876   0.061100
39877   0.048300
39878   0.042200
39879   0.038300
39880   0.043500
39881   0.039300
39882   0.049600
39883   0.051900
39884   0.050000
39885   0.054900
39886   0.045700
39887   0.040800
39888   0.036700
39889   0.032400
39890   0.035500
39891   0.038300
39892   0.028100
39893   0.030700
39894   0.040200
39895   0.031200
39896   0.026400
39897   0.036400
39898   0.037300
39899   0.034100
39900   0.033600
39901   0.033600
39902   0.035500
39903   0.027300
39904   0.033600
39905   0.033900
39906   0.038700
39907   0.027800
39908   0.024600
39909   0.018600
39910   0.033600
39911   0.034400
39912   0.030900
39913   0.029600
39914   0.014700
39915   0.022100
39916   0.021200
39917   0.026500
39918   0.029400
39919   0.036100
39920   0.037100
39921   0.039000
39922   0.038600
39923   0.043200
39924   0.045100
39925   0.042300
39926   0.042700
39927   0.042000
39928   0.038300
39929   0.043500
39930   0.044400
39931   0.040100
39932   0.045100
39933   0.034200
39934   0.038400
39935   0.043100
39936   0.034400
39937   0.037600
39938   0.052900
39939   0.040800
39940   0.039700
39941   0.032300
39942   0.033800
39943   0.036600
39944   0.029100
39945   0.038100
39946   0.035200
39947   0.030200
39948   0.021800
39949   0.022700
39950   0.008200
39951   0.012100
39952   0.021400
39953   0.031700
39954   0.031500
39955   0.030900
39956   0.035900
39957   0.038800
39958   0.042700
39959   0.042400
39960   0.043200
39961   0.051600
39962   0.049200
39963   0.054200
39964   0.060600
39965   0.051900
39966   0.048500
39967   0.046500
39968   0.039300
39969   0.051500
39970   0.054600
39971   0.054600
39972   0.063900
39973   0.080800
39974   0.066100
39975   0.067300
39976   0.059400
39977   0.057900
39978   0.061300
39979   0.067400
39980   0.059700
39981   0.055500
39982   0.047100
39983   0.040900
39984   0.039800
39985   0.040400
39986   0.053400
39987   0.058700
39988   0.060200
39989   0.066100
39990   0.070400
39991   0.062800
39992   0.063100
39993   0.057900
39994   0.047100
39995   0.053900
39996   0.061700
39997   0.067300
39998   0.063400
39999   0.061700
40000   0.059000
40001   0.047500
40002   0.038800
40003   0.041400
40004   0.040800
40005   0.040800
40006   0.031700
40007   0.029000
40008   0.024700
40009   0.032300
40010   0.034200
40011   0.032900
40012   0.030000
40013   0.033800
40014   0.021700
40015   0.023900
40016   0.020300
40017   0.025100
40018   0.013500
40019   0.013000
40020   0.007500
40021   0.012000
40022   0.023200
40023   0.025200
40024   0.036500
40025   0.036000
40026   0.029000
40027   0.029200
40028   0.017400
40029   0.013700
40030   0.010700
40031   0.009300
40032   0.003000
40033   0.002300
40034   0.000100
40035   0.003100
40036   0.008200
40037  -0.002200
40038   0.003500
40039   0.005600
40040  -0.001000
40041   0.005300
40042   0.011900
40043   0.020200
40044   0.018300
40045   0.029300
40046   0.021900
40047   0.036300
40048   0.041200
40049   0.042100
40050   0.046900
40051   0.057000
40052   0.066200
40053   0.057600
40054   0.049100
40055   0.051300
40056   0.047700
40057   0.046200
40058   0.051900
40059   0.041700
40060   0.044200
40061   0.040300
40062   0.041400
40063   0.042800
40064   0.047500
40065   0.046200
40066   0.039100
40067   0.048800
40068   0.046900
40069   0.045800
40070   0.048900
40071   0.060300
40072   0.055300
40073   0.062800
40074   0.075900
40075   0.083300
40076   0.071600
40077   0.075600
40078   0.073700
40079   0.074700
40080   0.068700
40081   0.067200
40082   0.063200
40083   0.060400
40084   0.058600
40085   0.056000
40086   0.049300
40087   0.038800
40088   0.049200
40089   0.043600
40090   0.037200
40091   0.036600
40092   0.050500
40093   0.045300
40094   0.052500
40095   0.057100
40096   0.048600
40097   0.049500
40098   0.036800
40099   0.034800
40100   0.030200
40101   0.036400
40102   0.031500
40103   0.035400
40104   0.037500
40105   0.041300
40106   0.049100
40107   0.054400
40108   0.046900
40109   0.052100
40110   0.054200
40111   0.065300
40112   0.066200
40113   0.070900
40114   0.070600
40115   0.068700
40116   0.070100
40117   0.069200
40118   0.061700
40119   0.049900
40120   0.049700
40121   0.052500
40122   0.053600
40123   0.049300
40124   0.037500
40125   0.031500
40126   0.027000
40127   0.030300
40128   0.029200
40129   0.023900
40130   0.021500
40131   0.016500
40132   0.014100
40133   0.012600
40134   0.005000
40135   0.005200
40136  -0.002400
40137  -0.003000
40138   0.004400
40139   0.015600
40140   0.021000
40141   0.020100
40142   0.026300
40143   0.030400
40144   0.029000
40145   0.019200
40146   0.022700
40147   0.022600
40148   0.039200
40149   0.040600
40150   0.035100
40151   0.031600
40152   0.032500
40153   0.035800
40154   0.057300
40155   0.048300
40156   0.054100
40157   0.048800
40158   0.041500
40159   0.032600
40160   0.037600
40161   0.024100
40162   0.036600
40163   0.030000
40164   0.035800
40165   0.032300
40166   0.035400
40167   0.037400
40168   0.038600
40169   0.038200
40170   0.033900
40171   0.033800
40172   0.034200
40173   0.036400
40174   0.048500
40175   0.051500
40176   0.061000
40177   0.072100
40178   0.059300
40179   0.066400
40180   0.055900
40181   0.058700
40182   0.062200
40183   0.065800
40184   0.071700
40185   0.079900
40186   0.083000
40187   0.080300
40188   0.089100
40189   0.087700
40190   0.080700
40191   0.079800
40192   0.075400
40193   0.075000
40194   0.069800
40195   0.075900
40196   0.063900
40197   0.066100
40198   0.063300
40199   0.055800
40200   0.046200
40201   0.043900
40202   0.053000
40203   0.044900
40204   0.058500
40205   0.055300
40206   0.067200
40207   0.072300
40208   0.072800
40209   0.069600
40210   0.063100
40211   0.074800
40212   0.068900
40213   0.068500
40214   0.062400
40215   0.052700
40216   0.052900
40217   0.040900
40218   0.037800
40219   0.039600
40220   0.034300
40221   0.035500
40222   0.042100
40223   0.045700
40224   0.051500
40225   0.036400
40226   0.036600
40227   0.037600
40228   0.033900
40229   0.036200
40230   0.040100
40231   0.030100
40232   0.027800
40233   0.027800
40234   0.026400
40235   0.031700
40236   0.034100
40237   0.038500
40238   0.026300
40239   0.027500
40240   0.024200
40241   0.026100
40242   0.027600
40243   0.027200
40244   0.031000
40245   0.031900
40246   0.039100
40247   0.026800
40248   0.027600
40249   0.028300
40250   0.042300
40251   0.042600
40252   0.041400
40253   0.047600
40254   0.038900
40255   0.033800
40256   0.031500
40257   0.046800
40258   0.050600
40259   0.052000
40260   0.057100
40261   0.057700
40262   0.064700
40263   0.063100
40264   0.057800
40265   0.047800
40266   0.042400
40267   0.032100
40268   0.032700
40269   0.031800
40270   0.029600
40271   0.027600
40272   0.033900
40273   0.033100
40274   0.036400
40275   0.033800
40276   0.034000
40277   0.029400
40278   0.029900
40279   0.027400
40280   0.025200
40281   0.033300
40282   0.031600
40283   0.040300
40284   0.037900
40285   0.043200
40286   0.046400
40287   0.043700
40288   0.045100
40289   0.052300
40290   0.050800
40291   0.053100
40292   0.052100
40293   0.049100
40294   0.051100
40295   0.059700
40296   0.054000
40297   0.041400
40298   0.044300
40299   0.052300
40300   0.058600
40301   0.067200
40302   0.069100
40303   0.055300
40304   0.061100
40305   0.057800
40306   0.050100
40307   0.046900
40308   0.049500
40309   0.046500
40310   0.048800
40311   0.049800
40312   0.047600
40313   0.029500
40314   0.026800
40315   0.026900
40316   0.014000
40317   0.009600
40318   0.016300
40319   0.032700
40320   0.035500
40321   0.022900
40322   0.018600
40323   0.008200
40324   0.007300
40325   0.006000
40326   0.007500
40327  -0.000900
40328  -0.002700
40329   0.001900
40330   0.010700
40331   0.007700
40332   0.012400
40333  -0.004600
40334  -0.014100
40335  -0.016000
40336  -0.018300
40337  -0.014500
40338  -0.002200
40339  -0.006200
40340  -0.005600
40341  -0.011500
40342  -0.021800
40343  -0.016600
40344  -0.013600
40345  -0.014200
40346  -0.011700
40347  -0.004800
40348  -0.003400
40349  -0.008600
40350  -0.014900
40351  -0.009500
40352  -0.014000
40353  -0.011400
40354  -0.016300
40355  -0.021200
40356  -0.020900
40357  -0.016100
40358  -0.016500
40359  -0.008400
40360  -0.017800
40361  -0.013600
40362  -0.004000
40363  -0.003000
40364  -0.011400
40365  -0.027400
40366  -0.022100
40367  -0.025800
40368  -0.027200
40369  -0.009400
40370  -0.011200
40371  -0.019500
40372  -0.012700
40373  -0.011400
40374  -0.008900
40375  -0.002700
40376  -0.004900
40377   0.001700
40378  -0.002600
40379   0.001100
40380   0.007600
40381   0.005000
40382   0.006900
40383   0.005100
40384   0.001100
40385   0.005000
40386   0.010100
40387   0.000500
40388   0.013300
40389   0.020000
40390   0.017000
40391   0.013900
40392   0.020700
40393   0.025400
40394   0.019000
40395   0.029100
40396   0.025900
40397   0.018200
40398   0.014800
40399   0.011600
40400   0.016700
40401   0.020500
40402   0.025200
40403   0.024900
40404   0.030000
40405   0.030600
40406   0.034800
40407   0.036100
40408   0.041300
40409   0.043200
40410   0.062800
40411   0.063800
40412   0.060100
40413   0.054500
40414   0.056100
40415   0.058300
40416   0.047700
40417   0.044200
40418   0.052700
40419   0.047400
40420   0.050500
40421   0.049900
40422   0.051000
40423   0.044500
40424   0.040800
40425   0.044300
40426   0.039100
40427   0.051300
40428   0.053000
40429   0.066800
40430   0.062000
40431   0.068700
40432   0.059700
40433   0.076900
40434   0.079300
40435   0.084800
40436   0.074800
40437   0.080000
40438   0.083800
40439   0.086500
40440   0.084000
40441   0.084500
40442   0.069800
40443   0.076200
40444   0.067100
40445   0.059500
40446   0.063800
40447   0.056900
40448   0.055500
40449   0.056300
40450   0.057500
40451   0.057100
40452   0.063400
40453   0.065800
40454   0.069300
40455   0.066600
40456   0.064600
40457   0.071000
40458   0.063500
40459   0.058900
40460   0.055300
40461   0.044600
40462   0.034900
40463   0.030200
40464   0.035700
40465   0.037400
40466   0.044300
40467   0.048600
40468   0.042600
40469   0.051000
40470   0.050400
40471   0.047000
40472   0.047800
40473   0.048100
40474   0.037700
40475   0.038400
40476   0.023500
40477   0.016200
40478   0.022500
40479   0.026000
40480   0.029100
40481   0.031700
40482   0.035600
40483   0.036100
40484   0.039700
40485   0.047300
40486   0.036700
40487   0.039000
40488   0.036700
40489   0.037800
40490   0.040000
40491   0.034900
40492   0.040600
40493   0.051400
40494   0.046800
40495   0.059300
40496   0.062700
40497   0.059500
40498   0.051700
40499   0.057900
40500   0.060200
40501   0.061400
40502   0.062600
40503   0.063700
40504   0.058300
40505   0.067600
40506   0.069200
40507   0.067800
40508   0.060600
40509   0.064500
40510   0.051200
40511   0.061300
40512   0.068000
40513   0.073400
40514   0.072300
40515   0.077700
40516   0.079000
40517   0.092800
40518   0.074200
40519   0.079300
40520   0.081300
40521   0.069500
40522   0.061100
40523   0.055300
40524   0.060800
40525   0.044500
40526   0.046300
40527   0.043500
40528   0.054300
40529   0.060200
40530   0.065200
40531   0.066500
40532   0.070000
40533   0.064600
40534   0.057400
40535   0.052700
40536   0.047300
40537   0.048200
40538   0.045800
40539   0.051300
40540   0.053900
40541   0.042400
40542   0.045600
40543   0.056200
40544   0.051700
40545   0.061100
40546   0.053900
40547   0.062400
40548   0.054800
40549   0.053400
40550   0.057100
40551   0.064000
40552   0.060000
40553   0.051400
40554   0.055400
40555   0.065200
40556   0.059500
40557   0.050300
40558   0.059000
40559   0.064100
40560   0.066500
40561   0.067300
40562   0.049100
40563   0.048000
40564   0.054000
40565   0.062800
40566   0.066400
40567   0.067900
40568   0.063100
40569   0.071200
40570   0.067300
40571   0.067400
40572   0.071000
40573   0.079200
40574   0.077000
40575   0.086900
40576   0.086500
40577   0.072900
40578   0.065300
40579   0.055500
40580   0.056100
40581   0.064000
40582   0.072700
40583   0.076900
40584   0.073300
40585   0.077200
40586   0.078700
40587   0.071700
40588   0.064900
40589   0.074100
40590   0.066700
40591   0.065700
40592   0.073700
40593   0.075600
40594   0.070000
40595   0.066600
40596   0.066900
40597   0.067900
40598   0.057500
40599   0.054400
40600   0.069100
40601   0.070900
40602   0.065700
40603   0.063400
40604   0.057300
40605   0.059700
40606   0.065100
40607   0.069300
40608   0.076300
40609   0.063900
40610   0.067700
40611   0.071600
40612   0.081300
40613   0.081400
40614   0.084900
40615   0.072500
40616   0.073200
40617   0.064800
40618   0.061400
40619   0.074600
40620   0.069500
40621   0.060600
40622   0.058900
40623   0.059900
40624   0.067600
40625   0.065200
40626   0.063600
40627   0.061800
40628   0.056800
40629   0.058700
40630   0.049300
40631   0.045600
40632   0.046600
40633   0.037000
40634   0.044500
40635   0.053900
40636   0.054700
40637   0.051200
40638   0.041000
40639   0.031600
40640   0.023400
40641   0.030800
40642   0.026600
40643   0.015500
40644   0.017100
40645   0.020600
40646   0.019500
40647   0.021600
40648   0.029300
40649   0.024400
40650   0.020400
40651   0.016600
40652   0.015400
40653   0.019400
40654   0.028900
40655   0.021200
40656   0.019300
40657   0.018100
40658   0.021200
40659   0.023700
40660   0.019800
40661   0.015300
40662   0.006900
40663   0.016400
40664   0.012600
40665   0.018400
40666   0.016300
40667   0.020800
40668   0.009300
40669   0.007200
40670   0.006300
40671  -0.002200
40672   0.002100
40673  -0.003900
40674  -0.014800
40675  -0.006100
40676  -0.007900
40677  -0.003700
40678  -0.006800
40679  -0.001700
40680  -0.003500
40681   0.001100
40682   0.001600
40683   0.003600
40684   0.003200
40685  -0.002200
40686   0.007100
40687   0.009800
40688   0.002600
40689  -0.001100
40690  -0.007600
40691  -0.018000
40692  -0.022200
40693  -0.021200
40694  -0.010500
40695  -0.010500
40696  -0.018700
40697  -0.014600
40698  -0.002200
40699   0.012700
40700   0.008500
40701   0.016800
40702   0.022400
40703   0.021600
40704   0.014200
40705   0.015800
40706   0.013400
40707   0.021800
40708   0.017100
40709   0.026200
40710   0.033400
40711   0.034400
40712   0.037400
40713   0.041400
40714   0.046600
40715   0.039900
40716   0.036800
40717   0.038600
40718   0.036600
40719   0.036700
40720   0.029800
40721   0.018600
40722   0.012500
40723   0.013500
40724   0.002700
40725  -0.001300
40726   0.000100
40727   0.011400
40728   0.013100
40729   0.010800
40730   0.013000
40731   0.016100
40732   0.020900
40733   0.019300
40734   0.015300
40735   0.014600
40736   0.027100
40737   0.027100
40738   0.032900
40739   0.037400
40740   0.033000
40741   0.020600
40742   0.025100
40743   0.027600
40744   0.028000
40745   0.039200
40746   0.031700
40747   0.032800
40748   0.033100
40749   0.037700
40750   0.032000
40751   0.035800
40752   0.032600
40753   0.024200
40754   0.016900
40755   0.020200
40756   0.027500
40757   0.021400
40758   0.028200
40759   0.030700
40760   0.027100
40761   0.029000
40762   0.026700
40763   0.022200
40764   0.017000
40765   0.008600
40766   0.005900
40767  -0.001100
40768   0.001600
40769   0.004600
40770   0.007000
40771   0.004100
40772   0.002200
40773   0.005900
40774   0.002000
40775   0.006900
40776   0.004500
40777  -0.006900
40778  -0.007300
40779   0.004200
40780   0.001800
40781   0.013800
40782   0.007200
40783  -0.001400
40784   0.008000
40785   0.007400
40786   0.003000
40787  -0.011100
40788  -0.013500
40789  -0.015800
40790  -0.010300
40791  -0.007300
40792  -0.007200
40793  -0.005200
40794  -0.008500
40795  -0.010900
40796  -0.006700
40797   0.002600
40798   0.005600
40799  -0.003800
40800  -0.000300
40801  -0.008000
40802  -0.004000
40803  -0.010600
40804  -0.019700
40805  -0.013500
40806  -0.009100
40807  -0.012300
40808  -0.007200
40809  -0.005100
40810   0.001600
40811  -0.000800
40812   0.020100
40813   0.016600
40814   0.022500
40815   0.018300
40816   0.019900
40817   0.013500
40818   0.016400
40819   0.011400
40820   0.014700
40821   0.021600
40822   0.022900
40823   0.022600
40824   0.018200
40825   0.021200
40826   0.012700
40827   0.019600
40828   0.026000
40829   0.029900
40830   0.034900
40831   0.036000
40832   0.038400
40833   0.037600
40834   0.056900
40835   0.057400
40836   0.064400
40837   0.063000
40838   0.043300
40839   0.049900
40840   0.056000
40841   0.048500
40842   0.051300
40843   0.060500
40844   0.051800
40845   0.063600
40846   0.064200
40847   0.069400
40848   0.069200
40849   0.075100
40850   0.079300
40851   0.078200
40852   0.071000
40853   0.075400
40854   0.072600
40855   0.073200
40856   0.064600
40857   0.069000
40858   0.074600
40859   0.071600
40860   0.061100
40861   0.050000
40862   0.048800
40863   0.056600
40864   0.043500
40865   0.048100
40866   0.047700
40867   0.054100
40868   0.055300
40869   0.053000
40870   0.049800
40871   0.065700
40872   0.052100
40873   0.051500
40874   0.047400
40875   0.042400
40876   0.054800
40877   0.057300
40878   0.054100
40879   0.056500
40880   0.061600
40881   0.064900
40882   0.071500
40883   0.074300
40884   0.077600
40885   0.071500
40886   0.066000
40887   0.064800
40888   0.069900
40889   0.067000
40890   0.071600
40891   0.062900
40892   0.068200
40893   0.075300
40894   0.068400
40895   0.071100
40896   0.071300
40897   0.066300
40898   0.066600
40899   0.063500
40900   0.060500
40901   0.072500
40902   0.080000
40903   0.077000
40904   0.078300
40905   0.079300
40906   0.081000
40907   0.081300
40908   0.085800
40909   0.069700
40910   0.061500
40911   0.058800
40912   0.056600
40913   0.050500
40914   0.045000
40915   0.055300
40916   0.062600
40917   0.058000
40918   0.058700
40919   0.054300
40920   0.048200
40921   0.054200
40922   0.059200
40923   0.051700
40924   0.048400
40925   0.055500
40926   0.040600
40927   0.047200
40928   0.047000
40929   0.049000
40930   0.038500
40931   0.036900
40932   0.044000
40933   0.050800
40934   0.039100
40935   0.032500
40936   0.022200
40937   0.020400
40938   0.020700
40939   0.029500
40940   0.021000
40941   0.005800
40942  -0.006200
40943  -0.006800
40944  -0.003800
40945   0.004200
40946   0.007800
40947   0.002700
40948  -0.003000
40949  -0.004900
40950  -0.009200
40951  -0.009800
40952  -0.007100
40953  -0.007600
40954  -0.003700
40955  -0.003500
40956  -0.008500
40957  -0.003200
40958  -0.007000
40959  -0.004800
40960  -0.000300
40961  -0.000200
40962   0.008500
40963   0.008400
40964   0.006800
40965   0.009800
40966   0.007100
40967   0.000800
40968   0.003400
40969   0.002900
40970   0.002500
40971  -0.005600
40972  -0.002800
40973   0.007700
40974   0.003000
40975   0.010500
40976   0.010300
40977   0.010500
40978   0.012900
40979   0.015900
40980   0.007200
40981   0.004700
40982   0.012200
40983   0.021000
40984   0.030900
40985   0.022400
40986   0.027400
40987   0.033300
40988   0.021300
40989   0.035500
40990   0.041100
40991   0.043500
40992   0.037300
40993   0.039500
40994   0.047500
40995   0.044500
40996   0.031800
40997   0.032700
40998   0.030400
40999   0.034700
41000   0.027800
41001   0.025400
41002   0.021300
41003   0.031700
41004   0.035700
41005   0.029500
41006   0.045900
41007   0.050700
41008   0.047400
41009   0.038000
41010   0.030900
41011   0.035500
41012   0.033400
41013   0.032500
41014   0.035000
41015   0.040700
41016   0.043300
41017   0.040600
41018   0.037500
41019   0.022500
41020   0.016400
41021   0.011000
41022   0.017500
41023   0.019700
41024   0.024300
41025   0.027000
41026   0.025400
41027   0.026300
41028   0.020800
41029   0.025900
41030   0.015200
41031   0.028000
41032   0.031200
41033   0.032800
41034   0.031300
41035   0.038700
41036   0.032200
41037   0.033000
41038   0.038000
41039   0.041100
41040   0.025100
41041   0.030000
41042   0.032000
41043   0.020700
41044   0.026000
41045   0.018800
41046   0.024200
41047   0.025900
41048   0.023000
41049   0.021000
41050   0.018700
41051   0.017900
41052   0.024400
41053   0.022800
41054   0.013500
41055   0.006000
41056  -0.003700
41057  -0.001700
41058   0.001200
41059   0.007500
41060   0.007900
41061   0.003600
41062   0.009300
41063  -0.002500
41064  -0.011900
41065  -0.011500
41066  -0.021100
41067  -0.021900
41068  -0.030500
41069  -0.022500
41070  -0.014500
41071  -0.014700
41072  -0.004800
41073  -0.010000
41074   0.003400
41075  -0.001400
41076  -0.001000
41077  -0.004700
41078  -0.001100
41079  -0.007300
41080  -0.006900
41081  -0.001700
41082   0.000200
41083  -0.002300
41084  -0.005200
41085  -0.014300
41086  -0.018800
41087  -0.006300
41088  -0.010400
41089  -0.012600
41090  -0.009300
41091  -0.004800
41092  -0.006600
41093  -0.002700
41094  -0.006200
41095   0.003500
41096   0.009200
41097   0.009900
41098   0.016000
41099   0.002300
41100  -0.006600
41101  -0.010700
41102  -0.015400
41103  -0.009500
41104  -0.015700
41105  -0.012100
41106  -0.009900
41107  -0.008200
41108  -0.011000
41109  -0.007400
41110  -0.011400
41111  -0.000100
41112   0.010000
41113   0.002600
41114   0.021900
41115   0.015700
41116   0.004900
41117   0.014300
41118   0.014000
41119   0.006500
41120   0.010400
41121   0.010900
41122   0.004500
41123   0.007800
41124   0.016800
41125   0.014800
41126   0.009000
41127   0.006600
41128   0.007400
41129   0.014600
41130   0.014200
41131   0.017400
41132   0.005400
41133   0.005100
41134  -0.010800
41135  -0.003200
41136  -0.004800
41137   0.009600
41138   0.007700
41139   0.012900
41140   0.011400
41141   0.009800
41142  -0.003000
41143  -0.005000
41144  -0.004300
41145  -0.011300
41146  -0.013900
41147  -0.015300
41148  -0.026800
41149  -0.025700
41150  -0.023300
41151  -0.018100
41152  -0.018200
41153  -0.018700
41154  -0.023700
41155  -0.026200
41156  -0.022000
41157  -0.022900
41158  -0.027300
41159  -0.028600
41160  -0.021100
41161  -0.011800
41162  -0.002900
41163   0.007200
41164   0.008500
41165  -0.001600
41166   0.004900
41167   0.003300
41168   0.005600
41169   0.012400
41170   0.022000
41171   0.021300
41172   0.020000
41173   0.023500
41174   0.031800
41175   0.026300
41176   0.028500
41177   0.029600
41178   0.023300
41179   0.028100
41180   0.024200
41181   0.023400
41182   0.034700
41183   0.026500
41184   0.028500
41185   0.021500
41186   0.029400
41187   0.031100
41188   0.038400
41189   0.035900
41190   0.046800
41191   0.038600
41192   0.036600
41193   0.036500
41194   0.034600
41195   0.037500
41196   0.040500
41197   0.043300
41198   0.041500
41199   0.039700
41200   0.040200
41201   0.034000
41202   0.027700
41203   0.024500
41204   0.026600
41205   0.023900
41206   0.025900
41207   0.021600
41208   0.016400
41209   0.010800
41210   0.011700
41211   0.013200
41212   0.012700
41213   0.009100
41214  -0.000300
41215   0.003900
41216   0.000600
41217  -0.004000
41218   0.009600
41219   0.002100
41220  -0.004200
41221  -0.008500
41222  -0.008700
41223  -0.010000
41224  -0.007700
41225  -0.013400
41226  -0.013000
41227  -0.014100
41228  -0.010100
41229   0.001300
41230   0.004200
41231   0.013500
41232   0.016800
41233   0.014300
41234   0.018300
41235   0.020800
41236   0.018600
41237   0.019000
41238   0.014300
41239   0.025100
41240   0.025300
41241   0.020600
41242   0.024400
41243   0.024000
41244   0.031900
41245   0.029500
41246   0.021400
41247   0.025400
41248   0.036100
41249   0.035400
41250   0.044100
41251   0.041700
41252   0.043700
41253   0.043200
41254   0.053100
41255   0.042000
41256   0.039100
41257   0.033300
41258   0.031500
41259   0.033100
41260   0.024600
41261   0.029800
41262   0.034200
41263   0.037600
41264   0.041500
41265   0.043200
41266   0.038700
41267   0.046900
41268   0.041600
41269   0.041300
41270   0.040900
41271   0.040300
41272   0.041700
41273   0.039700
41274   0.042700
41275   0.040700
41276   0.040400
41277   0.033800
41278   0.035700
41279   0.039700
41280   0.031500
41281   0.033900
41282   0.030500
41283   0.033200
41284   0.027000
41285   0.025600
41286   0.030900
41287   0.037200
41288   0.039300
41289   0.044800
41290   0.043200
41291   0.041700
41292   0.051700
41293   0.046500
41294   0.045300
41295   0.040800
41296   0.032500
41297   0.031800
41298   0.033900
41299   0.039500
41300   0.044000
41301   0.047100
41302   0.047000
41303   0.051100
41304   0.052900
41305   0.055100
41306   0.047300
41307   0.046500
41308   0.054500
41309   0.042300
41310   0.042500
41311   0.035300
41312   0.031700
41313   0.029600
41314   0.036500
41315   0.034100
41316   0.031100
41317   0.049400
41318   0.048100
41319   0.044800
41320   0.046800
41321   0.050000
41322   0.054700
41323   0.062000
41324   0.076200
41325   0.074600
41326   0.077800
41327   0.085100
41328   0.094500
41329   0.112500
41330   0.116800
41331   0.109300
41332   0.109000
41333   0.117500
41334   0.119900
41335   0.103500
41336   0.100000
41337   0.094700
41338   0.090500
41339   0.087300
41340   0.075500
41341   0.075600
41342   0.077600
41343   0.073400
41344   0.075500
41345   0.063300
41346   0.051600
41347   0.050100
41348   0.041200
41349   0.037800
41350   0.032800
41351   0.026700
41352   0.025000
41353   0.021200
41354   0.019900
41355   0.017800
41356   0.020900
41357   0.023800
41358   0.017900
41359   0.017700
41360   0.023000
41361   0.023100
41362   0.018200
41363   0.024300
41364   0.027900
41365   0.023900
41366   0.020200
41367   0.022500
41368   0.034700
41369   0.034700
41370   0.021400
41371   0.019000
41372   0.033200
41373   0.031500
41374   0.024600
41375   0.027200
41376   0.027300
41377   0.018600
41378   0.019500
41379   0.015700
41380   0.029600
41381   0.039200
41382   0.028800
41383   0.023100
41384   0.031500
41385   0.042300
41386   0.040400
41387   0.041100
41388   0.051500
41389   0.061000
41390   0.062400
41391   0.064200
41392   0.070100
41393   0.064500
41394   0.062700
41395   0.059800
41396   0.052900
41397   0.057300
41398   0.059600
41399   0.065000
41400   0.070000
41401   0.053900
41402   0.054200
41403   0.061300
41404   0.067100
41405   0.073100
41406   0.075800
41407   0.074600
41408   0.068800
41409   0.064100
41410   0.059300
41411   0.054200
41412   0.051000
41413   0.057500
41414   0.044500
41415   0.041800
41416   0.041800
41417   0.061500
41418   0.058500
41419   0.063900
41420   0.062300
41421   0.069900
41422   0.071400
41423   0.069400
41424   0.074500
41425   0.077400
41426   0.066700
41427   0.064800
41428   0.067200
41429   0.062400
41430   0.060700
41431   0.062000
41432   0.062900
41433   0.066300
41434   0.058600
41435   0.058100
41436   0.057100
41437   0.065800
41438   0.063100
41439   0.058000
41440   0.054400
41441   0.057400
41442   0.063500
41443   0.074900
41444   0.078700
41445   0.082400
41446   0.077700
41447   0.078100
41448   0.065500
41449   0.064200
41450   0.056200
41451   0.052100
41452   0.048000
41453   0.054600
41454   0.057500
41455   0.067700
41456   0.059600
41457   0.054300
41458   0.049000
41459   0.055700
41460   0.052000
41461   0.055400
41462   0.048100
41463   0.054800
41464   0.056700
41465   0.039200
41466   0.044300
41467   0.046800
41468   0.049000
41469   0.053600
41470   0.055400
41471   0.052100
41472   0.049400
41473   0.053900
41474   0.047000
41475   0.052500
41476   0.058000
41477   0.057200
41478   0.063900
41479   0.065100
41480   0.073200
41481   0.065600
41482   0.067300
41483   0.056900
41484   0.071500
41485   0.076600
41486   0.080900
41487   0.079000
41488   0.072500
41489   0.075400
41490   0.083100
41491   0.080700
41492   0.073100
41493   0.071800
41494   0.069200
41495   0.072400
41496   0.068800
41497   0.067500
41498   0.068800
41499   0.065900
41500   0.079600
41501   0.078000
41502   0.073500
41503   0.075400
41504   0.066800
41505   0.072100
41506   0.074100
41507   0.086100
41508   0.080600
41509   0.067100
41510   0.057900
41511   0.062200
41512   0.060500
41513   0.058800
41514   0.052500
41515   0.058600
41516   0.044800
41517   0.037100
41518   0.037200
41519   0.040300
41520   0.051800
41521   0.058800
41522   0.057600
41523   0.059500
41524   0.054100
41525   0.052900
41526   0.054400
41527   0.049700
41528   0.050000
41529   0.041300
41530   0.046200
41531   0.043500
41532   0.041100
41533   0.043800
41534   0.043800
41535   0.053300
41536   0.059000
41537   0.063800
41538   0.056300
41539   0.059900
41540   0.061400
41541   0.071500
41542   0.069100
41543   0.058500
41544   0.061300
41545   0.067200
41546   0.069100
41547   0.069100
41548   0.072700
41549   0.077500
41550   0.078300
41551   0.065800
41552   0.061800
41553   0.058100
41554   0.072200
41555   0.072100
41556   0.068800
41557   0.063500
41558   0.052800
41559   0.060500
41560   0.055200
41561   0.053600
41562   0.052200
41563   0.063600
41564   0.064600
41565   0.051300
41566   0.063400
41567   0.052100
41568   0.060600
41569   0.056800
41570   0.049400
41571   0.047100
41572   0.035900
41573   0.038100
41574   0.042000
41575   0.039900
41576   0.046300
41577   0.048400
41578   0.049300
41579   0.051600
41580   0.036800
41581   0.037400
41582   0.044300
41583   0.047000
41584   0.043100
41585   0.042200
41586   0.039800
41587   0.035200
41588   0.041900
41589   0.034700
41590   0.033200
41591   0.036400
41592   0.024000
41593   0.017200
41594   0.014100
41595   0.017100
41596   0.008500
41597   0.014200
41598   0.015400
41599   0.028800
41600   0.029600
41601   0.022000
41602   0.029600
41603   0.029200
41604   0.027100
41605   0.027000
41606   0.020800
41607   0.017400
41608   0.015400
41609   0.017100
41610   0.029300
41611   0.037500
41612   0.038100
41613   0.034900
41614   0.035200
41615   0.026200
41616   0.031800
41617   0.012800
41618   0.012700
41619   0.012000
41620   0.008800
41621   0.011300
41622   0.007900
41623   0.012400
41624   0.023600
41625   0.016600
41626   0.027800
41627   0.026300
41628   0.021000
41629   0.004800
41630   0.007700
41631   0.014800
41632   0.018800
41633   0.030900
41634   0.025000
41635   0.019300
41636   0.014200
41637   0.012100
41638   0.012700
41639   0.025600
41640   0.026400
41641   0.031300
41642   0.030300
41643   0.021100
41644   0.018800
41645   0.015800
41646   0.019300
41647   0.031000
41648   0.025100
41649   0.024900
41650   0.030200
41651   0.030400
41652   0.023300
41653   0.018700
41654   0.028600
41655   0.040800
41656   0.029700
41657   0.029100
41658   0.028400
41659   0.031100
41660   0.035800
41661   0.035600
41662   0.037300
41663   0.019300
41664   0.022500
41665   0.026300
41666   0.028200
41667   0.021900
41668   0.017800
41669   0.018400
41670   0.026500
41671   0.030100
41672   0.029200
41673   0.029700
41674   0.031900
41675   0.023000
41676   0.020200
41677   0.004900
41678   0.006000
41679  -0.000600
41680   0.004300
41681   0.011100
41682   0.013400
41683   0.002200
41684   0.009800
41685   0.010300
41686   0.019500
41687   0.018800
41688   0.015900
41689   0.014800
41690   0.024200
41691   0.008100
41692  -0.001500
41693   0.004700
41694   0.006800
41695   0.018600
41696   0.014200
41697   0.019600
41698   0.014900
41699   0.017600
41700   0.018800
41701   0.006800
41702   0.009200
41703   0.016300
41704   0.018600
41705   0.007700
41706   0.007000
41707   0.006300
41708  -0.002000
41709  -0.006400
41710  -0.005700
41711   0.004300
41712   0.001900
41713   0.013400
41714   0.021700
41715   0.022800
41716   0.040700
41717   0.049300
41718   0.053800
41719   0.052600
41720   0.051000
41721   0.039900
41722   0.043400
41723   0.043600
41724   0.048600
41725   0.061400
41726   0.051600
41727   0.053900
41728   0.053200
41729   0.050000
41730   0.041800
41731   0.041300
41732   0.038800
41733   0.034000
41734   0.036700
41735   0.033000
41736   0.027700
41737   0.015500
41738   0.016800
41739   0.018700
41740   0.013500
41741   0.018100
41742   0.021600
41743   0.025000
41744   0.035100
41745   0.039000
41746   0.044300
41747   0.043100
41748   0.044500
41749   0.045500
41750   0.042500
41751   0.035000
41752   0.026100
41753   0.026200
41754   0.026000
41755   0.021800
41756   0.023200
41757   0.026200
41758   0.019300
41759   0.017100
41760   0.017000
41761   0.011300
41762   0.016100
41763   0.012800
41764   0.012000
41765   0.007800
41766   0.001800
41767  -0.001600
41768   0.005600
41769   0.004700
41770   0.007400
41771   0.002600
41772   0.010700
41773   0.002600
41774   0.000000
41775  -0.008900
41776  -0.005600
41777  -0.009000
41778  -0.011700
41779  -0.015800
41780  -0.014300
41781  -0.021100
41782  -0.021600
41783  -0.022300
41784  -0.019500
41785  -0.020800
41786  -0.019200
41787  -0.027500
41788  -0.033700
41789  -0.041100
41790  -0.037500
41791  -0.031300
41792  -0.025800
41793  -0.031000
41794  -0.030900
41795  -0.038800
41796  -0.035100
41797  -0.031900
41798  -0.031300
41799  -0.034200
41800  -0.039200
41801  -0.030300
41802  -0.012200
41803  -0.010900
41804  -0.004800
41805  -0.006000
41806  -0.002400
41807   0.009600
41808   0.011700
41809   0.010200
41810   0.017800
41811   0.021300
41812   0.019200
41813   0.013400
41814   0.026900
41815   0.033000
41816   0.028900
41817   0.036400
41818   0.041300
41819   0.043400
41820   0.050700
41821   0.032900
41822   0.014600
41823   0.004100
41824   0.003900
41825   0.001500
41826  -0.014600
41827  -0.018300
41828  -0.027500
41829  -0.029400
41830  -0.027500
41831  -0.031000
41832  -0.036300
41833  -0.033700
41834  -0.034200
41835  -0.036200
41836  -0.043200
41837  -0.041000
41838  -0.050600
41839  -0.036400
41840  -0.039900
41841  -0.037200
41842  -0.035800
41843  -0.041700
41844  -0.030900
41845  -0.037200
41846  -0.032600
41847  -0.037000
41848  -0.033400
41849  -0.031000
41850  -0.030000
41851  -0.026300
41852  -0.022500
41853  -0.017500
41854  -0.026200
41855  -0.013800
41856  -0.020600
41857  -0.022200
41858  -0.026600
41859  -0.014000
41860  -0.012400
41861  -0.006700
41862  -0.016300
41863  -0.016600
41864  -0.020100
41865  -0.009000
41866  -0.000300
41867   0.001400
41868  -0.002700
41869   0.006000
41870  -0.001500
41871   0.004200
41872   0.001400
41873   0.000600
41874   0.003400
41875   0.014400
41876   0.002200
41877   0.017800
41878   0.012200
41879   0.020000
41880   0.020200
41881   0.032300
41882   0.035700
41883   0.041100
41884   0.047900
41885   0.046500
41886   0.045400
41887   0.052400
41888   0.038600
41889   0.028500
41890   0.026900
41891   0.029900
41892   0.022500
41893   0.021400
41894   0.022800
41895   0.015600
41896   0.024900
41897   0.022200
41898   0.018900
41899   0.015900
41900   0.016700
41901   0.011500
41902   0.019000
41903   0.015500
41904   0.010000
41905   0.003300
41906   0.016500
41907   0.020800
41908   0.021100
41909   0.019100
41910   0.013800
41911   0.014600
41912   0.022500
41913   0.027800
41914   0.023900
41915   0.028900
41916   0.028600
41917   0.027200
41918   0.020500
41919   0.030200
41920   0.033200
41921   0.028600
41922   0.026300
41923   0.025900
41924   0.033900
41925   0.029300
41926   0.030100
41927   0.034300
41928   0.038000
41929   0.041500
41930   0.046900
41931   0.044900
41932   0.044900
41933   0.030300
41934   0.029100
41935   0.015900
41936   0.018200
41937   0.009000
41938   0.008300
41939   0.010400
41940   0.012100
41941   0.004500
41942   0.018000
41943   0.019800
41944   0.007700
41945   0.008400
41946   0.002300
41947   0.009800
41948   0.006200
41949  -0.002600
41950   0.009300
41951   0.019600
41952   0.012300
41953   0.002900
41954  -0.000600
41955  -0.004200
41956  -0.013800
41957  -0.012700
41958  -0.015600
41959  -0.007400
41960  -0.006700
41961  -0.014700
41962  -0.020400
41963  -0.027600
41964  -0.026600
41965  -0.020100
41966  -0.010100
41967  -0.021800
41968  -0.018700
41969  -0.014700
41970  -0.017800
41971  -0.011700
41972  -0.009400
41973   0.000100
41974   0.003400
41975   0.022300
41976   0.030300
41977   0.039800
41978   0.043000
41979   0.041300
41980   0.039000
41981   0.029300
41982   0.035900
41983   0.040600
41984   0.034700
41985   0.033500
41986   0.033900
41987   0.037100
41988   0.032200
41989   0.030700
41990   0.032300
41991   0.028600
41992   0.031700
41993   0.031100
41994   0.036400
41995   0.031700
41996   0.028300
41997   0.026900
41998   0.028100
41999   0.025900
42000   0.034500
42001   0.040100
42002   0.049700
42003   0.047300
42004   0.042100
42005   0.034400
42006   0.030600
42007   0.036000
42008   0.034900
42009   0.033200
42010   0.034400
42011   0.022900
42012   0.018000
42013   0.023000
42014   0.016400
42015   0.019500
42016   0.022300
42017   0.025500
42018   0.030700
42019   0.038900
42020   0.024900
42021   0.024800
42022   0.031500
42023   0.031700
42024   0.021700
42025   0.022000
42026   0.021200
42027   0.010200
42028   0.012800
42029   0.007300
42030   0.006900
42031   0.008200
42032   0.010200
42033   0.014100
42034   0.014600
42035   0.027700
42036   0.036500
42037   0.031100
42038   0.026400
42039   0.014100
42040   0.015800
42041   0.005100
42042   0.002500
42043   0.005900
42044   0.014200
42045   0.012300
42046   0.016900
42047   0.013600
42048   0.014500
42049   0.005600
42050  -0.004100
42051   0.000500
42052   0.006700
42053   0.004800
42054   0.013800
42055   0.007900
42056   0.004000
42057   0.002000
42058   0.002900
42059   0.000000
42060   0.001300
42061  -0.001200
42062  -0.007200
42063  -0.004100
42064  -0.009300
42065   0.001800
42066   0.010000
42067   0.000500
42068  -0.004700
42069   0.002500
42070   0.001700
42071   0.007000
42072   0.010800
42073   0.010500
42074   0.020400
42075   0.016300
42076   0.019100
42077   0.008000
42078   0.009200
42079   0.009600
42080   0.006000
42081  -0.003800
42082  -0.000400
42083   0.004200
42084   0.006800
42085   0.006100
42086   0.005300
42087   0.001700
42088   0.003900
42089   0.008200
42090  -0.001000
42091   0.004800
42092   0.009100
42093  -0.000700
42094   0.010700
42095   0.015000
42096   0.014200
42097   0.018800
42098   0.023900
42099   0.025200
42100   0.033000
42101   0.028200
42102   0.022900
42103   0.025900
42104   0.020200
42105   0.022100
42106   0.024800
42107   0.018100
42108   0.012700
42109   0.012500
42110   0.006700
42111   0.007500
42112   0.000400
42113  -0.009900
42114  -0.006800
42115  -0.014000
42116  -0.011300
42117  -0.014000
42118  -0.014100
42119  -0.019000
42120  -0.015800
42121  -0.016800
42122  -0.015800
42123  -0.001600
42124   0.000600
42125   0.009000
42126   0.009400
42127   0.013000
42128   0.022700
42129   0.017200
42130   0.015400
42131   0.025200
42132   0.027400
42133   0.030900
42134   0.026400
42135   0.020800
42136   0.023600
42137   0.025000
42138   0.032000
42139   0.031300
42140   0.032600
42141   0.039700
42142   0.042100
42143   0.044400
42144   0.048000
42145   0.046500
42146   0.045800
42147   0.044400
42148   0.040800
42149   0.050000
42150   0.052000
42151   0.049600
42152   0.054500
42153   0.045500
42154   0.048700
42155   0.048200
42156   0.047500
42157   0.057200
42158   0.062700
42159   0.064600
42160   0.056800
42161   0.053300
42162   0.043000
42163   0.044000
42164   0.042200
42165   0.036700
42166   0.046900
42167   0.042500
42168   0.042500
42169   0.039700
42170   0.038800
42171   0.042400
42172   0.038200
42173   0.032200
42174   0.035400
42175   0.021800
42176   0.032000
42177   0.030600
42178   0.030700
42179   0.023400
42180   0.005800
42181   0.015800
42182   0.025800
42183   0.018000
42184   0.030000
42185   0.047900
42186   0.045000
42187   0.034900
42188   0.035400
42189   0.056700
42190   0.043200
42191   0.042100
42192   0.032000
42193   0.047900
42194   0.053800
42195   0.052700
42196   0.050800
42197   0.047700
42198   0.047100
42199   0.046900
42200   0.048000
42201   0.051500
42202   0.051800
42203   0.052300
42204   0.055700
42205   0.055100
42206   0.052400
42207   0.048800
42208   0.042400
42209   0.036800
42210   0.036100
42211   0.030400
42212   0.035400
42213   0.038500
42214   0.031700
42215   0.036200
42216   0.039800
42217   0.041900
42218   0.047000
42219   0.040900
42220   0.043400
42221   0.040300
42222   0.037400
42223   0.035300
42224   0.040100
42225   0.041600
42226   0.041300
42227   0.036400
42228   0.036300
42229   0.033800
42230   0.041500
42231   0.037800
42232   0.037500
42233   0.030200
42234   0.038800
42235   0.020600
42236   0.013600
42237   0.007600
42238   0.004500
42239   0.007900
42240   0.016000
42241   0.005300
42242   0.003600
42243   0.010300
42244   0.009700
42245   0.011500
42246   0.000600
42247   0.001500
42248  -0.010500
42249  -0.013400
42250  -0.007000
42251  -0.000800
42252   0.001600
42253  -0.002200
42254   0.000900
42255   0.001500
42256  -0.002200
42257  -0.001300
42258   0.005400
42259   0.010200
42260   0.015400
42261   0.014000
42262   0.018800
42263   0.022200
42264   0.016900
42265   0.024400
42266   0.019600
42267   0.018100
42268   0.021700
42269   0.021100
42270   0.010600
42271   0.008000
42272   0.005700
42273   0.011600
42274  -0.000800
42275   0.001800
42276  -0.003500
42277   0.007400
42278   0.015400
42279   0.013000
42280   0.015100
42281   0.017300
42282   0.019800
42283   0.022800
42284   0.015500
42285   0.023900
42286   0.027800
42287   0.020400
42288   0.019300
42289   0.014700
42290   0.009200
42291   0.016200
42292   0.015600
42293   0.014500
42294   0.010200
42295   0.021300
42296   0.025500
42297   0.025800
42298   0.019500
42299   0.034800
42300   0.027600
42301   0.030300
42302   0.030900
42303   0.017800
42304   0.019000
42305   0.031700
42306   0.032000
42307   0.022800
42308   0.021400
42309   0.012200
42310   0.016000
42311   0.009700
42312   0.013100
42313   0.007500
42314  -0.003800
42315  -0.000700
42316   0.000300
42317  -0.005100
42318  -0.009200
42319   0.001900
42320  -0.005400
42321  -0.005600
42322   0.002200
42323   0.006400
42324   0.011700
42325   0.008500
42326   0.002800
42327   0.004800
42328   0.011700
42329   0.003400
42330   0.008300
42331   0.011200
42332   0.004900
42333   0.021100
42334   0.024200
42335   0.020100
42336   0.009600
42337  -0.004100
42338   0.001300
42339   0.005400
42340   0.004500
42341   0.001800
42342   0.010800
42343   0.000700
42344   0.002100
42345   0.003900
42346   0.002100
42347  -0.002800
42348   0.004000
42349   0.010100
42350   0.012700
42351   0.019200
42352   0.022300
42353   0.016900
42354   0.017500
42355   0.008900
42356   0.004800
42357   0.006000
42358   0.007200
42359   0.002300
42360   0.002600
42361   0.008900
42362   0.016000
42363   0.013700
42364   0.015700
42365   0.014800
42366   0.012000
42367   0.008300
42368  -0.000000
42369  -0.000800
42370  -0.000800
42371   0.011900
42372   0.004100
42373   0.014100
42374   0.005900
42375  -0.011500
42376  -0.013000
42377  -0.002400
42378   0.002400
42379   0.001900
42380  -0.013300
42381  -0.015800
42382  -0.008700
42383   0.003800
42384   0.013000
42385   0.002600
42386  -0.003100
42387  -0.006900
42388  -0.004600
42389  -0.007200
42390  -0.010900
42391  -0.008400
42392  -0.005200
42393   0.006100
42394   0.013400
42395   0.003700
42396   0.008300
42397   0.018100
42398   0.012100
42399   0.012700
42400   0.020600
42401   0.020600
42402   0.021700
42403   0.016100
42404   0.019200
42405   0.012800
42406   0.003600
42407   0.006200
42408   0.010300
42409   0.015000
42410   0.006100
42411   0.011200
42412   0.015000
42413   0.015400
42414   0.021500
42415   0.015900
42416   0.026100
42417   0.009200
42418   0.009000
42419   0.009400
42420   0.009100
42421  -0.000000
42422  -0.003300
42423   0.001800
42424  -0.002600
42425   0.000500
42426   0.007200
42427   0.007900
42428   0.015500
42429   0.022600
42430   0.023000
42431   0.026100
42432   0.014300
42433   0.012100
42434   0.008100
42435   0.017400
42436   0.028100
42437   0.036500
42438   0.036100
42439   0.032800
42440   0.033400
42441   0.035300
42442   0.039500
42443   0.037700
42444   0.040300
42445   0.040500
42446   0.037500
42447   0.036500
42448   0.053100
42449   0.050300
42450   0.056300
42451   0.064900
42452   0.062300
42453   0.054400
42454   0.049700
42455   0.059100
42456   0.065100
42457   0.065900
42458   0.064500
42459   0.054600
42460   0.045000
42461   0.040600
42462   0.047200
42463   0.054600
42464   0.052700
42465   0.047800
42466   0.047300
42467   0.049000
42468   0.049200
42469   0.051100
42470   0.049600
42471   0.056400
42472   0.063200
42473   0.057800
42474   0.053500
42475   0.049700
42476   0.057300
42477   0.068800
42478   0.044300
42479   0.038600
42480   0.039600
42481   0.034500
42482   0.042000
42483   0.030800
42484   0.027100
42485   0.027300
42486   0.031200
42487   0.028100
42488   0.022600
42489   0.022100
42490   0.015600
42491   0.017000
42492   0.010700
42493   0.019000
42494   0.012700
42495   0.012300
42496   0.010100
42497   0.008800
42498   0.015400
42499   0.014600
42500   0.012200
42501   0.019000
42502   0.028700
42503   0.030800
42504   0.028400
42505   0.023600
42506   0.019100
42507   0.019200
42508   0.011500
42509   0.016600
42510   0.024200
42511   0.024500
42512   0.021100
42513   0.008400
42514   0.009000
42515   0.007000
42516   0.000800
42517  -0.001600
42518  -0.005800
42519  -0.005900
42520  -0.000100
42521  -0.002800
42522  -0.000100
42523  -0.006000
42524  -0.008600
42525  -0.009900
42526  -0.012400
42527  -0.017200
42528  -0.017500
42529  -0.006500
42530  -0.017200
42531  -0.022800
42532  -0.038000
42533  -0.037400
42534  -0.022800
42535  -0.023300
42536  -0.032100
42537  -0.036300
42538  -0.031100
42539  -0.033300
42540  -0.042500
42541  -0.050400
42542  -0.050300
42543  -0.062000
42544  -0.060900
42545  -0.065900
42546  -0.058300
42547  -0.065200
42548  -0.061300
42549  -0.062000
42550  -0.061400
42551  -0.049300
42552  -0.052900
42553  -0.048100
42554  -0.037600
42555  -0.043300
42556  -0.034900
42557  -0.032300
42558  -0.035500
42559  -0.039000
42560  -0.051600
42561  -0.042900
42562  -0.038400
42563  -0.042000
42564  -0.045700
42565  -0.050400
42566  -0.052700
42567  -0.061600
42568  -0.065100
42569  -0.069100
42570  -0.069300
42571  -0.063100
42572  -0.061100
42573  -0.053900
42574  -0.050700
42575  -0.057500
42576  -0.048200
42577  -0.047500
42578  -0.040700
42579  -0.047900
42580  -0.047700
42581  -0.051400
42582  -0.061500
42583  -0.059200
42584  -0.046100
42585  -0.047300
42586  -0.053500
42587  -0.057100
42588  -0.052300
42589  -0.047900
42590  -0.043400
42591  -0.043000
42592  -0.038200
42593  -0.034200
42594  -0.038800
42595  -0.038000
42596  -0.039200
42597  -0.030800
42598  -0.029300
42599  -0.022500
42600  -0.029100
42601  -0.037700
42602  -0.037000
42603  -0.043300
42604  -0.026100
42605  -0.016900
42606  -0.013900
42607  -0.012600
42608  -0.013300
42609  -0.019800
42610  -0.016300
42611  -0.016000
42612  -0.013400
42613  -0.006100
42614  -0.009400
42615  -0.020900
42616  -0.020300
42617  -0.022400
42618  -0.020800
42619  -0.034600
42620  -0.031300
42621  -0.039600
42622  -0.036100
42623  -0.025800
42624  -0.021800
42625  -0.019800
42626  -0.022000
42627  -0.028900
42628  -0.039600
42629  -0.038900
42630  -0.028100
42631  -0.020900
42632  -0.030700
42633  -0.034000
42634  -0.025200
42635  -0.023200
42636  -0.018800
42637  -0.031400
42638  -0.029200
42639  -0.024900
42640  -0.023600
42641  -0.027400
42642  -0.020600
42643  -0.026600
42644  -0.029300
42645  -0.015400
42646  -0.012900
42647  -0.007600
42648  -0.007700
42649  -0.002700
42650   0.006800
42651   0.007800
42652   0.006700
42653   0.003900
42654   0.002800
42655   0.009200
42656   0.004500
42657  -0.001800
42658  -0.003100
42659  -0.008100
42660  -0.002700
42661  -0.009400
42662  -0.009900
42663  -0.011900
42664  -0.005300
42665  -0.006000
42666  -0.010400
42667   0.000300
42668   0.006700
42669  -0.001000
42670  -0.008000
42671  -0.014900
42672  -0.019400
42673  -0.007500
42674  -0.012800
42675  -0.012200
42676  -0.012500
42677  -0.016500
42678  -0.019200
42679  -0.019800
42680  -0.012400
42681  -0.000500
42682  -0.004500
42683  -0.004400
42684  -0.009700
42685  -0.008200
42686  -0.009000
42687  -0.020700
42688  -0.009100
42689  -0.001900
42690  -0.011100
42691  -0.010100
42692   0.000600
42693   0.000700
42694  -0.007200
42695  -0.010500
42696  -0.009000
42697  -0.003700
42698   0.002400
42699  -0.000100
42700   0.007000
42701   0.010600
42702   0.016500
42703   0.018900
42704   0.026700
42705   0.032700
42706   0.034700
42707   0.025300
42708   0.027400
42709   0.031600
42710   0.036800
42711   0.035000
42712   0.024700
42713   0.020700
42714   0.015200
42715   0.019000
42716   0.018900
42717   0.024200
42718   0.034300
42719   0.024200
42720   0.027000
42721   0.029100
42722   0.034700
42723   0.031100
42724   0.019200
42725   0.012800
42726   0.014200
42727   0.016900
42728   0.005100
42729  -0.001800
42730   0.003700
42731   0.008100
42732   0.007600
42733   0.017900
42734   0.032200
42735   0.030500
42736   0.022700
42737   0.019500
42738   0.021600
42739   0.014800
42740   0.019500
42741   0.022000
42742   0.030300
42743   0.021400
42744   0.018000
42745   0.008900
42746   0.005300
42747   0.020300
42748   0.018800
42749   0.011700
42750   0.012200
42751   0.006800
42752  -0.007200
42753  -0.009200
42754  -0.011600
42755  -0.004300
42756   0.000600
42757   0.001900
42758   0.001100
42759   0.000300
42760  -0.002600
42761   0.004300
42762   0.015300
42763   0.008300
42764   0.011500
42765   0.020700
42766   0.016700
42767   0.025100
42768   0.029800
42769   0.039000
42770   0.031600
42771   0.025600
42772   0.030000
42773   0.032100
42774   0.042900
42775   0.043700
42776   0.049900
42777   0.049600
42778   0.045900
42779   0.051900
42780   0.044400
42781   0.044900
42782   0.045500
42783   0.037600
42784   0.041700
42785   0.033300
42786   0.032100
42787   0.035800
42788   0.043900
42789   0.035400
42790   0.047000
42791   0.050400
42792   0.050000
42793   0.052400
42794   0.051700
42795   0.043200
42796   0.036400
42797   0.036400
42798   0.031600
42799   0.035600
42800   0.034200
42801   0.036200
42802   0.027900
42803   0.024600
42804   0.019700
42805   0.015600
42806   0.020800
42807   0.027400
42808   0.032100
42809   0.041000
42810   0.027800
42811   0.030200
42812   0.027600
42813   0.040100
42814   0.037600
42815   0.040700
42816   0.043000
42817   0.043800
42818   0.052700
42819   0.054200
42820   0.053700
42821   0.051200
42822   0.047100
42823   0.055300
42824   0.052800
42825   0.050600
42826   0.056100
42827   0.064900
42828   0.052600
42829   0.054400
42830   0.063100
42831   0.054900
42832   0.046800
42833   0.047700
42834   0.045600
42835   0.037800
42836   0.032300
42837   0.035500
42838   0.037900
42839   0.039300
42840   0.035800
42841   0.035700
42842   0.037400
42843   0.044900
42844   0.046900
42845   0.043700
42846   0.043300
42847   0.038600
42848   0.045800
42849   0.049500
42850   0.055200
42851   0.056000
42852   0.047300
42853   0.046500
42854   0.041800
42855   0.042500
42856   0.043700
42857   0.044900
42858   0.053100
42859   0.058600
42860   0.068000
42861   0.056800
42862   0.066800
42863   0.078600
42864   0.086200
42865   0.086600
42866   0.089100
42867   0.069300
42868   0.065900
42869   0.058200
42870   0.063700
42871   0.066300
42872   0.065100
42873   0.075700
42874   0.068000
42875   0.064200
42876   0.056500
42877   0.057700
42878   0.062700
42879   0.061300
42880   0.070100
42881   0.075700
42882   0.070700
42883   0.061900
42884   0.052300
42885   0.054800
42886   0.056600
42887   0.047800
42888   0.044300
42889   0.051900
42890   0.049900
42891   0.040000
42892   0.036000
42893   0.036200
42894   0.022200
42895   0.023600
42896   0.029200
42897   0.027700
42898   0.033300
42899   0.025600
42900   0.028000
42901   0.033500
42902   0.047200
42903   0.051800
42904   0.060700
42905   0.052600
42906   0.041800
42907   0.042200
42908   0.048900
42909   0.058200
42910   0.068900
42911   0.066800
42912   0.067400
42913   0.064900
42914   0.064400
42915   0.060800
42916   0.063700
42917   0.061000
42918   0.058400
42919   0.051300
42920   0.061500
42921   0.054600
42922   0.053300
42923   0.051500
42924   0.055300
42925   0.059400
42926   0.073900
42927   0.068800
42928   0.059400
42929   0.061300
42930   0.067500
42931   0.069600
42932   0.065500
42933   0.070000
42934   0.068100
42935   0.069900
42936   0.061700
42937   0.060500
42938   0.076800
42939   0.058200
42940   0.053700
42941   0.053200
42942   0.060700
42943   0.052900
42944   0.057200
42945   0.049700
42946   0.046100
42947   0.037100
42948   0.039700
42949   0.021600
42950   0.015900
42951   0.014900
42952   0.011400
42953   0.009900
42954   0.008300
42955   0.011300
42956   0.019200
42957   0.014400
42958  -0.004300
42959  -0.007900
42960  -0.006600
42961  -0.005500
42962  -0.000200
42963  -0.005000
42964   0.005900
42965  -0.004000
42966  -0.008100
42967  -0.005600
42968  -0.011600
42969  -0.011000
42970  -0.012900
42971  -0.029800
42972  -0.034500
42973  -0.042200
42974  -0.043800
42975  -0.039500
42976  -0.024400
42977  -0.029200
42978  -0.020200
42979  -0.035300
42980  -0.034500
42981  -0.032900
42982  -0.035700
42983  -0.034900
42984  -0.024600
42985  -0.029600
42986  -0.030400
42987  -0.020700
42988  -0.028600
42989  -0.029400
42990  -0.029000
42991  -0.033200
42992  -0.026400
42993  -0.009800
42994  -0.002900
42995  -0.006000
42996  -0.007800
42997  -0.008700
42998  -0.005200
42999  -0.007900
43000  -0.009300
43001  -0.014500
43002  -0.004800
43003   0.006000
43004  -0.002700
43005   0.003600
43006  -0.011000
43007  -0.021500
43008  -0.026700
43009  -0.020600
43010  -0.025300
43011  -0.031400
43012  -0.026900
43013  -0.030400
43014  -0.053900
43015  -0.058000
43016  -0.058900
43017  -0.055900
43018  -0.057500
43019  -0.064700
43020  -0.066500
43021  -0.048900
43022  -0.054400
43023  -0.051500
43024  -0.062900
43025  -0.060400
43026  -0.069900
43027  -0.069800
43028  -0.066600
43029  -0.055200
43030  -0.051800
43031  -0.059300
43032  -0.065800
43033  -0.058300
43034  -0.054700
43035  -0.053200
43036  -0.048800
43037  -0.045200
43038  -0.026600
43039  -0.026500
43040  -0.019200
43041  -0.021700
43042  -0.024100
43043  -0.026000
43044  -0.032300
43045  -0.027700
43046  -0.032800
43047  -0.023200
43048  -0.011000
43049  -0.007200
43050  -0.008700
43051  -0.010200
43052  -0.001600
43053  -0.002700
43054  -0.003000
43055  -0.016000
43056  -0.014500
43057  -0.012000
43058  -0.012500
43059   0.000500
43060   0.005600
43061  -0.001800
43062  -0.011600
43063  -0.001800
43064  -0.009000
43065  -0.010000
43066  -0.023700
43067  -0.017800
43068  -0.025800
43069  -0.037000
43070  -0.040100
43071  -0.033900
43072  -0.040300
43073  -0.034800
43074  -0.031700
43075  -0.032700
43076  -0.032800
43077  -0.017800
43078  -0.024900
43079  -0.026800
43080  -0.028500
43081  -0.031700
43082  -0.019000
43083  -0.013200
43084  -0.016200
43085  -0.015700
43086  -0.013100
43087  -0.018600
43088  -0.010300
43089  -0.006700
43090   0.001900
43091  -0.003400
43092  -0.003700
43093  -0.011700
43094  -0.011100
43095  -0.007000
43096  -0.002100
43097   0.001400
43098   0.003800
43099   0.006300
43100   0.007600
43101   0.000800
43102   0.004800
43103   0.006600
43104   0.016700
43105   0.008700
43106   0.016400
43107   0.018800
43108   0.022700
43109   0.021900
43110   0.015700
43111   0.004800
43112   0.004000
43113   0.006100
43114   0.007100
43115   0.006600
43116   0.002600
43117   0.008100
43118   0.011500
43119  -0.003400
43120  -0.000700
43121  -0.000400
43122  -0.003000
43123   0.002500
43124  -0.005200
43125   0.002400
43126   0.003900
43127   0.007700
43128   0.002800
43129  -0.003500
43130   0.013200
43131   0.021500
43132   0.023700
43133   0.020800
43134   0.017100
43135   0.012200
43136  -0.000300
43137  -0.004900
43138   0.000700
43139  -0.003600
43140  -0.003400
43141  -0.007900
43142   0.000500
43143   0.000700
43144   0.000600
43145   0.001200
43146   0.001300
43147   0.009900
43148   0.009000
43149   0.008900
43150   0.004800
43151   0.007900
43152   0.005200
43153  -0.007300
43154   0.000200
43155   0.004100
43156   0.004200
43157  -0.001400
43158   0.002900
43159   0.002500
43160   0.006200
43161   0.004100
43162   0.005000
43163   0.007500
43164   0.016300
43165   0.008300
43166   0.004400
43167   0.015700
43168   0.006400
43169   0.009200
43170  -0.003400
43171  -0.008200
43172  -0.007600
43173  -0.006900
43174  -0.007900
43175  -0.015400
43176  -0.025700
43177  -0.026400
43178  -0.023600
43179  -0.021800
43180  -0.021600
43181  -0.027100
43182  -0.027300
43183  -0.026600
43184  -0.026800
43185  -0.028900
43186  -0.020800
43187  -0.016300
43188  -0.015200
43189  -0.020000
43190  -0.013800
43191  -0.019700
43192  -0.022200
43193  -0.029800
43194  -0.018700
43195  -0.022300
43196  -0.023200
43197  -0.027000
43198  -0.024200
43199  -0.018400
43200  -0.022100
43201  -0.012000
43202  -0.006100
43203  -0.013300
43204  -0.022300
43205  -0.025500
43206  -0.026500
43207  -0.030500
43208  -0.023700
43209  -0.034500
43210  -0.046700
43211  -0.047300
43212  -0.050400
43213  -0.053400
43214  -0.049800
43215  -0.054300
43216  -0.053100
43217  -0.049900
43218  -0.052900
43219  -0.057900
43220  -0.065500
43221  -0.059100
43222  -0.063600
43223  -0.055500
43224  -0.056500
43225  -0.060000
43226  -0.053100
43227  -0.050700
43228  -0.042700
43229  -0.036600
43230  -0.037000
43231  -0.030700
43232  -0.029700
43233  -0.031100
43234  -0.033300
43235  -0.036400
43236  -0.031900
43237  -0.030100
43238  -0.039100
43239  -0.032400
43240  -0.025100
43241  -0.022900
43242  -0.028900
43243  -0.028900
43244  -0.022500
43245  -0.026300
43246  -0.031700
43247  -0.039800
43248  -0.040700
43249  -0.044300
43250  -0.040500
43251  -0.038400
43252  -0.047800
43253  -0.032000
43254  -0.031100
43255  -0.035900
43256  -0.035800
43257  -0.046300
43258  -0.043400
43259  -0.042800
43260  -0.044700
43261  -0.043100
43262  -0.038000
43263  -0.037200
43264  -0.041200
43265  -0.044600
43266  -0.045100
43267  -0.049400
43268  -0.050200
43269  -0.048800
43270  -0.047200
43271  -0.038400
43272  -0.044300
43273  -0.041800
43274  -0.034500
43275  -0.029000
43276  -0.035800
43277  -0.020000
43278  -0.006600
43279  -0.000700
43280  -0.006700
43281  -0.005800
43282  -0.019100
43283  -0.025300
43284  -0.017700
43285  -0.019100
43286  -0.016700
43287  -0.013000
43288  -0.010400
43289  -0.014300
43290  -0.008400
43291  -0.014400
43292  -0.009700
43293  -0.007000
43294  -0.005300
43295  -0.011400
43296   0.003900
43297  -0.002300
43298  -0.007800
43299   0.000400
43300   0.011800
43301   0.018500
43302   0.021200
43303   0.024900
43304   0.022100
43305   0.028000
43306   0.035200
43307   0.030100
43308   0.025200
43309   0.032800
43310   0.027600
43311   0.019900
43312   0.018400
43313   0.020800
43314   0.017000
43315   0.009600
43316   0.008900
43317   0.001000
43318  -0.004800
43319  -0.009900
43320  -0.017100
43321  -0.013500
43322  -0.007900
43323  -0.001900
43324  -0.015100
43325  -0.011100
43326  -0.012700
43327  -0.006500
43328  -0.000800
43329  -0.004300
43330  -0.004600
43331   0.005000
43332   0.000800
43333   0.008000
43334   0.007900
43335   0.002400
43336   0.003500
43337   0.005100
43338   0.005200
43339   0.009900
43340   0.014700
43341   0.017400
43342   0.021100
43343   0.027100
43344   0.022800
43345   0.022700
43346   0.024900
43347   0.037800
43348   0.037900
43349   0.034500
43350   0.034000
43351   0.034800
43352   0.041900
43353   0.037800
43354   0.037000
43355   0.029200
43356   0.032500
43357   0.028300
43358   0.026000
43359   0.033300
43360   0.027000
43361   0.022500
43362   0.024300
43363   0.027200
43364   0.022100
43365   0.027400
43366   0.033600
43367   0.033000
43368   0.025000
43369   0.010100
43370   0.012500
43371   0.025700
43372   0.028800
43373   0.022500
43374   0.015300
43375   0.012900
43376   0.012100
43377  -0.001000
43378   0.002800
43379   0.005200
43380  -0.004600
43381  -0.009800
43382  -0.001800
43383   0.003000
43384   0.005700
43385   0.008000
43386   0.011100
43387   0.023200
43388   0.013700
43389   0.021600
43390   0.022300
43391   0.028200
43392   0.023000
43393   0.025800
43394   0.021100
43395   0.025200
43396   0.023200
43397   0.021400
43398   0.022200
43399   0.018800
43400   0.018900
43401   0.015600
43402   0.019600
43403   0.012800
43404   0.013300
43405   0.013600
43406   0.004200
43407  -0.001400
43408  -0.003200
43409   0.003800
43410  -0.003600
43411  -0.006200
43412  -0.005600
43413  -0.005200
43414  -0.008800
43415  -0.009800
43416  -0.009500
43417  -0.015700
43418  -0.016900
43419  -0.022800
43420  -0.015000
43421  -0.018700
43422  -0.020700
43423  -0.014600
43424  -0.012800
43425  -0.017300
43426  -0.007600
43427  -0.004500
43428   0.012500
43429   0.017000
43430   0.011000
43431   0.005300
43432  -0.005300
43433  -0.012900
43434  -0.022000
43435  -0.015100
43436  -0.009900
43437  -0.004900
43438  -0.012500
43439  -0.015900
43440  -0.022200
43441  -0.033900
43442  -0.020000
43443  -0.022500
43444  -0.021200
43445  -0.015800
43446  -0.007000
43447   0.001200
43448   0.000000
43449   0.002700
43450  -0.009500
43451  -0.017200
43452  -0.019500
43453  -0.015900
43454  -0.006600
43455  -0.011900
43456  -0.014700
43457  -0.025100
43458  -0.017300
43459  -0.020900
43460  -0.022700
43461  -0.027600
43462  -0.039900
43463  -0.031400
43464  -0.039700
43465  -0.034000
43466  -0.031900
43467  -0.028700
43468  -0.039600
43469  -0.050800
43470  -0.046000
43471  -0.039900
43472  -0.047100
43473  -0.054800
43474  -0.060600
43475  -0.063700
43476  -0.058100
43477  -0.065200
43478  -0.060700
43479  -0.058400
43480  -0.066000
43481  -0.059600
43482  -0.058300
43483  -0.054900
43484  -0.048900
43485  -0.035700
43486  -0.031800
43487  -0.032800
43488  -0.034300
43489  -0.034200
43490  -0.037700
43491  -0.028300
43492  -0.032900
43493  -0.017900
43494  -0.010500
43495  -0.012200
43496  -0.015500
43497  -0.009600
43498  -0.010600
43499  -0.001500
43500  -0.009500
43501  -0.019500
43502  -0.019300
43503  -0.017900
43504  -0.021700
43505  -0.032500
43506  -0.020400
43507  -0.014500
43508  -0.010500
43509  -0.001800
43510  -0.017700
43511  -0.014600
43512  -0.009000
43513  -0.003000
43514   0.005000
43515  -0.001200
43516  -0.009700
43517  -0.008100
43518  -0.013900
43519  -0.010500
43520  -0.002000
43521  -0.006500
43522   0.002500
43523   0.006100
43524   0.001700
43525   0.005900
43526   0.001600
43527   0.003600
43528   0.004900
43529   0.006400
43530   0.002300
43531   0.001100
43532  -0.012000
43533  -0.003800
43534   0.007000
43535   0.003200
43536   0.012800
43537   0.004000
43538   0.004200
43539  -0.001800
43540  -0.006200
43541  -0.011100
43542  -0.013000
43543  -0.009100
43544  -0.016600
43545  -0.018200
43546  -0.023400
43547  -0.032200
43548  -0.029300
43549  -0.023000
43550  -0.024600
43551  -0.026000
43552  -0.024700
43553  -0.022700
43554  -0.011100
43555  -0.003200
43556   0.003200
43557   0.010700
43558   0.015000
43559   0.010800
43560   0.010100
43561   0.005300
43562   0.015000
43563   0.009500
43564   0.010300
43565   0.009100
43566   0.009400
43567   0.008200
43568   0.016400
43569   0.010200
43570   0.014400
43571   0.009300
43572   0.005500
43573   0.016700
43574   0.017700
43575   0.026200
43576   0.024500
43577   0.027400
43578   0.036200
43579   0.034100
43580   0.029100
43581   0.032400
43582   0.035100
43583   0.034000
43584   0.029800
43585   0.035700
43586   0.039800
43587   0.036100
43588   0.033400
43589   0.039200
43590   0.033100
43591   0.031800
43592   0.023100
43593   0.019100
43594   0.019300
43595   0.023800
43596   0.024000
43597   0.020100
43598   0.009000
43599   0.001700
43600   0.002600
43601   0.013600
43602   0.018400
43603   0.013300
43604   0.012800
43605   0.011500
43606   0.009900
43607   0.001900
43608  -0.006200
43609   0.002900
43610   0.004300
43611   0.013300
43612   0.010200
43613   0.010400
43614   0.013600
43615   0.009300
43616   0.006500
43617   0.011900
43618   0.015800
43619   0.025000
43620   0.021700
43621   0.022200
43622   0.014700
43623   0.018400
43624   0.023100
43625   0.017700
43626   0.012800
43627   0.010100
43628   0.007400
43629   0.005400
43630   0.009300
43631   0.008600
43632   0.018300
43633   0.030500
43634   0.029600
43635   0.033200
43636   0.029500
43637   0.034900
43638   0.027200
43639   0.024700
43640   0.031300
43641   0.036700
43642   0.039200
43643   0.050600
43644   0.044800
43645   0.047500
43646   0.033100
43647   0.035400
43648   0.035800
43649   0.038300
43650   0.034300
43651   0.036300
43652   0.023900
43653   0.034500
43654   0.037000
43655   0.030900
43656   0.030200
43657   0.031800
43658   0.029100
43659   0.035100
43660   0.030000
43661   0.032100
43662   0.025800
43663   0.032300
43664   0.028700
43665   0.023600
43666   0.028900
43667   0.024700
43668   0.030900
43669   0.035800
43670   0.025800
43671   0.032800
43672   0.030900
43673   0.037600
43674   0.027300
43675   0.032500
43676   0.024000
43677   0.019300
43678   0.016900
43679   0.024800
43680   0.020900
43681   0.029200
43682   0.031500
43683   0.036500
43684   0.038300
43685   0.038500
43686   0.036300
43687   0.033000
43688   0.034200
43689   0.027600
43690   0.024400
43691   0.036300
43692   0.035100
43693   0.039500
43694   0.038700
43695   0.028200
43696   0.030600
43697   0.026700
43698   0.019800
43699   0.021500
43700   0.026300
43701   0.028100
43702   0.030400
43703   0.028900
43704   0.018600
43705   0.030200
43706   0.018500
43707   0.020700
43708   0.028400
43709   0.021400
43710   0.006000
43711   0.003000
43712  -0.003600
43713  -0.004300
43714   0.000100
43715  -0.003100
43716  -0.005700
43717  -0.003000
43718  -0.014100
43719  -0.010200
43720  -0.012200
43721  -0.017000
43722  -0.014000
43723  -0.015700
43724  -0.011300
43725  -0.006600
43726   0.002900
43727   0.013100
43728   0.009800
43729   0.010100
43730   0.019300
43731   0.022300
43732   0.020200
43733   0.020200
43734   0.018100
43735   0.029000
43736   0.021100
43737   0.019900
43738   0.017300
43739   0.014500
43740   0.015600
43741   0.009400
43742   0.002000
43743  -0.001600
43744  -0.002300
43745  -0.006000
43746  -0.004600
43747  -0.007500
43748  -0.005400
43749  -0.008300
43750  -0.003300
43751   0.000200
43752  -0.006500
43753  -0.000100
43754  -0.006500
43755  -0.003500
43756  -0.017300
43757  -0.019700
43758  -0.011400
43759  -0.003400
43760   0.006000
43761   0.010500
43762   0.014900
43763  -0.002400
43764   0.012400
43765   0.019200
43766   0.022600
43767   0.015900
43768   0.015800
43769   0.016700
43770   0.025900
43771   0.025900
43772   0.030000
43773   0.033400
43774   0.024500
43775   0.023700
43776   0.035500
43777   0.037100
43778   0.028700
43779   0.028800
43780   0.027900
43781   0.019400
43782   0.019900
43783   0.022300
43784   0.025900
43785   0.032200
43786   0.029800
43787   0.026900
43788   0.027300
43789   0.030000
43790   0.034000
43791   0.024300
43792   0.016000
43793   0.012900
43794   0.015200
43795   0.018300
43796   0.013900
43797   0.014600
43798   0.012800
43799   0.007300
43800   0.003400
43801   0.012000
43802   0.015800
43803   0.008100
43804  -0.000100
43805  -0.000600
43806  -0.003200
43807   0.004000
43808   0.000300
43809  -0.010400
43810  -0.015400
43811  -0.008000
43812  -0.009800
43813  -0.008700
43814  -0.010300
43815  -0.022500
43816  -0.023400
43817  -0.016200
43818  -0.016800
43819  -0.016100
43820  -0.009700
43821  -0.006200
43822  -0.003700
43823  -0.009700
43824  -0.006100
43825   0.008200
43826   0.003600
43827   0.018800
43828   0.013000
43829   0.014200
43830   0.004000
43831   0.010700
43832   0.004800
43833   0.001000
43834   0.008300
43835   0.011400
43836   0.007500
43837   0.000500
43838   0.002100
43839  -0.002800
43840  -0.009400
43841  -0.009800
43842  -0.012900
43843  -0.009100
43844  -0.000300
43845  -0.005400
43846  -0.004900
43847   0.002500
43848   0.000200
43849   0.009900
43850   0.010700
43851   0.009100
43852   0.002200
43853   0.002700
43854   0.012000
43855   0.005400
43856   0.006100
43857   0.012600
43858   0.013000
43859   0.009100
43860   0.009100
43861   0.000300
43862   0.001200
43863   0.003600
43864   0.006400
43865   0.011000
43866   0.005800
43867   0.005500
43868   0.002200
43869  -0.000200
43870  -0.007500
43871  -0.014500
43872  -0.012200
43873   0.002000
43874   0.000000
43875  -0.002200
43876  -0.012200
43877  -0.014000
43878  -0.016900
43879  -0.003500
43880  -0.002000
43881  -0.005200
43882  -0.004400
43883  -0.008800
43884  -0.005700
43885   0.001100
43886   0.010500
43887   0.017500
43888   0.013500
43889   0.010500
43890   0.007300
43891   0.003700
43892  -0.008800
43893  -0.001900
43894  -0.003800
43895  -0.006100
43896  -0.002800
43897   0.000300
43898   0.001500
43899  -0.014300
43900  -0.007700
43901  -0.016300
43902  -0.003000
43903  -0.004000
43904  -0.005000
43905  -0.008300
43906  -0.016300
43907  -0.017900
43908  -0.024500
43909  -0.025500
43910  -0.028900
43911  -0.014200
43912  -0.022100
43913  -0.026100
43914  -0.021300
43915  -0.015100
43916  -0.007900
43917   0.000700
43918   0.006600
43919   0.015800
43920   0.016500
43921   0.012900
43922   0.010500
43923   0.010200
43924   0.004300
43925   0.000500
43926  -0.001200
43927  -0.009100
43928  -0.006700
43929  -0.016200
43930  -0.001900
43931   0.003700
43932  -0.005300
43933  -0.001800
43934   0.000500
43935  -0.001000
43936   0.010700
43937   0.009100
43938   0.013200
43939   0.006300
43940   0.006700
43941  -0.004300
43942  -0.007500
43943  -0.001200
43944  -0.014500
43945  -0.002000
43946  -0.010600
43947  -0.013800
43948  -0.016100
43949  -0.011200
43950  -0.004700
43951  -0.017900
43952  -0.011900
43953  -0.014500
43954  -0.018700
43955  -0.022800
43956  -0.022000
43957  -0.017400
43958  -0.023100
43959  -0.028000
43960  -0.035600
43961  -0.041600
43962  -0.029700
43963  -0.020200
43964  -0.017500
43965  -0.013400
43966  -0.011500
43967  -0.005700
43968   0.008900
43969   0.008400
43970   0.004800
43971  -0.008300
43972  -0.003100
43973   0.009500
43974   0.017900
43975   0.006500
43976   0.000200
43977  -0.004400
43978  -0.005600
43979  -0.002700
43980  -0.004700
43981  -0.001900
43982   0.005600
43983   0.008300
43984  -0.009400
43985  -0.019000
43986  -0.009500
43987  -0.011600
43988  -0.012800
43989  -0.008900
43990  -0.005300
43991   0.001300
43992   0.006800
43993   0.010900
43994   0.017700
43995   0.015200
43996   0.010000
43997   0.011200
43998   0.000100
43999   0.003800
44000  -0.000100
44001   0.002100
44002   0.006500
44003   0.004500
44004  -0.000300
44005   0.001600
44006  -0.020400
44007  -0.028300
44008  -0.017000
44009  -0.024900
44010  -0.040200
44011  -0.030700
44012  -0.028700
44013  -0.038300
44014  -0.041400
44015  -0.038500
44016  -0.038800
44017  -0.030900
44018  -0.023600
44019  -0.020000
44020  -0.022100
44021  -0.022600
44022  -0.017700
44023  -0.017200
44024  -0.017500
44025  -0.019000
44026  -0.016000
44027  -0.016200
44028  -0.014000
44029  -0.013100
44030  -0.013800
44031  -0.013600
44032  -0.004800
44033  -0.001100
44034  -0.004100
44035  -0.007600
44036   0.003000
44037   0.008200
44038   0.007500
44039   0.004500
44040   0.006000
44041  -0.001600
44042  -0.010300
44043  -0.006300
44044  -0.001100
44045   0.004100
44046  -0.000500
44047   0.004700
44048   0.010300
44049   0.017500
44050   0.024900
44051   0.019600
44052   0.020800
44053   0.024500
44054   0.028600
44055   0.023600
44056   0.031000
44057   0.028500
44058   0.019800
44059   0.019200
44060   0.018300
44061   0.016800
44062   0.021100
44063   0.015400
44064   0.011800
44065   0.009400
44066   0.016600
44067   0.017700
44068   0.010200
44069   0.016200
44070   0.017600
44071   0.022300
44072   0.021300
44073   0.015000
44074   0.014200
44075   0.021300
44076   0.018400
44077   0.026100
44078   0.019100
44079   0.025700
44080   0.022800
44081   0.016900
44082   0.014100
44083   0.018700
44084   0.015900
44085   0.016100
44086   0.020500
44087   0.018100
44088   0.022400
44089   0.011800
44090   0.011300
44091   0.016800
44092   0.023100
44093   0.024200
44094   0.028600
44095   0.024500
44096   0.023900
44097   0.031600
44098   0.027000
44099   0.024200
44100   0.021000
44101   0.030600
44102   0.040800
44103   0.044500
44104   0.048700
44105   0.061500
44106   0.061700
44107   0.057900
44108   0.066400
44109   0.059700
44110   0.055000
44111   0.054200
44112   0.055100
44113   0.056300
44114   0.054900
44115   0.060600
44116   0.054100
44117   0.048300
44118   0.041600
44119   0.030500
44120   0.027400
44121   0.031400
44122   0.034600
44123   0.031300
44124   0.021200
44125   0.024300
44126   0.028100
44127   0.021900
44128   0.019500
44129   0.022400
44130   0.024600
44131   0.031100
44132   0.024100
44133   0.020400
44134   0.017900
44135   0.031900
44136   0.035900
44137   0.038000
44138   0.034300
44139   0.030800
44140   0.033400
44141   0.036100
44142   0.035000
44143   0.034500
44144   0.024200
44145   0.016900
44146   0.013800
44147   0.008700
44148   0.019900
44149   0.015700
44150   0.021600
44151   0.027800
44152   0.024700
44153   0.023900
44154   0.029100
44155   0.028300
44156   0.032300
44157   0.024700
44158   0.016700
44159   0.005900
44160   0.005100
44161   0.008800
44162   0.011200
44163   0.014700
44164   0.016300
44165   0.017000
44166   0.018300
44167   0.011300
44168   0.014300
44169   0.010200
44170   0.022100
44171   0.019400
44172   0.012900
44173   0.018100
44174   0.030900
44175   0.036500
44176   0.047100
44177   0.033900
44178   0.036800
44179   0.029900
44180   0.023500
44181   0.026700
44182   0.028400
44183   0.030500
44184   0.029300
44185   0.029400
44186   0.034200
44187   0.029000
44188   0.037000
44189   0.032300
44190   0.038700
44191   0.042900
44192   0.044700
44193   0.043400
44194   0.040200
44195   0.038400
44196   0.035300
44197   0.034600
44198   0.037100
44199   0.029700
44200   0.020400
44201   0.020600
44202   0.012900
44203   0.017900
44204   0.024200
44205   0.013500
44206   0.017900
44207   0.017300
44208   0.023000
44209   0.028700
44210   0.032900
44211   0.037300
44212   0.027900
44213   0.024600
44214   0.016600
44215   0.033000
44216   0.018600
44217   0.019700
44218   0.015000
44219   0.017400
44220   0.015900
44221   0.002600
44222  -0.008300
44223   0.000900
44224  -0.009300
44225   0.005800
44226   0.004500
44227   0.012200
44228   0.015100
44229   0.014300
44230   0.011500
44231   0.006900
44232   0.007700
44233  -0.008000
44234  -0.002600
44235   0.001200
44236  -0.001000
44237   0.000600
44238   0.002100
44239  -0.004100
44240  -0.012100
44241  -0.010400
44242  -0.006200
44243   0.000500
44244   0.005100
44245   0.003200
44246  -0.007800
44247  -0.014100
44248  -0.000200
44249  -0.006500
44250  -0.009000
44251  -0.024000
44252  -0.030500
44253  -0.028000
44254  -0.028600
44255  -0.031200
44256  -0.037700
44257  -0.029800
44258  -0.032000
44259  -0.030800
44260  -0.023800
44261  -0.025700
44262  -0.023200
44263  -0.028000
44264  -0.018000
44265  -0.009000
44266  -0.007600
44267  -0.001800
44268  -0.006700
44269  -0.014600
44270  -0.026000
44271  -0.025600
44272  -0.019100
44273  -0.014100
44274  -0.012400
44275  -0.003600
44276  -0.011600
44277  -0.011100
44278  -0.015800
44279  -0.016900
44280  -0.017400
44281  -0.013900
44282   0.002600
44283   0.007500
44284   0.007200
44285   0.016100
44286   0.019300
44287   0.021000
44288   0.017000
44289   0.012400
44290  -0.005600
44291   0.000100
44292  -0.004200
44293  -0.005800
44294  -0.005700
44295  -0.001400
44296   0.000000
44297  -0.001400
44298  -0.001500
44299  -0.004600
44300   0.001400
44301   0.005400
44302   0.007100
44303   0.007400
44304   0.014700
44305   0.002700
44306  -0.003000
44307  -0.006900
44308  -0.012900
44309  -0.006500
44310   0.002100
44311   0.004000
44312  -0.002700
44313   0.003600
44314  -0.007100
44315  -0.006700
44316   0.006000
44317  -0.006600
44318  -0.006500
44319  -0.008600
44320  -0.013100
44321  -0.014400
44322  -0.024300
44323  -0.016800
44324  -0.015000
44325  -0.020900
44326  -0.009900
44327  -0.011400
44328  -0.009500
44329  -0.015300
44330  -0.011900
44331  -0.016900
44332  -0.013800
44333  -0.029400
44334  -0.033300
44335  -0.037300
44336  -0.038100
44337  -0.034000
44338  -0.030800
44339  -0.019800
44340  -0.021800
44341  -0.019300
44342  -0.020000
44343  -0.006900
44344   0.004200
44345  -0.001900
44346  -0.001400
44347   0.002100
44348  -0.001600
44349  -0.002600
44350  -0.011100
44351  -0.006900
44352  -0.010500
44353  -0.009100
44354  -0.011400
44355  -0.016800
44356  -0.024800
44357  -0.016100
44358  -0.009500
44359  -0.010800
44360  -0.007800
44361   0.006100
44362   0.009000
44363   0.008500
44364   0.008100
44365   0.007600
44366   0.008200
44367   0.015800
44368   0.016000
44369   0.006700
44370   0.004000
44371   0.017200
44372   0.021900
44373   0.013500
44374   0.007000
44375   0.012700
44376   0.012200
44377   0.008000
44378  -0.001100
44379   0.008900
44380   0.001700
44381   0.011800
44382   0.015700
44383   0.020900
44384   0.027600
44385   0.022500
44386   0.024900
44387   0.040500
44388   0.048000
44389   0.038900
44390   0.038100
44391   0.034300
44392   0.026700
44393   0.027900
44394   0.021500
44395   0.012000
44396   0.017500
44397   0.003700
44398   0.002200
44399   0.006600
44400   0.003000
44401  -0.000700
44402  -0.008900
44403  -0.009700
44404  -0.006000
44405  -0.000900
44406   0.011400
44407   0.007400
44408   0.015300
44409   0.009000
44410   0.003300
44411   0.014900
44412   0.027000
44413   0.017300
44414   0.015600
44415   0.020700
44416   0.021000
44417   0.016500
44418   0.024400
44419   0.023800
44420   0.031300
44421   0.031700
44422   0.037400
44423   0.040100
44424   0.034900
44425   0.036100
44426   0.049100
44427   0.059900
44428   0.062100
44429   0.056600
44430   0.052700
44431   0.053700
44432   0.047500
44433   0.028800
44434   0.030400
44435   0.027800
44436   0.034100
44437   0.027400
44438   0.040100
44439   0.031900
44440   0.033700
44441   0.041000
44442   0.033200
44443   0.040200
44444   0.046100
44445   0.049000
44446   0.052200
44447   0.043200
44448   0.043100
44449   0.044200
44450   0.040300
44451   0.041100
44452   0.037500
44453   0.039100
44454   0.036500
44455   0.040100
44456   0.039900
44457   0.045200
44458   0.045100
44459   0.049700
44460   0.046000
44461   0.037900
44462   0.038700
44463   0.039400
44464   0.036200
44465   0.041400
44466   0.043600
44467   0.036100
44468   0.027500
44469   0.036700
44470   0.040200
44471   0.035400
44472   0.034800
44473   0.034900
44474   0.034700
44475   0.028800
44476   0.018600
44477   0.015200
44478   0.011000
44479   0.006300
44480   0.012200
44481   0.028800
44482   0.012300
44483   0.017100
44484   0.018600
44485   0.011100
44486   0.002700
44487   0.003100
44488   0.003500
44489  -0.002800
44490   0.003300
44491   0.005100
44492   0.012800
44493   0.007500
44494   0.009600
44495   0.000300
44496   0.010600
44497   0.005100
44498   0.013900
44499   0.009900
44500   0.013500
44501   0.022300
44502   0.019600
44503   0.011100
44504  -0.006300
44505  -0.000100
44506   0.008100
44507   0.003200
44508  -0.000100
44509  -0.005300
44510   0.000300
44511  -0.014500
44512  -0.014200
44513  -0.014300
44514  -0.015000
44515  -0.014000
44516  -0.022300
44517  -0.014800
44518  -0.023800
44519  -0.023800
44520  -0.036400
44521  -0.029300
44522  -0.034700
44523  -0.037200
44524  -0.040100
44525  -0.047700
44526  -0.042900
44527  -0.051200
44528  -0.054500
44529  -0.044600
44530  -0.048000
44531  -0.057800
44532  -0.054000
44533  -0.055000
44534  -0.053100
44535  -0.055700
44536  -0.052800
44537  -0.051900
44538  -0.051600
44539  -0.060300
44540  -0.061300
44541  -0.067200
44542  -0.066700
44543  -0.064500
44544  -0.063700
44545  -0.064200
44546  -0.060400
44547  -0.054800
44548  -0.050800
44549  -0.052900
44550  -0.051200
44551  -0.049200
44552  -0.046700
44553  -0.051100
44554  -0.047200
44555  -0.047300
44556  -0.043900
44557  -0.036300
44558  -0.040200
44559  -0.033300
44560  -0.034300
44561  -0.027300
44562  -0.030900
44563  -0.029000
44564  -0.032800
44565  -0.023300
44566  -0.024700
44567  -0.037800
44568  -0.033800
44569  -0.032700
44570  -0.026300
44571  -0.029200
44572  -0.028100
44573  -0.033200
44574  -0.027700
44575  -0.031200
44576  -0.027600
44577  -0.037900
44578  -0.035300
44579  -0.043300
44580  -0.045500
44581  -0.043100
44582  -0.045700
44583  -0.037900
44584  -0.038500
44585  -0.042100
44586  -0.038600
44587  -0.037800
44588  -0.029400
44589  -0.023700
44590  -0.009000
44591  -0.011800
44592  -0.013200
44593  -0.016700
44594  -0.026600
44595  -0.027500
44596  -0.028700
44597  -0.030100
44598  -0.021300
44599  -0.020200
44600  -0.022300
44601  -0.012300
44602  -0.013100
44603  -0.013200
44604  -0.017000
44605  -0.008500
44606  -0.006400
44607  -0.007800
44608  -0.021000
44609  -0.015400
44610  -0.011700
44611  -0.000400
44612  -0.002500
44613   0.000200
44614   0.003200
44615   0.006400
44616   0.004200
44617   0.010500
44618   0.013100
44619   0.015100
44620   0.003100
44621   0.003800
44622  -0.014900
44623  -0.012500
44624  -0.000900
44625  -0.009800
44626  -0.010700
44627  -0.005300
44628  -0.005400
44629  -0.005500
44630  -0.022800
44631  -0.020100
44632  -0.029300
44633  -0.030200
44634  -0.020700
44635  -0.018500
44636  -0.006800
44637  -0.008500
44638  -0.015300
44639  -0.021500
44640  -0.026200
44641  -0.024900
44642  -0.029300
44643  -0.028800
44644  -0.016800
44645  -0.021000
44646  -0.020800
44647  -0.024200
44648  -0.028200
44649  -0.024200
44650  -0.026000
44651  -0.020200
44652  -0.030500
44653  -0.030300
44654  -0.023600
44655  -0.011400
44656  -0.009300
44657  -0.008900
44658  -0.001400
44659   0.000400
44660  -0.001300
44661   0.001800
44662   0.016300
44663   0.013300
44664   0.007500
44665   0.010800
44666   0.015700
44667   0.013200
44668   0.005600
44669   0.004000
44670   0.001900
44671   0.003900
44672   0.000700
44673   0.000400
44674  -0.001100
44675   0.003800
44676  -0.002900
44677  -0.009200
44678  -0.015100
44679  -0.004800
44680   0.006000
44681   0.012400
44682   0.017100
44683   0.015800
44684   0.024300
44685   0.031500
44686   0.034400
44687   0.037200
44688   0.032100
44689   0.028100
44690   0.033000
44691   0.040300
44692   0.029600
44693   0.036400
44694   0.040900
44695   0.043000
44696   0.057400
44697   0.050500
44698   0.042300
44699   0.044500
44700   0.041900
44701   0.046900
44702   0.051500
44703   0.045800
44704   0.043100
44705   0.044400
44706   0.039900
44707   0.045000
44708   0.054500
44709   0.063100
44710   0.069100
44711   0.067900
44712   0.063500
44713   0.060300
44714   0.055000
44715   0.068800
44716   0.067700
44717   0.071200
44718   0.074000
44719   0.085800
44720   0.078800
44721   0.081200
44722   0.084300
44723   0.077900
44724   0.067900
44725   0.062700
44726   0.067900
44727   0.064600
44728   0.075400
44729   0.080200
44730   0.092000
44731   0.090100
44732   0.086300
44733   0.091000
44734   0.084000
44735   0.076600
44736   0.075400
44737   0.066300
44738   0.056700
44739   0.066800
44740   0.069000
44741   0.062700
44742   0.082500
44743   0.086800
44744   0.084600
44745   0.099700
44746   0.094200
44747   0.092800
44748   0.091300
44749   0.097200
44750   0.101100
44751   0.108700
44752   0.102400
44753   0.103300
44754   0.096300
44755   0.098300
44756   0.086300
44757   0.084200
44758   0.071300
44759   0.075500
44760   0.076100
44761   0.074000
44762   0.076900
44763   0.077400
44764   0.059600
44765   0.059600
44766   0.049000
44767   0.048800
44768   0.039500
44769   0.032400
44770   0.030500
44771   0.027600
44772   0.032000
44773   0.032400
44774   0.038200
44775   0.042300
44776   0.035600
44777   0.044500
44778   0.035600
44779   0.035000
44780   0.029100
44781   0.027000
44782   0.015300
44783   0.014500
44784   0.008200
44785   0.010300
44786   0.002200
44787   0.004900
44788  -0.000100
44789  -0.003400
44790  -0.003100
44791  -0.012100
44792  -0.001900
44793  -0.005000
44794  -0.011900
44795  -0.022100
44796  -0.012500
44797  -0.019200
44798  -0.008800
44799  -0.007000
44800  -0.011700
44801  -0.016100
44802  -0.017400
44803  -0.014800
44804  -0.006400
44805  -0.019700
44806  -0.019100
44807  -0.012200
44808  -0.005300
44809  -0.004200
44810  -0.001900
44811  -0.007200
44812  -0.018900
44813  -0.014100
44814  -0.022700
44815  -0.031900
44816  -0.034500
44817  -0.027100
44818  -0.022100
44819  -0.018300
44820  -0.014700
44821  -0.016600
44822  -0.011100
44823  -0.005500
44824  -0.004600
44825  -0.007400
44826  -0.013200
44827  -0.004000
44828   0.007000
44829  -0.000500
44830  -0.000500
44831  -0.008000
44832  -0.006200
44833  -0.000200
44834   0.009400
44835   0.007700
44836  -0.006800
44837   0.012400
44838   0.011800
44839   0.010200
44840   0.011700
44841   0.012300
44842   0.012600
44843   0.008900
44844  -0.000800
44845  -0.004700
44846   0.001200
44847  -0.008700
44848  -0.012600
44849  -0.006100
44850  -0.003700
44851   0.000300
44852  -0.003000
44853   0.000500
44854  -0.010600
44855  -0.016200
44856   0.003300
44857   0.004100
44858   0.001200
44859   0.017000
44860   0.016700
44861   0.018000
44862   0.015500
44863   0.016300
44864   0.001500
44865  -0.000200
44866  -0.007900
44867   0.002000
44868   0.000900
44869   0.006700
44870   0.000200
44871  -0.007300
44872  -0.012700
44873  -0.003400
44874  -0.013900
44875  -0.018600
44876  -0.024000
44877  -0.025300
44878  -0.029500
44879  -0.026200
44880  -0.012100
44881  -0.016600
44882  -0.001800
44883  -0.013000
44884  -0.006500
44885  -0.014100
44886  -0.010000
44887  -0.017700
44888  -0.010100
44889  -0.007200
44890   0.005700
44891   0.005700
44892   0.006400
44893   0.005600
44894   0.011300
44895   0.013000
44896   0.016000
44897   0.017400
44898   0.028400
44899   0.037000
44900   0.036900
44901   0.037100
44902   0.042600
44903   0.048100
44904   0.054000
44905   0.045800
44906   0.054300
44907   0.057700
44908   0.060900
44909   0.063500
44910   0.062300
44911   0.063300
44912   0.065300
44913   0.064500
44914   0.063900
44915   0.059400
44916   0.045100
44917   0.049500
44918   0.043000
44919   0.045000
44920   0.048400
44921   0.054500
44922   0.038100
44923   0.041100
44924   0.045900
44925   0.041300
44926   0.044700
44927   0.057600
44928   0.057700
44929   0.056600
44930   0.058100
44931   0.060800
44932   0.048800
44933   0.052400
44934   0.040000
44935   0.042200
44936   0.048200
44937   0.054800
44938   0.064600
44939   0.051600
44940   0.051400
44941   0.048100
44942   0.040600
44943   0.045300
44944   0.033100
44945   0.031800
44946   0.033900
44947   0.027500
44948   0.025400
44949   0.020400
44950   0.023000
44951   0.030400
44952   0.034800
44953   0.033700
44954   0.024400
44955   0.023900
44956   0.015600
44957   0.006900
44958   0.010400
44959   0.003800
44960   0.002900
44961   0.010500
44962   0.007100
44963  -0.000700
44964   0.010300
44965   0.006300
44966  -0.004900
44967  -0.010300
44968  -0.002700
44969  -0.007200
44970  -0.003200
44971  -0.004100
44972  -0.008300
44973  -0.009300
44974  -0.007500
44975  -0.006200
44976  -0.007100
44977  -0.018100
44978  -0.012400
44979  -0.013200
44980  -0.015600
44981  -0.021600
44982  -0.009400
44983  -0.015600
44984  -0.014400
44985  -0.017200
44986  -0.011000
44987  -0.019900
44988  -0.014400
44989  -0.015300
44990  -0.024300
44991  -0.025700
44992  -0.009700
44993  -0.022400
44994  -0.013800
44995  -0.007100
44996  -0.005700
44997  -0.018000
44998  -0.015400
44999  -0.018700
45000  -0.015900
45001  -0.006400
45002  -0.015200
45003  -0.019900
45004  -0.024800
45005  -0.031600
45006  -0.034100
45007  -0.031700
45008  -0.033500
45009  -0.034200
45010  -0.034400
45011  -0.029800
45012  -0.035600
45013  -0.037200
45014  -0.034300
45015  -0.031400
45016  -0.028300
45017  -0.038300
45018  -0.039500
45019  -0.036100
45020  -0.034300
45021  -0.025300
45022  -0.017000
45023  -0.019900
45024  -0.024700
45025  -0.030900
45026  -0.027900
45027  -0.026500
45028  -0.028800
45029  -0.023000
45030  -0.014700
45031  -0.015700
45032  -0.015100
45033  -0.017100
45034  -0.015600
45035  -0.009900
45036  -0.005900
45037   0.005400
45038   0.009900
45039   0.005600
45040   0.008900
45041   0.016400
45042   0.019400
45043   0.021700
45044   0.032500
45045   0.038700
45046   0.023800
45047   0.034900
45048   0.039900
45049   0.026800
45050   0.018000
45051   0.020000
45052   0.022600
45053   0.027900
45054   0.022900
45055   0.005000
45056   0.011100
45057   0.001900
45058  -0.004300
45059  -0.004300
45060  -0.001800
45061  -0.001800
45062  -0.008200
45063  -0.007400
45064  -0.017100
45065  -0.004000
45066  -0.002700
45067  -0.015500
45068  -0.008100
45069  -0.003400
45070  -0.002500
45071  -0.013000
45072  -0.014100
45073  -0.013000
45074  -0.006200
45075  -0.000200
45076   0.009900
45077   0.002400
45078   0.011000
45079   0.010900
45080   0.000400
45081   0.002000
45082  -0.005800
45083  -0.016800
45084  -0.010800
45085  -0.016200
45086  -0.026900
45087  -0.031100
45088  -0.033300
45089  -0.031200
45090  -0.032400
45091  -0.020800
45092  -0.016100
45093  -0.010400
45094  -0.017700
45095  -0.019600
45096  -0.011300
45097  -0.008000
45098  -0.005300
45099  -0.004500
45100   0.002700
45101   0.005500
45102   0.010000
45103   0.016200
45104   0.000900
45105  -0.000800
45106   0.002200
45107  -0.006600
45108  -0.009500
45109  -0.006800
45110  -0.011900
45111  -0.001500
45112   0.009100
45113   0.003800
45114  -0.007600
45115  -0.002300
45116  -0.002200
45117  -0.003200
45118  -0.008000
45119  -0.004700
45120  -0.001300
45121  -0.007300
45122  -0.011200
45123  -0.005800
45124  -0.009800
45125  -0.016100
45126  -0.019300
45127  -0.020200
45128  -0.018500
45129  -0.027600
45130  -0.012400
45131  -0.001900
45132   0.001200
45133   0.001400
45134   0.006400
45135   0.007500
45136   0.005100
45137   0.000500
45138   0.015200
45139   0.006400
45140   0.008100
45141   0.002700
45142   0.005200
45143   0.006000
45144   0.006700
45145   0.009900
45146   0.010100
45147   0.008800
45148   0.006600
45149   0.018200
45150   0.020300
45151   0.021600
45152   0.020500
45153   0.015300
45154   0.029800
45155   0.025000
45156   0.032900
45157   0.039000
45158   0.034200
45159   0.024300
45160   0.020500
45161   0.019000
45162   0.021100
45163   0.014000
45164   0.012900
45165   0.009800
45166   0.015500
45167   0.008300
45168   0.001000
45169  -0.006800
45170  -0.012600
45171  -0.009200
45172  -0.005100
45173  -0.003500
45174  -0.003100
45175  -0.001700
45176  -0.000300
45177   0.007300
45178   0.010900
45179   0.014000
45180   0.020000
45181   0.020300
45182   0.019700
45183   0.025900
45184   0.023100
45185   0.034000
45186   0.033800
45187   0.034300
45188   0.050300
45189   0.058700
45190   0.066000
45191   0.062300
45192   0.071200
45193   0.070900
45194   0.067200
45195   0.066700
45196   0.066100
45197   0.066200
45198   0.069900
45199   0.071900
45200   0.070900
45201   0.061000
45202   0.056800
45203   0.063500
45204   0.071300
45205   0.072400
45206   0.073600
45207   0.067000
45208   0.068700
45209   0.085200
45210   0.082300
45211   0.076900
45212   0.072600
45213   0.082700
45214   0.073000
45215   0.063300
45216   0.062000
45217   0.054200
45218   0.060100
45219   0.060500
45220   0.055700
45221   0.068700
45222   0.061300
45223   0.059200
45224   0.055700
45225   0.053600
45226   0.067200
45227   0.069300
45228   0.078500
45229   0.072800
45230   0.087900
45231   0.090400
45232   0.087900
45233   0.077700
45234   0.071000
45235   0.076800
45236   0.077500
45237   0.077800
45238   0.077300
45239   0.072900
45240   0.063800
45241   0.068100
45242   0.073100
45243   0.073900
45244   0.087000
45245   0.092800
45246   0.103900
45247   0.102900
45248   0.103000
45249   0.091100
45250   0.100100
45251   0.108900
45252   0.119200
45253   0.114600
45254   0.113900
45255   0.116800
45256   0.113000
45257   0.118900
45258   0.111800
45259   0.115300
45260   0.110900
45261   0.110200
45262   0.114800
45263   0.107200
45264   0.099300
45265   0.095500
45266   0.084100
45267   0.088500
45268   0.081500
45269   0.081300
45270   0.086500
45271   0.080600
45272   0.082600
45273   0.079800
45274   0.074900
45275   0.074900
45276   0.075300
45277   0.080500
45278   0.086700
45279   0.076600
45280   0.091500
45281   0.102100
45282   0.098100
45283   0.100000
45284   0.097500
45285   0.105300
45286   0.090500
45287   0.085700
45288   0.074500
45289   0.069100
45290   0.064700
45291   0.055400
45292   0.063000
45293   0.057400
45294   0.065700
45295   0.076800
45296   0.081000
45297   0.078700
45298   0.082900
45299   0.081300
45300   0.084100
45301   0.089600
45302   0.083700
45303   0.084200
45304   0.094000
45305   0.096200
45306   0.090500
45307   0.088600
45308   0.085600
45309   0.080200
45310   0.083900
45311   0.078300
45312   0.075400
45313   0.071000
45314   0.075700
45315   0.067900
45316   0.068600
45317   0.071100
45318   0.072500
45319   0.082600
45320   0.083500
45321   0.070900
45322   0.065400
45323   0.075900
45324   0.067400
45325   0.073400
45326   0.066800
45327   0.065200
45328   0.063600
45329   0.057600
45330   0.053300
45331   0.047800
45332   0.054200
45333   0.038400
45334   0.040300
45335   0.034900
45336   0.043100
45337   0.039000
45338   0.046300
45339   0.042100
45340   0.048700
45341   0.045300
45342   0.040800
45343   0.044100
45344   0.049200
45345   0.051500
45346   0.056600
45347   0.057200
45348   0.053900
45349   0.056600
45350   0.060100
45351   0.067100
45352   0.070600
45353   0.064800
45354   0.062500
45355   0.069700
45356   0.074900
45357   0.073500
45358   0.067500
45359   0.070200
45360   0.065000
45361   0.058700
45362   0.058800
45363   0.066700
45364   0.069700
45365   0.080600
45366   0.072400
45367   0.072900
45368   0.068800
45369   0.071900
45370   0.066500
45371   0.067200
45372   0.058500
45373   0.069400
45374   0.066600
45375   0.058500
45376   0.047500
45377   0.049400
45378   0.068200
45379   0.056600
45380   0.050800
45381   0.052300
45382   0.061800
45383   0.048700
45384   0.045100
45385   0.045800
45386   0.040400
45387   0.032900
45388   0.031200
45389   0.030900
45390   0.021400
45391   0.031200
45392   0.018000
45393   0.012100
45394   0.008700
45395   0.005400
45396   0.007000
45397   0.018200
45398   0.015900
45399   0.005500
45400   0.011500
45401   0.013500
45402   0.008000
45403   0.013800
45404   0.017000
45405   0.023800
45406   0.029100
45407   0.024400
45408   0.011300
45409   0.020700
45410   0.018400
45411   0.018700
45412   0.026100
45413   0.031400
45414   0.030600
45415   0.020200
45416   0.006000
45417   0.011200
45418   0.013800
45419   0.017000
45420   0.012700
45421   0.018400
45422   0.007800
45423   0.022200
45424   0.017900
45425   0.020300
45426   0.009000
45427   0.010100
45428  -0.000300
45429   0.010000
45430  -0.001900
45431  -0.006900
45432  -0.012300
45433  -0.012600
45434  -0.013400
45435   0.004800
45436   0.003300
45437   0.011600
45438   0.019200
45439   0.025000
45440   0.021100
45441   0.024400
45442   0.025700
45443   0.021500
45444   0.025900
45445   0.021500
45446   0.012300
45447   0.016400
45448   0.017500
45449   0.030300
45450   0.029400
45451   0.022800
45452   0.026400
45453   0.028600
45454   0.019800
45455   0.023800
45456   0.029500
45457   0.021600
45458   0.013700
45459   0.013900
45460   0.009200
45461   0.002600
45462   0.006700
45463   0.014400
45464   0.011300
45465   0.015000
45466   0.019800
45467   0.027300
45468   0.031100
45469   0.020800
45470   0.019500
45471   0.017100
45472   0.023300
45473   0.033900
45474   0.043200
45475   0.042300
45476   0.039000
45477   0.040500
45478   0.039300
45479   0.036900
45480   0.029700
45481   0.038400
45482   0.040800
45483   0.045300
45484   0.047400
45485   0.047200
45486   0.048200
45487   0.047800
45488   0.052800
45489   0.051600
45490   0.048200
45491   0.037900
45492   0.044800
45493   0.046100
45494   0.038800
45495   0.043200
45496   0.041400
45497   0.043600
45498   0.045000
45499   0.052800
45500   0.052900
45501   0.049400
45502   0.052700
45503   0.055300
45504   0.043900
45505   0.037200
45506   0.041100
45507   0.042100
45508   0.048600
45509   0.066900
45510   0.070100
45511   0.061000
45512   0.064700
45513   0.066700
45514   0.072600
45515   0.072900
45516   0.075900
45517   0.059600
45518   0.063400
45519   0.082300
45520   0.074400
45521   0.071600
45522   0.063100
45523   0.070700
45524   0.066300
45525   0.051700
45526   0.044300
45527   0.047100
45528   0.043500
45529   0.040800
45530   0.029000
45531   0.028500
45532   0.021800
45533   0.026800
45534   0.026400
45535   0.031300
45536   0.035000
45537   0.045000
45538   0.039500
45539   0.045300
45540   0.045900
45541   0.042800
45542   0.051800
45543   0.044200
45544   0.036600
45545   0.035200
45546   0.042700
45547   0.048700
45548   0.050900
45549   0.046500
45550   0.045900
45551   0.056200
45552   0.047700
45553   0.038500
45554   0.037500
45555   0.032100
45556   0.028900
45557   0.031500
45558   0.037500
45559   0.031200
45560   0.021600
45561   0.025800
45562   0.024200
45563   0.028800
45564   0.031500
45565   0.023400
45566   0.031100
45567   0.029000
45568   0.036300
45569   0.033800
45570   0.020200
45571   0.021300
45572   0.024200
45573   0.023000
45574   0.024400
45575   0.032100
45576   0.030800
45577   0.032800
45578   0.031800
45579   0.037100
45580   0.027000
45581   0.028100
45582   0.026900
45583   0.031500
45584   0.028200
45585   0.032200
45586   0.037800
45587   0.040500
45588   0.051000
45589   0.052000
45590   0.052800
45591   0.036600
45592   0.032700
45593   0.029100
45594   0.027700
45595   0.038300
45596   0.035900
45597   0.034000
45598   0.034000
45599   0.041700
45600   0.048800
45601   0.062700
45602   0.060800
45603   0.062900
45604   0.059800
45605   0.059200
45606   0.061400
45607   0.066500
45608   0.064800
45609   0.061000
45610   0.062800
45611   0.066600
45612   0.065500
45613   0.051100
45614   0.058200
45615   0.054700
45616   0.054200
45617   0.052900
45618   0.054400
45619   0.048400
45620   0.042600
45621   0.047200
45622   0.049900
45623   0.049900
45624   0.054200
45625   0.058800
45626   0.062000
45627   0.062400
45628   0.063800
45629   0.070200
45630   0.068700
45631   0.072900
45632   0.066200
45633   0.069400
45634   0.069500
45635   0.077600
45636   0.078400
45637   0.080900
45638   0.086100
45639   0.084700
45640   0.082000
45641   0.094200
45642   0.098600
45643   0.091500
45644   0.095400
45645   0.091500
45646   0.087500
45647   0.084100
45648   0.078000
45649   0.080900
45650   0.082300
45651   0.072500
45652   0.078100
45653   0.075200
45654   0.083300
45655   0.085100
45656   0.086800
45657   0.076700
45658   0.077600
45659   0.082300
45660   0.087500
45661   0.093700
45662   0.088500
45663   0.084000
45664   0.073000
45665   0.069000
45666   0.064100
45667   0.051300
45668   0.049200
45669   0.061300
45670   0.062700
45671   0.064600
45672   0.055200
45673   0.060300
45674   0.059700
45675   0.062900
45676   0.063200
45677   0.075500
45678   0.080700
45679   0.083300
45680   0.069800
45681   0.063800
45682   0.066500
45683   0.053400
45684   0.058000
45685   0.059000
45686   0.062000
45687   0.054300
45688   0.049900
45689   0.051700
45690   0.051000
45691   0.051300
45692   0.049100
45693   0.056900
45694   0.057400
45695   0.051800
45696   0.042000
45697   0.050100
45698   0.049600
45699   0.043600
45700   0.056600
45701   0.066000
45702   0.062000
45703   0.066000
45704   0.071200
45705   0.066600
45706   0.070400
45707   0.065100
45708   0.064100
45709   0.067100
45710   0.063000
45711   0.057400
45712   0.061200
45713   0.060200
45714   0.050900
45715   0.040900
45716   0.045200
45717   0.044700
45718   0.043300
45719   0.044700
45720   0.037300
45721   0.037900
45722   0.044800
45723   0.045300
45724   0.037300
45725   0.029800
45726   0.020300
45727   0.026900
45728   0.016700
45729   0.026100
45730   0.024400
45731   0.011200
45732   0.006800
45733   0.013400
45734   0.006700
45735   0.009500
45736   0.010500
45737   0.011700
45738   0.019100
45739   0.011000
45740   0.000100
45741  -0.012600
45742  -0.001800
45743  -0.006300
45744  -0.002700
45745  -0.013800
45746  -0.016400
45747  -0.003100
45748  -0.004500
45749   0.003000
45750  -0.000900
45751   0.006400
45752   0.013600
45753   0.031800
45754   0.036400
45755   0.044300
45756   0.052200
45757   0.046000
45758   0.041900
45759   0.046900
45760   0.051300
45761   0.045900
45762   0.041600
45763   0.043400
45764   0.048500
45765   0.045300
45766   0.054800
45767   0.053800
45768   0.050000
45769   0.049000
45770   0.037300
45771   0.040000
45772   0.042900
45773   0.053200
45774   0.047600
45775   0.051700
45776   0.054700
45777   0.058300
45778   0.063000
45779   0.072500
45780   0.073500
45781   0.075000
45782   0.070600
45783   0.065800
45784   0.060400
45785   0.056300
45786   0.054500
45787   0.048100
45788   0.055900
45789   0.057800
45790   0.064200
45791   0.060100
45792   0.051600
45793   0.043500
45794   0.037600
45795   0.045200
45796   0.049500
45797   0.053500
45798   0.055800
45799   0.054000
45800   0.051500
45801   0.051300
45802   0.049600
45803   0.057200
45804   0.061200
45805   0.062900
45806   0.072800
45807   0.078500
45808   0.081200
45809   0.077600
45810   0.080600
45811   0.084000
45812   0.082700
45813   0.087400
45814   0.081600
45815   0.083100
45816   0.089100
45817   0.090200
45818   0.083800
45819   0.079000
45820   0.067800
45821   0.071200
45822   0.068000
45823   0.067900
45824   0.057600
45825   0.053800
45826   0.043600
45827   0.050800
45828   0.056300
45829   0.052300
45830   0.049300
45831   0.046400
45832   0.041300
45833   0.047300
45834   0.050000
45835   0.043700
45836   0.036300
45837   0.038000
45838   0.037200
45839   0.031300
45840   0.034000
45841   0.030700
45842   0.034400
45843   0.033400
45844   0.036900
45845   0.033100
45846   0.028200
45847   0.016000
45848   0.008200
45849   0.004500
45850   0.009300
45851   0.006600
45852   0.007600
45853   0.006600
45854   0.000500
45855   0.001400
45856  -0.003100
45857  -0.009600
45858  -0.006100
45859  -0.010800
45860  -0.013100
45861  -0.010800
45862  -0.011900
45863  -0.011300
45864  -0.004200
45865  -0.006100
45866  -0.018100
45867  -0.010100
45868  -0.006100
45869  -0.011900
45870  -0.020700
45871  -0.024100
45872  -0.035200
45873  -0.027100
45874  -0.025600
45875  -0.028100
45876  -0.014900
45877  -0.010000
45878  -0.001300
45879   0.001700
45880  -0.003000
45881  -0.001200
45882   0.000200
45883  -0.010100
45884  -0.004000
45885  -0.003700
45886  -0.004000
45887   0.002100
45888   0.011700
45889   0.014800
45890   0.026500
45891   0.017400
45892   0.019100
45893   0.029400
45894   0.024900
45895   0.021700
45896   0.030600
45897   0.029900
45898   0.010500
45899   0.017300
45900   0.010200
45901   0.008700
45902   0.002000
45903   0.008000
45904   0.009600
45905   0.008200
45906   0.000600
45907   0.006200
45908   0.004400
45909   0.001400
45910  -0.009500
45911  -0.007700
45912  -0.007100
45913  -0.011000
45914  -0.013600
45915  -0.013300
45916  -0.012400
45917   0.002200
45918   0.003000
45919   0.006800
45920   0.006600
45921   0.018000
45922   0.025500
45923   0.023200
45924   0.016900
45925   0.025800
45926   0.027800
45927   0.024600
45928   0.019800
45929   0.017500
45930   0.023300
45931   0.019100
45932   0.020300
45933   0.026900
45934   0.029500
45935   0.024300
45936   0.024000
45937   0.016200
45938   0.016900
45939   0.019400
45940   0.017700
45941   0.015200
45942   0.009400
45943   0.012000
45944   0.016800
45945   0.025000
45946   0.019700
45947   0.020600
45948   0.014300
45949   0.008900
45950   0.018100
45951   0.019100
45952   0.016300
45953   0.023500
45954   0.031000
45955   0.026900
45956   0.035700
45957   0.028400
45958   0.030700
45959   0.033000
45960   0.031900
45961   0.036300
45962   0.028400
45963   0.030600
45964   0.026700
45965   0.024900
45966   0.023800
45967   0.021000
45968   0.013500
45969   0.013700
45970   0.024900
45971   0.027000
45972   0.017100
45973   0.026400
45974   0.029200
45975   0.036700
45976   0.034500
45977   0.035900
45978   0.035600
45979   0.041400
45980   0.030300
45981   0.025500
45982   0.015900
45983   0.008400
45984   0.012600
45985   0.021900
45986   0.018500
45987   0.022100
45988   0.023400
45989   0.017900
45990   0.019900
45991   0.028000
45992   0.035100
45993   0.046300
45994   0.049500
45995   0.052900
45996   0.046600
45997   0.035700
45998   0.023000
45999   0.022800
46000   0.021200
46001   0.024000
46002   0.027700
46003   0.017800
46004   0.026400
46005   0.027300
46006   0.027700
46007   0.025400
46008   0.025200
46009   0.025100
46010   0.030100
46011   0.014400
46012   0.011200
46013   0.012800
46014   0.022800
46015   0.018000
46016   0.010800
46017   0.007200
46018   0.004200
46019   0.007600
46020   0.006000
46021   0.003400
46022   0.008500
46023   0.002400
46024  -0.002900
46025  -0.012900
46026  -0.017400
46027  -0.012800
46028  -0.015000
46029  -0.014000
46030  -0.013000
46031  -0.013800
46032  -0.010500
46033  -0.013200
46034  -0.008300
46035  -0.001100
46036  -0.003600
46037  -0.001100
46038  -0.006400
46039  -0.009400
46040  -0.007600
46041   0.007800
46042   0.007700
46043   0.009700
46044   0.007700
46045   0.006400
46046   0.011900
46047   0.008400
46048   0.015400
46049   0.006800
46050   0.007200
46051   0.010000
46052   0.004200
46053  -0.006900
46054  -0.015300
46055  -0.020400
46056  -0.013700
46057  -0.017300
46058  -0.024200
46059  -0.025500
46060  -0.023500
46061  -0.018400
46062  -0.027700
46063  -0.029500
46064  -0.032700
46065  -0.032600
46066  -0.033600
46067  -0.033200
46068  -0.034600
46069  -0.053000
46070  -0.060100
46071  -0.057600
46072  -0.059100
46073  -0.035700
46074  -0.027700
46075  -0.021900
46076  -0.035600
46077  -0.028900
46078  -0.024900
46079  -0.037500
46080  -0.043400
46081  -0.041100
46082  -0.035100
46083  -0.024700
46084  -0.023900
46085  -0.016200
46086   0.002400
46087   0.005100
46088   0.005100
46089   0.010200
46090   0.016500
46091   0.015300
46092   0.012200
46093   0.019800
46094   0.012700
46095   0.013600
46096   0.020600
46097   0.013900
46098   0.011700
46099   0.018200
46100   0.019900
46101   0.021400
46102   0.020900
46103   0.012400
46104   0.008400
46105   0.011400
46106   0.010100
46107   0.019100
46108   0.017500
46109   0.015200
46110   0.007500
46111   0.001300
46112   0.009100
46113   0.017300
46114   0.011000
46115   0.012200
46116   0.015200
46117   0.013500
46118   0.010700
46119   0.005600
46120   0.020000
46121   0.030400
46122   0.023600
46123   0.017100
46124   0.018400
46125   0.010700
46126   0.018300
46127   0.017400
46128   0.019900
46129   0.018200
46130   0.018400
46131   0.026800
46132   0.029300
46133   0.025900
46134   0.026500
46135   0.039100
46136   0.042200
46137   0.034600
46138   0.034200
46139   0.029800
46140   0.020700
46141   0.011700
46142   0.017800
46143   0.008000
46144  -0.003500
46145   0.009800
46146   0.021100
46147   0.030500
46148   0.034600
46149   0.028200
46150   0.027100
46151   0.023600
46152   0.025300
46153   0.014700
46154   0.009600
46155   0.009000
46156   0.020900
46157   0.015400
46158   0.012300
46159   0.011700
46160   0.024000
46161   0.037300
46162   0.042600
46163   0.030200
46164   0.028900
46165   0.033600
46166   0.040100
46167   0.046100
46168   0.048600
46169   0.041800
46170   0.049500
46171   0.036400
46172   0.028300
46173   0.034100
46174   0.033200
46175   0.030400
46176   0.030000
46177   0.021800
46178   0.021000
46179   0.026400
46180   0.016900
46181   0.024400
46182   0.031000
46183   0.029000
46184   0.016200
46185   0.021000
46186   0.008700
46187   0.000400
46188   0.005700
46189   0.001200
46190   0.002300
46191  -0.002800
46192  -0.004800
46193  -0.014000
46194  -0.011400
46195  -0.013700
46196  -0.013900
46197  -0.007300
46198  -0.005700
46199  -0.003200
46200  -0.000100
46201  -0.014300
46202  -0.011300
46203  -0.012400
46204  -0.005500
46205  -0.010800
46206   0.002500
46207  -0.005700
46208  -0.001000
46209   0.005900
46210   0.012200
46211   0.022000
46212   0.018500
46213   0.024500
46214   0.027500
46215   0.031900
46216   0.025100
46217   0.015400
46218   0.017200
46219   0.016200
46220   0.019800
46221   0.030800
46222   0.028100
46223   0.015900
46224   0.027900
46225   0.020100
46226   0.018600
46227   0.021500
46228   0.023600
46229   0.019600
46230   0.026900
46231   0.013500
46232   0.007000
46233   0.002700
46234   0.006300
46235   0.001200
46236  -0.006100
46237  -0.014100
46238  -0.009800
46239  -0.011100
46240  -0.003400
46241  -0.010800
46242  -0.012000
46243  -0.007500
46244  -0.010100
46245   0.006900
46246   0.003500
46247   0.001000
46248  -0.009000
46249  -0.011500
46250  -0.009100
46251  -0.013300
46252  -0.021400
46253  -0.016600
46254  -0.005100
46255   0.001400
46256  -0.008800
46257  -0.003000
46258  -0.005400
46259   0.007600
46260   0.017500
46261   0.009500
46262   0.015000
46263   0.020100
46264   0.018300
46265   0.015000
46266   0.019300
46267   0.018700
46268   0.020100
46269   0.014300
46270   0.019300
46271   0.012900
46272   0.020200
46273   0.009400
46274   0.018500
46275   0.029400
46276   0.020000
46277   0.023400
46278   0.019700
46279   0.019000
46280   0.023300
46281   0.033300
46282   0.039900
46283   0.029400
46284   0.024400
46285   0.011100
46286   0.009700
46287   0.008500
46288   0.007400
46289  -0.004300
46290  -0.004600
46291  -0.016200
46292  -0.016000
46293  -0.017600
46294  -0.019000
46295  -0.020400
46296  -0.016900
46297  -0.025700
46298  -0.017700
46299  -0.009200
46300  -0.014800
46301  -0.011700
46302  -0.013800
46303  -0.009800
46304  -0.010300
46305  -0.004000
46306   0.001400
46307  -0.002200
46308   0.001300
46309  -0.013800
46310  -0.005200
46311  -0.007700
46312  -0.005700
46313   0.001300
46314  -0.002400
46315   0.002600
46316   0.011700
46317   0.008900
46318   0.003000
46319   0.000100
46320   0.005400
46321   0.007300
46322   0.024100
46323   0.024300
46324   0.016100
46325   0.007100
46326   0.002500
46327  -0.013700
46328  -0.012600
46329  -0.020600
46330  -0.018800
46331  -0.017200
46332  -0.011200
46333  -0.008500
46334  -0.002500
46335   0.000600
46336   0.004100
46337   0.005800
46338   0.000700
46339   0.000300
46340   0.000700
46341  -0.006100
46342  -0.013100
46343  -0.006900
46344  -0.003800
46345  -0.006900
46346  -0.002300
46347  -0.013100
46348  -0.011000
46349  -0.018000
46350  -0.011600
46351  -0.016600
46352  -0.017400
46353  -0.019000
46354  -0.014800
46355  -0.018100
46356  -0.026200
46357  -0.022600
46358  -0.009500
46359  -0.009600
46360  -0.017000
46361  -0.012000
46362  -0.004300
46363  -0.001600
46364  -0.000000
46365   0.007700
46366   0.020700
46367   0.018300
46368   0.033100
46369   0.026900
46370   0.040800
46371   0.046900
46372   0.048700
46373   0.047800
46374   0.053100
46375   0.055500
46376   0.061600
46377   0.064600
46378   0.062600
46379   0.066100
46380   0.052800
46381   0.051900
46382   0.050000
46383   0.044900
46384   0.039100
46385   0.029900
46386   0.039500
46387   0.038400
46388   0.039000
46389   0.043000
46390   0.044500
46391   0.039800
46392   0.044800
46393   0.037400
46394   0.025300
46395   0.028900
46396   0.031600
46397   0.033800
46398   0.034600
46399   0.037100
46400   0.031900
46401   0.028800
46402   0.013400
46403   0.018700
46404   0.014000
46405   0.011500
46406   0.004200
46407   0.002300
46408   0.017700
46409   0.020400
46410   0.026500
46411   0.019700
46412   0.018400
46413   0.022800
46414   0.022700
46415   0.014300
46416   0.022200
46417   0.031300
46418   0.018800
46419   0.007000
46420  -0.007200
46421   0.003100
46422   0.004100
46423   0.008900
46424   0.010200
46425   0.015200
46426   0.012000
46427   0.007200
46428   0.009200
46429   0.006500
46430   0.002400
46431  -0.004000
46432  -0.020400
46433  -0.021000
46434  -0.025900
46435  -0.028300
46436  -0.030400
46437  -0.026100
46438  -0.031300
46439  -0.029800
46440  -0.027800
46441  -0.020900
46442  -0.027500
46443  -0.029100
46444  -0.030600
46445  -0.024300
46446  -0.028200
46447  -0.020200
46448  -0.011000
46449  -0.008900
46450  -0.008700
46451  -0.006500
46452  -0.011100
46453  -0.014000
46454  -0.004400
46455  -0.002200
46456  -0.019000
46457  -0.013000
46458  -0.011700
46459  -0.016400
46460  -0.030000
46461  -0.030700
46462  -0.029600
46463  -0.041600
46464  -0.033100
46465  -0.039100
46466  -0.039700
46467  -0.039200
46468  -0.035900
46469  -0.038200
46470  -0.031300
46471  -0.033200
46472  -0.023900
46473  -0.013800
46474  -0.016400
46475  -0.003000
46476   0.002300
46477  -0.004300
46478  -0.007400
46479  -0.002300
46480   0.005400
46481   0.002500
46482   0.004300
46483   0.007900
46484   0.010200
46485   0.004300
46486   0.003600
46487   0.001400
46488  -0.001200
46489  -0.002100
46490   0.005600
46491   0.019900
46492   0.024500
46493   0.015200
46494   0.022600
46495   0.023900
46496   0.009400
46497   0.021700
46498   0.016200
46499   0.019500
46500   0.014000
46501   0.007000
46502   0.011200
46503   0.022800
46504   0.035900
46505   0.044200
46506   0.046300
46507   0.042900
46508   0.042700
46509   0.042600
46510   0.048800
46511   0.055900
46512   0.058700
46513   0.066100
46514   0.069700
46515   0.058200
46516   0.057200
46517   0.065200
46518   0.055900
46519   0.056800
46520   0.050700
46521   0.050400
46522   0.042400
46523   0.052000
46524   0.056000
46525   0.061700
46526   0.065300
46527   0.064400
46528   0.062700
46529   0.058100
46530   0.068200
46531   0.071000
46532   0.060700
46533   0.062100
46534   0.057400
46535   0.049200
46536   0.052600
46537   0.052900
46538   0.055600
46539   0.055200
46540   0.065100
46541   0.076600
46542   0.083600
46543   0.083900
46544   0.085600
46545   0.103800
46546   0.110000
46547   0.112100
46548   0.105300
46549   0.098800
46550   0.096700
46551   0.091300
46552   0.087800
46553   0.083700
46554   0.089000
46555   0.091000
46556   0.102300
46557   0.103300
46558   0.099500
46559   0.090400
46560   0.096100
46561   0.089300
46562   0.097900
46563   0.093600
46564   0.089200
46565   0.093500
46566   0.099100
46567   0.094800
46568   0.090700
46569   0.098400
46570   0.095700
46571   0.089900
46572   0.086400
46573   0.095000
46574   0.084800
46575   0.074500
46576   0.067400
46577   0.052200
46578   0.053800
46579   0.048000
46580   0.050700
46581   0.049100
46582   0.044000
46583   0.045900
46584   0.040300
46585   0.039500
46586   0.045700
46587   0.047700
46588   0.046800
46589   0.045600
46590   0.034700
46591   0.022600
46592   0.022300
46593   0.024100
46594   0.027000
46595   0.026300
46596   0.034400
46597   0.033300
46598   0.030100
46599   0.038800
46600   0.039600
46601   0.027900
46602   0.016000
46603   0.021800
46604   0.025300
46605   0.026500
46606   0.016500
46607   0.021400
46608   0.012700
46609   0.011700
46610   0.013600
46611   0.009700
46612   0.016600
46613   0.006900
46614   0.006800
46615   0.000700
46616   0.002000
46617  -0.001100
46618   0.009900
46619   0.012000
46620   0.018800
46621   0.019600
46622   0.014900
46623   0.010800
46624   0.011700
46625   0.012600
46626   0.013500
46627   0.015200
46628   0.025800
46629   0.027300
46630   0.013500
46631   0.020100
46632   0.023700
46633   0.035600
46634   0.036700
46635   0.040600
46636   0.051200
46637   0.047700
46638   0.046100
46639   0.050300
46640   0.026500
46641   0.006000
46642  -0.005700
46643   0.000300
46644  -0.003100
46645  -0.006900
46646  -0.007700
46647  -0.010900
46648  -0.017600
46649  -0.021000
46650  -0.024000
46651  -0.026900
46652  -0.022200
46653  -0.035500
46654  -0.038100
46655  -0.025800
46656  -0.024000
46657  -0.021300
46658  -0.017800
46659  -0.009400
46660  -0.009800
46661  -0.011600
46662  -0.013200
46663   0.005500
46664  -0.003200
46665  -0.015600
46666  -0.014000
46667  -0.025100
46668  -0.024400
46669  -0.017100
46670  -0.022600
46671  -0.029500
46672  -0.023800
46673  -0.035900
46674  -0.028100
46675  -0.028700
46676  -0.027800
46677  -0.032700
46678  -0.033900
46679  -0.036300
46680  -0.044400
46681  -0.040300
46682  -0.039300
46683  -0.033200
46684  -0.035900
46685  -0.028000
46686  -0.037600
46687  -0.038100
46688  -0.038200
46689  -0.030800
46690  -0.018800
46691  -0.019400
46692  -0.016000
46693  -0.012600
46694  -0.012200
46695   0.000600
46696   0.006300
46697   0.000500
46698  -0.001100
46699  -0.002700
46700  -0.005700
46701  -0.008500
46702  -0.011600
46703  -0.021200
46704  -0.015800
46705  -0.010200
46706  -0.011300
46707  -0.009000
46708  -0.005500
46709   0.001200
46710   0.001700
46711   0.003100
46712  -0.004300
46713  -0.000400
46714  -0.003100
46715  -0.003600
46716  -0.002800
46717  -0.005000
46718  -0.001100
46719  -0.006500
46720   0.000400
46721   0.013600
46722   0.013400
46723   0.016200
46724   0.009200
46725   0.008100
46726   0.006000
46727   0.008300
46728   0.003900
46729   0.001200
46730   0.014600
46731   0.019900
46732   0.018800
46733   0.023200
46734   0.014300
46735   0.023600
46736   0.021000
46737   0.028500
46738   0.020700
46739   0.022900
46740   0.027500
46741   0.027700
46742   0.018600
46743   0.016700
46744   0.017800
46745   0.017100
46746   0.005600
46747   0.008500
46748   0.004700
46749   0.006000
46750   0.004600
46751   0.000600
46752  -0.000600
46753  -0.006800
46754  -0.003400
46755   0.004700
46756   0.013000
46757   0.017300
46758   0.015900
46759   0.010400
46760   0.011500
46761   0.013400
46762   0.011900
46763   0.009800
46764   0.017500
46765   0.016200
46766   0.017000
46767   0.015900
46768   0.026600
46769   0.014800
46770   0.022000
46771   0.018400
46772   0.016000
46773   0.017300
46774   0.021200
46775   0.020300
46776   0.021000
46777   0.011500
46778   0.009900
46779   0.013000
46780   0.011100
46781   0.015200
46782   0.021500
46783   0.026500
46784   0.025500
46785   0.034900
46786   0.036200
46787   0.026500
46788   0.028200
46789   0.031000
46790   0.030300
46791   0.032500
46792   0.032400
46793   0.040900
46794   0.041100
46795   0.048000
46796   0.044500
46797   0.034100
46798   0.040900
46799   0.038900
46800   0.035800
46801   0.051700
46802   0.056700
46803   0.055900
46804   0.061500
46805   0.057400
46806   0.060000
46807   0.045900
46808   0.044600
46809   0.044100
46810   0.046000
46811   0.052200
46812   0.047500
46813   0.050500
46814   0.043200
46815   0.058800
46816   0.052300
46817   0.058400
46818   0.060200
46819   0.059500
46820   0.060300
46821   0.055500
46822   0.057300
46823   0.055200
46824   0.052000
46825   0.069700
46826   0.074700
46827   0.073300
46828   0.069900
46829   0.060400
46830   0.056700
46831   0.049700
46832   0.059600
46833   0.052200
46834   0.058700
46835   0.064100
46836   0.058300
46837   0.057000
46838   0.060400
46839   0.062600
46840   0.058300
46841   0.055600
46842   0.050100
46843   0.039800
46844   0.046000
46845   0.043500
46846   0.040400
46847   0.032200
46848   0.033700
46849   0.028800
46850   0.025700
46851   0.028600
46852   0.032500
46853   0.022800
46854   0.020000
46855   0.016900
46856   0.017800
46857   0.026800
46858   0.025500
46859   0.031900
46860   0.035300
46861   0.046000
46862   0.037800
46863   0.036700
46864   0.035100
46865   0.038600
46866   0.036900
46867   0.028000
46868   0.030700
46869   0.038500
46870   0.042000
46871   0.041700
46872   0.048900
46873   0.042400
46874   0.042600
46875   0.040300
46876   0.030500
46877   0.034500
46878   0.034500
46879   0.024300
46880   0.027600
46881   0.025900
46882   0.035700
46883   0.012900
46884   0.032800
46885   0.035700
46886   0.043900
46887   0.046200
46888   0.039100
46889   0.039800
46890   0.041200
46891   0.044800
46892   0.040500
46893   0.035400
46894   0.028800
46895   0.021600
46896   0.022000
46897   0.010900
46898   0.015000
46899   0.021300
46900   0.024600
46901   0.017400
46902   0.011900
46903   0.006600
46904   0.019300
46905   0.014700
46906   0.015600
46907  -0.004800
46908  -0.006300
46909  -0.002000
46910  -0.008300
46911  -0.012700
46912  -0.013700
46913  -0.006000
46914   0.008600
46915   0.010500
46916   0.011100
46917   0.009800
46918   0.002800
46919  -0.000400
46920   0.002800
46921   0.002400
46922   0.010000
46923   0.015600
46924   0.021200
46925   0.018200
46926   0.022800
46927   0.022300
46928   0.024900
46929   0.017400
46930   0.019400
46931   0.023900
46932   0.012800
46933   0.005500
46934   0.012900
46935   0.010900
46936   0.020000
46937   0.006100
46938   0.004600
46939   0.005900
46940   0.011300
46941   0.009600
46942   0.007100
46943   0.008000
46944   0.010300
46945   0.014300
46946   0.025400
46947   0.029300
46948   0.028100
46949   0.026500
46950   0.027400
46951   0.028000
46952   0.032900
46953   0.031000
46954   0.026500
46955   0.034700
46956   0.038200
46957   0.038900
46958   0.033700
46959   0.031700
46960   0.046700
46961   0.044100
46962   0.047500
46963   0.050400
46964   0.048200
46965   0.047400
46966   0.034300
46967   0.030900
46968   0.035100
46969   0.034700
46970   0.020700
46971   0.023000
46972   0.031000
46973   0.030100
46974   0.024300
46975   0.028600
46976   0.028000
46977   0.036700
46978   0.033000
46979   0.031900
46980   0.036700
46981   0.034300
46982   0.037500
46983   0.039500
46984   0.042300
46985   0.041700
46986   0.033300
46987   0.037000
46988   0.038100
46989   0.025900
46990   0.022200
46991   0.020400
46992   0.017800
46993   0.018400
46994   0.023600
46995   0.015700
46996   0.020500
46997   0.024400
46998   0.034300
46999   0.039300
47000   0.037400
47001   0.036000
47002   0.015900
47003   0.016700
47004   0.018100
47005   0.022300
47006   0.013500
47007   0.006300
47008   0.011000
47009   0.015300
47010   0.010700
47011   0.013400
47012   0.017300
47013   0.023900
47014   0.032600
47015   0.033600
47016   0.037900
47017   0.035400
47018   0.036800
47019   0.035300
47020   0.031400
47021   0.032400
47022   0.035000
47023   0.038900
47024   0.034900
47025   0.032200
47026   0.028100
47027   0.031300
47028   0.021800
47029   0.023500
47030   0.025300
47031   0.016700
47032   0.010900
47033   0.011100
47034   0.004300
47035   0.009100
47036   0.001100
47037  -0.011300
47038  -0.000100
47039  -0.002300
47040   0.012600
47041   0.011800
47042   0.010300
47043   0.022200
47044   0.030000
47045   0.035600
47046   0.034200
47047   0.040800
47048   0.032700
47049   0.037700
47050   0.038000
47051   0.051800
47052   0.058300
47053   0.059600
47054   0.053800
47055   0.049400
47056   0.037400
47057   0.036600
47058   0.038600
47059   0.039700
47060   0.036700
47061   0.042600
47062   0.035800
47063   0.052500
47064   0.059900
47065   0.056600
47066   0.051300
47067   0.053800
47068   0.060600
47069   0.055000
47070   0.048100
47071   0.042800
47072   0.045300
47073   0.050500
47074   0.065600
47075   0.064200
47076   0.067000
47077   0.074000
47078   0.063200
47079   0.057600
47080   0.064200
47081   0.070700
47082   0.069900
47083   0.070200
47084   0.062800
47085   0.066200
47086   0.066500
47087   0.070000
47088   0.063600
47089   0.052600
47090   0.052100
47091   0.059200
47092   0.041400
47093   0.047100
47094   0.049000
47095   0.050600
47096   0.033500
47097   0.029600
47098   0.033100
47099   0.025200
47100   0.021700
47101   0.020700
47102   0.033000
47103   0.039400
47104   0.037200
47105   0.022200
47106   0.028700
47107   0.043000
47108   0.047400
47109   0.037800
47110   0.035300
47111   0.032400
47112   0.033200
47113   0.036200
47114   0.036700
47115   0.051200
47116   0.055000
47117   0.057300
47118   0.064300
47119   0.059100
47120   0.046600
47121   0.045300
47122   0.040200
47123   0.052400
47124   0.049800
47125   0.038900
47126   0.043300
47127   0.054100
47128   0.052300
47129   0.051800
47130   0.050500
47131   0.042200
47132   0.040500
47133   0.041900
47134   0.042800
47135   0.053200
47136   0.044500
47137   0.043900
47138   0.037800
47139   0.032400
47140   0.027900
47141   0.025400
47142   0.036600
47143   0.049600
47144   0.053800
47145   0.050000
47146   0.038900
47147   0.047000
47148   0.050600
47149   0.054500
47150   0.047000
47151   0.051500
47152   0.041700
47153   0.035000
47154   0.036500
47155   0.038800
47156   0.037600
47157   0.032200
47158   0.027100
47159   0.013800
47160   0.016900
47161   0.015800
47162   0.015400
47163   0.017400
47164   0.017700
47165   0.011600
47166   0.016800
47167   0.016400
47168   0.017100
47169   0.015300
47170   0.025700
47171   0.029000
47172   0.030900
47173   0.021900
47174   0.019000
47175   0.014700
47176   0.019000
47177   0.011800
47178   0.009100
47179  -0.004300
47180  -0.013400
47181  -0.011800
47182  -0.009500
47183  -0.005100
47184   0.001000
47185  -0.001000
47186   0.004900
47187   0.004500
47188   0.004000
47189  -0.000800
47190   0.005700
47191   0.018600
47192   0.010500
47193   0.013900
47194  -0.000600
47195   0.007000
47196   0.013500
47197   0.022300
47198   0.024300
47199   0.034900
47200   0.028300
47201   0.017900
47202   0.018000
47203   0.026500
47204   0.025100
47205   0.028100
47206   0.027100
47207   0.025000
47208   0.022500
47209   0.019900
47210   0.009300
47211   0.015000
47212   0.013300
47213   0.018000
47214   0.021300
47215   0.017900
47216   0.030300
47217   0.033700
47218   0.035700
47219   0.038200
47220   0.042300
47221   0.041100
47222   0.043300
47223   0.046700
47224   0.054100
47225   0.044200
47226   0.048500
47227   0.043600
47228   0.050800
47229   0.056700
47230   0.048200
47231   0.038500
47232   0.037100
47233   0.041400
47234   0.043900
47235   0.053100
47236   0.041100
47237   0.040600
47238   0.044700
47239   0.049700
47240   0.041900
47241   0.040800
47242   0.056300
47243   0.048900
47244   0.054100
47245   0.048600
47246   0.049700
47247   0.049100
47248   0.042900
47249   0.042500
47250   0.037300
47251   0.047800
47252   0.046800
47253   0.035000
47254   0.033300
47255   0.020100
47256   0.010700
47257   0.005400
47258   0.011000
47259   0.008200
47260   0.013500
47261   0.022900
47262   0.022800
47263   0.017500
47264   0.010800
47265   0.021300
47266   0.027600
47267   0.018500
47268   0.021600
47269   0.023400
47270   0.025800
47271   0.033200
47272   0.027200
47273   0.032400
47274   0.028500
47275   0.038800
47276   0.035300
47277   0.040300
47278   0.042000
47279   0.028600
47280   0.026400
47281   0.021100
47282   0.020800
47283   0.029400
47284   0.024600
47285   0.026100
47286   0.032300
47287   0.023900
47288   0.016500
47289   0.010500
47290   0.007900
47291   0.010100
47292   0.015400
47293   0.015400
47294   0.019400
47295   0.015300
47296   0.022000
47297   0.021100
47298   0.022900
47299   0.028600
47300   0.010000
47301   0.016600
47302   0.016800
47303   0.027100
47304   0.028600
47305   0.023800
47306   0.029400
47307   0.026300
47308   0.022400
47309   0.018900
47310   0.012200
47311   0.012000
47312   0.003100
47313   0.000100
47314  -0.001100
47315  -0.001100
47316   0.007900
47317   0.002300
47318   0.010700
47319   0.002500
47320  -0.001100
47321   0.008400
47322   0.011500
47323   0.008400
47324   0.017800
47325   0.015800
47326   0.015100
47327   0.017600
47328   0.013900
47329   0.008100
47330  -0.009300
47331  -0.015100
47332  -0.021300
47333  -0.015600
47334  -0.018600
47335  -0.012700
47336  -0.017200
47337  -0.031900
47338  -0.028200
47339  -0.022400
47340  -0.020700
47341  -0.018800
47342  -0.022100
47343  -0.022300
47344  -0.020900
47345  -0.013200
47346  -0.001100
47347   0.009900
47348   0.011000
47349   0.015300
47350   0.011900
47351   0.008700
47352   0.014800
47353   0.010300
47354   0.018800
47355   0.022900
47356   0.022800
47357   0.027100
47358   0.029800
47359   0.032500
47360   0.043700
47361   0.039500
47362   0.030500
47363   0.026800
47364   0.037100
47365   0.024900
47366   0.017500
47367   0.008700
47368   0.014600
47369   0.018700
47370   0.018300
47371   0.014700
47372   0.001100
47373  -0.003500
47374  -0.002200
47375  -0.003400
47376  -0.020100
47377  -0.020800
47378  -0.021000
47379  -0.025700
47380  -0.030600
47381  -0.035100
47382  -0.033100
47383  -0.028000
47384  -0.037100
47385  -0.038400
47386  -0.026100
47387  -0.024600
47388  -0.030600
47389  -0.029300
47390  -0.029700
47391  -0.031400
47392  -0.032100
47393  -0.030100
47394  -0.021200
47395  -0.035500
47396  -0.033300
47397  -0.034500
47398  -0.034000
47399  -0.027700
47400  -0.032400
47401  -0.022500
47402  -0.028700
47403  -0.019700
47404  -0.026300
47405  -0.026800
47406  -0.025000
47407  -0.020400
47408  -0.000800
47409   0.009000
47410   0.014500
47411   0.024100
47412   0.027600
47413   0.035400
47414   0.029400
47415   0.025200
47416   0.038100
47417   0.045500
47418   0.041600
47419   0.045900
47420   0.035500
47421   0.032900
47422   0.030700
47423   0.022300
47424   0.015900
47425   0.022500
47426   0.013800
47427  -0.000600
47428  -0.008800
47429  -0.011700
47430  -0.003300
47431   0.002500
47432   0.004400
47433  -0.005500
47434  -0.006600
47435  -0.005600
47436  -0.000600
47437  -0.009100
47438  -0.006500
47439   0.005000
47440   0.006100
47441   0.007900
47442   0.000800
47443   0.006500
47444   0.008800
47445  -0.002800
47446   0.003800
47447   0.009700
47448   0.001400
47449  -0.000900
47450   0.006700
47451   0.003400
47452   0.007800
47453   0.007800
47454  -0.001000
47455  -0.008000
47456  -0.016200
47457  -0.014400
47458  -0.014900
47459  -0.015500
47460  -0.012700
47461   0.004100
47462   0.003900
47463   0.007600
47464   0.011300
47465   0.009500
47466   0.012800
47467   0.013900
47468   0.017600
47469   0.019700
47470   0.026500
47471   0.026800
47472   0.026000
47473   0.023200
47474   0.018600
47475   0.019100
47476   0.010800
47477   0.000800
47478  -0.003400
47479  -0.004400
47480  -0.003900
47481  -0.009000
47482  -0.000100
47483   0.000600
47484   0.006200
47485   0.009100
47486   0.006700
47487   0.006500
47488   0.007400
47489   0.003200
47490  -0.002300
47491  -0.000800
47492   0.000600
47493  -0.006900
47494  -0.001400
47495  -0.000700
47496   0.002000
47497   0.005600
47498   0.015000
47499   0.015000
47500   0.008400
47501   0.010800
47502   0.000700
47503   0.003100
47504   0.000500
47505   0.008600
47506   0.011500
47507   0.002100
47508  -0.002800
47509   0.007900
47510   0.001500
47511  -0.002600
47512  -0.003400
47513  -0.002100
47514  -0.002400
47515   0.002500
47516   0.002500
47517   0.011600
47518   0.006300
47519   0.006500
47520   0.005400
47521   0.003900
47522  -0.008800
47523  -0.011000
47524  -0.018800
47525  -0.021100
47526  -0.025900
47527  -0.037500
47528  -0.043300
47529  -0.043700
47530  -0.043900
47531  -0.044700
47532  -0.042000
47533  -0.039500
47534  -0.033400
47535  -0.031400
47536  -0.040100
47537  -0.033000
47538  -0.022300
47539  -0.026800
47540  -0.033700
47541  -0.040000
47542  -0.032900
47543  -0.018100
47544  -0.017400
47545  -0.017600
47546  -0.019300
47547  -0.005500
47548   0.011400
47549   0.004500
47550   0.000100
47551   0.013900
47552   0.018100
47553   0.017700
47554   0.023700
47555   0.033000
47556   0.031800
47557   0.032600
47558   0.035200
47559   0.024700
47560   0.032800
47561   0.045300
47562   0.043100
47563   0.044500
47564   0.039700
47565   0.038900
47566   0.037300
47567   0.040900
47568   0.041000
47569   0.046100
47570   0.036700
47571   0.021800
47572   0.028300
47573   0.028800
47574   0.031800
47575   0.027500
47576   0.031800
47577   0.036600
47578   0.039500
47579   0.036500
47580   0.035100
47581   0.033700
47582   0.021400
47583   0.019100
47584   0.029500
47585   0.031900
47586   0.024400
47587   0.023400
47588   0.022700
47589   0.034000
47590   0.032000
47591   0.023200
47592   0.036600
47593   0.037500
47594   0.041300
47595   0.041300
47596   0.045900
47597   0.050000
47598   0.049800
47599   0.054400
47600   0.065900
47601   0.058400
47602   0.054600
47603   0.058400
47604   0.056600
47605   0.045800
47606   0.041100
47607   0.040400
47608   0.047000
47609   0.051300
47610   0.053100
47611   0.051300
47612   0.052100
47613   0.057700
47614   0.055400
47615   0.067200
47616   0.055900
47617   0.053000
47618   0.056100
47619   0.065800
47620   0.065100
47621   0.068100
47622   0.057700
47623   0.049300
47624   0.048200
47625   0.050400
47626   0.048600
47627   0.046300
47628   0.039000
47629   0.039000
47630   0.031600
47631   0.037300
47632   0.034700
47633   0.045400
47634   0.042500
47635   0.047100
47636   0.042800
47637   0.036800
47638   0.037500
47639   0.036900
47640   0.033600
47641   0.030600
47642   0.022500
47643   0.031900
47644   0.025500
47645   0.023100
47646   0.029100
47647   0.026800
47648   0.021000
47649   0.031900
47650   0.013200
47651   0.017900
47652   0.021100
47653   0.033700
47654   0.051600
47655   0.047400
47656   0.051900
47657   0.044100
47658   0.042900
47659   0.036400
47660   0.029900
47661   0.030300
47662   0.035700
47663   0.023900
47664   0.031500
47665   0.034300
47666   0.036100
47667   0.024200
47668   0.027800
47669   0.025600
47670   0.021600
47671   0.017000
47672   0.010500
47673   0.013200
47674   0.020000
47675   0.021000
47676   0.014200
47677   0.017500
47678   0.007900
47679   0.014500
47680   0.002400
47681   0.014300
47682   0.015500
47683   0.020000
47684   0.020700
47685   0.019700
47686   0.017500
47687   0.019900
47688   0.018400
47689   0.023300
47690   0.036700
47691   0.039000
47692   0.038200
47693   0.040100
47694   0.040300
47695   0.034000
47696   0.024500
47697   0.025400
47698   0.032800
47699   0.029400
47700   0.022900
47701   0.023100
47702   0.025300
47703   0.032300
47704   0.040500
47705   0.038500
47706   0.045600
47707   0.035100
47708   0.035700
47709   0.028100
47710   0.029100
47711   0.026900
47712   0.020900
47713   0.020000
47714   0.022400
47715   0.021800
47716   0.024200
47717   0.020300
47718   0.020100
47719   0.030800
47720   0.032000
47721   0.039200
47722   0.030400
47723   0.027900
47724   0.023300
47725   0.024500
47726   0.021500
47727   0.027000
47728   0.021200
47729   0.023700
47730   0.026400
47731   0.021100
47732   0.027700
47733   0.020000
47734   0.015600
47735   0.015800
47736   0.017800
47737   0.010600
47738   0.013900
47739   0.021400
47740   0.015500
47741   0.024900
47742   0.017700
47743   0.019500
47744   0.019400
47745   0.015600
47746   0.013100
47747   0.018800
47748   0.019600
47749   0.022400
47750   0.015500
47751   0.022200
47752   0.026700
47753   0.041900
47754   0.044200
47755   0.042200
47756   0.045300
47757   0.032800
47758   0.021500
47759   0.017100
47760   0.011300
47761   0.014100
47762   0.000800
47763   0.001400
47764  -0.004500
47765  -0.005400
47766  -0.003800
47767   0.002300
47768  -0.006300
47769   0.002900
47770   0.000900
47771   0.001400
47772  -0.000800
47773   0.010200
47774   0.008100
47775   0.017600
47776   0.012800
47777   0.010000
47778   0.014600
47779   0.018900
47780   0.022700
47781   0.026300
47782   0.021700
47783   0.024200
47784   0.008000
47785   0.014700
47786   0.006000
47787   0.005300
47788   0.008700
47789   0.012400
47790   0.013100
47791   0.005700
47792  -0.000100
47793  -0.000900
47794  -0.004000
47795  -0.004400
47796  -0.013000
47797  -0.005300
47798  -0.005500
47799   0.006400
47800   0.010100
47801   0.001700
47802  -0.001000
47803  -0.002500
47804   0.007100
47805   0.014500
47806   0.021800
47807   0.021900
47808   0.013600
47809   0.020100
47810   0.005100
47811   0.014400
47812   0.022400
47813   0.013800
47814   0.015300
47815   0.017000
47816   0.003100
47817  -0.003100
47818  -0.007500
47819  -0.001100
47820   0.004400
47821   0.005300
47822   0.008100
47823   0.013900
47824   0.022700
47825   0.014800
47826   0.025300
47827   0.025500
47828   0.027200
47829   0.020900
47830   0.031400
47831   0.028100
47832   0.024800
47833   0.019600
47834   0.033900
47835   0.022300
47836   0.022700
47837   0.023300
47838   0.021600
47839   0.040700
47840   0.045900
47841   0.044900
47842   0.043500
47843   0.036300
47844   0.046500
47845   0.045700
47846   0.057600
47847   0.060200
47848   0.063600
47849   0.065500
47850   0.080400
47851   0.074900
47852   0.081700
47853   0.082100
47854   0.077800
47855   0.081200
47856   0.070900
47857   0.072300
47858   0.063100
47859   0.066500
47860   0.069300
47861   0.081700
47862   0.072700
47863   0.071100
47864   0.065800
47865   0.066700
47866   0.071400
47867   0.064000
47868   0.066500
47869   0.060300
47870   0.049200
47871   0.051700
47872   0.052800
47873   0.046800
47874   0.056800
47875   0.052800
47876   0.058600
47877   0.050400
47878   0.048200
47879   0.050700
47880   0.059600
47881   0.061400
47882   0.065200
47883   0.074300
47884   0.069000
47885   0.064800
47886   0.057900
47887   0.052400
47888   0.056400
47889   0.055600
47890   0.060700
47891   0.065600
47892   0.063100
47893   0.061600
47894   0.064900
47895   0.068400
47896   0.065200
47897   0.071600
47898   0.062600
47899   0.068400
47900   0.060700
47901   0.070200
47902   0.064300
47903   0.060900
47904   0.070600
47905   0.073300
47906   0.079000
47907   0.068200
47908   0.073300
47909   0.078000
47910   0.087000
47911   0.083500
47912   0.076100
47913   0.074600
47914   0.073200
47915   0.076400
47916   0.076700
47917   0.070400
47918   0.061600
47919   0.062000
47920   0.068000
47921   0.072700
47922   0.078300
47923   0.062900
47924   0.063100
47925   0.061000
47926   0.063500
47927   0.066600
47928   0.069000
47929   0.075000
47930   0.079200
47931   0.077100
47932   0.086100
47933   0.096900
47934   0.097200
47935   0.101400
47936   0.098700
47937   0.088600
47938   0.084200
47939   0.086400
47940   0.086400
47941   0.095400
47942   0.099500
47943   0.099500
47944   0.094900
47945   0.087700
47946   0.079100
47947   0.079000
47948   0.066900
47949   0.071200
47950   0.077800
47951   0.079800
47952   0.085300
47953   0.078400
47954   0.078000
47955   0.075400
47956   0.083300
47957   0.077200
47958   0.077200
47959   0.079500
47960   0.079600
47961   0.085100
47962   0.082500
47963   0.082600
47964   0.077500
47965   0.082900
47966   0.080400
47967   0.080900
47968   0.074500
47969   0.072000
47970   0.066900
47971   0.059300
47972   0.064900
47973   0.072400
47974   0.069300
47975   0.072000
47976   0.075100
47977   0.065700
47978   0.062500
47979   0.059000
47980   0.063800
47981   0.060100
47982   0.065100
47983   0.064000
47984   0.058800
47985   0.049600
47986   0.054300
47987   0.050500
47988   0.054700
47989   0.067100
47990   0.052600
47991   0.053500
47992   0.054900
47993   0.066200
47994   0.068000
47995   0.066600
47996   0.071300
47997   0.067000
47998   0.071200
47999   0.084400
48000   0.079400
48001   0.084100
48002   0.092900
48003   0.091200
48004   0.096900
48005   0.097000
48006   0.093900
48007   0.100100
48008   0.106400
48009   0.106500
48010   0.097200
48011   0.096700
48012   0.094600
48013   0.084100
48014   0.086100
48015   0.082200
48016   0.081300
48017   0.083700
48018   0.088900
48019   0.090600
48020   0.092700
48021   0.083100
48022   0.080000
48023   0.072400
48024   0.064700
48025   0.061600
48026   0.067100
48027   0.062400
48028   0.068800
48029   0.064600
48030   0.064200
48031   0.049600
48032   0.048600
48033   0.037800
48034   0.025000
48035   0.037300
48036   0.049000
48037   0.038000
48038   0.036500
48039   0.037200
48040   0.035600
48041   0.030500
48042   0.024700
48043   0.026300
48044   0.019900
48045   0.005100
48046   0.001100
48047   0.015200
48048   0.014800
48049   0.010500
48050   0.009700
48051   0.014400
48052   0.026500
48053   0.022300
48054   0.025800
48055   0.023400
48056   0.021300
48057   0.028500
48058   0.030100
48059   0.028600
48060   0.020900
48061   0.021000
48062   0.022200
48063   0.013500
48064   0.016500
48065   0.010500
48066   0.001700
48067   0.005600
48068   0.007000
48069   0.007500
48070   0.011600
48071   0.005300
48072  -0.002400
48073  -0.002500
48074   0.000700
48075  -0.009700
48076  -0.005900
48077   0.008200
48078   0.006000
48079   0.010600
48080  -0.006900
48081  -0.010900
48082  -0.014300
48083  -0.009000
48084  -0.013200
48085  -0.011400
48086  -0.005200
48087  -0.000500
48088  -0.002000
48089   0.008000
48090   0.013300
48091   0.028200
48092   0.027300
48093   0.021900
48094   0.014200
48095   0.015200
48096   0.021500
48097   0.018600
48098   0.015800
48099   0.007600
48100   0.009100
48101   0.007200
48102   0.006300
48103   0.016800
48104   0.014100
48105   0.011600
48106   0.013500
48107   0.010500
48108   0.019900
48109   0.020700
48110   0.022000
48111   0.025000
48112   0.015100
48113   0.015200
48114   0.015200
48115   0.011000
48116   0.021100
48117   0.020800
48118   0.014000
48119   0.029400
48120   0.033500
48121   0.035000
48122   0.036200
48123   0.032400
48124   0.032600
48125   0.033400
48126   0.029200
48127   0.021600
48128   0.030900
48129   0.024900
48130   0.028600
48131   0.010700
48132   0.014100
48133   0.012500
48134   0.008000
48135   0.003800
48136   0.021500
48137   0.028300
48138   0.023000
48139   0.022600
48140   0.021700
48141   0.013400
48142   0.013000
48143   0.017100
48144   0.014600
48145   0.015700
48146   0.022500
48147   0.023800
48148   0.016500
48149   0.017500
48150   0.023700
48151   0.021500
48152   0.024000
48153   0.022800
48154   0.025900
48155   0.029400
48156   0.023000
48157   0.008200
48158   0.011000
48159   0.017800
48160   0.018900
48161   0.013600
48162   0.019200
48163   0.014000
48164   0.007000
48165   0.012300
48166   0.017300
48167   0.009000
48168   0.000900
48169   0.003700
48170  -0.000300
48171   0.004800
48172   0.007400
48173   0.014300
48174   0.021500
48175   0.024400
48176   0.021000
48177   0.022100
48178   0.022900
48179   0.022700
48180   0.013600
48181   0.021900
48182   0.022800
48183   0.030300
48184   0.016300
48185   0.019900
48186   0.023500
48187   0.024500
48188   0.021500
48189   0.013000
48190   0.024300
48191   0.024700
48192   0.020700
48193   0.033500
48194   0.020300
48195   0.014000
48196   0.011300
48197   0.006300
48198   0.009200
48199   0.002200
48200   0.013600
48201   0.007600
48202   0.005900
48203   0.003200
48204   0.007500
48205   0.018600
48206   0.025900
48207   0.027000
48208   0.031300
48209   0.043100
48210   0.047600
48211   0.050300
48212   0.054600
48213   0.060500
48214   0.063600
48215   0.054000
48216   0.060200
48217   0.054800
48218   0.054100
48219   0.049200
48220   0.060600
48221   0.068100
48222   0.060600
48223   0.066500
48224   0.075700
48225   0.070800
48226   0.066700
48227   0.074700
48228   0.072400
48229   0.080300
48230   0.077800
48231   0.074500
48232   0.074800
48233   0.077200
48234   0.073400
48235   0.072600
48236   0.073800
48237   0.063000
48238   0.053100
48239   0.041600
48240   0.040800
48241   0.043200
48242   0.052300
48243   0.062600
48244   0.059400
48245   0.054700
48246   0.045800
48247   0.051000
48248   0.045200
48249   0.034800
48250   0.031200
48251   0.032000
48252   0.027500
48253   0.018700
48254   0.023900
48255   0.031800
48256   0.038800
48257   0.034800
48258   0.037000
48259   0.038700
48260   0.035600
48261   0.035400
48262   0.035500
48263   0.022500
48264   0.008600
48265   0.009600
48266   0.002700
48267   0.014300
48268   0.018200
48269   0.016300
48270   0.022300
48271   0.037200
48272   0.037800
48273   0.046500
48274   0.052700
48275   0.050900
48276   0.047800
48277   0.058500
48278   0.062800
48279   0.064400
48280   0.076100
48281   0.074400
48282   0.065600
48283   0.051400
48284   0.041900
48285   0.038500
48286   0.037900
48287   0.049500
48288   0.064900
48289   0.071200
48290   0.071000
48291   0.055500
48292   0.049800
48293   0.048700
48294   0.046400
48295   0.050900
48296   0.054000
48297   0.052600
48298   0.053000
48299   0.041200
48300   0.032800
48301   0.041300
48302   0.042700
48303   0.043900
48304   0.040500
48305   0.038000
48306   0.032800
48307   0.025700
48308   0.030200
48309   0.031400
48310   0.041300
48311   0.044000
48312   0.041800
48313   0.040200
48314   0.034400
48315   0.037900
48316   0.034300
48317   0.039800
48318   0.039100
48319   0.038700
48320   0.054200
48321   0.047200
48322   0.048300
48323   0.061800
48324   0.059100
48325   0.061600
48326   0.050200
48327   0.043500
48328   0.049100
48329   0.037700
48330   0.052200
48331   0.047300
48332   0.037200
48333   0.037700
48334   0.049000
48335   0.039400
48336   0.030000
48337   0.027500
48338   0.023400
48339   0.026600
48340   0.030700
48341   0.024600
48342   0.033700
48343   0.030800
48344   0.024000
48345   0.020700
48346   0.017800
48347   0.011500
48348   0.008000
48349   0.009700
48350   0.024700
48351   0.025700
48352   0.037700
48353   0.032300
48354   0.031200
48355   0.038800
48356   0.045000
48357   0.042900
48358   0.040100
48359   0.035100
48360   0.022500
48361   0.030900
48362   0.032800
48363   0.029900
48364   0.028100
48365   0.039800
48366   0.033600
48367   0.035200
48368   0.030200
48369   0.032200
48370   0.027700
48371   0.029700
48372   0.036100
48373   0.033200
48374   0.022800
48375   0.027600
48376   0.027500
48377   0.016200
48378   0.014600
48379   0.012400
48380   0.004900
48381  -0.000500
48382  -0.006400
48383  -0.003400
48384  -0.002700
48385  -0.005200
48386  -0.007200
48387  -0.006200
48388   0.000800
48389  -0.001100
48390   0.005400
48391   0.011500
48392   0.007700
48393   0.008500
48394   0.000300
48395   0.006500
48396   0.009800
48397   0.011000
48398   0.015000
48399   0.020500
48400   0.023500
48401   0.028000
48402   0.035000
48403   0.030500
48404   0.030700
48405   0.028600
48406   0.043100
48407   0.045100
48408   0.039000
48409   0.043600
48410   0.054800
48411   0.057500
48412   0.056800
48413   0.058300
48414   0.057200
48415   0.056500
48416   0.052100
48417   0.047500
48418   0.043200
48419   0.035000
48420   0.041200
48421   0.031000
48422   0.041100
48423   0.037700
48424   0.045300
48425   0.046800
48426   0.051500
48427   0.044000
48428   0.041600
48429   0.038900
48430   0.040700
48431   0.036000
48432   0.033700
48433   0.029900
48434   0.034900
48435   0.040600
48436   0.045300
48437   0.049900
48438   0.056400
48439   0.049800
48440   0.038800
48441   0.033700
48442   0.030200
48443   0.040900
48444   0.040400
48445   0.038700
48446   0.036400
48447   0.040700
48448   0.049100
48449   0.056500
48450   0.054800
48451   0.042500
48452   0.042900
48453   0.037800
48454   0.041700
48455   0.050700
48456   0.053900
48457   0.061300
48458   0.054400
48459   0.048800
48460   0.041700
48461   0.038900
48462   0.052600
48463   0.054200
48464   0.060000
48465   0.052000
48466   0.034800
48467   0.034500
48468   0.033000
48469   0.017100
48470   0.026700
48471   0.018900
48472   0.020100
48473   0.018200
48474   0.012900
48475   0.020900
48476   0.019700
48477   0.019200
48478   0.023100
48479   0.026400
48480   0.023900
48481   0.032700
48482   0.037400
48483   0.043500
48484   0.051600
48485   0.057200
48486   0.051800
48487   0.060300
48488   0.066700
48489   0.067400
48490   0.069300
48491   0.065200
48492   0.068200
48493   0.071300
48494   0.067200
48495   0.064500
48496   0.055300
48497   0.063900
48498   0.055800
48499   0.055600
48500   0.045200
48501   0.049800
48502   0.046200
48503   0.044700
48504   0.043100
48505   0.060100
48506   0.051600
48507   0.059600
48508   0.062300
48509   0.057900
48510   0.058900
48511   0.053000
48512   0.061900
48513   0.057900
48514   0.045800
48515   0.057200
48516   0.058300
48517   0.045700
48518   0.042200
48519   0.037700
48520   0.038400
48521   0.041100
48522   0.030900
48523   0.021000
48524   0.019500
48525   0.023300
48526   0.027300
48527   0.027300
48528   0.037100
48529   0.034700
48530   0.038700
48531   0.039700
48532   0.038800
48533   0.038500
48534   0.034000
48535   0.033000
48536   0.042600
48537   0.035000
48538   0.036100
48539   0.032500
48540   0.031600
48541   0.035400
48542   0.045400
48543   0.050500
48544   0.051100
48545   0.060000
48546   0.064400
48547   0.061900
48548   0.062000
48549   0.055600
48550   0.060700
48551   0.053100
48552   0.053800
48553   0.053400
48554   0.053800
48555   0.047800
48556   0.036100
48557   0.040000
48558   0.033700
48559   0.028900
48560   0.030000
48561   0.034500
48562   0.034900
48563   0.036300
48564   0.035600
48565   0.037400
48566   0.035700
48567   0.047100
48568   0.038900
48569   0.042000
48570   0.038400
48571   0.052900
48572   0.046700
48573   0.039600
48574   0.029700
48575   0.023600
48576   0.028200
48577   0.031600
48578   0.035200
48579   0.028900
48580   0.022200
48581   0.027400
48582   0.033700
48583   0.015000
48584   0.007600
48585   0.012500
48586   0.013200
48587   0.012000
48588   0.000000
48589   0.012500
48590   0.008500
48591   0.018000
48592   0.014700
48593   0.009600
48594   0.011500
48595   0.017200
48596   0.005200
48597  -0.005500
48598  -0.009200
48599  -0.005600
48600  -0.007400
48601  -0.007700
48602  -0.003900
48603  -0.005600
48604  -0.005800
48605  -0.006200
48606  -0.008000
48607  -0.016000
48608  -0.021000
48609  -0.018900
48610  -0.016800
48611  -0.017700
48612  -0.015400
48613  -0.013300
48614  -0.012100
48615  -0.004800
48616   0.005400
48617   0.012000
48618   0.009100
48619   0.006700
48620   0.011200
48621   0.018100
48622   0.022600
48623   0.017400
48624   0.022400
48625   0.023400
48626   0.038300
48627   0.038700
48628   0.033500
48629   0.039600
48630   0.048800
48631   0.060000
48632   0.055200
48633   0.062600
48634   0.060600
48635   0.069600
48636   0.070800
48637   0.072200
48638   0.082800
48639   0.075400
48640   0.079800
48641   0.074200
48642   0.072700
48643   0.076200
48644   0.072900
48645   0.079000
48646   0.073800
48647   0.068100
48648   0.075800
48649   0.084600
48650   0.086400
48651   0.077500
48652   0.081400
48653   0.086800
48654   0.093100
48655   0.092700
48656   0.090400
48657   0.091800
48658   0.086900
48659   0.084500
48660   0.083200
48661   0.081000
48662   0.062700
48663   0.067700
48664   0.068200
48665   0.067200
48666   0.065400
48667   0.065900
48668   0.062300
48669   0.053600
48670   0.041600
48671   0.039800
48672   0.040400
48673   0.045800
48674   0.042600
48675   0.041200
48676   0.037300
48677   0.042600
48678   0.039000
48679   0.042200
48680   0.033900
48681   0.033300
48682   0.034500
48683   0.030300
48684   0.029700
48685   0.025200
48686   0.031000
48687   0.023800
48688   0.020700
48689   0.012000
48690   0.017600
48691   0.019100
48692   0.022800
48693   0.019400
48694   0.009700
48695   0.016300
48696   0.019000
48697   0.022600
48698   0.022600
48699   0.012900
48700   0.015800
48701   0.015200
48702   0.007700
48703   0.001400
48704  -0.001800
48705  -0.001400
48706   0.005700
48707   0.001400
48708  -0.005400
48709  -0.015300
48710  -0.017300
48711  -0.013900
48712  -0.012400
48713  -0.016200
48714  -0.008000
48715  -0.015000
48716  -0.019600
48717  -0.021100
48718  -0.016300
48719  -0.017000
48720  -0.026400
48721  -0.027700
48722  -0.018000
48723  -0.017100
48724  -0.018700
48725  -0.014000
48726  -0.001500
48727   0.006100
48728   0.003200
48729   0.007400
48730   0.007300
48731   0.020000
48732   0.015400
48733   0.020600
48734   0.020900
48735   0.020600
48736   0.018400
48737   0.020900
48738   0.010800
48739   0.006000
48740  -0.006300
48741  -0.004000
48742   0.001000
48743   0.001700
48744   0.008700
48745   0.020400
48746   0.023400
48747   0.026200
48748   0.025100
48749   0.021300
48750   0.024100
48751   0.016900
48752   0.014800
48753   0.009200
48754   0.010000
48755  -0.009200
48756  -0.013400
48757  -0.012300
48758  -0.002300
48759  -0.010400
48760  -0.005100
48761  -0.017600
48762  -0.021400
48763  -0.020200
48764  -0.016700
48765  -0.011200
48766  -0.019500
48767  -0.019900
48768  -0.024300
48769  -0.030900
48770  -0.019700
48771  -0.029500
48772  -0.021700
48773  -0.038100
48774  -0.033700
48775  -0.037900
48776  -0.042100
48777  -0.046600
48778  -0.048300
48779  -0.045100
48780  -0.049000
48781  -0.048800
48782  -0.051800
48783  -0.046300
48784  -0.037600
48785  -0.027500
48786  -0.015300
48787  -0.024100
48788  -0.025300
48789  -0.019900
48790  -0.011000
48791  -0.014500
48792  -0.019400
48793  -0.024500
48794  -0.020400
48795  -0.017300
48796  -0.006700
48797  -0.002700
48798   0.001300
48799   0.011400
48800   0.014600
48801   0.020600
48802   0.027500
48803   0.031300
48804   0.023900
48805   0.023600
48806   0.030900
48807   0.024300
48808   0.022900
48809   0.025400
48810   0.026800
48811   0.024600
48812   0.022100
48813   0.022900
48814   0.020800
48815   0.014800
48816   0.016800
48817   0.016700
48818   0.013300
48819   0.008700
48820   0.009300
48821   0.012900
48822   0.006600
48823  -0.003200
48824   0.000900
48825   0.002600
48826  -0.000500
48827  -0.003300
48828  -0.003100
48829  -0.008000
48830  -0.000000
48831   0.003400
48832  -0.003500
48833   0.004300
48834  -0.003700
48835  -0.000100
48836   0.002600
48837  -0.007700
48838  -0.004500
48839   0.003500
48840  -0.002600
48841  -0.001000
48842  -0.006500
48843  -0.022700
48844  -0.024800
48845  -0.016200
48846  -0.009100
48847  -0.013400
48848  -0.004500
48849   0.001700
48850   0.003800
48851  -0.000300
48852  -0.006500
48853  -0.013100
48854  -0.013300
48855  -0.012500
48856  -0.010800
48857  -0.009700
48858  -0.005300
48859   0.001200
48860  -0.000200
48861   0.003100
48862   0.009600
48863   0.009100
48864   0.010800
48865   0.012100
48866  -0.000600
48867  -0.004200
48868  -0.005400
48869  -0.000700
48870  -0.002300
48871  -0.005800
48872  -0.018300
48873  -0.019300
48874  -0.003000
48875   0.000500
48876  -0.003300
48877  -0.002300
48878  -0.013800
48879  -0.013500
48880   0.004600
48881   0.003400
48882   0.002800
48883   0.001200
48884   0.007400
48885   0.011000
48886   0.012000
48887   0.004600
48888   0.012100
48889   0.010400
48890   0.018800
48891   0.013500
48892   0.005800
48893  -0.000900
48894  -0.000500
48895  -0.010700
48896  -0.009400
48897  -0.016400
48898  -0.021800
48899  -0.007000
48900  -0.001200
48901  -0.006700
48902  -0.000500
48903   0.005000
48904   0.009200
48905   0.004600
48906   0.010400
48907   0.014000
48908   0.022900
48909   0.029500
48910   0.026700
48911   0.022500
48912   0.026900
48913   0.015200
48914   0.022500
48915   0.028200
48916   0.034600
48917   0.030300
48918   0.027500
48919   0.020500
48920   0.025000
48921   0.011800
48922   0.015900
48923   0.010900
48924   0.015300
48925   0.010500
48926   0.009700
48927   0.006400
48928   0.010800
48929   0.019900
48930   0.021000
48931   0.011200
48932   0.017000
48933   0.006800
48934   0.000800
48935   0.002900
48936   0.000300
48937  -0.003800
48938  -0.000700
48939  -0.002100
48940   0.004400
48941   0.003300
48942   0.002100
48943  -0.007700
48944  -0.007600
48945  -0.012200
48946  -0.013400
48947  -0.015000
48948  -0.020800
48949  -0.023600
48950  -0.020000
48951  -0.031300
48952  -0.029600
48953  -0.027900
48954  -0.033000
48955  -0.029600
48956  -0.040100
48957  -0.040300
48958  -0.029000
48959  -0.021200
48960  -0.020500
48961  -0.012600
48962  -0.018200
48963  -0.016300
48964  -0.020200
48965  -0.032000
48966  -0.032900
48967  -0.020600
48968  -0.023100
48969  -0.022800
48970  -0.017300
48971  -0.005100
48972  -0.011900
48973  -0.017400
48974  -0.018100
48975  -0.018800
48976  -0.017700
48977  -0.022000
48978  -0.023000
48979  -0.027900
48980  -0.025300
48981  -0.031900
48982  -0.043100
48983  -0.054100
48984  -0.051200
48985  -0.047700
48986  -0.034000
48987  -0.034700
48988  -0.033300
48989  -0.046100
48990  -0.031400
48991  -0.027900
48992  -0.034500
48993  -0.044400
48994  -0.041400
48995  -0.038000
48996  -0.031000
48997  -0.032200
48998  -0.034100
48999  -0.025100
49000  -0.033500
49001  -0.026900
49002  -0.023700
49003  -0.023400
49004  -0.036000
49005  -0.031100
49006  -0.046200
49007  -0.048800
49008  -0.046600
49009  -0.046600
49010  -0.039400
49011  -0.050900
49012  -0.050100
49013  -0.046200
49014  -0.040300
49015  -0.042400
49016  -0.045000
49017  -0.039300
49018  -0.045100
49019  -0.052200
49020  -0.042700
49021  -0.034500
49022  -0.022800
49023  -0.019800
49024  -0.018600
49025  -0.022000
49026  -0.010000
49027  -0.014300
49028  -0.004400
49029  -0.002900
49030  -0.009000
49031   0.003300
49032   0.007800
49033   0.005100
49034   0.008100
49035   0.011800
49036   0.011700
49037   0.004000
49038   0.007200
49039   0.015900
49040   0.019900
49041   0.020000
49042   0.016800
49043   0.020300
49044   0.024400
49045   0.026400
49046   0.040600
49047   0.036900
49048   0.029700
49049   0.032600
49050   0.033800
49051   0.041500
49052   0.045300
49053   0.048500
49054   0.046400
49055   0.038400
49056   0.026300
49057   0.020800
49058   0.015700
49059   0.018100
49060   0.011800
49061   0.010300
49062   0.001800
49063   0.001000
49064   0.004800
49065   0.006600
49066  -0.001000
49067   0.002400
49068  -0.005600
49069  -0.003900
49070   0.001000
49071   0.015900
49072   0.017600
49073   0.015800
49074   0.026300
49075   0.029200
49076   0.018300
49077   0.013000
49078   0.014800
49079   0.020700
49080   0.017200
49081   0.019200
49082   0.012500
49083   0.022600
49084   0.021800
49085   0.018800
49086   0.006700
49087   0.015400
49088   0.020200
49089   0.019500
49090   0.007900
49091   0.006600
49092   0.014600
49093   0.012000
49094   0.001900
49095   0.003800
49096  -0.002000
49097   0.003300
49098  -0.003100
49099  -0.000100
49100  -0.006700
49101  -0.024600
49102  -0.021800
49103  -0.021600
49104  -0.017600
49105  -0.014700
49106  -0.004200
49107  -0.011900
49108  -0.014700
49109  -0.006400
49110  -0.006700
49111  -0.000900
49112  -0.003200
49113   0.013600
49114   0.025600
49115   0.022100
49116   0.018000
49117   0.015100
49118   0.014700
49119   0.019300
49120   0.016600
49121   0.015100
49122   0.012500
49123   0.009400
49124   0.004200
49125   0.015400
49126   0.013400
49127   0.009300
49128   0.002800
49129   0.000100
49130  -0.007600
49131  -0.011900
49132  -0.003100
49133   0.002300
49134   0.012200
49135   0.017500
49136   0.024200
49137   0.019000
49138   0.019100
49139   0.006900
49140   0.009900
49141   0.010700
49142   0.003500
49143  -0.004900
49144  -0.011500
49145  -0.013000
49146  -0.026300
49147  -0.030100
49148  -0.022900
49149  -0.018800
49150  -0.026600
49151  -0.019000
49152  -0.025600
49153  -0.018300
49154  -0.022400
49155  -0.021600
49156  -0.006700
49157   0.004800
49158   0.000700
49159   0.003700
49160  -0.006200
49161   0.000300
49162   0.000800
49163   0.002300
49164  -0.001700
49165  -0.003500
49166  -0.009700
49167  -0.018500
49168  -0.020400
49169  -0.014100
49170  -0.014300
49171  -0.010200
49172  -0.009200
49173  -0.007600
49174   0.001000
49175  -0.003500
49176   0.008600
49177   0.015900
49178   0.020900
49179   0.026100
49180   0.026400
49181   0.024700
49182   0.019300
49183   0.018000
49184   0.005200
49185   0.010100
49186   0.010600
49187   0.009600
49188   0.010700
49189   0.010600
49190   0.008100
49191   0.002300
49192   0.002200
49193   0.004400
49194   0.015100
49195   0.002100
49196   0.003000
49197  -0.004800
49198   0.000600
49199   0.004700
49200   0.005600
49201   0.013200
49202   0.015000
49203   0.014100
49204   0.005400
49205   0.012100
49206   0.006300
49207   0.000600
49208   0.003200
49209  -0.001400
49210   0.004200
49211  -0.009500
49212  -0.010900
49213  -0.004800
49214  -0.005000
49215  -0.005400
49216  -0.009600
49217  -0.010600
49218  -0.009800
49219  -0.007400
49220  -0.002800
49221  -0.001900
49222  -0.005900
49223  -0.007700
49224  -0.008700
49225   0.000800
49226   0.008400
49227   0.010100
49228   0.005200
49229   0.006700
49230  -0.000300
49231  -0.005400
49232  -0.015200
49233  -0.004100
49234  -0.005000
49235   0.008500
49236   0.010400
49237   0.023200
49238   0.027600
49239   0.037400
49240   0.043000
49241   0.033200
49242   0.035800
49243   0.034800
49244   0.045800
49245   0.047100
49246   0.047700
49247   0.056100
49248   0.056700
49249   0.057700
49250   0.053200
49251   0.051100
49252   0.036100
49253   0.033000
49254   0.038200
49255   0.039900
49256   0.044300
49257   0.044200
49258   0.038800
49259   0.043500
49260   0.036300
49261   0.030800
49262   0.029500
49263   0.025000
49264   0.023400
49265   0.032000
49266   0.024500
49267   0.025000
49268   0.024800
49269   0.022500
49270   0.020400
49271   0.011000
49272   0.012600
49273   0.013900
49274   0.023300
49275   0.040000
49276   0.034500
49277   0.040500
49278   0.042700
49279   0.051300
49280   0.044000
49281   0.039600
49282   0.035700
49283   0.037000
49284   0.040400
49285   0.045200
49286   0.042300
49287   0.040900
49288   0.046700
49289   0.043600
49290   0.043600
49291   0.052100
49292   0.052400
49293   0.048500
49294   0.045700
49295   0.043800
49296   0.048300
49297   0.049400
49298   0.049800
49299   0.051000
49300   0.050600
49301   0.047900
49302   0.042500
49303   0.034300
49304   0.032800
49305   0.031500
49306   0.035200
49307   0.035100
49308   0.030700
49309   0.021300
49310   0.008400
49311   0.016400
49312   0.013900
49313   0.018600
49314   0.011500
49315   0.006600
49316   0.013200
49317   0.009800
49318   0.014100
49319   0.012600
49320   0.008300
49321   0.007200
49322   0.009500
49323   0.016500
49324  -0.001800
49325   0.005100
49326   0.022200
49327   0.020700
49328   0.030200
49329   0.035000
49330   0.023700
49331   0.020900
49332   0.024900
49333   0.030800
49334   0.037000
49335   0.032300
49336   0.031200
49337   0.023100
49338   0.032600
49339   0.034800
49340   0.033900
49341   0.037200
49342   0.047000
49343   0.059100
49344   0.054600
49345   0.050200
49346   0.051400
49347   0.049800
49348   0.053200
49349   0.055800
49350   0.056300
49351   0.059800
49352   0.059200
49353   0.061000
49354   0.065500
49355   0.062400
49356   0.061500
49357   0.058200
49358   0.061100
49359   0.056000
49360   0.046700
49361   0.049300
49362   0.046300
49363   0.051800
49364   0.045400
49365   0.043100
49366   0.044700
49367   0.033500
49368   0.039800
49369   0.048600
49370   0.047300
49371   0.042900
49372   0.039200
49373   0.042000
49374   0.031300
49375   0.039700
49376   0.047600
49377   0.050200
49378   0.045900
49379   0.056300
49380   0.050300
49381   0.041700
49382   0.039500
49383   0.033700
49384   0.041400
49385   0.041900
49386   0.044700
49387   0.063100
49388   0.062600
49389   0.057300
49390   0.057300
49391   0.060000
49392   0.061700
49393   0.059000
49394   0.061600
49395   0.063700
49396   0.077300
49397   0.083400
49398   0.075200
49399   0.066300
49400   0.056000
49401   0.073900
49402   0.061300
49403   0.063300
49404   0.061200
49405   0.063700
49406   0.068900
49407   0.062300
49408   0.054300
49409   0.061700
49410   0.075600
49411   0.079400
49412   0.075700
49413   0.072500
49414   0.085400
49415   0.081600
49416   0.082300
49417   0.081900
49418   0.073900
49419   0.064000
49420   0.064300
49421   0.054500
49422   0.060200
49423   0.047600
49424   0.046100
49425   0.046900
49426   0.052500
49427   0.047300
49428   0.058500
49429   0.061700
49430   0.055900
49431   0.053700
49432   0.054800
49433   0.055400
49434   0.049800
49435   0.048400
49436   0.055900
49437   0.049800
49438   0.042800
49439   0.049900
49440   0.049900
49441   0.054200
49442   0.063600
49443   0.044800
49444   0.044300
49445   0.055100
49446   0.057300
49447   0.050800
49448   0.055700
49449   0.053400
49450   0.053900
49451   0.052700
49452   0.045100
49453   0.039300
49454   0.042500
49455   0.030100
49456   0.022600
49457   0.030200
49458   0.031600
49459   0.023400
49460   0.015100
49461   0.010300
49462   0.018500
49463   0.021100
49464   0.030200
49465   0.017200
49466   0.005700
49467   0.004300
49468   0.014100
49469   0.031700
49470   0.026900
49471   0.017700
49472   0.002500
49473   0.007400
49474   0.002200
49475   0.002300
49476   0.015500
49477   0.025300
49478   0.020200
49479   0.022300
49480   0.019300
49481   0.022900
49482   0.026400
49483   0.025000
49484   0.022800
49485   0.014800
49486   0.022000
49487   0.008200
49488   0.004900
49489  -0.004100
49490  -0.014000
49491  -0.006200
49492  -0.003900
49493  -0.009400
49494  -0.006300
49495  -0.006200
49496  -0.000400
49497   0.002300
49498  -0.011900
49499  -0.004800
49500   0.001600
49501  -0.001400
49502  -0.003000
49503   0.004100
49504  -0.000800
49505  -0.001300
49506   0.003400
49507   0.007900
49508   0.006600
49509   0.018000
49510   0.018700
49511   0.017400
49512   0.033200
49513   0.028500
49514   0.036400
49515   0.034200
49516   0.034500
49517   0.027600
49518   0.027300
49519   0.027600
49520   0.026700
49521   0.019000
49522   0.022300
49523   0.023000
49524   0.024200
49525   0.012400
49526   0.014500
49527   0.027200
49528   0.028100
49529   0.032900
49530   0.037000
49531   0.035000
49532   0.036000
49533   0.026400
49534   0.021600
49535   0.008900
49536   0.015400
49537   0.019000
49538   0.030400
49539   0.026000
49540   0.036800
49541   0.043200
49542   0.041300
49543   0.045100
49544   0.057800
49545   0.056200
49546   0.065300
49547   0.070000
49548   0.063200
49549   0.065600
49550   0.061800
49551   0.053300
49552   0.050000
49553   0.055300
49554   0.047500
49555   0.036700
49556   0.030400
49557   0.027600
49558   0.035800
49559   0.035800
49560   0.035500
49561   0.042800
49562   0.052900
49563   0.045200
49564   0.032000
49565   0.032900
49566   0.031600
49567   0.031100
49568   0.038600
49569   0.037100
49570   0.023900
49571   0.018700
49572   0.020200
49573   0.018500
49574   0.016200
49575   0.012500
49576   0.012700
49577   0.008000
49578   0.007900
49579   0.005000
49580  -0.012100
49581  -0.008000
49582  -0.008800
49583  -0.008000
49584  -0.006100
49585  -0.011700
49586  -0.019200
49587  -0.011900
49588  -0.021000
49589  -0.032200
49590  -0.030500
49591  -0.031100
49592  -0.020500
49593  -0.016800
49594  -0.010400
49595  -0.015700
49596  -0.023200
49597  -0.017600
49598  -0.008600
49599  -0.008700
49600  -0.007600
49601  -0.006500
49602  -0.002800
49603   0.000400
49604   0.005100
49605   0.000900
49606   0.007400
49607   0.008300
49608   0.015600
49609   0.019600
49610   0.019300
49611   0.029100
49612   0.027400
49613   0.046700
49614   0.040700
49615   0.031300
49616   0.027700
49617   0.021100
49618   0.014400
49619   0.016700
49620   0.014600
49621   0.004500
49622   0.005600
49623   0.004600
49624   0.009300
49625   0.009400
49626   0.016500
49627   0.014300
49628   0.015900
49629   0.013100
49630   0.017500
49631   0.030900
49632   0.036000
49633   0.035800
49634   0.035000
49635   0.027300
49636   0.027600
49637   0.024700
49638   0.015200
49639   0.029900
49640   0.037800
49641   0.036500
49642   0.030300
49643   0.033300
49644   0.034500
49645   0.044100
49646   0.048800
49647   0.043200
49648   0.040900
49649   0.041300
49650   0.032700
49651   0.037700
49652   0.036300
49653   0.034700
49654   0.016500
49655   0.019100
49656   0.021600
49657   0.019600
49658   0.014900
49659   0.018900
49660   0.018800
49661   0.014400
49662   0.014000
49663   0.011900
49664   0.021300
49665   0.026000
49666   0.021200
49667   0.019800
49668   0.024800
49669   0.021600
49670   0.018600
49671   0.010300
49672   0.016100
49673   0.006800
49674   0.006600
49675  -0.002400
49676   0.003000
49677   0.001900
49678  -0.010000
49679   0.000200
49680   0.008000
49681   0.004500
49682  -0.002300
49683  -0.007300
49684  -0.013300
49685  -0.000500
49686   0.007500
49687   0.001100
49688  -0.019000
49689  -0.009200
49690   0.000100
49691  -0.001100
49692  -0.007700
49693  -0.013300
49694  -0.010400
49695  -0.003700
49696  -0.002400
49697   0.011500
49698   0.002400
49699  -0.002100
49700  -0.001300
49701   0.004300
49702   0.004800
49703  -0.006300
49704  -0.003900
49705  -0.000400
49706   0.002200
49707   0.002400
49708  -0.002200
49709  -0.001300
49710   0.003700
49711  -0.002800
49712  -0.005600
49713   0.017100
49714   0.013700
49715   0.017100
49716   0.009500
49717   0.004000
49718   0.009400
49719   0.011800
49720   0.018400
49721   0.024100
49722   0.017100
49723   0.018100
49724   0.023600
49725   0.015000
49726   0.013600
49727   0.000600
49728   0.003000
49729   0.008600
49730   0.017800
49731   0.019400
49732   0.013600
49733   0.010300
49734   0.014800
49735   0.010700
49736   0.017600
49737   0.021700
49738   0.019200
49739   0.023500
49740   0.022100
49741   0.030200
49742   0.035400
49743   0.037600
49744   0.043000
49745   0.030600
49746   0.035900
49747   0.032000
49748   0.028600
49749   0.027100
49750   0.031100
49751   0.037600
49752   0.037800
49753   0.028700
49754   0.028000
49755   0.037300
49756   0.034100
49757   0.045800
49758   0.032900
49759   0.035200
49760   0.029700
49761   0.021600
49762   0.014200
49763   0.011300
49764   0.002000
49765  -0.002500
49766  -0.006200
49767  -0.004700
49768  -0.008600
49769  -0.017000
49770  -0.023700
49771  -0.021800
49772  -0.017100
49773  -0.012800
49774  -0.015700
49775  -0.016200
49776  -0.018100
49777  -0.015700
49778  -0.023800
49779  -0.030100
49780  -0.031800
49781  -0.025500
49782  -0.017700
49783  -0.010200
49784  -0.023700
49785  -0.018500
49786  -0.020700
49787  -0.018700
49788  -0.023500
49789  -0.019700
49790  -0.020300
49791  -0.018200
49792  -0.023100
49793  -0.018800
49794  -0.012300
49795  -0.013000
49796  -0.010100
49797   0.002700
49798  -0.000200
49799  -0.008100
49800  -0.021300
49801  -0.016300
49802  -0.015500
49803  -0.007500
49804  -0.001500
49805  -0.001100
49806  -0.003100
49807  -0.005000
49808  -0.002800
49809  -0.001600
49810  -0.001400
49811  -0.003000
49812  -0.006900
49813  -0.006800
49814   0.002700
49815   0.002500
49816   0.005500
49817   0.007900
49818   0.004900
49819  -0.006500
49820  -0.002600
49821   0.003100
49822   0.002600
49823   0.006600
49824  -0.002800
49825  -0.006500
49826  -0.006900
49827  -0.017200
49828  -0.017200
49829  -0.018400
49830  -0.016400
49831  -0.025000
49832  -0.033700
49833  -0.022500
49834  -0.016800
49835  -0.009300
49836  -0.002800
49837  -0.002200
49838  -0.006800
49839  -0.007100
49840  -0.008000
49841  -0.009600
49842  -0.017000
49843  -0.016300
49844  -0.015100
49845  -0.007200
49846  -0.012800
49847  -0.009300
49848  -0.009500
49849  -0.012700
49850  -0.013600
49851  -0.015400
49852  -0.008400
49853  -0.011000
49854  -0.007200
49855  -0.000700
49856  -0.002800
49857   0.011000
49858   0.010000
49859   0.015000
49860   0.008800
49861  -0.000900
49862   0.002700
49863   0.002500
49864   0.004000
49865  -0.003800
49866   0.001600
49867  -0.004300
49868  -0.011100
49869  -0.009900
49870   0.003600
49871  -0.000800
49872  -0.011400
49873  -0.001600
49874  -0.014300
49875  -0.018500
49876  -0.024500
49877  -0.009000
49878  -0.001800
49879  -0.009100
49880   0.002400
49881   0.004400
49882   0.009900
49883   0.007100
49884   0.009500
49885   0.004000
49886   0.020000
49887   0.029000
49888   0.029200
49889   0.025900
49890   0.015100
49891   0.012400
49892   0.010200
49893   0.014300
49894   0.022300
49895   0.016200
49896   0.016000
49897   0.004900
49898   0.002700
49899  -0.003600
49900  -0.010400
49901  -0.014200
49902  -0.006000
49903  -0.005900
49904  -0.004500
49905  -0.010200
49906  -0.000300
49907   0.008200
49908   0.000300
49909   0.002900
49910  -0.006200
49911  -0.010100
49912  -0.000800
49913   0.000000
49914   0.002800
49915   0.012000
49916   0.009100
49917   0.003000
49918  -0.003200
49919  -0.003100
49920  -0.006800
49921   0.000100
49922   0.004900
49923  -0.001300
49924  -0.005100
49925   0.004700
49926  -0.005200
49927   0.000900
49928   0.004900
49929   0.005400
49930   0.008500
49931   0.015700
49932   0.018400
49933   0.026900
49934   0.025600
49935   0.016600
49936   0.020200
49937   0.020800
49938   0.016400
49939   0.016400
49940   0.011300
49941  -0.008200
49942  -0.012900
49943  -0.024000
49944  -0.019900
49945  -0.014100
49946  -0.019600
49947  -0.023900
49948  -0.010600
49949  -0.013600
49950  -0.015200
49951  -0.015300
49952  -0.018200
49953  -0.002900
49954  -0.004000
49955   0.004800
49956  -0.004600
49957  -0.011000
49958  -0.017700
49959  -0.009300
49960  -0.008200
49961  -0.012200
49962  -0.012200
49963  -0.011600
49964  -0.004000
49965  -0.008700
49966  -0.013400
49967  -0.021400
49968  -0.007800
49969  -0.008200
49970  -0.005500
49971   0.010500
49972   0.012800
49973   0.018100
49974   0.015000
49975   0.009400
49976   0.012100
49977   0.011600
49978   0.015700
49979   0.007800
49980   0.007600
49981   0.010300
49982   0.019100
49983   0.025500
49984   0.025900
49985   0.024000
49986   0.008200
49987   0.010900
49988   0.017300
49989   0.014700
49990   0.028700
49991   0.029800
49992   0.025400
49993   0.029800
49994   0.029900
49995   0.033200
49996   0.030900
49997   0.037000
49998   0.042000
49999   0.059200
