0  -0.082400
1  -0.081500
2  -0.082000
3  -0.080900
4  -0.081800
5  -0.081000
6  -0.081000
7  -0.082200
8  -0.082900
9  -0.082900
10  -0.082100
11  -0.080100
12  -0.081200
13  -0.082100
14  -0.082600
15  -0.083000
16  -0.082100
17  -0.082700
18  -0.081000
19  -0.082000
20  -0.082700
21  -0.081700
22  -0.083700
23  -0.083300
24  -0.084500
25  -0.083500
26  -0.083800
27  -0.082100
28  -0.080600
29  -0.080500
30  -0.081600
31  -0.082900
32  -0.081600
33  -0.080800
34  -0.080200
35  -0.082000
36  -0.081600
37  -0.082300
38  -0.082700
39  -0.084200
40  -0.084700
41  -0.085400
42  -0.086300
43  -0.087400
44  -0.088000
45  -0.086900
46  -0.086500
47  -0.087400
48  -0.089300
49  -0.089200
50  -0.089300
51  -0.087600
52  -0.087400
53  -0.085100
54  -0.084900
55  -0.084700
56  -0.083600
57  -0.083100
58  -0.082600
59  -0.082900
60  -0.083200
61  -0.084500
62  -0.084200
63  -0.085700
64  -0.085500
65  -0.088700
66  -0.089500
67  -0.088100
68  -0.089600
69  -0.090800
70  -0.091300
71  -0.090500
72  -0.091600
73  -0.092200
74  -0.091800
75  -0.092300
76  -0.091300
77  -0.090700
78  -0.089900
79  -0.088900
80  -0.090100
81  -0.087200
82  -0.087400
83  -0.086900
84  -0.088800
85  -0.089700
86  -0.088600
87  -0.087200
88  -0.088100
89  -0.088600
90  -0.090500
91  -0.091200
92  -0.090100
93  -0.091100
94  -0.091700
95  -0.093300
96  -0.093500
97  -0.092200
98  -0.092000
99  -0.092300
100  -0.093100
101  -0.091900
102  -0.092300
103  -0.093100
104  -0.092500
105  -0.092900
106  -0.094000
107  -0.094000
108  -0.092400
109  -0.093600
110  -0.093800
111  -0.092700
112  -0.092400
113  -0.094000
114  -0.095600
115  -0.095500
116  -0.095300
117  -0.095800
118  -0.095500
119  -0.095700
120  -0.096900
121  -0.095900
122  -0.096300
123  -0.096800
124  -0.096300
125  -0.096400
126  -0.097200
127  -0.096600
128  -0.095300
129  -0.094000
130  -0.094100
131  -0.094300
132  -0.093500
133  -0.094900
134  -0.095100
135  -0.096700
136  -0.096600
137  -0.096400
138  -0.097400
139  -0.097800
140  -0.098600
141  -0.098000
142  -0.099500
143  -0.100600
144  -0.100400
145  -0.100300
146  -0.100000
147  -0.098700
148  -0.098700
149  -0.098200
150  -0.097800
151  -0.098100
152  -0.099100
153  -0.099300
154  -0.098800
155  -0.099800
156  -0.099600
157  -0.098600
158  -0.100700
159  -0.101900
160  -0.103000
161  -0.102700
162  -0.102700
163  -0.101900
164  -0.101300
165  -0.101100
166  -0.101700
167  -0.100900
168  -0.101500
169  -0.101600
170  -0.100400
171  -0.100900
172  -0.101400
173  -0.102800
174  -0.102900
175  -0.103700
176  -0.105000
177  -0.107200
178  -0.107700
179  -0.107400
180  -0.106400
181  -0.106400
182  -0.106800
183  -0.104900
184  -0.104600
185  -0.104900
186  -0.104800
187  -0.102700
188  -0.103500
189  -0.102700
190  -0.103400
191  -0.103700
192  -0.103200
193  -0.102200
194  -0.101000
195  -0.101100
196  -0.102600
197  -0.102300
198  -0.100400
199  -0.100300
200  -0.100500
201  -0.101600
202  -0.100800
203  -0.102100
204  -0.101500
205  -0.099900
206  -0.099700
207  -0.099300
208  -0.099500
209  -0.100000
210  -0.101400
211  -0.101400
212  -0.102200
213  -0.104100
214  -0.102800
215  -0.102400
216  -0.101300
217  -0.100200
218  -0.100900
219  -0.101100
220  -0.101000
221  -0.102100
222  -0.100900
223  -0.100600
224  -0.100200
225  -0.099200
226  -0.098800
227  -0.098900
228  -0.099900
229  -0.098000
230  -0.100000
231  -0.100400
232  -0.101200
233  -0.102300
234  -0.104100
235  -0.103200
236  -0.105200
237  -0.104800
238  -0.105300
239  -0.104400
240  -0.104500
241  -0.103500
242  -0.104200
243  -0.103300
244  -0.105100
245  -0.106100
246  -0.106600
247  -0.106600
248  -0.107400
249  -0.107500
250  -0.108300
251  -0.108900
252  -0.109500
253  -0.110200
254  -0.109200
255  -0.110000
256  -0.109900
257  -0.109600
258  -0.107400
259  -0.108200
260  -0.108900
261  -0.108900
262  -0.108800
263  -0.109400
264  -0.110300
265  -0.111200
266  -0.110200
267  -0.110500
268  -0.111100
269  -0.109500
270  -0.111500
271  -0.112800
272  -0.114800
273  -0.116000
274  -0.116500
275  -0.115900
276  -0.116200
277  -0.115200
278  -0.115200
279  -0.116000
280  -0.115200
281  -0.113900
282  -0.114800
283  -0.114500
284  -0.115100
285  -0.117000
286  -0.118100
287  -0.117100
288  -0.117000
289  -0.117300
290  -0.115800
291  -0.115300
292  -0.116600
293  -0.115800
294  -0.115500
295  -0.115000
296  -0.114300
297  -0.114400
298  -0.116800
299  -0.116900
300  -0.114500
301  -0.114600
302  -0.115400
303  -0.116900
304  -0.117300
305  -0.117200
306  -0.118400
307  -0.117400
308  -0.118200
309  -0.118200
310  -0.118600
311  -0.118700
312  -0.117400
313  -0.118500
314  -0.117600
315  -0.117000
316  -0.117900
317  -0.116200
318  -0.115400
319  -0.115800
320  -0.115300
321  -0.115400
322  -0.117600
323  -0.119200
324  -0.121700
325  -0.120700
326  -0.122400
327  -0.121200
328  -0.122200
329  -0.122500
330  -0.124000
331  -0.124300
332  -0.124300
333  -0.124000
334  -0.123300
335  -0.123100
336  -0.122500
337  -0.122600
338  -0.122600
339  -0.123300
340  -0.124200
341  -0.123100
342  -0.123900
343  -0.124600
344  -0.123500
345  -0.124300
346  -0.123900
347  -0.125000
348  -0.123300
349  -0.125700
350  -0.126700
351  -0.127000
352  -0.127900
353  -0.128200
354  -0.129600
355  -0.128800
356  -0.128500
357  -0.128800
358  -0.129600
359  -0.130000
360  -0.131700
361  -0.132000
362  -0.129300
363  -0.128600
364  -0.129100
365  -0.129700
366  -0.129700
367  -0.129800
368  -0.130400
369  -0.131300
370  -0.130200
371  -0.129600
372  -0.128800
373  -0.128600
374  -0.128600
375  -0.127900
376  -0.128000
377  -0.128100
378  -0.129900
379  -0.128700
380  -0.126700
381  -0.126500
382  -0.127300
383  -0.128400
384  -0.128300
385  -0.128000
386  -0.128100
387  -0.128900
388  -0.128800
389  -0.130300
390  -0.130900
391  -0.131400
392  -0.131000
393  -0.132200
394  -0.132400
395  -0.132500
396  -0.132700
397  -0.132400
398  -0.133300
399  -0.134000
400  -0.134700
401  -0.133800
402  -0.133100
403  -0.133800
404  -0.132400
405  -0.132200
406  -0.131400
407  -0.128800
408  -0.128100
409  -0.126600
410  -0.127400
411  -0.125900
412  -0.126200
413  -0.124500
414  -0.123800
415  -0.125100
416  -0.125200
417  -0.126500
418  -0.127200
419  -0.128400
420  -0.128800
421  -0.129300
422  -0.128400
423  -0.128400
424  -0.128900
425  -0.128300
426  -0.128200
427  -0.127500
428  -0.127200
429  -0.126600
430  -0.125200
431  -0.125300
432  -0.126800
433  -0.126600
434  -0.126800
435  -0.127700
436  -0.127500
437  -0.128200
438  -0.128800
439  -0.129100
440  -0.127500
441  -0.128700
442  -0.129500
443  -0.130500
444  -0.130000
445  -0.129000
446  -0.129400
447  -0.131000
448  -0.131900
449  -0.132100
450  -0.132300
451  -0.132700
452  -0.133500
453  -0.132300
454  -0.130900
455  -0.130400
456  -0.129300
457  -0.130000
458  -0.129600
459  -0.129200
460  -0.128500
461  -0.128600
462  -0.127900
463  -0.128100
464  -0.129500
465  -0.130300
466  -0.129500
467  -0.130200
468  -0.133000
469  -0.134000
470  -0.134300
471  -0.133500
472  -0.134000
473  -0.133000
474  -0.132300
475  -0.133000
476  -0.130600
477  -0.128500
478  -0.129200
479  -0.128600
480  -0.129500
481  -0.128100
482  -0.127700
483  -0.128000
484  -0.127700
485  -0.128200
486  -0.129600
487  -0.128700
488  -0.126700
489  -0.126400
490  -0.126200
491  -0.126400
492  -0.126300
493  -0.127900
494  -0.127700
495  -0.128400
496  -0.128600
497  -0.128100
498  -0.128700
499  -0.127900
500  -0.126400
501  -0.127000
502  -0.126800
503  -0.125700
504  -0.127400
505  -0.128600
506  -0.128900
507  -0.128700
508  -0.128400
509  -0.128500
510  -0.128400
511  -0.129600
512  -0.130900
513  -0.131300
514  -0.132700
515  -0.133400
516  -0.132900
517  -0.133100
518  -0.132300
519  -0.131400
520  -0.130700
521  -0.130600
522  -0.130000
523  -0.131900
524  -0.131500
525  -0.132000
526  -0.130800
527  -0.131200
528  -0.132700
529  -0.133400
530  -0.133100
531  -0.132800
532  -0.134000
533  -0.135600
534  -0.135000
535  -0.134500
536  -0.134500
537  -0.133600
538  -0.132900
539  -0.131800
540  -0.131200
541  -0.132000
542  -0.132200
543  -0.133700
544  -0.134200
545  -0.134100
546  -0.135500
547  -0.135500
548  -0.137100
549  -0.137500
550  -0.137300
551  -0.138200
552  -0.138500
553  -0.138100
554  -0.137500
555  -0.137200
556  -0.137300
557  -0.139100
558  -0.140600
559  -0.142400
560  -0.141200
561  -0.140900
562  -0.141400
563  -0.141100
564  -0.141600
565  -0.141900
566  -0.142200
567  -0.141200
568  -0.140000
569  -0.139700
570  -0.140200
571  -0.140000
572  -0.141700
573  -0.141700
574  -0.141300
575  -0.140800
576  -0.140600
577  -0.141400
578  -0.142800
579  -0.143800
580  -0.145600
581  -0.145100
582  -0.145500
583  -0.144600
584  -0.144800
585  -0.144100
586  -0.144700
587  -0.143100
588  -0.143800
589  -0.143500
590  -0.142700
591  -0.140900
592  -0.140400
593  -0.141500
594  -0.142400
595  -0.144000
596  -0.143400
597  -0.144500
598  -0.142800
599  -0.143400
600  -0.142200
601  -0.141400
602  -0.142400
603  -0.142400
604  -0.141700
605  -0.143100
606  -0.143100
607  -0.144500
608  -0.145500
609  -0.144900
610  -0.145600
611  -0.146200
612  -0.144900
613  -0.145000
614  -0.145400
615  -0.144100
616  -0.143600
617  -0.143800
618  -0.145100
619  -0.146200
620  -0.145800
621  -0.145600
622  -0.145000
623  -0.145700
624  -0.146900
625  -0.146400
626  -0.148300
627  -0.148900
628  -0.150200
629  -0.149100
630  -0.150000
631  -0.149800
632  -0.149200
633  -0.148800
634  -0.148100
635  -0.148000
636  -0.147000
637  -0.147300
638  -0.147500
639  -0.146900
640  -0.147100
641  -0.147000
642  -0.146300
643  -0.145900
644  -0.146800
645  -0.146500
646  -0.146000
647  -0.145900
648  -0.144600
649  -0.145200
650  -0.145200
651  -0.146600
652  -0.147300
653  -0.147100
654  -0.147200
655  -0.150000
656  -0.149100
657  -0.149300
658  -0.149900
659  -0.149200
660  -0.149500
661  -0.147900
662  -0.148000
663  -0.148200
664  -0.148400
665  -0.148000
666  -0.148100
667  -0.149400
668  -0.149700
669  -0.151100
670  -0.150200
671  -0.147700
672  -0.147200
673  -0.148400
674  -0.147200
675  -0.148000
676  -0.148800
677  -0.149600
678  -0.149500
679  -0.149900
680  -0.148100
681  -0.148300
682  -0.149200
683  -0.150000
684  -0.150800
685  -0.151200
686  -0.153200
687  -0.154500
688  -0.155900
689  -0.155200
690  -0.155400
691  -0.155500
692  -0.155200
693  -0.155300
694  -0.156000
695  -0.156700
696  -0.156300
697  -0.156300
698  -0.155500
699  -0.155900
700  -0.154800
701  -0.153900
702  -0.154300
703  -0.154000
704  -0.153800
705  -0.153900
706  -0.154400
707  -0.154300
708  -0.152400
709  -0.152000
710  -0.153800
711  -0.154000
712  -0.154500
713  -0.154600
714  -0.155400
715  -0.154900
716  -0.155300
717  -0.154600
718  -0.152200
719  -0.151600
720  -0.151700
721  -0.150700
722  -0.152700
723  -0.154300
724  -0.155200
725  -0.154200
726  -0.153700
727  -0.156400
728  -0.157400
729  -0.156900
730  -0.157100
731  -0.157000
732  -0.157200
733  -0.157000
734  -0.157500
735  -0.156900
736  -0.157500
737  -0.157400
738  -0.157900
739  -0.157500
740  -0.157400
741  -0.156400
742  -0.155400
743  -0.157400
744  -0.158200
745  -0.157900
746  -0.158100
747  -0.157100
748  -0.155800
749  -0.154700
750  -0.153600
751  -0.152700
752  -0.153800
753  -0.154000
754  -0.153900
755  -0.153300
756  -0.152700
757  -0.152500
758  -0.152400
759  -0.153300
760  -0.153100
761  -0.152000
762  -0.152700
763  -0.152800
764  -0.154600
765  -0.155600
766  -0.156000
767  -0.156000
768  -0.155800
769  -0.156300
770  -0.157000
771  -0.157200
772  -0.156700
773  -0.156200
774  -0.155700
775  -0.156100
776  -0.156300
777  -0.156400
778  -0.156900
779  -0.158300
780  -0.159900
781  -0.160500
782  -0.161000
783  -0.160600
784  -0.162900
785  -0.164700
786  -0.164600
787  -0.163400
788  -0.164800
789  -0.166100
790  -0.166000
791  -0.164000
792  -0.164800
793  -0.164100
794  -0.164000
795  -0.163800
796  -0.163200
797  -0.163100
798  -0.163300
799  -0.164600
800  -0.164100
801  -0.165500
802  -0.164500
803  -0.164600
804  -0.165200
805  -0.164200
806  -0.163100
807  -0.163800
808  -0.164000
809  -0.165100
810  -0.164700
811  -0.164500
812  -0.163500
813  -0.162900
814  -0.163700
815  -0.163600
816  -0.165900
817  -0.166200
818  -0.167900
819  -0.167500
820  -0.168100
821  -0.168100
822  -0.168400
823  -0.169000
824  -0.167300
825  -0.168400
826  -0.167200
827  -0.166900
828  -0.166200
829  -0.165300
830  -0.165200
831  -0.165900
832  -0.165300
833  -0.164500
834  -0.164100
835  -0.164900
836  -0.164200
837  -0.163100
838  -0.162400
839  -0.163300
840  -0.162200
841  -0.163200
842  -0.161700
843  -0.161500
844  -0.160500
845  -0.161800
846  -0.162600
847  -0.163800
848  -0.163800
849  -0.162300
850  -0.161000
851  -0.161900
852  -0.162300
853  -0.162700
854  -0.162400
855  -0.162500
856  -0.162500
857  -0.163200
858  -0.162800
859  -0.161700
860  -0.162100
861  -0.161300
862  -0.160000
863  -0.161200
864  -0.160000
865  -0.160300
866  -0.160500
867  -0.159800
868  -0.160000
869  -0.161800
870  -0.160200
871  -0.160500
872  -0.161100
873  -0.161300
874  -0.162000
875  -0.163100
876  -0.160500
877  -0.160100
878  -0.162400
879  -0.162000
880  -0.162200
881  -0.163300
882  -0.163200
883  -0.163300
884  -0.161300
885  -0.162000
886  -0.161000
887  -0.161000
888  -0.161400
889  -0.162900
890  -0.163400
891  -0.162100
892  -0.162100
893  -0.161300
894  -0.162800
895  -0.161600
896  -0.161600
897  -0.161200
898  -0.161100
899  -0.161600
900  -0.161400
901  -0.160600
902  -0.159900
903  -0.160300
904  -0.160500
905  -0.161800
906  -0.161700
907  -0.161000
908  -0.161800
909  -0.161800
910  -0.163700
911  -0.164000
912  -0.165200
913  -0.165400
914  -0.165400
915  -0.163900
916  -0.164900
917  -0.165500
918  -0.165700
919  -0.165100
920  -0.165000
921  -0.166600
922  -0.166600
923  -0.167100
924  -0.167600
925  -0.168100
926  -0.168100
927  -0.169300
928  -0.168400
929  -0.168100
930  -0.168700
931  -0.170700
932  -0.170300
933  -0.171400
934  -0.172900
935  -0.172500
936  -0.173000
937  -0.173600
938  -0.173700
939  -0.174300
940  -0.174400
941  -0.175900
942  -0.176800
943  -0.176000
944  -0.175400
945  -0.174600
946  -0.173600
947  -0.172500
948  -0.171700
949  -0.171100
950  -0.169800
951  -0.169500
952  -0.170300
953  -0.169600
954  -0.170500
955  -0.167800
956  -0.168000
957  -0.169500
958  -0.170800
959  -0.170600
960  -0.172500
961  -0.171400
962  -0.170500
963  -0.171100
964  -0.171500
965  -0.170400
966  -0.168700
967  -0.168900
968  -0.168600
969  -0.169700
970  -0.168600
971  -0.169100
972  -0.169600
973  -0.170200
974  -0.169900
975  -0.168400
976  -0.168600
977  -0.167600
978  -0.167400
979  -0.166300
980  -0.166200
981  -0.165600
982  -0.164400
983  -0.165200
984  -0.165200
985  -0.166700
986  -0.166400
987  -0.166100
988  -0.167400
989  -0.166800
990  -0.167200
991  -0.166700
992  -0.166800
993  -0.166000
994  -0.168200
995  -0.168900
996  -0.168400
997  -0.168600
998  -0.169400
999  -0.170200
1000  -0.170100
1001  -0.170000
1002  -0.169700
1003  -0.169100
1004  -0.169900
1005  -0.168800
1006  -0.169300
1007  -0.170200
1008  -0.170900
1009  -0.169900
1010  -0.169400
1011  -0.170100
1012  -0.170600
1013  -0.169500
1014  -0.168000
1015  -0.168100
1016  -0.168600
1017  -0.169100
1018  -0.168100
1019  -0.168400
1020  -0.168800
1021  -0.169500
1022  -0.168900
1023  -0.169100
1024  -0.169500
1025  -0.169600
1026  -0.169600
1027  -0.169500
1028  -0.170100
1029  -0.170100
1030  -0.169100
1031  -0.169100
1032  -0.168800
1033  -0.169400
1034  -0.168900
1035  -0.168600
1036  -0.168400
1037  -0.168600
1038  -0.168000
1039  -0.167700
1040  -0.165300
1041  -0.166400
1042  -0.166100
1043  -0.163700
1044  -0.165000
1045  -0.165600
1046  -0.165400
1047  -0.167400
1048  -0.168300
1049  -0.167700
1050  -0.168400
1051  -0.168200
1052  -0.168200
1053  -0.168300
1054  -0.168200
1055  -0.168300
1056  -0.168300
1057  -0.168000
1058  -0.166800
1059  -0.165300
1060  -0.164800
1061  -0.163900
1062  -0.163800
1063  -0.162200
1064  -0.163300
1065  -0.164000
1066  -0.165200
1067  -0.164900
1068  -0.166200
1069  -0.164500
1070  -0.163700
1071  -0.163600
1072  -0.163400
1073  -0.162100
1074  -0.160000
1075  -0.160800
1076  -0.160500
1077  -0.160300
1078  -0.159300
1079  -0.161400
1080  -0.161800
1081  -0.162500
1082  -0.162600
1083  -0.161000
1084  -0.161400
1085  -0.163500
1086  -0.164200
1087  -0.164200
1088  -0.164300
1089  -0.162100
1090  -0.162500
1091  -0.161900
1092  -0.162100
1093  -0.163200
1094  -0.164700
1095  -0.163600
1096  -0.163300
1097  -0.163200
1098  -0.163000
1099  -0.163600
1100  -0.165000
1101  -0.163600
1102  -0.163500
1103  -0.164200
1104  -0.164400
1105  -0.164700
1106  -0.165400
1107  -0.163900
1108  -0.163300
1109  -0.164100
1110  -0.164100
1111  -0.164500
1112  -0.162900
1113  -0.163800
1114  -0.166000
1115  -0.167100
1116  -0.166600
1117  -0.167800
1118  -0.169100
1119  -0.167900
1120  -0.167500
1121  -0.168100
1122  -0.167200
1123  -0.167100
1124  -0.167300
1125  -0.167300
1126  -0.166500
1127  -0.167400
1128  -0.167100
1129  -0.167100
1130  -0.167200
1131  -0.167600
1132  -0.167600
1133  -0.168000
1134  -0.168900
1135  -0.167000
1136  -0.168300
1137  -0.169200
1138  -0.169800
1139  -0.171600
1140  -0.170600
1141  -0.171100
1142  -0.171200
1143  -0.173300
1144  -0.172900
1145  -0.172000
1146  -0.173600
1147  -0.172600
1148  -0.172100
1149  -0.171900
1150  -0.171000
1151  -0.169300
1152  -0.170200
1153  -0.171500
1154  -0.172700
1155  -0.172000
1156  -0.172000
1157  -0.169800
1158  -0.168900
1159  -0.167800
1160  -0.165800
1161  -0.167300
1162  -0.166600
1163  -0.167900
1164  -0.168800
1165  -0.168500
1166  -0.170000
1167  -0.170200
1168  -0.171500
1169  -0.172400
1170  -0.174900
1171  -0.175600
1172  -0.175700
1173  -0.175200
1174  -0.174600
1175  -0.172300
1176  -0.173500
1177  -0.173900
1178  -0.172300
1179  -0.171900
1180  -0.170700
1181  -0.171300
1182  -0.172800
1183  -0.173000
1184  -0.174400
1185  -0.173200
1186  -0.171700
1187  -0.170100
1188  -0.170800
1189  -0.170700
1190  -0.170000
1191  -0.169300
1192  -0.168300
1193  -0.169700
1194  -0.168700
1195  -0.169100
1196  -0.170300
1197  -0.172000
1198  -0.171800
1199  -0.172800
1200  -0.172000
1201  -0.171500
1202  -0.171600
1203  -0.172700
1204  -0.172300
1205  -0.172200
1206  -0.171900
1207  -0.173300
1208  -0.173600
1209  -0.175200
1210  -0.174800
1211  -0.174400
1212  -0.175500
1213  -0.175500
1214  -0.176300
1215  -0.175800
1216  -0.172900
1217  -0.171800
1218  -0.171800
1219  -0.170300
1220  -0.171900
1221  -0.171500
1222  -0.171300
1223  -0.169800
1224  -0.170300
1225  -0.170000
1226  -0.172300
1227  -0.173300
1228  -0.171800
1229  -0.171300
1230  -0.170200
1231  -0.170700
1232  -0.171500
1233  -0.172100
1234  -0.172000
1235  -0.172500
1236  -0.173000
1237  -0.172400
1238  -0.172700
1239  -0.173600
1240  -0.173600
1241  -0.173600
1242  -0.173400
1243  -0.172900
1244  -0.172100
1245  -0.172900
1246  -0.171600
1247  -0.171400
1248  -0.171400
1249  -0.172500
1250  -0.172200
1251  -0.171700
1252  -0.170800
1253  -0.172100
1254  -0.171000
1255  -0.171800
1256  -0.171800
1257  -0.170700
1258  -0.171700
1259  -0.171000
1260  -0.171100
1261  -0.170600
1262  -0.170800
1263  -0.172100
1264  -0.171900
1265  -0.172400
1266  -0.171800
1267  -0.173000
1268  -0.173000
1269  -0.173200
1270  -0.173600
1271  -0.174600
1272  -0.174200
1273  -0.173600
1274  -0.172700
1275  -0.172900
1276  -0.174900
1277  -0.176700
1278  -0.177300
1279  -0.179100
1280  -0.179200
1281  -0.178800
1282  -0.179000
1283  -0.179700
1284  -0.179000
1285  -0.179800
1286  -0.180600
1287  -0.180800
1288  -0.181200
1289  -0.181000
1290  -0.181500
1291  -0.181500
1292  -0.181600
1293  -0.182900
1294  -0.183200
1295  -0.183300
1296  -0.184100
1297  -0.184700
1298  -0.183100
1299  -0.183700
1300  -0.184600
1301  -0.184000
1302  -0.185100
1303  -0.184900
1304  -0.184500
1305  -0.183600
1306  -0.184500
1307  -0.182900
1308  -0.182700
1309  -0.183600
1310  -0.185400
1311  -0.186300
1312  -0.185500
1313  -0.186600
1314  -0.186000
1315  -0.186800
1316  -0.187400
1317  -0.187000
1318  -0.185000
1319  -0.184700
1320  -0.184800
1321  -0.185800
1322  -0.184700
1323  -0.186400
1324  -0.184800
1325  -0.186400
1326  -0.187400
1327  -0.187500
1328  -0.188300
1329  -0.189800
1330  -0.189000
1331  -0.189900
1332  -0.189400
1333  -0.191600
1334  -0.191200
1335  -0.191900
1336  -0.192800
1337  -0.192400
1338  -0.193800
1339  -0.193700
1340  -0.195400
1341  -0.194500
1342  -0.194500
1343  -0.195800
1344  -0.194700
1345  -0.194300
1346  -0.191300
1347  -0.191000
1348  -0.190900
1349  -0.189800
1350  -0.188700
1351  -0.189400
1352  -0.189400
1353  -0.189900
1354  -0.191300
1355  -0.191200
1356  -0.190600
1357  -0.190900
1358  -0.189500
1359  -0.191100
1360  -0.191600
1361  -0.192200
1362  -0.193700
1363  -0.194000
1364  -0.192400
1365  -0.192200
1366  -0.192100
1367  -0.191900
1368  -0.192000
1369  -0.192500
1370  -0.193600
1371  -0.192700
1372  -0.192800
1373  -0.192400
1374  -0.190700
1375  -0.190200
1376  -0.189400
1377  -0.189200
1378  -0.188600
1379  -0.190600
1380  -0.188800
1381  -0.187400
1382  -0.187800
1383  -0.186400
1384  -0.185100
1385  -0.184300
1386  -0.184400
1387  -0.185500
1388  -0.184000
1389  -0.185100
1390  -0.186000
1391  -0.184800
1392  -0.182900
1393  -0.184200
1394  -0.182000
1395  -0.182300
1396  -0.182600
1397  -0.183700
1398  -0.183500
1399  -0.184200
1400  -0.183900
1401  -0.184400
1402  -0.185700
1403  -0.185900
1404  -0.187200
1405  -0.186000
1406  -0.186900
1407  -0.187400
1408  -0.187700
1409  -0.187000
1410  -0.187700
1411  -0.187000
1412  -0.187400
1413  -0.186700
1414  -0.185200
1415  -0.185300
1416  -0.184800
1417  -0.183500
1418  -0.183800
1419  -0.183000
1420  -0.182300
1421  -0.180900
1422  -0.180800
1423  -0.181400
1424  -0.181400
1425  -0.181000
1426  -0.179300
1427  -0.179600
1428  -0.179800
1429  -0.182100
1430  -0.181500
1431  -0.182400
1432  -0.181200
1433  -0.180600
1434  -0.180900
1435  -0.180400
1436  -0.181400
1437  -0.183000
1438  -0.180900
1439  -0.179700
1440  -0.179600
1441  -0.179100
1442  -0.180300
1443  -0.179800
1444  -0.178000
1445  -0.177400
1446  -0.178700
1447  -0.179800
1448  -0.178500
1449  -0.178800
1450  -0.180600
1451  -0.180600
1452  -0.180200
1453  -0.181700
1454  -0.180400
1455  -0.179900
1456  -0.181200
1457  -0.181800
1458  -0.181400
1459  -0.179900
1460  -0.182100
1461  -0.182500
1462  -0.183800
1463  -0.183300
1464  -0.183000
1465  -0.183900
1466  -0.185800
1467  -0.185300
1468  -0.184400
1469  -0.183700
1470  -0.185300
1471  -0.185100
1472  -0.184200
1473  -0.184700
1474  -0.185500
1475  -0.185000
1476  -0.185300
1477  -0.185400
1478  -0.185500
1479  -0.186700
1480  -0.187300
1481  -0.188300
1482  -0.190200
1483  -0.189800
1484  -0.188700
1485  -0.189700
1486  -0.189900
1487  -0.188600
1488  -0.189100
1489  -0.189400
1490  -0.188500
1491  -0.188600
1492  -0.188100
1493  -0.188000
1494  -0.187900
1495  -0.187200
1496  -0.186300
1497  -0.185900
1498  -0.185600
1499  -0.184900
1500  -0.184500
1501  -0.187400
1502  -0.188100
1503  -0.187600
1504  -0.187600
1505  -0.187400
1506  -0.186700
1507  -0.187900
1508  -0.189400
1509  -0.188500
1510  -0.187300
1511  -0.187400
1512  -0.188000
1513  -0.187600
1514  -0.188600
1515  -0.188000
1516  -0.188900
1517  -0.189700
1518  -0.190200
1519  -0.191000
1520  -0.191800
1521  -0.192700
1522  -0.192300
1523  -0.192700
1524  -0.195100
1525  -0.196100
1526  -0.195700
1527  -0.195600
1528  -0.195600
1529  -0.195500
1530  -0.195300
1531  -0.195400
1532  -0.194600
1533  -0.194800
1534  -0.192700
1535  -0.192100
1536  -0.192600
1537  -0.192900
1538  -0.191200
1539  -0.192900
1540  -0.192900
1541  -0.192300
1542  -0.192200
1543  -0.192000
1544  -0.191300
1545  -0.193400
1546  -0.194100
1547  -0.194100
1548  -0.193300
1549  -0.191900
1550  -0.191400
1551  -0.192500
1552  -0.192700
1553  -0.193300
1554  -0.193100
1555  -0.193900
1556  -0.193900
1557  -0.193100
1558  -0.194400
1559  -0.194100
1560  -0.194800
1561  -0.193700
1562  -0.191700
1563  -0.190200
1564  -0.189900
1565  -0.191400
1566  -0.191700
1567  -0.192300
1568  -0.191200
1569  -0.190100
1570  -0.190100
1571  -0.190300
1572  -0.189300
1573  -0.188700
1574  -0.188700
1575  -0.189700
1576  -0.188800
1577  -0.189300
1578  -0.188800
1579  -0.188100
1580  -0.187900
1581  -0.187400
1582  -0.186800
1583  -0.186900
1584  -0.187700
1585  -0.186900
1586  -0.186300
1587  -0.186300
1588  -0.186500
1589  -0.186400
1590  -0.185200
1591  -0.185000
1592  -0.185100
1593  -0.185600
1594  -0.185400
1595  -0.186200
1596  -0.185500
1597  -0.186200
1598  -0.186400
1599  -0.185700
1600  -0.186800
1601  -0.186300
1602  -0.185600
1603  -0.186600
1604  -0.186800
1605  -0.186300
1606  -0.185300
1607  -0.184600
1608  -0.184100
1609  -0.185600
1610  -0.185700
1611  -0.185800
1612  -0.187200
1613  -0.186400
1614  -0.186300
1615  -0.186900
1616  -0.186600
1617  -0.185700
1618  -0.187000
1619  -0.187300
1620  -0.187000
1621  -0.188700
1622  -0.186900
1623  -0.185600
1624  -0.185400
1625  -0.184500
1626  -0.185200
1627  -0.186000
1628  -0.187000
1629  -0.186000
1630  -0.185900
1631  -0.185400
1632  -0.186000
1633  -0.185300
1634  -0.184900
1635  -0.185100
1636  -0.184700
1637  -0.185100
1638  -0.186000
1639  -0.185000
1640  -0.185000
1641  -0.185400
1642  -0.185700
1643  -0.187200
1644  -0.187500
1645  -0.185100
1646  -0.184200
1647  -0.182900
1648  -0.183300
1649  -0.182700
1650  -0.182200
1651  -0.179400
1652  -0.178800
1653  -0.179700
1654  -0.181600
1655  -0.181600
1656  -0.181600
1657  -0.183000
1658  -0.183600
1659  -0.184600
1660  -0.185400
1661  -0.186100
1662  -0.186700
1663  -0.187300
1664  -0.187100
1665  -0.186300
1666  -0.186300
1667  -0.185300
1668  -0.184200
1669  -0.183300
1670  -0.183300
1671  -0.184500
1672  -0.184700
1673  -0.184100
1674  -0.184000
1675  -0.184000
1676  -0.184400
1677  -0.186100
1678  -0.186300
1679  -0.186300
1680  -0.187700
1681  -0.187100
1682  -0.186800
1683  -0.188100
1684  -0.188400
1685  -0.189000
1686  -0.190000
1687  -0.189100
1688  -0.188100
1689  -0.188600
1690  -0.188900
1691  -0.189100
1692  -0.189600
1693  -0.189300
1694  -0.188600
1695  -0.187800
1696  -0.187400
1697  -0.187800
1698  -0.188000
1699  -0.186900
1700  -0.185800
1701  -0.185500
1702  -0.184400
1703  -0.183500
1704  -0.184400
1705  -0.183400
1706  -0.183400
1707  -0.184900
1708  -0.184700
1709  -0.184600
1710  -0.184100
1711  -0.183300
1712  -0.182200
1713  -0.181900
1714  -0.181400
1715  -0.181900
1716  -0.181300
1717  -0.181100
1718  -0.182200
1719  -0.182000
1720  -0.182800
1721  -0.183500
1722  -0.182900
1723  -0.182800
1724  -0.181500
1725  -0.180500
1726  -0.181100
1727  -0.181400
1728  -0.180500
1729  -0.181200
1730  -0.181400
1731  -0.179500
1732  -0.179400
1733  -0.181000
1734  -0.181000
1735  -0.181900
1736  -0.183800
1737  -0.186500
1738  -0.187600
1739  -0.188400
1740  -0.187400
1741  -0.187500
1742  -0.187700
1743  -0.188700
1744  -0.189400
1745  -0.189200
1746  -0.188800
1747  -0.188600
1748  -0.190100
1749  -0.188100
1750  -0.187600
1751  -0.187000
1752  -0.186200
1753  -0.186200
1754  -0.186700
1755  -0.185600
1756  -0.184100
1757  -0.183500
1758  -0.185600
1759  -0.186400
1760  -0.185400
1761  -0.185600
1762  -0.185000
1763  -0.185300
1764  -0.184500
1765  -0.184200
1766  -0.183600
1767  -0.183800
1768  -0.182000
1769  -0.181000
1770  -0.180300
1771  -0.179200
1772  -0.178800
1773  -0.179300
1774  -0.178800
1775  -0.178800
1776  -0.177800
1777  -0.179400
1778  -0.178100
1779  -0.178000
1780  -0.177800
1781  -0.177100
1782  -0.176500
1783  -0.177500
1784  -0.176300
1785  -0.174100
1786  -0.173400
1787  -0.172900
1788  -0.173900
1789  -0.174000
1790  -0.173600
1791  -0.174900
1792  -0.174400
1793  -0.173600
1794  -0.175200
1795  -0.175300
1796  -0.175800
1797  -0.176500
1798  -0.176000
1799  -0.176000
1800  -0.174400
1801  -0.175000
1802  -0.175600
1803  -0.176400
1804  -0.175900
1805  -0.176700
1806  -0.177400
1807  -0.177500
1808  -0.177400
1809  -0.178200
1810  -0.178200
1811  -0.178100
1812  -0.179200
1813  -0.178900
1814  -0.179500
1815  -0.179500
1816  -0.177500
1817  -0.176000
1818  -0.176500
1819  -0.177400
1820  -0.177100
1821  -0.176300
1822  -0.176200
1823  -0.176200
1824  -0.175700
1825  -0.175200
1826  -0.175400
1827  -0.174600
1828  -0.175000
1829  -0.175200
1830  -0.175900
1831  -0.174000
1832  -0.173400
1833  -0.174000
1834  -0.174900
1835  -0.175700
1836  -0.174800
1837  -0.173100
1838  -0.172700
1839  -0.172100
1840  -0.173500
1841  -0.173000
1842  -0.172100
1843  -0.170600
1844  -0.171100
1845  -0.171000
1846  -0.169900
1847  -0.169400
1848  -0.170200
1849  -0.170200
1850  -0.170000
1851  -0.171100
1852  -0.172400
1853  -0.171700
1854  -0.170600
1855  -0.170600
1856  -0.169400
1857  -0.169500
1858  -0.169200
1859  -0.168200
1860  -0.169300
1861  -0.170600
1862  -0.170400
1863  -0.171600
1864  -0.171600
1865  -0.171500
1866  -0.172300
1867  -0.172000
1868  -0.171900
1869  -0.171200
1870  -0.171800
1871  -0.172600
1872  -0.172900
1873  -0.172400
1874  -0.173800
1875  -0.173600
1876  -0.173300
1877  -0.173700
1878  -0.174800
1879  -0.175900
1880  -0.176600
1881  -0.177700
1882  -0.178600
1883  -0.178800
1884  -0.179100
1885  -0.180000
1886  -0.179300
1887  -0.179800
1888  -0.180200
1889  -0.180700
1890  -0.180100
1891  -0.179700
1892  -0.179100
1893  -0.178000
1894  -0.178100
1895  -0.178200
1896  -0.178000
1897  -0.177100
1898  -0.177500
1899  -0.177200
1900  -0.177000
1901  -0.177500
1902  -0.176500
1903  -0.176200
1904  -0.174500
1905  -0.176600
1906  -0.177200
1907  -0.175900
1908  -0.175300
1909  -0.176100
1910  -0.176400
1911  -0.174900
1912  -0.175000
1913  -0.173700
1914  -0.173600
1915  -0.175700
1916  -0.174100
1917  -0.174400
1918  -0.175600
1919  -0.175000
1920  -0.176200
1921  -0.175700
1922  -0.177200
1923  -0.177200
1924  -0.177100
1925  -0.176800
1926  -0.176100
1927  -0.177600
1928  -0.177700
1929  -0.175400
1930  -0.175600
1931  -0.176600
1932  -0.175900
1933  -0.176700
1934  -0.175500
1935  -0.174500
1936  -0.174500
1937  -0.173000
1938  -0.172700
1939  -0.172900
1940  -0.174400
1941  -0.174700
1942  -0.174800
1943  -0.174300
1944  -0.173100
1945  -0.172800
1946  -0.172900
1947  -0.173300
1948  -0.173200
1949  -0.176300
1950  -0.176100
1951  -0.175600
1952  -0.176200
1953  -0.176400
1954  -0.176200
1955  -0.176300
1956  -0.175000
1957  -0.174300
1958  -0.175200
1959  -0.174600
1960  -0.174200
1961  -0.175600
1962  -0.176900
1963  -0.177300
1964  -0.176700
1965  -0.178000
1966  -0.179100
1967  -0.178800
1968  -0.180500
1969  -0.179300
1970  -0.177600
1971  -0.178200
1972  -0.178000
1973  -0.177700
1974  -0.177200
1975  -0.177300
1976  -0.177500
1977  -0.177000
1978  -0.177000
1979  -0.176900
1980  -0.177100
1981  -0.178100
1982  -0.178100
1983  -0.177800
1984  -0.178200
1985  -0.177500
1986  -0.175600
1987  -0.175000
1988  -0.174500
1989  -0.173400
1990  -0.174500
1991  -0.175300
1992  -0.176300
1993  -0.176300
1994  -0.177100
1995  -0.176000
1996  -0.175900
1997  -0.175900
1998  -0.175900
1999  -0.175200
2000  -0.175400
2001  -0.175200
2002  -0.175600
2003  -0.175800
2004  -0.175200
2005  -0.177000
2006  -0.176500
2007  -0.177400
2008  -0.177800
2009  -0.177900
2010  -0.176800
2011  -0.177100
2012  -0.177400
2013  -0.178000
2014  -0.178500
2015  -0.179100
2016  -0.179100
2017  -0.177700
2018  -0.177800
2019  -0.179600
2020  -0.179400
2021  -0.179800
2022  -0.180700
2023  -0.181600
2024  -0.180600
2025  -0.181000
2026  -0.180100
2027  -0.180000
2028  -0.180100
2029  -0.180300
2030  -0.181900
2031  -0.181500
2032  -0.181400
2033  -0.180700
2034  -0.180600
2035  -0.179800
2036  -0.179000
2037  -0.180000
2038  -0.181500
2039  -0.182400
2040  -0.181100
2041  -0.182400
2042  -0.183600
2043  -0.184000
2044  -0.183200
2045  -0.183300
2046  -0.183100
2047  -0.182000
2048  -0.182100
2049  -0.180400
2050  -0.180200
2051  -0.180000
2052  -0.180700
2053  -0.181600
2054  -0.182300
2055  -0.182500
2056  -0.181900
2057  -0.180600
2058  -0.180400
2059  -0.179400
2060  -0.178200
2061  -0.178400
2062  -0.178700
2063  -0.178800
2064  -0.180100
2065  -0.179800
2066  -0.180100
2067  -0.179800
2068  -0.180400
2069  -0.182100
2070  -0.182900
2071  -0.183800
2072  -0.182900
2073  -0.184400
2074  -0.185500
2075  -0.185500
2076  -0.184500
2077  -0.184000
2078  -0.184000
2079  -0.184700
2080  -0.185200
2081  -0.185200
2082  -0.185400
2083  -0.185800
2084  -0.185800
2085  -0.187000
2086  -0.187600
2087  -0.186600
2088  -0.184800
2089  -0.185800
2090  -0.186900
2091  -0.187400
2092  -0.188100
2093  -0.188500
2094  -0.188600
2095  -0.188500
2096  -0.188100
2097  -0.186700
2098  -0.186100
2099  -0.186900
2100  -0.187000
2101  -0.188200
2102  -0.189300
2103  -0.189500
2104  -0.189400
2105  -0.189100
2106  -0.190500
2107  -0.191400
2108  -0.191100
2109  -0.190700
2110  -0.190000
2111  -0.189900
2112  -0.188800
2113  -0.188500
2114  -0.188800
2115  -0.189500
2116  -0.188700
2117  -0.188700
2118  -0.189200
2119  -0.187900
2120  -0.189900
2121  -0.190700
2122  -0.190100
2123  -0.190000
2124  -0.190700
2125  -0.191200
2126  -0.192200
2127  -0.192200
2128  -0.193800
2129  -0.193700
2130  -0.193600
2131  -0.193200
2132  -0.192800
2133  -0.190800
2134  -0.190600
2135  -0.191200
2136  -0.193100
2137  -0.194700
2138  -0.195600
2139  -0.196200
2140  -0.196700
2141  -0.196500
2142  -0.196100
2143  -0.195900
2144  -0.195700
2145  -0.197000
2146  -0.198500
2147  -0.197500
2148  -0.197200
2149  -0.197400
2150  -0.196600
2151  -0.198200
2152  -0.197900
2153  -0.197600
2154  -0.197100
2155  -0.197700
2156  -0.198800
2157  -0.200000
2158  -0.201700
2159  -0.201100
2160  -0.200200
2161  -0.200700
2162  -0.200600
2163  -0.201200
2164  -0.200100
2165  -0.200200
2166  -0.199400
2167  -0.199100
2168  -0.198700
2169  -0.199200
2170  -0.198000
2171  -0.196900
2172  -0.195800
2173  -0.196200
2174  -0.197000
2175  -0.196300
2176  -0.195500
2177  -0.193300
2178  -0.193300
2179  -0.193600
2180  -0.192000
2181  -0.191100
2182  -0.191600
2183  -0.192000
2184  -0.191500
2185  -0.192100
2186  -0.192300
2187  -0.192500
2188  -0.193100
2189  -0.192200
2190  -0.192000
2191  -0.191600
2192  -0.191600
2193  -0.191700
2194  -0.192900
2195  -0.192500
2196  -0.192000
2197  -0.192300
2198  -0.192900
2199  -0.192000
2200  -0.190300
2201  -0.189500
2202  -0.189400
2203  -0.190200
2204  -0.190400
2205  -0.190500
2206  -0.189800
2207  -0.190500
2208  -0.191300
2209  -0.190600
2210  -0.191400
2211  -0.192800
2212  -0.191800
2213  -0.191800
2214  -0.191700
2215  -0.191600
2216  -0.191000
2217  -0.191100
2218  -0.191600
2219  -0.192400
2220  -0.192400
2221  -0.192600
2222  -0.193800
2223  -0.192900
2224  -0.193000
2225  -0.194100
2226  -0.192400
2227  -0.193300
2228  -0.194700
2229  -0.194100
2230  -0.191800
2231  -0.191200
2232  -0.189900
2233  -0.189100
2234  -0.188900
2235  -0.190500
2236  -0.190800
2237  -0.190300
2238  -0.189700
2239  -0.190700
2240  -0.189900
2241  -0.190100
2242  -0.190000
2243  -0.189900
2244  -0.189900
2245  -0.189800
2246  -0.190500
2247  -0.189400
2248  -0.190400
2249  -0.189900
2250  -0.190400
2251  -0.190800
2252  -0.190100
2253  -0.190200
2254  -0.189500
2255  -0.189800
2256  -0.189600
2257  -0.191300
2258  -0.191700
2259  -0.191600
2260  -0.191700
2261  -0.191300
2262  -0.192300
2263  -0.191500
2264  -0.191000
2265  -0.193000
2266  -0.193600
2267  -0.193200
2268  -0.194000
2269  -0.193300
2270  -0.194100
2271  -0.193400
2272  -0.193100
2273  -0.194500
2274  -0.194800
2275  -0.194600
2276  -0.194900
2277  -0.195700
2278  -0.194900
2279  -0.195300
2280  -0.197800
2281  -0.198000
2282  -0.198400
2283  -0.197700
2284  -0.199300
2285  -0.199300
2286  -0.197900
2287  -0.197400
2288  -0.196600
2289  -0.196100
2290  -0.195800
2291  -0.195100
2292  -0.195400
2293  -0.195300
2294  -0.195600
2295  -0.194600
2296  -0.193200
2297  -0.194000
2298  -0.192500
2299  -0.192200
2300  -0.191300
2301  -0.191700
2302  -0.190700
2303  -0.192200
2304  -0.193200
2305  -0.194800
2306  -0.196200
2307  -0.194900
2308  -0.194400
2309  -0.194200
2310  -0.194400
2311  -0.193700
2312  -0.193200
2313  -0.192600
2314  -0.192300
2315  -0.191900
2316  -0.191700
2317  -0.192900
2318  -0.191700
2319  -0.191700
2320  -0.193000
2321  -0.193800
2322  -0.194000
2323  -0.193600
2324  -0.192800
2325  -0.193000
2326  -0.192900
2327  -0.192300
2328  -0.193300
2329  -0.192600
2330  -0.191500
2331  -0.191800
2332  -0.192200
2333  -0.192000
2334  -0.192300
2335  -0.190900
2336  -0.190400
2337  -0.191800
2338  -0.191900
2339  -0.191700
2340  -0.191800
2341  -0.192600
2342  -0.192900
2343  -0.194800
2344  -0.194700
2345  -0.193800
2346  -0.192600
2347  -0.192900
2348  -0.193400
2349  -0.193000
2350  -0.191700
2351  -0.192100
2352  -0.193700
2353  -0.193000
2354  -0.192600
2355  -0.191900
2356  -0.192300
2357  -0.190300
2358  -0.190600
2359  -0.190300
2360  -0.191200
2361  -0.191400
2362  -0.190800
2363  -0.191000
2364  -0.191700
2365  -0.192600
2366  -0.194300
2367  -0.195600
2368  -0.195000
2369  -0.195900
2370  -0.195500
2371  -0.195100
2372  -0.196100
2373  -0.197100
2374  -0.197200
2375  -0.197300
2376  -0.198300
2377  -0.200000
2378  -0.200100
2379  -0.201600
2380  -0.200500
2381  -0.201000
2382  -0.199000
2383  -0.198700
2384  -0.199100
2385  -0.197800
2386  -0.198500
2387  -0.198200
2388  -0.199300
2389  -0.199600
2390  -0.200800
2391  -0.199300
2392  -0.198700
2393  -0.200100
2394  -0.200200
2395  -0.201000
2396  -0.200600
2397  -0.201000
2398  -0.202400
2399  -0.201300
2400  -0.200600
2401  -0.200300
2402  -0.200900
2403  -0.201200
2404  -0.201100
2405  -0.200000
2406  -0.199900
2407  -0.200500
2408  -0.200200
2409  -0.199400
2410  -0.199200
2411  -0.198800
2412  -0.198100
2413  -0.199000
2414  -0.200200
2415  -0.199200
2416  -0.201900
2417  -0.202000
2418  -0.200900
2419  -0.201100
2420  -0.201200
2421  -0.201400
2422  -0.201300
2423  -0.200600
2424  -0.199400
2425  -0.200500
2426  -0.199600
2427  -0.199100
2428  -0.198100
2429  -0.198000
2430  -0.198900
2431  -0.199200
2432  -0.198300
2433  -0.199800
2434  -0.198800
2435  -0.198400
2436  -0.197000
2437  -0.198300
2438  -0.198100
2439  -0.198100
2440  -0.199300
2441  -0.197600
2442  -0.196600
2443  -0.196900
2444  -0.196500
2445  -0.194900
2446  -0.194000
2447  -0.195300
2448  -0.193900
2449  -0.192900
2450  -0.192800
2451  -0.193300
2452  -0.195100
2453  -0.193900
2454  -0.192600
2455  -0.191900
2456  -0.192200
2457  -0.191600
2458  -0.190800
2459  -0.191600
2460  -0.191200
2461  -0.191900
2462  -0.191300
2463  -0.191900
2464  -0.190700
2465  -0.190200
2466  -0.190100
2467  -0.189700
2468  -0.189100
2469  -0.190400
2470  -0.191500
2471  -0.193100
2472  -0.193300
2473  -0.194500
2474  -0.194700
2475  -0.194400
2476  -0.192600
2477  -0.193700
2478  -0.194000
2479  -0.194200
2480  -0.194800
2481  -0.196600
2482  -0.198400
2483  -0.198300
2484  -0.197900
2485  -0.198500
2486  -0.199900
2487  -0.199500
2488  -0.200100
2489  -0.200900
2490  -0.201000
2491  -0.199800
2492  -0.199600
2493  -0.200900
2494  -0.201800
2495  -0.202400
2496  -0.201500
2497  -0.201300
2498  -0.200900
2499  -0.201700
2500  -0.202000
2501  -0.202100
2502  -0.203400
2503  -0.203500
2504  -0.204800
2505  -0.204000
2506  -0.203300
2507  -0.202600
2508  -0.202000
2509  -0.201900
2510  -0.201800
2511  -0.203200
2512  -0.204000
2513  -0.204400
2514  -0.204000
2515  -0.203300
2516  -0.204000
2517  -0.204600
2518  -0.204600
2519  -0.204600
2520  -0.205200
2521  -0.203800
2522  -0.203500
2523  -0.204500
2524  -0.205100
2525  -0.205100
2526  -0.206700
2527  -0.205300
2528  -0.205900
2529  -0.205600
2530  -0.205000
2531  -0.204400
2532  -0.204300
2533  -0.204500
2534  -0.202600
2535  -0.201500
2536  -0.202500
2537  -0.202300
2538  -0.201800
2539  -0.200800
2540  -0.201700
2541  -0.200700
2542  -0.200300
2543  -0.200500
2544  -0.201000
2545  -0.200900
2546  -0.200800
2547  -0.202200
2548  -0.202200
2549  -0.201800
2550  -0.200900
2551  -0.201400
2552  -0.200400
2553  -0.199400
2554  -0.198600
2555  -0.199000
2556  -0.200900
2557  -0.201600
2558  -0.202000
2559  -0.202700
2560  -0.202600
2561  -0.201400
2562  -0.203300
2563  -0.201600
2564  -0.201400
2565  -0.201700
2566  -0.202600
2567  -0.203700
2568  -0.202900
2569  -0.202200
2570  -0.202200
2571  -0.201700
2572  -0.202700
2573  -0.202300
2574  -0.203100
2575  -0.201900
2576  -0.200600
2577  -0.203600
2578  -0.204100
2579  -0.204300
2580  -0.203200
2581  -0.203800
2582  -0.205700
2583  -0.205600
2584  -0.206000
2585  -0.205700
2586  -0.203800
2587  -0.203900
2588  -0.203400
2589  -0.204500
2590  -0.204800
2591  -0.204400
2592  -0.205400
2593  -0.206200
2594  -0.206900
2595  -0.207000
2596  -0.207000
2597  -0.207300
2598  -0.206900
2599  -0.206500
2600  -0.205900
2601  -0.206100
2602  -0.207100
2603  -0.206200
2604  -0.206500
2605  -0.205800
2606  -0.205900
2607  -0.205000
2608  -0.203400
2609  -0.203300
2610  -0.201800
2611  -0.202000
2612  -0.202500
2613  -0.202900
2614  -0.202600
2615  -0.201300
2616  -0.201700
2617  -0.202000
2618  -0.203800
2619  -0.204400
2620  -0.205600
2621  -0.205900
2622  -0.206800
2623  -0.206300
2624  -0.205700
2625  -0.207000
2626  -0.209000
2627  -0.209000
2628  -0.209700
2629  -0.210400
2630  -0.210200
2631  -0.209000
2632  -0.209600
2633  -0.209800
2634  -0.209400
2635  -0.209000
2636  -0.207600
2637  -0.206800
2638  -0.206800
2639  -0.205800
2640  -0.206200
2641  -0.206900
2642  -0.205900
2643  -0.206300
2644  -0.207400
2645  -0.207400
2646  -0.207900
2647  -0.208600
2648  -0.207300
2649  -0.207100
2650  -0.207300
2651  -0.207100
2652  -0.206500
2653  -0.206100
2654  -0.206900
2655  -0.208700
2656  -0.209300
2657  -0.210600
2658  -0.211000
2659  -0.210000
2660  -0.209300
2661  -0.209000
2662  -0.210000
2663  -0.210000
2664  -0.209100
2665  -0.206900
2666  -0.208100
2667  -0.207600
2668  -0.207300
2669  -0.208100
2670  -0.207300
2671  -0.207900
2672  -0.205800
2673  -0.204600
2674  -0.203100
2675  -0.202400
2676  -0.200800
2677  -0.200500
2678  -0.199800
2679  -0.200600
2680  -0.200400
2681  -0.201800
2682  -0.200800
2683  -0.199000
2684  -0.198800
2685  -0.200100
2686  -0.199300
2687  -0.199800
2688  -0.199500
2689  -0.198700
2690  -0.198000
2691  -0.197200
2692  -0.197600
2693  -0.196800
2694  -0.196600
2695  -0.196600
2696  -0.197800
2697  -0.197200
2698  -0.196700
2699  -0.195700
2700  -0.196900
2701  -0.195400
2702  -0.194800
2703  -0.193800
2704  -0.194200
2705  -0.193100
2706  -0.193900
2707  -0.193900
2708  -0.193300
2709  -0.193000
2710  -0.193400
2711  -0.192300
2712  -0.191400
2713  -0.191500
2714  -0.191300
2715  -0.192000
2716  -0.190700
2717  -0.189700
2718  -0.190000
2719  -0.189400
2720  -0.188800
2721  -0.188600
2722  -0.188300
2723  -0.189000
2724  -0.188300
2725  -0.187700
2726  -0.187300
2727  -0.185800
2728  -0.185400
2729  -0.183900
2730  -0.184100
2731  -0.184100
2732  -0.183400
2733  -0.184200
2734  -0.184100
2735  -0.183200
2736  -0.182200
2737  -0.181600
2738  -0.181000
2739  -0.180300
2740  -0.180700
2741  -0.181300
2742  -0.180500
2743  -0.181900
2744  -0.181700
2745  -0.181800
2746  -0.182500
2747  -0.182900
2748  -0.184500
2749  -0.184500
2750  -0.184700
2751  -0.186200
2752  -0.186300
2753  -0.185800
2754  -0.185400
2755  -0.185500
2756  -0.184400
2757  -0.183500
2758  -0.183800
2759  -0.182900
2760  -0.182700
2761  -0.184600
2762  -0.184800
2763  -0.185900
2764  -0.187000
2765  -0.185400
2766  -0.185100
2767  -0.186000
2768  -0.186700
2769  -0.186800
2770  -0.186600
2771  -0.186200
2772  -0.185000
2773  -0.184500
2774  -0.185000
2775  -0.184900
2776  -0.183100
2777  -0.182900
2778  -0.182900
2779  -0.182000
2780  -0.182300
2781  -0.183100
2782  -0.184200
2783  -0.184300
2784  -0.183600
2785  -0.182500
2786  -0.181900
2787  -0.182300
2788  -0.181900
2789  -0.182500
2790  -0.181300
2791  -0.181500
2792  -0.182200
2793  -0.181300
2794  -0.181300
2795  -0.181000
2796  -0.180300
2797  -0.181500
2798  -0.182900
2799  -0.183100
2800  -0.181800
2801  -0.181800
2802  -0.180800
2803  -0.178400
2804  -0.179200
2805  -0.179000
2806  -0.178100
2807  -0.179200
2808  -0.178500
2809  -0.179000
2810  -0.179100
2811  -0.180200
2812  -0.181600
2813  -0.183400
2814  -0.183800
2815  -0.184300
2816  -0.184800
2817  -0.182700
2818  -0.182700
2819  -0.184900
2820  -0.184400
2821  -0.184000
2822  -0.184200
2823  -0.185200
2824  -0.184900
2825  -0.185100
2826  -0.185000
2827  -0.185400
2828  -0.186500
2829  -0.186400
2830  -0.185400
2831  -0.185600
2832  -0.185700
2833  -0.185800
2834  -0.187300
2835  -0.187100
2836  -0.186600
2837  -0.187000
2838  -0.186700
2839  -0.186200
2840  -0.186500
2841  -0.186600
2842  -0.185700
2843  -0.184700
2844  -0.184100
2845  -0.183300
2846  -0.182900
2847  -0.183000
2848  -0.184400
2849  -0.184500
2850  -0.184300
2851  -0.185300
2852  -0.185600
2853  -0.185300
2854  -0.184900
2855  -0.185500
2856  -0.186600
2857  -0.185800
2858  -0.185200
2859  -0.186000
2860  -0.185400
2861  -0.184000
2862  -0.185100
2863  -0.185900
2864  -0.186500
2865  -0.186500
2866  -0.187100
2867  -0.187300
2868  -0.187800
2869  -0.187300
2870  -0.186300
2871  -0.184700
2872  -0.183500
2873  -0.183500
2874  -0.183500
2875  -0.183800
2876  -0.185400
2877  -0.183400
2878  -0.184300
2879  -0.184200
2880  -0.184600
2881  -0.186100
2882  -0.186000
2883  -0.185800
2884  -0.184300
2885  -0.183900
2886  -0.183500
2887  -0.182800
2888  -0.182300
2889  -0.183200
2890  -0.184200
2891  -0.183500
2892  -0.181700
2893  -0.181000
2894  -0.182100
2895  -0.183100
2896  -0.183500
2897  -0.182100
2898  -0.182000
2899  -0.181900
2900  -0.181000
2901  -0.180700
2902  -0.181000
2903  -0.180600
2904  -0.180700
2905  -0.180400
2906  -0.179900
2907  -0.179500
2908  -0.180000
2909  -0.181000
2910  -0.180100
2911  -0.180300
2912  -0.179100
2913  -0.179600
2914  -0.180400
2915  -0.181400
2916  -0.181800
2917  -0.181300
2918  -0.180900
2919  -0.179500
2920  -0.179400
2921  -0.180100
2922  -0.179600
2923  -0.179000
2924  -0.177200
2925  -0.176000
2926  -0.176600
2927  -0.176300
2928  -0.177200
2929  -0.177800
2930  -0.178300
2931  -0.177800
2932  -0.179600
2933  -0.179700
2934  -0.180500
2935  -0.181100
2936  -0.180200
2937  -0.179800
2938  -0.179900
2939  -0.178700
2940  -0.178500
2941  -0.179500
2942  -0.179800
2943  -0.178600
2944  -0.178200
2945  -0.176500
2946  -0.174700
2947  -0.175000
2948  -0.175200
2949  -0.175200
2950  -0.174800
2951  -0.175100
2952  -0.173900
2953  -0.173600
2954  -0.174400
2955  -0.175800
2956  -0.175900
2957  -0.174600
2958  -0.175100
2959  -0.174200
2960  -0.173600
2961  -0.174200
2962  -0.172900
2963  -0.173300
2964  -0.173000
2965  -0.172900
2966  -0.172300
2967  -0.172300
2968  -0.171500
2969  -0.172300
2970  -0.173300
2971  -0.173600
2972  -0.173100
2973  -0.173200
2974  -0.173700
2975  -0.173200
2976  -0.172200
2977  -0.172000
2978  -0.174000
2979  -0.175300
2980  -0.174200
2981  -0.174600
2982  -0.175200
2983  -0.174800
2984  -0.174700
2985  -0.175400
2986  -0.175200
2987  -0.175600
2988  -0.176300
2989  -0.177200
2990  -0.178800
2991  -0.177300
2992  -0.177100
2993  -0.177100
2994  -0.177400
2995  -0.177100
2996  -0.177100
2997  -0.179000
2998  -0.179700
2999  -0.180700
3000  -0.181000
3001  -0.180000
3002  -0.179800
3003  -0.178300
3004  -0.177400
3005  -0.177000
3006  -0.176800
3007  -0.176800
3008  -0.176200
3009  -0.177200
3010  -0.176800
3011  -0.177200
3012  -0.177100
3013  -0.176100
3014  -0.175800
3015  -0.174400
3016  -0.174500
3017  -0.175800
3018  -0.176100
3019  -0.175600
3020  -0.175400
3021  -0.174300
3022  -0.174600
3023  -0.173500
3024  -0.174800
3025  -0.175000
3026  -0.174700
3027  -0.173400
3028  -0.173900
3029  -0.172800
3030  -0.173900
3031  -0.173900
3032  -0.174300
3033  -0.175400
3034  -0.175000
3035  -0.174400
3036  -0.173800
3037  -0.172600
3038  -0.172300
3039  -0.172500
3040  -0.172900
3041  -0.170800
3042  -0.170300
3043  -0.171100
3044  -0.170500
3045  -0.169300
3046  -0.169800
3047  -0.170300
3048  -0.171400
3049  -0.171100
3050  -0.170600
3051  -0.170600
3052  -0.170800
3053  -0.170700
3054  -0.170600
3055  -0.168900
3056  -0.167800
3057  -0.168400
3058  -0.168100
3059  -0.167100
3060  -0.168600
3061  -0.168800
3062  -0.171200
3063  -0.172400
3064  -0.173800
3065  -0.173900
3066  -0.173600
3067  -0.174000
3068  -0.173800
3069  -0.174400
3070  -0.175400
3071  -0.175300
3072  -0.175500
3073  -0.176400
3074  -0.177500
3075  -0.177500
3076  -0.176600
3077  -0.176500
3078  -0.176700
3079  -0.176600
3080  -0.175800
3081  -0.175600
3082  -0.176900
3083  -0.175700
3084  -0.174400
3085  -0.175100
3086  -0.175500
3087  -0.174600
3088  -0.173700
3089  -0.174000
3090  -0.175500
3091  -0.175400
3092  -0.175800
3093  -0.175700
3094  -0.176400
3095  -0.177400
3096  -0.177100
3097  -0.177100
3098  -0.176200
3099  -0.175700
3100  -0.176600
3101  -0.177400
3102  -0.177400
3103  -0.176900
3104  -0.176700
3105  -0.175800
3106  -0.174700
3107  -0.174000
3108  -0.172600
3109  -0.172600
3110  -0.172200
3111  -0.172700
3112  -0.172500
3113  -0.172800
3114  -0.174000
3115  -0.174100
3116  -0.173400
3117  -0.175000
3118  -0.174700
3119  -0.172600
3120  -0.173500
3121  -0.173800
3122  -0.173200
3123  -0.173300
3124  -0.173600
3125  -0.173900
3126  -0.173300
3127  -0.174000
3128  -0.173600
3129  -0.174800
3130  -0.174300
3131  -0.175100
3132  -0.175500
3133  -0.175800
3134  -0.175700
3135  -0.176000
3136  -0.175600
3137  -0.176800
3138  -0.176800
3139  -0.176700
3140  -0.176100
3141  -0.176000
3142  -0.176600
3143  -0.176400
3144  -0.176500
3145  -0.177000
3146  -0.176800
3147  -0.177200
3148  -0.178300
3149  -0.178400
3150  -0.177900
3151  -0.177900
3152  -0.178500
3153  -0.178700
3154  -0.178100
3155  -0.177200
3156  -0.177700
3157  -0.177100
3158  -0.178000
3159  -0.177200
3160  -0.176900
3161  -0.177800
3162  -0.179300
3163  -0.179000
3164  -0.179600
3165  -0.180400
3166  -0.179700
3167  -0.180400
3168  -0.180900
3169  -0.180100
3170  -0.180500
3171  -0.180800
3172  -0.178700
3173  -0.178300
3174  -0.178600
3175  -0.176800
3176  -0.176000
3177  -0.176300
3178  -0.176700
3179  -0.175300
3180  -0.174500
3181  -0.173800
3182  -0.172800
3183  -0.172300
3184  -0.171600
3185  -0.172000
3186  -0.171500
3187  -0.172000
3188  -0.171500
3189  -0.172900
3190  -0.173600
3191  -0.173800
3192  -0.174300
3193  -0.172700
3194  -0.172800
3195  -0.173600
3196  -0.175000
3197  -0.175300
3198  -0.173700
3199  -0.172700
3200  -0.171200
3201  -0.170300
3202  -0.171700
3203  -0.170500
3204  -0.171600
3205  -0.171500
3206  -0.171400
3207  -0.172500
3208  -0.172000
3209  -0.171500
3210  -0.171400
3211  -0.171000
3212  -0.172000
3213  -0.172600
3214  -0.173000
3215  -0.173400
3216  -0.173600
3217  -0.173900
3218  -0.173600
3219  -0.174100
3220  -0.174700
3221  -0.176000
3222  -0.176000
3223  -0.175300
3224  -0.175000
3225  -0.175100
3226  -0.176100
3227  -0.176200
3228  -0.175500
3229  -0.175300
3230  -0.175800
3231  -0.176500
3232  -0.176900
3233  -0.176600
3234  -0.176700
3235  -0.175100
3236  -0.173900
3237  -0.174300
3238  -0.174200
3239  -0.174800
3240  -0.174300
3241  -0.173900
3242  -0.174600
3243  -0.175200
3244  -0.176400
3245  -0.176700
3246  -0.175700
3247  -0.173400
3248  -0.173500
3249  -0.174900
3250  -0.175000
3251  -0.175500
3252  -0.176200
3253  -0.177000
3254  -0.176700
3255  -0.176500
3256  -0.177000
3257  -0.177700
3258  -0.177000
3259  -0.177100
3260  -0.178600
3261  -0.178000
3262  -0.179300
3263  -0.179600
3264  -0.180400
3265  -0.179800
3266  -0.180100
3267  -0.179700
3268  -0.180400
3269  -0.178800
3270  -0.179900
3271  -0.179800
3272  -0.179300
3273  -0.178400
3274  -0.179100
3275  -0.178000
3276  -0.176700
3277  -0.178200
3278  -0.178600
3279  -0.179700
3280  -0.179400
3281  -0.179300
3282  -0.179500
3283  -0.181300
3284  -0.181500
3285  -0.180200
3286  -0.180300
3287  -0.180900
3288  -0.181700
3289  -0.181300
3290  -0.181800
3291  -0.182100
3292  -0.182700
3293  -0.181800
3294  -0.181700
3295  -0.180700
3296  -0.181200
3297  -0.180200
3298  -0.181400
3299  -0.182800
3300  -0.183000
3301  -0.184600
3302  -0.185500
3303  -0.185500
3304  -0.184700
3305  -0.184900
3306  -0.184000
3307  -0.184500
3308  -0.185300
3309  -0.187100
3310  -0.186100
3311  -0.185300
3312  -0.185000
3313  -0.185900
3314  -0.187300
3315  -0.188300
3316  -0.188800
3317  -0.188500
3318  -0.190400
3319  -0.191200
3320  -0.191000
3321  -0.189900
3322  -0.190600
3323  -0.189900
3324  -0.188300
3325  -0.189500
3326  -0.188400
3327  -0.188500
3328  -0.187400
3329  -0.187800
3330  -0.188200
3331  -0.187000
3332  -0.185300
3333  -0.185600
3334  -0.185800
3335  -0.186800
3336  -0.187900
3337  -0.187500
3338  -0.185800
3339  -0.186700
3340  -0.186100
3341  -0.185000
3342  -0.186200
3343  -0.185900
3344  -0.185300
3345  -0.184900
3346  -0.185100
3347  -0.184800
3348  -0.183600
3349  -0.183200
3350  -0.182700
3351  -0.183100
3352  -0.183200
3353  -0.184700
3354  -0.186100
3355  -0.187000
3356  -0.186800
3357  -0.185700
3358  -0.186300
3359  -0.186100
3360  -0.185100
3361  -0.185100
3362  -0.185700
3363  -0.185100
3364  -0.185900
3365  -0.183900
3366  -0.183900
3367  -0.183600
3368  -0.184100
3369  -0.182800
3370  -0.182500
3371  -0.183000
3372  -0.183600
3373  -0.184800
3374  -0.185200
3375  -0.183700
3376  -0.184300
3377  -0.184500
3378  -0.183500
3379  -0.184300
3380  -0.184800
3381  -0.185000
3382  -0.184000
3383  -0.183800
3384  -0.184900
3385  -0.184900
3386  -0.183900
3387  -0.183600
3388  -0.184900
3389  -0.185400
3390  -0.185300
3391  -0.187400
3392  -0.187100
3393  -0.186300
3394  -0.185800
3395  -0.184800
3396  -0.185400
3397  -0.185900
3398  -0.187100
3399  -0.186700
3400  -0.188000
3401  -0.187700
3402  -0.187100
3403  -0.187300
3404  -0.186800
3405  -0.187400
3406  -0.188000
3407  -0.188800
3408  -0.186700
3409  -0.189300
3410  -0.189000
3411  -0.190300
3412  -0.190500
3413  -0.189900
3414  -0.189500
3415  -0.188700
3416  -0.188600
3417  -0.189200
3418  -0.189300
3419  -0.191200
3420  -0.191600
3421  -0.191600
3422  -0.192100
3423  -0.192900
3424  -0.192400
3425  -0.192300
3426  -0.193200
3427  -0.193800
3428  -0.194900
3429  -0.194900
3430  -0.195100
3431  -0.195000
3432  -0.195200
3433  -0.194000
3434  -0.194400
3435  -0.195400
3436  -0.195800
3437  -0.195200
3438  -0.195200
3439  -0.194100
3440  -0.194200
3441  -0.194200
3442  -0.195500
3443  -0.196100
3444  -0.195900
3445  -0.195700
3446  -0.194800
3447  -0.193600
3448  -0.194900
3449  -0.195800
3450  -0.195500
3451  -0.195800
3452  -0.194600
3453  -0.193900
3454  -0.193700
3455  -0.195700
3456  -0.194500
3457  -0.193700
3458  -0.193100
3459  -0.191900
3460  -0.192000
3461  -0.192200
3462  -0.191400
3463  -0.191400
3464  -0.190800
3465  -0.190500
3466  -0.190900
3467  -0.190400
3468  -0.190600
3469  -0.189600
3470  -0.188800
3471  -0.188600
3472  -0.187900
3473  -0.187800
3474  -0.187200
3475  -0.186700
3476  -0.186300
3477  -0.186500
3478  -0.188500
3479  -0.186300
3480  -0.187100
3481  -0.186300
3482  -0.186200
3483  -0.186800
3484  -0.187100
3485  -0.187400
3486  -0.187500
3487  -0.187100
3488  -0.187400
3489  -0.188100
3490  -0.188900
3491  -0.188300
3492  -0.188000
3493  -0.188400
3494  -0.188400
3495  -0.187900
3496  -0.185900
3497  -0.186900
3498  -0.188500
3499  -0.188400
3500  -0.189000
3501  -0.189700
3502  -0.189700
3503  -0.188900
3504  -0.189600
3505  -0.189000
3506  -0.189400
3507  -0.189000
3508  -0.190500
3509  -0.189200
3510  -0.189000
3511  -0.187500
3512  -0.187700
3513  -0.187700
3514  -0.187400
3515  -0.186800
3516  -0.186000
3517  -0.185500
3518  -0.186200
3519  -0.185200
3520  -0.184300
3521  -0.184000
3522  -0.183700
3523  -0.182600
3524  -0.183500
3525  -0.183400
3526  -0.184200
3527  -0.183800
3528  -0.183300
3529  -0.181700
3530  -0.180600
3531  -0.180300
3532  -0.178700
3533  -0.177400
3534  -0.177900
3535  -0.178500
3536  -0.179200
3537  -0.179900
3538  -0.179200
3539  -0.178900
3540  -0.178300
3541  -0.178800
3542  -0.179100
3543  -0.178500
3544  -0.179000
3545  -0.180300
3546  -0.182000
3547  -0.180900
3548  -0.181300
3549  -0.183000
3550  -0.183000
3551  -0.183400
3552  -0.182900
3553  -0.183000
3554  -0.182000
3555  -0.181900
3556  -0.181800
3557  -0.182400
3558  -0.181100
3559  -0.182600
3560  -0.181500
3561  -0.182000
3562  -0.183100
3563  -0.182600
3564  -0.183500
3565  -0.181200
3566  -0.181300
3567  -0.181200
3568  -0.182200
3569  -0.182500
3570  -0.181400
3571  -0.182900
3572  -0.182100
3573  -0.181400
3574  -0.182400
3575  -0.182100
3576  -0.182900
3577  -0.183000
3578  -0.182700
3579  -0.182100
3580  -0.180900
3581  -0.180700
3582  -0.181000
3583  -0.180200
3584  -0.180500
3585  -0.180800
3586  -0.180300
3587  -0.180000
3588  -0.179900
3589  -0.180900
3590  -0.181000
3591  -0.181200
3592  -0.180300
3593  -0.180600
3594  -0.180500
3595  -0.179700
3596  -0.178500
3597  -0.179600
3598  -0.177900
3599  -0.178500
3600  -0.178200
3601  -0.177500
3602  -0.176100
3603  -0.175600
3604  -0.176400
3605  -0.176000
3606  -0.175100
3607  -0.174600
3608  -0.175400
3609  -0.175500
3610  -0.174400
3611  -0.174800
3612  -0.175100
3613  -0.173500
3614  -0.174200
3615  -0.174800
3616  -0.174800
3617  -0.174400
3618  -0.173400
3619  -0.174500
3620  -0.174500
3621  -0.174500
3622  -0.174500
3623  -0.176200
3624  -0.175700
3625  -0.175400
3626  -0.175300
3627  -0.175800
3628  -0.176700
3629  -0.175900
3630  -0.174700
3631  -0.174700
3632  -0.172100
3633  -0.172100
3634  -0.172500
3635  -0.173600
3636  -0.174300
3637  -0.175400
3638  -0.176900
3639  -0.175200
3640  -0.174800
3641  -0.174500
3642  -0.175500
3643  -0.174900
3644  -0.174600
3645  -0.174300
3646  -0.174800
3647  -0.175300
3648  -0.175700
3649  -0.176500
3650  -0.176100
3651  -0.175800
3652  -0.174800
3653  -0.174900
3654  -0.176200
3655  -0.175800
3656  -0.176500
3657  -0.177100
3658  -0.176400
3659  -0.175300
3660  -0.175200
3661  -0.175000
3662  -0.176200
3663  -0.175300
3664  -0.175900
3665  -0.175200
3666  -0.175400
3667  -0.174100
3668  -0.173700
3669  -0.174100
3670  -0.175100
3671  -0.175100
3672  -0.175000
3673  -0.175100
3674  -0.174500
3675  -0.175100
3676  -0.174000
3677  -0.174700
3678  -0.175900
3679  -0.175200
3680  -0.174400
3681  -0.175900
3682  -0.175800
3683  -0.174000
3684  -0.174400
3685  -0.174300
3686  -0.173200
3687  -0.171200
3688  -0.171200
3689  -0.171100
3690  -0.171600
3691  -0.172200
3692  -0.172900
3693  -0.172900
3694  -0.171700
3695  -0.171000
3696  -0.170900
3697  -0.171100
3698  -0.169600
3699  -0.169100
3700  -0.170200
3701  -0.171400
3702  -0.172800
3703  -0.172000
3704  -0.171200
3705  -0.170700
3706  -0.168800
3707  -0.170800
3708  -0.170100
3709  -0.170000
3710  -0.169100
3711  -0.169700
3712  -0.169900
3713  -0.170100
3714  -0.168000
3715  -0.167300
3716  -0.168900
3717  -0.168900
3718  -0.170200
3719  -0.169600
3720  -0.170300
3721  -0.170300
3722  -0.171800
3723  -0.172500
3724  -0.172600
3725  -0.172900
3726  -0.171700
3727  -0.171000
3728  -0.171900
3729  -0.171000
3730  -0.172100
3731  -0.172400
3732  -0.171900
3733  -0.174300
3734  -0.172700
3735  -0.174800
3736  -0.174800
3737  -0.174200
3738  -0.174000
3739  -0.174000
3740  -0.174400
3741  -0.173700
3742  -0.174600
3743  -0.174100
3744  -0.173300
3745  -0.172000
3746  -0.172400
3747  -0.172900
3748  -0.173900
3749  -0.173200
3750  -0.172500
3751  -0.172900
3752  -0.173500
3753  -0.175100
3754  -0.173900
3755  -0.172300
3756  -0.172500
3757  -0.171900
3758  -0.170100
3759  -0.171100
3760  -0.172900
3761  -0.173600
3762  -0.174700
3763  -0.175400
3764  -0.175800
3765  -0.177400
3766  -0.178400
3767  -0.178700
3768  -0.179200
3769  -0.178800
3770  -0.178500
3771  -0.179100
3772  -0.180500
3773  -0.181000
3774  -0.180800
3775  -0.182100
3776  -0.181600
3777  -0.180900
3778  -0.181300
3779  -0.181800
3780  -0.181700
3781  -0.181700
3782  -0.182100
3783  -0.182600
3784  -0.182400
3785  -0.183100
3786  -0.183700
3787  -0.184100
3788  -0.185700
3789  -0.187100
3790  -0.185700
3791  -0.185700
3792  -0.186500
3793  -0.188200
3794  -0.187300
3795  -0.188200
3796  -0.187900
3797  -0.187400
3798  -0.187600
3799  -0.189000
3800  -0.189100
3801  -0.188600
3802  -0.189400
3803  -0.190600
3804  -0.190600
3805  -0.190500
3806  -0.190700
3807  -0.190700
3808  -0.191500
3809  -0.190900
3810  -0.191400
3811  -0.190900
3812  -0.191700
3813  -0.191400
3814  -0.191800
3815  -0.191000
3816  -0.191500
3817  -0.190200
3818  -0.190900
3819  -0.190500
3820  -0.190100
3821  -0.191200
3822  -0.193000
3823  -0.192700
3824  -0.192400
3825  -0.193100
3826  -0.192600
3827  -0.192300
3828  -0.192600
3829  -0.191600
3830  -0.191800
3831  -0.190900
3832  -0.190400
3833  -0.190200
3834  -0.190200
3835  -0.189900
3836  -0.190500
3837  -0.189000
3838  -0.188100
3839  -0.187900
3840  -0.188200
3841  -0.188900
3842  -0.189700
3843  -0.189600
3844  -0.189900
3845  -0.189800
3846  -0.189200
3847  -0.188900
3848  -0.189600
3849  -0.191300
3850  -0.189500
3851  -0.189400
3852  -0.189300
3853  -0.190200
3854  -0.190600
3855  -0.189700
3856  -0.189300
3857  -0.189400
3858  -0.189900
3859  -0.191500
3860  -0.191500
3861  -0.190700
3862  -0.191500
3863  -0.191200
3864  -0.189900
3865  -0.188000
3866  -0.188700
3867  -0.189600
3868  -0.189100
3869  -0.188100
3870  -0.187900
3871  -0.187900
3872  -0.188000
3873  -0.187900
3874  -0.188100
3875  -0.187500
3876  -0.187500
3877  -0.187800
3878  -0.187400
3879  -0.186900
3880  -0.187500
3881  -0.188700
3882  -0.189200
3883  -0.188900
3884  -0.188200
3885  -0.187900
3886  -0.187000
3887  -0.189200
3888  -0.189100
3889  -0.187800
3890  -0.187200
3891  -0.187000
3892  -0.186900
3893  -0.187100
3894  -0.185300
3895  -0.185900
3896  -0.186100
3897  -0.186200
3898  -0.186900
3899  -0.184500
3900  -0.183100
3901  -0.181900
3902  -0.182400
3903  -0.181600
3904  -0.181100
3905  -0.181400
3906  -0.181600
3907  -0.183100
3908  -0.183300
3909  -0.183400
3910  -0.184100
3911  -0.184700
3912  -0.185700
3913  -0.185500
3914  -0.185600
3915  -0.185300
3916  -0.184800
3917  -0.184500
3918  -0.185900
3919  -0.184900
3920  -0.184300
3921  -0.184000
3922  -0.184100
3923  -0.184000
3924  -0.183900
3925  -0.184100
3926  -0.183500
3927  -0.182400
3928  -0.182800
3929  -0.182200
3930  -0.182100
3931  -0.182600
3932  -0.183000
3933  -0.182100
3934  -0.181800
3935  -0.181400
3936  -0.181400
3937  -0.181000
3938  -0.182400
3939  -0.182200
3940  -0.182600
3941  -0.183700
3942  -0.183900
3943  -0.185000
3944  -0.184500
3945  -0.184100
3946  -0.184700
3947  -0.184300
3948  -0.183100
3949  -0.184100
3950  -0.183200
3951  -0.182800
3952  -0.182800
3953  -0.183100
3954  -0.183800
3955  -0.184600
3956  -0.185100
3957  -0.185200
3958  -0.183900
3959  -0.184000
3960  -0.185800
3961  -0.185000
3962  -0.186200
3963  -0.185900
3964  -0.185100
3965  -0.184700
3966  -0.184900
3967  -0.184700
3968  -0.186700
3969  -0.187700
3970  -0.188500
3971  -0.188900
3972  -0.189300
3973  -0.189700
3974  -0.189600
3975  -0.190500
3976  -0.190900
3977  -0.191700
3978  -0.191600
3979  -0.190600
3980  -0.192000
3981  -0.191600
3982  -0.191500
3983  -0.191200
3984  -0.190300
3985  -0.191100
3986  -0.191100
3987  -0.191200
3988  -0.190700
3989  -0.191900
3990  -0.192400
3991  -0.193200
3992  -0.193000
3993  -0.191500
3994  -0.191300
3995  -0.191400
3996  -0.190100
3997  -0.190000
3998  -0.189800
3999  -0.189200
4000  -0.188900
4001  -0.190100
4002  -0.189100
4003  -0.188600
4004  -0.188500
4005  -0.189200
4006  -0.191000
4007  -0.192500
4008  -0.193500
4009  -0.193400
4010  -0.193600
4011  -0.192900
4012  -0.194500
4013  -0.196000
4014  -0.196000
4015  -0.195600
4016  -0.195400
4017  -0.197200
4018  -0.197100
4019  -0.197600
4020  -0.197800
4021  -0.196900
4022  -0.198500
4023  -0.198800
4024  -0.198300
4025  -0.199300
4026  -0.199700
4027  -0.199000
4028  -0.198300
4029  -0.199200
4030  -0.200400
4031  -0.201200
4032  -0.200800
4033  -0.199100
4034  -0.199600
4035  -0.198200
4036  -0.198900
4037  -0.199600
4038  -0.199800
4039  -0.201100
4040  -0.200000
4041  -0.199700
4042  -0.201500
4043  -0.201800
4044  -0.202200
4045  -0.202400
4046  -0.202900
4047  -0.203600
4048  -0.203300
4049  -0.204000
4050  -0.204400
4051  -0.203800
4052  -0.203500
4053  -0.204100
4054  -0.202900
4055  -0.200800
4056  -0.200700
4057  -0.200400
4058  -0.200100
4059  -0.201100
4060  -0.201900
4061  -0.200300
4062  -0.201400
4063  -0.201000
4064  -0.201300
4065  -0.201700
4066  -0.200600
4067  -0.200800
4068  -0.198900
4069  -0.200200
4070  -0.199600
4071  -0.199000
4072  -0.198500
4073  -0.198100
4074  -0.199400
4075  -0.199000
4076  -0.199000
4077  -0.198500
4078  -0.199100
4079  -0.200400
4080  -0.201600
4081  -0.202300
4082  -0.202500
4083  -0.201800
4084  -0.203200
4085  -0.203300
4086  -0.205400
4087  -0.203800
4088  -0.203700
4089  -0.203600
4090  -0.203900
4091  -0.203000
4092  -0.204000
4093  -0.204500
4094  -0.204600
4095  -0.205100
4096  -0.205700
4097  -0.205900
4098  -0.207400
4099  -0.207200
4100  -0.207900
4101  -0.207700
4102  -0.207900
4103  -0.209100
4104  -0.209600
4105  -0.209900
4106  -0.209800
4107  -0.211300
4108  -0.211600
4109  -0.211900
4110  -0.211700
4111  -0.212000
4112  -0.213500
4113  -0.213700
4114  -0.212800
4115  -0.212800
4116  -0.212900
4117  -0.213400
4118  -0.213100
4119  -0.212800
4120  -0.212400
4121  -0.213600
4122  -0.213400
4123  -0.214600
4124  -0.213700
4125  -0.214300
4126  -0.215200
4127  -0.215600
4128  -0.216000
4129  -0.216000
4130  -0.216100
4131  -0.214800
4132  -0.215800
4133  -0.216700
4134  -0.215600
4135  -0.214500
4136  -0.214200
4137  -0.214400
4138  -0.213200
4139  -0.214300
4140  -0.215400
4141  -0.214500
4142  -0.213200
4143  -0.212300
4144  -0.213300
4145  -0.213600
4146  -0.213500
4147  -0.213800
4148  -0.213800
4149  -0.214000
4150  -0.213700
4151  -0.212700
4152  -0.212100
4153  -0.210900
4154  -0.211900
4155  -0.212600
4156  -0.211700
4157  -0.212600
4158  -0.213800
4159  -0.213800
4160  -0.212100
4161  -0.212900
4162  -0.212700
4163  -0.212200
4164  -0.212300
4165  -0.212700
4166  -0.212500
4167  -0.212400
4168  -0.210400
4169  -0.210200
4170  -0.210400
4171  -0.210200
4172  -0.209100
4173  -0.209400
4174  -0.211200
4175  -0.211300
4176  -0.211200
4177  -0.211200
4178  -0.212000
4179  -0.213300
4180  -0.212900
4181  -0.212600
4182  -0.215300
4183  -0.217400
4184  -0.217000
4185  -0.216800
4186  -0.217600
4187  -0.218500
4188  -0.218800
4189  -0.217500
4190  -0.217300
4191  -0.218000
4192  -0.218000
4193  -0.216400
4194  -0.216700
4195  -0.214200
4196  -0.213200
4197  -0.212400
4198  -0.211700
4199  -0.212200
4200  -0.211100
4201  -0.210200
4202  -0.210700
4203  -0.211300
4204  -0.211700
4205  -0.211200
4206  -0.211000
4207  -0.212100
4208  -0.212400
4209  -0.213200
4210  -0.214400
4211  -0.214000
4212  -0.214500
4213  -0.215400
4214  -0.214800
4215  -0.215200
4216  -0.216600
4217  -0.216500
4218  -0.216400
4219  -0.215700
4220  -0.215000
4221  -0.216500
4222  -0.215500
4223  -0.215800
4224  -0.215900
4225  -0.215400
4226  -0.216000
4227  -0.216800
4228  -0.217100
4229  -0.216600
4230  -0.216800
4231  -0.217500
4232  -0.217800
4233  -0.217200
4234  -0.217800
4235  -0.218300
4236  -0.219100
4237  -0.220100
4238  -0.221300
4239  -0.221800
4240  -0.221300
4241  -0.221400
4242  -0.220600
4243  -0.220500
4244  -0.221300
4245  -0.220700
4246  -0.220700
4247  -0.219300
4248  -0.217800
4249  -0.216100
4250  -0.215800
4251  -0.214900
4252  -0.214300
4253  -0.215400
4254  -0.215500
4255  -0.216600
4256  -0.218600
4257  -0.218300
4258  -0.218200
4259  -0.218300
4260  -0.219100
4261  -0.219700
4262  -0.220000
4263  -0.219800
4264  -0.218900
4265  -0.218300
4266  -0.218200
4267  -0.217900
4268  -0.217800
4269  -0.217800
4270  -0.217900
4271  -0.216700
4272  -0.216600
4273  -0.216000
4274  -0.215100
4275  -0.214300
4276  -0.213700
4277  -0.212900
4278  -0.212400
4279  -0.212400
4280  -0.211800
4281  -0.210600
4282  -0.210400
4283  -0.210200
4284  -0.210600
4285  -0.210600
4286  -0.210200
4287  -0.209100
4288  -0.210500
4289  -0.209700
4290  -0.209100
4291  -0.209200
4292  -0.209100
4293  -0.208400
4294  -0.207600
4295  -0.208100
4296  -0.208000
4297  -0.207200
4298  -0.207600
4299  -0.206100
4300  -0.205800
4301  -0.204900
4302  -0.205700
4303  -0.205100
4304  -0.204500
4305  -0.204900
4306  -0.205700
4307  -0.204000
4308  -0.204600
4309  -0.205400
4310  -0.205000
4311  -0.205100
4312  -0.203900
4313  -0.204500
4314  -0.204600
4315  -0.206300
4316  -0.205300
4317  -0.203900
4318  -0.203900
4319  -0.203800
4320  -0.202400
4321  -0.202800
4322  -0.202300
4323  -0.203000
4324  -0.201900
4325  -0.201800
4326  -0.202200
4327  -0.201300
4328  -0.202400
4329  -0.202800
4330  -0.203100
4331  -0.203400
4332  -0.202500
4333  -0.202200
4334  -0.201200
4335  -0.199500
4336  -0.198900
4337  -0.198900
4338  -0.199000
4339  -0.198700
4340  -0.197200
4341  -0.197200
4342  -0.196500
4343  -0.196300
4344  -0.197000
4345  -0.196700
4346  -0.196700
4347  -0.196400
4348  -0.196000
4349  -0.195800
4350  -0.196000
4351  -0.195700
4352  -0.196700
4353  -0.195700
4354  -0.196500
4355  -0.196600
4356  -0.197400
4357  -0.197700
4358  -0.197400
4359  -0.197000
4360  -0.195100
4361  -0.194900
4362  -0.195300
4363  -0.195000
4364  -0.195800
4365  -0.196400
4366  -0.195000
4367  -0.195400
4368  -0.195900
4369  -0.196500
4370  -0.197300
4371  -0.196400
4372  -0.194900
4373  -0.194300
4374  -0.194100
4375  -0.193700
4376  -0.194900
4377  -0.195000
4378  -0.194300
4379  -0.194600
4380  -0.194600
4381  -0.194800
4382  -0.194800
4383  -0.195800
4384  -0.194500
4385  -0.195200
4386  -0.195100
4387  -0.193900
4388  -0.192700
4389  -0.191600
4390  -0.192000
4391  -0.192200
4392  -0.192200
4393  -0.191600
4394  -0.191700
4395  -0.192300
4396  -0.193300
4397  -0.194000
4398  -0.192700
4399  -0.192700
4400  -0.193000
4401  -0.192800
4402  -0.192900
4403  -0.193400
4404  -0.192300
4405  -0.193900
4406  -0.193600
4407  -0.194600
4408  -0.194000
4409  -0.193200
4410  -0.192500
4411  -0.191300
4412  -0.192900
4413  -0.192600
4414  -0.192500
4415  -0.192300
4416  -0.193200
4417  -0.192400
4418  -0.192500
4419  -0.195000
4420  -0.196500
4421  -0.196600
4422  -0.196200
4423  -0.196300
4424  -0.196200
4425  -0.196000
4426  -0.196100
4427  -0.196300
4428  -0.197100
4429  -0.197600
4430  -0.195500
4431  -0.196900
4432  -0.198400
4433  -0.199100
4434  -0.198300
4435  -0.197000
4436  -0.197600
4437  -0.196200
4438  -0.195900
4439  -0.196300
4440  -0.196600
4441  -0.197000
4442  -0.197100
4443  -0.197100
4444  -0.197700
4445  -0.198900
4446  -0.199700
4447  -0.198900
4448  -0.200100
4449  -0.199700
4450  -0.199300
4451  -0.199800
4452  -0.200800
4453  -0.202100
4454  -0.201500
4455  -0.202800
4456  -0.202500
4457  -0.201400
4458  -0.201800
4459  -0.202000
4460  -0.202200
4461  -0.201800
4462  -0.201200
4463  -0.201000
4464  -0.201700
4465  -0.200300
4466  -0.199600
4467  -0.198700
4468  -0.199200
4469  -0.200300
4470  -0.198300
4471  -0.196700
4472  -0.197400
4473  -0.196800
4474  -0.195600
4475  -0.194400
4476  -0.194000
4477  -0.193100
4478  -0.192800
4479  -0.193100
4480  -0.192000
4481  -0.193800
4482  -0.192400
4483  -0.192000
4484  -0.190800
4485  -0.191800
4486  -0.191300
4487  -0.190700
4488  -0.191900
4489  -0.191800
4490  -0.190500
4491  -0.189300
4492  -0.190500
4493  -0.191100
4494  -0.191000
4495  -0.191300
4496  -0.191300
4497  -0.190800
4498  -0.191800
4499  -0.192700
4500  -0.192700
4501  -0.192700
4502  -0.193300
4503  -0.192500
4504  -0.192200
4505  -0.192800
4506  -0.191500
4507  -0.191800
4508  -0.191900
4509  -0.192200
4510  -0.193100
4511  -0.194100
4512  -0.193100
4513  -0.193100
4514  -0.192900
4515  -0.192900
4516  -0.194200
4517  -0.193300
4518  -0.193400
4519  -0.193200
4520  -0.193000
4521  -0.194200
4522  -0.195200
4523  -0.195300
4524  -0.196100
4525  -0.196400
4526  -0.196800
4527  -0.197000
4528  -0.196000
4529  -0.195300
4530  -0.195000
4531  -0.195200
4532  -0.195300
4533  -0.194600
4534  -0.193300
4535  -0.194400
4536  -0.194800
4537  -0.195100
4538  -0.195500
4539  -0.195000
4540  -0.193700
4541  -0.193700
4542  -0.194000
4543  -0.195200
4544  -0.195100
4545  -0.196600
4546  -0.196200
4547  -0.195500
4548  -0.196300
4549  -0.196600
4550  -0.197100
4551  -0.197500
4552  -0.197700
4553  -0.197500
4554  -0.196700
4555  -0.197100
4556  -0.196600
4557  -0.198400
4558  -0.198400
4559  -0.198600
4560  -0.197000
4561  -0.197300
4562  -0.197400
4563  -0.196400
4564  -0.195200
4565  -0.196300
4566  -0.197500
4567  -0.197500
4568  -0.197100
4569  -0.197600
4570  -0.197200
4571  -0.195300
4572  -0.196000
4573  -0.197700
4574  -0.197500
4575  -0.197800
4576  -0.197700
4577  -0.197000
4578  -0.196800
4579  -0.196600
4580  -0.197700
4581  -0.196800
4582  -0.196300
4583  -0.196300
4584  -0.195500
4585  -0.195300
4586  -0.194800
4587  -0.194900
4588  -0.195600
4589  -0.195300
4590  -0.194300
4591  -0.194600
4592  -0.194600
4593  -0.195000
4594  -0.194900
4595  -0.197100
4596  -0.198000
4597  -0.198000
4598  -0.197500
4599  -0.198000
4600  -0.199400
4601  -0.200600
4602  -0.201300
4603  -0.201600
4604  -0.201900
4605  -0.200900
4606  -0.202700
4607  -0.202800
4608  -0.203300
4609  -0.203300
4610  -0.202500
4611  -0.201800
4612  -0.200300
4613  -0.200800
4614  -0.200000
4615  -0.199700
4616  -0.199100
4617  -0.198200
4618  -0.198100
4619  -0.198200
4620  -0.198000
4621  -0.198200
4622  -0.198900
4623  -0.198800
4624  -0.198700
4625  -0.198100
4626  -0.198400
4627  -0.198200
4628  -0.197500
4629  -0.196700
4630  -0.195600
4631  -0.196300
4632  -0.196000
4633  -0.197600
4634  -0.198500
4635  -0.198300
4636  -0.199700
4637  -0.199300
4638  -0.198300
4639  -0.198300
4640  -0.198200
4641  -0.198500
4642  -0.199800
4643  -0.199900
4644  -0.199800
4645  -0.200400
4646  -0.199200
4647  -0.197500
4648  -0.198700
4649  -0.198300
4650  -0.197400
4651  -0.196700
4652  -0.195800
4653  -0.195400
4654  -0.196300
4655  -0.195900
4656  -0.195500
4657  -0.194300
4658  -0.192900
4659  -0.193200
4660  -0.193400
4661  -0.192600
4662  -0.191800
4663  -0.192900
4664  -0.192900
4665  -0.192100
4666  -0.193100
4667  -0.193800
4668  -0.193000
4669  -0.192500
4670  -0.192700
4671  -0.192100
4672  -0.192000
4673  -0.190700
4674  -0.190700
4675  -0.190200
4676  -0.190500
4677  -0.192000
4678  -0.191900
4679  -0.192000
4680  -0.192300
4681  -0.193100
4682  -0.194500
4683  -0.194900
4684  -0.195300
4685  -0.196300
4686  -0.198200
4687  -0.198500
4688  -0.198900
4689  -0.199200
4690  -0.199200
4691  -0.197300
4692  -0.198100
4693  -0.199600
4694  -0.198800
4695  -0.197500
4696  -0.197600
4697  -0.196600
4698  -0.197000
4699  -0.197400
4700  -0.198100
4701  -0.198200
4702  -0.200100
4703  -0.200300
4704  -0.198100
4705  -0.196200
4706  -0.196800
4707  -0.196600
4708  -0.196600
4709  -0.196600
4710  -0.196700
4711  -0.197100
4712  -0.197400
4713  -0.196500
4714  -0.195000
4715  -0.195300
4716  -0.193900
4717  -0.192600
4718  -0.192000
4719  -0.192900
4720  -0.192800
4721  -0.193400
4722  -0.193200
4723  -0.193600
4724  -0.193300
4725  -0.193300
4726  -0.193100
4727  -0.192300
4728  -0.192100
4729  -0.192100
4730  -0.193200
4731  -0.192100
4732  -0.193500
4733  -0.194100
4734  -0.195300
4735  -0.195500
4736  -0.195700
4737  -0.195400
4738  -0.196000
4739  -0.196400
4740  -0.197900
4741  -0.195300
4742  -0.195400
4743  -0.196500
4744  -0.198100
4745  -0.199100
4746  -0.199900
4747  -0.199900
4748  -0.199800
4749  -0.199700
4750  -0.200200
4751  -0.200200
4752  -0.199200
4753  -0.199800
4754  -0.201000
4755  -0.201000
4756  -0.199800
4757  -0.200400
4758  -0.201000
4759  -0.201000
4760  -0.201700
4761  -0.201100
4762  -0.202600
4763  -0.202000
4764  -0.202100
4765  -0.201800
4766  -0.202400
4767  -0.202100
4768  -0.202600
4769  -0.203800
4770  -0.203900
4771  -0.205000
4772  -0.204500
4773  -0.205200
4774  -0.205900
4775  -0.206100
4776  -0.205600
4777  -0.205800
4778  -0.204600
4779  -0.204200
4780  -0.202500
4781  -0.202100
4782  -0.199900
4783  -0.200000
4784  -0.199500
4785  -0.200600
4786  -0.201400
4787  -0.201200
4788  -0.201800
4789  -0.201300
4790  -0.200300
4791  -0.198200
4792  -0.197700
4793  -0.197300
4794  -0.195800
4795  -0.195900
4796  -0.195400
4797  -0.196600
4798  -0.195500
4799  -0.194900
4800  -0.194800
4801  -0.195700
4802  -0.194300
4803  -0.194700
4804  -0.193700
4805  -0.193700
4806  -0.194900
4807  -0.195500
4808  -0.195200
4809  -0.194900
4810  -0.194400
4811  -0.193600
4812  -0.192500
4813  -0.192000
4814  -0.192000
4815  -0.192500
4816  -0.192000
4817  -0.191400
4818  -0.191400
4819  -0.192200
4820  -0.192200
4821  -0.191500
4822  -0.192300
4823  -0.191300
4824  -0.190000
4825  -0.190100
4826  -0.190600
4827  -0.190500
4828  -0.189400
4829  -0.190500
4830  -0.189400
4831  -0.190500
4832  -0.189600
4833  -0.189600
4834  -0.188500
4835  -0.187300
4836  -0.187700
4837  -0.187200
4838  -0.186700
4839  -0.185000
4840  -0.185200
4841  -0.184900
4842  -0.184500
4843  -0.185100
4844  -0.186600
4845  -0.187100
4846  -0.187800
4847  -0.188400
4848  -0.187700
4849  -0.186400
4850  -0.185700
4851  -0.185400
4852  -0.186100
4853  -0.186500
4854  -0.186800
4855  -0.187300
4856  -0.186900
4857  -0.187000
4858  -0.187700
4859  -0.187200
4860  -0.188100
4861  -0.187000
4862  -0.187700
4863  -0.187400
4864  -0.186900
4865  -0.187600
4866  -0.186200
4867  -0.186400
4868  -0.185200
4869  -0.185400
4870  -0.185200
4871  -0.185000
4872  -0.183500
4873  -0.182600
4874  -0.181800
4875  -0.181700
4876  -0.181300
4877  -0.181900
4878  -0.179900
4879  -0.179800
4880  -0.180200
4881  -0.180300
4882  -0.182400
4883  -0.181700
4884  -0.181000
4885  -0.181200
4886  -0.180100
4887  -0.180400
4888  -0.179900
4889  -0.180300
4890  -0.181100
4891  -0.180800
4892  -0.180500
4893  -0.180700
4894  -0.181900
4895  -0.179700
4896  -0.180600
4897  -0.181900
4898  -0.181500
4899  -0.181300
4900  -0.181100
4901  -0.179800
4902  -0.180200
4903  -0.179600
4904  -0.178700
4905  -0.178900
4906  -0.179300
4907  -0.179100
4908  -0.179700
4909  -0.179900
4910  -0.179400
4911  -0.178900
4912  -0.179200
4913  -0.179800
4914  -0.179300
4915  -0.178600
4916  -0.177400
4917  -0.178400
4918  -0.177200
4919  -0.177700
4920  -0.179300
4921  -0.180700
4922  -0.180500
4923  -0.181000
4924  -0.182900
4925  -0.183100
4926  -0.184400
4927  -0.184200
4928  -0.185000
4929  -0.185300
4930  -0.185100
4931  -0.185300
4932  -0.185000
4933  -0.183700
4934  -0.184100
4935  -0.185100
4936  -0.185100
4937  -0.186400
4938  -0.185400
4939  -0.185400
4940  -0.183600
4941  -0.183700
4942  -0.184600
4943  -0.182900
4944  -0.182900
4945  -0.181800
4946  -0.180900
4947  -0.180000
4948  -0.179500
4949  -0.180100
4950  -0.180800
4951  -0.180900
4952  -0.181500
4953  -0.181600
4954  -0.181800
4955  -0.182600
4956  -0.182100
4957  -0.182700
4958  -0.183800
4959  -0.182700
4960  -0.183800
4961  -0.183100
4962  -0.182100
4963  -0.180900
4964  -0.181800
4965  -0.181300
4966  -0.181400
4967  -0.183100
4968  -0.181900
4969  -0.181900
4970  -0.180700
4971  -0.181200
4972  -0.180800
4973  -0.181100
4974  -0.182200
4975  -0.182700
4976  -0.183700
4977  -0.183100
4978  -0.181700
4979  -0.180700
4980  -0.178400
4981  -0.180900
4982  -0.181100
4983  -0.181500
4984  -0.180300
4985  -0.180400
4986  -0.179900
4987  -0.180400
4988  -0.180000
4989  -0.179600
4990  -0.179500
4991  -0.179400
4992  -0.180600
4993  -0.181100
4994  -0.180400
4995  -0.179100
4996  -0.179000
4997  -0.179400
4998  -0.179200
4999  -0.179700
5000  -0.180300
5001  -0.180600
5002  -0.180400
5003  -0.180600
5004  -0.180300
5005  -0.180500
5006  -0.180600
5007  -0.180000
5008  -0.179700
5009  -0.180400
5010  -0.181000
5011  -0.181500
5012  -0.181700
5013  -0.183600
5014  -0.183800
5015  -0.184300
5016  -0.185300
5017  -0.185400
5018  -0.185800
5019  -0.185500
5020  -0.185700
5021  -0.186100
5022  -0.185400
5023  -0.186600
5024  -0.186700
5025  -0.186500
5026  -0.186000
5027  -0.185600
5028  -0.185000
5029  -0.184000
5030  -0.183500
5031  -0.184600
5032  -0.184600
5033  -0.184700
5034  -0.185200
5035  -0.185000
5036  -0.185100
5037  -0.184700
5038  -0.184000
5039  -0.183300
5040  -0.182800
5041  -0.181600
5042  -0.181200
5043  -0.180300
5044  -0.180700
5045  -0.179600
5046  -0.179800
5047  -0.180100
5048  -0.179800
5049  -0.180300
5050  -0.180600
5051  -0.180100
5052  -0.179800
5053  -0.178800
5054  -0.178300
5055  -0.178000
5056  -0.178200
5057  -0.179100
5058  -0.179400
5059  -0.178900
5060  -0.179500
5061  -0.180000
5062  -0.179900
5063  -0.179500
5064  -0.179400
5065  -0.179300
5066  -0.180200
5067  -0.180300
5068  -0.179200
5069  -0.179400
5070  -0.177400
5071  -0.177800
5072  -0.177900
5073  -0.178600
5074  -0.178600
5075  -0.178100
5076  -0.179100
5077  -0.178700
5078  -0.179200
5079  -0.179100
5080  -0.178800
5081  -0.178700
5082  -0.178500
5083  -0.179100
5084  -0.179000
5085  -0.177900
5086  -0.176600
5087  -0.175400
5088  -0.175700
5089  -0.176300
5090  -0.175000
5091  -0.174800
5092  -0.176000
5093  -0.177000
5094  -0.175800
5095  -0.176200
5096  -0.176800
5097  -0.177200
5098  -0.176000
5099  -0.177100
5100  -0.177800
5101  -0.179200
5102  -0.179300
5103  -0.179600
5104  -0.179100
5105  -0.181000
5106  -0.181900
5107  -0.181000
5108  -0.182200
5109  -0.181900
5110  -0.181600
5111  -0.180600
5112  -0.181000
5113  -0.182200
5114  -0.182100
5115  -0.182800
5116  -0.183400
5117  -0.183700
5118  -0.184000
5119  -0.184300
5120  -0.185300
5121  -0.186100
5122  -0.186400
5123  -0.187000
5124  -0.187800
5125  -0.186900
5126  -0.187500
5127  -0.187300
5128  -0.187800
5129  -0.187500
5130  -0.186500
5131  -0.186400
5132  -0.187200
5133  -0.188100
5134  -0.188200
5135  -0.188600
5136  -0.189200
5137  -0.189100
5138  -0.188900
5139  -0.188300
5140  -0.188000
5141  -0.188700
5142  -0.188400
5143  -0.187600
5144  -0.187200
5145  -0.186200
5146  -0.185600
5147  -0.186400
5148  -0.186400
5149  -0.186700
5150  -0.187500
5151  -0.187800
5152  -0.188200
5153  -0.188900
5154  -0.189200
5155  -0.189100
5156  -0.189400
5157  -0.189300
5158  -0.189600
5159  -0.189800
5160  -0.190400
5161  -0.190600
5162  -0.192100
5163  -0.192500
5164  -0.193300
5165  -0.192700
5166  -0.191600
5167  -0.191300
5168  -0.191400
5169  -0.191300
5170  -0.191700
5171  -0.192400
5172  -0.194200
5173  -0.193700
5174  -0.193400
5175  -0.193400
5176  -0.194200
5177  -0.192900
5178  -0.192600
5179  -0.192600
5180  -0.192500
5181  -0.191500
5182  -0.190900
5183  -0.190600
5184  -0.191400
5185  -0.191500
5186  -0.190000
5187  -0.189700
5188  -0.189800
5189  -0.188500
5190  -0.188400
5191  -0.188000
5192  -0.188000
5193  -0.187300
5194  -0.187500
5195  -0.187700
5196  -0.188200
5197  -0.188700
5198  -0.186700
5199  -0.186100
5200  -0.185100
5201  -0.183800
5202  -0.183600
5203  -0.184600
5204  -0.183900
5205  -0.183500
5206  -0.183600
5207  -0.183800
5208  -0.183000
5209  -0.183600
5210  -0.183100
5211  -0.184700
5212  -0.183800
5213  -0.182400
5214  -0.182700
5215  -0.182400
5216  -0.182400
5217  -0.182000
5218  -0.182400
5219  -0.182400
5220  -0.181600
5221  -0.181900
5222  -0.183500
5223  -0.183300
5224  -0.184100
5225  -0.184100
5226  -0.183900
5227  -0.182200
5228  -0.182900
5229  -0.182100
5230  -0.182200
5231  -0.183500
5232  -0.183600
5233  -0.183300
5234  -0.184600
5235  -0.185000
5236  -0.184800
5237  -0.184500
5238  -0.184700
5239  -0.185000
5240  -0.184600
5241  -0.184600
5242  -0.185900
5243  -0.186700
5244  -0.187000
5245  -0.187800
5246  -0.188500
5247  -0.188100
5248  -0.187500
5249  -0.187700
5250  -0.188400
5251  -0.187700
5252  -0.186800
5253  -0.185800
5254  -0.185800
5255  -0.185200
5256  -0.184600
5257  -0.184300
5258  -0.184200
5259  -0.183800
5260  -0.183700
5261  -0.183100
5262  -0.183500
5263  -0.183300
5264  -0.182400
5265  -0.180600
5266  -0.181900
5267  -0.181200
5268  -0.180400
5269  -0.181000
5270  -0.180700
5271  -0.179300
5272  -0.177900
5273  -0.177600
5274  -0.177900
5275  -0.177900
5276  -0.179100
5277  -0.179800
5278  -0.178500
5279  -0.178100
5280  -0.177700
5281  -0.177200
5282  -0.178300
5283  -0.177200
5284  -0.176900
5285  -0.176400
5286  -0.177000
5287  -0.175700
5288  -0.175600
5289  -0.177400
5290  -0.176800
5291  -0.175700
5292  -0.174900
5293  -0.174900
5294  -0.174400
5295  -0.172600
5296  -0.172300
5297  -0.172000
5298  -0.171000
5299  -0.171300
5300  -0.171000
5301  -0.170900
5302  -0.171300
5303  -0.171700
5304  -0.172000
5305  -0.171700
5306  -0.171700
5307  -0.171700
5308  -0.171200
5309  -0.171500
5310  -0.171800
5311  -0.172500
5312  -0.172500
5313  -0.172400
5314  -0.171500
5315  -0.172100
5316  -0.171500
5317  -0.171900
5318  -0.172500
5319  -0.172000
5320  -0.170800
5321  -0.171000
5322  -0.170400
5323  -0.169900
5324  -0.169700
5325  -0.170000
5326  -0.170300
5327  -0.169200
5328  -0.168400
5329  -0.168300
5330  -0.168400
5331  -0.168600
5332  -0.167000
5333  -0.166900
5334  -0.167200
5335  -0.168200
5336  -0.169400
5337  -0.167600
5338  -0.166900
5339  -0.166500
5340  -0.167700
5341  -0.168500
5342  -0.168500
5343  -0.168800
5344  -0.168300
5345  -0.167000
5346  -0.165900
5347  -0.166500
5348  -0.166600
5349  -0.166900
5350  -0.167600
5351  -0.167000
5352  -0.167600
5353  -0.167200
5354  -0.167100
5355  -0.167300
5356  -0.166700
5357  -0.167400
5358  -0.167000
5359  -0.167200
5360  -0.168400
5361  -0.167700
5362  -0.168500
5363  -0.167700
5364  -0.167700
5365  -0.167200
5366  -0.167100
5367  -0.167200
5368  -0.167700
5369  -0.165800
5370  -0.166600
5371  -0.166600
5372  -0.166800
5373  -0.167500
5374  -0.167500
5375  -0.166600
5376  -0.164400
5377  -0.164500
5378  -0.163900
5379  -0.166300
5380  -0.165800
5381  -0.165000
5382  -0.164500
5383  -0.163600
5384  -0.162900
5385  -0.162400
5386  -0.163200
5387  -0.163800
5388  -0.163100
5389  -0.164200
5390  -0.165000
5391  -0.165800
5392  -0.166900
5393  -0.166400
5394  -0.165400
5395  -0.165500
5396  -0.165800
5397  -0.166700
5398  -0.166500
5399  -0.166500
5400  -0.165600
5401  -0.165800
5402  -0.164700
5403  -0.164400
5404  -0.164400
5405  -0.164500
5406  -0.164400
5407  -0.165000
5408  -0.165400
5409  -0.164800
5410  -0.164400
5411  -0.166100
5412  -0.166500
5413  -0.166300
5414  -0.167000
5415  -0.167700
5416  -0.167600
5417  -0.168000
5418  -0.167900
5419  -0.167900
5420  -0.168100
5421  -0.167600
5422  -0.167100
5423  -0.167400
5424  -0.167900
5425  -0.168400
5426  -0.168200
5427  -0.168700
5428  -0.168600
5429  -0.168300
5430  -0.167800
5431  -0.168400
5432  -0.168100
5433  -0.168400
5434  -0.169900
5435  -0.169600
5436  -0.170300
5437  -0.168600
5438  -0.168800
5439  -0.168900
5440  -0.170000
5441  -0.170800
5442  -0.170800
5443  -0.170900
5444  -0.170700
5445  -0.170300
5446  -0.171200
5447  -0.171700
5448  -0.171900
5449  -0.171200
5450  -0.171600
5451  -0.173000
5452  -0.172200
5453  -0.170600
5454  -0.171300
5455  -0.171700
5456  -0.172000
5457  -0.171600
5458  -0.172900
5459  -0.173300
5460  -0.173600
5461  -0.175100
5462  -0.174200
5463  -0.174200
5464  -0.175500
5465  -0.177000
5466  -0.177100
5467  -0.177700
5468  -0.177600
5469  -0.177400
5470  -0.176600
5471  -0.177200
5472  -0.177000
5473  -0.176700
5474  -0.177600
5475  -0.177200
5476  -0.176300
5477  -0.176100
5478  -0.175500
5479  -0.175000
5480  -0.175600
5481  -0.176400
5482  -0.175900
5483  -0.176600
5484  -0.176600
5485  -0.176900
5486  -0.176700
5487  -0.176700
5488  -0.177200
5489  -0.177400
5490  -0.178500
5491  -0.179100
5492  -0.178700
5493  -0.179300
5494  -0.178600
5495  -0.179200
5496  -0.180300
5497  -0.179400
5498  -0.178900
5499  -0.178000
5500  -0.177800
5501  -0.176800
5502  -0.176400
5503  -0.176500
5504  -0.176200
5505  -0.176700
5506  -0.176600
5507  -0.176800
5508  -0.176600
5509  -0.177500
5510  -0.178000
5511  -0.178700
5512  -0.179200
5513  -0.179800
5514  -0.178900
5515  -0.179700
5516  -0.179300
5517  -0.178800
5518  -0.178400
5519  -0.179600
5520  -0.179200
5521  -0.179600
5522  -0.179800
5523  -0.179800
5524  -0.180400
5525  -0.181800
5526  -0.181700
5527  -0.182200
5528  -0.183100
5529  -0.183600
5530  -0.185200
5531  -0.186400
5532  -0.186300
5533  -0.186100
5534  -0.187200
5535  -0.185800
5536  -0.187500
5537  -0.186100
5538  -0.186400
5539  -0.186100
5540  -0.188000
5541  -0.187900
5542  -0.187500
5543  -0.188300
5544  -0.188900
5545  -0.188700
5546  -0.188900
5547  -0.188200
5548  -0.188000
5549  -0.188000
5550  -0.188300
5551  -0.188500
5552  -0.190200
5553  -0.190100
5554  -0.191500
5555  -0.191700
5556  -0.190300
5557  -0.189600
5558  -0.189400
5559  -0.190000
5560  -0.190000
5561  -0.190500
5562  -0.192000
5563  -0.192600
5564  -0.193100
5565  -0.192800
5566  -0.192800
5567  -0.191700
5568  -0.190400
5569  -0.190500
5570  -0.189900
5571  -0.190900
5572  -0.190300
5573  -0.190100
5574  -0.190200
5575  -0.191300
5576  -0.191400
5577  -0.190100
5578  -0.192400
5579  -0.193000
5580  -0.194600
5581  -0.194100
5582  -0.193700
5583  -0.193700
5584  -0.194100
5585  -0.195000
5586  -0.193300
5587  -0.194100
5588  -0.192800
5589  -0.194100
5590  -0.193700
5591  -0.193300
5592  -0.194900
5593  -0.194300
5594  -0.193700
5595  -0.192400
5596  -0.192800
5597  -0.193600
5598  -0.193000
5599  -0.192700
5600  -0.192800
5601  -0.193000
5602  -0.194000
5603  -0.193100
5604  -0.193600
5605  -0.194000
5606  -0.193200
5607  -0.193000
5608  -0.192200
5609  -0.192000
5610  -0.192500
5611  -0.192400
5612  -0.192700
5613  -0.191800
5614  -0.192200
5615  -0.191300
5616  -0.191400
5617  -0.190500
5618  -0.189900
5619  -0.189800
5620  -0.188100
5621  -0.187600
5622  -0.187400
5623  -0.187600
5624  -0.186000
5625  -0.187100
5626  -0.185900
5627  -0.184900
5628  -0.184900
5629  -0.184600
5630  -0.186400
5631  -0.186000
5632  -0.186800
5633  -0.188200
5634  -0.188900
5635  -0.189300
5636  -0.189500
5637  -0.190200
5638  -0.190500
5639  -0.190400
5640  -0.191800
5641  -0.191000
5642  -0.190900
5643  -0.190700
5644  -0.191900
5645  -0.192100
5646  -0.191800
5647  -0.191000
5648  -0.190300
5649  -0.190600
5650  -0.191300
5651  -0.191200
5652  -0.191200
5653  -0.191900
5654  -0.191900
5655  -0.191700
5656  -0.191700
5657  -0.191600
5658  -0.192200
5659  -0.192400
5660  -0.192900
5661  -0.190200
5662  -0.188600
5663  -0.188400
5664  -0.188800
5665  -0.188600
5666  -0.188900
5667  -0.188400
5668  -0.188700
5669  -0.189800
5670  -0.188900
5671  -0.190700
5672  -0.192300
5673  -0.193000
5674  -0.191600
5675  -0.190800
5676  -0.191100
5677  -0.190200
5678  -0.189700
5679  -0.187800
5680  -0.188300
5681  -0.188800
5682  -0.188900
5683  -0.188100
5684  -0.188200
5685  -0.190000
5686  -0.188200
5687  -0.189100
5688  -0.189500
5689  -0.189400
5690  -0.190300
5691  -0.189900
5692  -0.191200
5693  -0.190700
5694  -0.190900
5695  -0.190300
5696  -0.190000
5697  -0.188200
5698  -0.188200
5699  -0.189000
5700  -0.189700
5701  -0.189700
5702  -0.189700
5703  -0.188800
5704  -0.189200
5705  -0.188600
5706  -0.189500
5707  -0.188700
5708  -0.187000
5709  -0.188000
5710  -0.187100
5711  -0.187000
5712  -0.187200
5713  -0.186000
5714  -0.185400
5715  -0.185800
5716  -0.185700
5717  -0.185100
5718  -0.184900
5719  -0.185000
5720  -0.185200
5721  -0.184600
5722  -0.184900
5723  -0.185400
5724  -0.185100
5725  -0.184900
5726  -0.185300
5727  -0.185100
5728  -0.186000
5729  -0.185200
5730  -0.184900
5731  -0.186300
5732  -0.186600
5733  -0.187400
5734  -0.188000
5735  -0.189800
5736  -0.190800
5737  -0.190700
5738  -0.191300
5739  -0.192800
5740  -0.192900
5741  -0.191400
5742  -0.191600
5743  -0.192000
5744  -0.192600
5745  -0.191400
5746  -0.190900
5747  -0.190700
5748  -0.190300
5749  -0.189900
5750  -0.189600
5751  -0.190500
5752  -0.192200
5753  -0.193000
5754  -0.192600
5755  -0.192200
5756  -0.191100
5757  -0.190800
5758  -0.190300
5759  -0.190900
5760  -0.189800
5761  -0.190300
5762  -0.189100
5763  -0.189500
5764  -0.189800
5765  -0.190300
5766  -0.190300
5767  -0.189700
5768  -0.191200
5769  -0.190900
5770  -0.190800
5771  -0.189700
5772  -0.190000
5773  -0.190100
5774  -0.191300
5775  -0.191200
5776  -0.190700
5777  -0.190900
5778  -0.190200
5779  -0.190400
5780  -0.190200
5781  -0.190500
5782  -0.191000
5783  -0.191000
5784  -0.191000
5785  -0.190100
5786  -0.189900
5787  -0.190300
5788  -0.191100
5789  -0.191100
5790  -0.191200
5791  -0.190900
5792  -0.191500
5793  -0.192800
5794  -0.192800
5795  -0.192200
5796  -0.191700
5797  -0.190600
5798  -0.193200
5799  -0.192400
5800  -0.193000
5801  -0.191900
5802  -0.190900
5803  -0.190900
5804  -0.190400
5805  -0.190600
5806  -0.189900
5807  -0.189000
5808  -0.190200
5809  -0.188800
5810  -0.187800
5811  -0.189200
5812  -0.190900
5813  -0.190400
5814  -0.190400
5815  -0.190300
5816  -0.192100
5817  -0.193200
5818  -0.193000
5819  -0.194700
5820  -0.194800
5821  -0.192900
5822  -0.193900
5823  -0.193800
5824  -0.193800
5825  -0.192900
5826  -0.192700
5827  -0.192600
5828  -0.192400
5829  -0.191500
5830  -0.192600
5831  -0.192500
5832  -0.193300
5833  -0.192900
5834  -0.193500
5835  -0.193300
5836  -0.193600
5837  -0.194400
5838  -0.195400
5839  -0.195500
5840  -0.196300
5841  -0.197100
5842  -0.195800
5843  -0.196100
5844  -0.196400
5845  -0.194800
5846  -0.195400
5847  -0.197700
5848  -0.197700
5849  -0.198100
5850  -0.197600
5851  -0.198100
5852  -0.197700
5853  -0.197100
5854  -0.196900
5855  -0.196200
5856  -0.197500
5857  -0.196600
5858  -0.197000
5859  -0.197800
5860  -0.198400
5861  -0.197500
5862  -0.197600
5863  -0.198900
5864  -0.197500
5865  -0.197900
5866  -0.197800
5867  -0.197400
5868  -0.196300
5869  -0.197500
5870  -0.198500
5871  -0.198900
5872  -0.198100
5873  -0.197200
5874  -0.197200
5875  -0.196800
5876  -0.197600
5877  -0.197500
5878  -0.197200
5879  -0.196100
5880  -0.195000
5881  -0.195700
5882  -0.196300
5883  -0.196600
5884  -0.197900
5885  -0.196600
5886  -0.198000
5887  -0.197500
5888  -0.196600
5889  -0.197100
5890  -0.196600
5891  -0.196400
5892  -0.195300
5893  -0.194300
5894  -0.194700
5895  -0.195500
5896  -0.196300
5897  -0.196200
5898  -0.196300
5899  -0.195700
5900  -0.197400
5901  -0.197300
5902  -0.197600
5903  -0.195800
5904  -0.195400
5905  -0.196100
5906  -0.195300
5907  -0.194500
5908  -0.195600
5909  -0.195200
5910  -0.193800
5911  -0.194300
5912  -0.195600
5913  -0.194600
5914  -0.193800
5915  -0.194000
5916  -0.195300
5917  -0.194500
5918  -0.194100
5919  -0.194100
5920  -0.194100
5921  -0.193800
5922  -0.194100
5923  -0.193700
5924  -0.193400
5925  -0.191900
5926  -0.193800
5927  -0.193200
5928  -0.192900
5929  -0.192400
5930  -0.192500
5931  -0.193300
5932  -0.192900
5933  -0.192400
5934  -0.192600
5935  -0.192900
5936  -0.191400
5937  -0.191400
5938  -0.191400
5939  -0.191100
5940  -0.192900
5941  -0.192700
5942  -0.191900
5943  -0.192600
5944  -0.192500
5945  -0.192200
5946  -0.192300
5947  -0.192700
5948  -0.191900
5949  -0.190800
5950  -0.190800
5951  -0.190600
5952  -0.189700
5953  -0.189200
5954  -0.190000
5955  -0.190500
5956  -0.190900
5957  -0.189300
5958  -0.190000
5959  -0.189900
5960  -0.189700
5961  -0.190400
5962  -0.190200
5963  -0.190800
5964  -0.191000
5965  -0.191000
5966  -0.190500
5967  -0.190700
5968  -0.190900
5969  -0.190900
5970  -0.191000
5971  -0.192600
5972  -0.192800
5973  -0.192900
5974  -0.192200
5975  -0.193000
5976  -0.191900
5977  -0.192000
5978  -0.193000
5979  -0.193000
5980  -0.193600
5981  -0.194400
5982  -0.192200
5983  -0.192400
5984  -0.191600
5985  -0.191000
5986  -0.190500
5987  -0.190900
5988  -0.190900
5989  -0.191300
5990  -0.191700
5991  -0.191100
5992  -0.190800
5993  -0.190800
5994  -0.190500
5995  -0.190100
5996  -0.189500
5997  -0.188000
5998  -0.187700
5999  -0.188000
6000  -0.187700
6001  -0.187900
6002  -0.187600
6003  -0.188600
6004  -0.189200
6005  -0.189100
6006  -0.189100
6007  -0.188600
6008  -0.190100
6009  -0.190500
6010  -0.190300
6011  -0.191500
6012  -0.191600
6013  -0.192600
6014  -0.193400
6015  -0.194900
6016  -0.194100
6017  -0.193300
6018  -0.192800
6019  -0.193500
6020  -0.192300
6021  -0.191600
6022  -0.191700
6023  -0.191900
6024  -0.190900
6025  -0.192100
6026  -0.192900
6027  -0.192100
6028  -0.192800
6029  -0.192600
6030  -0.193500
6031  -0.193400
6032  -0.194500
6033  -0.193600
6034  -0.192600
6035  -0.192600
6036  -0.193200
6037  -0.193600
6038  -0.193200
6039  -0.192300
6040  -0.191800
6041  -0.191800
6042  -0.191600
6043  -0.193200
6044  -0.192200
6045  -0.190600
6046  -0.190100
6047  -0.191100
6048  -0.191600
6049  -0.191500
6050  -0.191000
6051  -0.191000
6052  -0.191100
6053  -0.190800
6054  -0.190900
6055  -0.190900
6056  -0.190500
6057  -0.190800
6058  -0.192500
6059  -0.192700
6060  -0.192600
6061  -0.194200
6062  -0.193600
6063  -0.193000
6064  -0.192700
6065  -0.192700
6066  -0.192100
6067  -0.192000
6068  -0.190000
6069  -0.189100
6070  -0.188200
6071  -0.189200
6072  -0.189000
6073  -0.189000
6074  -0.189000
6075  -0.190500
6076  -0.190600
6077  -0.191000
6078  -0.190900
6079  -0.190800
6080  -0.191300
6081  -0.191200
6082  -0.192500
6083  -0.192600
6084  -0.194000
6085  -0.194700
6086  -0.195000
6087  -0.195200
6088  -0.194600
6089  -0.194400
6090  -0.192600
6091  -0.193200
6092  -0.192900
6093  -0.192100
6094  -0.192900
6095  -0.191200
6096  -0.192700
6097  -0.193300
6098  -0.193000
6099  -0.192400
6100  -0.192100
6101  -0.193000
6102  -0.192300
6103  -0.192200
6104  -0.191200
6105  -0.190300
6106  -0.190200
6107  -0.189200
6108  -0.189300
6109  -0.188900
6110  -0.188700
6111  -0.189000
6112  -0.189000
6113  -0.188700
6114  -0.188700
6115  -0.189900
6116  -0.190400
6117  -0.190600
6118  -0.190100
6119  -0.190800
6120  -0.190200
6121  -0.191600
6122  -0.191600
6123  -0.191900
6124  -0.192200
6125  -0.191900
6126  -0.191600
6127  -0.192400
6128  -0.192400
6129  -0.194000
6130  -0.193400
6131  -0.193900
6132  -0.194200
6133  -0.195800
6134  -0.195900
6135  -0.195700
6136  -0.194900
6137  -0.195600
6138  -0.196100
6139  -0.195100
6140  -0.196600
6141  -0.195700
6142  -0.195600
6143  -0.195400
6144  -0.194300
6145  -0.194900
6146  -0.193600
6147  -0.194100
6148  -0.194400
6149  -0.193500
6150  -0.193700
6151  -0.192600
6152  -0.193500
6153  -0.193500
6154  -0.193800
6155  -0.194200
6156  -0.195300
6157  -0.194700
6158  -0.195100
6159  -0.194500
6160  -0.194100
6161  -0.194100
6162  -0.194800
6163  -0.194400
6164  -0.192300
6165  -0.191300
6166  -0.191900
6167  -0.192600
6168  -0.191800
6169  -0.191800
6170  -0.191800
6171  -0.192300
6172  -0.192700
6173  -0.192600
6174  -0.191300
6175  -0.190700
6176  -0.190600
6177  -0.189400
6178  -0.189500
6179  -0.191100
6180  -0.191000
6181  -0.190400
6182  -0.191000
6183  -0.191400
6184  -0.191900
6185  -0.192800
6186  -0.192900
6187  -0.193800
6188  -0.193700
6189  -0.194900
6190  -0.193500
6191  -0.192100
6192  -0.193200
6193  -0.192800
6194  -0.193700
6195  -0.194600
6196  -0.194000
6197  -0.193300
6198  -0.193700
6199  -0.193700
6200  -0.193000
6201  -0.193400
6202  -0.193600
6203  -0.194300
6204  -0.195000
6205  -0.195800
6206  -0.194500
6207  -0.194800
6208  -0.194700
6209  -0.195300
6210  -0.196000
6211  -0.197400
6212  -0.197100
6213  -0.196100
6214  -0.197600
6215  -0.197300
6216  -0.196800
6217  -0.196800
6218  -0.195900
6219  -0.196600
6220  -0.195600
6221  -0.194800
6222  -0.195100
6223  -0.194600
6224  -0.195000
6225  -0.194300
6226  -0.193700
6227  -0.194900
6228  -0.195000
6229  -0.194100
6230  -0.194500
6231  -0.194100
6232  -0.193200
6233  -0.192800
6234  -0.192800
6235  -0.193700
6236  -0.193700
6237  -0.192800
6238  -0.193500
6239  -0.194000
6240  -0.193000
6241  -0.191400
6242  -0.190500
6243  -0.188900
6244  -0.188300
6245  -0.187700
6246  -0.186600
6247  -0.186600
6248  -0.185200
6249  -0.185000
6250  -0.185300
6251  -0.185000
6252  -0.184400
6253  -0.184900
6254  -0.183800
6255  -0.184100
6256  -0.186000
6257  -0.186900
6258  -0.186400
6259  -0.185500
6260  -0.186600
6261  -0.186000
6262  -0.185200
6263  -0.185100
6264  -0.186400
6265  -0.185800
6266  -0.186500
6267  -0.185600
6268  -0.185800
6269  -0.185500
6270  -0.184400
6271  -0.184000
6272  -0.184400
6273  -0.186400
6274  -0.185200
6275  -0.185500
6276  -0.184500
6277  -0.183400
6278  -0.183700
6279  -0.182400
6280  -0.182800
6281  -0.183200
6282  -0.183400
6283  -0.184100
6284  -0.185600
6285  -0.186400
6286  -0.186900
6287  -0.186900
6288  -0.187700
6289  -0.188000
6290  -0.189700
6291  -0.187400
6292  -0.187200
6293  -0.186900
6294  -0.186900
6295  -0.187500
6296  -0.187700
6297  -0.188200
6298  -0.189500
6299  -0.188100
6300  -0.187900
6301  -0.187400
6302  -0.187400
6303  -0.186900
6304  -0.186600
6305  -0.185300
6306  -0.185900
6307  -0.185500
6308  -0.185400
6309  -0.186600
6310  -0.186900
6311  -0.186800
6312  -0.185600
6313  -0.183500
6314  -0.182500
6315  -0.182400
6316  -0.182400
6317  -0.180600
6318  -0.181700
6319  -0.182600
6320  -0.183000
6321  -0.182800
6322  -0.182100
6323  -0.182100
6324  -0.183700
6325  -0.183900
6326  -0.182800
6327  -0.182100
6328  -0.182400
6329  -0.181900
6330  -0.182900
6331  -0.181600
6332  -0.182200
6333  -0.181900
6334  -0.180500
6335  -0.179600
6336  -0.178900
6337  -0.178500
6338  -0.178600
6339  -0.179000
6340  -0.178600
6341  -0.177700
6342  -0.177200
6343  -0.177800
6344  -0.177600
6345  -0.178500
6346  -0.178800
6347  -0.177800
6348  -0.177800
6349  -0.177900
6350  -0.178800
6351  -0.177900
6352  -0.179400
6353  -0.180000
6354  -0.179100
6355  -0.179000
6356  -0.177700
6357  -0.179300
6358  -0.179000
6359  -0.178300
6360  -0.177900
6361  -0.177700
6362  -0.178800
6363  -0.178900
6364  -0.178400
6365  -0.179100
6366  -0.179700
6367  -0.179100
6368  -0.178500
6369  -0.179200
6370  -0.178700
6371  -0.179100
6372  -0.180600
6373  -0.179900
6374  -0.180300
6375  -0.181900
6376  -0.182300
6377  -0.182400
6378  -0.182900
6379  -0.182600
6380  -0.182200
6381  -0.182000
6382  -0.182000
6383  -0.181600
6384  -0.181500
6385  -0.181400
6386  -0.180500
6387  -0.180200
6388  -0.181000
6389  -0.183100
6390  -0.182100
6391  -0.182000
6392  -0.181800
6393  -0.181300
6394  -0.181900
6395  -0.182100
6396  -0.182000
6397  -0.181700
6398  -0.181700
6399  -0.182200
6400  -0.181400
6401  -0.179900
6402  -0.180800
6403  -0.180800
6404  -0.181400
6405  -0.180800
6406  -0.179500
6407  -0.178400
6408  -0.179300
6409  -0.179700
6410  -0.178800
6411  -0.178900
6412  -0.179400
6413  -0.179500
6414  -0.180500
6415  -0.180700
6416  -0.179900
6417  -0.180000
6418  -0.181600
6419  -0.183000
6420  -0.182500
6421  -0.182200
6422  -0.182100
6423  -0.181500
6424  -0.180800
6425  -0.179600
6426  -0.180000
6427  -0.179800
6428  -0.180000
6429  -0.179900
6430  -0.180900
6431  -0.178800
6432  -0.178900
6433  -0.178300
6434  -0.177900
6435  -0.177500
6436  -0.176300
6437  -0.176600
6438  -0.177700
6439  -0.177100
6440  -0.176800
6441  -0.176400
6442  -0.175400
6443  -0.174900
6444  -0.175400
6445  -0.175600
6446  -0.175700
6447  -0.174700
6448  -0.174400
6449  -0.175700
6450  -0.175900
6451  -0.174600
6452  -0.175500
6453  -0.175200
6454  -0.175000
6455  -0.174400
6456  -0.173000
6457  -0.172500
6458  -0.172800
6459  -0.171900
6460  -0.173100
6461  -0.172900
6462  -0.174000
6463  -0.174300
6464  -0.174200
6465  -0.174800
6466  -0.174200
6467  -0.173900
6468  -0.173800
6469  -0.173000
6470  -0.173300
6471  -0.173600
6472  -0.173800
6473  -0.173200
6474  -0.172200
6475  -0.171600
6476  -0.170500
6477  -0.169600
6478  -0.169800
6479  -0.169400
6480  -0.167400
6481  -0.166200
6482  -0.166200
6483  -0.165900
6484  -0.165400
6485  -0.163900
6486  -0.162300
6487  -0.162600
6488  -0.162700
6489  -0.163700
6490  -0.164500
6491  -0.164500
6492  -0.163500
6493  -0.162600
6494  -0.162700
6495  -0.162900
6496  -0.162700
6497  -0.161300
6498  -0.162100
6499  -0.162400
6500  -0.161900
6501  -0.161500
6502  -0.162800
6503  -0.163900
6504  -0.164100
6505  -0.163200
6506  -0.162900
6507  -0.161700
6508  -0.162300
6509  -0.164000
6510  -0.163700
6511  -0.163400
6512  -0.163000
6513  -0.163500
6514  -0.163400
6515  -0.164400
6516  -0.163200
6517  -0.164300
6518  -0.164400
6519  -0.163400
6520  -0.163500
6521  -0.163400
6522  -0.163800
6523  -0.163800
6524  -0.162900
6525  -0.163300
6526  -0.165000
6527  -0.164900
6528  -0.163200
6529  -0.162300
6530  -0.162400
6531  -0.162400
6532  -0.162600
6533  -0.163200
6534  -0.163600
6535  -0.165000
6536  -0.165800
6537  -0.164400
6538  -0.163700
6539  -0.162600
6540  -0.162400
6541  -0.163200
6542  -0.161700
6543  -0.161800
6544  -0.161000
6545  -0.160900
6546  -0.160100
6547  -0.160400
6548  -0.160900
6549  -0.161000
6550  -0.160100
6551  -0.159900
6552  -0.159100
6553  -0.159500
6554  -0.159400
6555  -0.159900
6556  -0.159900
6557  -0.159100
6558  -0.159300
6559  -0.159400
6560  -0.161000
6561  -0.160900
6562  -0.160000
6563  -0.160300
6564  -0.161100
6565  -0.161600
6566  -0.161900
6567  -0.162400
6568  -0.161900
6569  -0.161300
6570  -0.159200
6571  -0.160900
6572  -0.161200
6573  -0.160600
6574  -0.160300
6575  -0.161400
6576  -0.161700
6577  -0.162200
6578  -0.161300
6579  -0.161400
6580  -0.162000
6581  -0.163800
6582  -0.164200
6583  -0.164500
6584  -0.164700
6585  -0.163000
6586  -0.163200
6587  -0.161800
6588  -0.161200
6589  -0.160700
6590  -0.160900
6591  -0.161200
6592  -0.160800
6593  -0.160800
6594  -0.161400
6595  -0.160900
6596  -0.161500
6597  -0.162500
6598  -0.163000
6599  -0.163800
6600  -0.164600
6601  -0.164500
6602  -0.164100
6603  -0.165600
6604  -0.165100
6605  -0.165300
6606  -0.166500
6607  -0.166300
6608  -0.167000
6609  -0.166900
6610  -0.167100
6611  -0.167400
6612  -0.166500
6613  -0.167500
6614  -0.168100
6615  -0.167600
6616  -0.165600
6617  -0.168100
6618  -0.168400
6619  -0.168600
6620  -0.167600
6621  -0.167400
6622  -0.166500
6623  -0.166900
6624  -0.168300
6625  -0.167300
6626  -0.167800
6627  -0.167200
6628  -0.166400
6629  -0.167200
6630  -0.165800
6631  -0.164800
6632  -0.165900
6633  -0.166200
6634  -0.165800
6635  -0.166800
6636  -0.166500
6637  -0.166700
6638  -0.166400
6639  -0.167400
6640  -0.166800
6641  -0.168100
6642  -0.168000
6643  -0.166900
6644  -0.167500
6645  -0.165700
6646  -0.164800
6647  -0.165600
6648  -0.164600
6649  -0.164400
6650  -0.163900
6651  -0.164800
6652  -0.165200
6653  -0.165100
6654  -0.165100
6655  -0.164500
6656  -0.164400
6657  -0.165000
6658  -0.164800
6659  -0.166000
6660  -0.165700
6661  -0.164800
6662  -0.165300
6663  -0.165500
6664  -0.165300
6665  -0.165300
6666  -0.165100
6667  -0.164000
6668  -0.164200
6669  -0.163100
6670  -0.162800
6671  -0.162100
6672  -0.162500
6673  -0.162500
6674  -0.162300
6675  -0.162200
6676  -0.162500
6677  -0.162700
6678  -0.163600
6679  -0.165000
6680  -0.164700
6681  -0.165400
6682  -0.165300
6683  -0.165200
6684  -0.162900
6685  -0.162000
6686  -0.160300
6687  -0.160000
6688  -0.160300
6689  -0.159500
6690  -0.158500
6691  -0.157300
6692  -0.156400
6693  -0.156200
6694  -0.156500
6695  -0.157900
6696  -0.157000
6697  -0.157600
6698  -0.157300
6699  -0.156800
6700  -0.155800
6701  -0.156700
6702  -0.157700
6703  -0.157900
6704  -0.157900
6705  -0.156800
6706  -0.157100
6707  -0.157100
6708  -0.155600
6709  -0.157100
6710  -0.156300
6711  -0.156000
6712  -0.156700
6713  -0.157800
6714  -0.157500
6715  -0.157400
6716  -0.158200
6717  -0.157400
6718  -0.157700
6719  -0.158000
6720  -0.158000
6721  -0.159100
6722  -0.158400
6723  -0.159300
6724  -0.159100
6725  -0.158600
6726  -0.158500
6727  -0.158300
6728  -0.158500
6729  -0.157900
6730  -0.157700
6731  -0.157800
6732  -0.158300
6733  -0.157900
6734  -0.158000
6735  -0.157900
6736  -0.157300
6737  -0.157600
6738  -0.156800
6739  -0.156200
6740  -0.155800
6741  -0.155600
6742  -0.155600
6743  -0.154300
6744  -0.153600
6745  -0.154700
6746  -0.154200
6747  -0.154000
6748  -0.153400
6749  -0.152500
6750  -0.152600
6751  -0.152800
6752  -0.152600
6753  -0.152600
6754  -0.152300
6755  -0.152500
6756  -0.153300
6757  -0.154000
6758  -0.154800
6759  -0.155000
6760  -0.155000
6761  -0.154200
6762  -0.154400
6763  -0.154500
6764  -0.153500
6765  -0.153100
6766  -0.152600
6767  -0.152600
6768  -0.153600
6769  -0.152000
6770  -0.153100
6771  -0.151900
6772  -0.151300
6773  -0.150200
6774  -0.149400
6775  -0.149700
6776  -0.151200
6777  -0.151100
6778  -0.151700
6779  -0.151700
6780  -0.152600
6781  -0.151500
6782  -0.152300
6783  -0.153100
6784  -0.154200
6785  -0.151600
6786  -0.151900
6787  -0.152700
6788  -0.153300
6789  -0.154500
6790  -0.155000
6791  -0.155900
6792  -0.155800
6793  -0.156700
6794  -0.156900
6795  -0.157100
6796  -0.155600
6797  -0.156500
6798  -0.156300
6799  -0.157100
6800  -0.158300
6801  -0.158100
6802  -0.158700
6803  -0.158000
6804  -0.158700
6805  -0.159300
6806  -0.160100
6807  -0.160200
6808  -0.160400
6809  -0.159600
6810  -0.159300
6811  -0.159300
6812  -0.158700
6813  -0.157700
6814  -0.157500
6815  -0.158300
6816  -0.157900
6817  -0.157500
6818  -0.157400
6819  -0.156400
6820  -0.156000
6821  -0.156600
6822  -0.156600
6823  -0.156800
6824  -0.156300
6825  -0.156000
6826  -0.155200
6827  -0.153500
6828  -0.153600
6829  -0.153300
6830  -0.153400
6831  -0.153400
6832  -0.154000
6833  -0.154700
6834  -0.154600
6835  -0.154900
6836  -0.154800
6837  -0.155200
6838  -0.154900
6839  -0.155100
6840  -0.155500
6841  -0.155600
6842  -0.155900
6843  -0.156200
6844  -0.154400
6845  -0.153700
6846  -0.153700
6847  -0.154300
6848  -0.153700
6849  -0.153200
6850  -0.154400
6851  -0.154800
6852  -0.155700
6853  -0.156800
6854  -0.154100
6855  -0.155000
6856  -0.155200
6857  -0.154500
6858  -0.153900
6859  -0.154000
6860  -0.154700
6861  -0.154000
6862  -0.154300
6863  -0.155700
6864  -0.156400
6865  -0.157000
6866  -0.157900
6867  -0.158400
6868  -0.157800
6869  -0.157400
6870  -0.157900
6871  -0.157600
6872  -0.157300
6873  -0.157700
6874  -0.157500
6875  -0.156100
6876  -0.156900
6877  -0.157700
6878  -0.159100
6879  -0.158600
6880  -0.158600
6881  -0.158600
6882  -0.158600
6883  -0.158400
6884  -0.158400
6885  -0.159400
6886  -0.159600
6887  -0.159600
6888  -0.160700
6889  -0.160500
6890  -0.159400
6891  -0.159700
6892  -0.160500
6893  -0.160600
6894  -0.160100
6895  -0.160800
6896  -0.160300
6897  -0.159800
6898  -0.160000
6899  -0.160000
6900  -0.160800
6901  -0.161500
6902  -0.161600
6903  -0.160700
6904  -0.160900
6905  -0.159700
6906  -0.158500
6907  -0.158200
6908  -0.158000
6909  -0.157400
6910  -0.156500
6911  -0.157500
6912  -0.157200
6913  -0.156100
6914  -0.156400
6915  -0.157200
6916  -0.157200
6917  -0.158400
6918  -0.159100
6919  -0.158300
6920  -0.158200
6921  -0.157000
6922  -0.156300
6923  -0.156300
6924  -0.156600
6925  -0.155800
6926  -0.155400
6927  -0.156700
6928  -0.156600
6929  -0.156800
6930  -0.158000
6931  -0.158500
6932  -0.159000
6933  -0.158700
6934  -0.158500
6935  -0.159200
6936  -0.159200
6937  -0.159600
6938  -0.160200
6939  -0.158400
6940  -0.157700
6941  -0.158500
6942  -0.159000
6943  -0.159000
6944  -0.158500
6945  -0.158900
6946  -0.159400
6947  -0.161400
6948  -0.161600
6949  -0.161800
6950  -0.160800
6951  -0.161300
6952  -0.161800
6953  -0.161400
6954  -0.161300
6955  -0.161400
6956  -0.160500
6957  -0.161300
6958  -0.161400
6959  -0.162200
6960  -0.161600
6961  -0.161300
6962  -0.161500
6963  -0.160100
6964  -0.159500
6965  -0.159700
6966  -0.160200
6967  -0.159700
6968  -0.158900
6969  -0.158800
6970  -0.158100
6971  -0.157200
6972  -0.158600
6973  -0.158800
6974  -0.158300
6975  -0.158500
6976  -0.158600
6977  -0.158500
6978  -0.159400
6979  -0.159800
6980  -0.160200
6981  -0.160400
6982  -0.159900
6983  -0.159300
6984  -0.159700
6985  -0.159400
6986  -0.158700
6987  -0.158800
6988  -0.159200
6989  -0.158000
6990  -0.157000
6991  -0.157200
6992  -0.157300
6993  -0.157100
6994  -0.158300
6995  -0.157200
6996  -0.156300
6997  -0.155800
6998  -0.154900
6999  -0.153900
7000  -0.153400
7001  -0.152600
7002  -0.153000
7003  -0.154100
7004  -0.154100
7005  -0.154300
7006  -0.154600
7007  -0.153900
7008  -0.154700
7009  -0.154300
7010  -0.155200
7011  -0.155900
7012  -0.156000
7013  -0.155500
7014  -0.155100
7015  -0.156700
7016  -0.158000
7017  -0.157900
7018  -0.156800
7019  -0.156600
7020  -0.156500
7021  -0.156000
7022  -0.156100
7023  -0.156600
7024  -0.157100
7025  -0.156500
7026  -0.156600
7027  -0.155500
7028  -0.155900
7029  -0.154100
7030  -0.153600
7031  -0.154400
7032  -0.155500
7033  -0.154900
7034  -0.155600
7035  -0.154800
7036  -0.154700
7037  -0.154800
7038  -0.154200
7039  -0.154400
7040  -0.154000
7041  -0.153800
7042  -0.154300
7043  -0.153200
7044  -0.152700
7045  -0.153000
7046  -0.153300
7047  -0.152600
7048  -0.151900
7049  -0.152100
7050  -0.150200
7051  -0.149200
7052  -0.148600
7053  -0.148200
7054  -0.148400
7055  -0.148600
7056  -0.149700
7057  -0.150100
7058  -0.150500
7059  -0.149800
7060  -0.150200
7061  -0.150300
7062  -0.150100
7063  -0.149900
7064  -0.148700
7065  -0.149600
7066  -0.148100
7067  -0.147400
7068  -0.146700
7069  -0.146600
7070  -0.146400
7071  -0.146300
7072  -0.145700
7073  -0.146800
7074  -0.147000
7075  -0.147500
7076  -0.146700
7077  -0.146200
7078  -0.145700
7079  -0.145800
7080  -0.144300
7081  -0.143200
7082  -0.143300
7083  -0.144200
7084  -0.144100
7085  -0.142700
7086  -0.141800
7087  -0.141600
7088  -0.140800
7089  -0.141100
7090  -0.140000
7091  -0.141000
7092  -0.141400
7093  -0.141000
7094  -0.144800
7095  -0.143900
7096  -0.143600
7097  -0.143000
7098  -0.142900
7099  -0.142900
7100  -0.142600
7101  -0.142000
7102  -0.141600
7103  -0.141500
7104  -0.142700
7105  -0.140700
7106  -0.140600
7107  -0.141400
7108  -0.141800
7109  -0.142300
7110  -0.144000
7111  -0.143800
7112  -0.144500
7113  -0.144700
7114  -0.144900
7115  -0.145800
7116  -0.144900
7117  -0.144400
7118  -0.143700
7119  -0.144400
7120  -0.145500
7121  -0.145200
7122  -0.144200
7123  -0.145200
7124  -0.144500
7125  -0.145000
7126  -0.144600
7127  -0.144600
7128  -0.145600
7129  -0.145100
7130  -0.145400
7131  -0.144600
7132  -0.145900
7133  -0.146200
7134  -0.146500
7135  -0.145800
7136  -0.145100
7137  -0.146600
7138  -0.147600
7139  -0.146100
7140  -0.145800
7141  -0.144800
7142  -0.145300
7143  -0.145600
7144  -0.146500
7145  -0.147200
7146  -0.146500
7147  -0.147200
7148  -0.147900
7149  -0.147600
7150  -0.146400
7151  -0.147300
7152  -0.148100
7153  -0.148500
7154  -0.150000
7155  -0.150200
7156  -0.150800
7157  -0.149500
7158  -0.148300
7159  -0.147800
7160  -0.148500
7161  -0.148600
7162  -0.146500
7163  -0.147700
7164  -0.148000
7165  -0.147600
7166  -0.147800
7167  -0.148600
7168  -0.149500
7169  -0.147400
7170  -0.146400
7171  -0.146400
7172  -0.146900
7173  -0.145100
7174  -0.144600
7175  -0.143700
7176  -0.143000
7177  -0.141400
7178  -0.142700
7179  -0.140800
7180  -0.141600
7181  -0.141800
7182  -0.141400
7183  -0.142000
7184  -0.143700
7185  -0.143800
7186  -0.144300
7187  -0.143000
7188  -0.143200
7189  -0.142800
7190  -0.142900
7191  -0.143000
7192  -0.145000
7193  -0.144800
7194  -0.145600
7195  -0.145900
7196  -0.146000
7197  -0.146800
7198  -0.146000
7199  -0.145000
7200  -0.145400
7201  -0.146400
7202  -0.146100
7203  -0.145800
7204  -0.144900
7205  -0.145000
7206  -0.145000
7207  -0.145100
7208  -0.146000
7209  -0.148500
7210  -0.147700
7211  -0.147600
7212  -0.148200
7213  -0.150000
7214  -0.150300
7215  -0.150700
7216  -0.152100
7217  -0.152400
7218  -0.152900
7219  -0.153300
7220  -0.154700
7221  -0.154900
7222  -0.155200
7223  -0.155000
7224  -0.155600
7225  -0.156400
7226  -0.157400
7227  -0.158000
7228  -0.159400
7229  -0.159900
7230  -0.159400
7231  -0.160300
7232  -0.159900
7233  -0.159100
7234  -0.158600
7235  -0.158500
7236  -0.158000
7237  -0.158400
7238  -0.158900
7239  -0.159400
7240  -0.157900
7241  -0.158400
7242  -0.157100
7243  -0.156600
7244  -0.156200
7245  -0.157600
7246  -0.158700
7247  -0.158100
7248  -0.159200
7249  -0.158600
7250  -0.158600
7251  -0.158800
7252  -0.158600
7253  -0.158800
7254  -0.158100
7255  -0.158100
7256  -0.158000
7257  -0.157800
7258  -0.156500
7259  -0.155800
7260  -0.156200
7261  -0.153500
7262  -0.152500
7263  -0.151600
7264  -0.149600
7265  -0.148600
7266  -0.147800
7267  -0.147300
7268  -0.147700
7269  -0.147000
7270  -0.146700
7271  -0.146400
7272  -0.147300
7273  -0.147400
7274  -0.146900
7275  -0.146100
7276  -0.145800
7277  -0.145700
7278  -0.144800
7279  -0.145300
7280  -0.145300
7281  -0.144600
7282  -0.144200
7283  -0.143000
7284  -0.142100
7285  -0.141300
7286  -0.141400
7287  -0.141700
7288  -0.141300
7289  -0.141200
7290  -0.141300
7291  -0.139700
7292  -0.138800
7293  -0.137300
7294  -0.137900
7295  -0.137700
7296  -0.137900
7297  -0.137600
7298  -0.136600
7299  -0.136500
7300  -0.135800
7301  -0.136800
7302  -0.136300
7303  -0.136200
7304  -0.136200
7305  -0.136900
7306  -0.136600
7307  -0.137500
7308  -0.136600
7309  -0.136400
7310  -0.136500
7311  -0.136900
7312  -0.137000
7313  -0.137600
7314  -0.136200
7315  -0.135600
7316  -0.136900
7317  -0.138100
7318  -0.137300
7319  -0.137800
7320  -0.139900
7321  -0.140000
7322  -0.141700
7323  -0.142700
7324  -0.143800
7325  -0.142200
7326  -0.141700
7327  -0.142100
7328  -0.142000
7329  -0.140900
7330  -0.140000
7331  -0.142000
7332  -0.142500
7333  -0.141300
7334  -0.140500
7335  -0.140900
7336  -0.142800
7337  -0.143600
7338  -0.144000
7339  -0.143900
7340  -0.144400
7341  -0.145600
7342  -0.146000
7343  -0.145500
7344  -0.145700
7345  -0.146000
7346  -0.146400
7347  -0.145600
7348  -0.145600
7349  -0.145900
7350  -0.145800
7351  -0.145700
7352  -0.146200
7353  -0.146600
7354  -0.146400
7355  -0.147400
7356  -0.147000
7357  -0.146600
7358  -0.146900
7359  -0.146500
7360  -0.145400
7361  -0.144800
7362  -0.144800
7363  -0.144900
7364  -0.144700
7365  -0.144300
7366  -0.144500
7367  -0.144000
7368  -0.143500
7369  -0.142600
7370  -0.142500
7371  -0.141800
7372  -0.142100
7373  -0.142100
7374  -0.141900
7375  -0.140300
7376  -0.140200
7377  -0.140200
7378  -0.140700
7379  -0.140700
7380  -0.142000
7381  -0.142600
7382  -0.142500
7383  -0.142300
7384  -0.142400
7385  -0.141300
7386  -0.140800
7387  -0.141000
7388  -0.140600
7389  -0.140000
7390  -0.140900
7391  -0.142400
7392  -0.141900
7393  -0.142900
7394  -0.142400
7395  -0.142000
7396  -0.142200
7397  -0.142600
7398  -0.142500
7399  -0.141600
7400  -0.141200
7401  -0.142600
7402  -0.142200
7403  -0.143100
7404  -0.143200
7405  -0.143600
7406  -0.145300
7407  -0.144300
7408  -0.145200
7409  -0.144700
7410  -0.142400
7411  -0.141900
7412  -0.142400
7413  -0.142100
7414  -0.140600
7415  -0.140900
7416  -0.140800
7417  -0.140200
7418  -0.139700
7419  -0.139700
7420  -0.139200
7421  -0.140300
7422  -0.138900
7423  -0.139100
7424  -0.140600
7425  -0.139000
7426  -0.139000
7427  -0.139300
7428  -0.139500
7429  -0.137600
7430  -0.137700
7431  -0.139300
7432  -0.139800
7433  -0.139200
7434  -0.139200
7435  -0.139500
7436  -0.140200
7437  -0.141100
7438  -0.140600
7439  -0.141500
7440  -0.141900
7441  -0.141200
7442  -0.140400
7443  -0.139300
7444  -0.138100
7445  -0.138100
7446  -0.137600
7447  -0.138800
7448  -0.137500
7449  -0.137600
7450  -0.138100
7451  -0.137600
7452  -0.137100
7453  -0.138000
7454  -0.139000
7455  -0.139300
7456  -0.140400
7457  -0.140200
7458  -0.141000
7459  -0.140700
7460  -0.140500
7461  -0.140700
7462  -0.141000
7463  -0.141700
7464  -0.142700
7465  -0.142500
7466  -0.142200
7467  -0.142000
7468  -0.142500
7469  -0.140600
7470  -0.141100
7471  -0.142400
7472  -0.142100
7473  -0.142000
7474  -0.141300
7475  -0.140900
7476  -0.140000
7477  -0.139900
7478  -0.139700
7479  -0.139400
7480  -0.139400
7481  -0.139900
7482  -0.139900
7483  -0.139900
7484  -0.140000
7485  -0.141200
7486  -0.140900
7487  -0.140300
7488  -0.141000
7489  -0.140800
7490  -0.140300
7491  -0.139800
7492  -0.141100
7493  -0.141300
7494  -0.141900
7495  -0.142700
7496  -0.142900
7497  -0.143000
7498  -0.145100
7499  -0.143800
7500  -0.143700
7501  -0.142600
7502  -0.141700
7503  -0.140400
7504  -0.140400
7505  -0.140800
7506  -0.140500
7507  -0.141900
7508  -0.141400
7509  -0.141000
7510  -0.141900
7511  -0.140800
7512  -0.139400
7513  -0.140200
7514  -0.140800
7515  -0.140000
7516  -0.139300
7517  -0.139600
7518  -0.139400
7519  -0.138600
7520  -0.139100
7521  -0.139000
7522  -0.139600
7523  -0.140900
7524  -0.140300
7525  -0.141800
7526  -0.141300
7527  -0.141300
7528  -0.141600
7529  -0.140900
7530  -0.140300
7531  -0.142300
7532  -0.141900
7533  -0.141900
7534  -0.141200
7535  -0.140800
7536  -0.140300
7537  -0.138900
7538  -0.139600
7539  -0.140100
7540  -0.140800
7541  -0.141200
7542  -0.140700
7543  -0.140900
7544  -0.142200
7545  -0.142400
7546  -0.143300
7547  -0.143000
7548  -0.141600
7549  -0.142200
7550  -0.141900
7551  -0.143000
7552  -0.143200
7553  -0.143800
7554  -0.144000
7555  -0.145200
7556  -0.145700
7557  -0.145600
7558  -0.144500
7559  -0.145300
7560  -0.145000
7561  -0.145900
7562  -0.145900
7563  -0.146900
7564  -0.145000
7565  -0.146400
7566  -0.144900
7567  -0.144900
7568  -0.146000
7569  -0.146100
7570  -0.146300
7571  -0.145500
7572  -0.144500
7573  -0.143700
7574  -0.144200
7575  -0.143800
7576  -0.143000
7577  -0.141100
7578  -0.141100
7579  -0.139900
7580  -0.139400
7581  -0.140100
7582  -0.138700
7583  -0.137400
7584  -0.136800
7585  -0.136600
7586  -0.136000
7587  -0.135700
7588  -0.135700
7589  -0.133900
7590  -0.132500
7591  -0.133400
7592  -0.132300
7593  -0.131800
7594  -0.130900
7595  -0.131000
7596  -0.131800
7597  -0.132600
7598  -0.132400
7599  -0.132100
7600  -0.132000
7601  -0.131900
7602  -0.131900
7603  -0.132300
7604  -0.132000
7605  -0.131100
7606  -0.131300
7607  -0.130000
7608  -0.129900
7609  -0.129100
7610  -0.129700
7611  -0.129000
7612  -0.129600
7613  -0.130100
7614  -0.130300
7615  -0.130200
7616  -0.130700
7617  -0.131700
7618  -0.131800
7619  -0.132200
7620  -0.132400
7621  -0.132500
7622  -0.131900
7623  -0.132400
7624  -0.133100
7625  -0.132800
7626  -0.132600
7627  -0.133200
7628  -0.133400
7629  -0.134000
7630  -0.133700
7631  -0.134300
7632  -0.134300
7633  -0.133600
7634  -0.134400
7635  -0.134200
7636  -0.135100
7637  -0.134800
7638  -0.133900
7639  -0.133500
7640  -0.134700
7641  -0.135000
7642  -0.135200
7643  -0.134800
7644  -0.135200
7645  -0.135900
7646  -0.134600
7647  -0.134500
7648  -0.134500
7649  -0.133300
7650  -0.133400
7651  -0.133700
7652  -0.133500
7653  -0.133400
7654  -0.134000
7655  -0.133800
7656  -0.134100
7657  -0.133000
7658  -0.133700
7659  -0.134700
7660  -0.133100
7661  -0.132200
7662  -0.131500
7663  -0.131800
7664  -0.131800
7665  -0.132000
7666  -0.131200
7667  -0.131400
7668  -0.131700
7669  -0.131300
7670  -0.131100
7671  -0.130800
7672  -0.131000
7673  -0.131500
7674  -0.131600
7675  -0.132000
7676  -0.132400
7677  -0.132400
7678  -0.133200
7679  -0.134600
7680  -0.133900
7681  -0.134000
7682  -0.135100
7683  -0.135500
7684  -0.135400
7685  -0.135200
7686  -0.135300
7687  -0.133900
7688  -0.134400
7689  -0.135000
7690  -0.134600
7691  -0.135300
7692  -0.135300
7693  -0.136100
7694  -0.135700
7695  -0.136300
7696  -0.136800
7697  -0.138600
7698  -0.139200
7699  -0.139700
7700  -0.139700
7701  -0.139900
7702  -0.141300
7703  -0.140300
7704  -0.139100
7705  -0.139300
7706  -0.139000
7707  -0.138700
7708  -0.138900
7709  -0.138300
7710  -0.138600
7711  -0.138700
7712  -0.139500
7713  -0.138500
7714  -0.138700
7715  -0.139400
7716  -0.139900
7717  -0.140200
7718  -0.140400
7719  -0.140700
7720  -0.139800
7721  -0.139600
7722  -0.139800
7723  -0.140400
7724  -0.140100
7725  -0.139700
7726  -0.139300
7727  -0.141000
7728  -0.140800
7729  -0.139900
7730  -0.139200
7731  -0.138100
7732  -0.139100
7733  -0.138500
7734  -0.139400
7735  -0.138100
7736  -0.137900
7737  -0.137800
7738  -0.139700
7739  -0.140400
7740  -0.141000
7741  -0.140200
7742  -0.140600
7743  -0.141000
7744  -0.141000
7745  -0.141100
7746  -0.142300
7747  -0.141700
7748  -0.142200
7749  -0.143000
7750  -0.142900
7751  -0.143400
7752  -0.142900
7753  -0.143100
7754  -0.144800
7755  -0.144300
7756  -0.143800
7757  -0.143900
7758  -0.144100
7759  -0.143600
7760  -0.142700
7761  -0.143200
7762  -0.142100
7763  -0.142500
7764  -0.144100
7765  -0.143900
7766  -0.144100
7767  -0.144300
7768  -0.144900
7769  -0.144500
7770  -0.146200
7771  -0.145800
7772  -0.145300
7773  -0.145900
7774  -0.145100
7775  -0.144400
7776  -0.144400
7777  -0.144700
7778  -0.144600
7779  -0.143300
7780  -0.142600
7781  -0.141900
7782  -0.142000
7783  -0.141100
7784  -0.140200
7785  -0.140500
7786  -0.138900
7787  -0.138000
7788  -0.138200
7789  -0.137500
7790  -0.137100
7791  -0.138800
7792  -0.139300
7793  -0.140200
7794  -0.140500
7795  -0.141300
7796  -0.139000
7797  -0.138500
7798  -0.137500
7799  -0.136700
7800  -0.136500
7801  -0.136500
7802  -0.136800
7803  -0.134300
7804  -0.133300
7805  -0.134000
7806  -0.135200
7807  -0.134300
7808  -0.134400
7809  -0.133700
7810  -0.134000
7811  -0.134100
7812  -0.134100
7813  -0.133700
7814  -0.133800
7815  -0.133300
7816  -0.133700
7817  -0.133100
7818  -0.132000
7819  -0.133100
7820  -0.133100
7821  -0.131600
7822  -0.130900
7823  -0.130900
7824  -0.131100
7825  -0.132300
7826  -0.133300
7827  -0.135700
7828  -0.136200
7829  -0.136800
7830  -0.138100
7831  -0.138000
7832  -0.137300
7833  -0.137100
7834  -0.138300
7835  -0.137700
7836  -0.138900
7837  -0.138000
7838  -0.137900
7839  -0.137100
7840  -0.138200
7841  -0.139600
7842  -0.140600
7843  -0.141100
7844  -0.141100
7845  -0.140300
7846  -0.139800
7847  -0.138900
7848  -0.139400
7849  -0.138400
7850  -0.138200
7851  -0.137800
7852  -0.137300
7853  -0.138300
7854  -0.138800
7855  -0.138600
7856  -0.137500
7857  -0.137400
7858  -0.137100
7859  -0.137300
7860  -0.137900
7861  -0.139600
7862  -0.139700
7863  -0.140200
7864  -0.140000
7865  -0.140400
7866  -0.142200
7867  -0.140600
7868  -0.140700
7869  -0.139500
7870  -0.138800
7871  -0.139200
7872  -0.139600
7873  -0.139400
7874  -0.138800
7875  -0.138400
7876  -0.137400
7877  -0.137000
7878  -0.136700
7879  -0.136500
7880  -0.137900
7881  -0.138200
7882  -0.138200
7883  -0.138200
7884  -0.136600
7885  -0.136900
7886  -0.136500
7887  -0.138200
7888  -0.138600
7889  -0.138700
7890  -0.138300
7891  -0.137700
7892  -0.137700
7893  -0.137700
7894  -0.137700
7895  -0.137600
7896  -0.137900
7897  -0.137900
7898  -0.138000
7899  -0.136400
7900  -0.135600
7901  -0.135900
7902  -0.137300
7903  -0.137100
7904  -0.137200
7905  -0.136700
7906  -0.137100
7907  -0.137700
7908  -0.137500
7909  -0.137400
7910  -0.137300
7911  -0.137800
7912  -0.139500
7913  -0.141100
7914  -0.141200
7915  -0.141200
7916  -0.141300
7917  -0.141000
7918  -0.140900
7919  -0.140900
7920  -0.140600
7921  -0.142100
7922  -0.143100
7923  -0.144500
7924  -0.144300
7925  -0.143700
7926  -0.142600
7927  -0.143400
7928  -0.144200
7929  -0.144300
7930  -0.144200
7931  -0.144900
7932  -0.144600
7933  -0.145300
7934  -0.146100
7935  -0.147800
7936  -0.148200
7937  -0.149200
7938  -0.149400
7939  -0.149900
7940  -0.149200
7941  -0.148700
7942  -0.149500
7943  -0.151100
7944  -0.149900
7945  -0.149400
7946  -0.148800
7947  -0.150000
7948  -0.150000
7949  -0.148800
7950  -0.149200
7951  -0.149400
7952  -0.149100
7953  -0.149500
7954  -0.149100
7955  -0.149800
7956  -0.150200
7957  -0.150900
7958  -0.150500
7959  -0.150100
7960  -0.150400
7961  -0.150100
7962  -0.150100
7963  -0.150700
7964  -0.150400
7965  -0.150000
7966  -0.149000
7967  -0.149300
7968  -0.148900
7969  -0.148300
7970  -0.149900
7971  -0.149200
7972  -0.150300
7973  -0.151200
7974  -0.150200
7975  -0.151100
7976  -0.149900
7977  -0.151700
7978  -0.152000
7979  -0.151700
7980  -0.151400
7981  -0.152400
7982  -0.153300
7983  -0.153200
7984  -0.154200
7985  -0.154000
7986  -0.154600
7987  -0.153400
7988  -0.154900
7989  -0.154000
7990  -0.155100
7991  -0.155400
7992  -0.155300
7993  -0.155400
7994  -0.154900
7995  -0.154000
7996  -0.153100
7997  -0.153600
7998  -0.153600
7999  -0.153700
8000  -0.153600
8001  -0.154700
8002  -0.155200
8003  -0.155000
8004  -0.156000
8005  -0.155500
8006  -0.153900
8007  -0.152900
8008  -0.153200
8009  -0.153400
8010  -0.153100
8011  -0.154000
8012  -0.154000
8013  -0.153300
8014  -0.153300
8015  -0.152200
8016  -0.153400
8017  -0.154200
8018  -0.153700
8019  -0.154500
8020  -0.154400
8021  -0.155300
8022  -0.153500
8023  -0.152500
8024  -0.154200
8025  -0.154200
8026  -0.153600
8027  -0.154600
8028  -0.153100
8029  -0.154500
8030  -0.155600
8031  -0.156300
8032  -0.156100
8033  -0.155000
8034  -0.155000
8035  -0.154400
8036  -0.154000
8037  -0.152400
8038  -0.152600
8039  -0.151200
8040  -0.151000
8041  -0.151300
8042  -0.149600
8043  -0.150000
8044  -0.149900
8045  -0.150300
8046  -0.150200
8047  -0.150400
8048  -0.150700
8049  -0.150700
8050  -0.150200
8051  -0.151500
8052  -0.151900
8053  -0.151900
8054  -0.151000
8055  -0.151900
8056  -0.153100
8057  -0.154100
8058  -0.154300
8059  -0.153000
8060  -0.154400
8061  -0.153300
8062  -0.153000
8063  -0.152400
8064  -0.152500
8065  -0.153100
8066  -0.153400
8067  -0.154400
8068  -0.155200
8069  -0.154500
8070  -0.152300
8071  -0.153000
8072  -0.153500
8073  -0.153500
8074  -0.153400
8075  -0.153700
8076  -0.154300
8077  -0.154600
8078  -0.154700
8079  -0.155000
8080  -0.155200
8081  -0.155900
8082  -0.156800
8083  -0.156900
8084  -0.156300
8085  -0.156100
8086  -0.157400
8087  -0.156100
8088  -0.156700
8089  -0.156200
8090  -0.156100
8091  -0.155200
8092  -0.154700
8093  -0.154700
8094  -0.156500
8095  -0.156200
8096  -0.157100
8097  -0.156500
8098  -0.158100
8099  -0.159100
8100  -0.159200
8101  -0.157700
8102  -0.157200
8103  -0.156900
8104  -0.156600
8105  -0.156000
8106  -0.155700
8107  -0.154900
8108  -0.155600
8109  -0.155400
8110  -0.154700
8111  -0.153700
8112  -0.154900
8113  -0.154500
8114  -0.152900
8115  -0.151900
8116  -0.151700
8117  -0.152800
8118  -0.152200
8119  -0.153400
8120  -0.153500
8121  -0.152500
8122  -0.152800
8123  -0.154300
8124  -0.155700
8125  -0.155000
8126  -0.155400
8127  -0.154500
8128  -0.155800
8129  -0.155500
8130  -0.154700
8131  -0.154700
8132  -0.154400
8133  -0.152900
8134  -0.152500
8135  -0.153300
8136  -0.152000
8137  -0.153100
8138  -0.151800
8139  -0.153300
8140  -0.152600
8141  -0.153000
8142  -0.154400
8143  -0.154000
8144  -0.154100
8145  -0.154600
8146  -0.154800
8147  -0.155700
8148  -0.155800
8149  -0.156300
8150  -0.155700
8151  -0.156300
8152  -0.156400
8153  -0.156200
8154  -0.157600
8155  -0.158300
8156  -0.158600
8157  -0.158000
8158  -0.156400
8159  -0.155500
8160  -0.153800
8161  -0.155200
8162  -0.154900
8163  -0.153900
8164  -0.154700
8165  -0.154700
8166  -0.155400
8167  -0.155400
8168  -0.154500
8169  -0.155100
8170  -0.154700
8171  -0.155800
8172  -0.155200
8173  -0.154900
8174  -0.154300
8175  -0.156400
8176  -0.155000
8177  -0.154200
8178  -0.153200
8179  -0.153700
8180  -0.153900
8181  -0.154300
8182  -0.153400
8183  -0.152600
8184  -0.152400
8185  -0.151400
8186  -0.151500
8187  -0.150700
8188  -0.151900
8189  -0.151300
8190  -0.151800
8191  -0.152100
8192  -0.153100
8193  -0.152800
8194  -0.152600
8195  -0.153400
8196  -0.153500
8197  -0.153900
8198  -0.154000
8199  -0.153900
8200  -0.153200
8201  -0.153300
8202  -0.152500
8203  -0.153800
8204  -0.153100
8205  -0.154000
8206  -0.154400
8207  -0.154800
8208  -0.153900
8209  -0.153500
8210  -0.153900
8211  -0.154900
8212  -0.153100
8213  -0.151900
8214  -0.152300
8215  -0.153300
8216  -0.153300
8217  -0.152600
8218  -0.153700
8219  -0.153300
8220  -0.154400
8221  -0.154200
8222  -0.155100
8223  -0.154200
8224  -0.155200
8225  -0.154700
8226  -0.155400
8227  -0.155200
8228  -0.155600
8229  -0.154500
8230  -0.154700
8231  -0.154500
8232  -0.155200
8233  -0.153500
8234  -0.152600
8235  -0.152200
8236  -0.152300
8237  -0.151500
8238  -0.151800
8239  -0.150600
8240  -0.149900
8241  -0.151500
8242  -0.151600
8243  -0.152800
8244  -0.152800
8245  -0.153700
8246  -0.154600
8247  -0.154500
8248  -0.154900
8249  -0.155100
8250  -0.155300
8251  -0.154500
8252  -0.153900
8253  -0.154000
8254  -0.153600
8255  -0.153600
8256  -0.152500
8257  -0.151900
8258  -0.152000
8259  -0.151400
8260  -0.151200
8261  -0.149500
8262  -0.149800
8263  -0.150800
8264  -0.150800
8265  -0.150300
8266  -0.151000
8267  -0.149200
8268  -0.149000
8269  -0.149600
8270  -0.149700
8271  -0.148700
8272  -0.147100
8273  -0.146500
8274  -0.145300
8275  -0.144500
8276  -0.142500
8277  -0.142900
8278  -0.142000
8279  -0.141600
8280  -0.140800
8281  -0.141500
8282  -0.142000
8283  -0.142400
8284  -0.143800
8285  -0.142800
8286  -0.142500
8287  -0.141300
8288  -0.141900
8289  -0.141800
8290  -0.142600
8291  -0.141700
8292  -0.142000
8293  -0.141500
8294  -0.141700
8295  -0.141300
8296  -0.141700
8297  -0.141800
8298  -0.141900
8299  -0.141900
8300  -0.142400
8301  -0.141900
8302  -0.141500
8303  -0.141200
8304  -0.141300
8305  -0.141100
8306  -0.143100
8307  -0.142200
8308  -0.142100
8309  -0.142300
8310  -0.141500
8311  -0.142400
8312  -0.141600
8313  -0.141000
8314  -0.140000
8315  -0.140400
8316  -0.141500
8317  -0.141700
8318  -0.142000
8319  -0.140800
8320  -0.140800
8321  -0.140400
8322  -0.141700
8323  -0.140400
8324  -0.139500
8325  -0.139900
8326  -0.138400
8327  -0.137800
8328  -0.138200
8329  -0.138400
8330  -0.139400
8331  -0.139300
8332  -0.139700
8333  -0.140100
8334  -0.138500
8335  -0.138700
8336  -0.139000
8337  -0.138800
8338  -0.138000
8339  -0.139200
8340  -0.137800
8341  -0.138900
8342  -0.139500
8343  -0.138700
8344  -0.136000
8345  -0.135600
8346  -0.136100
8347  -0.135200
8348  -0.134400
8349  -0.134600
8350  -0.134800
8351  -0.135300
8352  -0.134600
8353  -0.135200
8354  -0.135400
8355  -0.136500
8356  -0.137200
8357  -0.138100
8358  -0.138100
8359  -0.138500
8360  -0.138000
8361  -0.140500
8362  -0.141200
8363  -0.141000
8364  -0.141100
8365  -0.141800
8366  -0.141900
8367  -0.141300
8368  -0.141100
8369  -0.141900
8370  -0.141700
8371  -0.142800
8372  -0.144100
8373  -0.144600
8374  -0.145100
8375  -0.146300
8376  -0.145300
8377  -0.146400
8378  -0.147000
8379  -0.146200
8380  -0.147600
8381  -0.146400
8382  -0.145800
8383  -0.146300
8384  -0.146700
8385  -0.148800
8386  -0.148500
8387  -0.148500
8388  -0.148500
8389  -0.148000
8390  -0.148300
8391  -0.148900
8392  -0.150100
8393  -0.149300
8394  -0.149500
8395  -0.148900
8396  -0.150400
8397  -0.151200
8398  -0.151900
8399  -0.151600
8400  -0.150900
8401  -0.151000
8402  -0.150400
8403  -0.149800
8404  -0.149500
8405  -0.149600
8406  -0.149300
8407  -0.149800
8408  -0.149600
8409  -0.151600
8410  -0.151900
8411  -0.151800
8412  -0.151700
8413  -0.151500
8414  -0.151800
8415  -0.151500
8416  -0.151900
8417  -0.152000
8418  -0.152400
8419  -0.152600
8420  -0.153800
8421  -0.153300
8422  -0.152400
8423  -0.153400
8424  -0.153500
8425  -0.153700
8426  -0.153300
8427  -0.152500
8428  -0.150900
8429  -0.150600
8430  -0.151000
8431  -0.151500
8432  -0.150600
8433  -0.151400
8434  -0.151100
8435  -0.151900
8436  -0.151500
8437  -0.151600
8438  -0.151300
8439  -0.151300
8440  -0.151300
8441  -0.150600
8442  -0.151600
8443  -0.151400
8444  -0.151600
8445  -0.151400
8446  -0.151000
8447  -0.150600
8448  -0.151100
8449  -0.150100
8450  -0.151100
8451  -0.151400
8452  -0.150500
8453  -0.150600
8454  -0.150400
8455  -0.150200
8456  -0.150500
8457  -0.149500
8458  -0.149100
8459  -0.148100
8460  -0.148200
8461  -0.147100
8462  -0.147000
8463  -0.146800
8464  -0.146600
8465  -0.146100
8466  -0.145700
8467  -0.144900
8468  -0.145000
8469  -0.144400
8470  -0.143300
8471  -0.143700
8472  -0.143800
8473  -0.142700
8474  -0.142400
8475  -0.142000
8476  -0.143000
8477  -0.144400
8478  -0.146000
8479  -0.145400
8480  -0.146500
8481  -0.146300
8482  -0.146700
8483  -0.145800
8484  -0.146500
8485  -0.147300
8486  -0.145800
8487  -0.147700
8488  -0.148000
8489  -0.147500
8490  -0.147700
8491  -0.147700
8492  -0.150100
8493  -0.150400
8494  -0.149200
8495  -0.150000
8496  -0.149800
8497  -0.148800
8498  -0.148900
8499  -0.147400
8500  -0.148400
8501  -0.148200
8502  -0.149100
8503  -0.149300
8504  -0.149300
8505  -0.148900
8506  -0.148700
8507  -0.147500
8508  -0.146800
8509  -0.147500
8510  -0.147300
8511  -0.146400
8512  -0.146400
8513  -0.146300
8514  -0.146500
8515  -0.145900
8516  -0.145300
8517  -0.146400
8518  -0.146000
8519  -0.144600
8520  -0.145200
8521  -0.144800
8522  -0.145100
8523  -0.145300
8524  -0.143800
8525  -0.143100
8526  -0.142300
8527  -0.141900
8528  -0.141600
8529  -0.141200
8530  -0.141500
8531  -0.142700
8532  -0.143400
8533  -0.142400
8534  -0.142800
8535  -0.143000
8536  -0.143900
8537  -0.145600
8538  -0.144200
8539  -0.143900
8540  -0.145200
8541  -0.146300
8542  -0.145100
8543  -0.145500
8544  -0.146100
8545  -0.144400
8546  -0.143800
8547  -0.144300
8548  -0.144400
8549  -0.144400
8550  -0.144500
8551  -0.143300
8552  -0.143900
8553  -0.144000
8554  -0.143900
8555  -0.143900
8556  -0.142800
8557  -0.142500
8558  -0.141900
8559  -0.139700
8560  -0.139800
8561  -0.139000
8562  -0.140100
8563  -0.139300
8564  -0.140800
8565  -0.140000
8566  -0.139300
8567  -0.140500
8568  -0.139800
8569  -0.139500
8570  -0.139400
8571  -0.138500
8572  -0.138000
8573  -0.138400
8574  -0.136200
8575  -0.136000
8576  -0.135800
8577  -0.135200
8578  -0.134800
8579  -0.134900
8580  -0.134400
8581  -0.134000
8582  -0.135000
8583  -0.134300
8584  -0.134100
8585  -0.135100
8586  -0.135200
8587  -0.135200
8588  -0.135300
8589  -0.135500
8590  -0.135000
8591  -0.134800
8592  -0.135100
8593  -0.135500
8594  -0.134900
8595  -0.135200
8596  -0.135400
8597  -0.135700
8598  -0.137700
8599  -0.136100
8600  -0.135400
8601  -0.135000
8602  -0.136800
8603  -0.136900
8604  -0.136600
8605  -0.136400
8606  -0.135900
8607  -0.135800
8608  -0.134200
8609  -0.133700
8610  -0.134500
8611  -0.134600
8612  -0.135000
8613  -0.134900
8614  -0.135200
8615  -0.135900
8616  -0.136200
8617  -0.135500
8618  -0.135900
8619  -0.136500
8620  -0.135500
8621  -0.135900
8622  -0.136200
8623  -0.136200
8624  -0.136000
8625  -0.134700
8626  -0.133800
8627  -0.133900
8628  -0.134200
8629  -0.133700
8630  -0.133800
8631  -0.134200
8632  -0.133900
8633  -0.134700
8634  -0.133600
8635  -0.134000
8636  -0.132700
8637  -0.131500
8638  -0.132500
8639  -0.133500
8640  -0.133300
8641  -0.133500
8642  -0.133200
8643  -0.133300
8644  -0.132900
8645  -0.132400
8646  -0.131900
8647  -0.132400
8648  -0.132100
8649  -0.131300
8650  -0.131100
8651  -0.130200
8652  -0.131400
8653  -0.132300
8654  -0.131600
8655  -0.132800
8656  -0.131300
8657  -0.132100
8658  -0.131400
8659  -0.131400
8660  -0.130700
8661  -0.130700
8662  -0.129900
8663  -0.130200
8664  -0.131400
8665  -0.130500
8666  -0.130900
8667  -0.130100
8668  -0.129200
8669  -0.130300
8670  -0.131900
8671  -0.131600
8672  -0.131300
8673  -0.130900
8674  -0.130400
8675  -0.128300
8676  -0.127500
8677  -0.127200
8678  -0.127000
8679  -0.127700
8680  -0.128100
8681  -0.129400
8682  -0.130300
8683  -0.130500
8684  -0.131700
8685  -0.132000
8686  -0.132300
8687  -0.132600
8688  -0.133900
8689  -0.132700
8690  -0.133700
8691  -0.133300
8692  -0.132600
8693  -0.133700
8694  -0.133600
8695  -0.134100
8696  -0.135300
8697  -0.133700
8698  -0.133700
8699  -0.134800
8700  -0.133600
8701  -0.134400
8702  -0.133800
8703  -0.133700
8704  -0.133300
8705  -0.132800
8706  -0.133700
8707  -0.133600
8708  -0.133700
8709  -0.132600
8710  -0.132200
8711  -0.133600
8712  -0.133200
8713  -0.134800
8714  -0.134100
8715  -0.133900
8716  -0.134600
8717  -0.134600
8718  -0.134700
8719  -0.134800
8720  -0.134300
8721  -0.133900
8722  -0.135400
8723  -0.134500
8724  -0.134800
8725  -0.134900
8726  -0.135700
8727  -0.135300
8728  -0.133800
8729  -0.133600
8730  -0.132400
8731  -0.131800
8732  -0.131100
8733  -0.129500
8734  -0.128700
8735  -0.128700
8736  -0.129300
8737  -0.129200
8738  -0.128500
8739  -0.127900
8740  -0.127700
8741  -0.127000
8742  -0.126300
8743  -0.125500
8744  -0.125100
8745  -0.126100
8746  -0.125800
8747  -0.125000
8748  -0.124300
8749  -0.124400
8750  -0.123400
8751  -0.123400
8752  -0.122600
8753  -0.123400
8754  -0.124100
8755  -0.122100
8756  -0.121800
8757  -0.121400
8758  -0.122500
8759  -0.123000
8760  -0.122200
8761  -0.123100
8762  -0.122100
8763  -0.121600
8764  -0.121200
8765  -0.121400
8766  -0.122300
8767  -0.122000
8768  -0.121700
8769  -0.121000
8770  -0.120800
8771  -0.121200
8772  -0.121100
8773  -0.121900
8774  -0.121600
8775  -0.120600
8776  -0.120500
8777  -0.118700
8778  -0.119200
8779  -0.118000
8780  -0.117500
8781  -0.117000
8782  -0.117600
8783  -0.117000
8784  -0.116400
8785  -0.117600
8786  -0.117000
8787  -0.118300
8788  -0.118800
8789  -0.119300
8790  -0.118100
8791  -0.115800
8792  -0.115200
8793  -0.116200
8794  -0.116700
8795  -0.117500
8796  -0.118800
8797  -0.118800
8798  -0.118900
8799  -0.119000
8800  -0.119400
8801  -0.120100
8802  -0.119400
8803  -0.118500
8804  -0.119000
8805  -0.118600
8806  -0.118900
8807  -0.118300
8808  -0.117600
8809  -0.117700
8810  -0.119400
8811  -0.118900
8812  -0.120300
8813  -0.119600
8814  -0.120000
8815  -0.119500
8816  -0.118800
8817  -0.118700
8818  -0.119100
8819  -0.120100
8820  -0.120700
8821  -0.122900
8822  -0.124300
8823  -0.124400
8824  -0.125200
8825  -0.124300
8826  -0.123500
8827  -0.122700
8828  -0.122600
8829  -0.121800
8830  -0.121000
8831  -0.120600
8832  -0.120100
8833  -0.119900
8834  -0.121700
8835  -0.122200
8836  -0.122200
8837  -0.121400
8838  -0.121700
8839  -0.121100
8840  -0.120800
8841  -0.120400
8842  -0.119400
8843  -0.118500
8844  -0.118800
8845  -0.119900
8846  -0.119600
8847  -0.119700
8848  -0.120400
8849  -0.120500
8850  -0.121000
8851  -0.120600
8852  -0.120600
8853  -0.121100
8854  -0.121600
8855  -0.121700
8856  -0.123300
8857  -0.122500
8858  -0.122100
8859  -0.122400
8860  -0.121300
8861  -0.120400
8862  -0.121000
8863  -0.120900
8864  -0.122300
8865  -0.123800
8866  -0.124600
8867  -0.125600
8868  -0.124600
8869  -0.125500
8870  -0.124600
8871  -0.125400
8872  -0.124700
8873  -0.125100
8874  -0.125500
8875  -0.127300
8876  -0.126200
8877  -0.124900
8878  -0.125300
8879  -0.125000
8880  -0.124500
8881  -0.124100
8882  -0.123200
8883  -0.123000
8884  -0.123300
8885  -0.124100
8886  -0.124400
8887  -0.125000
8888  -0.125100
8889  -0.125500
8890  -0.125200
8891  -0.125400
8892  -0.124200
8893  -0.123700
8894  -0.124000
8895  -0.123400
8896  -0.123000
8897  -0.123300
8898  -0.123900
8899  -0.125400
8900  -0.126500
8901  -0.126900
8902  -0.126800
8903  -0.127600
8904  -0.127500
8905  -0.126800
8906  -0.126600
8907  -0.126700
8908  -0.128800
8909  -0.126700
8910  -0.126700
8911  -0.125700
8912  -0.126200
8913  -0.127300
8914  -0.127700
8915  -0.127300
8916  -0.126800
8917  -0.126300
8918  -0.126600
8919  -0.126300
8920  -0.125800
8921  -0.128100
8922  -0.128000
8923  -0.130100
8924  -0.130700
8925  -0.131200
8926  -0.131000
8927  -0.131100
8928  -0.132100
8929  -0.132400
8930  -0.133200
8931  -0.133000
8932  -0.133400
8933  -0.132700
8934  -0.133700
8935  -0.133600
8936  -0.133000
8937  -0.133400
8938  -0.131800
8939  -0.131400
8940  -0.130100
8941  -0.130200
8942  -0.131100
8943  -0.131700
8944  -0.131800
8945  -0.132300
8946  -0.132200
8947  -0.132400
8948  -0.131300
8949  -0.131500
8950  -0.131300
8951  -0.131400
8952  -0.131500
8953  -0.131300
8954  -0.130400
8955  -0.129800
8956  -0.129200
8957  -0.130300
8958  -0.130100
8959  -0.129900
8960  -0.129900
8961  -0.130800
8962  -0.132200
8963  -0.132100
8964  -0.133600
8965  -0.133600
8966  -0.134200
8967  -0.135400
8968  -0.135100
8969  -0.134800
8970  -0.135100
8971  -0.134900
8972  -0.134900
8973  -0.136000
8974  -0.135200
8975  -0.135900
8976  -0.134800
8977  -0.135200
8978  -0.134700
8979  -0.134100
8980  -0.134000
8981  -0.134300
8982  -0.134600
8983  -0.133500
8984  -0.134100
8985  -0.134400
8986  -0.133800
8987  -0.133900
8988  -0.134000
8989  -0.134000
8990  -0.135100
8991  -0.135700
8992  -0.135800
8993  -0.136000
8994  -0.134700
8995  -0.134800
8996  -0.134900
8997  -0.134000
8998  -0.133200
8999  -0.133900
9000  -0.134200
9001  -0.133000
9002  -0.133000
9003  -0.133900
9004  -0.132700
9005  -0.133600
9006  -0.132800
9007  -0.133000
9008  -0.133700
9009  -0.133400
9010  -0.132900
9011  -0.132300
9012  -0.131500
9013  -0.130700
9014  -0.130900
9015  -0.129200
9016  -0.128800
9017  -0.128200
9018  -0.127200
9019  -0.126500
9020  -0.127300
9021  -0.127800
9022  -0.127500
9023  -0.127200
9024  -0.127500
9025  -0.126800
9026  -0.127400
9027  -0.128400
9028  -0.128600
9029  -0.128400
9030  -0.128100
9031  -0.128300
9032  -0.128100
9033  -0.128700
9034  -0.128600
9035  -0.128300
9036  -0.128600
9037  -0.127900
9038  -0.128100
9039  -0.128200
9040  -0.128200
9041  -0.128000
9042  -0.127100
9043  -0.126200
9044  -0.127100
9045  -0.125900
9046  -0.126100
9047  -0.125900
9048  -0.126200
9049  -0.126800
9050  -0.127300
9051  -0.126100
9052  -0.125800
9053  -0.124200
9054  -0.124400
9055  -0.124300
9056  -0.124900
9057  -0.125300
9058  -0.124300
9059  -0.124600
9060  -0.126500
9061  -0.127600
9062  -0.126400
9063  -0.126000
9064  -0.127300
9065  -0.128500
9066  -0.128700
9067  -0.129100
9068  -0.129200
9069  -0.129500
9070  -0.130000
9071  -0.130200
9072  -0.130700
9073  -0.131200
9074  -0.130100
9075  -0.129800
9076  -0.130000
9077  -0.132100
9078  -0.131900
9079  -0.132500
9080  -0.132200
9081  -0.132600
9082  -0.134300
9083  -0.133900
9084  -0.135100
9085  -0.135400
9086  -0.134700
9087  -0.136900
9088  -0.137000
9089  -0.135900
9090  -0.135100
9091  -0.134800
9092  -0.133300
9093  -0.133900
9094  -0.134700
9095  -0.133800
9096  -0.134200
9097  -0.134400
9098  -0.133500
9099  -0.134500
9100  -0.133600
9101  -0.134300
9102  -0.135000
9103  -0.135000
9104  -0.134900
9105  -0.135000
9106  -0.134900
9107  -0.134400
9108  -0.136400
9109  -0.136500
9110  -0.135700
9111  -0.135100
9112  -0.134500
9113  -0.135200
9114  -0.137000
9115  -0.136200
9116  -0.134900
9117  -0.134200
9118  -0.134400
9119  -0.134100
9120  -0.135000
9121  -0.135000
9122  -0.134900
9123  -0.134200
9124  -0.133500
9125  -0.133100
9126  -0.133800
9127  -0.133400
9128  -0.134400
9129  -0.134700
9130  -0.135100
9131  -0.134700
9132  -0.134400
9133  -0.134200
9134  -0.134000
9135  -0.132000
9136  -0.132000
9137  -0.132800
9138  -0.130900
9139  -0.129900
9140  -0.130300
9141  -0.130800
9142  -0.131000
9143  -0.130100
9144  -0.129900
9145  -0.129000
9146  -0.129700
9147  -0.129000
9148  -0.128500
9149  -0.129000
9150  -0.128100
9151  -0.127100
9152  -0.125600
9153  -0.126000
9154  -0.126200
9155  -0.125900
9156  -0.125500
9157  -0.126400
9158  -0.126900
9159  -0.127400
9160  -0.126200
9161  -0.125000
9162  -0.124800
9163  -0.125300
9164  -0.125200
9165  -0.126200
9166  -0.127100
9167  -0.126100
9168  -0.125900
9169  -0.126600
9170  -0.126800
9171  -0.127600
9172  -0.128200
9173  -0.127100
9174  -0.128200
9175  -0.128400
9176  -0.128600
9177  -0.129300
9178  -0.129400
9179  -0.130100
9180  -0.130500
9181  -0.132000
9182  -0.133000
9183  -0.132700
9184  -0.132800
9185  -0.131900
9186  -0.130400
9187  -0.130200
9188  -0.129600
9189  -0.131200
9190  -0.130100
9191  -0.130200
9192  -0.130200
9193  -0.128100
9194  -0.127300
9195  -0.128600
9196  -0.128900
9197  -0.129000
9198  -0.128400
9199  -0.128700
9200  -0.129700
9201  -0.130200
9202  -0.130600
9203  -0.130300
9204  -0.128800
9205  -0.129900
9206  -0.128600
9207  -0.128700
9208  -0.130100
9209  -0.130700
9210  -0.129200
9211  -0.128800
9212  -0.128700
9213  -0.129300
9214  -0.130400
9215  -0.130500
9216  -0.129900
9217  -0.130300
9218  -0.129700
9219  -0.130300
9220  -0.128800
9221  -0.128900
9222  -0.128600
9223  -0.126800
9224  -0.127600
9225  -0.127300
9226  -0.125700
9227  -0.125500
9228  -0.125000
9229  -0.125200
9230  -0.124800
9231  -0.124800
9232  -0.126200
9233  -0.126800
9234  -0.126700
9235  -0.128200
9236  -0.128100
9237  -0.128300
9238  -0.130000
9239  -0.131300
9240  -0.131800
9241  -0.132700
9242  -0.132800
9243  -0.132800
9244  -0.133000
9245  -0.135000
9246  -0.134500
9247  -0.134100
9248  -0.133600
9249  -0.133200
9250  -0.134000
9251  -0.134700
9252  -0.135900
9253  -0.136200
9254  -0.136500
9255  -0.136800
9256  -0.137100
9257  -0.138100
9258  -0.137600
9259  -0.138100
9260  -0.137000
9261  -0.138000
9262  -0.137900
9263  -0.137200
9264  -0.137500
9265  -0.137600
9266  -0.137700
9267  -0.137600
9268  -0.137900
9269  -0.138200
9270  -0.136900
9271  -0.136600
9272  -0.136900
9273  -0.137200
9274  -0.135800
9275  -0.136700
9276  -0.135800
9277  -0.135900
9278  -0.136500
9279  -0.135600
9280  -0.135700
9281  -0.136900
9282  -0.137400
9283  -0.137800
9284  -0.137100
9285  -0.136600
9286  -0.136100
9287  -0.135700
9288  -0.135300
9289  -0.135700
9290  -0.134900
9291  -0.134600
9292  -0.134300
9293  -0.134400
9294  -0.135000
9295  -0.134400
9296  -0.133400
9297  -0.133000
9298  -0.132400
9299  -0.134100
9300  -0.133100
9301  -0.131600
9302  -0.133200
9303  -0.133900
9304  -0.134200
9305  -0.135000
9306  -0.133100
9307  -0.133300
9308  -0.135200
9309  -0.133700
9310  -0.134000
9311  -0.134200
9312  -0.134100
9313  -0.132900
9314  -0.132600
9315  -0.131600
9316  -0.131300
9317  -0.130700
9318  -0.132300
9319  -0.132100
9320  -0.132200
9321  -0.133000
9322  -0.133100
9323  -0.133500
9324  -0.134600
9325  -0.134500
9326  -0.134300
9327  -0.134700
9328  -0.134200
9329  -0.134500
9330  -0.134900
9331  -0.135400
9332  -0.136100
9333  -0.137200
9334  -0.137800
9335  -0.136800
9336  -0.136700
9337  -0.137500
9338  -0.137900
9339  -0.138300
9340  -0.137700
9341  -0.137800
9342  -0.137500
9343  -0.136100
9344  -0.135400
9345  -0.137400
9346  -0.137500
9347  -0.136400
9348  -0.135900
9349  -0.136300
9350  -0.137000
9351  -0.135900
9352  -0.135600
9353  -0.136700
9354  -0.136300
9355  -0.137000
9356  -0.137900
9357  -0.138300
9358  -0.138400
9359  -0.137500
9360  -0.137800
9361  -0.138500
9362  -0.138800
9363  -0.140000
9364  -0.139500
9365  -0.139000
9366  -0.139300
9367  -0.140000
9368  -0.139200
9369  -0.139100
9370  -0.138900
9371  -0.138900
9372  -0.138400
9373  -0.137300
9374  -0.137400
9375  -0.138100
9376  -0.138200
9377  -0.137400
9378  -0.136100
9379  -0.135800
9380  -0.135400
9381  -0.134900
9382  -0.135900
9383  -0.136800
9384  -0.137100
9385  -0.136800
9386  -0.136800
9387  -0.135300
9388  -0.135500
9389  -0.135800
9390  -0.136900
9391  -0.137300
9392  -0.137500
9393  -0.137800
9394  -0.139200
9395  -0.139200
9396  -0.139000
9397  -0.140500
9398  -0.140600
9399  -0.140400
9400  -0.140100
9401  -0.141000
9402  -0.141900
9403  -0.141000
9404  -0.140700
9405  -0.139800
9406  -0.141000
9407  -0.141400
9408  -0.140500
9409  -0.141800
9410  -0.141200
9411  -0.142200
9412  -0.142700
9413  -0.143600
9414  -0.142600
9415  -0.142300
9416  -0.142600
9417  -0.142400
9418  -0.141900
9419  -0.141900
9420  -0.141500
9421  -0.142400
9422  -0.141800
9423  -0.142600
9424  -0.142500
9425  -0.142300
9426  -0.142300
9427  -0.144400
9428  -0.142300
9429  -0.142800
9430  -0.141400
9431  -0.141300
9432  -0.141000
9433  -0.141000
9434  -0.141800
9435  -0.140800
9436  -0.139200
9437  -0.139900
9438  -0.140100
9439  -0.139400
9440  -0.139600
9441  -0.139800
9442  -0.139000
9443  -0.139300
9444  -0.138600
9445  -0.136900
9446  -0.137100
9447  -0.137400
9448  -0.138100
9449  -0.139300
9450  -0.139400
9451  -0.139400
9452  -0.139000
9453  -0.138800
9454  -0.139300
9455  -0.139500
9456  -0.140900
9457  -0.142200
9458  -0.142900
9459  -0.142300
9460  -0.142300
9461  -0.142700
9462  -0.142300
9463  -0.142100
9464  -0.142100
9465  -0.142600
9466  -0.142400
9467  -0.140900
9468  -0.141200
9469  -0.141300
9470  -0.141300
9471  -0.141200
9472  -0.140900
9473  -0.139700
9474  -0.140100
9475  -0.140300
9476  -0.141100
9477  -0.141900
9478  -0.140600
9479  -0.140400
9480  -0.140900
9481  -0.140600
9482  -0.142200
9483  -0.142200
9484  -0.142000
9485  -0.141800
9486  -0.141400
9487  -0.140500
9488  -0.140700
9489  -0.140800
9490  -0.142100
9491  -0.141300
9492  -0.141100
9493  -0.140100
9494  -0.140000
9495  -0.139600
9496  -0.138300
9497  -0.138300
9498  -0.138700
9499  -0.138900
9500  -0.138600
9501  -0.139500
9502  -0.139600
9503  -0.138600
9504  -0.137500
9505  -0.136800
9506  -0.137100
9507  -0.136200
9508  -0.136300
9509  -0.136200
9510  -0.136400
9511  -0.136200
9512  -0.137300
9513  -0.137200
9514  -0.136500
9515  -0.134600
9516  -0.135400
9517  -0.135800
9518  -0.135800
9519  -0.136200
9520  -0.135900
9521  -0.134400
9522  -0.134300
9523  -0.134500
9524  -0.134900
9525  -0.135300
9526  -0.135800
9527  -0.135500
9528  -0.135100
9529  -0.135500
9530  -0.135500
9531  -0.135000
9532  -0.134300
9533  -0.134200
9534  -0.135100
9535  -0.135500
9536  -0.135300
9537  -0.136800
9538  -0.138500
9539  -0.139000
9540  -0.138300
9541  -0.138000
9542  -0.137500
9543  -0.137700
9544  -0.136200
9545  -0.136700
9546  -0.137300
9547  -0.135600
9548  -0.135800
9549  -0.135400
9550  -0.135700
9551  -0.135100
9552  -0.135400
9553  -0.135000
9554  -0.134400
9555  -0.134600
9556  -0.133200
9557  -0.133100
9558  -0.133000
9559  -0.131000
9560  -0.131100
9561  -0.131900
9562  -0.131800
9563  -0.131900
9564  -0.130800
9565  -0.130100
9566  -0.130600
9567  -0.131100
9568  -0.130200
9569  -0.128700
9570  -0.129500
9571  -0.129000
9572  -0.129300
9573  -0.128900
9574  -0.130500
9575  -0.131000
9576  -0.130500
9577  -0.131100
9578  -0.131600
9579  -0.131900
9580  -0.132100
9581  -0.133500
9582  -0.132500
9583  -0.134000
9584  -0.134600
9585  -0.134500
9586  -0.134500
9587  -0.133600
9588  -0.132900
9589  -0.132000
9590  -0.132600
9591  -0.132300
9592  -0.132100
9593  -0.132600
9594  -0.131800
9595  -0.132300
9596  -0.133400
9597  -0.133500
9598  -0.133200
9599  -0.133000
9600  -0.133200
9601  -0.134300
9602  -0.135100
9603  -0.134300
9604  -0.136000
9605  -0.137200
9606  -0.137100
9607  -0.138200
9608  -0.137600
9609  -0.137800
9610  -0.137400
9611  -0.137600
9612  -0.136400
9613  -0.136400
9614  -0.135700
9615  -0.134900
9616  -0.134400
9617  -0.134600
9618  -0.133300
9619  -0.133300
9620  -0.133900
9621  -0.133300
9622  -0.133900
9623  -0.134000
9624  -0.135000
9625  -0.135600
9626  -0.135000
9627  -0.135400
9628  -0.135000
9629  -0.136800
9630  -0.136200
9631  -0.137300
9632  -0.137000
9633  -0.136800
9634  -0.138500
9635  -0.137700
9636  -0.137400
9637  -0.136100
9638  -0.136400
9639  -0.136100
9640  -0.136300
9641  -0.137300
9642  -0.137700
9643  -0.137600
9644  -0.135800
9645  -0.135300
9646  -0.135200
9647  -0.134200
9648  -0.134300
9649  -0.133500
9650  -0.133300
9651  -0.132800
9652  -0.134200
9653  -0.134700
9654  -0.134100
9655  -0.134500
9656  -0.134700
9657  -0.133900
9658  -0.132700
9659  -0.132200
9660  -0.131800
9661  -0.131300
9662  -0.129900
9663  -0.130300
9664  -0.131300
9665  -0.130400
9666  -0.131400
9667  -0.130900
9668  -0.129600
9669  -0.128800
9670  -0.129700
9671  -0.131000
9672  -0.130700
9673  -0.130300
9674  -0.131600
9675  -0.131600
9676  -0.132000
9677  -0.133100
9678  -0.133600
9679  -0.132500
9680  -0.133100
9681  -0.134200
9682  -0.134600
9683  -0.135100
9684  -0.135900
9685  -0.135800
9686  -0.137300
9687  -0.138400
9688  -0.138000
9689  -0.136400
9690  -0.136900
9691  -0.136800
9692  -0.136300
9693  -0.135900
9694  -0.136400
9695  -0.136300
9696  -0.136200
9697  -0.135700
9698  -0.135800
9699  -0.136300
9700  -0.136300
9701  -0.135800
9702  -0.136700
9703  -0.136100
9704  -0.136100
9705  -0.136300
9706  -0.137400
9707  -0.137100
9708  -0.138600
9709  -0.138400
9710  -0.137800
9711  -0.138800
9712  -0.138800
9713  -0.139200
9714  -0.138900
9715  -0.138700
9716  -0.138400
9717  -0.138700
9718  -0.139200
9719  -0.139900
9720  -0.140800
9721  -0.138900
9722  -0.139300
9723  -0.139700
9724  -0.138900
9725  -0.137900
9726  -0.136600
9727  -0.136400
9728  -0.136300
9729  -0.136400
9730  -0.136700
9731  -0.137200
9732  -0.138200
9733  -0.138900
9734  -0.139400
9735  -0.138800
9736  -0.138800
9737  -0.139200
9738  -0.139500
9739  -0.140600
9740  -0.139500
9741  -0.138700
9742  -0.138600
9743  -0.137100
9744  -0.136700
9745  -0.135900
9746  -0.136300
9747  -0.136500
9748  -0.136700
9749  -0.135700
9750  -0.136600
9751  -0.137200
9752  -0.137500
9753  -0.135700
9754  -0.136100
9755  -0.136200
9756  -0.137400
9757  -0.138500
9758  -0.137300
9759  -0.138000
9760  -0.137500
9761  -0.138900
9762  -0.138500
9763  -0.141200
9764  -0.141700
9765  -0.142700
9766  -0.143500
9767  -0.145600
9768  -0.146100
9769  -0.146000
9770  -0.147800
9771  -0.149200
9772  -0.148200
9773  -0.148500
9774  -0.147300
9775  -0.147300
9776  -0.147400
9777  -0.147900
9778  -0.147100
9779  -0.145700
9780  -0.145400
9781  -0.145600
9782  -0.145900
9783  -0.145400
9784  -0.145500
9785  -0.144900
9786  -0.144800
9787  -0.144400
9788  -0.144100
9789  -0.144100
9790  -0.144700
9791  -0.142900
9792  -0.141900
9793  -0.141400
9794  -0.140100
9795  -0.140100
9796  -0.138700
9797  -0.138500
9798  -0.138500
9799  -0.137500
9800  -0.137100
9801  -0.136300
9802  -0.135700
9803  -0.137400
9804  -0.137900
9805  -0.137600
9806  -0.137900
9807  -0.138300
9808  -0.138200
9809  -0.137600
9810  -0.137600
9811  -0.137700
9812  -0.138400
9813  -0.141000
9814  -0.142500
9815  -0.142100
9816  -0.142000
9817  -0.141900
9818  -0.140000
9819  -0.138600
9820  -0.138100
9821  -0.138100
9822  -0.138000
9823  -0.138600
9824  -0.137900
9825  -0.138600
9826  -0.138000
9827  -0.137200
9828  -0.137100
9829  -0.136700
9830  -0.138000
9831  -0.138600
9832  -0.139300
9833  -0.140000
9834  -0.139700
9835  -0.141100
9836  -0.141100
9837  -0.141200
9838  -0.140000
9839  -0.139300
9840  -0.140000
9841  -0.140600
9842  -0.140400
9843  -0.139900
9844  -0.140100
9845  -0.140600
9846  -0.140700
9847  -0.141800
9848  -0.141700
9849  -0.142200
9850  -0.143200
9851  -0.143700
9852  -0.143000
9853  -0.142300
9854  -0.140800
9855  -0.140500
9856  -0.140300
9857  -0.139800
9858  -0.141000
9859  -0.140500
9860  -0.140700
9861  -0.140900
9862  -0.142900
9863  -0.143000
9864  -0.143700
9865  -0.144100
9866  -0.142500
9867  -0.143300
9868  -0.143000
9869  -0.142500
9870  -0.143200
9871  -0.144100
9872  -0.145100
9873  -0.146000
9874  -0.145100
9875  -0.145700
9876  -0.145600
9877  -0.145200
9878  -0.145900
9879  -0.145100
9880  -0.145800
9881  -0.146800
9882  -0.146400
9883  -0.145600
9884  -0.146600
9885  -0.148100
9886  -0.148900
9887  -0.147900
9888  -0.147800
9889  -0.146900
9890  -0.146600
9891  -0.146700
9892  -0.147200
9893  -0.148200
9894  -0.148400
9895  -0.149200
9896  -0.148800
9897  -0.147600
9898  -0.146900
9899  -0.147000
9900  -0.147800
9901  -0.147000
9902  -0.146600
9903  -0.146700
9904  -0.147500
9905  -0.147700
9906  -0.147000
9907  -0.146700
9908  -0.146900
9909  -0.146800
9910  -0.145800
9911  -0.146000
9912  -0.145300
9913  -0.146600
9914  -0.146500
9915  -0.146000
9916  -0.145300
9917  -0.145600
9918  -0.146000
9919  -0.145300
9920  -0.145100
9921  -0.145500
9922  -0.146300
9923  -0.146200
9924  -0.147700
9925  -0.148700
9926  -0.148900
9927  -0.148000
9928  -0.149300
9929  -0.148900
9930  -0.149500
9931  -0.150200
9932  -0.149000
9933  -0.150400
9934  -0.149100
9935  -0.149300
9936  -0.150200
9937  -0.150700
9938  -0.150300
9939  -0.151700
9940  -0.151200
9941  -0.151200
9942  -0.151500
9943  -0.152000
9944  -0.152000
9945  -0.151900
9946  -0.151800
9947  -0.150900
9948  -0.149100
9949  -0.148600
9950  -0.148000
9951  -0.148300
9952  -0.149000
9953  -0.150900
9954  -0.149700
9955  -0.149300
9956  -0.149100
9957  -0.149500
9958  -0.151000
9959  -0.149700
9960  -0.148300
9961  -0.148400
9962  -0.149000
9963  -0.149200
9964  -0.149200
9965  -0.148700
9966  -0.148600
9967  -0.148400
9968  -0.148600
9969  -0.148300
9970  -0.148400
9971  -0.149100
9972  -0.150500
9973  -0.151400
9974  -0.150900
9975  -0.151100
9976  -0.151000
9977  -0.150300
9978  -0.150200
9979  -0.149900
9980  -0.149000
9981  -0.148600
9982  -0.148600
9983  -0.150400
9984  -0.150200
9985  -0.150500
9986  -0.150300
9987  -0.150400
9988  -0.151700
9989  -0.152300
9990  -0.151500
9991  -0.150300
9992  -0.149300
9993  -0.150400
9994  -0.150800
9995  -0.151300
9996  -0.151600
9997  -0.152500
9998  -0.153000
9999  -0.153000
10000  -0.153500
10001  -0.154800
10002  -0.154000
10003  -0.153000
10004  -0.154200
10005  -0.153600
10006  -0.153700
10007  -0.153400
10008  -0.153800
10009  -0.153400
10010  -0.154000
10011  -0.154500
10012  -0.154400
10013  -0.155700
10014  -0.156000
10015  -0.155300
10016  -0.155700
10017  -0.155900
10018  -0.156500
10019  -0.155700
10020  -0.155400
10021  -0.155600
10022  -0.155100
10023  -0.156300
10024  -0.156100
10025  -0.155800
10026  -0.157000
10027  -0.156200
10028  -0.156400
10029  -0.156600
10030  -0.157300
10031  -0.157200
10032  -0.156300
10033  -0.156400
10034  -0.156100
10035  -0.156000
10036  -0.155700
10037  -0.157700
10038  -0.157100
10039  -0.157400
10040  -0.157400
10041  -0.157800
10042  -0.157400
10043  -0.157300
10044  -0.157200
10045  -0.157500
10046  -0.157700
10047  -0.158400
10048  -0.158400
10049  -0.158000
10050  -0.159000
10051  -0.158000
10052  -0.158800
10053  -0.158900
10054  -0.159500
10055  -0.159200
10056  -0.158800
10057  -0.158100
10058  -0.158900
10059  -0.158300
10060  -0.157600
10061  -0.156300
10062  -0.155400
10063  -0.157200
10064  -0.157400
10065  -0.157600
10066  -0.156100
10067  -0.155900
10068  -0.154900
10069  -0.153900
10070  -0.153100
10071  -0.153100
10072  -0.153800
10073  -0.153900
10074  -0.152400
10075  -0.151100
10076  -0.151600
10077  -0.150800
10078  -0.151700
10079  -0.152600
10080  -0.153100
10081  -0.152300
10082  -0.151400
10083  -0.150900
10084  -0.150700
10085  -0.150700
10086  -0.151800
10087  -0.152800
10088  -0.153900
10089  -0.152100
10090  -0.152500
10091  -0.153200
10092  -0.153800
10093  -0.152800
10094  -0.153100
10095  -0.153000
10096  -0.153800
10097  -0.153000
10098  -0.152200
10099  -0.152600
10100  -0.152200
10101  -0.152000
10102  -0.152200
10103  -0.150800
10104  -0.150200
10105  -0.151200
10106  -0.152200
10107  -0.153800
10108  -0.154600
10109  -0.155300
10110  -0.155300
10111  -0.155400
10112  -0.154300
10113  -0.155200
10114  -0.156200
10115  -0.157200
10116  -0.157800
10117  -0.157400
10118  -0.157800
10119  -0.157100
10120  -0.157100
10121  -0.156200
10122  -0.157400
10123  -0.157600
10124  -0.158300
10125  -0.158300
10126  -0.156700
10127  -0.157100
10128  -0.156500
10129  -0.157600
10130  -0.156900
10131  -0.157800
10132  -0.157200
10133  -0.157500
10134  -0.157300
10135  -0.157900
10136  -0.157200
10137  -0.156000
10138  -0.156000
10139  -0.156900
10140  -0.156500
10141  -0.157000
10142  -0.157200
10143  -0.156600
10144  -0.156900
10145  -0.155800
10146  -0.154900
10147  -0.156200
10148  -0.155800
10149  -0.156900
10150  -0.156600
10151  -0.156200
10152  -0.156400
10153  -0.157100
10154  -0.156200
10155  -0.156400
10156  -0.157100
10157  -0.156200
10158  -0.155600
10159  -0.156800
10160  -0.158100
10161  -0.158400
10162  -0.159500
10163  -0.158700
10164  -0.158800
10165  -0.158700
10166  -0.158200
10167  -0.158900
10168  -0.158800
10169  -0.158300
10170  -0.158100
10171  -0.158500
10172  -0.159200
10173  -0.159300
10174  -0.158100
10175  -0.157700
10176  -0.158000
10177  -0.158000
10178  -0.156900
10179  -0.155800
10180  -0.154800
10181  -0.155300
10182  -0.155900
10183  -0.156400
10184  -0.158000
10185  -0.159300
10186  -0.158600
10187  -0.158500
10188  -0.158200
10189  -0.157900
10190  -0.156500
10191  -0.154800
10192  -0.154500
10193  -0.154500
10194  -0.154700
10195  -0.153800
10196  -0.153200
10197  -0.152100
10198  -0.151900
10199  -0.152700
10200  -0.152300
10201  -0.153500
10202  -0.154100
10203  -0.154400
10204  -0.154700
10205  -0.155700
10206  -0.154500
10207  -0.154300
10208  -0.153900
10209  -0.154500
10210  -0.153500
10211  -0.153600
10212  -0.154000
10213  -0.154800
10214  -0.153500
10215  -0.153700
10216  -0.153300
10217  -0.153100
10218  -0.153400
10219  -0.153800
10220  -0.155200
10221  -0.155100
10222  -0.156000
10223  -0.155700
10224  -0.155100
10225  -0.155300
10226  -0.155700
10227  -0.157100
10228  -0.156600
10229  -0.156600
10230  -0.156300
10231  -0.157000
10232  -0.157200
10233  -0.158400
10234  -0.158600
10235  -0.157200
10236  -0.157500
10237  -0.157200
10238  -0.157600
10239  -0.156800
10240  -0.156500
10241  -0.155500
10242  -0.156400
10243  -0.156400
10244  -0.155700
10245  -0.156300
10246  -0.155700
10247  -0.155500
10248  -0.156900
10249  -0.155900
10250  -0.156500
10251  -0.157100
10252  -0.157400
10253  -0.157400
10254  -0.155100
10255  -0.155600
10256  -0.156000
10257  -0.156400
10258  -0.156300
10259  -0.156200
10260  -0.157400
10261  -0.156700
10262  -0.156400
10263  -0.157100
10264  -0.156400
10265  -0.156800
10266  -0.156500
10267  -0.157000
10268  -0.158000
10269  -0.157500
10270  -0.156200
10271  -0.156500
10272  -0.156200
10273  -0.156500
10274  -0.156500
10275  -0.156000
10276  -0.155200
10277  -0.155400
10278  -0.156100
10279  -0.155000
10280  -0.155200
10281  -0.155900
10282  -0.154400
10283  -0.153700
10284  -0.153800
10285  -0.153000
10286  -0.152800
10287  -0.151800
10288  -0.151800
10289  -0.151500
10290  -0.151300
10291  -0.152000
10292  -0.152400
10293  -0.152700
10294  -0.152100
10295  -0.151000
10296  -0.151600
10297  -0.151400
10298  -0.151300
10299  -0.151100
10300  -0.150200
10301  -0.151100
10302  -0.150300
10303  -0.150800
10304  -0.151000
10305  -0.151500
10306  -0.151800
10307  -0.152100
10308  -0.151200
10309  -0.150400
10310  -0.150600
10311  -0.150400
10312  -0.150000
10313  -0.149700
10314  -0.148800
10315  -0.148000
10316  -0.148600
10317  -0.148800
10318  -0.149700
10319  -0.150400
10320  -0.151600
10321  -0.152300
10322  -0.152000
10323  -0.151700
10324  -0.150700
10325  -0.150900
10326  -0.150400
10327  -0.151000
10328  -0.150400
10329  -0.151300
10330  -0.151800
10331  -0.150700
10332  -0.149500
10333  -0.150500
10334  -0.150100
10335  -0.151300
10336  -0.150500
10337  -0.149800
10338  -0.151100
10339  -0.153000
10340  -0.152900
10341  -0.153400
10342  -0.153000
10343  -0.152800
10344  -0.154100
10345  -0.154500
10346  -0.155600
10347  -0.155700
10348  -0.156500
10349  -0.156000
10350  -0.155200
10351  -0.154400
10352  -0.154600
10353  -0.155000
10354  -0.155600
10355  -0.155600
10356  -0.154900
10357  -0.154700
10358  -0.152800
10359  -0.153200
10360  -0.153200
10361  -0.152700
10362  -0.153300
10363  -0.152300
10364  -0.152500
10365  -0.152000
10366  -0.149700
10367  -0.149500
10368  -0.147600
10369  -0.149300
10370  -0.150700
10371  -0.151200
10372  -0.151700
10373  -0.150900
10374  -0.150900
10375  -0.150200
10376  -0.150200
10377  -0.148800
10378  -0.149500
10379  -0.149200
10380  -0.149800
10381  -0.149400
10382  -0.150900
10383  -0.150600
10384  -0.151300
10385  -0.149700
10386  -0.148800
10387  -0.149100
10388  -0.148700
10389  -0.147000
10390  -0.147300
10391  -0.148200
10392  -0.149900
10393  -0.151000
10394  -0.151200
10395  -0.151500
10396  -0.151600
10397  -0.151600
10398  -0.151200
10399  -0.151400
10400  -0.151400
10401  -0.151200
10402  -0.151300
10403  -0.151500
10404  -0.151500
10405  -0.150800
10406  -0.149200
10407  -0.148400
10408  -0.148900
10409  -0.148100
10410  -0.148300
10411  -0.148000
10412  -0.147500
10413  -0.146800
10414  -0.147200
10415  -0.145800
10416  -0.146900
10417  -0.148300
10418  -0.147800
10419  -0.148200
10420  -0.147100
10421  -0.147100
10422  -0.147400
10423  -0.147100
10424  -0.147900
10425  -0.147500
10426  -0.146200
10427  -0.146000
10428  -0.145800
10429  -0.146200
10430  -0.146100
10431  -0.146200
10432  -0.146400
10433  -0.145900
10434  -0.145100
10435  -0.145100
10436  -0.145200
10437  -0.145100
10438  -0.144600
10439  -0.143900
10440  -0.143000
10441  -0.143500
10442  -0.144200
10443  -0.145200
10444  -0.145400
10445  -0.144500
10446  -0.144300
10447  -0.143700
10448  -0.143600
10449  -0.141600
10450  -0.140000
10451  -0.139300
10452  -0.140000
10453  -0.139500
10454  -0.140500
10455  -0.140500
10456  -0.141100
10457  -0.141600
10458  -0.141400
10459  -0.140600
10460  -0.140300
10461  -0.140300
10462  -0.140000
10463  -0.139800
10464  -0.141000
10465  -0.140100
10466  -0.140900
10467  -0.139900
10468  -0.139600
10469  -0.139900
10470  -0.138700
10471  -0.137600
10472  -0.136800
10473  -0.136000
10474  -0.135200
10475  -0.135100
10476  -0.134500
10477  -0.133400
10478  -0.132100
10479  -0.132100
10480  -0.131600
10481  -0.131800
10482  -0.131700
10483  -0.131200
10484  -0.131100
10485  -0.131600
10486  -0.131800
10487  -0.132400
10488  -0.133400
10489  -0.133700
10490  -0.134700
10491  -0.135600
10492  -0.134600
10493  -0.134500
10494  -0.134100
10495  -0.134800
10496  -0.134600
10497  -0.134100
10498  -0.133400
10499  -0.133400
10500  -0.133100
10501  -0.133000
10502  -0.131700
10503  -0.131800
10504  -0.130900
10505  -0.130400
10506  -0.131300
10507  -0.132800
10508  -0.132300
10509  -0.132300
10510  -0.131800
10511  -0.131200
10512  -0.132000
10513  -0.133300
10514  -0.133200
10515  -0.133600
10516  -0.134500
10517  -0.134600
10518  -0.135900
10519  -0.135200
10520  -0.134600
10521  -0.134100
10522  -0.133600
10523  -0.134400
10524  -0.133800
10525  -0.134200
10526  -0.134800
10527  -0.136800
10528  -0.137200
10529  -0.136900
10530  -0.138000
10531  -0.137800
10532  -0.137800
10533  -0.138400
10534  -0.138400
10535  -0.138300
10536  -0.139500
10537  -0.138600
10538  -0.139400
10539  -0.140000
10540  -0.139500
10541  -0.139900
10542  -0.140000
10543  -0.138800
10544  -0.138000
10545  -0.137200
10546  -0.137400
10547  -0.137700
10548  -0.137400
10549  -0.137900
10550  -0.138400
10551  -0.138400
10552  -0.138200
10553  -0.136300
10554  -0.135300
10555  -0.135300
10556  -0.134800
10557  -0.134700
10558  -0.134900
10559  -0.133200
10560  -0.132900
10561  -0.132600
10562  -0.132100
10563  -0.132800
10564  -0.132200
10565  -0.133800
10566  -0.135100
10567  -0.136200
10568  -0.135200
10569  -0.135600
10570  -0.135300
10571  -0.136800
10572  -0.136300
10573  -0.136000
10574  -0.134400
10575  -0.133800
10576  -0.133200
10577  -0.133100
10578  -0.131900
10579  -0.131500
10580  -0.131900
10581  -0.130700
10582  -0.130400
10583  -0.129400
10584  -0.128500
10585  -0.127700
10586  -0.126500
10587  -0.128000
10588  -0.128000
10589  -0.127600
10590  -0.127700
10591  -0.128600
10592  -0.128300
10593  -0.127900
10594  -0.127200
10595  -0.126300
10596  -0.125200
10597  -0.125800
10598  -0.125100
10599  -0.124900
10600  -0.126300
10601  -0.126100
10602  -0.126800
10603  -0.127100
10604  -0.126800
10605  -0.126400
10606  -0.125800
10607  -0.125900
10608  -0.127100
10609  -0.126300
10610  -0.126600
10611  -0.127900
10612  -0.127300
10613  -0.128100
10614  -0.128200
10615  -0.128700
10616  -0.128900
10617  -0.128100
10618  -0.128400
10619  -0.127000
10620  -0.126900
10621  -0.127800
10622  -0.128900
10623  -0.128600
10624  -0.128200
10625  -0.129600
10626  -0.129700
10627  -0.129300
10628  -0.130500
10629  -0.131400
10630  -0.131000
10631  -0.131000
10632  -0.131500
10633  -0.131300
10634  -0.131700
10635  -0.130700
10636  -0.129200
10637  -0.128500
10638  -0.128800
10639  -0.128700
10640  -0.128600
10641  -0.129900
10642  -0.130900
10643  -0.131100
10644  -0.131900
10645  -0.132600
10646  -0.132600
10647  -0.133600
10648  -0.135000
10649  -0.136100
10650  -0.136200
10651  -0.137000
10652  -0.136700
10653  -0.137700
10654  -0.138500
10655  -0.137500
10656  -0.137700
10657  -0.137700
10658  -0.137400
10659  -0.137900
10660  -0.138300
10661  -0.138400
10662  -0.139300
10663  -0.139100
10664  -0.137900
10665  -0.138900
10666  -0.137800
10667  -0.138400
10668  -0.137800
10669  -0.138700
10670  -0.138300
10671  -0.138100
10672  -0.138600
10673  -0.138000
10674  -0.137500
10675  -0.137400
10676  -0.137400
10677  -0.136200
10678  -0.135700
10679  -0.136300
10680  -0.136200
10681  -0.137400
10682  -0.136500
10683  -0.136500
10684  -0.136600
10685  -0.137000
10686  -0.136300
10687  -0.137300
10688  -0.138100
10689  -0.137900
10690  -0.137400
10691  -0.137700
10692  -0.139200
10693  -0.140200
10694  -0.141500
10695  -0.141700
10696  -0.143500
10697  -0.143100
10698  -0.142500
10699  -0.142000
10700  -0.142200
10701  -0.142800
10702  -0.142900
10703  -0.143400
10704  -0.144800
10705  -0.145400
10706  -0.146100
10707  -0.146200
10708  -0.146200
10709  -0.146200
10710  -0.145600
10711  -0.145800
10712  -0.144500
10713  -0.144700
10714  -0.143700
10715  -0.142600
10716  -0.142400
10717  -0.141400
10718  -0.141500
10719  -0.141900
10720  -0.142900
10721  -0.143000
10722  -0.143000
10723  -0.143000
10724  -0.142000
10725  -0.142200
10726  -0.142000
10727  -0.142600
10728  -0.142400
10729  -0.142400
10730  -0.143200
10731  -0.142600
10732  -0.143100
10733  -0.144200
10734  -0.144200
10735  -0.144100
10736  -0.144200
10737  -0.143900
10738  -0.145100
10739  -0.144600
10740  -0.144900
10741  -0.145800
10742  -0.146900
10743  -0.148300
10744  -0.148400
10745  -0.148000
10746  -0.147500
10747  -0.148100
10748  -0.146800
10749  -0.148900
10750  -0.149000
10751  -0.149100
10752  -0.149800
10753  -0.149200
10754  -0.149900
10755  -0.150300
10756  -0.150900
10757  -0.150200
10758  -0.151300
10759  -0.151900
10760  -0.152200
10761  -0.152900
10762  -0.153000
10763  -0.152100
10764  -0.152900
10765  -0.153400
10766  -0.152600
10767  -0.153100
10768  -0.153500
10769  -0.153100
10770  -0.152300
10771  -0.152500
10772  -0.152100
10773  -0.152400
10774  -0.153100
10775  -0.153300
10776  -0.152800
10777  -0.153100
10778  -0.152800
10779  -0.151700
10780  -0.153100
10781  -0.152100
10782  -0.151500
10783  -0.153000
10784  -0.152700
10785  -0.151900
10786  -0.151400
10787  -0.152400
10788  -0.150700
10789  -0.151000
10790  -0.151300
10791  -0.151000
10792  -0.150400
10793  -0.150200
10794  -0.150300
10795  -0.150800
10796  -0.150900
10797  -0.152600
10798  -0.152500
10799  -0.151200
10800  -0.151400
10801  -0.151700
10802  -0.152600
10803  -0.153300
10804  -0.151900
10805  -0.152100
10806  -0.151700
10807  -0.151300
10808  -0.150600
10809  -0.152000
10810  -0.151600
10811  -0.150700
10812  -0.151400
10813  -0.152700
10814  -0.152700
10815  -0.152700
10816  -0.151900
10817  -0.152200
10818  -0.152100
10819  -0.152700
10820  -0.153100
10821  -0.151700
10822  -0.152100
10823  -0.150600
10824  -0.151900
10825  -0.151900
10826  -0.151700
10827  -0.150600
10828  -0.149900
10829  -0.148800
10830  -0.149000
10831  -0.148400
10832  -0.149000
10833  -0.149300
10834  -0.149100
10835  -0.149900
10836  -0.150400
10837  -0.150800
10838  -0.150200
10839  -0.149500
10840  -0.149800
10841  -0.150200
10842  -0.152400
10843  -0.152600
10844  -0.152900
10845  -0.154000
10846  -0.154400
10847  -0.154600
10848  -0.154400
10849  -0.154500
10850  -0.154300
10851  -0.155600
10852  -0.156500
10853  -0.157100
10854  -0.158700
10855  -0.159200
10856  -0.159700
10857  -0.160000
10858  -0.159900
10859  -0.159400
10860  -0.158900
10861  -0.159400
10862  -0.160000
10863  -0.160700
10864  -0.161200
10865  -0.161400
10866  -0.160700
10867  -0.160600
10868  -0.160800
10869  -0.160900
10870  -0.161800
10871  -0.162600
10872  -0.162500
10873  -0.161800
10874  -0.161300
10875  -0.161100
10876  -0.160300
10877  -0.160600
10878  -0.160400
10879  -0.160500
10880  -0.160800
10881  -0.161200
10882  -0.161900
10883  -0.162200
10884  -0.161500
10885  -0.162700
10886  -0.163500
10887  -0.162800
10888  -0.163900
10889  -0.164500
10890  -0.164500
10891  -0.165000
10892  -0.165400
10893  -0.165900
10894  -0.166400
10895  -0.165600
10896  -0.165900
10897  -0.166600
10898  -0.165600
10899  -0.165200
10900  -0.165500
10901  -0.165500
10902  -0.164700
10903  -0.165000
10904  -0.165700
10905  -0.166300
10906  -0.165800
10907  -0.164100
10908  -0.163400
10909  -0.164400
10910  -0.164000
10911  -0.164000
10912  -0.165600
10913  -0.164800
10914  -0.163900
10915  -0.164500
10916  -0.164800
10917  -0.163900
10918  -0.163300
10919  -0.163500
10920  -0.162600
10921  -0.163300
10922  -0.163100
10923  -0.163500
10924  -0.163500
10925  -0.164100
10926  -0.164400
10927  -0.164000
10928  -0.163700
10929  -0.163400
10930  -0.163100
10931  -0.163600
10932  -0.163900
10933  -0.162400
10934  -0.162100
10935  -0.162300
10936  -0.162500
10937  -0.162500
10938  -0.163000
10939  -0.162400
10940  -0.162600
10941  -0.160900
10942  -0.162100
10943  -0.163400
10944  -0.163600
10945  -0.163700
10946  -0.163500
10947  -0.163400
10948  -0.163200
10949  -0.163300
10950  -0.162900
10951  -0.163800
10952  -0.163800
10953  -0.163300
10954  -0.162800
10955  -0.163100
10956  -0.163400
10957  -0.163900
10958  -0.163800
10959  -0.164600
10960  -0.164800
10961  -0.165100
10962  -0.163900
10963  -0.163500
10964  -0.162900
10965  -0.162500
10966  -0.163300
10967  -0.162500
10968  -0.162300
10969  -0.161300
10970  -0.162400
10971  -0.162300
10972  -0.162000
10973  -0.160700
10974  -0.160000
10975  -0.161600
10976  -0.162100
10977  -0.161900
10978  -0.162000
10979  -0.160700
10980  -0.160800
10981  -0.160900
10982  -0.161200
10983  -0.161200
10984  -0.161500
10985  -0.161800
10986  -0.161200
10987  -0.161400
10988  -0.159100
10989  -0.159500
10990  -0.158100
10991  -0.158900
10992  -0.157900
10993  -0.157700
10994  -0.157500
10995  -0.158000
10996  -0.157700
10997  -0.157400
10998  -0.157000
10999  -0.157200
11000  -0.156800
11001  -0.157100
11002  -0.157800
11003  -0.156500
11004  -0.157200
11005  -0.157300
11006  -0.156500
11007  -0.157000
11008  -0.158100
11009  -0.157400
11010  -0.157400
11011  -0.157000
11012  -0.156700
11013  -0.155200
11014  -0.155900
11015  -0.155100
11016  -0.154300
11017  -0.154300
11018  -0.154900
11019  -0.155100
11020  -0.155800
11021  -0.156900
11022  -0.156600
11023  -0.155600
11024  -0.155600
11025  -0.155000
11026  -0.154000
11027  -0.153700
11028  -0.152500
11029  -0.152400
11030  -0.152800
11031  -0.153100
11032  -0.153300
11033  -0.153600
11034  -0.153900
11035  -0.153200
11036  -0.152700
11037  -0.153600
11038  -0.153600
11039  -0.155500
11040  -0.155300
11041  -0.155500
11042  -0.156200
11043  -0.156300
11044  -0.156300
11045  -0.155700
11046  -0.156100
11047  -0.156200
11048  -0.155000
11049  -0.155300
11050  -0.155900
11051  -0.155700
11052  -0.155900
11053  -0.155700
11054  -0.154500
11055  -0.154600
11056  -0.154300
11057  -0.154700
11058  -0.155200
11059  -0.156600
11060  -0.156400
11061  -0.157200
11062  -0.157300
11063  -0.156700
11064  -0.155400
11065  -0.156600
11066  -0.155700
11067  -0.156800
11068  -0.156300
11069  -0.156400
11070  -0.156100
11071  -0.157100
11072  -0.156400
11073  -0.155300
11074  -0.153000
11075  -0.152300
11076  -0.151000
11077  -0.151600
11078  -0.152600
11079  -0.152600
11080  -0.151900
11081  -0.150700
11082  -0.151200
11083  -0.151300
11084  -0.152100
11085  -0.150800
11086  -0.151600
11087  -0.151600
11088  -0.151400
11089  -0.150700
11090  -0.150700
11091  -0.150300
11092  -0.149600
11093  -0.149400
11094  -0.150700
11095  -0.151900
11096  -0.152700
11097  -0.152800
11098  -0.152800
11099  -0.153000
11100  -0.152500
11101  -0.153200
11102  -0.152500
11103  -0.152100
11104  -0.151700
11105  -0.151800
11106  -0.151900
11107  -0.151900
11108  -0.152500
11109  -0.153100
11110  -0.153400
11111  -0.152800
11112  -0.153900
11113  -0.153000
11114  -0.153000
11115  -0.152700
11116  -0.153000
11117  -0.152100
11118  -0.151400
11119  -0.149600
11120  -0.149100
11121  -0.148500
11122  -0.147600
11123  -0.147500
11124  -0.149100
11125  -0.149700
11126  -0.150300
11127  -0.149800
11128  -0.149700
11129  -0.150100
11130  -0.151300
11131  -0.153100
11132  -0.154000
11133  -0.154300
11134  -0.154200
11135  -0.154500
11136  -0.155400
11137  -0.156700
11138  -0.157100
11139  -0.158100
11140  -0.158100
11141  -0.157900
11142  -0.157700
11143  -0.157500
11144  -0.157200
11145  -0.157000
11146  -0.156900
11147  -0.156000
11148  -0.155700
11149  -0.156200
11150  -0.156100
11151  -0.156800
11152  -0.155600
11153  -0.155700
11154  -0.155300
11155  -0.155700
11156  -0.155300
11157  -0.156300
11158  -0.155100
11159  -0.155200
11160  -0.153400
11161  -0.152900
11162  -0.152800
11163  -0.152700
11164  -0.151900
11165  -0.151000
11166  -0.151300
11167  -0.152400
11168  -0.152900
11169  -0.153400
11170  -0.153300
11171  -0.152600
11172  -0.152700
11173  -0.152900
11174  -0.150800
11175  -0.150200
11176  -0.148600
11177  -0.148600
11178  -0.148600
11179  -0.148500
11180  -0.148400
11181  -0.149100
11182  -0.148500
11183  -0.148900
11184  -0.147500
11185  -0.147300
11186  -0.148100
11187  -0.148400
11188  -0.147900
11189  -0.147100
11190  -0.147300
11191  -0.147100
11192  -0.147500
11193  -0.147700
11194  -0.147000
11195  -0.145300
11196  -0.145400
11197  -0.145600
11198  -0.146100
11199  -0.146500
11200  -0.144700
11201  -0.144900
11202  -0.144400
11203  -0.144900
11204  -0.144700
11205  -0.145500
11206  -0.144800
11207  -0.144700
11208  -0.143800
11209  -0.144900
11210  -0.145700
11211  -0.145700
11212  -0.145900
11213  -0.146100
11214  -0.146500
11215  -0.146400
11216  -0.146300
11217  -0.146100
11218  -0.146500
11219  -0.148800
11220  -0.148600
11221  -0.148800
11222  -0.148700
11223  -0.148400
11224  -0.148900
11225  -0.148000
11226  -0.147700
11227  -0.148600
11228  -0.147300
11229  -0.147800
11230  -0.147900
11231  -0.147800
11232  -0.148500
11233  -0.149000
11234  -0.150600
11235  -0.151300
11236  -0.151400
11237  -0.152100
11238  -0.153300
11239  -0.152100
11240  -0.151500
11241  -0.152200
11242  -0.151200
11243  -0.151100
11244  -0.151300
11245  -0.150900
11246  -0.150900
11247  -0.152000
11248  -0.151900
11249  -0.152700
11250  -0.151500
11251  -0.151600
11252  -0.150200
11253  -0.150500
11254  -0.152200
11255  -0.150700
11256  -0.150300
11257  -0.149800
11258  -0.150900
11259  -0.150200
11260  -0.150100
11261  -0.150600
11262  -0.151800
11263  -0.150300
11264  -0.149900
11265  -0.151300
11266  -0.151100
11267  -0.151900
11268  -0.153300
11269  -0.152400
11270  -0.152600
11271  -0.154000
11272  -0.153700
11273  -0.153600
11274  -0.153100
11275  -0.151700
11276  -0.151200
11277  -0.150400
11278  -0.150300
11279  -0.150900
11280  -0.150700
11281  -0.150700
11282  -0.151700
11283  -0.151600
11284  -0.150300
11285  -0.149600
11286  -0.149200
11287  -0.149800
11288  -0.149700
11289  -0.149500
11290  -0.149400
11291  -0.149100
11292  -0.149000
11293  -0.148900
11294  -0.148600
11295  -0.148100
11296  -0.146700
11297  -0.146000
11298  -0.146200
11299  -0.146600
11300  -0.147200
11301  -0.146700
11302  -0.147400
11303  -0.146700
11304  -0.146600
11305  -0.146000
11306  -0.145900
11307  -0.145700
11308  -0.144800
11309  -0.144700
11310  -0.144700
11311  -0.144900
11312  -0.145400
11313  -0.145800
11314  -0.146900
11315  -0.146600
11316  -0.147800
11317  -0.148700
11318  -0.148100
11319  -0.147900
11320  -0.147900
11321  -0.148700
11322  -0.148900
11323  -0.148100
11324  -0.148700
11325  -0.149000
11326  -0.147900
11327  -0.147800
11328  -0.147700
11329  -0.147700
11330  -0.149500
11331  -0.149200
11332  -0.149700
11333  -0.150100
11334  -0.149800
11335  -0.149800
11336  -0.150900
11337  -0.151300
11338  -0.153500
11339  -0.155200
11340  -0.156500
11341  -0.156400
11342  -0.156300
11343  -0.156900
11344  -0.157900
11345  -0.159000
11346  -0.159500
11347  -0.161300
11348  -0.161800
11349  -0.161400
11350  -0.160900
11351  -0.159700
11352  -0.159500
11353  -0.158900
11354  -0.158600
11355  -0.158600
11356  -0.158000
11357  -0.156800
11358  -0.156300
11359  -0.156000
11360  -0.155100
11361  -0.154700
11362  -0.154400
11363  -0.154300
11364  -0.155100
11365  -0.155000
11366  -0.154400
11367  -0.154500
11368  -0.155300
11369  -0.155300
11370  -0.155700
11371  -0.155300
11372  -0.154000
11373  -0.154800
11374  -0.154300
11375  -0.154900
11376  -0.154300
11377  -0.155000
11378  -0.155600
11379  -0.154900
11380  -0.153600
11381  -0.153200
11382  -0.152600
11383  -0.153300
11384  -0.152600
11385  -0.152700
11386  -0.152600
11387  -0.152200
11388  -0.153000
11389  -0.152000
11390  -0.152000
11391  -0.151900
11392  -0.153200
11393  -0.152300
11394  -0.152400
11395  -0.151700
11396  -0.151200
11397  -0.151500
11398  -0.152600
11399  -0.152200
11400  -0.153200
11401  -0.152600
11402  -0.152100
11403  -0.153300
11404  -0.154200
11405  -0.154500
11406  -0.153300
11407  -0.154400
11408  -0.155600
11409  -0.154400
11410  -0.154800
11411  -0.154100
11412  -0.155100
11413  -0.155700
11414  -0.156500
11415  -0.158000
11416  -0.157200
11417  -0.157600
11418  -0.157100
11419  -0.158000
11420  -0.157200
11421  -0.158100
11422  -0.157300
11423  -0.158800
11424  -0.158400
11425  -0.159000
11426  -0.159300
11427  -0.159700
11428  -0.157800
11429  -0.157900
11430  -0.158800
11431  -0.158900
11432  -0.160000
11433  -0.159700
11434  -0.159800
11435  -0.160300
11436  -0.160000
11437  -0.160700
11438  -0.159600
11439  -0.160600
11440  -0.161000
11441  -0.161400
11442  -0.161200
11443  -0.162300
11444  -0.162000
11445  -0.162100
11446  -0.162600
11447  -0.162500
11448  -0.162800
11449  -0.163200
11450  -0.162900
11451  -0.162300
11452  -0.163300
11453  -0.162400
11454  -0.162200
11455  -0.162600
11456  -0.161900
11457  -0.163000
11458  -0.165200
11459  -0.164500
11460  -0.166100
11461  -0.166300
11462  -0.166900
11463  -0.166800
11464  -0.166800
11465  -0.168700
11466  -0.169200
11467  -0.168800
11468  -0.169700
11469  -0.170700
11470  -0.170400
11471  -0.171300
11472  -0.171300
11473  -0.170800
11474  -0.170300
11475  -0.170200
11476  -0.170700
11477  -0.170100
11478  -0.169900
11479  -0.170000
11480  -0.169000
11481  -0.169200
11482  -0.169500
11483  -0.170800
11484  -0.170400
11485  -0.171400
11486  -0.171600
11487  -0.172000
11488  -0.171700
11489  -0.169900
11490  -0.169300
11491  -0.168600
11492  -0.169500
11493  -0.170300
11494  -0.170700
11495  -0.169400
11496  -0.169500
11497  -0.170500
11498  -0.170700
11499  -0.172300
11500  -0.173900
11501  -0.175000
11502  -0.174100
11503  -0.174200
11504  -0.172900
11505  -0.172800
11506  -0.171700
11507  -0.173100
11508  -0.173500
11509  -0.172900
11510  -0.172200
11511  -0.173700
11512  -0.173700
11513  -0.173700
11514  -0.174000
11515  -0.173500
11516  -0.173600
11517  -0.173200
11518  -0.172700
11519  -0.173000
11520  -0.172500
11521  -0.173400
11522  -0.174800
11523  -0.175400
11524  -0.176100
11525  -0.175300
11526  -0.176000
11527  -0.175100
11528  -0.174600
11529  -0.174100
11530  -0.175300
11531  -0.175600
11532  -0.175600
11533  -0.174500
11534  -0.173700
11535  -0.173000
11536  -0.173500
11537  -0.173900
11538  -0.174300
11539  -0.174200
11540  -0.173300
11541  -0.174500
11542  -0.174500
11543  -0.173800
11544  -0.174700
11545  -0.175600
11546  -0.174500
11547  -0.173900
11548  -0.174000
11549  -0.175700
11550  -0.174800
11551  -0.175600
11552  -0.176500
11553  -0.177000
11554  -0.176800
11555  -0.177700
11556  -0.177700
11557  -0.177700
11558  -0.177200
11559  -0.178100
11560  -0.177800
11561  -0.177000
11562  -0.176500
11563  -0.176500
11564  -0.176200
11565  -0.174600
11566  -0.175300
11567  -0.174800
11568  -0.174800
11569  -0.175800
11570  -0.174700
11571  -0.174900
11572  -0.174300
11573  -0.173000
11574  -0.173900
11575  -0.175500
11576  -0.174100
11577  -0.172500
11578  -0.172400
11579  -0.172600
11580  -0.173000
11581  -0.172900
11582  -0.171900
11583  -0.171600
11584  -0.171700
11585  -0.171500
11586  -0.172000
11587  -0.173200
11588  -0.172800
11589  -0.172300
11590  -0.172400
11591  -0.171700
11592  -0.172400
11593  -0.171700
11594  -0.171500
11595  -0.171700
11596  -0.171700
11597  -0.171500
11598  -0.171700
11599  -0.172000
11600  -0.170800
11601  -0.170100
11602  -0.170200
11603  -0.169600
11604  -0.168500
11605  -0.168400
11606  -0.168000
11607  -0.168100
11608  -0.168300
11609  -0.167200
11610  -0.165700
11611  -0.165200
11612  -0.165000
11613  -0.165100
11614  -0.165200
11615  -0.165700
11616  -0.165300
11617  -0.164800
11618  -0.163800
11619  -0.163400
11620  -0.163400
11621  -0.163400
11622  -0.163900
11623  -0.164500
11624  -0.166400
11625  -0.166800
11626  -0.166900
11627  -0.167200
11628  -0.166900
11629  -0.166900
11630  -0.166400
11631  -0.167600
11632  -0.166300
11633  -0.168200
11634  -0.168100
11635  -0.168800
11636  -0.169200
11637  -0.170100
11638  -0.170400
11639  -0.169800
11640  -0.171700
11641  -0.172500
11642  -0.172400
11643  -0.171900
11644  -0.172300
11645  -0.173100
11646  -0.172800
11647  -0.173200
11648  -0.173300
11649  -0.173200
11650  -0.173100
11651  -0.172500
11652  -0.173300
11653  -0.172700
11654  -0.172800
11655  -0.172600
11656  -0.170800
11657  -0.171500
11658  -0.172100
11659  -0.172200
11660  -0.172500
11661  -0.171700
11662  -0.170700
11663  -0.169500
11664  -0.170000
11665  -0.170900
11666  -0.170400
11667  -0.169500
11668  -0.169500
11669  -0.169800
11670  -0.168400
11671  -0.168700
11672  -0.169300
11673  -0.169800
11674  -0.169500
11675  -0.169600
11676  -0.169100
11677  -0.168100
11678  -0.167600
11679  -0.167000
11680  -0.166900
11681  -0.167000
11682  -0.167800
11683  -0.168300
11684  -0.168700
11685  -0.167600
11686  -0.166800
11687  -0.166300
11688  -0.165300
11689  -0.164700
11690  -0.163900
11691  -0.164500
11692  -0.162500
11693  -0.162200
11694  -0.162600
11695  -0.162300
11696  -0.161000
11697  -0.162000
11698  -0.161600
11699  -0.162800
11700  -0.161700
11701  -0.161900
11702  -0.161700
11703  -0.161300
11704  -0.162300
11705  -0.162700
11706  -0.162500
11707  -0.163800
11708  -0.164500
11709  -0.164700
11710  -0.164800
11711  -0.163900
11712  -0.164900
11713  -0.165300
11714  -0.166100
11715  -0.166500
11716  -0.165800
11717  -0.164600
11718  -0.164400
11719  -0.164100
11720  -0.163600
11721  -0.163400
11722  -0.163800
11723  -0.164400
11724  -0.163700
11725  -0.164200
11726  -0.164000
11727  -0.164100
11728  -0.163500
11729  -0.162500
11730  -0.162300
11731  -0.163100
11732  -0.163100
11733  -0.163100
11734  -0.163800
11735  -0.162200
11736  -0.162100
11737  -0.162900
11738  -0.163400
11739  -0.162700
11740  -0.162400
11741  -0.163200
11742  -0.162800
11743  -0.163800
11744  -0.163100
11745  -0.163400
11746  -0.163500
11747  -0.163800
11748  -0.163800
11749  -0.163300
11750  -0.162100
11751  -0.162000
11752  -0.161300
11753  -0.162600
11754  -0.162400
11755  -0.162500
11756  -0.161200
11757  -0.161200
11758  -0.161200
11759  -0.162700
11760  -0.163600
11761  -0.163900
11762  -0.163900
11763  -0.164400
11764  -0.163200
11765  -0.162700
11766  -0.163300
11767  -0.163400
11768  -0.164000
11769  -0.164400
11770  -0.163800
11771  -0.164700
11772  -0.165400
11773  -0.166700
11774  -0.167200
11775  -0.167900
11776  -0.168900
11777  -0.168300
11778  -0.169400
11779  -0.169400
11780  -0.169000
11781  -0.169300
11782  -0.170300
11783  -0.169000
11784  -0.170600
11785  -0.170900
11786  -0.171400
11787  -0.171300
11788  -0.171800
11789  -0.171800
11790  -0.171700
11791  -0.171400
11792  -0.171100
11793  -0.171300
11794  -0.170300
11795  -0.169000
11796  -0.170400
11797  -0.171000
11798  -0.170500
11799  -0.170600
11800  -0.171300
11801  -0.172400
11802  -0.171700
11803  -0.170600
11804  -0.171200
11805  -0.172500
11806  -0.172800
11807  -0.172600
11808  -0.173400
11809  -0.172600
11810  -0.173100
11811  -0.173400
11812  -0.174600
11813  -0.173800
11814  -0.172500
11815  -0.172700
11816  -0.173200
11817  -0.171900
11818  -0.171000
11819  -0.170600
11820  -0.171200
11821  -0.171000
11822  -0.172500
11823  -0.172600
11824  -0.172800
11825  -0.172900
11826  -0.173400
11827  -0.174600
11828  -0.174000
11829  -0.173700
11830  -0.175400
11831  -0.175500
11832  -0.175200
11833  -0.176600
11834  -0.177300
11835  -0.177300
11836  -0.177200
11837  -0.177900
11838  -0.177700
11839  -0.176600
11840  -0.176700
11841  -0.176300
11842  -0.176300
11843  -0.176800
11844  -0.177400
11845  -0.177000
11846  -0.177800
11847  -0.177500
11848  -0.176000
11849  -0.176900
11850  -0.176400
11851  -0.176300
11852  -0.177100
11853  -0.176100
11854  -0.177100
11855  -0.176300
11856  -0.175300
11857  -0.175600
11858  -0.175100
11859  -0.174900
11860  -0.173900
11861  -0.174500
11862  -0.173700
11863  -0.175200
11864  -0.175500
11865  -0.176300
11866  -0.177500
11867  -0.176500
11868  -0.175200
11869  -0.175900
11870  -0.175300
11871  -0.174800
11872  -0.174500
11873  -0.174700
11874  -0.175300
11875  -0.175700
11876  -0.176200
11877  -0.175000
11878  -0.175600
11879  -0.175700
11880  -0.175900
11881  -0.176500
11882  -0.176800
11883  -0.176300
11884  -0.177000
11885  -0.176600
11886  -0.176000
11887  -0.175100
11888  -0.175100
11889  -0.174900
11890  -0.174800
11891  -0.175200
11892  -0.175400
11893  -0.176100
11894  -0.174200
11895  -0.174900
11896  -0.174700
11897  -0.173700
11898  -0.174400
11899  -0.174300
11900  -0.176000
11901  -0.174600
11902  -0.175300
11903  -0.175200
11904  -0.174300
11905  -0.173800
11906  -0.174100
11907  -0.173700
11908  -0.173700
11909  -0.173900
11910  -0.173800
11911  -0.172900
11912  -0.174000
11913  -0.173500
11914  -0.173500
11915  -0.172300
11916  -0.171400
11917  -0.172400
11918  -0.173000
11919  -0.172200
11920  -0.171700
11921  -0.171800
11922  -0.171300
11923  -0.170700
11924  -0.171300
11925  -0.170800
11926  -0.172200
11927  -0.173000
11928  -0.173700
11929  -0.173800
11930  -0.174000
11931  -0.174000
11932  -0.173800
11933  -0.175300
11934  -0.175400
11935  -0.175200
11936  -0.174900
11937  -0.175400
11938  -0.174100
11939  -0.174200
11940  -0.174900
11941  -0.174300
11942  -0.174300
11943  -0.174500
11944  -0.174500
11945  -0.174400
11946  -0.174000
11947  -0.173400
11948  -0.174000
11949  -0.173300
11950  -0.173400
11951  -0.173300
11952  -0.173200
11953  -0.172400
11954  -0.172600
11955  -0.172800
11956  -0.171600
11957  -0.171500
11958  -0.171500
11959  -0.171400
11960  -0.171200
11961  -0.171800
11962  -0.172100
11963  -0.171400
11964  -0.170900
11965  -0.171000
11966  -0.171000
11967  -0.170900
11968  -0.169600
11969  -0.169600
11970  -0.170200
11971  -0.170600
11972  -0.169400
11973  -0.170700
11974  -0.169500
11975  -0.169100
11976  -0.168900
11977  -0.168600
11978  -0.169200
11979  -0.169200
11980  -0.169900
11981  -0.170700
11982  -0.171500
11983  -0.172100
11984  -0.172800
11985  -0.173900
11986  -0.173900
11987  -0.174500
11988  -0.174900
11989  -0.175500
11990  -0.176000
11991  -0.175700
11992  -0.176500
11993  -0.175200
11994  -0.176900
11995  -0.177800
11996  -0.179200
11997  -0.178100
11998  -0.177900
11999  -0.177500
12000  -0.177300
12001  -0.176900
12002  -0.177400
12003  -0.178600
12004  -0.178500
12005  -0.179100
12006  -0.178300
12007  -0.180000
12008  -0.181700
12009  -0.181300
12010  -0.179700
12011  -0.180400
12012  -0.179500
12013  -0.179500
12014  -0.179800
12015  -0.181000
12016  -0.180300
12017  -0.180500
12018  -0.179900
12019  -0.180900
12020  -0.180700
12021  -0.180600
12022  -0.180800
12023  -0.180800
12024  -0.180100
12025  -0.179700
12026  -0.179900
12027  -0.180100
12028  -0.180300
12029  -0.179300
12030  -0.180000
12031  -0.179900
12032  -0.179500
12033  -0.178600
12034  -0.179600
12035  -0.178600
12036  -0.179400
12037  -0.179300
12038  -0.178000
12039  -0.178900
12040  -0.179100
12041  -0.179900
12042  -0.179600
12043  -0.180400
12044  -0.180300
12045  -0.180100
12046  -0.179500
12047  -0.177800
12048  -0.177400
12049  -0.177400
12050  -0.178100
12051  -0.177800
12052  -0.177600
12053  -0.177800
12054  -0.178300
12055  -0.177700
12056  -0.177000
12057  -0.176800
12058  -0.177100
12059  -0.176800
12060  -0.177800
12061  -0.177700
12062  -0.177700
12063  -0.178400
12064  -0.176900
12065  -0.176800
12066  -0.178100
12067  -0.178000
12068  -0.178600
12069  -0.178200
12070  -0.177900
12071  -0.177600
12072  -0.177600
12073  -0.179300
12074  -0.179000
12075  -0.178200
12076  -0.178600
12077  -0.179000
12078  -0.179100
12079  -0.179400
12080  -0.179000
12081  -0.179500
12082  -0.179100
12083  -0.178400
12084  -0.178000
12085  -0.176400
12086  -0.177200
12087  -0.177100
12088  -0.177600
12089  -0.177400
12090  -0.177500
12091  -0.177700
12092  -0.178000
12093  -0.177400
12094  -0.177900
12095  -0.178700
12096  -0.178800
12097  -0.177600
12098  -0.178000
12099  -0.176600
12100  -0.176900
12101  -0.176000
12102  -0.176600
12103  -0.176700
12104  -0.176300
12105  -0.176000
12106  -0.175900
12107  -0.175700
12108  -0.175400
12109  -0.175800
12110  -0.176200
12111  -0.175700
12112  -0.176500
12113  -0.176200
12114  -0.175200
12115  -0.175300
12116  -0.175500
12117  -0.175300
12118  -0.175800
12119  -0.175200
12120  -0.175200
12121  -0.173900
12122  -0.173800
12123  -0.174400
12124  -0.175400
12125  -0.174800
12126  -0.175500
12127  -0.176300
12128  -0.177000
12129  -0.178000
12130  -0.179000
12131  -0.178900
12132  -0.179200
12133  -0.180200
12134  -0.179400
12135  -0.179100
12136  -0.179000
12137  -0.180100
12138  -0.180400
12139  -0.180200
12140  -0.180100
12141  -0.179500
12142  -0.177800
12143  -0.178800
12144  -0.179100
12145  -0.178900
12146  -0.177900
12147  -0.176800
12148  -0.177200
12149  -0.178300
12150  -0.180200
12151  -0.180500
12152  -0.180100
12153  -0.179100
12154  -0.179200
12155  -0.178000
12156  -0.178200
12157  -0.178100
12158  -0.177300
12159  -0.175500
12160  -0.176000
12161  -0.175200
12162  -0.174700
12163  -0.174500
12164  -0.176300
12165  -0.175700
12166  -0.176500
12167  -0.175100
12168  -0.174400
12169  -0.173800
12170  -0.171800
12171  -0.170700
12172  -0.170200
12173  -0.169700
12174  -0.170600
12175  -0.171100
12176  -0.172300
12177  -0.172500
12178  -0.172900
12179  -0.173000
12180  -0.172800
12181  -0.172400
12182  -0.171600
12183  -0.171800
12184  -0.171800
12185  -0.171300
12186  -0.171900
12187  -0.172500
12188  -0.172600
12189  -0.172200
12190  -0.171400
12191  -0.171500
12192  -0.170900
12193  -0.171100
12194  -0.170300
12195  -0.169000
12196  -0.169400
12197  -0.169200
12198  -0.169600
12199  -0.169900
12200  -0.171300
12201  -0.171800
12202  -0.171500
12203  -0.172100
12204  -0.171100
12205  -0.171300
12206  -0.172300
12207  -0.171800
12208  -0.172700
12209  -0.173400
12210  -0.173400
12211  -0.173800
12212  -0.174200
12213  -0.174100
12214  -0.174100
12215  -0.174400
12216  -0.174300
12217  -0.173500
12218  -0.173100
12219  -0.172600
12220  -0.174000
12221  -0.174600
12222  -0.175600
12223  -0.175400
12224  -0.176300
12225  -0.177100
12226  -0.176600
12227  -0.177900
12228  -0.177300
12229  -0.177600
12230  -0.178600
12231  -0.178100
12232  -0.179000
12233  -0.178400
12234  -0.179300
12235  -0.179800
12236  -0.179500
12237  -0.179600
12238  -0.180300
12239  -0.180100
12240  -0.179500
12241  -0.178400
12242  -0.177400
12243  -0.177500
12244  -0.176900
12245  -0.176200
12246  -0.176000
12247  -0.176300
12248  -0.176000
12249  -0.176000
12250  -0.175800
12251  -0.176100
12252  -0.175700
12253  -0.176400
12254  -0.175900
12255  -0.176600
12256  -0.177100
12257  -0.177200
12258  -0.177100
12259  -0.177800
12260  -0.178800
12261  -0.178700
12262  -0.179300
12263  -0.179400
12264  -0.179300
12265  -0.179300
12266  -0.180100
12267  -0.180400
12268  -0.181800
12269  -0.182100
12270  -0.182100
12271  -0.182300
12272  -0.181800
12273  -0.180400
12274  -0.179700
12275  -0.179500
12276  -0.180200
12277  -0.180500
12278  -0.180200
12279  -0.179600
12280  -0.179600
12281  -0.177800
12282  -0.179300
12283  -0.179500
12284  -0.179000
12285  -0.178000
12286  -0.177900
12287  -0.178400
12288  -0.178900
12289  -0.178800
12290  -0.178300
12291  -0.177800
12292  -0.178100
12293  -0.177400
12294  -0.177300
12295  -0.177300
12296  -0.176500
12297  -0.176900
12298  -0.176900
12299  -0.176900
12300  -0.175500
12301  -0.174600
12302  -0.173800
12303  -0.173600
12304  -0.171900
12305  -0.171800
12306  -0.169900
12307  -0.170000
12308  -0.169900
12309  -0.170600
12310  -0.171400
12311  -0.171300
12312  -0.172100
12313  -0.170500
12314  -0.170300
12315  -0.171100
12316  -0.171200
12317  -0.171800
12318  -0.172200
12319  -0.172200
12320  -0.172100
12321  -0.171500
12322  -0.171000
12323  -0.172100
12324  -0.171400
12325  -0.171400
12326  -0.171200
12327  -0.171100
12328  -0.170900
12329  -0.172000
12330  -0.172300
12331  -0.171500
12332  -0.171800
12333  -0.172700
12334  -0.173100
12335  -0.172700
12336  -0.173100
12337  -0.172600
12338  -0.170900
12339  -0.170400
12340  -0.170900
12341  -0.171300
12342  -0.172400
12343  -0.171000
12344  -0.171200
12345  -0.171900
12346  -0.171900
12347  -0.171400
12348  -0.172900
12349  -0.173200
12350  -0.172500
12351  -0.172400
12352  -0.172500
12353  -0.172400
12354  -0.173300
12355  -0.175900
12356  -0.176500
12357  -0.176700
12358  -0.176900
12359  -0.177300
12360  -0.176300
12361  -0.176900
12362  -0.177500
12363  -0.177600
12364  -0.178600
12365  -0.179700
12366  -0.180300
12367  -0.181100
12368  -0.180800
12369  -0.179700
12370  -0.180400
12371  -0.179700
12372  -0.179200
12373  -0.178800
12374  -0.179000
12375  -0.178800
12376  -0.178500
12377  -0.178500
12378  -0.178900
12379  -0.179900
12380  -0.179700
12381  -0.180400
12382  -0.181500
12383  -0.180800
12384  -0.179700
12385  -0.179200
12386  -0.178600
12387  -0.178400
12388  -0.178600
12389  -0.179000
12390  -0.179600
12391  -0.178700
12392  -0.178500
12393  -0.176900
12394  -0.177900
12395  -0.177400
12396  -0.177400
12397  -0.176100
12398  -0.176300
12399  -0.174300
12400  -0.174600
12401  -0.175600
12402  -0.175400
12403  -0.175300
12404  -0.176000
12405  -0.176000
12406  -0.176700
12407  -0.176800
12408  -0.176400
12409  -0.175700
12410  -0.175400
12411  -0.175600
12412  -0.174700
12413  -0.174200
12414  -0.173500
12415  -0.173800
12416  -0.175000
12417  -0.175700
12418  -0.176400
12419  -0.177300
12420  -0.176900
12421  -0.177400
12422  -0.176800
12423  -0.177100
12424  -0.176300
12425  -0.176600
12426  -0.176200
12427  -0.176000
12428  -0.174900
12429  -0.173900
12430  -0.174900
12431  -0.174100
12432  -0.173100
12433  -0.174000
12434  -0.173000
12435  -0.173000
12436  -0.173100
12437  -0.173600
12438  -0.174400
12439  -0.173900
12440  -0.173800
12441  -0.173400
12442  -0.173600
12443  -0.173100
12444  -0.173600
12445  -0.173900
12446  -0.175000
12447  -0.173900
12448  -0.172800
12449  -0.172300
12450  -0.173000
12451  -0.172600
12452  -0.172700
12453  -0.172300
12454  -0.171800
12455  -0.172300
12456  -0.171600
12457  -0.171500
12458  -0.171400
12459  -0.171200
12460  -0.171800
12461  -0.172500
12462  -0.172900
12463  -0.173800
12464  -0.174000
12465  -0.174300
12466  -0.174300
12467  -0.174000
12468  -0.174100
12469  -0.176100
12470  -0.175600
12471  -0.175800
12472  -0.177100
12473  -0.176800
12474  -0.177800
12475  -0.178200
12476  -0.177600
12477  -0.177800
12478  -0.176500
12479  -0.175800
12480  -0.176400
12481  -0.176400
12482  -0.175700
12483  -0.175100
12484  -0.174800
12485  -0.174900
12486  -0.174000
12487  -0.174600
12488  -0.174500
12489  -0.175100
12490  -0.175000
12491  -0.175200
12492  -0.175600
12493  -0.176500
12494  -0.176000
12495  -0.175500
12496  -0.175000
12497  -0.176300
12498  -0.175500
12499  -0.175800
12500  -0.176100
12501  -0.176500
12502  -0.176900
12503  -0.177300
12504  -0.176400
12505  -0.175400
12506  -0.175600
12507  -0.175900
12508  -0.176400
12509  -0.177400
12510  -0.178200
12511  -0.177700
12512  -0.178200
12513  -0.178300
12514  -0.178200
12515  -0.178600
12516  -0.177900
12517  -0.177900
12518  -0.178500
12519  -0.178500
12520  -0.179000
12521  -0.179300
12522  -0.180800
12523  -0.180700
12524  -0.181800
12525  -0.181200
12526  -0.181200
12527  -0.181400
12528  -0.179500
12529  -0.179500
12530  -0.178500
12531  -0.177300
12532  -0.176800
12533  -0.176900
12534  -0.177300
12535  -0.176400
12536  -0.175400
12537  -0.174300
12538  -0.174400
12539  -0.174500
12540  -0.173200
12541  -0.173800
12542  -0.174300
12543  -0.174500
12544  -0.174700
12545  -0.174200
12546  -0.173700
12547  -0.174000
12548  -0.173900
12549  -0.173900
12550  -0.174000
12551  -0.174500
12552  -0.175400
12553  -0.175100
12554  -0.174400
12555  -0.173900
12556  -0.173100
12557  -0.173300
12558  -0.173100
12559  -0.173500
12560  -0.173700
12561  -0.172800
12562  -0.174000
12563  -0.172200
12564  -0.172300
12565  -0.172500
12566  -0.173200
12567  -0.173500
12568  -0.171800
12569  -0.170900
12570  -0.171100
12571  -0.170900
12572  -0.171000
12573  -0.169400
12574  -0.170100
12575  -0.170200
12576  -0.170600
12577  -0.170100
12578  -0.170800
12579  -0.171500
12580  -0.172500
12581  -0.171400
12582  -0.171600
12583  -0.171800
12584  -0.172700
12585  -0.172600
12586  -0.172700
12587  -0.172600
12588  -0.172600
12589  -0.174600
12590  -0.174500
12591  -0.173800
12592  -0.173900
12593  -0.174000
12594  -0.173100
12595  -0.172500
12596  -0.172200
12597  -0.173100
12598  -0.173800
12599  -0.173000
12600  -0.172800
12601  -0.173400
12602  -0.174200
12603  -0.173600
12604  -0.173900
12605  -0.174100
12606  -0.173600
12607  -0.172500
12608  -0.173100
12609  -0.173900
12610  -0.173600
12611  -0.173700
12612  -0.174400
12613  -0.175800
12614  -0.175900
12615  -0.175200
12616  -0.176700
12617  -0.175900
12618  -0.176100
12619  -0.176500
12620  -0.175600
12621  -0.175800
12622  -0.176500
12623  -0.176200
12624  -0.176300
12625  -0.176500
12626  -0.175500
12627  -0.177000
12628  -0.176800
12629  -0.178500
12630  -0.179500
12631  -0.179900
12632  -0.180100
12633  -0.180700
12634  -0.179700
12635  -0.179300
12636  -0.178800
12637  -0.178600
12638  -0.176600
12639  -0.177900
12640  -0.179900
12641  -0.180500
12642  -0.180900
12643  -0.182300
12644  -0.182500
12645  -0.182800
12646  -0.182700
12647  -0.182600
12648  -0.183000
12649  -0.181900
12650  -0.181500
12651  -0.180500
12652  -0.179900
12653  -0.179200
12654  -0.177900
12655  -0.177400
12656  -0.176600
12657  -0.176100
12658  -0.176300
12659  -0.176600
12660  -0.176200
12661  -0.176200
12662  -0.174000
12663  -0.173400
12664  -0.172100
12665  -0.172800
12666  -0.172800
12667  -0.172400
12668  -0.173500
12669  -0.174100
12670  -0.174400
12671  -0.174400
12672  -0.174200
12673  -0.173500
12674  -0.173900
12675  -0.173500
12676  -0.172900
12677  -0.173700
12678  -0.174900
12679  -0.175900
12680  -0.177000
12681  -0.176800
12682  -0.176700
12683  -0.175800
12684  -0.175000
12685  -0.175700
12686  -0.175600
12687  -0.174100
12688  -0.175000
12689  -0.175000
12690  -0.175400
12691  -0.176200
12692  -0.176900
12693  -0.176400
12694  -0.177600
12695  -0.178100
12696  -0.178400
12697  -0.178500
12698  -0.177900
12699  -0.176700
12700  -0.175100
12701  -0.175000
12702  -0.175600
12703  -0.175800
12704  -0.176100
12705  -0.176300
12706  -0.176400
12707  -0.177000
12708  -0.175800
12709  -0.175700
12710  -0.175200
12711  -0.175000
12712  -0.175100
12713  -0.175100
12714  -0.175600
12715  -0.176600
12716  -0.178300
12717  -0.178900
12718  -0.178800
12719  -0.178100
12720  -0.178000
12721  -0.177500
12722  -0.177300
12723  -0.177100
12724  -0.176600
12725  -0.176800
12726  -0.175700
12727  -0.175100
12728  -0.175200
12729  -0.175100
12730  -0.175800
12731  -0.176100
12732  -0.176500
12733  -0.176500
12734  -0.176600
12735  -0.176500
12736  -0.176100
12737  -0.175600
12738  -0.175300
12739  -0.175600
12740  -0.176100
12741  -0.175800
12742  -0.176800
12743  -0.176700
12744  -0.175100
12745  -0.175400
12746  -0.175500
12747  -0.175700
12748  -0.177000
12749  -0.176300
12750  -0.175600
12751  -0.174400
12752  -0.174400
12753  -0.174000
12754  -0.174000
12755  -0.173400
12756  -0.175200
12757  -0.174400
12758  -0.174200
12759  -0.174500
12760  -0.174900
12761  -0.176100
12762  -0.177300
12763  -0.176700
12764  -0.177300
12765  -0.176900
12766  -0.177300
12767  -0.176400
12768  -0.176400
12769  -0.177000
12770  -0.177500
12771  -0.177300
12772  -0.177600
12773  -0.178100
12774  -0.177400
12775  -0.176400
12776  -0.176400
12777  -0.177000
12778  -0.176500
12779  -0.176200
12780  -0.176100
12781  -0.176600
12782  -0.177300
12783  -0.177300
12784  -0.177600
12785  -0.177700
12786  -0.177100
12787  -0.176400
12788  -0.176400
12789  -0.177200
12790  -0.177200
12791  -0.175900
12792  -0.176300
12793  -0.176600
12794  -0.175600
12795  -0.175700
12796  -0.177900
12797  -0.177800
12798  -0.177200
12799  -0.177900
12800  -0.175800
12801  -0.175200
12802  -0.175700
12803  -0.175600
12804  -0.175800
12805  -0.175900
12806  -0.175600
12807  -0.175200
12808  -0.174200
12809  -0.173800
12810  -0.173400
12811  -0.173400
12812  -0.173800
12813  -0.174600
12814  -0.174900
12815  -0.173300
12816  -0.173300
12817  -0.173500
12818  -0.172900
12819  -0.172200
12820  -0.172600
12821  -0.172100
12822  -0.172000
12823  -0.171500
12824  -0.171000
12825  -0.170000
12826  -0.170700
12827  -0.169200
12828  -0.168800
12829  -0.169900
12830  -0.169600
12831  -0.170000
12832  -0.169500
12833  -0.170300
12834  -0.169400
12835  -0.169200
12836  -0.169900
12837  -0.170900
12838  -0.170700
12839  -0.171200
12840  -0.171500
12841  -0.171700
12842  -0.172300
12843  -0.171700
12844  -0.172300
12845  -0.171300
12846  -0.171900
12847  -0.171900
12848  -0.173400
12849  -0.173800
12850  -0.173800
12851  -0.174200
12852  -0.174400
12853  -0.175200
12854  -0.175800
12855  -0.175100
12856  -0.174800
12857  -0.175200
12858  -0.176200
12859  -0.176700
12860  -0.176900
12861  -0.176100
12862  -0.175200
12863  -0.175900
12864  -0.175400
12865  -0.176500
12866  -0.177300
12867  -0.178100
12868  -0.177500
12869  -0.178200
12870  -0.179200
12871  -0.179100
12872  -0.179400
12873  -0.179400
12874  -0.178300
12875  -0.178800
12876  -0.178700
12877  -0.178700
12878  -0.179000
12879  -0.178300
12880  -0.177400
12881  -0.178300
12882  -0.178000
12883  -0.177100
12884  -0.177900
12885  -0.177800
12886  -0.177900
12887  -0.177300
12888  -0.177200
12889  -0.176500
12890  -0.175100
12891  -0.176100
12892  -0.175300
12893  -0.176300
12894  -0.175700
12895  -0.175300
12896  -0.173400
12897  -0.172700
12898  -0.173400
12899  -0.173800
12900  -0.173900
12901  -0.174600
12902  -0.174900
12903  -0.175100
12904  -0.175300
12905  -0.175000
12906  -0.174300
12907  -0.174700
12908  -0.174700
12909  -0.175000
12910  -0.175000
12911  -0.174900
12912  -0.175900
12913  -0.176800
12914  -0.175700
12915  -0.176400
12916  -0.175200
12917  -0.175800
12918  -0.175700
12919  -0.174400
12920  -0.174300
12921  -0.174800
12922  -0.175800
12923  -0.176300
12924  -0.177100
12925  -0.176900
12926  -0.177700
12927  -0.177500
12928  -0.179000
12929  -0.178600
12930  -0.179500
12931  -0.178500
12932  -0.179400
12933  -0.179000
12934  -0.179000
12935  -0.179300
12936  -0.178300
12937  -0.178500
12938  -0.178700
12939  -0.176800
12940  -0.176200
12941  -0.176100
12942  -0.176900
12943  -0.176400
12944  -0.176200
12945  -0.176600
12946  -0.175800
12947  -0.176600
12948  -0.176000
12949  -0.177000
12950  -0.177000
12951  -0.177700
12952  -0.177300
12953  -0.177900
12954  -0.177700
12955  -0.177000
12956  -0.176900
12957  -0.176200
12958  -0.175800
12959  -0.175500
12960  -0.176000
12961  -0.175300
12962  -0.175500
12963  -0.174800
12964  -0.174500
12965  -0.174300
12966  -0.176200
12967  -0.176800
12968  -0.176000
12969  -0.175600
12970  -0.175400
12971  -0.175300
12972  -0.174600
12973  -0.175900
12974  -0.174900
12975  -0.175300
12976  -0.175400
12977  -0.176100
12978  -0.174500
12979  -0.173700
12980  -0.172800
12981  -0.172000
12982  -0.171700
12983  -0.172900
12984  -0.172100
12985  -0.173300
12986  -0.173500
12987  -0.174300
12988  -0.174900
12989  -0.174900
12990  -0.175700
12991  -0.175300
12992  -0.175500
12993  -0.176300
12994  -0.175500
12995  -0.175500
12996  -0.176000
12997  -0.176100
12998  -0.176800
12999  -0.175900
13000  -0.175400
13001  -0.176000
13002  -0.175300
13003  -0.176200
13004  -0.175900
13005  -0.176100
13006  -0.176400
13007  -0.175100
13008  -0.173900
13009  -0.173300
13010  -0.173000
13011  -0.173700
13012  -0.174200
13013  -0.173100
13014  -0.172300
13015  -0.172700
13016  -0.173600
13017  -0.173700
13018  -0.174300
13019  -0.174600
13020  -0.175000
13021  -0.175300
13022  -0.175100
13023  -0.175100
13024  -0.175900
13025  -0.175100
13026  -0.175800
13027  -0.176300
13028  -0.176900
13029  -0.177000
13030  -0.177200
13031  -0.177400
13032  -0.177600
13033  -0.176900
13034  -0.177000
13035  -0.175200
13036  -0.177500
13037  -0.176600
13038  -0.175600
13039  -0.175500
13040  -0.176800
13041  -0.176200
13042  -0.175800
13043  -0.175400
13044  -0.175700
13045  -0.176300
13046  -0.175800
13047  -0.175700
13048  -0.175500
13049  -0.174700
13050  -0.175500
13051  -0.176200
13052  -0.177300
13053  -0.178200
13054  -0.178400
13055  -0.178500
13056  -0.178300
13057  -0.177500
13058  -0.176900
13059  -0.177400
13060  -0.177100
13061  -0.178200
13062  -0.179000
13063  -0.178300
13064  -0.178700
13065  -0.178500
13066  -0.179700
13067  -0.179000
13068  -0.178900
13069  -0.178700
13070  -0.179000
13071  -0.178900
13072  -0.179500
13073  -0.179700
13074  -0.179600
13075  -0.179800
13076  -0.179900
13077  -0.179300
13078  -0.179100
13079  -0.179100
13080  -0.178700
13081  -0.177800
13082  -0.177400
13083  -0.178500
13084  -0.177200
13085  -0.177200
13086  -0.177600
13087  -0.178000
13088  -0.178100
13089  -0.179000
13090  -0.178000
13091  -0.177700
13092  -0.177700
13093  -0.177300
13094  -0.176900
13095  -0.176900
13096  -0.176100
13097  -0.175600
13098  -0.175400
13099  -0.175400
13100  -0.175400
13101  -0.175500
13102  -0.174900
13103  -0.175000
13104  -0.175200
13105  -0.174600
13106  -0.174600
13107  -0.175000
13108  -0.175300
13109  -0.175500
13110  -0.174900
13111  -0.174800
13112  -0.175700
13113  -0.176000
13114  -0.175100
13115  -0.174300
13116  -0.173400
13117  -0.172700
13118  -0.171500
13119  -0.171400
13120  -0.170900
13121  -0.170400
13122  -0.171800
13123  -0.171800
13124  -0.172000
13125  -0.172100
13126  -0.173100
13127  -0.172100
13128  -0.171300
13129  -0.170200
13130  -0.171400
13131  -0.171300
13132  -0.171100
13133  -0.171000
13134  -0.169400
13135  -0.169300
13136  -0.169900
13137  -0.170500
13138  -0.170200
13139  -0.169900
13140  -0.169900
13141  -0.171000
13142  -0.172900
13143  -0.173200
13144  -0.171600
13145  -0.171000
13146  -0.171200
13147  -0.172200
13148  -0.171400
13149  -0.170800
13150  -0.171000
13151  -0.170900
13152  -0.171400
13153  -0.171600
13154  -0.172000
13155  -0.172500
13156  -0.172600
13157  -0.172100
13158  -0.171900
13159  -0.171200
13160  -0.171300
13161  -0.171400
13162  -0.171000
13163  -0.171000
13164  -0.170200
13165  -0.169900
13166  -0.169700
13167  -0.168000
13168  -0.167800
13169  -0.167800
13170  -0.168500
13171  -0.169000
13172  -0.168800
13173  -0.170000
13174  -0.170000
13175  -0.169800
13176  -0.170100
13177  -0.169900
13178  -0.171100
13179  -0.171000
13180  -0.170000
13181  -0.170000
13182  -0.168900
13183  -0.169700
13184  -0.169000
13185  -0.169700
13186  -0.169500
13187  -0.170400
13188  -0.170500
13189  -0.170100
13190  -0.169300
13191  -0.167800
13192  -0.169900
13193  -0.170700
13194  -0.171600
13195  -0.170100
13196  -0.168900
13197  -0.168700
13198  -0.169200
13199  -0.169400
13200  -0.168900
13201  -0.169300
13202  -0.168200
13203  -0.166100
13204  -0.166700
13205  -0.167500
13206  -0.167000
13207  -0.167700
13208  -0.168000
13209  -0.167100
13210  -0.167100
13211  -0.168300
13212  -0.168700
13213  -0.167700
13214  -0.167900
13215  -0.168500
13216  -0.168000
13217  -0.167600
13218  -0.167600
13219  -0.167900
13220  -0.167400
13221  -0.166700
13222  -0.167800
13223  -0.167400
13224  -0.168100
13225  -0.167400
13226  -0.167500
13227  -0.166500
13228  -0.166600
13229  -0.164700
13230  -0.164800
13231  -0.165300
13232  -0.165300
13233  -0.165000
13234  -0.165500
13235  -0.165000
13236  -0.163500
13237  -0.163700
13238  -0.164200
13239  -0.164000
13240  -0.165400
13241  -0.164800
13242  -0.164200
13243  -0.164000
13244  -0.163200
13245  -0.164300
13246  -0.165800
13247  -0.165400
13248  -0.164400
13249  -0.163700
13250  -0.165000
13251  -0.165800
13252  -0.164900
13253  -0.164500
13254  -0.164700
13255  -0.164500
13256  -0.164300
13257  -0.163700
13258  -0.162900
13259  -0.164100
13260  -0.163700
13261  -0.163400
13262  -0.163600
13263  -0.163800
13264  -0.163600
13265  -0.163000
13266  -0.164200
13267  -0.164300
13268  -0.164400
13269  -0.165000
13270  -0.165800
13271  -0.166300
13272  -0.165900
13273  -0.165700
13274  -0.164600
13275  -0.163600
13276  -0.163400
13277  -0.163800
13278  -0.163300
13279  -0.162700
13280  -0.162200
13281  -0.160100
13282  -0.161300
13283  -0.161000
13284  -0.160900
13285  -0.160300
13286  -0.160200
13287  -0.160100
13288  -0.159900
13289  -0.159800
13290  -0.159200
13291  -0.158700
13292  -0.158000
13293  -0.158600
13294  -0.159100
13295  -0.159300
13296  -0.158000
13297  -0.157300
13298  -0.157100
13299  -0.157200
13300  -0.157900
13301  -0.157800
13302  -0.157500
13303  -0.158400
13304  -0.158300
13305  -0.158100
13306  -0.157500
13307  -0.157800
13308  -0.158200
13309  -0.159300
13310  -0.159400
13311  -0.159400
13312  -0.159400
13313  -0.160100
13314  -0.159600
13315  -0.159900
13316  -0.159900
13317  -0.160100
13318  -0.159800
13319  -0.159500
13320  -0.158600
13321  -0.158100
13322  -0.158300
13323  -0.157400
13324  -0.155500
13325  -0.157000
13326  -0.157100
13327  -0.158100
13328  -0.158100
13329  -0.156800
13330  -0.156600
13331  -0.156200
13332  -0.155400
13333  -0.155100
13334  -0.155500
13335  -0.154900
13336  -0.155100
13337  -0.154300
13338  -0.154200
13339  -0.153900
13340  -0.154900
13341  -0.154900
13342  -0.154100
13343  -0.154200
13344  -0.152800
13345  -0.153300
13346  -0.153200
13347  -0.153200
13348  -0.153100
13349  -0.153200
13350  -0.153500
13351  -0.154100
13352  -0.153600
13353  -0.153600
13354  -0.153800
13355  -0.153900
13356  -0.154500
13357  -0.154400
13358  -0.155500
13359  -0.156000
13360  -0.157300
13361  -0.157700
13362  -0.158300
13363  -0.158900
13364  -0.159100
13365  -0.159600
13366  -0.160200
13367  -0.159600
13368  -0.160300
13369  -0.161100
13370  -0.162900
13371  -0.163900
13372  -0.163400
13373  -0.163400
13374  -0.163000
13375  -0.162100
13376  -0.162100
13377  -0.162200
13378  -0.162600
13379  -0.162100
13380  -0.161500
13381  -0.161000
13382  -0.160900
13383  -0.161000
13384  -0.161200
13385  -0.160000
13386  -0.159400
13387  -0.159300
13388  -0.160200
13389  -0.160100
13390  -0.161400
13391  -0.160800
13392  -0.162500
13393  -0.162000
13394  -0.163200
13395  -0.164100
13396  -0.164300
13397  -0.163400
13398  -0.163400
13399  -0.163300
13400  -0.164400
13401  -0.163000
13402  -0.163000
13403  -0.162800
13404  -0.163000
13405  -0.163200
13406  -0.163400
13407  -0.162700
13408  -0.162200
13409  -0.162700
13410  -0.163200
13411  -0.162900
13412  -0.163500
13413  -0.165300
13414  -0.165800
13415  -0.166300
13416  -0.167400
13417  -0.167600
13418  -0.168600
13419  -0.169500
13420  -0.169900
13421  -0.170500
13422  -0.171400
13423  -0.172000
13424  -0.171700
13425  -0.172000
13426  -0.171300
13427  -0.170700
13428  -0.170500
13429  -0.170600
13430  -0.170600
13431  -0.170800
13432  -0.171200
13433  -0.171100
13434  -0.170400
13435  -0.171500
13436  -0.171700
13437  -0.171700
13438  -0.172400
13439  -0.172000
13440  -0.172000
13441  -0.171700
13442  -0.172100
13443  -0.173300
13444  -0.173200
13445  -0.172900
13446  -0.173400
13447  -0.173600
13448  -0.172300
13449  -0.172600
13450  -0.171400
13451  -0.171300
13452  -0.172200
13453  -0.171200
13454  -0.171400
13455  -0.171300
13456  -0.170400
13457  -0.170300
13458  -0.170300
13459  -0.170400
13460  -0.170600
13461  -0.170900
13462  -0.172400
13463  -0.172300
13464  -0.173400
13465  -0.172400
13466  -0.172200
13467  -0.171200
13468  -0.170500
13469  -0.172100
13470  -0.172100
13471  -0.171400
13472  -0.172000
13473  -0.171300
13474  -0.171200
13475  -0.170800
13476  -0.171900
13477  -0.171600
13478  -0.171600
13479  -0.170800
13480  -0.169800
13481  -0.170000
13482  -0.170600
13483  -0.171400
13484  -0.170100
13485  -0.169400
13486  -0.169600
13487  -0.169400
13488  -0.169600
13489  -0.169200
13490  -0.168200
13491  -0.167800
13492  -0.166700
13493  -0.167100
13494  -0.167500
13495  -0.168000
13496  -0.167700
13497  -0.168600
13498  -0.169400
13499  -0.169800
13500  -0.170500
13501  -0.170300
13502  -0.170500
13503  -0.171900
13504  -0.171500
13505  -0.171500
13506  -0.171300
13507  -0.171100
13508  -0.169600
13509  -0.168700
13510  -0.169000
13511  -0.169600
13512  -0.168900
13513  -0.169700
13514  -0.170400
13515  -0.170200
13516  -0.169800
13517  -0.169400
13518  -0.169600
13519  -0.169200
13520  -0.169300
13521  -0.168200
13522  -0.169400
13523  -0.168700
13524  -0.168700
13525  -0.168700
13526  -0.167500
13527  -0.167200
13528  -0.166600
13529  -0.167000
13530  -0.166700
13531  -0.165900
13532  -0.165900
13533  -0.165800
13534  -0.165100
13535  -0.164500
13536  -0.165100
13537  -0.165000
13538  -0.165400
13539  -0.164500
13540  -0.164700
13541  -0.165200
13542  -0.164500
13543  -0.165600
13544  -0.165900
13545  -0.167200
13546  -0.166200
13547  -0.165400
13548  -0.165200
13549  -0.164800
13550  -0.164800
13551  -0.165200
13552  -0.164900
13553  -0.165900
13554  -0.166300
13555  -0.166600
13556  -0.165700
13557  -0.165600
13558  -0.165200
13559  -0.166100
13560  -0.165800
13561  -0.165600
13562  -0.165600
13563  -0.165500
13564  -0.165700
13565  -0.165100
13566  -0.163800
13567  -0.163500
13568  -0.163600
13569  -0.163100
13570  -0.163800
13571  -0.162700
13572  -0.164200
13573  -0.163300
13574  -0.163100
13575  -0.161800
13576  -0.162200
13577  -0.160600
13578  -0.161900
13579  -0.161300
13580  -0.161900
13581  -0.161400
13582  -0.161400
13583  -0.160200
13584  -0.159600
13585  -0.158900
13586  -0.158800
13587  -0.159700
13588  -0.159800
13589  -0.159900
13590  -0.162200
13591  -0.160600
13592  -0.160400
13593  -0.160300
13594  -0.159600
13595  -0.159800
13596  -0.160200
13597  -0.159500
13598  -0.160500
13599  -0.160500
13600  -0.160400
13601  -0.160500
13602  -0.159500
13603  -0.158700
13604  -0.157100
13605  -0.158700
13606  -0.159800
13607  -0.159800
13608  -0.159500
13609  -0.159600
13610  -0.158300
13611  -0.157800
13612  -0.158300
13613  -0.159000
13614  -0.159400
13615  -0.161500
13616  -0.161100
13617  -0.161800
13618  -0.162000
13619  -0.161800
13620  -0.161900
13621  -0.162000
13622  -0.161000
13623  -0.162000
13624  -0.161100
13625  -0.161200
13626  -0.162000
13627  -0.162900
13628  -0.163800
13629  -0.163500
13630  -0.162700
13631  -0.163700
13632  -0.163400
13633  -0.163500
13634  -0.164900
13635  -0.164700
13636  -0.163400
13637  -0.163200
13638  -0.163700
13639  -0.163900
13640  -0.164500
13641  -0.162600
13642  -0.162200
13643  -0.163200
13644  -0.165400
13645  -0.164900
13646  -0.164900
13647  -0.165400
13648  -0.165100
13649  -0.166200
13650  -0.165800
13651  -0.165900
13652  -0.167000
13653  -0.167100
13654  -0.169200
13655  -0.168700
13656  -0.168200
13657  -0.168400
13658  -0.168200
13659  -0.168100
13660  -0.168900
13661  -0.169200
13662  -0.170000
13663  -0.169400
13664  -0.169800
13665  -0.170000
13666  -0.170100
13667  -0.170700
13668  -0.170600
13669  -0.171200
13670  -0.170300
13671  -0.170000
13672  -0.169100
13673  -0.167500
13674  -0.167500
13675  -0.167500
13676  -0.167200
13677  -0.167000
13678  -0.167400
13679  -0.166800
13680  -0.166300
13681  -0.166900
13682  -0.166500
13683  -0.165700
13684  -0.165800
13685  -0.165000
13686  -0.165700
13687  -0.165800
13688  -0.164900
13689  -0.163700
13690  -0.164100
13691  -0.164000
13692  -0.164600
13693  -0.164300
13694  -0.164700
13695  -0.164800
13696  -0.166000
13697  -0.165700
13698  -0.165600
13699  -0.165900
13700  -0.165100
13701  -0.165700
13702  -0.165600
13703  -0.166200
13704  -0.165000
13705  -0.166300
13706  -0.167000
13707  -0.166800
13708  -0.166800
13709  -0.165800
13710  -0.165900
13711  -0.165200
13712  -0.165600
13713  -0.164700
13714  -0.164900
13715  -0.164500
13716  -0.164400
13717  -0.164000
13718  -0.164100
13719  -0.164100
13720  -0.163900
13721  -0.164600
13722  -0.164500
13723  -0.164500
13724  -0.164200
13725  -0.164500
13726  -0.163200
13727  -0.162800
13728  -0.163500
13729  -0.164000
13730  -0.164200
13731  -0.164100
13732  -0.164900
13733  -0.164000
13734  -0.162700
13735  -0.162100
13736  -0.163000
13737  -0.163500
13738  -0.163300
13739  -0.163000
13740  -0.162700
13741  -0.162300
13742  -0.162000
13743  -0.162900
13744  -0.163000
13745  -0.162700
13746  -0.163400
13747  -0.163500
13748  -0.162800
13749  -0.162900
13750  -0.161700
13751  -0.162900
13752  -0.162600
13753  -0.161700
13754  -0.162500
13755  -0.161700
13756  -0.161600
13757  -0.161300
13758  -0.161400
13759  -0.161500
13760  -0.160800
13761  -0.160400
13762  -0.160600
13763  -0.161100
13764  -0.160700
13765  -0.159900
13766  -0.159800
13767  -0.159200
13768  -0.159000
13769  -0.159800
13770  -0.159900
13771  -0.159500
13772  -0.159900
13773  -0.159100
13774  -0.157500
13775  -0.158100
13776  -0.159600
13777  -0.159300
13778  -0.159800
13779  -0.159500
13780  -0.161600
13781  -0.162000
13782  -0.161400
13783  -0.161000
13784  -0.160200
13785  -0.160300
13786  -0.160800
13787  -0.160800
13788  -0.162200
13789  -0.161900
13790  -0.162200
13791  -0.163000
13792  -0.163800
13793  -0.162900
13794  -0.163100
13795  -0.163800
13796  -0.163700
13797  -0.163200
13798  -0.164600
13799  -0.165800
13800  -0.164400
13801  -0.165300
13802  -0.164800
13803  -0.165300
13804  -0.164700
13805  -0.164900
13806  -0.166300
13807  -0.167200
13808  -0.167000
13809  -0.167300
13810  -0.166700
13811  -0.167500
13812  -0.166400
13813  -0.165900
13814  -0.167600
13815  -0.167600
13816  -0.168400
13817  -0.167900
13818  -0.167500
13819  -0.166900
13820  -0.166500
13821  -0.167300
13822  -0.166700
13823  -0.166400
13824  -0.166300
13825  -0.166200
13826  -0.166100
13827  -0.166400
13828  -0.165400
13829  -0.165900
13830  -0.166000
13831  -0.165000
13832  -0.164600
13833  -0.165100
13834  -0.164800
13835  -0.164800
13836  -0.165800
13837  -0.165700
13838  -0.166200
13839  -0.165000
13840  -0.164900
13841  -0.165000
13842  -0.165600
13843  -0.165100
13844  -0.164600
13845  -0.165900
13846  -0.165000
13847  -0.165300
13848  -0.166600
13849  -0.166200
13850  -0.166000
13851  -0.166900
13852  -0.166500
13853  -0.167200
13854  -0.167500
13855  -0.168100
13856  -0.168300
13857  -0.168200
13858  -0.168800
13859  -0.169900
13860  -0.170200
13861  -0.169500
13862  -0.168100
13863  -0.168300
13864  -0.168100
13865  -0.168400
13866  -0.168700
13867  -0.169500
13868  -0.170000
13869  -0.169800
13870  -0.168600
13871  -0.169000
13872  -0.170300
13873  -0.170800
13874  -0.171100
13875  -0.171500
13876  -0.170000
13877  -0.170400
13878  -0.171100
13879  -0.170700
13880  -0.171600
13881  -0.169600
13882  -0.169800
13883  -0.169300
13884  -0.168300
13885  -0.169900
13886  -0.168700
13887  -0.169700
13888  -0.170000
13889  -0.169800
13890  -0.171000
13891  -0.171100
13892  -0.170900
13893  -0.171000
13894  -0.171200
13895  -0.171700
13896  -0.171600
13897  -0.171100
13898  -0.170400
13899  -0.171100
13900  -0.170200
13901  -0.170400
13902  -0.170900
13903  -0.170500
13904  -0.169500
13905  -0.169200
13906  -0.170600
13907  -0.171000
13908  -0.169800
13909  -0.169700
13910  -0.171100
13911  -0.170500
13912  -0.171600
13913  -0.172300
13914  -0.172000
13915  -0.172400
13916  -0.171200
13917  -0.172000
13918  -0.172100
13919  -0.171600
13920  -0.171100
13921  -0.170300
13922  -0.170900
13923  -0.170700
13924  -0.170900
13925  -0.170100
13926  -0.170000
13927  -0.170600
13928  -0.171500
13929  -0.172300
13930  -0.173500
13931  -0.172900
13932  -0.173400
13933  -0.174000
13934  -0.173000
13935  -0.172500
13936  -0.173000
13937  -0.173100
13938  -0.172400
13939  -0.172200
13940  -0.170800
13941  -0.171100
13942  -0.171500
13943  -0.172000
13944  -0.173300
13945  -0.173400
13946  -0.173100
13947  -0.173000
13948  -0.173600
13949  -0.173800
13950  -0.174000
13951  -0.173300
13952  -0.173300
13953  -0.173900
13954  -0.174200
13955  -0.174000
13956  -0.173700
13957  -0.173200
13958  -0.172400
13959  -0.171700
13960  -0.172500
13961  -0.172400
13962  -0.171700
13963  -0.172500
13964  -0.172200
13965  -0.173100
13966  -0.173700
13967  -0.174500
13968  -0.173900
13969  -0.173600
13970  -0.174200
13971  -0.174800
13972  -0.174500
13973  -0.173700
13974  -0.172800
13975  -0.172200
13976  -0.172900
13977  -0.173300
13978  -0.173100
13979  -0.173400
13980  -0.172100
13981  -0.171300
13982  -0.170600
13983  -0.170500
13984  -0.170000
13985  -0.170900
13986  -0.171100
13987  -0.170900
13988  -0.171400
13989  -0.171900
13990  -0.171800
13991  -0.171800
13992  -0.172900
13993  -0.172100
13994  -0.172200
13995  -0.172400
13996  -0.173100
13997  -0.173300
13998  -0.172600
13999  -0.171800
14000  -0.173300
14001  -0.172900
14002  -0.172600
14003  -0.171100
14004  -0.170300
14005  -0.169600
14006  -0.169400
14007  -0.170600
14008  -0.170800
14009  -0.169900
14010  -0.169400
14011  -0.169000
14012  -0.168300
14013  -0.168100
14014  -0.168400
14015  -0.166800
14016  -0.166700
14017  -0.166100
14018  -0.166000
14019  -0.166600
14020  -0.166500
14021  -0.166500
14022  -0.166500
14023  -0.166400
14024  -0.167200
14025  -0.167400
14026  -0.167400
14027  -0.167600
14028  -0.167400
14029  -0.167600
14030  -0.166400
14031  -0.167000
14032  -0.166900
14033  -0.167300
14034  -0.166800
14035  -0.167600
14036  -0.166800
14037  -0.166400
14038  -0.165600
14039  -0.166600
14040  -0.168100
14041  -0.167800
14042  -0.167100
14043  -0.166500
14044  -0.167400
14045  -0.166000
14046  -0.165400
14047  -0.165400
14048  -0.166700
14049  -0.166800
14050  -0.165900
14051  -0.166500
14052  -0.167700
14053  -0.166600
14054  -0.165700
14055  -0.165300
14056  -0.165200
14057  -0.165100
14058  -0.164400
14059  -0.165300
14060  -0.164600
14061  -0.164800
14062  -0.164500
14063  -0.164100
14064  -0.164200
14065  -0.164200
14066  -0.164200
14067  -0.163600
14068  -0.163900
14069  -0.165000
14070  -0.165200
14071  -0.165800
14072  -0.165500
14073  -0.166400
14074  -0.165800
14075  -0.166300
14076  -0.166200
14077  -0.166500
14078  -0.167200
14079  -0.167000
14080  -0.166300
14081  -0.167200
14082  -0.166800
14083  -0.167000
14084  -0.166200
14085  -0.167000
14086  -0.167500
14087  -0.167000
14088  -0.168400
14089  -0.168100
14090  -0.167200
14091  -0.167600
14092  -0.167700
14093  -0.168000
14094  -0.166500
14095  -0.166000
14096  -0.165600
14097  -0.166800
14098  -0.166000
14099  -0.163900
14100  -0.164400
14101  -0.164400
14102  -0.163700
14103  -0.163100
14104  -0.163500
14105  -0.163200
14106  -0.165500
14107  -0.165800
14108  -0.166100
14109  -0.166900
14110  -0.167900
14111  -0.168300
14112  -0.167800
14113  -0.167100
14114  -0.167700
14115  -0.168100
14116  -0.167200
14117  -0.166800
14118  -0.166300
14119  -0.165300
14120  -0.164900
14121  -0.164700
14122  -0.165000
14123  -0.164400
14124  -0.164000
14125  -0.164600
14126  -0.163900
14127  -0.164000
14128  -0.164200
14129  -0.163800
14130  -0.164700
14131  -0.164300
14132  -0.165400
14133  -0.165500
14134  -0.166000
14135  -0.165100
14136  -0.165900
14137  -0.166800
14138  -0.168200
14139  -0.169200
14140  -0.169100
14141  -0.169300
14142  -0.168800
14143  -0.169000
14144  -0.169400
14145  -0.169100
14146  -0.169000
14147  -0.168900
14148  -0.168600
14149  -0.167500
14150  -0.167300
14151  -0.166900
14152  -0.167500
14153  -0.168100
14154  -0.167700
14155  -0.166700
14156  -0.167700
14157  -0.168400
14158  -0.167900
14159  -0.168800
14160  -0.169100
14161  -0.169900
14162  -0.170300
14163  -0.169700
14164  -0.168500
14165  -0.168200
14166  -0.168400
14167  -0.168700
14168  -0.168300
14169  -0.168300
14170  -0.168200
14171  -0.168600
14172  -0.168700
14173  -0.167700
14174  -0.166800
14175  -0.165700
14176  -0.165000
14177  -0.164900
14178  -0.164300
14179  -0.164800
14180  -0.164600
14181  -0.165500
14182  -0.165700
14183  -0.166600
14184  -0.167100
14185  -0.166500
14186  -0.165600
14187  -0.165400
14188  -0.165900
14189  -0.167300
14190  -0.166900
14191  -0.169100
14192  -0.168800
14193  -0.168200
14194  -0.167200
14195  -0.166800
14196  -0.167600
14197  -0.166900
14198  -0.167900
14199  -0.167000
14200  -0.166400
14201  -0.166100
14202  -0.166000
14203  -0.166400
14204  -0.165400
14205  -0.167100
14206  -0.166900
14207  -0.165500
14208  -0.165600
14209  -0.166400
14210  -0.166500
14211  -0.168500
14212  -0.168800
14213  -0.168200
14214  -0.167500
14215  -0.167100
14216  -0.167200
14217  -0.167500
14218  -0.168000
14219  -0.168300
14220  -0.166900
14221  -0.167400
14222  -0.168000
14223  -0.168000
14224  -0.167500
14225  -0.166800
14226  -0.167000
14227  -0.168000
14228  -0.169100
14229  -0.168500
14230  -0.168700
14231  -0.169000
14232  -0.168100
14233  -0.167600
14234  -0.167500
14235  -0.166900
14236  -0.166500
14237  -0.167200
14238  -0.167800
14239  -0.168500
14240  -0.169400
14241  -0.169600
14242  -0.170500
14243  -0.170100
14244  -0.169700
14245  -0.170100
14246  -0.169500
14247  -0.169200
14248  -0.169200
14249  -0.168600
14250  -0.168100
14251  -0.168000
14252  -0.168500
14253  -0.167200
14254  -0.167100
14255  -0.164900
14256  -0.164100
14257  -0.165200
14258  -0.165200
14259  -0.165600
14260  -0.166300
14261  -0.166400
14262  -0.166200
14263  -0.165800
14264  -0.165000
14265  -0.167200
14266  -0.167800
14267  -0.167500
14268  -0.168500
14269  -0.168200
14270  -0.168200
14271  -0.168100
14272  -0.167500
14273  -0.167300
14274  -0.166600
14275  -0.166700
14276  -0.166300
14277  -0.167600
14278  -0.167000
14279  -0.167100
14280  -0.167000
14281  -0.167300
14282  -0.167300
14283  -0.168300
14284  -0.168200
14285  -0.169500
14286  -0.169300
14287  -0.169800
14288  -0.169800
14289  -0.168300
14290  -0.168400
14291  -0.169600
14292  -0.170800
14293  -0.169900
14294  -0.169700
14295  -0.168200
14296  -0.167700
14297  -0.167100
14298  -0.167600
14299  -0.167800
14300  -0.166500
14301  -0.165800
14302  -0.165700
14303  -0.165400
14304  -0.165700
14305  -0.165700
14306  -0.165400
14307  -0.165000
14308  -0.164700
14309  -0.164200
14310  -0.163800
14311  -0.164100
14312  -0.165200
14313  -0.165900
14314  -0.166100
14315  -0.166300
14316  -0.166500
14317  -0.166600
14318  -0.166300
14319  -0.165400
14320  -0.165700
14321  -0.165800
14322  -0.166000
14323  -0.165700
14324  -0.166600
14325  -0.165900
14326  -0.166300
14327  -0.166400
14328  -0.166900
14329  -0.166200
14330  -0.165600
14331  -0.165200
14332  -0.165900
14333  -0.166800
14334  -0.165700
14335  -0.166400
14336  -0.165500
14337  -0.164400
14338  -0.165100
14339  -0.165400
14340  -0.164800
14341  -0.164400
14342  -0.164800
14343  -0.164200
14344  -0.163800
14345  -0.163500
14346  -0.163300
14347  -0.163700
14348  -0.163100
14349  -0.163800
14350  -0.163200
14351  -0.163200
14352  -0.163700
14353  -0.164000
14354  -0.163400
14355  -0.163100
14356  -0.164300
14357  -0.164400
14358  -0.163400
14359  -0.163200
14360  -0.162200
14361  -0.161800
14362  -0.161600
14363  -0.162100
14364  -0.164300
14365  -0.164800
14366  -0.164300
14367  -0.165100
14368  -0.165700
14369  -0.166200
14370  -0.166500
14371  -0.166500
14372  -0.165600
14373  -0.165200
14374  -0.164200
14375  -0.164300
14376  -0.164800
14377  -0.165900
14378  -0.167200
14379  -0.166600
14380  -0.167000
14381  -0.165700
14382  -0.167300
14383  -0.166500
14384  -0.165000
14385  -0.163600
14386  -0.163800
14387  -0.163400
14388  -0.162900
14389  -0.162100
14390  -0.163100
14391  -0.163900
14392  -0.163600
14393  -0.163100
14394  -0.161800
14395  -0.161700
14396  -0.160700
14397  -0.160800
14398  -0.161000
14399  -0.161200
14400  -0.162300
14401  -0.161800
14402  -0.161600
14403  -0.162300
14404  -0.161100
14405  -0.161000
14406  -0.162100
14407  -0.160200
14408  -0.159600
14409  -0.158800
14410  -0.159700
14411  -0.160500
14412  -0.160300
14413  -0.160200
14414  -0.161800
14415  -0.163000
14416  -0.162900
14417  -0.162100
14418  -0.160800
14419  -0.160800
14420  -0.160000
14421  -0.158200
14422  -0.158100
14423  -0.157700
14424  -0.158200
14425  -0.157900
14426  -0.158200
14427  -0.158000
14428  -0.157800
14429  -0.156800
14430  -0.156400
14431  -0.156400
14432  -0.157200
14433  -0.157500
14434  -0.158400
14435  -0.158500
14436  -0.158000
14437  -0.158100
14438  -0.158400
14439  -0.157900
14440  -0.158200
14441  -0.157100
14442  -0.156700
14443  -0.157500
14444  -0.157300
14445  -0.156900
14446  -0.157100
14447  -0.157000
14448  -0.156700
14449  -0.156300
14450  -0.156600
14451  -0.157100
14452  -0.157000
14453  -0.157700
14454  -0.157900
14455  -0.157400
14456  -0.156100
14457  -0.156600
14458  -0.156900
14459  -0.157000
14460  -0.155700
14461  -0.155000
14462  -0.156400
14463  -0.156800
14464  -0.157400
14465  -0.156200
14466  -0.156100
14467  -0.156900
14468  -0.155900
14469  -0.154600
14470  -0.153600
14471  -0.153000
14472  -0.153200
14473  -0.153000
14474  -0.152000
14475  -0.152200
14476  -0.151500
14477  -0.152100
14478  -0.151700
14479  -0.152000
14480  -0.150900
14481  -0.149800
14482  -0.150200
14483  -0.149100
14484  -0.148900
14485  -0.148900
14486  -0.148900
14487  -0.149300
14488  -0.151100
14489  -0.150300
14490  -0.150500
14491  -0.149800
14492  -0.149900
14493  -0.151400
14494  -0.151800
14495  -0.151400
14496  -0.150900
14497  -0.152400
14498  -0.153100
14499  -0.152900
14500  -0.153400
14501  -0.152600
14502  -0.152600
14503  -0.151800
14504  -0.152300
14505  -0.151900
14506  -0.151500
14507  -0.150300
14508  -0.150800
14509  -0.151200
14510  -0.150100
14511  -0.150400
14512  -0.150300
14513  -0.150700
14514  -0.150300
14515  -0.149700
14516  -0.150500
14517  -0.150900
14518  -0.150900
14519  -0.150300
14520  -0.149900
14521  -0.150100
14522  -0.150000
14523  -0.148800
14524  -0.148000
14525  -0.147200
14526  -0.147300
14527  -0.147800
14528  -0.148500
14529  -0.148100
14530  -0.147900
14531  -0.147400
14532  -0.146300
14533  -0.146400
14534  -0.146200
14535  -0.146400
14536  -0.145800
14537  -0.144500
14538  -0.144400
14539  -0.142700
14540  -0.142700
14541  -0.142200
14542  -0.142200
14543  -0.141800
14544  -0.141700
14545  -0.141300
14546  -0.142900
14547  -0.142100
14548  -0.142000
14549  -0.142800
14550  -0.142400
14551  -0.140800
14552  -0.139800
14553  -0.140200
14554  -0.140800
14555  -0.141300
14556  -0.142300
14557  -0.141400
14558  -0.142700
14559  -0.142600
14560  -0.142500
14561  -0.142100
14562  -0.141600
14563  -0.141500
14564  -0.140500
14565  -0.141100
14566  -0.141100
14567  -0.140900
14568  -0.141200
14569  -0.141200
14570  -0.140800
14571  -0.140000
14572  -0.138600
14573  -0.138900
14574  -0.139300
14575  -0.138500
14576  -0.138400
14577  -0.138200
14578  -0.137400
14579  -0.137800
14580  -0.138000
14581  -0.138200
14582  -0.139100
14583  -0.140900
14584  -0.140900
14585  -0.139900
14586  -0.140100
14587  -0.140400
14588  -0.140600
14589  -0.140400
14590  -0.139700
14591  -0.139800
14592  -0.139600
14593  -0.140000
14594  -0.140900
14595  -0.140400
14596  -0.141400
14597  -0.141200
14598  -0.140900
14599  -0.141200
14600  -0.140800
14601  -0.141700
14602  -0.142300
14603  -0.142200
14604  -0.142200
14605  -0.142800
14606  -0.142400
14607  -0.142500
14608  -0.141400
14609  -0.140600
14610  -0.141000
14611  -0.140900
14612  -0.140700
14613  -0.142300
14614  -0.142600
14615  -0.142200
14616  -0.141200
14617  -0.139600
14618  -0.139300
14619  -0.139700
14620  -0.138800
14621  -0.138400
14622  -0.137600
14623  -0.137700
14624  -0.138900
14625  -0.138800
14626  -0.140000
14627  -0.141000
14628  -0.140800
14629  -0.141000
14630  -0.140100
14631  -0.140400
14632  -0.139700
14633  -0.141300
14634  -0.142200
14635  -0.143000
14636  -0.143300
14637  -0.143300
14638  -0.143700
14639  -0.144500
14640  -0.145500
14641  -0.146400
14642  -0.147500
14643  -0.147900
14644  -0.147600
14645  -0.147100
14646  -0.148600
14647  -0.148900
14648  -0.149400
14649  -0.149900
14650  -0.149400
14651  -0.148800
14652  -0.148800
14653  -0.148600
14654  -0.149200
14655  -0.148500
14656  -0.148000
14657  -0.149100
14658  -0.148100
14659  -0.147800
14660  -0.146800
14661  -0.145600
14662  -0.144700
14663  -0.145400
14664  -0.144400
14665  -0.144900
14666  -0.144900
14667  -0.145200
14668  -0.144800
14669  -0.144500
14670  -0.143000
14671  -0.142300
14672  -0.141400
14673  -0.141800
14674  -0.142100
14675  -0.141700
14676  -0.141200
14677  -0.140800
14678  -0.140600
14679  -0.139700
14680  -0.139500
14681  -0.140300
14682  -0.140700
14683  -0.140700
14684  -0.141500
14685  -0.141600
14686  -0.141800
14687  -0.141700
14688  -0.142000
14689  -0.143800
14690  -0.144900
14691  -0.144700
14692  -0.145000
14693  -0.145500
14694  -0.145900
14695  -0.145400
14696  -0.144900
14697  -0.144600
14698  -0.145400
14699  -0.145300
14700  -0.145200
14701  -0.145300
14702  -0.145100
14703  -0.145800
14704  -0.145400
14705  -0.144200
14706  -0.143200
14707  -0.143000
14708  -0.142500
14709  -0.142600
14710  -0.141500
14711  -0.140500
14712  -0.139700
14713  -0.139700
14714  -0.140600
14715  -0.142000
14716  -0.140800
14717  -0.140000
14718  -0.139400
14719  -0.138600
14720  -0.139400
14721  -0.140300
14722  -0.140700
14723  -0.141000
14724  -0.141000
14725  -0.141400
14726  -0.141500
14727  -0.140800
14728  -0.141400
14729  -0.141900
14730  -0.143200
14731  -0.144300
14732  -0.144500
14733  -0.143900
14734  -0.144000
14735  -0.144400
14736  -0.142600
14737  -0.142000
14738  -0.141900
14739  -0.140400
14740  -0.140200
14741  -0.138700
14742  -0.138200
14743  -0.137900
14744  -0.138600
14745  -0.140000
14746  -0.139800
14747  -0.139600
14748  -0.139900
14749  -0.139600
14750  -0.139600
14751  -0.140100
14752  -0.138500
14753  -0.138300
14754  -0.138500
14755  -0.138700
14756  -0.139800
14757  -0.139000
14758  -0.139500
14759  -0.140300
14760  -0.141000
14761  -0.141900
14762  -0.142700
14763  -0.143000
14764  -0.142100
14765  -0.143400
14766  -0.143500
14767  -0.143600
14768  -0.144100
14769  -0.144500
14770  -0.144300
14771  -0.144500
14772  -0.143700
14773  -0.143800
14774  -0.144100
14775  -0.144600
14776  -0.144600
14777  -0.146000
14778  -0.145800
14779  -0.146200
14780  -0.145400
14781  -0.145400
14782  -0.145200
14783  -0.144900
14784  -0.144400
14785  -0.145300
14786  -0.145200
14787  -0.145600
14788  -0.145500
14789  -0.145800
14790  -0.144500
14791  -0.144900
14792  -0.144800
14793  -0.145900
14794  -0.144100
14795  -0.144500
14796  -0.144300
14797  -0.144300
14798  -0.144100
14799  -0.144900
14800  -0.144800
14801  -0.145200
14802  -0.143900
14803  -0.144900
14804  -0.144400
14805  -0.145100
14806  -0.145100
14807  -0.145200
14808  -0.145900
14809  -0.144700
14810  -0.144200
14811  -0.143700
14812  -0.143000
14813  -0.142500
14814  -0.143900
14815  -0.143400
14816  -0.142800
14817  -0.142300
14818  -0.141200
14819  -0.140600
14820  -0.140700
14821  -0.140600
14822  -0.141500
14823  -0.141200
14824  -0.140600
14825  -0.141200
14826  -0.140600
14827  -0.141400
14828  -0.139400
14829  -0.140700
14830  -0.141300
14831  -0.141700
14832  -0.141900
14833  -0.142500
14834  -0.142700
14835  -0.142000
14836  -0.142300
14837  -0.142900
14838  -0.142900
14839  -0.143000
14840  -0.142700
14841  -0.142000
14842  -0.142500
14843  -0.143400
14844  -0.142700
14845  -0.142500
14846  -0.142800
14847  -0.142200
14848  -0.142000
14849  -0.142300
14850  -0.143000
14851  -0.143300
14852  -0.142900
14853  -0.142500
14854  -0.141900
14855  -0.142200
14856  -0.142400
14857  -0.142300
14858  -0.142200
14859  -0.142300
14860  -0.142000
14861  -0.142300
14862  -0.141500
14863  -0.141600
14864  -0.140500
14865  -0.140200
14866  -0.139900
14867  -0.139400
14868  -0.139900
14869  -0.140000
14870  -0.139100
14871  -0.139000
14872  -0.139200
14873  -0.139900
14874  -0.140300
14875  -0.140000
14876  -0.139400
14877  -0.139500
14878  -0.140100
14879  -0.139900
14880  -0.138600
14881  -0.137700
14882  -0.137400
14883  -0.137200
14884  -0.137800
14885  -0.137700
14886  -0.137300
14887  -0.138300
14888  -0.138600
14889  -0.138600
14890  -0.138100
14891  -0.139300
14892  -0.140400
14893  -0.140100
14894  -0.141200
14895  -0.139900
14896  -0.137700
14897  -0.138100
14898  -0.137800
14899  -0.137700
14900  -0.137100
14901  -0.137200
14902  -0.138000
14903  -0.137600
14904  -0.138800
14905  -0.139100
14906  -0.139400
14907  -0.139000
14908  -0.139900
14909  -0.139500
14910  -0.140600
14911  -0.139600
14912  -0.138300
14913  -0.139900
14914  -0.138800
14915  -0.138900
14916  -0.138200
14917  -0.137800
14918  -0.138100
14919  -0.138000
14920  -0.136900
14921  -0.136600
14922  -0.136400
14923  -0.136800
14924  -0.137100
14925  -0.136100
14926  -0.137000
14927  -0.137200
14928  -0.137200
14929  -0.136900
14930  -0.136500
14931  -0.135800
14932  -0.135800
14933  -0.135700
14934  -0.134200
14935  -0.134700
14936  -0.134300
14937  -0.133600
14938  -0.133500
14939  -0.134000
14940  -0.133200
14941  -0.133500
14942  -0.132700
14943  -0.131900
14944  -0.130800
14945  -0.131600
14946  -0.131200
14947  -0.131700
14948  -0.131000
14949  -0.129300
14950  -0.130200
14951  -0.130600
14952  -0.129900
14953  -0.129800
14954  -0.129200
14955  -0.130300
14956  -0.130200
14957  -0.131000
14958  -0.130100
14959  -0.129900
14960  -0.130500
14961  -0.129800
14962  -0.131300
14963  -0.132100
14964  -0.132400
14965  -0.133600
14966  -0.131700
14967  -0.130800
14968  -0.131600
14969  -0.132700
14970  -0.131900
14971  -0.131500
14972  -0.131800
14973  -0.131400
14974  -0.129900
14975  -0.129300
14976  -0.128700
14977  -0.127600
14978  -0.128400
14979  -0.127200
14980  -0.126900
14981  -0.127000
14982  -0.126700
14983  -0.127600
14984  -0.126400
14985  -0.126900
14986  -0.126800
14987  -0.126900
14988  -0.126600
14989  -0.127400
14990  -0.126900
14991  -0.126900
14992  -0.127100
14993  -0.126100
14994  -0.124700
14995  -0.126400
14996  -0.126200
14997  -0.126000
14998  -0.125300
14999  -0.125500
15000  -0.125700
15001  -0.126100
15002  -0.125900
15003  -0.126500
15004  -0.127100
15005  -0.126400
15006  -0.125200
15007  -0.125600
15008  -0.125500
15009  -0.124800
15010  -0.123900
15011  -0.124300
15012  -0.124600
15013  -0.124600
15014  -0.125200
15015  -0.125300
15016  -0.124600
15017  -0.124400
15018  -0.123400
15019  -0.123100
15020  -0.123500
15021  -0.122700
15022  -0.121600
15023  -0.122600
15024  -0.121300
15025  -0.121500
15026  -0.121900
15027  -0.122500
15028  -0.121300
15029  -0.121500
15030  -0.121800
15031  -0.121400
15032  -0.121500
15033  -0.121100
15034  -0.121900
15035  -0.121900
15036  -0.121900
15037  -0.121400
15038  -0.120600
15039  -0.122100
15040  -0.121700
15041  -0.121100
15042  -0.121900
15043  -0.121400
15044  -0.122900
15045  -0.123700
15046  -0.123300
15047  -0.122600
15048  -0.121800
15049  -0.122600
15050  -0.122600
15051  -0.121700
15052  -0.122800
15053  -0.123200
15054  -0.123000
15055  -0.124600
15056  -0.123800
15057  -0.123300
15058  -0.123100
15059  -0.122900
15060  -0.123200
15061  -0.124000
15062  -0.125400
15063  -0.125800
15064  -0.127100
15065  -0.127300
15066  -0.127700
15067  -0.128200
15068  -0.128800
15069  -0.130300
15070  -0.130800
15071  -0.130500
15072  -0.131300
15073  -0.130200
15074  -0.130900
15075  -0.130100
15076  -0.130800
15077  -0.131700
15078  -0.132000
15079  -0.131600
15080  -0.132500
15081  -0.132200
15082  -0.130500
15083  -0.130400
15084  -0.130100
15085  -0.130900
15086  -0.131500
15087  -0.130300
15088  -0.130100
15089  -0.131900
15090  -0.132000
15091  -0.133000
15092  -0.133000
15093  -0.133100
15094  -0.132400
15095  -0.132100
15096  -0.132300
15097  -0.132500
15098  -0.133800
15099  -0.134700
15100  -0.134200
15101  -0.133800
15102  -0.134300
15103  -0.135000
15104  -0.134700
15105  -0.134100
15106  -0.133800
15107  -0.134000
15108  -0.134400
15109  -0.133700
15110  -0.133200
15111  -0.132600
15112  -0.132700
15113  -0.132600
15114  -0.132300
15115  -0.133200
15116  -0.132800
15117  -0.132700
15118  -0.132900
15119  -0.133400
15120  -0.134000
15121  -0.134300
15122  -0.135000
15123  -0.135500
15124  -0.135500
15125  -0.135100
15126  -0.133900
15127  -0.133900
15128  -0.134400
15129  -0.135100
15130  -0.135600
15131  -0.136600
15132  -0.136700
15133  -0.137400
15134  -0.136500
15135  -0.135300
15136  -0.134400
15137  -0.133800
15138  -0.135100
15139  -0.136000
15140  -0.136000
15141  -0.135800
15142  -0.136000
15143  -0.135800
15144  -0.135200
15145  -0.134400
15146  -0.133200
15147  -0.133300
15148  -0.135000
15149  -0.134900
15150  -0.134800
15151  -0.135900
15152  -0.134800
15153  -0.135100
15154  -0.136400
15155  -0.137700
15156  -0.138000
15157  -0.139100
15158  -0.138700
15159  -0.139700
15160  -0.139700
15161  -0.139100
15162  -0.138800
15163  -0.138500
15164  -0.137900
15165  -0.139400
15166  -0.139400
15167  -0.139900
15168  -0.140000
15169  -0.140300
15170  -0.140200
15171  -0.140200
15172  -0.139400
15173  -0.140000
15174  -0.140500
15175  -0.140900
15176  -0.140000
15177  -0.139800
15178  -0.140100
15179  -0.140200
15180  -0.140800
15181  -0.140200
15182  -0.139700
15183  -0.140300
15184  -0.139400
15185  -0.139900
15186  -0.139700
15187  -0.140600
15188  -0.140000
15189  -0.138700
15190  -0.139700
15191  -0.139700
15192  -0.140200
15193  -0.138600
15194  -0.138500
15195  -0.138500
15196  -0.139100
15197  -0.139700
15198  -0.138700
15199  -0.138500
15200  -0.139300
15201  -0.138700
15202  -0.139600
15203  -0.140000
15204  -0.139600
15205  -0.140300
15206  -0.139800
15207  -0.139200
15208  -0.139800
15209  -0.138700
15210  -0.138100
15211  -0.137400
15212  -0.136900
15213  -0.136800
15214  -0.138300
15215  -0.139200
15216  -0.138000
15217  -0.137900
15218  -0.137400
15219  -0.136900
15220  -0.136300
15221  -0.136700
15222  -0.134700
15223  -0.133500
15224  -0.135200
15225  -0.135400
15226  -0.135000
15227  -0.135000
15228  -0.135000
15229  -0.135800
15230  -0.136000
15231  -0.136400
15232  -0.136100
15233  -0.136100
15234  -0.136100
15235  -0.135900
15236  -0.136300
15237  -0.136500
15238  -0.135400
15239  -0.134800
15240  -0.134700
15241  -0.135800
15242  -0.135000
15243  -0.134900
15244  -0.135100
15245  -0.135700
15246  -0.134100
15247  -0.133600
15248  -0.133800
15249  -0.134000
15250  -0.134000
15251  -0.134700
15252  -0.135200
15253  -0.134300
15254  -0.132900
15255  -0.133100
15256  -0.132800
15257  -0.132900
15258  -0.133500
15259  -0.133200
15260  -0.132100
15261  -0.132000
15262  -0.131300
15263  -0.131000
15264  -0.131300
15265  -0.131800
15266  -0.132500
15267  -0.131800
15268  -0.132600
15269  -0.133700
15270  -0.133100
15271  -0.133800
15272  -0.134300
15273  -0.133500
15274  -0.133100
15275  -0.132500
15276  -0.131500
15277  -0.132100
15278  -0.131700
15279  -0.131700
15280  -0.132500
15281  -0.133200
15282  -0.133000
15283  -0.132700
15284  -0.133600
15285  -0.134500
15286  -0.135000
15287  -0.135300
15288  -0.134200
15289  -0.133500
15290  -0.133300
15291  -0.132800
15292  -0.132700
15293  -0.132500
15294  -0.132800
15295  -0.133000
15296  -0.132800
15297  -0.132800
15298  -0.132600
15299  -0.132600
15300  -0.132900
15301  -0.132900
15302  -0.131300
15303  -0.129900
15304  -0.128300
15305  -0.128500
15306  -0.129100
15307  -0.128500
15308  -0.129500
15309  -0.128900
15310  -0.128300
15311  -0.127700
15312  -0.128700
15313  -0.129100
15314  -0.129100
15315  -0.129600
15316  -0.129600
15317  -0.131400
15318  -0.131100
15319  -0.130700
15320  -0.131200
15321  -0.130700
15322  -0.131300
15323  -0.130800
15324  -0.130100
15325  -0.130200
15326  -0.130700
15327  -0.131600
15328  -0.131900
15329  -0.131900
15330  -0.132100
15331  -0.132600
15332  -0.132400
15333  -0.131800
15334  -0.132700
15335  -0.131900
15336  -0.132000
15337  -0.131400
15338  -0.131700
15339  -0.132400
15340  -0.132500
15341  -0.133400
15342  -0.133200
15343  -0.133900
15344  -0.132700
15345  -0.132000
15346  -0.132800
15347  -0.130800
15348  -0.130400
15349  -0.130300
15350  -0.131000
15351  -0.129700
15352  -0.129200
15353  -0.129600
15354  -0.129100
15355  -0.129200
15356  -0.129500
15357  -0.130600
15358  -0.130600
15359  -0.130400
15360  -0.130800
15361  -0.130600
15362  -0.132200
15363  -0.131700
15364  -0.132200
15365  -0.132600
15366  -0.133900
15367  -0.135600
15368  -0.136000
15369  -0.136200
15370  -0.135800
15371  -0.136800
15372  -0.135800
15373  -0.136000
15374  -0.134700
15375  -0.134200
15376  -0.133800
15377  -0.133600
15378  -0.133300
15379  -0.132900
15380  -0.133900
15381  -0.134400
15382  -0.134600
15383  -0.135000
15384  -0.136600
15385  -0.136600
15386  -0.137000
15387  -0.137200
15388  -0.137200
15389  -0.137200
15390  -0.137000
15391  -0.137100
15392  -0.136300
15393  -0.137100
15394  -0.135700
15395  -0.134800
15396  -0.134400
15397  -0.134100
15398  -0.135300
15399  -0.134900
15400  -0.135500
15401  -0.134500
15402  -0.133500
15403  -0.133500
15404  -0.132400
15405  -0.132700
15406  -0.131600
15407  -0.131900
15408  -0.132800
15409  -0.133300
15410  -0.134300
15411  -0.134700
15412  -0.134400
15413  -0.134100
15414  -0.134000
15415  -0.133600
15416  -0.133900
15417  -0.134800
15418  -0.134200
15419  -0.133800
15420  -0.132500
15421  -0.132800
15422  -0.132300
15423  -0.133300
15424  -0.132300
15425  -0.132800
15426  -0.133400
15427  -0.132400
15428  -0.133100
15429  -0.133200
15430  -0.134000
15431  -0.134400
15432  -0.133700
15433  -0.133200
15434  -0.132100
15435  -0.131500
15436  -0.131100
15437  -0.131500
15438  -0.132100
15439  -0.132200
15440  -0.132800
15441  -0.131700
15442  -0.132900
15443  -0.132900
15444  -0.132900
15445  -0.132100
15446  -0.131800
15447  -0.132600
15448  -0.132700
15449  -0.132100
15450  -0.130200
15451  -0.129600
15452  -0.129800
15453  -0.128900
15454  -0.129200
15455  -0.129000
15456  -0.129800
15457  -0.129600
15458  -0.129700
15459  -0.130300
15460  -0.130900
15461  -0.130900
15462  -0.130800
15463  -0.130000
15464  -0.129500
15465  -0.129100
15466  -0.130400
15467  -0.130400
15468  -0.129800
15469  -0.130300
15470  -0.129500
15471  -0.129700
15472  -0.130400
15473  -0.131200
15474  -0.131500
15475  -0.131900
15476  -0.131700
15477  -0.131700
15478  -0.132000
15479  -0.133100
15480  -0.133200
15481  -0.133300
15482  -0.132900
15483  -0.131700
15484  -0.131700
15485  -0.132500
15486  -0.132200
15487  -0.132300
15488  -0.130700
15489  -0.131300
15490  -0.130100
15491  -0.131000
15492  -0.130800
15493  -0.129400
15494  -0.128300
15495  -0.129500
15496  -0.128300
15497  -0.127100
15498  -0.128600
15499  -0.129700
15500  -0.128900
15501  -0.130200
15502  -0.129900
15503  -0.130800
15504  -0.131200
15505  -0.131000
15506  -0.132100
15507  -0.131600
15508  -0.131600
15509  -0.132500
15510  -0.132500
15511  -0.132500
15512  -0.133900
15513  -0.133700
15514  -0.133700
15515  -0.132400
15516  -0.131700
15517  -0.132200
15518  -0.132600
15519  -0.132900
15520  -0.133200
15521  -0.133600
15522  -0.133200
15523  -0.134600
15524  -0.134400
15525  -0.134100
15526  -0.134100
15527  -0.132500
15528  -0.133300
15529  -0.132600
15530  -0.131900
15531  -0.132100
15532  -0.132700
15533  -0.132800
15534  -0.132700
15535  -0.133100
15536  -0.133300
15537  -0.133300
15538  -0.133100
15539  -0.133100
15540  -0.132900
15541  -0.133200
15542  -0.133500
15543  -0.134800
15544  -0.135200
15545  -0.135900
15546  -0.136800
15547  -0.136600
15548  -0.136600
15549  -0.137300
15550  -0.137500
15551  -0.137900
15552  -0.138700
15553  -0.138400
15554  -0.138200
15555  -0.137800
15556  -0.138100
15557  -0.138800
15558  -0.138900
15559  -0.138500
15560  -0.138400
15561  -0.138900
15562  -0.139100
15563  -0.138500
15564  -0.137800
15565  -0.138800
15566  -0.139000
15567  -0.138300
15568  -0.140400
15569  -0.141000
15570  -0.140700
15571  -0.140400
15572  -0.141400
15573  -0.141700
15574  -0.142300
15575  -0.143700
15576  -0.141400
15577  -0.140900
15578  -0.139500
15579  -0.138300
15580  -0.138800
15581  -0.137700
15582  -0.136800
15583  -0.136900
15584  -0.136600
15585  -0.135900
15586  -0.135000
15587  -0.134200
15588  -0.135000
15589  -0.134300
15590  -0.134300
15591  -0.134500
15592  -0.134300
15593  -0.134200
15594  -0.134500
15595  -0.134200
15596  -0.135300
15597  -0.135600
15598  -0.135300
15599  -0.135500
15600  -0.135100
15601  -0.136600
15602  -0.137400
15603  -0.138800
15604  -0.138300
15605  -0.139100
15606  -0.138200
15607  -0.139000
15608  -0.138600
15609  -0.139000
15610  -0.138400
15611  -0.138700
15612  -0.137600
15613  -0.137000
15614  -0.136600
15615  -0.137700
15616  -0.138200
15617  -0.138000
15618  -0.137400
15619  -0.137500
15620  -0.136600
15621  -0.136400
15622  -0.134700
15623  -0.134800
15624  -0.134800
15625  -0.134400
15626  -0.134900
15627  -0.135800
15628  -0.137200
15629  -0.137400
15630  -0.136300
15631  -0.135100
15632  -0.135400
15633  -0.134600
15634  -0.134400
15635  -0.135900
15636  -0.136200
15637  -0.136400
15638  -0.136200
15639  -0.137100
15640  -0.137700
15641  -0.136800
15642  -0.137300
15643  -0.137800
15644  -0.137100
15645  -0.138600
15646  -0.138300
15647  -0.137300
15648  -0.137000
15649  -0.136900
15650  -0.136500
15651  -0.137000
15652  -0.136800
15653  -0.135600
15654  -0.136000
15655  -0.136000
15656  -0.135900
15657  -0.136100
15658  -0.135400
15659  -0.135100
15660  -0.135300
15661  -0.134500
15662  -0.134300
15663  -0.133400
15664  -0.134300
15665  -0.134000
15666  -0.134300
15667  -0.134100
15668  -0.134500
15669  -0.133700
15670  -0.134200
15671  -0.135100
15672  -0.135800
15673  -0.135900
15674  -0.136300
15675  -0.135700
15676  -0.134600
15677  -0.134300
15678  -0.134000
15679  -0.133300
15680  -0.135100
15681  -0.133300
15682  -0.132800
15683  -0.132200
15684  -0.133400
15685  -0.134000
15686  -0.133000
15687  -0.133000
15688  -0.131900
15689  -0.130500
15690  -0.131700
15691  -0.130400
15692  -0.131400
15693  -0.131400
15694  -0.132000
15695  -0.132300
15696  -0.133500
15697  -0.131700
15698  -0.132000
15699  -0.131500
15700  -0.130000
15701  -0.129600
15702  -0.128100
15703  -0.127900
15704  -0.128700
15705  -0.128400
15706  -0.128300
15707  -0.128300
15708  -0.126600
15709  -0.127000
15710  -0.126800
15711  -0.126700
15712  -0.126500
15713  -0.126100
15714  -0.125500
15715  -0.125500
15716  -0.125800
15717  -0.125400
15718  -0.126000
15719  -0.125500
15720  -0.125700
15721  -0.125600
15722  -0.125100
15723  -0.124600
15724  -0.123200
15725  -0.122400
15726  -0.122200
15727  -0.122200
15728  -0.119900
15729  -0.120700
15730  -0.120200
15731  -0.120000
15732  -0.119800
15733  -0.119500
15734  -0.119500
15735  -0.119800
15736  -0.119500
15737  -0.119000
15738  -0.117900
15739  -0.117800
15740  -0.117600
15741  -0.116300
15742  -0.116200
15743  -0.116300
15744  -0.115000
15745  -0.115900
15746  -0.114700
15747  -0.114000
15748  -0.113900
15749  -0.114400
15750  -0.113800
15751  -0.114500
15752  -0.115900
15753  -0.115600
15754  -0.115900
15755  -0.115300
15756  -0.115500
15757  -0.114700
15758  -0.114100
15759  -0.113400
15760  -0.113100
15761  -0.112800
15762  -0.112600
15763  -0.112400
15764  -0.112100
15765  -0.110700
15766  -0.109900
15767  -0.110300
15768  -0.108900
15769  -0.109000
15770  -0.108600
15771  -0.110900
15772  -0.110800
15773  -0.109400
15774  -0.109200
15775  -0.108100
15776  -0.107500
15777  -0.107800
15778  -0.109300
15779  -0.108700
15780  -0.107500
15781  -0.106700
15782  -0.106300
15783  -0.105200
15784  -0.104900
15785  -0.104500
15786  -0.104200
15787  -0.104800
15788  -0.104800
15789  -0.104900
15790  -0.105200
15791  -0.104500
15792  -0.105100
15793  -0.106000
15794  -0.105900
15795  -0.105800
15796  -0.105600
15797  -0.106100
15798  -0.105600
15799  -0.104700
15800  -0.102900
15801  -0.102700
15802  -0.101600
15803  -0.101000
15804  -0.100500
15805  -0.099500
15806  -0.098400
15807  -0.097700
15808  -0.096900
15809  -0.098600
15810  -0.100400
15811  -0.102000
15812  -0.101400
15813  -0.100900
15814  -0.100300
15815  -0.100100
15816  -0.100200
15817  -0.100100
15818  -0.100700
15819  -0.100500
15820  -0.100200
15821  -0.099700
15822  -0.100000
15823  -0.099800
15824  -0.099100
15825  -0.099500
15826  -0.099000
15827  -0.099100
15828  -0.098400
15829  -0.098800
15830  -0.098200
15831  -0.098000
15832  -0.099000
15833  -0.099200
15834  -0.099300
15835  -0.099400
15836  -0.100400
15837  -0.100900
15838  -0.100800
15839  -0.102300
15840  -0.102100
15841  -0.100800
15842  -0.100400
15843  -0.100800
15844  -0.100700
15845  -0.099500
15846  -0.099700
15847  -0.099900
15848  -0.098700
15849  -0.099500
15850  -0.099800
15851  -0.100100
15852  -0.099800
15853  -0.099200
15854  -0.100400
15855  -0.099800
15856  -0.099000
15857  -0.098700
15858  -0.099000
15859  -0.099600
15860  -0.098800
15861  -0.098600
15862  -0.098100
15863  -0.096900
15864  -0.096100
15865  -0.094800
15866  -0.095100
15867  -0.093500
15868  -0.092600
15869  -0.093500
15870  -0.092500
15871  -0.091700
15872  -0.092800
15873  -0.093200
15874  -0.092900
15875  -0.093500
15876  -0.092800
15877  -0.092700
15878  -0.094300
15879  -0.095000
15880  -0.095400
15881  -0.096100
15882  -0.095200
15883  -0.094900
15884  -0.095400
15885  -0.095600
15886  -0.094400
15887  -0.093200
15888  -0.092600
15889  -0.092300
15890  -0.090300
15891  -0.089900
15892  -0.091000
15893  -0.091100
15894  -0.090800
15895  -0.090000
15896  -0.089400
15897  -0.088200
15898  -0.087800
15899  -0.088300
15900  -0.088100
15901  -0.087600
15902  -0.086500
15903  -0.086500
15904  -0.085800
15905  -0.083900
15906  -0.083500
15907  -0.084300
15908  -0.084400
15909  -0.083200
15910  -0.084300
15911  -0.084300
15912  -0.084200
15913  -0.084300
15914  -0.082400
15915  -0.082400
15916  -0.082000
15917  -0.081100
15918  -0.079800
15919  -0.080400
15920  -0.079900
15921  -0.079900
15922  -0.079800
15923  -0.080300
15924  -0.081000
15925  -0.081600
15926  -0.081400
15927  -0.080200
15928  -0.080900
15929  -0.080900
15930  -0.080900
15931  -0.079600
15932  -0.079500
15933  -0.079900
15934  -0.080000
15935  -0.079600
15936  -0.079600
15937  -0.078800
15938  -0.079200
15939  -0.078700
15940  -0.079100
15941  -0.079900
15942  -0.080700
15943  -0.081000
15944  -0.081000
15945  -0.079900
15946  -0.080500
15947  -0.080800
15948  -0.080800
15949  -0.080000
15950  -0.079800
15951  -0.079700
15952  -0.080300
15953  -0.080600
15954  -0.080600
15955  -0.080700
15956  -0.079600
15957  -0.079900
15958  -0.079200
15959  -0.079300
15960  -0.080100
15961  -0.080800
15962  -0.081200
15963  -0.081600
15964  -0.080800
15965  -0.080800
15966  -0.080600
15967  -0.079500
15968  -0.080500
15969  -0.080400
15970  -0.080200
15971  -0.080600
15972  -0.080700
15973  -0.081600
15974  -0.080100
15975  -0.079600
15976  -0.078800
15977  -0.078400
15978  -0.078200
15979  -0.077500
15980  -0.077600
15981  -0.077200
15982  -0.077700
15983  -0.078800
15984  -0.078700
15985  -0.078200
15986  -0.078600
15987  -0.078500
15988  -0.078500
15989  -0.078500
15990  -0.078300
15991  -0.077500
15992  -0.075800
15993  -0.074800
15994  -0.074300
15995  -0.075000
15996  -0.075600
15997  -0.075000
15998  -0.074600
15999  -0.074500
16000  -0.074600
16001  -0.074100
16002  -0.074400
16003  -0.074600
16004  -0.075500
16005  -0.075900
16006  -0.076700
16007  -0.077500
16008  -0.077500
16009  -0.077400
16010  -0.079300
16011  -0.080500
16012  -0.080800
16013  -0.081300
16014  -0.082100
16015  -0.082500
16016  -0.083400
16017  -0.084500
16018  -0.085500
16019  -0.086000
16020  -0.084900
16021  -0.084100
16022  -0.085000
16023  -0.084500
16024  -0.083800
16025  -0.083800
16026  -0.083900
16027  -0.083600
16028  -0.084000
16029  -0.084500
16030  -0.085100
16031  -0.085500
16032  -0.084700
16033  -0.084200
16034  -0.083200
16035  -0.083300
16036  -0.084100
16037  -0.084600
16038  -0.084700
16039  -0.085300
16040  -0.085800
16041  -0.085400
16042  -0.084300
16043  -0.084700
16044  -0.085200
16045  -0.084300
16046  -0.084000
16047  -0.083600
16048  -0.083600
16049  -0.082900
16050  -0.082500
16051  -0.083300
16052  -0.083600
16053  -0.082900
16054  -0.083000
16055  -0.083100
16056  -0.082800
16057  -0.083300
16058  -0.083000
16059  -0.081700
16060  -0.081400
16061  -0.080700
16062  -0.081000
16063  -0.081000
16064  -0.081400
16065  -0.081700
16066  -0.082200
16067  -0.083500
16068  -0.083400
16069  -0.084200
16070  -0.083200
16071  -0.083300
16072  -0.084100
16073  -0.083800
16074  -0.084600
16075  -0.085800
16076  -0.085900
16077  -0.085800
16078  -0.085400
16079  -0.085500
16080  -0.085700
16081  -0.084600
16082  -0.084900
16083  -0.085300
16084  -0.086100
16085  -0.085100
16086  -0.085200
16087  -0.085800
16088  -0.085200
16089  -0.086100
16090  -0.086600
16091  -0.087800
16092  -0.087800
16093  -0.088000
16094  -0.088200
16095  -0.087600
16096  -0.087200
16097  -0.087300
16098  -0.087600
16099  -0.087800
16100  -0.087700
16101  -0.086900
16102  -0.087200
16103  -0.087900
16104  -0.087400
16105  -0.086800
16106  -0.086000
16107  -0.084800
16108  -0.084600
16109  -0.083900
16110  -0.082900
16111  -0.082400
16112  -0.082900
16113  -0.081600
16114  -0.080800
16115  -0.081800
16116  -0.081800
16117  -0.081800
16118  -0.082000
16119  -0.081500
16120  -0.081500
16121  -0.081300
16122  -0.081500
16123  -0.081700
16124  -0.081500
16125  -0.080500
16126  -0.080500
16127  -0.080900
16128  -0.081300
16129  -0.081900
16130  -0.082400
16131  -0.080100
16132  -0.079800
16133  -0.079900
16134  -0.080000
16135  -0.080600
16136  -0.080300
16137  -0.079600
16138  -0.079700
16139  -0.079400
16140  -0.078200
16141  -0.079400
16142  -0.080600
16143  -0.081400
16144  -0.081600
16145  -0.080900
16146  -0.080100
16147  -0.079700
16148  -0.080200
16149  -0.080800
16150  -0.081100
16151  -0.081600
16152  -0.081200
16153  -0.080900
16154  -0.080100
16155  -0.080700
16156  -0.081000
16157  -0.080200
16158  -0.079900
16159  -0.081000
16160  -0.080600
16161  -0.082200
16162  -0.082700
16163  -0.081600
16164  -0.081400
16165  -0.080800
16166  -0.081900
16167  -0.082800
16168  -0.083800
16169  -0.082600
16170  -0.083000
16171  -0.083300
16172  -0.083100
16173  -0.084100
16174  -0.083600
16175  -0.084300
16176  -0.083900
16177  -0.083700
16178  -0.082400
16179  -0.081700
16180  -0.081100
16181  -0.081600
16182  -0.080200
16183  -0.081700
16184  -0.082700
16185  -0.083200
16186  -0.082300
16187  -0.081900
16188  -0.084000
16189  -0.084400
16190  -0.084800
16191  -0.084600
16192  -0.084100
16193  -0.083300
16194  -0.082100
16195  -0.082500
16196  -0.082000
16197  -0.081900
16198  -0.081800
16199  -0.082500
16200  -0.083100
16201  -0.082400
16202  -0.083300
16203  -0.084500
16204  -0.083600
16205  -0.083800
16206  -0.084100
16207  -0.083700
16208  -0.084500
16209  -0.084300
16210  -0.085100
16211  -0.084500
16212  -0.084200
16213  -0.084700
16214  -0.086000
16215  -0.085400
16216  -0.085300
16217  -0.085000
16218  -0.084300
16219  -0.086300
16220  -0.087700
16221  -0.087700
16222  -0.087100
16223  -0.085900
16224  -0.086100
16225  -0.086400
16226  -0.086500
16227  -0.086200
16228  -0.086800
16229  -0.087900
16230  -0.088100
16231  -0.088300
16232  -0.088600
16233  -0.087700
16234  -0.087800
16235  -0.089200
16236  -0.088800
16237  -0.088000
16238  -0.088100
16239  -0.088300
16240  -0.087400
16241  -0.087300
16242  -0.087400
16243  -0.086800
16244  -0.086000
16245  -0.086500
16246  -0.086900
16247  -0.087300
16248  -0.087100
16249  -0.086900
16250  -0.086500
16251  -0.085900
16252  -0.086300
16253  -0.086400
16254  -0.086000
16255  -0.085500
16256  -0.086400
16257  -0.086500
16258  -0.085500
16259  -0.084500
16260  -0.083600
16261  -0.083300
16262  -0.082700
16263  -0.082300
16264  -0.082800
16265  -0.082000
16266  -0.081600
16267  -0.081000
16268  -0.080900
16269  -0.079100
16270  -0.079500
16271  -0.078000
16272  -0.078200
16273  -0.077600
16274  -0.077300
16275  -0.076800
16276  -0.077200
16277  -0.077300
16278  -0.077400
16279  -0.078300
16280  -0.078300
16281  -0.078700
16282  -0.079000
16283  -0.079300
16284  -0.080100
16285  -0.081200
16286  -0.081400
16287  -0.081800
16288  -0.081800
16289  -0.081100
16290  -0.081700
16291  -0.081000
16292  -0.081500
16293  -0.080700
16294  -0.080600
16295  -0.080100
16296  -0.081100
16297  -0.081300
16298  -0.081700
16299  -0.083100
16300  -0.083600
16301  -0.083700
16302  -0.082800
16303  -0.084000
16304  -0.083100
16305  -0.083300
16306  -0.082800
16307  -0.081200
16308  -0.081300
16309  -0.080700
16310  -0.080800
16311  -0.080800
16312  -0.080600
16313  -0.080600
16314  -0.081200
16315  -0.081100
16316  -0.081500
16317  -0.081000
16318  -0.080400
16319  -0.080000
16320  -0.079700
16321  -0.079900
16322  -0.079900
16323  -0.080400
16324  -0.080600
16325  -0.081000
16326  -0.081600
16327  -0.080600
16328  -0.079600
16329  -0.080400
16330  -0.080400
16331  -0.079700
16332  -0.079100
16333  -0.078700
16334  -0.078600
16335  -0.078300
16336  -0.077600
16337  -0.077400
16338  -0.077100
16339  -0.077000
16340  -0.076700
16341  -0.076100
16342  -0.075200
16343  -0.075000
16344  -0.075300
16345  -0.074600
16346  -0.074300
16347  -0.074600
16348  -0.075400
16349  -0.075200
16350  -0.074600
16351  -0.074600
16352  -0.074800
16353  -0.075300
16354  -0.076200
16355  -0.075900
16356  -0.076400
16357  -0.077000
16358  -0.077100
16359  -0.076500
16360  -0.076900
16361  -0.077200
16362  -0.076900
16363  -0.078100
16364  -0.077600
16365  -0.077000
16366  -0.077000
16367  -0.077600
16368  -0.077200
16369  -0.077100
16370  -0.077000
16371  -0.076200
16372  -0.075200
16373  -0.075000
16374  -0.075100
16375  -0.074700
16376  -0.074300
16377  -0.073200
16378  -0.073000
16379  -0.072700
16380  -0.071300
16381  -0.073100
16382  -0.073100
16383  -0.073300
16384  -0.074100
16385  -0.074000
16386  -0.074200
16387  -0.074200
16388  -0.074100
16389  -0.074800
16390  -0.075300
16391  -0.074800
16392  -0.074900
16393  -0.075600
16394  -0.074100
16395  -0.073800
16396  -0.072200
16397  -0.072200
16398  -0.072900
16399  -0.072100
16400  -0.071800
16401  -0.070900
16402  -0.070700
16403  -0.070400
16404  -0.069400
16405  -0.070000
16406  -0.069700
16407  -0.070300
16408  -0.071700
16409  -0.072200
16410  -0.072300
16411  -0.071600
16412  -0.072800
16413  -0.072900
16414  -0.072400
16415  -0.073000
16416  -0.072500
16417  -0.071100
16418  -0.069900
16419  -0.070100
16420  -0.069200
16421  -0.069700
16422  -0.068800
16423  -0.069600
16424  -0.070700
16425  -0.070400
16426  -0.070000
16427  -0.069800
16428  -0.070500
16429  -0.070400
16430  -0.070600
16431  -0.070900
16432  -0.069600
16433  -0.069500
16434  -0.070400
16435  -0.070300
16436  -0.069700
16437  -0.071100
16438  -0.071000
16439  -0.072300
16440  -0.071200
16441  -0.072400
16442  -0.072900
16443  -0.073800
16444  -0.072900
16445  -0.072400
16446  -0.071600
16447  -0.071400
16448  -0.071900
16449  -0.071800
16450  -0.072200
16451  -0.072600
16452  -0.071900
16453  -0.070800
16454  -0.071200
16455  -0.072700
16456  -0.073200
16457  -0.072300
16458  -0.072700
16459  -0.075000
16460  -0.074500
16461  -0.074600
16462  -0.075900
16463  -0.074900
16464  -0.075000
16465  -0.074700
16466  -0.075100
16467  -0.075900
16468  -0.074800
16469  -0.074900
16470  -0.074000
16471  -0.074400
16472  -0.074900
16473  -0.075400
16474  -0.076200
16475  -0.076400
16476  -0.077000
16477  -0.077800
16478  -0.077100
16479  -0.076000
16480  -0.076100
16481  -0.076700
16482  -0.075400
16483  -0.075700
16484  -0.075500
16485  -0.077200
16486  -0.076100
16487  -0.075200
16488  -0.076100
16489  -0.076600
16490  -0.076200
16491  -0.076600
16492  -0.075400
16493  -0.075200
16494  -0.075600
16495  -0.075400
16496  -0.074400
16497  -0.073700
16498  -0.074100
16499  -0.074200
16500  -0.073400
16501  -0.072800
16502  -0.073400
16503  -0.073800
16504  -0.073200
16505  -0.074200
16506  -0.074100
16507  -0.073400
16508  -0.073900
16509  -0.072900
16510  -0.073800
16511  -0.073700
16512  -0.074600
16513  -0.074800
16514  -0.075200
16515  -0.074600
16516  -0.074100
16517  -0.072800
16518  -0.072800
16519  -0.072800
16520  -0.072700
16521  -0.073400
16522  -0.073400
16523  -0.073500
16524  -0.075200
16525  -0.076100
16526  -0.076800
16527  -0.076500
16528  -0.075600
16529  -0.074700
16530  -0.074000
16531  -0.073800
16532  -0.074900
16533  -0.074600
16534  -0.075000
16535  -0.075800
16536  -0.075800
16537  -0.076600
16538  -0.077500
16539  -0.078200
16540  -0.078300
16541  -0.077700
16542  -0.078600
16543  -0.079000
16544  -0.079000
16545  -0.079400
16546  -0.080200
16547  -0.080400
16548  -0.080100
16549  -0.080200
16550  -0.080600
16551  -0.080700
16552  -0.080800
16553  -0.079900
16554  -0.079600
16555  -0.080800
16556  -0.082000
16557  -0.082900
16558  -0.084500
16559  -0.084400
16560  -0.085500
16561  -0.087700
16562  -0.087900
16563  -0.087900
16564  -0.088400
16565  -0.090100
16566  -0.091600
16567  -0.091300
16568  -0.090500
16569  -0.089400
16570  -0.089400
16571  -0.089600
16572  -0.089200
16573  -0.088800
16574  -0.088000
16575  -0.088800
16576  -0.088600
16577  -0.088600
16578  -0.089200
16579  -0.088100
16580  -0.087900
16581  -0.087400
16582  -0.086700
16583  -0.086500
16584  -0.085800
16585  -0.085200
16586  -0.084300
16587  -0.084700
16588  -0.084300
16589  -0.084900
16590  -0.084900
16591  -0.085100
16592  -0.084900
16593  -0.084700
16594  -0.083000
16595  -0.083000
16596  -0.082300
16597  -0.082400
16598  -0.083400
16599  -0.084400
16600  -0.083200
16601  -0.082600
16602  -0.082900
16603  -0.082700
16604  -0.083300
16605  -0.082900
16606  -0.083700
16607  -0.082400
16608  -0.081800
16609  -0.081700
16610  -0.081500
16611  -0.080900
16612  -0.080100
16613  -0.081400
16614  -0.081800
16615  -0.081600
16616  -0.082800
16617  -0.082900
16618  -0.083200
16619  -0.083500
16620  -0.083900
16621  -0.084300
16622  -0.085100
16623  -0.085100
16624  -0.085600
16625  -0.086300
16626  -0.086800
16627  -0.086700
16628  -0.087600
16629  -0.086800
16630  -0.087000
16631  -0.087900
16632  -0.088100
16633  -0.088400
16634  -0.088700
16635  -0.089900
16636  -0.088900
16637  -0.088800
16638  -0.089900
16639  -0.090400
16640  -0.091100
16641  -0.091700
16642  -0.091900
16643  -0.091500
16644  -0.091300
16645  -0.091200
16646  -0.090600
16647  -0.090100
16648  -0.090700
16649  -0.090600
16650  -0.089300
16651  -0.089500
16652  -0.090300
16653  -0.090500
16654  -0.090500
16655  -0.090300
16656  -0.089400
16657  -0.088200
16658  -0.088600
16659  -0.089300
16660  -0.089600
16661  -0.090900
16662  -0.090500
16663  -0.091000
16664  -0.090900
16665  -0.090500
16666  -0.091600
16667  -0.092200
16668  -0.093200
16669  -0.094000
16670  -0.093100
16671  -0.093100
16672  -0.094000
16673  -0.094000
16674  -0.094700
16675  -0.095900
16676  -0.095300
16677  -0.094100
16678  -0.094600
16679  -0.093800
16680  -0.093500
16681  -0.093600
16682  -0.093100
16683  -0.093600
16684  -0.092700
16685  -0.093500
16686  -0.094300
16687  -0.093400
16688  -0.093900
16689  -0.094400
16690  -0.094800
16691  -0.094700
16692  -0.095200
16693  -0.094200
16694  -0.093500
16695  -0.093900
16696  -0.094500
16697  -0.095600
16698  -0.094900
16699  -0.094500
16700  -0.094000
16701  -0.093500
16702  -0.094100
16703  -0.093900
16704  -0.093900
16705  -0.093600
16706  -0.092900
16707  -0.093500
16708  -0.093500
16709  -0.093500
16710  -0.094300
16711  -0.093400
16712  -0.092900
16713  -0.093500
16714  -0.093200
16715  -0.092100
16716  -0.092900
16717  -0.093700
16718  -0.093400
16719  -0.093300
16720  -0.092300
16721  -0.092200
16722  -0.092800
16723  -0.092700
16724  -0.093400
16725  -0.094200
16726  -0.094200
16727  -0.093700
16728  -0.094400
16729  -0.094200
16730  -0.094600
16731  -0.094800
16732  -0.094700
16733  -0.095500
16734  -0.095800
16735  -0.095900
16736  -0.096400
16737  -0.097300
16738  -0.096800
16739  -0.096200
16740  -0.096000
16741  -0.096800
16742  -0.097600
16743  -0.096600
16744  -0.097100
16745  -0.096900
16746  -0.096300
16747  -0.096800
16748  -0.096700
16749  -0.097500
16750  -0.096900
16751  -0.096800
16752  -0.096100
16753  -0.095400
16754  -0.095700
16755  -0.096100
16756  -0.095400
16757  -0.096200
16758  -0.097300
16759  -0.096700
16760  -0.096200
16761  -0.096800
16762  -0.096000
16763  -0.096300
16764  -0.096700
16765  -0.095900
16766  -0.095900
16767  -0.095400
16768  -0.095200
16769  -0.095500
16770  -0.095600
16771  -0.094900
16772  -0.093700
16773  -0.094300
16774  -0.094200
16775  -0.093800
16776  -0.094000
16777  -0.093500
16778  -0.094600
16779  -0.096100
16780  -0.096700
16781  -0.096200
16782  -0.096800
16783  -0.097300
16784  -0.096400
16785  -0.096100
16786  -0.096700
16787  -0.097300
16788  -0.097900
16789  -0.097700
16790  -0.097800
16791  -0.098600
16792  -0.099000
16793  -0.098700
16794  -0.098600
16795  -0.098400
16796  -0.098300
16797  -0.098700
16798  -0.097500
16799  -0.098100
16800  -0.098600
16801  -0.098100
16802  -0.097900
16803  -0.096100
16804  -0.095500
16805  -0.094500
16806  -0.094700
16807  -0.094200
16808  -0.094500
16809  -0.095400
16810  -0.094800
16811  -0.095300
16812  -0.096700
16813  -0.096900
16814  -0.096900
16815  -0.097700
16816  -0.097000
16817  -0.097100
16818  -0.097400
16819  -0.097500
16820  -0.097900
16821  -0.098400
16822  -0.098600
16823  -0.098800
16824  -0.099400
16825  -0.099600
16826  -0.099900
16827  -0.099100
16828  -0.099700
16829  -0.100600
16830  -0.100500
16831  -0.101100
16832  -0.100500
16833  -0.100500
16834  -0.100700
16835  -0.100200
16836  -0.100200
16837  -0.099900
16838  -0.099200
16839  -0.100200
16840  -0.100000
16841  -0.099600
16842  -0.100500
16843  -0.099600
16844  -0.100100
16845  -0.101600
16846  -0.100400
16847  -0.100600
16848  -0.101000
16849  -0.100300
16850  -0.100100
16851  -0.100100
16852  -0.100200
16853  -0.100600
16854  -0.101200
16855  -0.100900
16856  -0.100400
16857  -0.099400
16858  -0.099000
16859  -0.099900
16860  -0.100500
16861  -0.099400
16862  -0.098500
16863  -0.097300
16864  -0.097900
16865  -0.098300
16866  -0.097900
16867  -0.098200
16868  -0.098800
16869  -0.097900
16870  -0.099100
16871  -0.097800
16872  -0.097400
16873  -0.098000
16874  -0.097900
16875  -0.096400
16876  -0.095500
16877  -0.095300
16878  -0.094900
16879  -0.094500
16880  -0.093700
16881  -0.092800
16882  -0.093100
16883  -0.092900
16884  -0.092900
16885  -0.093900
16886  -0.093900
16887  -0.094900
16888  -0.094400
16889  -0.093400
16890  -0.093100
16891  -0.093200
16892  -0.093300
16893  -0.093800
16894  -0.094700
16895  -0.093400
16896  -0.093000
16897  -0.093400
16898  -0.093600
16899  -0.093300
16900  -0.093500
16901  -0.093700
16902  -0.094400
16903  -0.095100
16904  -0.095200
16905  -0.094400
16906  -0.094200
16907  -0.094300
16908  -0.095300
16909  -0.095100
16910  -0.093800
16911  -0.092700
16912  -0.093500
16913  -0.093300
16914  -0.093500
16915  -0.092600
16916  -0.091000
16917  -0.090600
16918  -0.090600
16919  -0.091900
16920  -0.091800
16921  -0.091500
16922  -0.092300
16923  -0.092600
16924  -0.092100
16925  -0.091600
16926  -0.093100
16927  -0.092400
16928  -0.092300
16929  -0.092400
16930  -0.093000
16931  -0.092300
16932  -0.091700
16933  -0.091800
16934  -0.091300
16935  -0.091900
16936  -0.092600
16937  -0.093600
16938  -0.093700
16939  -0.093400
16940  -0.093000
16941  -0.091400
16942  -0.091800
16943  -0.092100
16944  -0.091500
16945  -0.091000
16946  -0.090500
16947  -0.091000
16948  -0.090900
16949  -0.090700
16950  -0.090700
16951  -0.090200
16952  -0.090600
16953  -0.090300
16954  -0.091000
16955  -0.090800
16956  -0.090900
16957  -0.091100
16958  -0.090400
16959  -0.091100
16960  -0.090500
16961  -0.090400
16962  -0.090700
16963  -0.090700
16964  -0.090900
16965  -0.091000
16966  -0.091100
16967  -0.091300
16968  -0.090300
16969  -0.089400
16970  -0.089100
16971  -0.088800
16972  -0.088400
16973  -0.087800
16974  -0.087500
16975  -0.088400
16976  -0.087800
16977  -0.087900
16978  -0.088500
16979  -0.088100
16980  -0.088800
16981  -0.089500
16982  -0.089800
16983  -0.089400
16984  -0.089700
16985  -0.089300
16986  -0.089800
16987  -0.089300
16988  -0.089800
16989  -0.088500
16990  -0.088800
16991  -0.088500
16992  -0.088500
16993  -0.088600
16994  -0.088600
16995  -0.088700
16996  -0.089300
16997  -0.089600
16998  -0.089800
16999  -0.090200
17000  -0.090400
17001  -0.090300
17002  -0.090500
17003  -0.089900
17004  -0.090300
17005  -0.089800
17006  -0.089800
17007  -0.088800
17008  -0.089000
17009  -0.088600
17010  -0.089600
17011  -0.089300
17012  -0.088600
17013  -0.088100
17014  -0.087400
17015  -0.088400
17016  -0.088300
17017  -0.089200
17018  -0.089500
17019  -0.090000
17020  -0.091000
17021  -0.092800
17022  -0.092200
17023  -0.091700
17024  -0.092000
17025  -0.092200
17026  -0.092700
17027  -0.092800
17028  -0.091700
17029  -0.091500
17030  -0.091900
17031  -0.091900
17032  -0.091800
17033  -0.091000
17034  -0.091500
17035  -0.092500
17036  -0.091000
17037  -0.090100
17038  -0.090200
17039  -0.089600
17040  -0.090200
17041  -0.089300
17042  -0.087900
17043  -0.088000
17044  -0.088200
17045  -0.088800
17046  -0.087600
17047  -0.088500
17048  -0.088500
17049  -0.088200
17050  -0.088600
17051  -0.088100
17052  -0.088800
17053  -0.088500
17054  -0.088600
17055  -0.089300
17056  -0.090000
17057  -0.089300
17058  -0.088500
17059  -0.088400
17060  -0.088300
17061  -0.088400
17062  -0.087600
17063  -0.087600
17064  -0.086600
17065  -0.085800
17066  -0.086000
17067  -0.086700
17068  -0.086000
17069  -0.087200
17070  -0.087000
17071  -0.087600
17072  -0.089100
17073  -0.089000
17074  -0.087000
17075  -0.087300
17076  -0.087100
17077  -0.088000
17078  -0.087400
17079  -0.087200
17080  -0.087900
17081  -0.087900
17082  -0.087700
17083  -0.086900
17084  -0.087400
17085  -0.088500
17086  -0.089000
17087  -0.089500
17088  -0.089900
17089  -0.089800
17090  -0.090000
17091  -0.090000
17092  -0.089700
17093  -0.089700
17094  -0.090300
17095  -0.089900
17096  -0.090000
17097  -0.089700
17098  -0.089300
17099  -0.089300
17100  -0.088700
17101  -0.088000
17102  -0.087500
17103  -0.086200
17104  -0.087000
17105  -0.087500
17106  -0.087000
17107  -0.088000
17108  -0.087800
17109  -0.087300
17110  -0.087500
17111  -0.088200
17112  -0.087500
17113  -0.086700
17114  -0.085600
17115  -0.084200
17116  -0.083100
17117  -0.081700
17118  -0.082300
17119  -0.082400
17120  -0.081900
17121  -0.082700
17122  -0.082900
17123  -0.082900
17124  -0.083100
17125  -0.082600
17126  -0.082500
17127  -0.081900
17128  -0.081500
17129  -0.082000
17130  -0.082200
17131  -0.082200
17132  -0.082200
17133  -0.082500
17134  -0.081600
17135  -0.081400
17136  -0.081100
17137  -0.081500
17138  -0.080900
17139  -0.079400
17140  -0.079300
17141  -0.080400
17142  -0.080300
17143  -0.080300
17144  -0.080900
17145  -0.081000
17146  -0.081400
17147  -0.081200
17148  -0.082200
17149  -0.083400
17150  -0.085300
17151  -0.084800
17152  -0.085400
17153  -0.085500
17154  -0.086400
17155  -0.086200
17156  -0.087100
17157  -0.087200
17158  -0.086000
17159  -0.085800
17160  -0.086300
17161  -0.087100
17162  -0.086900
17163  -0.085800
17164  -0.085700
17165  -0.085000
17166  -0.085700
17167  -0.084500
17168  -0.085400
17169  -0.084900
17170  -0.085000
17171  -0.084900
17172  -0.084200
17173  -0.083500
17174  -0.083700
17175  -0.082600
17176  -0.083100
17177  -0.082200
17178  -0.081800
17179  -0.081800
17180  -0.081500
17181  -0.082500
17182  -0.083300
17183  -0.083000
17184  -0.083800
17185  -0.084800
17186  -0.085300
17187  -0.086300
17188  -0.084400
17189  -0.085000
17190  -0.085300
17191  -0.086000
17192  -0.084400
17193  -0.085000
17194  -0.084900
17195  -0.085800
17196  -0.086500
17197  -0.086400
17198  -0.085100
17199  -0.084000
17200  -0.084000
17201  -0.083900
17202  -0.084500
17203  -0.084800
17204  -0.085600
17205  -0.085400
17206  -0.086300
17207  -0.085200
17208  -0.085500
17209  -0.085400
17210  -0.085800
17211  -0.086300
17212  -0.086500
17213  -0.087000
17214  -0.087400
17215  -0.087700
17216  -0.087200
17217  -0.085800
17218  -0.085000
17219  -0.085500
17220  -0.086400
17221  -0.087600
17222  -0.086700
17223  -0.085500
17224  -0.085700
17225  -0.086000
17226  -0.085800
17227  -0.086200
17228  -0.085500
17229  -0.084900
17230  -0.084400
17231  -0.084200
17232  -0.084100
17233  -0.084200
17234  -0.083400
17235  -0.084800
17236  -0.085600
17237  -0.086300
17238  -0.086500
17239  -0.086300
17240  -0.086800
17241  -0.087200
17242  -0.086800
17243  -0.086000
17244  -0.086000
17245  -0.087500
17246  -0.087800
17247  -0.088700
17248  -0.088200
17249  -0.087000
17250  -0.087200
17251  -0.086300
17252  -0.085800
17253  -0.086800
17254  -0.088300
17255  -0.088500
17256  -0.088700
17257  -0.089000
17258  -0.090100
17259  -0.090100
17260  -0.088800
17261  -0.089200
17262  -0.089000
17263  -0.088400
17264  -0.089300
17265  -0.089300
17266  -0.090000
17267  -0.089900
17268  -0.090300
17269  -0.089700
17270  -0.089000
17271  -0.087400
17272  -0.088000
17273  -0.087700
17274  -0.087700
17275  -0.088500
17276  -0.088200
17277  -0.086600
17278  -0.086100
17279  -0.086300
17280  -0.085900
17281  -0.085200
17282  -0.085600
17283  -0.085600
17284  -0.085400
17285  -0.086600
17286  -0.085600
17287  -0.084800
17288  -0.085400
17289  -0.085100
17290  -0.086200
17291  -0.086300
17292  -0.085700
17293  -0.086200
17294  -0.085600
17295  -0.085600
17296  -0.085100
17297  -0.085400
17298  -0.084900
17299  -0.086300
17300  -0.086000
17301  -0.086600
17302  -0.086000
17303  -0.086000
17304  -0.085000
17305  -0.085000
17306  -0.085600
17307  -0.085700
17308  -0.086800
17309  -0.086300
17310  -0.085400
17311  -0.086700
17312  -0.086700
17313  -0.085600
17314  -0.085600
17315  -0.086200
17316  -0.085800
17317  -0.086400
17318  -0.085300
17319  -0.084600
17320  -0.084200
17321  -0.084000
17322  -0.083600
17323  -0.083100
17324  -0.083400
17325  -0.082500
17326  -0.082000
17327  -0.080800
17328  -0.081600
17329  -0.081200
17330  -0.082000
17331  -0.081800
17332  -0.081000
17333  -0.081400
17334  -0.081200
17335  -0.081200
17336  -0.080900
17337  -0.080000
17338  -0.080200
17339  -0.079700
17340  -0.078800
17341  -0.077900
17342  -0.078400
17343  -0.078200
17344  -0.078400
17345  -0.078200
17346  -0.077900
17347  -0.078500
17348  -0.079300
17349  -0.079800
17350  -0.078200
17351  -0.078400
17352  -0.078700
17353  -0.079400
17354  -0.078800
17355  -0.078400
17356  -0.077500
17357  -0.077900
17358  -0.078200
17359  -0.077200
17360  -0.077900
17361  -0.078100
17362  -0.079700
17363  -0.079800
17364  -0.080500
17365  -0.080500
17366  -0.080800
17367  -0.080300
17368  -0.080600
17369  -0.079600
17370  -0.078900
17371  -0.079200
17372  -0.079000
17373  -0.078500
17374  -0.078100
17375  -0.077900
17376  -0.076800
17377  -0.076900
17378  -0.077100
17379  -0.076500
17380  -0.076000
17381  -0.076400
17382  -0.076700
17383  -0.077200
17384  -0.078100
17385  -0.076800
17386  -0.078100
17387  -0.079200
17388  -0.078000
17389  -0.079100
17390  -0.080000
17391  -0.080900
17392  -0.079200
17393  -0.079100
17394  -0.078100
17395  -0.078000
17396  -0.078800
17397  -0.077500
17398  -0.078400
17399  -0.079300
17400  -0.079200
17401  -0.079100
17402  -0.078100
17403  -0.078400
17404  -0.078500
17405  -0.079100
17406  -0.078900
17407  -0.079400
17408  -0.079300
17409  -0.079800
17410  -0.079200
17411  -0.079600
17412  -0.080100
17413  -0.079400
17414  -0.078900
17415  -0.078800
17416  -0.078400
17417  -0.078000
17418  -0.077600
17419  -0.077700
17420  -0.077700
17421  -0.078700
17422  -0.078700
17423  -0.077300
17424  -0.076900
17425  -0.077600
17426  -0.078200
17427  -0.078000
17428  -0.077900
17429  -0.077400
17430  -0.076000
17431  -0.076400
17432  -0.076900
17433  -0.076300
17434  -0.076900
17435  -0.076700
17436  -0.076500
17437  -0.076500
17438  -0.078200
17439  -0.077000
17440  -0.077600
17441  -0.077600
17442  -0.077600
17443  -0.078900
17444  -0.078500
17445  -0.077800
17446  -0.076300
17447  -0.076700
17448  -0.075600
17449  -0.074700
17450  -0.075100
17451  -0.076100
17452  -0.075600
17453  -0.075700
17454  -0.075600
17455  -0.076000
17456  -0.077000
17457  -0.076700
17458  -0.077600
17459  -0.077600
17460  -0.077700
17461  -0.078900
17462  -0.079500
17463  -0.080100
17464  -0.079800
17465  -0.079500
17466  -0.080200
17467  -0.080200
17468  -0.080100
17469  -0.080300
17470  -0.080700
17471  -0.080500
17472  -0.079700
17473  -0.079200
17474  -0.080600
17475  -0.080500
17476  -0.080400
17477  -0.079300
17478  -0.079100
17479  -0.080700
17480  -0.081000
17481  -0.081100
17482  -0.081700
17483  -0.081700
17484  -0.081900
17485  -0.080800
17486  -0.081300
17487  -0.080800
17488  -0.081300
17489  -0.080900
17490  -0.081700
17491  -0.081000
17492  -0.080800
17493  -0.079800
17494  -0.080300
17495  -0.079900
17496  -0.079400
17497  -0.078600
17498  -0.078500
17499  -0.077700
17500  -0.077800
17501  -0.078200
17502  -0.077100
17503  -0.075600
17504  -0.075500
17505  -0.074600
17506  -0.074700
17507  -0.074700
17508  -0.074000
17509  -0.074200
17510  -0.075400
17511  -0.076500
17512  -0.075700
17513  -0.075800
17514  -0.075800
17515  -0.075700
17516  -0.075300
17517  -0.075000
17518  -0.076500
17519  -0.077000
17520  -0.076300
17521  -0.075800
17522  -0.076200
17523  -0.076800
17524  -0.076800
17525  -0.078400
17526  -0.078900
17527  -0.078600
17528  -0.079000
17529  -0.078500
17530  -0.079400
17531  -0.079200
17532  -0.078200
17533  -0.078800
17534  -0.078000
17535  -0.077800
17536  -0.077100
17537  -0.078400
17538  -0.078100
17539  -0.076900
17540  -0.076700
17541  -0.077300
17542  -0.077700
17543  -0.077400
17544  -0.077200
17545  -0.076400
17546  -0.077200
17547  -0.077600
17548  -0.078700
17549  -0.078700
17550  -0.079100
17551  -0.079300
17552  -0.078900
17553  -0.079500
17554  -0.079200
17555  -0.080000
17556  -0.080100
17557  -0.079400
17558  -0.079800
17559  -0.079000
17560  -0.078400
17561  -0.078400
17562  -0.078200
17563  -0.077000
17564  -0.076600
17565  -0.075300
17566  -0.076000
17567  -0.076600
17568  -0.077000
17569  -0.077100
17570  -0.076900
17571  -0.076600
17572  -0.076700
17573  -0.076500
17574  -0.077800
17575  -0.077500
17576  -0.077100
17577  -0.077600
17578  -0.078300
17579  -0.077600
17580  -0.077700
17581  -0.077300
17582  -0.076700
17583  -0.076500
17584  -0.076300
17585  -0.075400
17586  -0.075900
17587  -0.076300
17588  -0.076700
17589  -0.077400
17590  -0.077300
17591  -0.077600
17592  -0.077100
17593  -0.078600
17594  -0.077600
17595  -0.077600
17596  -0.076900
17597  -0.076400
17598  -0.076100
17599  -0.076200
17600  -0.076500
17601  -0.076900
17602  -0.078100
17603  -0.077900
17604  -0.079000
17605  -0.078400
17606  -0.078600
17607  -0.078700
17608  -0.078900
17609  -0.079100
17610  -0.079300
17611  -0.079300
17612  -0.078700
17613  -0.079200
17614  -0.080200
17615  -0.080000
17616  -0.079400
17617  -0.080400
17618  -0.081200
17619  -0.081900
17620  -0.081400
17621  -0.082300
17622  -0.082600
17623  -0.082200
17624  -0.082400
17625  -0.082200
17626  -0.081900
17627  -0.082200
17628  -0.081500
17629  -0.080300
17630  -0.080200
17631  -0.080500
17632  -0.081100
17633  -0.080700
17634  -0.080500
17635  -0.079700
17636  -0.080000
17637  -0.080600
17638  -0.080400
17639  -0.079100
17640  -0.079000
17641  -0.079200
17642  -0.078100
17643  -0.078200
17644  -0.078400
17645  -0.078900
17646  -0.079500
17647  -0.080100
17648  -0.079800
17649  -0.080000
17650  -0.079900
17651  -0.080700
17652  -0.080400
17653  -0.080700
17654  -0.080100
17655  -0.079100
17656  -0.078400
17657  -0.079300
17658  -0.079700
17659  -0.079300
17660  -0.079500
17661  -0.080100
17662  -0.079800
17663  -0.079600
17664  -0.080200
17665  -0.080900
17666  -0.080200
17667  -0.080400
17668  -0.080800
17669  -0.081500
17670  -0.081600
17671  -0.082500
17672  -0.081900
17673  -0.081800
17674  -0.083100
17675  -0.082200
17676  -0.082200
17677  -0.082500
17678  -0.082400
17679  -0.083000
17680  -0.083000
17681  -0.083800
17682  -0.084200
17683  -0.083500
17684  -0.083900
17685  -0.084000
17686  -0.083500
17687  -0.083200
17688  -0.082100
17689  -0.082000
17690  -0.082300
17691  -0.082000
17692  -0.083200
17693  -0.083200
17694  -0.084200
17695  -0.084200
17696  -0.083300
17697  -0.082700
17698  -0.083200
17699  -0.081700
17700  -0.081400
17701  -0.081000
17702  -0.080100
17703  -0.079000
17704  -0.078700
17705  -0.079200
17706  -0.080400
17707  -0.081000
17708  -0.080900
17709  -0.080500
17710  -0.080800
17711  -0.080900
17712  -0.081500
17713  -0.081500
17714  -0.080600
17715  -0.079400
17716  -0.078400
17717  -0.078500
17718  -0.078100
17719  -0.078600
17720  -0.079800
17721  -0.079500
17722  -0.078800
17723  -0.080400
17724  -0.078900
17725  -0.078200
17726  -0.078300
17727  -0.077700
17728  -0.078400
17729  -0.077800
17730  -0.077900
17731  -0.077600
17732  -0.077900
17733  -0.078300
17734  -0.077800
17735  -0.078000
17736  -0.078000
17737  -0.078800
17738  -0.080300
17739  -0.080300
17740  -0.078800
17741  -0.079200
17742  -0.079700
17743  -0.078900
17744  -0.078200
17745  -0.077700
17746  -0.077600
17747  -0.077900
17748  -0.078100
17749  -0.078300
17750  -0.077200
17751  -0.077800
17752  -0.077100
17753  -0.076400
17754  -0.076600
17755  -0.077200
17756  -0.077200
17757  -0.077800
17758  -0.078800
17759  -0.079500
17760  -0.079400
17761  -0.079800
17762  -0.080000
17763  -0.080500
17764  -0.080900
17765  -0.081000
17766  -0.081700
17767  -0.082200
17768  -0.081900
17769  -0.081700
17770  -0.082500
17771  -0.083200
17772  -0.084300
17773  -0.084500
17774  -0.082700
17775  -0.083300
17776  -0.082700
17777  -0.083400
17778  -0.082300
17779  -0.082600
17780  -0.081200
17781  -0.081200
17782  -0.080500
17783  -0.079600
17784  -0.079500
17785  -0.079000
17786  -0.079500
17787  -0.078500
17788  -0.078400
17789  -0.078600
17790  -0.079000
17791  -0.078100
17792  -0.079200
17793  -0.081200
17794  -0.080900
17795  -0.080900
17796  -0.081700
17797  -0.080900
17798  -0.080000
17799  -0.078600
17800  -0.078100
17801  -0.077400
17802  -0.078300
17803  -0.078900
17804  -0.078800
17805  -0.077700
17806  -0.077500
17807  -0.076500
17808  -0.077300
17809  -0.076900
17810  -0.076700
17811  -0.076900
17812  -0.077000
17813  -0.077300
17814  -0.077200
17815  -0.077500
17816  -0.077900
17817  -0.078300
17818  -0.076600
17819  -0.077700
17820  -0.078900
17821  -0.077700
17822  -0.076400
17823  -0.077000
17824  -0.076800
17825  -0.077100
17826  -0.077100
17827  -0.077900
17828  -0.077900
17829  -0.078600
17830  -0.079100
17831  -0.078300
17832  -0.079500
17833  -0.079500
17834  -0.080000
17835  -0.078900
17836  -0.079000
17837  -0.078200
17838  -0.078600
17839  -0.078900
17840  -0.078200
17841  -0.078900
17842  -0.079600
17843  -0.080100
17844  -0.081100
17845  -0.079200
17846  -0.079300
17847  -0.079600
17848  -0.078800
17849  -0.078500
17850  -0.078500
17851  -0.077900
17852  -0.078100
17853  -0.078700
17854  -0.078000
17855  -0.078100
17856  -0.078400
17857  -0.079500
17858  -0.080200
17859  -0.079400
17860  -0.078800
17861  -0.079700
17862  -0.081000
17863  -0.081600
17864  -0.081300
17865  -0.081700
17866  -0.081100
17867  -0.080600
17868  -0.081500
17869  -0.080900
17870  -0.080200
17871  -0.079100
17872  -0.079500
17873  -0.079700
17874  -0.080100
17875  -0.081100
17876  -0.080500
17877  -0.081400
17878  -0.081700
17879  -0.082000
17880  -0.082000
17881  -0.081600
17882  -0.081100
17883  -0.080900
17884  -0.080100
17885  -0.081000
17886  -0.081100
17887  -0.080800
17888  -0.081100
17889  -0.080800
17890  -0.080500
17891  -0.079600
17892  -0.080200
17893  -0.079400
17894  -0.078900
17895  -0.079600
17896  -0.079000
17897  -0.080400
17898  -0.081300
17899  -0.081300
17900  -0.081800
17901  -0.081800
17902  -0.081600
17903  -0.082900
17904  -0.082900
17905  -0.083500
17906  -0.083100
17907  -0.083700
17908  -0.083300
17909  -0.083300
17910  -0.083500
17911  -0.083300
17912  -0.082800
17913  -0.082900
17914  -0.083200
17915  -0.083800
17916  -0.083800
17917  -0.083800
17918  -0.083800
17919  -0.083700
17920  -0.083200
17921  -0.082400
17922  -0.082600
17923  -0.082900
17924  -0.084100
17925  -0.085200
17926  -0.085100
17927  -0.085100
17928  -0.084700
17929  -0.083700
17930  -0.084200
17931  -0.084400
17932  -0.084600
17933  -0.085100
17934  -0.085300
17935  -0.085700
17936  -0.084500
17937  -0.084700
17938  -0.084100
17939  -0.085200
17940  -0.085100
17941  -0.084800
17942  -0.085000
17943  -0.084500
17944  -0.085800
17945  -0.085600
17946  -0.084700
17947  -0.085000
17948  -0.084300
17949  -0.085700
17950  -0.084800
17951  -0.084600
17952  -0.083900
17953  -0.084100
17954  -0.083200
17955  -0.084200
17956  -0.083800
17957  -0.083700
17958  -0.084100
17959  -0.083900
17960  -0.083700
17961  -0.083700
17962  -0.083800
17963  -0.083600
17964  -0.084700
17965  -0.086000
17966  -0.085700
17967  -0.086500
17968  -0.086000
17969  -0.086200
17970  -0.086500
17971  -0.087700
17972  -0.087800
17973  -0.088800
17974  -0.088900
17975  -0.089400
17976  -0.088900
17977  -0.088700
17978  -0.089600
17979  -0.090800
17980  -0.090600
17981  -0.090000
17982  -0.090400
17983  -0.089700
17984  -0.090600
17985  -0.091600
17986  -0.092000
17987  -0.090300
17988  -0.090900
17989  -0.089300
17990  -0.088300
17991  -0.088200
17992  -0.088200
17993  -0.088300
17994  -0.089000
17995  -0.088900
17996  -0.089200
17997  -0.088500
17998  -0.089700
17999  -0.087400
18000  -0.087700
18001  -0.086800
18002  -0.088200
18003  -0.088000
18004  -0.088100
18005  -0.087500
18006  -0.087200
18007  -0.086800
18008  -0.086000
18009  -0.086600
18010  -0.087900
18011  -0.088200
18012  -0.088600
18013  -0.089100
18014  -0.088700
18015  -0.088600
18016  -0.089300
18017  -0.089400
18018  -0.090400
18019  -0.089800
18020  -0.089300
18021  -0.089600
18022  -0.088600
18023  -0.087700
18024  -0.088100
18025  -0.090000
18026  -0.090300
18027  -0.091500
18028  -0.091200
18029  -0.091400
18030  -0.091300
18031  -0.091100
18032  -0.092300
18033  -0.092300
18034  -0.092000
18035  -0.092100
18036  -0.090700
18037  -0.090800
18038  -0.091500
18039  -0.091600
18040  -0.091300
18041  -0.091000
18042  -0.090900
18043  -0.090600
18044  -0.090000
18045  -0.090700
18046  -0.090300
18047  -0.090200
18048  -0.089800
18049  -0.089400
18050  -0.089000
18051  -0.088500
18052  -0.087900
18053  -0.087300
18054  -0.088500
18055  -0.088100
18056  -0.088000
18057  -0.088700
18058  -0.089200
18059  -0.088500
18060  -0.088400
18061  -0.088300
18062  -0.086700
18063  -0.085600
18064  -0.085900
18065  -0.085400
18066  -0.085300
18067  -0.084000
18068  -0.085700
18069  -0.085700
18070  -0.085800
18071  -0.084700
18072  -0.085700
18073  -0.086000
18074  -0.087500
18075  -0.087900
18076  -0.088700
18077  -0.088200
18078  -0.087300
18079  -0.085800
18080  -0.086100
18081  -0.085800
18082  -0.086500
18083  -0.085700
18084  -0.085000
18085  -0.085200
18086  -0.086000
18087  -0.086400
18088  -0.087000
18089  -0.087800
18090  -0.087100
18091  -0.086900
18092  -0.086600
18093  -0.086100
18094  -0.086200
18095  -0.085700
18096  -0.085900
18097  -0.085300
18098  -0.084700
18099  -0.085700
18100  -0.085900
18101  -0.084800
18102  -0.084000
18103  -0.083700
18104  -0.084100
18105  -0.084400
18106  -0.084700
18107  -0.084300
18108  -0.084400
18109  -0.084800
18110  -0.085000
18111  -0.084000
18112  -0.084400
18113  -0.085700
18114  -0.085500
18115  -0.084600
18116  -0.085100
18117  -0.085600
18118  -0.086000
18119  -0.085700
18120  -0.085500
18121  -0.085900
18122  -0.086600
18123  -0.086400
18124  -0.086300
18125  -0.087300
18126  -0.087700
18127  -0.087500
18128  -0.087600
18129  -0.087400
18130  -0.087500
18131  -0.087400
18132  -0.087400
18133  -0.088100
18134  -0.087800
18135  -0.087800
18136  -0.088800
18137  -0.088900
18138  -0.089000
18139  -0.088300
18140  -0.088200
18141  -0.087700
18142  -0.088500
18143  -0.088100
18144  -0.088200
18145  -0.087900
18146  -0.089200
18147  -0.089000
18148  -0.089500
18149  -0.089800
18150  -0.088400
18151  -0.087700
18152  -0.087700
18153  -0.088000
18154  -0.087600
18155  -0.090200
18156  -0.091500
18157  -0.092000
18158  -0.092800
18159  -0.094300
18160  -0.093900
18161  -0.093900
18162  -0.093900
18163  -0.094900
18164  -0.095200
18165  -0.095400
18166  -0.094200
18167  -0.095300
18168  -0.094700
18169  -0.094600
18170  -0.095200
18171  -0.094900
18172  -0.094000
18173  -0.094600
18174  -0.095400
18175  -0.096000
18176  -0.096100
18177  -0.095500
18178  -0.095400
18179  -0.095300
18180  -0.096200
18181  -0.096100
18182  -0.096200
18183  -0.094500
18184  -0.094600
18185  -0.095400
18186  -0.095500
18187  -0.096400
18188  -0.096400
18189  -0.096600
18190  -0.097500
18191  -0.097900
18192  -0.097600
18193  -0.096700
18194  -0.096900
18195  -0.097500
18196  -0.097100
18197  -0.097800
18198  -0.097200
18199  -0.096700
18200  -0.095700
18201  -0.095700
18202  -0.095400
18203  -0.096300
18204  -0.095000
18205  -0.095600
18206  -0.096200
18207  -0.096500
18208  -0.095400
18209  -0.096500
18210  -0.096200
18211  -0.095300
18212  -0.096100
18213  -0.096800
18214  -0.096000
18215  -0.096200
18216  -0.096400
18217  -0.096500
18218  -0.096200
18219  -0.096500
18220  -0.096200
18221  -0.096700
18222  -0.095200
18223  -0.095100
18224  -0.094500
18225  -0.093800
18226  -0.093500
18227  -0.093500
18228  -0.092700
18229  -0.092900
18230  -0.092700
18231  -0.093000
18232  -0.094700
18233  -0.093400
18234  -0.092900
18235  -0.092200
18236  -0.092300
18237  -0.093600
18238  -0.093000
18239  -0.092600
18240  -0.091800
18241  -0.091000
18242  -0.091600
18243  -0.091400
18244  -0.090700
18245  -0.091600
18246  -0.091600
18247  -0.092000
18248  -0.093300
18249  -0.092800
18250  -0.093000
18251  -0.092700
18252  -0.090400
18253  -0.091100
18254  -0.091200
18255  -0.090800
18256  -0.090800
18257  -0.089600
18258  -0.090400
18259  -0.090600
18260  -0.090300
18261  -0.089800
18262  -0.089600
18263  -0.090100
18264  -0.090900
18265  -0.091600
18266  -0.092100
18267  -0.092400
18268  -0.092400
18269  -0.093100
18270  -0.092100
18271  -0.091300
18272  -0.092000
18273  -0.091700
18274  -0.091800
18275  -0.092500
18276  -0.091700
18277  -0.091200
18278  -0.090600
18279  -0.090600
18280  -0.089400
18281  -0.091000
18282  -0.090700
18283  -0.092000
18284  -0.092500
18285  -0.092800
18286  -0.092700
18287  -0.091000
18288  -0.090100
18289  -0.089500
18290  -0.089900
18291  -0.090200
18292  -0.089300
18293  -0.089000
18294  -0.087800
18295  -0.088900
18296  -0.088600
18297  -0.088600
18298  -0.087400
18299  -0.087500
18300  -0.087000
18301  -0.086500
18302  -0.085200
18303  -0.084300
18304  -0.083200
18305  -0.083000
18306  -0.083000
18307  -0.082800
18308  -0.083500
18309  -0.084200
18310  -0.084200
18311  -0.086200
18312  -0.084600
18313  -0.085800
18314  -0.085700
18315  -0.085300
18316  -0.084600
18317  -0.084100
18318  -0.084800
18319  -0.085700
18320  -0.085800
18321  -0.085300
18322  -0.086300
18323  -0.086300
18324  -0.086100
18325  -0.086400
18326  -0.086200
18327  -0.086000
18328  -0.086800
18329  -0.087300
18330  -0.087900
18331  -0.087600
18332  -0.088800
18333  -0.089000
18334  -0.089900
18335  -0.090400
18336  -0.090900
18337  -0.091300
18338  -0.091200
18339  -0.091300
18340  -0.092400
18341  -0.092200
18342  -0.093500
18343  -0.093200
18344  -0.093100
18345  -0.092500
18346  -0.090800
18347  -0.091600
18348  -0.091600
18349  -0.091400
18350  -0.090900
18351  -0.090500
18352  -0.089500
18353  -0.088900
18354  -0.088900
18355  -0.088900
18356  -0.088800
18357  -0.089300
18358  -0.089500
18359  -0.089600
18360  -0.090100
18361  -0.089300
18362  -0.089700
18363  -0.088100
18364  -0.088100
18365  -0.087600
18366  -0.086500
18367  -0.087300
18368  -0.087000
18369  -0.085600
18370  -0.085000
18371  -0.083700
18372  -0.084100
18373  -0.083000
18374  -0.082100
18375  -0.082500
18376  -0.081400
18377  -0.081000
18378  -0.080000
18379  -0.078900
18380  -0.078600
18381  -0.078000
18382  -0.077800
18383  -0.078800
18384  -0.079600
18385  -0.079600
18386  -0.079300
18387  -0.078400
18388  -0.077100
18389  -0.076000
18390  -0.075500
18391  -0.075600
18392  -0.074300
18393  -0.074800
18394  -0.075200
18395  -0.075200
18396  -0.074400
18397  -0.074800
18398  -0.074100
18399  -0.074500
18400  -0.074500
18401  -0.073900
18402  -0.073100
18403  -0.072200
18404  -0.071700
18405  -0.072600
18406  -0.071300
18407  -0.070800
18408  -0.071500
18409  -0.071300
18410  -0.071800
18411  -0.072000
18412  -0.071700
18413  -0.070800
18414  -0.070700
18415  -0.070900
18416  -0.069900
18417  -0.069400
18418  -0.069300
18419  -0.069600
18420  -0.069800
18421  -0.069100
18422  -0.069200
18423  -0.069600
18424  -0.070200
18425  -0.069900
18426  -0.069800
18427  -0.069500
18428  -0.070000
18429  -0.070800
18430  -0.070600
18431  -0.070600
18432  -0.070700
18433  -0.070200
18434  -0.070300
18435  -0.070500
18436  -0.070400
18437  -0.071200
18438  -0.071800
18439  -0.071800
18440  -0.071500
18441  -0.071000
18442  -0.071200
18443  -0.070500
18444  -0.070400
18445  -0.070400
18446  -0.070500
18447  -0.070400
18448  -0.069600
18449  -0.070200
18450  -0.068700
18451  -0.067700
18452  -0.067100
18453  -0.066900
18454  -0.066600
18455  -0.067300
18456  -0.067000
18457  -0.068000
18458  -0.066900
18459  -0.065900
18460  -0.066400
18461  -0.065400
18462  -0.065600
18463  -0.065200
18464  -0.066100
18465  -0.067500
18466  -0.066600
18467  -0.067400
18468  -0.066300
18469  -0.065500
18470  -0.066600
18471  -0.066800
18472  -0.067300
18473  -0.068100
18474  -0.069100
18475  -0.069700
18476  -0.069700
18477  -0.069100
18478  -0.070100
18479  -0.069500
18480  -0.069000
18481  -0.070200
18482  -0.070700
18483  -0.071100
18484  -0.069900
18485  -0.069800
18486  -0.070300
18487  -0.070600
18488  -0.071500
18489  -0.071800
18490  -0.071200
18491  -0.072600
18492  -0.073100
18493  -0.071900
18494  -0.072800
18495  -0.071500
18496  -0.072000
18497  -0.073400
18498  -0.073700
18499  -0.073400
18500  -0.073300
18501  -0.073700
18502  -0.073400
18503  -0.072800
18504  -0.073700
18505  -0.073800
18506  -0.074100
18507  -0.073200
18508  -0.073600
18509  -0.072700
18510  -0.072200
18511  -0.073900
18512  -0.074800
18513  -0.074300
18514  -0.074500
18515  -0.073500
18516  -0.073700
18517  -0.074500
18518  -0.075300
18519  -0.075200
18520  -0.076200
18521  -0.077700
18522  -0.078100
18523  -0.077000
18524  -0.078200
18525  -0.079100
18526  -0.079300
18527  -0.078700
18528  -0.078600
18529  -0.078900
18530  -0.078500
18531  -0.079100
18532  -0.078200
18533  -0.078800
18534  -0.078800
18535  -0.078600
18536  -0.078500
18537  -0.079000
18538  -0.079800
18539  -0.078700
18540  -0.077400
18541  -0.078200
18542  -0.077800
18543  -0.077800
18544  -0.078800
18545  -0.077700
18546  -0.078700
18547  -0.078200
18548  -0.079100
18549  -0.078200
18550  -0.077900
18551  -0.078500
18552  -0.078000
18553  -0.078400
18554  -0.079200
18555  -0.077900
18556  -0.077300
18557  -0.078100
18558  -0.079400
18559  -0.078400
18560  -0.079100
18561  -0.079000
18562  -0.078900
18563  -0.078300
18564  -0.078300
18565  -0.078600
18566  -0.079400
18567  -0.079700
18568  -0.080100
18569  -0.081300
18570  -0.081400
18571  -0.082000
18572  -0.083100
18573  -0.083000
18574  -0.083000
18575  -0.082700
18576  -0.082700
18577  -0.081300
18578  -0.081800
18579  -0.081100
18580  -0.081400
18581  -0.080800
18582  -0.080700
18583  -0.081600
18584  -0.081600
18585  -0.081800
18586  -0.081600
18587  -0.082600
18588  -0.082800
18589  -0.082600
18590  -0.082500
18591  -0.082800
18592  -0.083000
18593  -0.083000
18594  -0.084200
18595  -0.084800
18596  -0.084700
18597  -0.084200
18598  -0.084400
18599  -0.085400
18600  -0.085800
18601  -0.085900
18602  -0.086800
18603  -0.087800
18604  -0.088000
18605  -0.087800
18606  -0.088300
18607  -0.088600
18608  -0.088200
18609  -0.088400
18610  -0.087600
18611  -0.088900
18612  -0.088400
18613  -0.088100
18614  -0.088900
18615  -0.089200
18616  -0.089000
18617  -0.089300
18618  -0.090900
18619  -0.090900
18620  -0.092000
18621  -0.091700
18622  -0.091400
18623  -0.090000
18624  -0.089900
18625  -0.089900
18626  -0.089100
18627  -0.088800
18628  -0.088400
18629  -0.088500
18630  -0.089100
18631  -0.089600
18632  -0.089000
18633  -0.088400
18634  -0.088100
18635  -0.086600
18636  -0.085800
18637  -0.085500
18638  -0.086400
18639  -0.086700
18640  -0.086900
18641  -0.086500
18642  -0.086200
18643  -0.085500
18644  -0.083600
18645  -0.083200
18646  -0.082800
18647  -0.084400
18648  -0.085600
18649  -0.086300
18650  -0.085700
18651  -0.084400
18652  -0.083900
18653  -0.083300
18654  -0.082700
18655  -0.082200
18656  -0.082200
18657  -0.081900
18658  -0.082500
18659  -0.082700
18660  -0.083700
18661  -0.082800
18662  -0.082000
18663  -0.081600
18664  -0.082400
18665  -0.081800
18666  -0.082200
18667  -0.083900
18668  -0.084200
18669  -0.083700
18670  -0.083500
18671  -0.082900
18672  -0.082500
18673  -0.082300
18674  -0.082700
18675  -0.083100
18676  -0.083300
18677  -0.083300
18678  -0.083700
18679  -0.084200
18680  -0.083200
18681  -0.083100
18682  -0.083200
18683  -0.082800
18684  -0.082400
18685  -0.082000
18686  -0.083100
18687  -0.082800
18688  -0.082400
18689  -0.083300
18690  -0.083600
18691  -0.082900
18692  -0.083000
18693  -0.081700
18694  -0.080500
18695  -0.080700
18696  -0.079200
18697  -0.079700
18698  -0.079900
18699  -0.078800
18700  -0.078500
18701  -0.077600
18702  -0.078000
18703  -0.077400
18704  -0.077500
18705  -0.077700
18706  -0.079300
18707  -0.079200
18708  -0.079500
18709  -0.079600
18710  -0.079900
18711  -0.079500
18712  -0.079700
18713  -0.079400
18714  -0.079600
18715  -0.080000
18716  -0.081100
18717  -0.082200
18718  -0.082300
18719  -0.082400
18720  -0.083400
18721  -0.082700
18722  -0.083100
18723  -0.082700
18724  -0.083200
18725  -0.082100
18726  -0.082800
18727  -0.081800
18728  -0.082700
18729  -0.083000
18730  -0.082700
18731  -0.083400
18732  -0.082700
18733  -0.083500
18734  -0.083500
18735  -0.083700
18736  -0.082900
18737  -0.083500
18738  -0.083400
18739  -0.083500
18740  -0.083000
18741  -0.082700
18742  -0.081000
18743  -0.081500
18744  -0.082100
18745  -0.082400
18746  -0.082100
18747  -0.081900
18748  -0.081500
18749  -0.081700
18750  -0.081600
18751  -0.081200
18752  -0.081300
18753  -0.080900
18754  -0.080500
18755  -0.080700
18756  -0.080800
18757  -0.080900
18758  -0.081000
18759  -0.082700
18760  -0.082300
18761  -0.082300
18762  -0.082400
18763  -0.081500
18764  -0.080100
18765  -0.080000
18766  -0.079800
18767  -0.080300
18768  -0.081000
18769  -0.081000
18770  -0.080900
18771  -0.081400
18772  -0.080900
18773  -0.080700
18774  -0.081000
18775  -0.081200
18776  -0.082900
18777  -0.081500
18778  -0.080600
18779  -0.082000
18780  -0.081900
18781  -0.081200
18782  -0.081200
18783  -0.081300
18784  -0.081100
18785  -0.081400
18786  -0.082000
18787  -0.082100
18788  -0.082100
18789  -0.082200
18790  -0.082300
18791  -0.081400
18792  -0.081600
18793  -0.081500
18794  -0.080600
18795  -0.080300
18796  -0.079900
18797  -0.080000
18798  -0.079200
18799  -0.079700
18800  -0.080200
18801  -0.080000
18802  -0.081300
18803  -0.081600
18804  -0.081200
18805  -0.081500
18806  -0.081600
18807  -0.081300
18808  -0.081000
18809  -0.080800
18810  -0.080200
18811  -0.080100
18812  -0.081100
18813  -0.081400
18814  -0.080400
18815  -0.080700
18816  -0.081200
18817  -0.079500
18818  -0.078200
18819  -0.078900
18820  -0.078800
18821  -0.078700
18822  -0.079000
18823  -0.080000
18824  -0.080400
18825  -0.079900
18826  -0.081000
18827  -0.080200
18828  -0.080200
18829  -0.079800
18830  -0.080600
18831  -0.080000
18832  -0.081000
18833  -0.079900
18834  -0.079400
18835  -0.079800
18836  -0.080000
18837  -0.081200
18838  -0.080500
18839  -0.081500
18840  -0.082000
18841  -0.082600
18842  -0.082100
18843  -0.081200
18844  -0.083000
18845  -0.083200
18846  -0.083400
18847  -0.084100
18848  -0.083200
18849  -0.083400
18850  -0.082600
18851  -0.082400
18852  -0.082200
18853  -0.080100
18854  -0.078900
18855  -0.078800
18856  -0.078600
18857  -0.079300
18858  -0.078500
18859  -0.077800
18860  -0.077700
18861  -0.078500
18862  -0.078900
18863  -0.078700
18864  -0.078900
18865  -0.079100
18866  -0.078100
18867  -0.077200
18868  -0.077700
18869  -0.076900
18870  -0.076600
18871  -0.077400
18872  -0.077500
18873  -0.076400
18874  -0.076500
18875  -0.077000
18876  -0.076500
18877  -0.077000
18878  -0.077200
18879  -0.076600
18880  -0.075800
18881  -0.076000
18882  -0.074900
18883  -0.075500
18884  -0.076400
18885  -0.076500
18886  -0.076800
18887  -0.076000
18888  -0.076400
18889  -0.076100
18890  -0.076500
18891  -0.076900
18892  -0.076400
18893  -0.076500
18894  -0.076200
18895  -0.076600
18896  -0.077600
18897  -0.076900
18898  -0.077900
18899  -0.077200
18900  -0.077300
18901  -0.076600
18902  -0.077200
18903  -0.077100
18904  -0.077300
18905  -0.077800
18906  -0.078100
18907  -0.078900
18908  -0.079700
18909  -0.080700
18910  -0.080200
18911  -0.079700
18912  -0.079500
18913  -0.079500
18914  -0.079400
18915  -0.080200
18916  -0.079800
18917  -0.081200
18918  -0.081900
18919  -0.080600
18920  -0.080100
18921  -0.079600
18922  -0.080100
18923  -0.079600
18924  -0.080100
18925  -0.080300
18926  -0.080200
18927  -0.079800
18928  -0.080300
18929  -0.080000
18930  -0.080300
18931  -0.080300
18932  -0.080900
18933  -0.081400
18934  -0.081200
18935  -0.081400
18936  -0.081700
18937  -0.082100
18938  -0.081800
18939  -0.083100
18940  -0.082000
18941  -0.082000
18942  -0.083300
18943  -0.083200
18944  -0.083100
18945  -0.084100
18946  -0.083500
18947  -0.083800
18948  -0.083000
18949  -0.083400
18950  -0.083100
18951  -0.083700
18952  -0.082300
18953  -0.084200
18954  -0.084200
18955  -0.083600
18956  -0.083300
18957  -0.085100
18958  -0.083200
18959  -0.082800
18960  -0.081600
18961  -0.081400
18962  -0.082400
18963  -0.083100
18964  -0.082600
18965  -0.081900
18966  -0.081600
18967  -0.082000
18968  -0.081800
18969  -0.081200
18970  -0.082000
18971  -0.082500
18972  -0.082500
18973  -0.082400
18974  -0.082500
18975  -0.081800
18976  -0.081900
18977  -0.081100
18978  -0.081400
18979  -0.081900
18980  -0.082400
18981  -0.083100
18982  -0.083900
18983  -0.082900
18984  -0.083800
18985  -0.083600
18986  -0.084400
18987  -0.083800
18988  -0.083900
18989  -0.084500
18990  -0.083500
18991  -0.084600
18992  -0.084400
18993  -0.084400
18994  -0.084200
18995  -0.085400
18996  -0.085700
18997  -0.086200
18998  -0.084800
18999  -0.084300
19000  -0.083400
19001  -0.085200
19002  -0.084900
19003  -0.084800
19004  -0.083500
19005  -0.082600
19006  -0.082700
19007  -0.082000
19008  -0.081600
19009  -0.080600
19010  -0.080400
19011  -0.080400
19012  -0.080500
19013  -0.080700
19014  -0.080100
19015  -0.080400
19016  -0.080000
19017  -0.080600
19018  -0.081500
19019  -0.079900
19020  -0.079900
19021  -0.080000
19022  -0.079900
19023  -0.079800
19024  -0.079300
19025  -0.079400
19026  -0.078400
19027  -0.079500
19028  -0.079700
19029  -0.080300
19030  -0.082000
19031  -0.082700
19032  -0.082900
19033  -0.082900
19034  -0.082800
19035  -0.083100
19036  -0.083100
19037  -0.083100
19038  -0.081800
19039  -0.081900
19040  -0.081700
19041  -0.082300
19042  -0.081900
19043  -0.082200
19044  -0.082300
19045  -0.083800
19046  -0.084100
19047  -0.083900
19048  -0.084700
19049  -0.084000
19050  -0.085000
19051  -0.085200
19052  -0.086400
19053  -0.085900
19054  -0.087200
19055  -0.087600
19056  -0.087500
19057  -0.087400
19058  -0.087700
19059  -0.087200
19060  -0.087500
19061  -0.086600
19062  -0.085700
19063  -0.084300
19064  -0.083600
19065  -0.084100
19066  -0.084200
19067  -0.083000
19068  -0.083200
19069  -0.082900
19070  -0.084600
19071  -0.084700
19072  -0.084500
19073  -0.084400
19074  -0.084600
19075  -0.084700
19076  -0.084600
19077  -0.084600
19078  -0.083500
19079  -0.083300
19080  -0.084800
19081  -0.086500
19082  -0.086500
19083  -0.087200
19084  -0.087200
19085  -0.086400
19086  -0.085000
19087  -0.085200
19088  -0.084300
19089  -0.083900
19090  -0.083400
19091  -0.084000
19092  -0.083200
19093  -0.083300
19094  -0.083700
19095  -0.083600
19096  -0.083300
19097  -0.083500
19098  -0.082400
19099  -0.081100
19100  -0.081200
19101  -0.082700
19102  -0.082800
19103  -0.083500
19104  -0.081600
19105  -0.080800
19106  -0.081100
19107  -0.081600
19108  -0.080900
19109  -0.080800
19110  -0.081200
19111  -0.081200
19112  -0.080200
19113  -0.079600
19114  -0.079000
19115  -0.079200
19116  -0.078800
19117  -0.079000
19118  -0.078600
19119  -0.078900
19120  -0.079100
19121  -0.079300
19122  -0.078300
19123  -0.079100
19124  -0.080700
19125  -0.080300
19126  -0.080300
19127  -0.079100
19128  -0.079100
19129  -0.077600
19130  -0.076900
19131  -0.077000
19132  -0.076800
19133  -0.076100
19134  -0.074600
19135  -0.073200
19136  -0.073300
19137  -0.073800
19138  -0.073600
19139  -0.073900
19140  -0.073500
19141  -0.072500
19142  -0.073100
19143  -0.073600
19144  -0.072400
19145  -0.072900
19146  -0.071700
19147  -0.071400
19148  -0.072000
19149  -0.071200
19150  -0.071700
19151  -0.072400
19152  -0.072500
19153  -0.074100
19154  -0.073300
19155  -0.073100
19156  -0.072700
19157  -0.073200
19158  -0.072200
19159  -0.072800
19160  -0.073000
19161  -0.071400
19162  -0.069600
19163  -0.070400
19164  -0.070200
19165  -0.069000
19166  -0.069200
19167  -0.070500
19168  -0.071000
19169  -0.070900
19170  -0.070500
19171  -0.068500
19172  -0.067800
19173  -0.067500
19174  -0.068200
19175  -0.069200
19176  -0.068500
19177  -0.067400
19178  -0.067200
19179  -0.067100
19180  -0.067100
19181  -0.066500
19182  -0.066600
19183  -0.067300
19184  -0.067400
19185  -0.065700
19186  -0.064900
19187  -0.065700
19188  -0.065500
19189  -0.065100
19190  -0.064300
19191  -0.065900
19192  -0.067000
19193  -0.067000
19194  -0.067100
19195  -0.067800
19196  -0.067000
19197  -0.066700
19198  -0.066500
19199  -0.067400
19200  -0.067900
19201  -0.067500
19202  -0.067700
19203  -0.067400
19204  -0.066300
19205  -0.065400
19206  -0.066600
19207  -0.065100
19208  -0.066300
19209  -0.065400
19210  -0.066100
19211  -0.066900
19212  -0.067200
19213  -0.067000
19214  -0.066300
19215  -0.064400
19216  -0.063300
19217  -0.063100
19218  -0.062800
19219  -0.063400
19220  -0.061500
19221  -0.061600
19222  -0.061800
19223  -0.061300
19224  -0.061800
19225  -0.062100
19226  -0.061200
19227  -0.061100
19228  -0.061500
19229  -0.061400
19230  -0.061400
19231  -0.061800
19232  -0.060900
19233  -0.060700
19234  -0.060900
19235  -0.059900
19236  -0.059500
19237  -0.059600
19238  -0.059500
19239  -0.060100
19240  -0.060200
19241  -0.060300
19242  -0.059400
19243  -0.060400
19244  -0.060300
19245  -0.059500
19246  -0.057700
19247  -0.058500
19248  -0.059400
19249  -0.058500
19250  -0.057400
19251  -0.058300
19252  -0.058300
19253  -0.058400
19254  -0.057700
19255  -0.057800
19256  -0.057600
19257  -0.056800
19258  -0.056300
19259  -0.054900
19260  -0.055500
19261  -0.054500
19262  -0.054600
19263  -0.054600
19264  -0.054200
19265  -0.053700
19266  -0.053100
19267  -0.053600
19268  -0.054300
19269  -0.053800
19270  -0.054300
19271  -0.054500
19272  -0.054900
19273  -0.054600
19274  -0.056400
19275  -0.056400
19276  -0.055700
19277  -0.056000
19278  -0.054600
19279  -0.054000
19280  -0.054700
19281  -0.053500
19282  -0.053000
19283  -0.052200
19284  -0.052300
19285  -0.051600
19286  -0.051800
19287  -0.052000
19288  -0.051800
19289  -0.050400
19290  -0.049900
19291  -0.051300
19292  -0.053600
19293  -0.053800
19294  -0.053400
19295  -0.052800
19296  -0.052600
19297  -0.052600
19298  -0.052300
19299  -0.052500
19300  -0.052200
19301  -0.052300
19302  -0.051600
19303  -0.052000
19304  -0.052100
19305  -0.052200
19306  -0.051000
19307  -0.049800
19308  -0.049800
19309  -0.050400
19310  -0.049700
19311  -0.050600
19312  -0.051200
19313  -0.051200
19314  -0.051300
19315  -0.051600
19316  -0.051400
19317  -0.051800
19318  -0.051700
19319  -0.051900
19320  -0.051000
19321  -0.050300
19322  -0.050500
19323  -0.050400
19324  -0.050700
19325  -0.050700
19326  -0.049900
19327  -0.049600
19328  -0.049600
19329  -0.049200
19330  -0.050100
19331  -0.050600
19332  -0.051700
19333  -0.052500
19334  -0.053600
19335  -0.054300
19336  -0.055200
19337  -0.055100
19338  -0.054400
19339  -0.053900
19340  -0.052600
19341  -0.052600
19342  -0.052800
19343  -0.052500
19344  -0.052400
19345  -0.052100
19346  -0.052600
19347  -0.052400
19348  -0.053700
19349  -0.053600
19350  -0.053400
19351  -0.052100
19352  -0.052400
19353  -0.052400
19354  -0.053300
19355  -0.053700
19356  -0.053800
19357  -0.053000
19358  -0.052800
19359  -0.053500
19360  -0.053600
19361  -0.053900
19362  -0.053300
19363  -0.053600
19364  -0.053800
19365  -0.054200
19366  -0.055400
19367  -0.054700
19368  -0.055100
19369  -0.056100
19370  -0.055300
19371  -0.055800
19372  -0.055200
19373  -0.055800
19374  -0.057100
19375  -0.057100
19376  -0.058200
19377  -0.058300
19378  -0.059000
19379  -0.058000
19380  -0.058300
19381  -0.058000
19382  -0.057200
19383  -0.058600
19384  -0.057700
19385  -0.056600
19386  -0.057600
19387  -0.057100
19388  -0.057000
19389  -0.057400
19390  -0.057400
19391  -0.056500
19392  -0.055400
19393  -0.058100
19394  -0.058000
19395  -0.058600
19396  -0.059400
19397  -0.058600
19398  -0.058700
19399  -0.057200
19400  -0.058500
19401  -0.058500
19402  -0.058400
19403  -0.059500
19404  -0.059900
19405  -0.060200
19406  -0.060800
19407  -0.061100
19408  -0.060400
19409  -0.060100
19410  -0.059100
19411  -0.059400
19412  -0.058700
19413  -0.059200
19414  -0.060800
19415  -0.061100
19416  -0.060700
19417  -0.061100
19418  -0.060400
19419  -0.060700
19420  -0.061100
19421  -0.061100
19422  -0.060800
19423  -0.060900
19424  -0.060300
19425  -0.060200
19426  -0.059500
19427  -0.059800
19428  -0.059600
19429  -0.059100
19430  -0.058800
19431  -0.059400
19432  -0.060100
19433  -0.059400
19434  -0.060200
19435  -0.059500
19436  -0.058600
19437  -0.057500
19438  -0.057100
19439  -0.057500
19440  -0.057300
19441  -0.058100
19442  -0.057400
19443  -0.058500
19444  -0.058700
19445  -0.059300
19446  -0.059200
19447  -0.059900
19448  -0.060300
19449  -0.060500
19450  -0.061500
19451  -0.060600
19452  -0.060000
19453  -0.060300
19454  -0.060800
19455  -0.061200
19456  -0.060500
19457  -0.059100
19458  -0.057800
19459  -0.058400
19460  -0.057900
19461  -0.057700
19462  -0.058300
19463  -0.059100
19464  -0.058900
19465  -0.058500
19466  -0.058000
19467  -0.058400
19468  -0.058300
19469  -0.059300
19470  -0.059400
19471  -0.058500
19472  -0.058800
19473  -0.058900
19474  -0.058800
19475  -0.059900
19476  -0.059700
19477  -0.059600
19478  -0.059900
19479  -0.059400
19480  -0.058900
19481  -0.059000
19482  -0.058800
19483  -0.058600
19484  -0.058200
19485  -0.057700
19486  -0.057500
19487  -0.057600
19488  -0.058500
19489  -0.058800
19490  -0.059100
19491  -0.058600
19492  -0.058300
19493  -0.057200
19494  -0.057000
19495  -0.058100
19496  -0.058000
19497  -0.058700
19498  -0.059400
19499  -0.059700
19500  -0.059600
19501  -0.059900
19502  -0.059000
19503  -0.059600
19504  -0.060100
19505  -0.059800
19506  -0.060300
19507  -0.059600
19508  -0.058000
19509  -0.056600
19510  -0.056000
19511  -0.055500
19512  -0.055400
19513  -0.054700
19514  -0.055000
19515  -0.054600
19516  -0.054700
19517  -0.054400
19518  -0.055000
19519  -0.054700
19520  -0.054400
19521  -0.054400
19522  -0.054200
19523  -0.054200
19524  -0.054200
19525  -0.053500
19526  -0.053500
19527  -0.053600
19528  -0.053300
19529  -0.053200
19530  -0.053500
19531  -0.053400
19532  -0.053100
19533  -0.052600
19534  -0.052300
19535  -0.052600
19536  -0.052900
19537  -0.053700
19538  -0.053800
19539  -0.052200
19540  -0.051900
19541  -0.052500
19542  -0.051600
19543  -0.050800
19544  -0.050800
19545  -0.051400
19546  -0.050700
19547  -0.050100
19548  -0.049200
19549  -0.047900
19550  -0.048200
19551  -0.047200
19552  -0.047500
19553  -0.046400
19554  -0.047300
19555  -0.047500
19556  -0.047200
19557  -0.047300
19558  -0.047700
19559  -0.047600
19560  -0.048600
19561  -0.048700
19562  -0.047200
19563  -0.046900
19564  -0.046700
19565  -0.047100
19566  -0.046900
19567  -0.046300
19568  -0.044600
19569  -0.045000
19570  -0.044800
19571  -0.044900
19572  -0.044600
19573  -0.044400
19574  -0.044100
19575  -0.044600
19576  -0.043100
19577  -0.043000
19578  -0.042600
19579  -0.043600
19580  -0.044000
19581  -0.043900
19582  -0.044800
19583  -0.044000
19584  -0.044800
19585  -0.044000
19586  -0.043300
19587  -0.043000
19588  -0.044200
19589  -0.044600
19590  -0.043800
19591  -0.044300
19592  -0.044700
19593  -0.044100
19594  -0.045100
19595  -0.045700
19596  -0.045600
19597  -0.044900
19598  -0.044300
19599  -0.043500
19600  -0.043000
19601  -0.043300
19602  -0.043000
19603  -0.043400
19604  -0.043900
19605  -0.042800
19606  -0.041800
19607  -0.041900
19608  -0.042700
19609  -0.042300
19610  -0.042800
19611  -0.043500
19612  -0.044200
19613  -0.044300
19614  -0.044300
19615  -0.044100
19616  -0.044000
19617  -0.044200
19618  -0.044700
19619  -0.043600
19620  -0.043300
19621  -0.042900
19622  -0.044500
19623  -0.045000
19624  -0.046500
19625  -0.047100
19626  -0.047500
19627  -0.047100
19628  -0.047300
19629  -0.046800
19630  -0.047300
19631  -0.046700
19632  -0.046700
19633  -0.046000
19634  -0.046400
19635  -0.046800
19636  -0.046500
19637  -0.046000
19638  -0.045600
19639  -0.045100
19640  -0.044600
19641  -0.044100
19642  -0.044300
19643  -0.044000
19644  -0.043600
19645  -0.045100
19646  -0.046000
19647  -0.047000
19648  -0.046900
19649  -0.046200
19650  -0.046700
19651  -0.046500
19652  -0.046700
19653  -0.046500
19654  -0.045000
19655  -0.045500
19656  -0.045500
19657  -0.045200
19658  -0.045000
19659  -0.045800
19660  -0.045400
19661  -0.045200
19662  -0.045600
19663  -0.046500
19664  -0.047300
19665  -0.047400
19666  -0.049100
19667  -0.049300
19668  -0.049100
19669  -0.049400
19670  -0.048400
19671  -0.048600
19672  -0.047800
19673  -0.048400
19674  -0.048000
19675  -0.047700
19676  -0.048700
19677  -0.048400
19678  -0.047100
19679  -0.047000
19680  -0.046500
19681  -0.046500
19682  -0.044400
19683  -0.044000
19684  -0.043400
19685  -0.044500
19686  -0.045100
19687  -0.046100
19688  -0.045300
19689  -0.045600
19690  -0.045500
19691  -0.045100
19692  -0.046000
19693  -0.046600
19694  -0.046800
19695  -0.046900
19696  -0.046500
19697  -0.046700
19698  -0.046800
19699  -0.045700
19700  -0.045800
19701  -0.046300
19702  -0.046300
19703  -0.047300
19704  -0.046900
19705  -0.045700
19706  -0.046200
19707  -0.046500
19708  -0.047300
19709  -0.047400
19710  -0.047200
19711  -0.048000
19712  -0.048800
19713  -0.048900
19714  -0.050000
19715  -0.049900
19716  -0.049500
19717  -0.049700
19718  -0.049400
19719  -0.048900
19720  -0.049100
19721  -0.048700
19722  -0.048300
19723  -0.049200
19724  -0.048700
19725  -0.047300
19726  -0.046000
19727  -0.046700
19728  -0.047400
19729  -0.046900
19730  -0.045500
19731  -0.046000
19732  -0.045600
19733  -0.046900
19734  -0.048100
19735  -0.047900
19736  -0.047700
19737  -0.046900
19738  -0.047200
19739  -0.046700
19740  -0.047200
19741  -0.047000
19742  -0.046800
19743  -0.046200
19744  -0.046300
19745  -0.046900
19746  -0.046200
19747  -0.047700
19748  -0.048600
19749  -0.049300
19750  -0.050000
19751  -0.050300
19752  -0.049400
19753  -0.050200
19754  -0.050600
19755  -0.051900
19756  -0.052500
19757  -0.050600
19758  -0.050300
19759  -0.051200
19760  -0.050400
19761  -0.051300
19762  -0.053400
19763  -0.053500
19764  -0.053600
19765  -0.054500
19766  -0.054200
19767  -0.054400
19768  -0.053400
19769  -0.052800
19770  -0.051900
19771  -0.051300
19772  -0.051000
19773  -0.051200
19774  -0.050600
19775  -0.050400
19776  -0.050500
19777  -0.051100
19778  -0.052000
19779  -0.052700
19780  -0.053900
19781  -0.053100
19782  -0.053700
19783  -0.054500
19784  -0.054100
19785  -0.054600
19786  -0.054400
19787  -0.054600
19788  -0.053900
19789  -0.054100
19790  -0.053200
19791  -0.052000
19792  -0.052200
19793  -0.052800
19794  -0.051900
19795  -0.052000
19796  -0.052700
19797  -0.052100
19798  -0.052200
19799  -0.051800
19800  -0.051700
19801  -0.051600
19802  -0.052600
19803  -0.052000
19804  -0.052900
19805  -0.052800
19806  -0.052100
19807  -0.053000
19808  -0.054100
19809  -0.053100
19810  -0.053900
19811  -0.053500
19812  -0.053100
19813  -0.052400
19814  -0.052400
19815  -0.051900
19816  -0.052600
19817  -0.052400
19818  -0.051100
19819  -0.050300
19820  -0.049800
19821  -0.049800
19822  -0.049800
19823  -0.050000
19824  -0.050100
19825  -0.049700
19826  -0.049800
19827  -0.049900
19828  -0.050400
19829  -0.050300
19830  -0.049500
19831  -0.050100
19832  -0.050600
19833  -0.050900
19834  -0.050700
19835  -0.052300
19836  -0.052300
19837  -0.052000
19838  -0.051400
19839  -0.051500
19840  -0.051200
19841  -0.050700
19842  -0.050700
19843  -0.051000
19844  -0.050100
19845  -0.050900
19846  -0.050600
19847  -0.050800
19848  -0.050600
19849  -0.050600
19850  -0.050600
19851  -0.051200
19852  -0.051900
19853  -0.052300
19854  -0.051600
19855  -0.051500
19856  -0.051100
19857  -0.051800
19858  -0.051200
19859  -0.050900
19860  -0.051600
19861  -0.050300
19862  -0.049300
19863  -0.048500
19864  -0.049400
19865  -0.049100
19866  -0.049600
19867  -0.050100
19868  -0.051100
19869  -0.051100
19870  -0.051500
19871  -0.051400
19872  -0.051900
19873  -0.052800
19874  -0.052300
19875  -0.052100
19876  -0.052500
19877  -0.051900
19878  -0.051200
19879  -0.049400
19880  -0.047900
19881  -0.047300
19882  -0.046900
19883  -0.046400
19884  -0.045400
19885  -0.044600
19886  -0.044600
19887  -0.044700
19888  -0.044300
19889  -0.044800
19890  -0.045000
19891  -0.045900
19892  -0.045600
19893  -0.045300
19894  -0.043600
19895  -0.043500
19896  -0.044000
19897  -0.044400
19898  -0.044500
19899  -0.045500
19900  -0.046400
19901  -0.046000
19902  -0.046100
19903  -0.045800
19904  -0.045100
19905  -0.045400
19906  -0.046000
19907  -0.045700
19908  -0.045800
19909  -0.045000
19910  -0.045400
19911  -0.045600
19912  -0.047100
19913  -0.047800
19914  -0.047700
19915  -0.047700
19916  -0.046100
19917  -0.047200
19918  -0.045600
19919  -0.046800
19920  -0.046700
19921  -0.046300
19922  -0.045900
19923  -0.046700
19924  -0.046100
19925  -0.046900
19926  -0.048200
19927  -0.047500
19928  -0.047400
19929  -0.046300
19930  -0.046400
19931  -0.045600
19932  -0.045300
19933  -0.044200
19934  -0.044100
19935  -0.044500
19936  -0.044600
19937  -0.044900
19938  -0.044900
19939  -0.045000
19940  -0.043900
19941  -0.042800
19942  -0.042200
19943  -0.043900
19944  -0.044500
19945  -0.044000
19946  -0.043600
19947  -0.043700
19948  -0.043500
19949  -0.044500
19950  -0.044900
19951  -0.044700
19952  -0.044300
19953  -0.043400
19954  -0.043200
19955  -0.044200
19956  -0.044100
19957  -0.044600
19958  -0.043200
19959  -0.042300
19960  -0.042300
19961  -0.041400
19962  -0.040100
19963  -0.040300
19964  -0.040600
19965  -0.041000
19966  -0.041000
19967  -0.040600
19968  -0.040200
19969  -0.040200
19970  -0.040200
19971  -0.039900
19972  -0.040400
19973  -0.040300
19974  -0.041200
19975  -0.041300
19976  -0.042200
19977  -0.042600
19978  -0.042700
19979  -0.043200
19980  -0.043000
19981  -0.043800
19982  -0.044800
19983  -0.044800
19984  -0.044000
19985  -0.044900
19986  -0.044800
19987  -0.045100
19988  -0.044700
19989  -0.043400
19990  -0.043800
19991  -0.044400
19992  -0.043800
19993  -0.044700
19994  -0.044600
19995  -0.044000
19996  -0.044400
19997  -0.044300
19998  -0.044500
19999  -0.044700
20000  -0.045200
20001  -0.046000
20002  -0.047000
20003  -0.045900
20004  -0.046400
20005  -0.047200
20006  -0.048100
20007  -0.048300
20008  -0.048100
20009  -0.046600
20010  -0.046200
20011  -0.045700
20012  -0.047100
20013  -0.047700
20014  -0.048400
20015  -0.047200
20016  -0.046900
20017  -0.046900
20018  -0.047200
20019  -0.046300
20020  -0.045900
20021  -0.046100
20022  -0.045400
20023  -0.044700
20024  -0.045200
20025  -0.044200
20026  -0.044300
20027  -0.042900
20028  -0.041000
20029  -0.039200
20030  -0.038600
20031  -0.039100
20032  -0.038200
20033  -0.038400
20034  -0.038900
20035  -0.039700
20036  -0.039500
20037  -0.040200
20038  -0.039200
20039  -0.039500
20040  -0.040000
20041  -0.040800
20042  -0.040100
20043  -0.040900
20044  -0.041800
20045  -0.042200
20046  -0.041500
20047  -0.041900
20048  -0.042700
20049  -0.042100
20050  -0.044000
20051  -0.044100
20052  -0.044800
20053  -0.045400
20054  -0.044400
20055  -0.044800
20056  -0.044200
20057  -0.043900
20058  -0.044000
20059  -0.044400
20060  -0.044300
20061  -0.044600
20062  -0.044800
20063  -0.044400
20064  -0.044800
20065  -0.045100
20066  -0.045200
20067  -0.045100
20068  -0.043900
20069  -0.043700
20070  -0.044200
20071  -0.044400
20072  -0.044100
20073  -0.043100
20074  -0.043100
20075  -0.043500
20076  -0.044500
20077  -0.044400
20078  -0.044800
20079  -0.044800
20080  -0.045000
20081  -0.044200
20082  -0.044200
20083  -0.044000
20084  -0.043400
20085  -0.043600
20086  -0.043500
20087  -0.043500
20088  -0.043700
20089  -0.043200
20090  -0.043200
20091  -0.044100
20092  -0.044200
20093  -0.043700
20094  -0.043500
20095  -0.044000
20096  -0.044900
20097  -0.044500
20098  -0.044100
20099  -0.043800
20100  -0.044100
20101  -0.043700
20102  -0.043300
20103  -0.043100
20104  -0.042800
20105  -0.043600
20106  -0.044300
20107  -0.044700
20108  -0.044200
20109  -0.043500
20110  -0.041800
20111  -0.041500
20112  -0.040600
20113  -0.040900
20114  -0.040600
20115  -0.040600
20116  -0.040400
20117  -0.041100
20118  -0.041700
20119  -0.043500
20120  -0.042600
20121  -0.042100
20122  -0.041700
20123  -0.042200
20124  -0.041800
20125  -0.042800
20126  -0.041800
20127  -0.042200
20128  -0.042700
20129  -0.043200
20130  -0.043200
20131  -0.044000
20132  -0.045300
20133  -0.044700
20134  -0.043900
20135  -0.044400
20136  -0.044800
20137  -0.044900
20138  -0.044500
20139  -0.045200
20140  -0.045300
20141  -0.044500
20142  -0.045100
20143  -0.044900
20144  -0.044900
20145  -0.044300
20146  -0.045000
20147  -0.045800
20148  -0.045500
20149  -0.045000
20150  -0.044900
20151  -0.046100
20152  -0.045100
20153  -0.044800
20154  -0.045100
20155  -0.043400
20156  -0.042900
20157  -0.043100
20158  -0.042100
20159  -0.042800
20160  -0.042900
20161  -0.043400
20162  -0.041800
20163  -0.041400
20164  -0.042000
20165  -0.041800
20166  -0.040200
20167  -0.040300
20168  -0.041000
20169  -0.039700
20170  -0.039900
20171  -0.039500
20172  -0.039700
20173  -0.038900
20174  -0.039300
20175  -0.038900
20176  -0.038600
20177  -0.038000
20178  -0.038100
20179  -0.037700
20180  -0.037200
20181  -0.038100
20182  -0.038700
20183  -0.039500
20184  -0.040500
20185  -0.041500
20186  -0.041700
20187  -0.041000
20188  -0.041800
20189  -0.041700
20190  -0.042400
20191  -0.042100
20192  -0.041400
20193  -0.040600
20194  -0.039900
20195  -0.039600
20196  -0.039300
20197  -0.039600
20198  -0.041000
20199  -0.040900
20200  -0.040200
20201  -0.040000
20202  -0.040600
20203  -0.040700
20204  -0.040600
20205  -0.039800
20206  -0.040100
20207  -0.040600
20208  -0.040600
20209  -0.040700
20210  -0.040500
20211  -0.040000
20212  -0.040300
20213  -0.040000
20214  -0.039900
20215  -0.039400
20216  -0.039500
20217  -0.040200
20218  -0.040100
20219  -0.038700
20220  -0.039200
20221  -0.039700
20222  -0.038700
20223  -0.039400
20224  -0.038100
20225  -0.038900
20226  -0.040200
20227  -0.039600
20228  -0.040000
20229  -0.040500
20230  -0.041200
20231  -0.041400
20232  -0.040800
20233  -0.040700
20234  -0.040700
20235  -0.040600
20236  -0.040400
20237  -0.039900
20238  -0.039700
20239  -0.040500
20240  -0.040500
20241  -0.041000
20242  -0.040000
20243  -0.039400
20244  -0.039100
20245  -0.039200
20246  -0.038800
20247  -0.038200
20248  -0.038900
20249  -0.039300
20250  -0.038900
20251  -0.039000
20252  -0.039300
20253  -0.039100
20254  -0.039200
20255  -0.039000
20256  -0.038600
20257  -0.039600
20258  -0.038400
20259  -0.038400
20260  -0.037300
20261  -0.036600
20262  -0.036300
20263  -0.036300
20264  -0.036800
20265  -0.036900
20266  -0.035800
20267  -0.035200
20268  -0.036000
20269  -0.035400
20270  -0.035600
20271  -0.035600
20272  -0.034700
20273  -0.034700
20274  -0.035000
20275  -0.034200
20276  -0.033900
20277  -0.033600
20278  -0.034400
20279  -0.033100
20280  -0.031800
20281  -0.031700
20282  -0.032200
20283  -0.031100
20284  -0.032000
20285  -0.030000
20286  -0.030000
20287  -0.030100
20288  -0.029700
20289  -0.028400
20290  -0.028700
20291  -0.028400
20292  -0.028400
20293  -0.027900
20294  -0.028600
20295  -0.028100
20296  -0.027700
20297  -0.027000
20298  -0.027200
20299  -0.026300
20300  -0.026300
20301  -0.026000
20302  -0.025600
20303  -0.024800
20304  -0.025000
20305  -0.026900
20306  -0.027100
20307  -0.026800
20308  -0.026500
20309  -0.027600
20310  -0.028500
20311  -0.027700
20312  -0.027600
20313  -0.028200
20314  -0.028500
20315  -0.027800
20316  -0.027400
20317  -0.027100
20318  -0.026300
20319  -0.026100
20320  -0.025100
20321  -0.026200
20322  -0.025600
20323  -0.025000
20324  -0.024600
20325  -0.023600
20326  -0.024000
20327  -0.025400
20328  -0.024300
20329  -0.025200
20330  -0.024700
20331  -0.025000
20332  -0.025700
20333  -0.025700
20334  -0.027200
20335  -0.027500
20336  -0.026500
20337  -0.027100
20338  -0.026700
20339  -0.027800
20340  -0.028700
20341  -0.028000
20342  -0.027600
20343  -0.027200
20344  -0.027500
20345  -0.027800
20346  -0.028100
20347  -0.029500
20348  -0.030100
20349  -0.029500
20350  -0.030300
20351  -0.029600
20352  -0.029500
20353  -0.030000
20354  -0.029700
20355  -0.029500
20356  -0.029200
20357  -0.028800
20358  -0.029200
20359  -0.029300
20360  -0.029000
20361  -0.029000
20362  -0.029400
20363  -0.029300
20364  -0.028900
20365  -0.029800
20366  -0.030400
20367  -0.030200
20368  -0.029200
20369  -0.029800
20370  -0.030800
20371  -0.030600
20372  -0.029900
20373  -0.029900
20374  -0.030000
20375  -0.030200
20376  -0.030200
20377  -0.030700
20378  -0.032000
20379  -0.031400
20380  -0.032500
20381  -0.032300
20382  -0.033300
20383  -0.033400
20384  -0.033500
20385  -0.033600
20386  -0.033100
20387  -0.034100
20388  -0.033300
20389  -0.034900
20390  -0.035000
20391  -0.035800
20392  -0.035900
20393  -0.035200
20394  -0.036200
20395  -0.036800
20396  -0.036600
20397  -0.037000
20398  -0.036500
20399  -0.036700
20400  -0.036800
20401  -0.035300
20402  -0.035700
20403  -0.036300
20404  -0.036400
20405  -0.036000
20406  -0.036600
20407  -0.036600
20408  -0.037400
20409  -0.037800
20410  -0.038400
20411  -0.039100
20412  -0.039300
20413  -0.041200
20414  -0.040400
20415  -0.040200
20416  -0.040700
20417  -0.041400
20418  -0.040800
20419  -0.041000
20420  -0.040200
20421  -0.040900
20422  -0.040800
20423  -0.039800
20424  -0.039900
20425  -0.041100
20426  -0.041600
20427  -0.042000
20428  -0.041800
20429  -0.041700
20430  -0.042000
20431  -0.042200
20432  -0.042200
20433  -0.042700
20434  -0.042700
20435  -0.042700
20436  -0.042800
20437  -0.041700
20438  -0.041300
20439  -0.041100
20440  -0.042000
20441  -0.041300
20442  -0.042000
20443  -0.040900
20444  -0.041500
20445  -0.041300
20446  -0.042800
20447  -0.044100
20448  -0.043800
20449  -0.044000
20450  -0.044200
20451  -0.043000
20452  -0.042700
20453  -0.042500
20454  -0.043400
20455  -0.044400
20456  -0.044400
20457  -0.044500
20458  -0.044700
20459  -0.045800
20460  -0.045200
20461  -0.045400
20462  -0.044900
20463  -0.044700
20464  -0.043500
20465  -0.043400
20466  -0.043900
20467  -0.043700
20468  -0.044400
20469  -0.044600
20470  -0.044700
20471  -0.045900
20472  -0.045500
20473  -0.045700
20474  -0.045700
20475  -0.046200
20476  -0.045900
20477  -0.045900
20478  -0.044900
20479  -0.043500
20480  -0.043700
20481  -0.044600
20482  -0.044100
20483  -0.042900
20484  -0.043400
20485  -0.043700
20486  -0.042900
20487  -0.042300
20488  -0.042600
20489  -0.042800
20490  -0.042500
20491  -0.041300
20492  -0.041300
20493  -0.040300
20494  -0.039500
20495  -0.040000
20496  -0.039800
20497  -0.039400
20498  -0.039300
20499  -0.039000
20500  -0.038700
20501  -0.037900
20502  -0.037700
20503  -0.037400
20504  -0.037000
20505  -0.036100
20506  -0.035900
20507  -0.035800
20508  -0.034400
20509  -0.034500
20510  -0.034200
20511  -0.033500
20512  -0.034700
20513  -0.034800
20514  -0.034600
20515  -0.035600
20516  -0.035500
20517  -0.035500
20518  -0.035100
20519  -0.034400
20520  -0.036100
20521  -0.036700
20522  -0.037200
20523  -0.037500
20524  -0.036800
20525  -0.035500
20526  -0.034900
20527  -0.034400
20528  -0.035100
20529  -0.035500
20530  -0.036900
20531  -0.037400
20532  -0.036100
20533  -0.036900
20534  -0.035500
20535  -0.034800
20536  -0.036000
20537  -0.035800
20538  -0.035800
20539  -0.035600
20540  -0.035500
20541  -0.034300
20542  -0.034000
20543  -0.033100
20544  -0.034100
20545  -0.035300
20546  -0.034900
20547  -0.034900
20548  -0.035100
20549  -0.035300
20550  -0.036500
20551  -0.035500
20552  -0.036400
20553  -0.036700
20554  -0.036700
20555  -0.035600
20556  -0.035900
20557  -0.034900
20558  -0.034400
20559  -0.034800
20560  -0.034300
20561  -0.034300
20562  -0.033400
20563  -0.033300
20564  -0.034100
20565  -0.034100
20566  -0.033500
20567  -0.033700
20568  -0.033400
20569  -0.032300
20570  -0.032500
20571  -0.032400
20572  -0.033800
20573  -0.033100
20574  -0.033200
20575  -0.033900
20576  -0.033100
20577  -0.032000
20578  -0.032200
20579  -0.033200
20580  -0.033500
20581  -0.034100
20582  -0.034700
20583  -0.034300
20584  -0.034300
20585  -0.034400
20586  -0.034500
20587  -0.033300
20588  -0.033500
20589  -0.033100
20590  -0.033400
20591  -0.033800
20592  -0.033100
20593  -0.033000
20594  -0.032500
20595  -0.031300
20596  -0.030000
20597  -0.030200
20598  -0.030200
20599  -0.030500
20600  -0.031700
20601  -0.031200
20602  -0.030600
20603  -0.031100
20604  -0.032200
20605  -0.032900
20606  -0.033400
20607  -0.033800
20608  -0.034000
20609  -0.034000
20610  -0.033900
20611  -0.035200
20612  -0.035600
20613  -0.036600
20614  -0.036700
20615  -0.036300
20616  -0.036300
20617  -0.036600
20618  -0.037300
20619  -0.037600
20620  -0.038100
20621  -0.037800
20622  -0.038400
20623  -0.037400
20624  -0.037400
20625  -0.037600
20626  -0.038400
20627  -0.038100
20628  -0.038200
20629  -0.038400
20630  -0.038300
20631  -0.038700
20632  -0.038900
20633  -0.039500
20634  -0.039600
20635  -0.039500
20636  -0.037900
20637  -0.038200
20638  -0.036700
20639  -0.036900
20640  -0.036500
20641  -0.037300
20642  -0.037300
20643  -0.038200
20644  -0.037700
20645  -0.038300
20646  -0.038900
20647  -0.038400
20648  -0.037800
20649  -0.038700
20650  -0.038900
20651  -0.038100
20652  -0.039600
20653  -0.039500
20654  -0.039600
20655  -0.040400
20656  -0.040200
20657  -0.039500
20658  -0.038400
20659  -0.038700
20660  -0.037200
20661  -0.037300
20662  -0.037100
20663  -0.036600
20664  -0.036800
20665  -0.036500
20666  -0.035600
20667  -0.035000
20668  -0.034800
20669  -0.035600
20670  -0.036000
20671  -0.035200
20672  -0.035700
20673  -0.037100
20674  -0.037000
20675  -0.038100
20676  -0.037900
20677  -0.037400
20678  -0.036400
20679  -0.035500
20680  -0.034900
20681  -0.036200
20682  -0.036600
20683  -0.035700
20684  -0.036700
20685  -0.037400
20686  -0.037800
20687  -0.036400
20688  -0.036600
20689  -0.036600
20690  -0.036100
20691  -0.036300
20692  -0.036600
20693  -0.035900
20694  -0.035400
20695  -0.036000
20696  -0.037600
20697  -0.036800
20698  -0.036300
20699  -0.036400
20700  -0.035900
20701  -0.035700
20702  -0.035400
20703  -0.034900
20704  -0.034700
20705  -0.034100
20706  -0.034300
20707  -0.035400
20708  -0.034400
20709  -0.034600
20710  -0.033900
20711  -0.034500
20712  -0.034200
20713  -0.034500
20714  -0.034500
20715  -0.034900
20716  -0.035900
20717  -0.035400
20718  -0.036200
20719  -0.036600
20720  -0.037900
20721  -0.038300
20722  -0.038900
20723  -0.038900
20724  -0.039100
20725  -0.038900
20726  -0.038400
20727  -0.038600
20728  -0.038700
20729  -0.037900
20730  -0.038400
20731  -0.038200
20732  -0.038300
20733  -0.038700
20734  -0.038800
20735  -0.038500
20736  -0.038100
20737  -0.038100
20738  -0.036700
20739  -0.037300
20740  -0.038000
20741  -0.038300
20742  -0.038300
20743  -0.040200
20744  -0.039900
20745  -0.040400
20746  -0.040000
20747  -0.039400
20748  -0.039100
20749  -0.040200
20750  -0.039500
20751  -0.039000
20752  -0.038700
20753  -0.039200
20754  -0.039400
20755  -0.039500
20756  -0.037800
20757  -0.036900
20758  -0.037100
20759  -0.037600
20760  -0.037700
20761  -0.037600
20762  -0.038500
20763  -0.037500
20764  -0.037300
20765  -0.036300
20766  -0.035900
20767  -0.035700
20768  -0.035400
20769  -0.035600
20770  -0.035700
20771  -0.035900
20772  -0.035400
20773  -0.035100
20774  -0.034200
20775  -0.034600
20776  -0.034500
20777  -0.035100
20778  -0.034100
20779  -0.034500
20780  -0.033800
20781  -0.033900
20782  -0.033400
20783  -0.034300
20784  -0.034500
20785  -0.034000
20786  -0.034500
20787  -0.034600
20788  -0.033700
20789  -0.033800
20790  -0.033600
20791  -0.033300
20792  -0.033800
20793  -0.032300
20794  -0.033200
20795  -0.033900
20796  -0.034800
20797  -0.034800
20798  -0.034900
20799  -0.036000
20800  -0.036500
20801  -0.035600
20802  -0.034200
20803  -0.033800
20804  -0.034300
20805  -0.034200
20806  -0.034300
20807  -0.033500
20808  -0.033700
20809  -0.032900
20810  -0.032600
20811  -0.033500
20812  -0.033000
20813  -0.032200
20814  -0.031100
20815  -0.031200
20816  -0.031100
20817  -0.032100
20818  -0.031500
20819  -0.031200
20820  -0.031600
20821  -0.031100
20822  -0.031400
20823  -0.030500
20824  -0.031300
20825  -0.031600
20826  -0.032300
20827  -0.032400
20828  -0.031400
20829  -0.031500
20830  -0.031000
20831  -0.031700
20832  -0.031400
20833  -0.031500
20834  -0.031800
20835  -0.032500
20836  -0.032800
20837  -0.032900
20838  -0.033000
20839  -0.033300
20840  -0.033000
20841  -0.033800
20842  -0.034000
20843  -0.033500
20844  -0.033600
20845  -0.031800
20846  -0.031300
20847  -0.030200
20848  -0.030800
20849  -0.029800
20850  -0.029100
20851  -0.029300
20852  -0.029200
20853  -0.028400
20854  -0.028800
20855  -0.028700
20856  -0.028200
20857  -0.028200
20858  -0.027700
20859  -0.026500
20860  -0.026800
20861  -0.027600
20862  -0.028200
20863  -0.028200
20864  -0.028500
20865  -0.026800
20866  -0.027300
20867  -0.026500
20868  -0.027900
20869  -0.028100
20870  -0.027700
20871  -0.027700
20872  -0.029100
20873  -0.028600
20874  -0.028900
20875  -0.028200
20876  -0.027800
20877  -0.028600
20878  -0.028300
20879  -0.027800
20880  -0.026900
20881  -0.026600
20882  -0.027200
20883  -0.028400
20884  -0.028500
20885  -0.029300
20886  -0.030900
20887  -0.030300
20888  -0.030800
20889  -0.029900
20890  -0.030200
20891  -0.030100
20892  -0.030400
20893  -0.030400
20894  -0.030000
20895  -0.031300
20896  -0.031000
20897  -0.031000
20898  -0.031800
20899  -0.031500
20900  -0.030600
20901  -0.030300
20902  -0.030200
20903  -0.029400
20904  -0.030100
20905  -0.031200
20906  -0.030800
20907  -0.030500
20908  -0.029800
20909  -0.030000
20910  -0.029600
20911  -0.028900
20912  -0.028900
20913  -0.028800
20914  -0.028400
20915  -0.027900
20916  -0.027300
20917  -0.027400
20918  -0.026600
20919  -0.027400
20920  -0.026700
20921  -0.026700
20922  -0.026800
20923  -0.027900
20924  -0.027200
20925  -0.026700
20926  -0.026300
20927  -0.026500
20928  -0.026200
20929  -0.027400
20930  -0.027500
20931  -0.027400
20932  -0.027000
20933  -0.026400
20934  -0.026300
20935  -0.026100
20936  -0.025500
20937  -0.025300
20938  -0.024600
20939  -0.024500
20940  -0.025100
20941  -0.023500
20942  -0.023600
20943  -0.024100
20944  -0.022700
20945  -0.022600
20946  -0.023700
20947  -0.022800
20948  -0.023100
20949  -0.023000
20950  -0.023300
20951  -0.022900
20952  -0.023000
20953  -0.023400
20954  -0.025100
20955  -0.025500
20956  -0.025100
20957  -0.025700
20958  -0.024700
20959  -0.024500
20960  -0.024900
20961  -0.025400
20962  -0.026500
20963  -0.026600
20964  -0.026200
20965  -0.025800
20966  -0.026400
20967  -0.025700
20968  -0.025300
20969  -0.026400
20970  -0.025500
20971  -0.024700
20972  -0.024800
20973  -0.025000
20974  -0.025800
20975  -0.026800
20976  -0.028100
20977  -0.027900
20978  -0.027800
20979  -0.027400
20980  -0.028300
20981  -0.027600
20982  -0.026700
20983  -0.025800
20984  -0.026200
20985  -0.027100
20986  -0.027000
20987  -0.026900
20988  -0.026900
20989  -0.026300
20990  -0.026300
20991  -0.025900
20992  -0.026300
20993  -0.026000
20994  -0.026200
20995  -0.026700
20996  -0.027500
20997  -0.027300
20998  -0.027500
20999  -0.027200
21000  -0.027900
21001  -0.028300
21002  -0.029000
21003  -0.030100
21004  -0.030400
21005  -0.029500
21006  -0.029700
21007  -0.029100
21008  -0.028800
21009  -0.027900
21010  -0.027900
21011  -0.028300
21012  -0.029100
21013  -0.029000
21014  -0.028800
21015  -0.029900
21016  -0.029300
21017  -0.028600
21018  -0.029400
21019  -0.030100
21020  -0.030600
21021  -0.030500
21022  -0.030700
21023  -0.029600
21024  -0.029200
21025  -0.029100
21026  -0.029300
21027  -0.029800
21028  -0.030400
21029  -0.031200
21030  -0.030000
21031  -0.031100
21032  -0.029800
21033  -0.030600
21034  -0.031000
21035  -0.031600
21036  -0.031200
21037  -0.031700
21038  -0.031900
21039  -0.033000
21040  -0.033600
21041  -0.033500
21042  -0.033500
21043  -0.033300
21044  -0.034000
21045  -0.033800
21046  -0.033500
21047  -0.034600
21048  -0.036500
21049  -0.037100
21050  -0.037200
21051  -0.037600
21052  -0.037700
21053  -0.037700
21054  -0.039100
21055  -0.039000
21056  -0.039000
21057  -0.038700
21058  -0.039100
21059  -0.038700
21060  -0.038800
21061  -0.039400
21062  -0.040000
21063  -0.040100
21064  -0.040100
21065  -0.040800
21066  -0.040300
21067  -0.039500
21068  -0.039400
21069  -0.037800
21070  -0.039400
21071  -0.039100
21072  -0.037800
21073  -0.037400
21074  -0.036500
21075  -0.036500
21076  -0.035600
21077  -0.035100
21078  -0.036000
21079  -0.036500
21080  -0.036000
21081  -0.036400
21082  -0.037700
21083  -0.037800
21084  -0.038200
21085  -0.039200
21086  -0.039400
21087  -0.038300
21088  -0.037800
21089  -0.037000
21090  -0.036600
21091  -0.038400
21092  -0.037600
21093  -0.038500
21094  -0.037900
21095  -0.039500
21096  -0.038800
21097  -0.037400
21098  -0.036200
21099  -0.036300
21100  -0.036200
21101  -0.037800
21102  -0.037600
21103  -0.037800
21104  -0.037900
21105  -0.037300
21106  -0.036600
21107  -0.037200
21108  -0.037700
21109  -0.038600
21110  -0.037700
21111  -0.038200
21112  -0.037900
21113  -0.038100
21114  -0.038300
21115  -0.038100
21116  -0.037000
21117  -0.036500
21118  -0.037500
21119  -0.038200
21120  -0.038000
21121  -0.036900
21122  -0.038100
21123  -0.037800
21124  -0.038300
21125  -0.038200
21126  -0.038500
21127  -0.039200
21128  -0.038400
21129  -0.038700
21130  -0.038300
21131  -0.038400
21132  -0.038800
21133  -0.038800
21134  -0.038800
21135  -0.039100
21136  -0.038400
21137  -0.040100
21138  -0.039300
21139  -0.038400
21140  -0.038800
21141  -0.039900
21142  -0.038900
21143  -0.040000
21144  -0.039300
21145  -0.039800
21146  -0.040200
21147  -0.039700
21148  -0.039500
21149  -0.039500
21150  -0.039800
21151  -0.040000
21152  -0.041100
21153  -0.041800
21154  -0.041600
21155  -0.041800
21156  -0.040700
21157  -0.040500
21158  -0.041600
21159  -0.041400
21160  -0.041800
21161  -0.042600
21162  -0.042600
21163  -0.043500
21164  -0.044700
21165  -0.045600
21166  -0.045300
21167  -0.045700
21168  -0.045900
21169  -0.046100
21170  -0.044200
21171  -0.044300
21172  -0.044300
21173  -0.044500
21174  -0.045600
21175  -0.045700
21176  -0.045700
21177  -0.045100
21178  -0.044600
21179  -0.044800
21180  -0.046600
21181  -0.047400
21182  -0.046000
21183  -0.045900
21184  -0.045700
21185  -0.046100
21186  -0.047000
21187  -0.047400
21188  -0.048700
21189  -0.048600
21190  -0.048000
21191  -0.047600
21192  -0.048200
21193  -0.046800
21194  -0.047300
21195  -0.047800
21196  -0.047500
21197  -0.047700
21198  -0.048000
21199  -0.048300
21200  -0.047300
21201  -0.046700
21202  -0.046900
21203  -0.046300
21204  -0.045900
21205  -0.045900
21206  -0.044800
21207  -0.045500
21208  -0.045700
21209  -0.044200
21210  -0.043600
21211  -0.043200
21212  -0.044100
21213  -0.044500
21214  -0.045200
21215  -0.045300
21216  -0.045500
21217  -0.046800
21218  -0.048200
21219  -0.048600
21220  -0.048800
21221  -0.048100
21222  -0.048400
21223  -0.048200
21224  -0.047100
21225  -0.046400
21226  -0.046500
21227  -0.046300
21228  -0.046300
21229  -0.045300
21230  -0.044800
21231  -0.044600
21232  -0.045200
21233  -0.045500
21234  -0.046400
21235  -0.046900
21236  -0.048200
21237  -0.048000
21238  -0.048000
21239  -0.048300
21240  -0.048600
21241  -0.049200
21242  -0.048200
21243  -0.049300
21244  -0.049900
21245  -0.050200
21246  -0.049700
21247  -0.050500
21248  -0.050700
21249  -0.049700
21250  -0.048300
21251  -0.049400
21252  -0.049200
21253  -0.049000
21254  -0.048900
21255  -0.049000
21256  -0.049200
21257  -0.049300
21258  -0.048800
21259  -0.048100
21260  -0.048000
21261  -0.048000
21262  -0.048300
21263  -0.047800
21264  -0.048600
21265  -0.048000
21266  -0.048200
21267  -0.049100
21268  -0.049600
21269  -0.049400
21270  -0.049800
21271  -0.049900
21272  -0.050600
21273  -0.050600
21274  -0.050200
21275  -0.050100
21276  -0.049000
21277  -0.049600
21278  -0.049900
21279  -0.050600
21280  -0.050000
21281  -0.050600
21282  -0.052300
21283  -0.052700
21284  -0.053900
21285  -0.054400
21286  -0.055200
21287  -0.054900
21288  -0.055400
21289  -0.054300
21290  -0.056400
21291  -0.055400
21292  -0.054700
21293  -0.053900
21294  -0.053700
21295  -0.053900
21296  -0.053000
21297  -0.052600
21298  -0.053000
21299  -0.052100
21300  -0.052900
21301  -0.053400
21302  -0.054700
21303  -0.055700
21304  -0.055400
21305  -0.054700
21306  -0.055200
21307  -0.054100
21308  -0.055000
21309  -0.053500
21310  -0.053300
21311  -0.052800
21312  -0.053000
21313  -0.053900
21314  -0.052700
21315  -0.053200
21316  -0.053400
21317  -0.052800
21318  -0.052300
21319  -0.052600
21320  -0.051400
21321  -0.050900
21322  -0.051500
21323  -0.051000
21324  -0.050800
21325  -0.050100
21326  -0.048800
21327  -0.048200
21328  -0.048400
21329  -0.048400
21330  -0.047500
21331  -0.048000
21332  -0.048200
21333  -0.048600
21334  -0.048600
21335  -0.049500
21336  -0.049100
21337  -0.048600
21338  -0.049200
21339  -0.049800
21340  -0.049900
21341  -0.049600
21342  -0.048900
21343  -0.049400
21344  -0.047800
21345  -0.047700
21346  -0.047800
21347  -0.048700
21348  -0.047700
21349  -0.049100
21350  -0.049400
21351  -0.050000
21352  -0.050100
21353  -0.049600
21354  -0.050700
21355  -0.052300
21356  -0.052900
21357  -0.053200
21358  -0.054100
21359  -0.054000
21360  -0.054100
21361  -0.053400
21362  -0.054000
21363  -0.054000
21364  -0.053800
21365  -0.053300
21366  -0.053400
21367  -0.053300
21368  -0.053000
21369  -0.053000
21370  -0.052200
21371  -0.051700
21372  -0.051500
21373  -0.049700
21374  -0.049000
21375  -0.049200
21376  -0.048900
21377  -0.048200
21378  -0.048900
21379  -0.048900
21380  -0.048700
21381  -0.049200
21382  -0.048300
21383  -0.048100
21384  -0.048300
21385  -0.048600
21386  -0.047800
21387  -0.048000
21388  -0.048300
21389  -0.048700
21390  -0.048700
21391  -0.048600
21392  -0.048600
21393  -0.050000
21394  -0.051400
21395  -0.051100
21396  -0.051900
21397  -0.052000
21398  -0.051500
21399  -0.051000
21400  -0.051800
21401  -0.051400
21402  -0.053000
21403  -0.052900
21404  -0.052800
21405  -0.052800
21406  -0.053500
21407  -0.055100
21408  -0.056000
21409  -0.056200
21410  -0.055200
21411  -0.055100
21412  -0.054500
21413  -0.054100
21414  -0.054700
21415  -0.055400
21416  -0.054200
21417  -0.054700
21418  -0.055400
21419  -0.054900
21420  -0.053600
21421  -0.053200
21422  -0.053800
21423  -0.053900
21424  -0.054400
21425  -0.055000
21426  -0.055400
21427  -0.055900
21428  -0.056100
21429  -0.056100
21430  -0.056200
21431  -0.056700
21432  -0.055900
21433  -0.055800
21434  -0.055300
21435  -0.055300
21436  -0.055100
21437  -0.053800
21438  -0.053200
21439  -0.052000
21440  -0.051200
21441  -0.050500
21442  -0.052000
21443  -0.050800
21444  -0.050100
21445  -0.051000
21446  -0.052000
21447  -0.051900
21448  -0.051200
21449  -0.051100
21450  -0.051400
21451  -0.050800
21452  -0.050100
21453  -0.050600
21454  -0.050800
21455  -0.051800
21456  -0.052000
21457  -0.052800
21458  -0.052600
21459  -0.052800
21460  -0.052200
21461  -0.052000
21462  -0.050900
21463  -0.051900
21464  -0.052100
21465  -0.052700
21466  -0.054100
21467  -0.054600
21468  -0.055600
21469  -0.055100
21470  -0.055300
21471  -0.055800
21472  -0.055800
21473  -0.056900
21474  -0.058100
21475  -0.058800
21476  -0.058200
21477  -0.058800
21478  -0.059400
21479  -0.059800
21480  -0.059800
21481  -0.059200
21482  -0.059400
21483  -0.058700
21484  -0.058500
21485  -0.059500
21486  -0.060200
21487  -0.059900
21488  -0.059800
21489  -0.059100
21490  -0.058900
21491  -0.058700
21492  -0.059200
21493  -0.059200
21494  -0.060200
21495  -0.059800
21496  -0.059400
21497  -0.059700
21498  -0.059800
21499  -0.059500
21500  -0.059400
21501  -0.059900
21502  -0.059900
21503  -0.060000
21504  -0.059500
21505  -0.058900
21506  -0.058300
21507  -0.057800
21508  -0.056300
21509  -0.055800
21510  -0.056600
21511  -0.057200
21512  -0.056800
21513  -0.056600
21514  -0.055700
21515  -0.056300
21516  -0.055200
21517  -0.054600
21518  -0.053500
21519  -0.053500
21520  -0.053300
21521  -0.052900
21522  -0.053000
21523  -0.052900
21524  -0.053600
21525  -0.053400
21526  -0.051600
21527  -0.052600
21528  -0.053200
21529  -0.053300
21530  -0.054800
21531  -0.053200
21532  -0.052900
21533  -0.052500
21534  -0.051200
21535  -0.051600
21536  -0.050900
21537  -0.052300
21538  -0.052600
21539  -0.052700
21540  -0.053000
21541  -0.052200
21542  -0.051700
21543  -0.053000
21544  -0.053600
21545  -0.053800
21546  -0.053100
21547  -0.054100
21548  -0.055500
21549  -0.055700
21550  -0.055000
21551  -0.055600
21552  -0.056100
21553  -0.056000
21554  -0.056500
21555  -0.056200
21556  -0.056600
21557  -0.057500
21558  -0.057700
21559  -0.057600
21560  -0.057400
21561  -0.057100
21562  -0.056300
21563  -0.056200
21564  -0.054500
21565  -0.055400
21566  -0.056000
21567  -0.055800
21568  -0.055800
21569  -0.056100
21570  -0.055400
21571  -0.056000
21572  -0.055600
21573  -0.055200
21574  -0.054300
21575  -0.053200
21576  -0.052800
21577  -0.053200
21578  -0.053500
21579  -0.052600
21580  -0.051400
21581  -0.051300
21582  -0.050900
21583  -0.051100
21584  -0.052100
21585  -0.051600
21586  -0.051700
21587  -0.051000
21588  -0.051800
21589  -0.052600
21590  -0.052200
21591  -0.052600
21592  -0.052400
21593  -0.052300
21594  -0.051900
21595  -0.051900
21596  -0.053400
21597  -0.052400
21598  -0.052800
21599  -0.053100
21600  -0.052700
21601  -0.052500
21602  -0.052600
21603  -0.051900
21604  -0.051200
21605  -0.051400
21606  -0.050200
21607  -0.050500
21608  -0.049400
21609  -0.048700
21610  -0.048800
21611  -0.048600
21612  -0.048200
21613  -0.048300
21614  -0.048400
21615  -0.047000
21616  -0.047000
21617  -0.046500
21618  -0.046000
21619  -0.045800
21620  -0.045500
21621  -0.046000
21622  -0.045800
21623  -0.044900
21624  -0.045600
21625  -0.045800
21626  -0.045400
21627  -0.045700
21628  -0.045800
21629  -0.045900
21630  -0.046400
21631  -0.046200
21632  -0.045800
21633  -0.046400
21634  -0.046700
21635  -0.046000
21636  -0.046400
21637  -0.046600
21638  -0.046300
21639  -0.046100
21640  -0.045900
21641  -0.044400
21642  -0.044500
21643  -0.044300
21644  -0.044600
21645  -0.044300
21646  -0.045400
21647  -0.046000
21648  -0.045300
21649  -0.045400
21650  -0.045500
21651  -0.045200
21652  -0.046500
21653  -0.045100
21654  -0.046800
21655  -0.045900
21656  -0.045700
21657  -0.045200
21658  -0.045500
21659  -0.046400
21660  -0.047200
21661  -0.047600
21662  -0.048100
21663  -0.049500
21664  -0.049400
21665  -0.050000
21666  -0.049900
21667  -0.050900
21668  -0.050600
21669  -0.050100
21670  -0.050000
21671  -0.048900
21672  -0.047300
21673  -0.048300
21674  -0.047900
21675  -0.047500
21676  -0.047200
21677  -0.047600
21678  -0.048300
21679  -0.049600
21680  -0.049700
21681  -0.048900
21682  -0.048700
21683  -0.048200
21684  -0.047700
21685  -0.048900
21686  -0.049000
21687  -0.048900
21688  -0.049200
21689  -0.049900
21690  -0.050200
21691  -0.050200
21692  -0.051700
21693  -0.050900
21694  -0.051000
21695  -0.050700
21696  -0.051000
21697  -0.050300
21698  -0.050700
21699  -0.050900
21700  -0.050700
21701  -0.050200
21702  -0.050200
21703  -0.048600
21704  -0.047400
21705  -0.047200
21706  -0.048000
21707  -0.047900
21708  -0.048000
21709  -0.046900
21710  -0.047100
21711  -0.047100
21712  -0.047200
21713  -0.047300
21714  -0.047200
21715  -0.046600
21716  -0.045500
21717  -0.045200
21718  -0.045300
21719  -0.045500
21720  -0.046600
21721  -0.045200
21722  -0.045300
21723  -0.044400
21724  -0.043800
21725  -0.043000
21726  -0.043000
21727  -0.042800
21728  -0.043000
21729  -0.043600
21730  -0.043900
21731  -0.042800
21732  -0.043200
21733  -0.043600
21734  -0.042800
21735  -0.042500
21736  -0.042100
21737  -0.041700
21738  -0.041800
21739  -0.041100
21740  -0.040900
21741  -0.041200
21742  -0.041500
21743  -0.041200
21744  -0.040500
21745  -0.040500
21746  -0.041300
21747  -0.042400
21748  -0.042500
21749  -0.043100
21750  -0.042800
21751  -0.042600
21752  -0.043900
21753  -0.043400
21754  -0.043100
21755  -0.043000
21756  -0.043300
21757  -0.043500
21758  -0.044000
21759  -0.044300
21760  -0.044100
21761  -0.045000
21762  -0.045200
21763  -0.044600
21764  -0.044000
21765  -0.044400
21766  -0.044800
21767  -0.045400
21768  -0.045100
21769  -0.044300
21770  -0.045000
21771  -0.046000
21772  -0.045500
21773  -0.046500
21774  -0.045700
21775  -0.043900
21776  -0.043700
21777  -0.042800
21778  -0.043300
21779  -0.042600
21780  -0.042400
21781  -0.042600
21782  -0.042000
21783  -0.042300
21784  -0.042300
21785  -0.042900
21786  -0.043400
21787  -0.043100
21788  -0.044100
21789  -0.044600
21790  -0.044700
21791  -0.044500
21792  -0.045100
21793  -0.045600
21794  -0.045700
21795  -0.046300
21796  -0.046300
21797  -0.047600
21798  -0.046000
21799  -0.046700
21800  -0.046900
21801  -0.047600
21802  -0.047700
21803  -0.047000
21804  -0.046100
21805  -0.045600
21806  -0.045600
21807  -0.045000
21808  -0.045000
21809  -0.045500
21810  -0.045200
21811  -0.045400
21812  -0.044300
21813  -0.044100
21814  -0.043300
21815  -0.043100
21816  -0.044000
21817  -0.044000
21818  -0.044100
21819  -0.043800
21820  -0.043600
21821  -0.042400
21822  -0.041400
21823  -0.040600
21824  -0.040900
21825  -0.041500
21826  -0.040700
21827  -0.041300
21828  -0.041500
21829  -0.041700
21830  -0.042200
21831  -0.040500
21832  -0.042200
21833  -0.042100
21834  -0.042400
21835  -0.041700
21836  -0.041400
21837  -0.041000
21838  -0.041100
21839  -0.040800
21840  -0.041000
21841  -0.039900
21842  -0.039200
21843  -0.038400
21844  -0.038400
21845  -0.038100
21846  -0.039100
21847  -0.040500
21848  -0.041500
21849  -0.041000
21850  -0.041700
21851  -0.042100
21852  -0.041800
21853  -0.041200
21854  -0.041200
21855  -0.041500
21856  -0.040700
21857  -0.040800
21858  -0.040100
21859  -0.039600
21860  -0.038200
21861  -0.038400
21862  -0.037300
21863  -0.038000
21864  -0.038900
21865  -0.037900
21866  -0.037900
21867  -0.037700
21868  -0.038400
21869  -0.039500
21870  -0.039600
21871  -0.039700
21872  -0.039200
21873  -0.040000
21874  -0.040500
21875  -0.040900
21876  -0.041100
21877  -0.041400
21878  -0.041200
21879  -0.042200
21880  -0.042200
21881  -0.042500
21882  -0.044500
21883  -0.044600
21884  -0.044200
21885  -0.045200
21886  -0.043200
21887  -0.043000
21888  -0.044000
21889  -0.044300
21890  -0.044000
21891  -0.043700
21892  -0.043000
21893  -0.043300
21894  -0.044000
21895  -0.043900
21896  -0.044300
21897  -0.043800
21898  -0.044000
21899  -0.043400
21900  -0.043800
21901  -0.043600
21902  -0.043200
21903  -0.043700
21904  -0.044100
21905  -0.044300
21906  -0.044300
21907  -0.044900
21908  -0.044000
21909  -0.044700
21910  -0.043300
21911  -0.042900
21912  -0.043100
21913  -0.043100
21914  -0.042700
21915  -0.042700
21916  -0.041600
21917  -0.041900
21918  -0.040900
21919  -0.040800
21920  -0.040200
21921  -0.040300
21922  -0.041000
21923  -0.040500
21924  -0.040500
21925  -0.041300
21926  -0.041700
21927  -0.041600
21928  -0.042100
21929  -0.041700
21930  -0.042000
21931  -0.042700
21932  -0.042500
21933  -0.043100
21934  -0.042800
21935  -0.043000
21936  -0.044000
21937  -0.044100
21938  -0.044000
21939  -0.043800
21940  -0.044200
21941  -0.043700
21942  -0.044700
21943  -0.045600
21944  -0.046300
21945  -0.045700
21946  -0.046000
21947  -0.045400
21948  -0.045500
21949  -0.045300
21950  -0.045500
21951  -0.045600
21952  -0.044900
21953  -0.044500
21954  -0.045600
21955  -0.046900
21956  -0.047600
21957  -0.047800
21958  -0.047100
21959  -0.047700
21960  -0.048100
21961  -0.047200
21962  -0.046100
21963  -0.046000
21964  -0.046300
21965  -0.045900
21966  -0.046500
21967  -0.045700
21968  -0.045600
21969  -0.045100
21970  -0.045300
21971  -0.044900
21972  -0.044900
21973  -0.045100
21974  -0.044900
21975  -0.044700
21976  -0.044700
21977  -0.044300
21978  -0.045400
21979  -0.044900
21980  -0.044200
21981  -0.045000
21982  -0.045600
21983  -0.044600
21984  -0.043800
21985  -0.043600
21986  -0.043900
21987  -0.043700
21988  -0.042700
21989  -0.043600
21990  -0.044000
21991  -0.043300
21992  -0.042400
21993  -0.043200
21994  -0.042400
21995  -0.042800
21996  -0.042500
21997  -0.042800
21998  -0.043500
21999  -0.043300
22000  -0.044100
22001  -0.045300
22002  -0.046000
22003  -0.045600
22004  -0.045600
22005  -0.045700
22006  -0.044700
22007  -0.044300
22008  -0.044500
22009  -0.044600
22010  -0.045200
22011  -0.044700
22012  -0.044000
22013  -0.043500
22014  -0.044200
22015  -0.043400
22016  -0.043500
22017  -0.043800
22018  -0.044100
22019  -0.044800
22020  -0.044700
22021  -0.044200
22022  -0.045200
22023  -0.045000
22024  -0.045100
22025  -0.045400
22026  -0.046100
22027  -0.046600
22028  -0.046400
22029  -0.045800
22030  -0.045300
22031  -0.045900
22032  -0.047200
22033  -0.046800
22034  -0.046800
22035  -0.047300
22036  -0.046900
22037  -0.047300
22038  -0.047100
22039  -0.047800
22040  -0.047200
22041  -0.047100
22042  -0.047000
22043  -0.047400
22044  -0.046500
22045  -0.046200
22046  -0.046400
22047  -0.046500
22048  -0.046500
22049  -0.046600
22050  -0.046700
22051  -0.045900
22052  -0.046000
22053  -0.047200
22054  -0.048100
22055  -0.048000
22056  -0.047500
22057  -0.046900
22058  -0.046900
22059  -0.045900
22060  -0.046200
22061  -0.046500
22062  -0.046000
22063  -0.045600
22064  -0.045400
22065  -0.045100
22066  -0.045700
22067  -0.045600
22068  -0.046200
22069  -0.046600
22070  -0.046200
22071  -0.046300
22072  -0.045800
22073  -0.045100
22074  -0.045500
22075  -0.045200
22076  -0.046500
22077  -0.046500
22078  -0.047000
22079  -0.046900
22080  -0.047000
22081  -0.048100
22082  -0.048100
22083  -0.047900
22084  -0.048700
22085  -0.048300
22086  -0.047000
22087  -0.046500
22088  -0.046200
22089  -0.045900
22090  -0.046500
22091  -0.046100
22092  -0.047100
22093  -0.046500
22094  -0.046000
22095  -0.044700
22096  -0.044700
22097  -0.044300
22098  -0.044200
22099  -0.044600
22100  -0.044000
22101  -0.043800
22102  -0.044100
22103  -0.044700
22104  -0.045400
22105  -0.046000
22106  -0.045600
22107  -0.046100
22108  -0.046300
22109  -0.046200
22110  -0.045600
22111  -0.045600
22112  -0.045700
22113  -0.045900
22114  -0.045900
22115  -0.046900
22116  -0.047100
22117  -0.046500
22118  -0.045600
22119  -0.046500
22120  -0.046000
22121  -0.045100
22122  -0.044900
22123  -0.044200
22124  -0.043600
22125  -0.043800
22126  -0.043100
22127  -0.042500
22128  -0.041400
22129  -0.041500
22130  -0.041200
22131  -0.041800
22132  -0.042100
22133  -0.040700
22134  -0.041900
22135  -0.041000
22136  -0.040900
22137  -0.040100
22138  -0.039600
22139  -0.039900
22140  -0.040400
22141  -0.041600
22142  -0.041800
22143  -0.042200
22144  -0.041800
22145  -0.041800
22146  -0.041100
22147  -0.042800
22148  -0.042300
22149  -0.042800
22150  -0.043000
22151  -0.042000
22152  -0.041600
22153  -0.040600
22154  -0.039800
22155  -0.039300
22156  -0.039500
22157  -0.040000
22158  -0.041500
22159  -0.041300
22160  -0.041900
22161  -0.042200
22162  -0.042000
22163  -0.040300
22164  -0.040200
22165  -0.041600
22166  -0.042000
22167  -0.041600
22168  -0.042100
22169  -0.042500
22170  -0.042700
22171  -0.042200
22172  -0.041000
22173  -0.040900
22174  -0.041600
22175  -0.041300
22176  -0.042300
22177  -0.042900
22178  -0.044200
22179  -0.045500
22180  -0.045800
22181  -0.044800
22182  -0.043600
22183  -0.043200
22184  -0.043300
22185  -0.043200
22186  -0.043600
22187  -0.044000
22188  -0.043900
22189  -0.044400
22190  -0.044900
22191  -0.044000
22192  -0.044600
22193  -0.043400
22194  -0.043700
22195  -0.042900
22196  -0.042200
22197  -0.040900
22198  -0.039900
22199  -0.039700
22200  -0.040900
22201  -0.041300
22202  -0.040000
22203  -0.040300
22204  -0.041700
22205  -0.041900
22206  -0.041200
22207  -0.042100
22208  -0.042700
22209  -0.044100
22210  -0.043500
22211  -0.044100
22212  -0.043600
22213  -0.042900
22214  -0.043100
22215  -0.041600
22216  -0.041300
22217  -0.041000
22218  -0.041300
22219  -0.042200
22220  -0.042600
22221  -0.042500
22222  -0.040800
22223  -0.040900
22224  -0.041400
22225  -0.041300
22226  -0.042800
22227  -0.042800
22228  -0.041300
22229  -0.041400
22230  -0.041200
22231  -0.041500
22232  -0.040900
22233  -0.041900
22234  -0.042400
22235  -0.042900
22236  -0.042200
22237  -0.042700
22238  -0.042500
22239  -0.040600
22240  -0.040600
22241  -0.040800
22242  -0.042000
22243  -0.041100
22244  -0.041300
22245  -0.041300
22246  -0.041600
22247  -0.042900
22248  -0.043300
22249  -0.044000
22250  -0.043400
22251  -0.043000
22252  -0.043700
22253  -0.042300
22254  -0.042600
22255  -0.042500
22256  -0.042200
22257  -0.042200
22258  -0.041800
22259  -0.041800
22260  -0.041600
22261  -0.041900
22262  -0.041300
22263  -0.041200
22264  -0.042200
22265  -0.042700
22266  -0.042200
22267  -0.041200
22268  -0.041300
22269  -0.041600
22270  -0.041800
22271  -0.041600
22272  -0.042300
22273  -0.042900
22274  -0.041900
22275  -0.041500
22276  -0.041400
22277  -0.041100
22278  -0.041600
22279  -0.041400
22280  -0.041100
22281  -0.041400
22282  -0.041100
22283  -0.041400
22284  -0.041000
22285  -0.040300
22286  -0.041100
22287  -0.041900
22288  -0.043200
22289  -0.044100
22290  -0.042000
22291  -0.043100
22292  -0.043200
22293  -0.043100
22294  -0.043800
22295  -0.043500
22296  -0.043400
22297  -0.043200
22298  -0.042500
22299  -0.042900
22300  -0.044200
22301  -0.043100
22302  -0.043100
22303  -0.043900
22304  -0.044400
22305  -0.042900
22306  -0.043100
22307  -0.043700
22308  -0.043700
22309  -0.044600
22310  -0.044000
22311  -0.045400
22312  -0.045600
22313  -0.044900
22314  -0.043300
22315  -0.044600
22316  -0.043100
22317  -0.042900
22318  -0.044000
22319  -0.044000
22320  -0.043800
22321  -0.043800
22322  -0.044100
22323  -0.044500
22324  -0.045400
22325  -0.045900
22326  -0.045100
22327  -0.043600
22328  -0.044100
22329  -0.043600
22330  -0.043700
22331  -0.044100
22332  -0.043700
22333  -0.043200
22334  -0.042100
22335  -0.042900
22336  -0.043200
22337  -0.043000
22338  -0.042700
22339  -0.042600
22340  -0.042600
22341  -0.041000
22342  -0.039600
22343  -0.039300
22344  -0.039800
22345  -0.038200
22346  -0.037700
22347  -0.037100
22348  -0.036800
22349  -0.036100
22350  -0.036400
22351  -0.037800
22352  -0.037900
22353  -0.038500
22354  -0.037400
22355  -0.037700
22356  -0.038900
22357  -0.038300
22358  -0.037800
22359  -0.036600
22360  -0.035500
22361  -0.035300
22362  -0.035800
22363  -0.037200
22364  -0.037400
22365  -0.035200
22366  -0.035100
22367  -0.036000
22368  -0.035900
22369  -0.035700
22370  -0.036100
22371  -0.034900
22372  -0.034300
22373  -0.034000
22374  -0.033600
22375  -0.032800
22376  -0.032900
22377  -0.032700
22378  -0.033100
22379  -0.032500
22380  -0.032000
22381  -0.031700
22382  -0.032300
22383  -0.031500
22384  -0.030500
22385  -0.030300
22386  -0.030800
22387  -0.031400
22388  -0.031200
22389  -0.031200
22390  -0.031000
22391  -0.031400
22392  -0.031400
22393  -0.031100
22394  -0.030600
22395  -0.030800
22396  -0.030100
22397  -0.030100
22398  -0.030000
22399  -0.030400
22400  -0.031800
22401  -0.032600
22402  -0.031600
22403  -0.031100
22404  -0.030800
22405  -0.031200
22406  -0.030800
22407  -0.032400
22408  -0.032800
22409  -0.032600
22410  -0.032500
22411  -0.032000
22412  -0.031600
22413  -0.032600
22414  -0.032600
22415  -0.032700
22416  -0.033100
22417  -0.032000
22418  -0.031800
22419  -0.032100
22420  -0.031400
22421  -0.031300
22422  -0.032400
22423  -0.032200
22424  -0.032800
22425  -0.034300
22426  -0.035100
22427  -0.034000
22428  -0.035000
22429  -0.035300
22430  -0.035600
22431  -0.035500
22432  -0.035700
22433  -0.036000
22434  -0.034600
22435  -0.034300
22436  -0.034600
22437  -0.035300
22438  -0.035300
22439  -0.035400
22440  -0.035800
22441  -0.036100
22442  -0.035500
22443  -0.035400
22444  -0.034100
22445  -0.033900
22446  -0.033200
22447  -0.034700
22448  -0.034600
22449  -0.035500
22450  -0.034400
22451  -0.034300
22452  -0.034200
22453  -0.033600
22454  -0.034100
22455  -0.033200
22456  -0.034300
22457  -0.034800
22458  -0.034400
22459  -0.034200
22460  -0.034900
22461  -0.035400
22462  -0.035800
22463  -0.035700
22464  -0.035900
22465  -0.036700
22466  -0.036900
22467  -0.037500
22468  -0.037400
22469  -0.038100
22470  -0.038100
22471  -0.037400
22472  -0.038300
22473  -0.038500
22474  -0.037600
22475  -0.037600
22476  -0.036700
22477  -0.037800
22478  -0.037900
22479  -0.037600
22480  -0.037200
22481  -0.036900
22482  -0.039000
22483  -0.039500
22484  -0.040500
22485  -0.041700
22486  -0.041400
22487  -0.041400
22488  -0.040900
22489  -0.041200
22490  -0.041400
22491  -0.040900
22492  -0.041500
22493  -0.041100
22494  -0.040500
22495  -0.040400
22496  -0.040800
22497  -0.040700
22498  -0.040200
22499  -0.040300
22500  -0.038800
22501  -0.038600
22502  -0.037500
22503  -0.036500
22504  -0.037200
22505  -0.037100
22506  -0.037600
22507  -0.036500
22508  -0.037000
22509  -0.037800
22510  -0.038100
22511  -0.039500
22512  -0.040800
22513  -0.040100
22514  -0.039900
22515  -0.038900
22516  -0.038300
22517  -0.037200
22518  -0.037800
22519  -0.038700
22520  -0.039700
22521  -0.040000
22522  -0.039900
22523  -0.041400
22524  -0.043500
22525  -0.042500
22526  -0.042900
22527  -0.042400
22528  -0.043100
22529  -0.042000
22530  -0.041300
22531  -0.040200
22532  -0.038700
22533  -0.038500
22534  -0.038500
22535  -0.038500
22536  -0.039400
22537  -0.040000
22538  -0.040100
22539  -0.039200
22540  -0.040100
22541  -0.040400
22542  -0.040100
22543  -0.039100
22544  -0.038900
22545  -0.038900
22546  -0.037500
22547  -0.037400
22548  -0.036300
22549  -0.035400
22550  -0.035600
22551  -0.035500
22552  -0.035900
22553  -0.036900
22554  -0.035700
22555  -0.036500
22556  -0.036400
22557  -0.036300
22558  -0.036200
22559  -0.035500
22560  -0.035200
22561  -0.035700
22562  -0.035600
22563  -0.036500
22564  -0.036300
22565  -0.038300
22566  -0.039400
22567  -0.039700
22568  -0.039900
22569  -0.039900
22570  -0.040000
22571  -0.039200
22572  -0.038700
22573  -0.039200
22574  -0.039000
22575  -0.039100
22576  -0.038900
22577  -0.039700
22578  -0.040000
22579  -0.040200
22580  -0.039300
22581  -0.039800
22582  -0.039700
22583  -0.039400
22584  -0.038100
22585  -0.038100
22586  -0.037900
22587  -0.039400
22588  -0.039600
22589  -0.040100
22590  -0.038800
22591  -0.038800
22592  -0.039000
22593  -0.038200
22594  -0.038900
22595  -0.040200
22596  -0.039400
22597  -0.039400
22598  -0.037600
22599  -0.037100
22600  -0.036500
22601  -0.035900
22602  -0.036500
22603  -0.036400
22604  -0.036000
22605  -0.037000
22606  -0.037200
22607  -0.037500
22608  -0.036700
22609  -0.037600
22610  -0.037600
22611  -0.037600
22612  -0.038200
22613  -0.037200
22614  -0.036900
22615  -0.036700
22616  -0.036400
22617  -0.036800
22618  -0.037200
22619  -0.037100
22620  -0.036800
22621  -0.037500
22622  -0.037200
22623  -0.038200
22624  -0.038300
22625  -0.037700
22626  -0.037500
22627  -0.037800
22628  -0.036700
22629  -0.036600
22630  -0.036900
22631  -0.036500
22632  -0.036100
22633  -0.035800
22634  -0.034400
22635  -0.033200
22636  -0.031900
22637  -0.031100
22638  -0.031500
22639  -0.031200
22640  -0.030000
22641  -0.030100
22642  -0.031800
22643  -0.031100
22644  -0.031400
22645  -0.031700
22646  -0.031500
22647  -0.031200
22648  -0.031700
22649  -0.031800
22650  -0.032700
22651  -0.033400
22652  -0.032600
22653  -0.033000
22654  -0.031600
22655  -0.031800
22656  -0.031500
22657  -0.031300
22658  -0.031600
22659  -0.030600
22660  -0.030700
22661  -0.030300
22662  -0.030400
22663  -0.030500
22664  -0.030300
22665  -0.030500
22666  -0.031100
22667  -0.031400
22668  -0.030500
22669  -0.030500
22670  -0.031600
22671  -0.031400
22672  -0.031800
22673  -0.031900
22674  -0.031900
22675  -0.031200
22676  -0.030700
22677  -0.030400
22678  -0.030300
22679  -0.029700
22680  -0.029900
22681  -0.029300
22682  -0.029400
22683  -0.029200
22684  -0.029300
22685  -0.029600
22686  -0.028800
22687  -0.029400
22688  -0.028600
22689  -0.029000
22690  -0.029600
22691  -0.028900
22692  -0.028900
22693  -0.028600
22694  -0.029300
22695  -0.028300
22696  -0.028200
22697  -0.027900
22698  -0.028500
22699  -0.028100
22700  -0.028700
22701  -0.028400
22702  -0.028300
22703  -0.028500
22704  -0.028900
22705  -0.029600
22706  -0.029800
22707  -0.028100
22708  -0.028800
22709  -0.029000
22710  -0.028400
22711  -0.028100
22712  -0.028300
22713  -0.028900
22714  -0.029800
22715  -0.030300
22716  -0.030000
22717  -0.029800
22718  -0.029100
22719  -0.029300
22720  -0.029000
22721  -0.029200
22722  -0.029100
22723  -0.029400
22724  -0.029400
22725  -0.030500
22726  -0.029700
22727  -0.028100
22728  -0.028900
22729  -0.028200
22730  -0.028300
22731  -0.028100
22732  -0.027900
22733  -0.028100
22734  -0.027300
22735  -0.028800
22736  -0.029300
22737  -0.028500
22738  -0.027400
22739  -0.027700
22740  -0.028300
22741  -0.028500
22742  -0.027700
22743  -0.027100
22744  -0.027200
22745  -0.027300
22746  -0.028800
22747  -0.028500
22748  -0.028200
22749  -0.028200
22750  -0.028900
22751  -0.028800
22752  -0.030000
22753  -0.029800
22754  -0.030400
22755  -0.030000
22756  -0.030500
22757  -0.029900
22758  -0.029800
22759  -0.029300
22760  -0.029600
22761  -0.029400
22762  -0.028500
22763  -0.029400
22764  -0.029200
22765  -0.029700
22766  -0.030100
22767  -0.029800
22768  -0.030500
22769  -0.030200
22770  -0.030400
22771  -0.031700
22772  -0.032100
22773  -0.032300
22774  -0.032000
22775  -0.031600
22776  -0.031000
22777  -0.032300
22778  -0.032000
22779  -0.032400
22780  -0.032900
22781  -0.033500
22782  -0.032600
22783  -0.032200
22784  -0.031700
22785  -0.031800
22786  -0.032500
22787  -0.031200
22788  -0.030000
22789  -0.028700
22790  -0.028700
22791  -0.028400
22792  -0.028400
22793  -0.028700
22794  -0.028300
22795  -0.027700
22796  -0.027400
22797  -0.027100
22798  -0.026800
22799  -0.027100
22800  -0.027100
22801  -0.025400
22802  -0.024700
22803  -0.025600
22804  -0.027400
22805  -0.026400
22806  -0.026000
22807  -0.026100
22808  -0.026500
22809  -0.026500
22810  -0.027300
22811  -0.027200
22812  -0.027300
22813  -0.026700
22814  -0.026400
22815  -0.025600
22816  -0.026100
22817  -0.026000
22818  -0.025500
22819  -0.026200
22820  -0.025600
22821  -0.025600
22822  -0.025800
22823  -0.026700
22824  -0.026500
22825  -0.027100
22826  -0.028000
22827  -0.027300
22828  -0.027500
22829  -0.028100
22830  -0.028400
22831  -0.028400
22832  -0.028500
22833  -0.028500
22834  -0.028400
22835  -0.028600
22836  -0.029200
22837  -0.030000
22838  -0.029200
22839  -0.029500
22840  -0.028000
22841  -0.028200
22842  -0.028900
22843  -0.031100
22844  -0.030100
22845  -0.030400
22846  -0.030500
22847  -0.030600
22848  -0.031200
22849  -0.031400
22850  -0.031400
22851  -0.030300
22852  -0.030400
22853  -0.030400
22854  -0.030600
22855  -0.031300
22856  -0.030900
22857  -0.031300
22858  -0.030900
22859  -0.030000
22860  -0.029100
22861  -0.029300
22862  -0.030100
22863  -0.030500
22864  -0.029200
22865  -0.029000
22866  -0.028300
22867  -0.029200
22868  -0.029100
22869  -0.029200
22870  -0.029200
22871  -0.029300
22872  -0.029900
22873  -0.029500
22874  -0.029300
22875  -0.028800
22876  -0.027300
22877  -0.027200
22878  -0.027700
22879  -0.027600
22880  -0.027700
22881  -0.027200
22882  -0.026600
22883  -0.026500
22884  -0.027200
22885  -0.028100
22886  -0.027800
22887  -0.027800
22888  -0.028300
22889  -0.029900
22890  -0.030100
22891  -0.031400
22892  -0.031600
22893  -0.030900
22894  -0.033400
22895  -0.033300
22896  -0.034100
22897  -0.035400
22898  -0.035500
22899  -0.035500
22900  -0.035800
22901  -0.036300
22902  -0.036500
22903  -0.036000
22904  -0.036100
22905  -0.035600
22906  -0.035500
22907  -0.035700
22908  -0.035700
22909  -0.036200
22910  -0.036000
22911  -0.035400
22912  -0.035900
22913  -0.035700
22914  -0.035900
22915  -0.035500
22916  -0.035200
22917  -0.036000
22918  -0.035600
22919  -0.034800
22920  -0.034700
22921  -0.035900
22922  -0.036600
22923  -0.035500
22924  -0.035000
22925  -0.035800
22926  -0.034700
22927  -0.032900
22928  -0.032900
22929  -0.033200
22930  -0.033200
22931  -0.032800
22932  -0.034000
22933  -0.034000
22934  -0.035200
22935  -0.034500
22936  -0.033700
22937  -0.033200
22938  -0.033300
22939  -0.033800
22940  -0.033800
22941  -0.034400
22942  -0.035200
22943  -0.036400
22944  -0.037000
22945  -0.037100
22946  -0.037200
22947  -0.037500
22948  -0.037100
22949  -0.036700
22950  -0.036800
22951  -0.036200
22952  -0.036600
22953  -0.036900
22954  -0.037600
22955  -0.038500
22956  -0.038800
22957  -0.038500
22958  -0.040300
22959  -0.040300
22960  -0.040300
22961  -0.040000
22962  -0.040300
22963  -0.039700
22964  -0.038500
22965  -0.038400
22966  -0.038800
22967  -0.039200
22968  -0.039900
22969  -0.039600
22970  -0.039400
22971  -0.038500
22972  -0.039300
22973  -0.038500
22974  -0.038500
22975  -0.037700
22976  -0.038400
22977  -0.039000
22978  -0.039000
22979  -0.038200
22980  -0.037800
22981  -0.037700
22982  -0.037900
22983  -0.038100
22984  -0.038600
22985  -0.038900
22986  -0.039600
22987  -0.040400
22988  -0.039300
22989  -0.039600
22990  -0.040600
22991  -0.040000
22992  -0.039600
22993  -0.039700
22994  -0.039500
22995  -0.039300
22996  -0.038600
22997  -0.039200
22998  -0.038700
22999  -0.038900
23000  -0.039000
23001  -0.038900
23002  -0.038800
23003  -0.038100
23004  -0.037100
23005  -0.037400
23006  -0.036200
23007  -0.035400
23008  -0.035200
23009  -0.035500
23010  -0.034800
23011  -0.034400
23012  -0.032500
23013  -0.033500
23014  -0.033100
23015  -0.033500
23016  -0.033800
23017  -0.034000
23018  -0.034200
23019  -0.033900
23020  -0.034700
23021  -0.035200
23022  -0.034600
23023  -0.035100
23024  -0.036000
23025  -0.036600
23026  -0.035500
23027  -0.035700
23028  -0.036200
23029  -0.035100
23030  -0.035500
23031  -0.035700
23032  -0.036000
23033  -0.036300
23034  -0.035600
23035  -0.036500
23036  -0.036600
23037  -0.037200
23038  -0.037700
23039  -0.037100
23040  -0.037200
23041  -0.036200
23042  -0.036000
23043  -0.035800
23044  -0.035300
23045  -0.035300
23046  -0.035000
23047  -0.035200
23048  -0.035500
23049  -0.036800
23050  -0.038000
23051  -0.038400
23052  -0.038000
23053  -0.037400
23054  -0.037400
23055  -0.038000
23056  -0.037200
23057  -0.037400
23058  -0.036700
23059  -0.035700
23060  -0.035900
23061  -0.035000
23062  -0.034300
23063  -0.034200
23064  -0.033700
23065  -0.035300
23066  -0.035500
23067  -0.036000
23068  -0.036500
23069  -0.037200
23070  -0.036900
23071  -0.036400
23072  -0.035800
23073  -0.035000
23074  -0.035300
23075  -0.034400
23076  -0.034100
23077  -0.034700
23078  -0.035700
23079  -0.035700
23080  -0.034800
23081  -0.036000
23082  -0.034900
23083  -0.033800
23084  -0.034400
23085  -0.033900
23086  -0.034800
23087  -0.034700
23088  -0.034500
23089  -0.034300
23090  -0.035400
23091  -0.035600
23092  -0.036500
23093  -0.038100
23094  -0.038100
23095  -0.038500
23096  -0.037400
23097  -0.037400
23098  -0.038000
23099  -0.036600
23100  -0.036700
23101  -0.036500
23102  -0.035900
23103  -0.036500
23104  -0.036300
23105  -0.036200
23106  -0.036400
23107  -0.035500
23108  -0.034400
23109  -0.034400
23110  -0.035100
23111  -0.035600
23112  -0.035300
23113  -0.036100
23114  -0.035300
23115  -0.035100
23116  -0.036200
23117  -0.036300
23118  -0.036300
23119  -0.035700
23120  -0.035800
23121  -0.036300
23122  -0.035500
23123  -0.034800
23124  -0.035500
23125  -0.035300
23126  -0.035300
23127  -0.035300
23128  -0.034600
23129  -0.035000
23130  -0.034800
23131  -0.033800
23132  -0.033800
23133  -0.034900
23134  -0.033700
23135  -0.034100
23136  -0.034500
23137  -0.034700
23138  -0.034400
23139  -0.034400
23140  -0.034100
23141  -0.034700
23142  -0.035100
23143  -0.034700
23144  -0.036300
23145  -0.036200
23146  -0.035800
23147  -0.035300
23148  -0.034900
23149  -0.035000
23150  -0.034000
23151  -0.032000
23152  -0.031600
23153  -0.031900
23154  -0.030800
23155  -0.030600
23156  -0.031000
23157  -0.030200
23158  -0.030200
23159  -0.029300
23160  -0.029900
23161  -0.031400
23162  -0.032400
23163  -0.033500
23164  -0.033900
23165  -0.034100
23166  -0.033700
23167  -0.033500
23168  -0.034000
23169  -0.033500
23170  -0.032600
23171  -0.033800
23172  -0.033900
23173  -0.034300
23174  -0.034200
23175  -0.033800
23176  -0.035100
23177  -0.034200
23178  -0.033700
23179  -0.033500
23180  -0.034500
23181  -0.035000
23182  -0.035000
23183  -0.035200
23184  -0.034900
23185  -0.035600
23186  -0.035900
23187  -0.036400
23188  -0.036700
23189  -0.036400
23190  -0.036400
23191  -0.036300
23192  -0.036500
23193  -0.036800
23194  -0.036400
23195  -0.036100
23196  -0.036200
23197  -0.036000
23198  -0.036200
23199  -0.036000
23200  -0.035200
23201  -0.034000
23202  -0.033800
23203  -0.034600
23204  -0.034800
23205  -0.034400
23206  -0.033600
23207  -0.033500
23208  -0.033700
23209  -0.034000
23210  -0.033200
23211  -0.033100
23212  -0.033800
23213  -0.033700
23214  -0.033800
23215  -0.033000
23216  -0.032600
23217  -0.031800
23218  -0.032300
23219  -0.032100
23220  -0.032400
23221  -0.033100
23222  -0.033400
23223  -0.033200
23224  -0.032900
23225  -0.031500
23226  -0.030900
23227  -0.031000
23228  -0.030700
23229  -0.031600
23230  -0.033300
23231  -0.034000
23232  -0.033700
23233  -0.033300
23234  -0.034300
23235  -0.033400
23236  -0.033000
23237  -0.034900
23238  -0.033700
23239  -0.033800
23240  -0.034900
23241  -0.034300
23242  -0.033800
23243  -0.034700
23244  -0.034300
23245  -0.034700
23246  -0.033900
23247  -0.033900
23248  -0.033800
23249  -0.034600
23250  -0.036000
23251  -0.035900
23252  -0.033500
23253  -0.032900
23254  -0.031000
23255  -0.032100
23256  -0.032000
23257  -0.031600
23258  -0.032300
23259  -0.031700
23260  -0.031100
23261  -0.032000
23262  -0.032200
23263  -0.034300
23264  -0.034300
23265  -0.035000
23266  -0.035800
23267  -0.035700
23268  -0.035500
23269  -0.035300
23270  -0.034500
23271  -0.035200
23272  -0.036100
23273  -0.036800
23274  -0.036900
23275  -0.036300
23276  -0.035500
23277  -0.036300
23278  -0.035900
23279  -0.035400
23280  -0.035700
23281  -0.036300
23282  -0.036900
23283  -0.037400
23284  -0.038200
23285  -0.037800
23286  -0.037700
23287  -0.036900
23288  -0.036600
23289  -0.036400
23290  -0.036100
23291  -0.037600
23292  -0.035400
23293  -0.035300
23294  -0.035600
23295  -0.035800
23296  -0.036800
23297  -0.037700
23298  -0.037200
23299  -0.035500
23300  -0.033800
23301  -0.033500
23302  -0.032500
23303  -0.032000
23304  -0.031900
23305  -0.032400
23306  -0.032400
23307  -0.031000
23308  -0.031100
23309  -0.032100
23310  -0.032300
23311  -0.032800
23312  -0.033800
23313  -0.033900
23314  -0.033500
23315  -0.034100
23316  -0.033000
23317  -0.034000
23318  -0.033400
23319  -0.033300
23320  -0.032200
23321  -0.031300
23322  -0.031100
23323  -0.032400
23324  -0.032700
23325  -0.032800
23326  -0.031000
23327  -0.032200
23328  -0.032000
23329  -0.031600
23330  -0.031800
23331  -0.032200
23332  -0.031500
23333  -0.031500
23334  -0.031500
23335  -0.030300
23336  -0.029500
23337  -0.030700
23338  -0.030600
23339  -0.031400
23340  -0.030900
23341  -0.031000
23342  -0.030800
23343  -0.031200
23344  -0.031400
23345  -0.032600
23346  -0.032700
23347  -0.033100
23348  -0.033300
23349  -0.033400
23350  -0.033800
23351  -0.034600
23352  -0.034700
23353  -0.035100
23354  -0.035500
23355  -0.035800
23356  -0.035800
23357  -0.034400
23358  -0.035400
23359  -0.033800
23360  -0.034200
23361  -0.034200
23362  -0.034000
23363  -0.035300
23364  -0.035600
23365  -0.034800
23366  -0.035400
23367  -0.035700
23368  -0.034200
23369  -0.032800
23370  -0.033800
23371  -0.033600
23372  -0.033200
23373  -0.033600
23374  -0.035000
23375  -0.035500
23376  -0.036300
23377  -0.034600
23378  -0.034800
23379  -0.034000
23380  -0.034400
23381  -0.034800
23382  -0.035400
23383  -0.036000
23384  -0.035200
23385  -0.035000
23386  -0.033600
23387  -0.033900
23388  -0.034000
23389  -0.034300
23390  -0.034500
23391  -0.033800
23392  -0.033600
23393  -0.033900
23394  -0.034200
23395  -0.034300
23396  -0.033900
23397  -0.034300
23398  -0.034400
23399  -0.034400
23400  -0.034400
23401  -0.034000
23402  -0.034500
23403  -0.033200
23404  -0.034300
23405  -0.034000
23406  -0.034900
23407  -0.034700
23408  -0.035200
23409  -0.035900
23410  -0.036700
23411  -0.036900
23412  -0.036000
23413  -0.037400
23414  -0.037500
23415  -0.037500
23416  -0.037900
23417  -0.037600
23418  -0.037800
23419  -0.036900
23420  -0.037500
23421  -0.037500
23422  -0.038000
23423  -0.038800
23424  -0.038800
23425  -0.037800
23426  -0.037700
23427  -0.037600
23428  -0.036800
23429  -0.037100
23430  -0.036700
23431  -0.036300
23432  -0.037600
23433  -0.036700
23434  -0.036600
23435  -0.036200
23436  -0.037100
23437  -0.037000
23438  -0.036300
23439  -0.037100
23440  -0.036900
23441  -0.036600
23442  -0.037000
23443  -0.037300
23444  -0.038400
23445  -0.038300
23446  -0.037300
23447  -0.036800
23448  -0.037800
23449  -0.037600
23450  -0.039100
23451  -0.039600
23452  -0.040200
23453  -0.041100
23454  -0.039800
23455  -0.039200
23456  -0.039600
23457  -0.039400
23458  -0.040200
23459  -0.041000
23460  -0.041900
23461  -0.042200
23462  -0.041800
23463  -0.040800
23464  -0.041000
23465  -0.041500
23466  -0.041500
23467  -0.040200
23468  -0.040000
23469  -0.040100
23470  -0.039600
23471  -0.039700
23472  -0.039100
23473  -0.038900
23474  -0.038500
23475  -0.038200
23476  -0.038700
23477  -0.038700
23478  -0.038300
23479  -0.037600
23480  -0.037400
23481  -0.037800
23482  -0.037400
23483  -0.037000
23484  -0.037600
23485  -0.038200
23486  -0.039500
23487  -0.039800
23488  -0.039100
23489  -0.038700
23490  -0.038300
23491  -0.038500
23492  -0.038900
23493  -0.039200
23494  -0.039300
23495  -0.039800
23496  -0.038900
23497  -0.038400
23498  -0.039100
23499  -0.038300
23500  -0.037000
23501  -0.036500
23502  -0.036800
23503  -0.036800
23504  -0.035300
23505  -0.035000
23506  -0.034900
23507  -0.034200
23508  -0.033900
23509  -0.033400
23510  -0.033400
23511  -0.032700
23512  -0.031500
23513  -0.031600
23514  -0.032300
23515  -0.032300
23516  -0.032700
23517  -0.032700
23518  -0.034000
23519  -0.034400
23520  -0.034800
23521  -0.034300
23522  -0.033800
23523  -0.034400
23524  -0.033800
23525  -0.033600
23526  -0.032100
23527  -0.032300
23528  -0.031500
23529  -0.031200
23530  -0.031200
23531  -0.030800
23532  -0.029700
23533  -0.030300
23534  -0.030300
23535  -0.029400
23536  -0.029800
23537  -0.029900
23538  -0.029700
23539  -0.029400
23540  -0.029200
23541  -0.027500
23542  -0.027200
23543  -0.027400
23544  -0.027500
23545  -0.028300
23546  -0.028400
23547  -0.027800
23548  -0.028100
23549  -0.028400
23550  -0.028300
23551  -0.028100
23552  -0.028100
23553  -0.029200
23554  -0.029400
23555  -0.029300
23556  -0.028700
23557  -0.029300
23558  -0.030100
23559  -0.029900
23560  -0.030400
23561  -0.030400
23562  -0.030600
23563  -0.030700
23564  -0.030500
23565  -0.029500
23566  -0.029600
23567  -0.028900
23568  -0.028700
23569  -0.028400
23570  -0.027500
23571  -0.026600
23572  -0.025900
23573  -0.026600
23574  -0.026400
23575  -0.027600
23576  -0.027400
23577  -0.027700
23578  -0.028700
23579  -0.027800
23580  -0.028000
23581  -0.027800
23582  -0.027700
23583  -0.029000
23584  -0.028500
23585  -0.028200
23586  -0.029800
23587  -0.030800
23588  -0.031100
23589  -0.031600
23590  -0.031900
23591  -0.031800
23592  -0.031500
23593  -0.031800
23594  -0.031900
23595  -0.031200
23596  -0.030200
23597  -0.031400
23598  -0.031600
23599  -0.032600
23600  -0.032400
23601  -0.031800
23602  -0.031800
23603  -0.030700
23604  -0.031900
23605  -0.031100
23606  -0.031100
23607  -0.030700
23608  -0.030500
23609  -0.031200
23610  -0.031000
23611  -0.031900
23612  -0.032000
23613  -0.031700
23614  -0.032000
23615  -0.032000
23616  -0.032200
23617  -0.032700
23618  -0.034600
23619  -0.034800
23620  -0.034800
23621  -0.036600
23622  -0.037300
23623  -0.037700
23624  -0.039000
23625  -0.037900
23626  -0.036800
23627  -0.036500
23628  -0.035800
23629  -0.036700
23630  -0.037300
23631  -0.038200
23632  -0.038100
23633  -0.037800
23634  -0.037600
23635  -0.037800
23636  -0.038400
23637  -0.038000
23638  -0.038500
23639  -0.040200
23640  -0.040700
23641  -0.040900
23642  -0.041300
23643  -0.040800
23644  -0.039800
23645  -0.040600
23646  -0.041700
23647  -0.041700
23648  -0.041600
23649  -0.042100
23650  -0.042500
23651  -0.042000
23652  -0.041600
23653  -0.042000
23654  -0.042800
23655  -0.042200
23656  -0.042500
23657  -0.042000
23658  -0.041600
23659  -0.042300
23660  -0.044000
23661  -0.043700
23662  -0.044700
23663  -0.044800
23664  -0.044400
23665  -0.044300
23666  -0.045400
23667  -0.044800
23668  -0.045100
23669  -0.044000
23670  -0.043900
23671  -0.045000
23672  -0.045300
23673  -0.045500
23674  -0.045000
23675  -0.046400
23676  -0.047300
23677  -0.047600
23678  -0.047300
23679  -0.047600
23680  -0.047600
23681  -0.047100
23682  -0.046900
23683  -0.048200
23684  -0.048900
23685  -0.048800
23686  -0.048300
23687  -0.048500
23688  -0.048500
23689  -0.048400
23690  -0.048500
23691  -0.048700
23692  -0.048500
23693  -0.048900
23694  -0.049600
23695  -0.049200
23696  -0.047400
23697  -0.047000
23698  -0.046700
23699  -0.046200
23700  -0.045200
23701  -0.045500
23702  -0.044600
23703  -0.044600
23704  -0.045100
23705  -0.046400
23706  -0.046400
23707  -0.046500
23708  -0.048400
23709  -0.047900
23710  -0.046900
23711  -0.046700
23712  -0.047000
23713  -0.047400
23714  -0.047500
23715  -0.046700
23716  -0.046400
23717  -0.045900
23718  -0.044900
23719  -0.045500
23720  -0.045000
23721  -0.044600
23722  -0.043500
23723  -0.043200
23724  -0.042600
23725  -0.041900
23726  -0.042100
23727  -0.042400
23728  -0.042600
23729  -0.041400
23730  -0.040900
23731  -0.041500
23732  -0.041400
23733  -0.040700
23734  -0.040800
23735  -0.041200
23736  -0.041600
23737  -0.041300
23738  -0.041000
23739  -0.041000
23740  -0.040400
23741  -0.041700
23742  -0.042700
23743  -0.043200
23744  -0.043200
23745  -0.042600
23746  -0.042900
23747  -0.043400
23748  -0.045000
23749  -0.045900
23750  -0.045300
23751  -0.045300
23752  -0.045500
23753  -0.045600
23754  -0.046100
23755  -0.047100
23756  -0.047300
23757  -0.048300
23758  -0.048700
23759  -0.049500
23760  -0.050400
23761  -0.051400
23762  -0.051100
23763  -0.051500
23764  -0.051100
23765  -0.050300
23766  -0.050300
23767  -0.051000
23768  -0.050500
23769  -0.050000
23770  -0.049100
23771  -0.048500
23772  -0.048500
23773  -0.048400
23774  -0.047900
23775  -0.047800
23776  -0.048000
23777  -0.049200
23778  -0.050400
23779  -0.051500
23780  -0.052200
23781  -0.051200
23782  -0.051600
23783  -0.051800
23784  -0.051900
23785  -0.051000
23786  -0.050500
23787  -0.050800
23788  -0.051900
23789  -0.052300
23790  -0.051800
23791  -0.053200
23792  -0.053600
23793  -0.054000
23794  -0.054900
23795  -0.054300
23796  -0.054700
23797  -0.054500
23798  -0.054000
23799  -0.053500
23800  -0.052500
23801  -0.051000
23802  -0.051700
23803  -0.051800
23804  -0.051900
23805  -0.052900
23806  -0.052900
23807  -0.053500
23808  -0.053400
23809  -0.054900
23810  -0.055100
23811  -0.055000
23812  -0.054900
23813  -0.054500
23814  -0.055000
23815  -0.054500
23816  -0.054200
23817  -0.052900
23818  -0.053000
23819  -0.053200
23820  -0.053700
23821  -0.053600
23822  -0.052200
23823  -0.052400
23824  -0.052400
23825  -0.052600
23826  -0.052300
23827  -0.052400
23828  -0.052600
23829  -0.051200
23830  -0.050500
23831  -0.051700
23832  -0.051700
23833  -0.051500
23834  -0.049800
23835  -0.049800
23836  -0.050500
23837  -0.050600
23838  -0.051200
23839  -0.051100
23840  -0.051200
23841  -0.053300
23842  -0.053700
23843  -0.053000
23844  -0.052600
23845  -0.052400
23846  -0.052100
23847  -0.051500
23848  -0.052500
23849  -0.053200
23850  -0.053000
23851  -0.053500
23852  -0.053900
23853  -0.054200
23854  -0.054000
23855  -0.053900
23856  -0.055000
23857  -0.054700
23858  -0.055100
23859  -0.054600
23860  -0.054800
23861  -0.054400
23862  -0.055200
23863  -0.055600
23864  -0.055400
23865  -0.056200
23866  -0.056400
23867  -0.056400
23868  -0.056300
23869  -0.055800
23870  -0.055100
23871  -0.054000
23872  -0.051900
23873  -0.052000
23874  -0.053000
23875  -0.054500
23876  -0.054700
23877  -0.054500
23878  -0.054900
23879  -0.054200
23880  -0.054100
23881  -0.053400
23882  -0.052100
23883  -0.051900
23884  -0.052000
23885  -0.052500
23886  -0.051000
23887  -0.052200
23888  -0.052200
23889  -0.051100
23890  -0.051100
23891  -0.051200
23892  -0.052100
23893  -0.051800
23894  -0.051100
23895  -0.051000
23896  -0.051800
23897  -0.052200
23898  -0.054400
23899  -0.055000
23900  -0.055800
23901  -0.055300
23902  -0.054900
23903  -0.055000
23904  -0.055000
23905  -0.055700
23906  -0.055900
23907  -0.055900
23908  -0.055600
23909  -0.055600
23910  -0.056000
23911  -0.056600
23912  -0.055900
23913  -0.055700
23914  -0.054500
23915  -0.054000
23916  -0.053300
23917  -0.052900
23918  -0.052400
23919  -0.051400
23920  -0.052700
23921  -0.052400
23922  -0.052400
23923  -0.052400
23924  -0.052800
23925  -0.053700
23926  -0.055100
23927  -0.056300
23928  -0.056400
23929  -0.055800
23930  -0.055200
23931  -0.056300
23932  -0.056300
23933  -0.056100
23934  -0.055800
23935  -0.055100
23936  -0.055100
23937  -0.055000
23938  -0.054200
23939  -0.054800
23940  -0.055100
23941  -0.054500
23942  -0.055400
23943  -0.055000
23944  -0.054700
23945  -0.054100
23946  -0.054800
23947  -0.055700
23948  -0.056800
23949  -0.056000
23950  -0.055700
23951  -0.056000
23952  -0.056200
23953  -0.055800
23954  -0.054800
23955  -0.054000
23956  -0.053000
23957  -0.053300
23958  -0.054200
23959  -0.054200
23960  -0.054100
23961  -0.054100
23962  -0.053800
23963  -0.053400
23964  -0.053900
23965  -0.054600
23966  -0.055300
23967  -0.054200
23968  -0.054000
23969  -0.054000
23970  -0.054500
23971  -0.054900
23972  -0.053400
23973  -0.053500
23974  -0.052900
23975  -0.052700
23976  -0.052200
23977  -0.052300
23978  -0.052500
23979  -0.052200
23980  -0.052000
23981  -0.051700
23982  -0.051300
23983  -0.050700
23984  -0.052100
23985  -0.052700
23986  -0.052100
23987  -0.052200
23988  -0.052200
23989  -0.052300
23990  -0.052000
23991  -0.052900
23992  -0.052800
23993  -0.052800
23994  -0.052600
23995  -0.052900
23996  -0.052000
23997  -0.051300
23998  -0.049600
23999  -0.049300
24000  -0.050500
24001  -0.050200
24002  -0.050500
24003  -0.051000
24004  -0.049700
24005  -0.049300
24006  -0.050500
24007  -0.050400
24008  -0.050800
24009  -0.051100
24010  -0.051900
24011  -0.051000
24012  -0.050800
24013  -0.049500
24014  -0.049500
24015  -0.049600
24016  -0.050600
24017  -0.051900
24018  -0.053200
24019  -0.053300
24020  -0.052600
24021  -0.053500
24022  -0.053500
24023  -0.052800
24024  -0.052400
24025  -0.052300
24026  -0.051500
24027  -0.050900
24028  -0.049900
24029  -0.050500
24030  -0.051500
24031  -0.051200
24032  -0.050100
24033  -0.050200
24034  -0.051100
24035  -0.051700
24036  -0.052900
24037  -0.051500
24038  -0.051300
24039  -0.051600
24040  -0.052000
24041  -0.051500
24042  -0.052400
24043  -0.052300
24044  -0.052600
24045  -0.052700
24046  -0.053700
24047  -0.053200
24048  -0.052900
24049  -0.053100
24050  -0.054200
24051  -0.053300
24052  -0.051900
24053  -0.051500
24054  -0.052400
24055  -0.051800
24056  -0.051900
24057  -0.052900
24058  -0.053600
24059  -0.053300
24060  -0.054900
24061  -0.055500
24062  -0.055300
24063  -0.056300
24064  -0.055800
24065  -0.056200
24066  -0.057100
24067  -0.057200
24068  -0.056700
24069  -0.056700
24070  -0.058500
24071  -0.058500
24072  -0.057200
24073  -0.057600
24074  -0.056500
24075  -0.057800
24076  -0.058500
24077  -0.057600
24078  -0.057800
24079  -0.057600
24080  -0.058300
24081  -0.056900
24082  -0.056500
24083  -0.056700
24084  -0.058000
24085  -0.058000
24086  -0.058500
24087  -0.058900
24088  -0.059200
24089  -0.058900
24090  -0.059300
24091  -0.058600
24092  -0.059400
24093  -0.059400
24094  -0.059300
24095  -0.058000
24096  -0.057300
24097  -0.057000
24098  -0.056800
24099  -0.056700
24100  -0.056500
24101  -0.057400
24102  -0.057400
24103  -0.057600
24104  -0.058200
24105  -0.058400
24106  -0.058200
24107  -0.058900
24108  -0.059300
24109  -0.059800
24110  -0.059700
24111  -0.059900
24112  -0.059900
24113  -0.060000
24114  -0.059300
24115  -0.060400
24116  -0.059600
24117  -0.060900
24118  -0.061000
24119  -0.060700
24120  -0.060700
24121  -0.060800
24122  -0.060200
24123  -0.060400
24124  -0.060200
24125  -0.060800
24126  -0.061100
24127  -0.060300
24128  -0.061200
24129  -0.061200
24130  -0.061500
24131  -0.060600
24132  -0.061800
24133  -0.060200
24134  -0.060300
24135  -0.061300
24136  -0.061800
24137  -0.061400
24138  -0.059900
24139  -0.058500
24140  -0.059700
24141  -0.058300
24142  -0.057400
24143  -0.057300
24144  -0.057400
24145  -0.057900
24146  -0.058800
24147  -0.059300
24148  -0.059100
24149  -0.059600
24150  -0.059100
24151  -0.059000
24152  -0.059000
24153  -0.059100
24154  -0.059700
24155  -0.059000
24156  -0.057400
24157  -0.056000
24158  -0.056500
24159  -0.055700
24160  -0.054600
24161  -0.054700
24162  -0.055300
24163  -0.054400
24164  -0.053900
24165  -0.054400
24166  -0.054100
24167  -0.053700
24168  -0.053700
24169  -0.053700
24170  -0.054000
24171  -0.054000
24172  -0.054500
24173  -0.053500
24174  -0.055800
24175  -0.056200
24176  -0.057100
24177  -0.057600
24178  -0.056500
24179  -0.057100
24180  -0.055700
24181  -0.056200
24182  -0.055500
24183  -0.054700
24184  -0.054600
24185  -0.053600
24186  -0.053700
24187  -0.053000
24188  -0.053000
24189  -0.052100
24190  -0.052800
24191  -0.052700
24192  -0.054000
24193  -0.055600
24194  -0.056100
24195  -0.056800
24196  -0.056600
24197  -0.056700
24198  -0.056500
24199  -0.056800
24200  -0.056800
24201  -0.057000
24202  -0.057000
24203  -0.056700
24204  -0.057200
24205  -0.058000
24206  -0.058000
24207  -0.057700
24208  -0.058000
24209  -0.058200
24210  -0.058000
24211  -0.057700
24212  -0.058900
24213  -0.059100
24214  -0.058600
24215  -0.057800
24216  -0.057500
24217  -0.057700
24218  -0.057300
24219  -0.056500
24220  -0.056800
24221  -0.056300
24222  -0.057300
24223  -0.056500
24224  -0.055700
24225  -0.056400
24226  -0.056600
24227  -0.055900
24228  -0.056700
24229  -0.056400
24230  -0.054700
24231  -0.055600
24232  -0.056300
24233  -0.056900
24234  -0.057300
24235  -0.057300
24236  -0.057700
24237  -0.057600
24238  -0.058000
24239  -0.058500
24240  -0.057600
24241  -0.056600
24242  -0.057100
24243  -0.056800
24244  -0.055600
24245  -0.056300
24246  -0.056300
24247  -0.056700
24248  -0.057500
24249  -0.057300
24250  -0.057800
24251  -0.058300
24252  -0.058400
24253  -0.057300
24254  -0.056600
24255  -0.057100
24256  -0.057900
24257  -0.057200
24258  -0.056100
24259  -0.057000
24260  -0.057800
24261  -0.057400
24262  -0.057500
24263  -0.057000
24264  -0.056100
24265  -0.056800
24266  -0.056700
24267  -0.055400
24268  -0.055100
24269  -0.055300
24270  -0.055300
24271  -0.057100
24272  -0.058400
24273  -0.057600
24274  -0.058200
24275  -0.058200
24276  -0.059200
24277  -0.058400
24278  -0.058000
24279  -0.057400
24280  -0.057100
24281  -0.057200
24282  -0.056800
24283  -0.057300
24284  -0.056900
24285  -0.057300
24286  -0.055900
24287  -0.055800
24288  -0.055900
24289  -0.056200
24290  -0.055300
24291  -0.055200
24292  -0.054500
24293  -0.054800
24294  -0.053700
24295  -0.053800
24296  -0.052700
24297  -0.052100
24298  -0.052500
24299  -0.051800
24300  -0.051600
24301  -0.052300
24302  -0.051800
24303  -0.052200
24304  -0.052800
24305  -0.052100
24306  -0.052200
24307  -0.052600
24308  -0.052100
24309  -0.052000
24310  -0.051400
24311  -0.050900
24312  -0.051500
24313  -0.052000
24314  -0.051300
24315  -0.052100
24316  -0.052500
24317  -0.052500
24318  -0.052500
24319  -0.053500
24320  -0.054200
24321  -0.055200
24322  -0.054900
24323  -0.054100
24324  -0.052300
24325  -0.051900
24326  -0.051200
24327  -0.051800
24328  -0.051100
24329  -0.050800
24330  -0.050400
24331  -0.050400
24332  -0.050600
24333  -0.050800
24334  -0.049900
24335  -0.050900
24336  -0.050800
24337  -0.050400
24338  -0.050500
24339  -0.051600
24340  -0.051900
24341  -0.051100
24342  -0.051600
24343  -0.051900
24344  -0.051300
24345  -0.052100
24346  -0.052700
24347  -0.052600
24348  -0.053200
24349  -0.053300
24350  -0.054000
24351  -0.055400
24352  -0.055000
24353  -0.054700
24354  -0.054600
24355  -0.053900
24356  -0.054500
24357  -0.055300
24358  -0.055600
24359  -0.056400
24360  -0.055900
24361  -0.055400
24362  -0.055400
24363  -0.056000
24364  -0.056100
24365  -0.057200
24366  -0.057100
24367  -0.056400
24368  -0.056100
24369  -0.056300
24370  -0.056700
24371  -0.056100
24372  -0.054500
24373  -0.054500
24374  -0.053400
24375  -0.053000
24376  -0.052300
24377  -0.052300
24378  -0.053100
24379  -0.053000
24380  -0.054000
24381  -0.053100
24382  -0.052300
24383  -0.050700
24384  -0.050400
24385  -0.049000
24386  -0.049600
24387  -0.048800
24388  -0.048700
24389  -0.049100
24390  -0.048100
24391  -0.047700
24392  -0.046900
24393  -0.046400
24394  -0.045700
24395  -0.045600
24396  -0.045800
24397  -0.045200
24398  -0.044900
24399  -0.045500
24400  -0.046100
24401  -0.046400
24402  -0.046100
24403  -0.046100
24404  -0.045400
24405  -0.045300
24406  -0.045900
24407  -0.046000
24408  -0.046800
24409  -0.047500
24410  -0.047300
24411  -0.045700
24412  -0.045400
24413  -0.045900
24414  -0.046000
24415  -0.046600
24416  -0.046300
24417  -0.046400
24418  -0.046100
24419  -0.046600
24420  -0.046900
24421  -0.046200
24422  -0.045300
24423  -0.044700
24424  -0.044300
24425  -0.043800
24426  -0.044500
24427  -0.045100
24428  -0.045200
24429  -0.045900
24430  -0.046200
24431  -0.046700
24432  -0.046700
24433  -0.046200
24434  -0.045600
24435  -0.044400
24436  -0.044700
24437  -0.045600
24438  -0.045800
24439  -0.045900
24440  -0.046900
24441  -0.047600
24442  -0.047400
24443  -0.046900
24444  -0.046600
24445  -0.046800
24446  -0.046200
24447  -0.046200
24448  -0.047200
24449  -0.047500
24450  -0.048000
24451  -0.047100
24452  -0.046700
24453  -0.046600
24454  -0.046700
24455  -0.047000
24456  -0.048300
24457  -0.047500
24458  -0.047200
24459  -0.047900
24460  -0.048900
24461  -0.047600
24462  -0.047600
24463  -0.046700
24464  -0.047500
24465  -0.048300
24466  -0.048600
24467  -0.048200
24468  -0.047900
24469  -0.047200
24470  -0.047500
24471  -0.046500
24472  -0.046900
24473  -0.046900
24474  -0.045700
24475  -0.045700
24476  -0.044500
24477  -0.044400
24478  -0.045800
24479  -0.045900
24480  -0.045500
24481  -0.045800
24482  -0.045100
24483  -0.044700
24484  -0.044000
24485  -0.043700
24486  -0.043000
24487  -0.043100
24488  -0.043100
24489  -0.042100
24490  -0.042900
24491  -0.042300
24492  -0.042000
24493  -0.042400
24494  -0.042800
24495  -0.043500
24496  -0.043600
24497  -0.043200
24498  -0.042300
24499  -0.042400
24500  -0.043400
24501  -0.043800
24502  -0.043700
24503  -0.043300
24504  -0.043600
24505  -0.043000
24506  -0.042100
24507  -0.042900
24508  -0.043700
24509  -0.043300
24510  -0.043300
24511  -0.044300
24512  -0.044000
24513  -0.043300
24514  -0.042100
24515  -0.043100
24516  -0.043700
24517  -0.042600
24518  -0.042000
24519  -0.042000
24520  -0.042400
24521  -0.042100
24522  -0.041900
24523  -0.042400
24524  -0.041300
24525  -0.042100
24526  -0.043000
24527  -0.044000
24528  -0.043900
24529  -0.043300
24530  -0.042600
24531  -0.042300
24532  -0.042500
24533  -0.043300
24534  -0.043000
24535  -0.042600
24536  -0.043400
24537  -0.042900
24538  -0.043700
24539  -0.043900
24540  -0.043800
24541  -0.043500
24542  -0.043200
24543  -0.042700
24544  -0.042200
24545  -0.042100
24546  -0.041800
24547  -0.040400
24548  -0.040600
24549  -0.041700
24550  -0.041200
24551  -0.040400
24552  -0.040100
24553  -0.038700
24554  -0.038800
24555  -0.038300
24556  -0.038000
24557  -0.036600
24558  -0.036700
24559  -0.037500
24560  -0.036100
24561  -0.036100
24562  -0.035800
24563  -0.036100
24564  -0.036500
24565  -0.037000
24566  -0.037100
24567  -0.036600
24568  -0.036500
24569  -0.037300
24570  -0.037500
24571  -0.037000
24572  -0.036500
24573  -0.035300
24574  -0.035000
24575  -0.035700
24576  -0.035100
24577  -0.035200
24578  -0.035400
24579  -0.036700
24580  -0.036400
24581  -0.036300
24582  -0.036000
24583  -0.035900
24584  -0.035000
24585  -0.035500
24586  -0.034300
24587  -0.034600
24588  -0.035100
24589  -0.035000
24590  -0.035500
24591  -0.036600
24592  -0.036000
24593  -0.036700
24594  -0.036700
24595  -0.036000
24596  -0.036100
24597  -0.036800
24598  -0.036800
24599  -0.036400
24600  -0.036900
24601  -0.036200
24602  -0.034500
24603  -0.035300
24604  -0.034800
24605  -0.034800
24606  -0.035200
24607  -0.035100
24608  -0.035200
24609  -0.035000
24610  -0.034900
24611  -0.035100
24612  -0.034700
24613  -0.033900
24614  -0.033900
24615  -0.034400
24616  -0.033700
24617  -0.034200
24618  -0.035000
24619  -0.034400
24620  -0.035100
24621  -0.034900
24622  -0.034700
24623  -0.033800
24624  -0.032700
24625  -0.031100
24626  -0.031400
24627  -0.030900
24628  -0.030200
24629  -0.030900
24630  -0.032000
24631  -0.032100
24632  -0.031800
24633  -0.032300
24634  -0.032600
24635  -0.031500
24636  -0.031800
24637  -0.030800
24638  -0.031100
24639  -0.031100
24640  -0.031200
24641  -0.029900
24642  -0.030500
24643  -0.030400
24644  -0.030600
24645  -0.030300
24646  -0.031000
24647  -0.030700
24648  -0.030200
24649  -0.030300
24650  -0.030500
24651  -0.030300
24652  -0.030800
24653  -0.030600
24654  -0.031000
24655  -0.031400
24656  -0.030900
24657  -0.031300
24658  -0.029900
24659  -0.031200
24660  -0.032600
24661  -0.032700
24662  -0.033400
24663  -0.032200
24664  -0.031900
24665  -0.031300
24666  -0.032100
24667  -0.032600
24668  -0.032500
24669  -0.032200
24670  -0.031200
24671  -0.031300
24672  -0.031100
24673  -0.031900
24674  -0.032000
24675  -0.032200
24676  -0.030800
24677  -0.029800
24678  -0.029800
24679  -0.030900
24680  -0.031100
24681  -0.031100
24682  -0.030700
24683  -0.031200
24684  -0.031700
24685  -0.033300
24686  -0.034500
24687  -0.033800
24688  -0.034300
24689  -0.034700
24690  -0.035200
24691  -0.035100
24692  -0.033700
24693  -0.033900
24694  -0.033500
24695  -0.033300
24696  -0.034400
24697  -0.034400
24698  -0.034100
24699  -0.034500
24700  -0.036000
24701  -0.035800
24702  -0.036400
24703  -0.036000
24704  -0.037200
24705  -0.038200
24706  -0.038800
24707  -0.039500
24708  -0.037700
24709  -0.039100
24710  -0.038700
24711  -0.038700
24712  -0.038100
24713  -0.038900
24714  -0.038100
24715  -0.038300
24716  -0.039000
24717  -0.038700
24718  -0.037800
24719  -0.038100
24720  -0.037900
24721  -0.037500
24722  -0.037000
24723  -0.036700
24724  -0.035500
24725  -0.035600
24726  -0.035800
24727  -0.036000
24728  -0.036400
24729  -0.036300
24730  -0.035700
24731  -0.036100
24732  -0.035200
24733  -0.034700
24734  -0.036800
24735  -0.036400
24736  -0.036700
24737  -0.036500
24738  -0.036100
24739  -0.036600
24740  -0.036500
24741  -0.036600
24742  -0.037000
24743  -0.036600
24744  -0.036200
24745  -0.036700
24746  -0.036700
24747  -0.037200
24748  -0.036300
24749  -0.036100
24750  -0.036800
24751  -0.035600
24752  -0.035700
24753  -0.036000
24754  -0.035700
24755  -0.036300
24756  -0.035800
24757  -0.036800
24758  -0.037200
24759  -0.037500
24760  -0.037000
24761  -0.037100
24762  -0.038100
24763  -0.038200
24764  -0.037900
24765  -0.037300
24766  -0.036700
24767  -0.036600
24768  -0.038200
24769  -0.037200
24770  -0.038200
24771  -0.039000
24772  -0.038700
24773  -0.038800
24774  -0.039300
24775  -0.038300
24776  -0.038100
24777  -0.039100
24778  -0.038000
24779  -0.037600
24780  -0.037100
24781  -0.036900
24782  -0.037000
24783  -0.037200
24784  -0.037400
24785  -0.036500
24786  -0.036600
24787  -0.036700
24788  -0.035300
24789  -0.035200
24790  -0.036200
24791  -0.036400
24792  -0.037200
24793  -0.036700
24794  -0.037100
24795  -0.036800
24796  -0.037600
24797  -0.037800
24798  -0.038400
24799  -0.039100
24800  -0.038700
24801  -0.038900
24802  -0.039900
24803  -0.039700
24804  -0.039500
24805  -0.038600
24806  -0.039600
24807  -0.039300
24808  -0.039700
24809  -0.039800
24810  -0.039300
24811  -0.040300
24812  -0.040600
24813  -0.040900
24814  -0.040700
24815  -0.041100
24816  -0.041200
24817  -0.040600
24818  -0.040200
24819  -0.040500
24820  -0.039600
24821  -0.039300
24822  -0.039300
24823  -0.039700
24824  -0.040500
24825  -0.039900
24826  -0.039900
24827  -0.039400
24828  -0.039600
24829  -0.039700
24830  -0.040400
24831  -0.039700
24832  -0.039400
24833  -0.039600
24834  -0.039800
24835  -0.039300
24836  -0.038400
24837  -0.038300
24838  -0.039000
24839  -0.039000
24840  -0.038700
24841  -0.038300
24842  -0.039300
24843  -0.039900
24844  -0.040200
24845  -0.039300
24846  -0.038900
24847  -0.038800
24848  -0.039000
24849  -0.038800
24850  -0.037900
24851  -0.037900
24852  -0.037100
24853  -0.037400
24854  -0.037400
24855  -0.037700
24856  -0.037800
24857  -0.039300
24858  -0.038700
24859  -0.038700
24860  -0.039500
24861  -0.038900
24862  -0.039800
24863  -0.039700
24864  -0.039500
24865  -0.040000
24866  -0.039700
24867  -0.040200
24868  -0.040400
24869  -0.040400
24870  -0.040100
24871  -0.040700
24872  -0.040900
24873  -0.041500
24874  -0.043000
24875  -0.043100
24876  -0.043000
24877  -0.043100
24878  -0.042800
24879  -0.042400
24880  -0.041800
24881  -0.041600
24882  -0.040900
24883  -0.040400
24884  -0.040100
24885  -0.039500
24886  -0.038900
24887  -0.039200
24888  -0.039000
24889  -0.037900
24890  -0.038200
24891  -0.037700
24892  -0.037300
24893  -0.037600
24894  -0.038200
24895  -0.038800
24896  -0.038900
24897  -0.038500
24898  -0.038500
24899  -0.038900
24900  -0.039400
24901  -0.039500
24902  -0.040300
24903  -0.041200
24904  -0.041400
24905  -0.041900
24906  -0.041300
24907  -0.040400
24908  -0.040900
24909  -0.041200
24910  -0.041000
24911  -0.041500
24912  -0.040800
24913  -0.041900
24914  -0.040700
24915  -0.040100
24916  -0.040300
24917  -0.039100
24918  -0.039200
24919  -0.038800
24920  -0.039800
24921  -0.039700
24922  -0.039700
24923  -0.039400
24924  -0.038300
24925  -0.038500
24926  -0.039200
24927  -0.039900
24928  -0.039000
24929  -0.039300
24930  -0.040600
24931  -0.040300
24932  -0.040800
24933  -0.041000
24934  -0.041700
24935  -0.041100
24936  -0.040400
24937  -0.040800
24938  -0.040500
24939  -0.040400
24940  -0.040600
24941  -0.041200
24942  -0.040500
24943  -0.041200
24944  -0.041000
24945  -0.040100
24946  -0.039100
24947  -0.038300
24948  -0.038800
24949  -0.038800
24950  -0.038500
24951  -0.039100
24952  -0.038700
24953  -0.039700
24954  -0.039700
24955  -0.039600
24956  -0.039500
24957  -0.039700
24958  -0.039600
24959  -0.039600
24960  -0.039100
24961  -0.038500
24962  -0.038800
24963  -0.038400
24964  -0.039500
24965  -0.039200
24966  -0.039400
24967  -0.039200
24968  -0.039100
24969  -0.039900
24970  -0.040100
24971  -0.038600
24972  -0.039200
24973  -0.040200
24974  -0.040000
24975  -0.039900
24976  -0.040700
24977  -0.040000
24978  -0.040500
24979  -0.039700
24980  -0.040000
24981  -0.040400
24982  -0.041400
24983  -0.041500
24984  -0.042500
24985  -0.042400
24986  -0.042300
24987  -0.041900
24988  -0.042100
24989  -0.041900
24990  -0.041000
24991  -0.040200
24992  -0.040800
24993  -0.040500
24994  -0.040400
24995  -0.040900
24996  -0.040000
24997  -0.039400
24998  -0.039200
24999  -0.039500
25000  -0.040500
25001  -0.041000
25002  -0.040500
25003  -0.040900
25004  -0.041000
25005  -0.041200
25006  -0.041700
25007  -0.042500
25008  -0.042300
25009  -0.042000
25010  -0.041600
25011  -0.041200
25012  -0.041000
25013  -0.040300
25014  -0.040000
25015  -0.040500
25016  -0.040700
25017  -0.041100
25018  -0.040900
25019  -0.041000
25020  -0.040300
25021  -0.039400
25022  -0.039600
25023  -0.039000
25024  -0.039100
25025  -0.037700
25026  -0.037800
25027  -0.037200
25028  -0.036300
25029  -0.035700
25030  -0.036400
25031  -0.037000
25032  -0.036900
25033  -0.035700
25034  -0.036300
25035  -0.036900
25036  -0.037100
25037  -0.036400
25038  -0.037400
25039  -0.036900
25040  -0.036900
25041  -0.036000
25042  -0.035700
25043  -0.034800
25044  -0.034600
25045  -0.035300
25046  -0.035100
25047  -0.034500
25048  -0.034600
25049  -0.033500
25050  -0.034000
25051  -0.032900
25052  -0.033500
25053  -0.034900
25054  -0.034600
25055  -0.034800
25056  -0.034500
25057  -0.033500
25058  -0.033300
25059  -0.034000
25060  -0.033600
25061  -0.032600
25062  -0.032200
25063  -0.032600
25064  -0.031400
25065  -0.031900
25066  -0.032400
25067  -0.030800
25068  -0.030600
25069  -0.030600
25070  -0.031200
25071  -0.030700
25072  -0.030300
25073  -0.029800
25074  -0.029800
25075  -0.029100
25076  -0.029800
25077  -0.030800
25078  -0.031700
25079  -0.032900
25080  -0.032800
25081  -0.033500
25082  -0.033500
25083  -0.033500
25084  -0.033000
25085  -0.034200
25086  -0.034500
25087  -0.033700
25088  -0.033900
25089  -0.034100
25090  -0.034200
25091  -0.034100
25092  -0.033600
25093  -0.033900
25094  -0.032800
25095  -0.032800
25096  -0.032500
25097  -0.033000
25098  -0.033900
25099  -0.033800
25100  -0.033700
25101  -0.033000
25102  -0.033500
25103  -0.033800
25104  -0.033200
25105  -0.032600
25106  -0.032700
25107  -0.032100
25108  -0.031700
25109  -0.030700
25110  -0.030500
25111  -0.031300
25112  -0.031100
25113  -0.030800
25114  -0.031100
25115  -0.030600
25116  -0.031100
25117  -0.030100
25118  -0.029800
25119  -0.029700
25120  -0.030500
25121  -0.031300
25122  -0.031900
25123  -0.032000
25124  -0.032100
25125  -0.031100
25126  -0.031300
25127  -0.030900
25128  -0.031700
25129  -0.031300
25130  -0.032500
25131  -0.032100
25132  -0.031500
25133  -0.031900
25134  -0.031300
25135  -0.032000
25136  -0.031500
25137  -0.032200
25138  -0.031800
25139  -0.032700
25140  -0.032600
25141  -0.034000
25142  -0.034300
25143  -0.034300
25144  -0.033100
25145  -0.033100
25146  -0.032800
25147  -0.031800
25148  -0.031800
25149  -0.031500
25150  -0.030400
25151  -0.031000
25152  -0.031200
25153  -0.029700
25154  -0.030300
25155  -0.029800
25156  -0.029500
25157  -0.029000
25158  -0.029400
25159  -0.028400
25160  -0.028500
25161  -0.029000
25162  -0.028800
25163  -0.028200
25164  -0.028600
25165  -0.029100
25166  -0.029800
25167  -0.029800
25168  -0.030300
25169  -0.030900
25170  -0.031000
25171  -0.030500
25172  -0.031100
25173  -0.031000
25174  -0.031300
25175  -0.031400
25176  -0.031100
25177  -0.031400
25178  -0.031600
25179  -0.031700
25180  -0.032100
25181  -0.032700
25182  -0.032800
25183  -0.032000
25184  -0.031100
25185  -0.032300
25186  -0.032500
25187  -0.032100
25188  -0.031800
25189  -0.031600
25190  -0.032400
25191  -0.032900
25192  -0.031800
25193  -0.032500
25194  -0.030600
25195  -0.031000
25196  -0.030800
25197  -0.030300
25198  -0.030100
25199  -0.030600
25200  -0.031400
25201  -0.030500
25202  -0.030700
25203  -0.030900
25204  -0.030800
25205  -0.030700
25206  -0.030600
25207  -0.030500
25208  -0.031000
25209  -0.030500
25210  -0.030300
25211  -0.030800
25212  -0.031600
25213  -0.032600
25214  -0.031100
25215  -0.031600
25216  -0.031900
25217  -0.031900
25218  -0.033200
25219  -0.033200
25220  -0.033400
25221  -0.033700
25222  -0.032500
25223  -0.032600
25224  -0.033000
25225  -0.032700
25226  -0.033400
25227  -0.033000
25228  -0.033500
25229  -0.033800
25230  -0.033300
25231  -0.032400
25232  -0.031800
25233  -0.032400
25234  -0.032300
25235  -0.031900
25236  -0.030700
25237  -0.030700
25238  -0.029700
25239  -0.029800
25240  -0.029700
25241  -0.029600
25242  -0.028800
25243  -0.028800
25244  -0.028900
25245  -0.028400
25246  -0.027600
25247  -0.027700
25248  -0.027100
25249  -0.026900
25250  -0.026800
25251  -0.025800
25252  -0.025600
25253  -0.024600
25254  -0.024200
25255  -0.024200
25256  -0.024100
25257  -0.023400
25258  -0.024100
25259  -0.024500
25260  -0.023800
25261  -0.024800
25262  -0.023900
25263  -0.024300
25264  -0.024600
25265  -0.025500
25266  -0.024900
25267  -0.026000
25268  -0.026000
25269  -0.024700
25270  -0.025500
25271  -0.025800
25272  -0.024800
25273  -0.024600
25274  -0.024200
25275  -0.024500
25276  -0.024100
25277  -0.023500
25278  -0.024300
25279  -0.024200
25280  -0.024000
25281  -0.024800
25282  -0.024800
25283  -0.024300
25284  -0.023500
25285  -0.023300
25286  -0.023400
25287  -0.023800
25288  -0.023700
25289  -0.023800
25290  -0.024800
25291  -0.025600
25292  -0.024000
25293  -0.023800
25294  -0.023400
25295  -0.023300
25296  -0.023000
25297  -0.023000
25298  -0.023400
25299  -0.023700
25300  -0.023800
25301  -0.024300
25302  -0.024300
25303  -0.025700
25304  -0.025100
25305  -0.026300
25306  -0.027100
25307  -0.027100
25308  -0.026400
25309  -0.027000
25310  -0.026000
25311  -0.025300
25312  -0.026300
25313  -0.025700
25314  -0.025200
25315  -0.025300
25316  -0.025800
25317  -0.026600
25318  -0.027400
25319  -0.027900
25320  -0.027800
25321  -0.027200
25322  -0.027400
25323  -0.027000
25324  -0.027300
25325  -0.027500
25326  -0.027300
25327  -0.027300
25328  -0.027200
25329  -0.026300
25330  -0.026500
25331  -0.026200
25332  -0.026800
25333  -0.027400
25334  -0.026100
25335  -0.026100
25336  -0.025800
25337  -0.025300
25338  -0.024400
25339  -0.024500
25340  -0.025600
25341  -0.024900
25342  -0.025900
25343  -0.026200
25344  -0.026000
25345  -0.025200
25346  -0.024600
25347  -0.024200
25348  -0.022800
25349  -0.022300
25350  -0.022700
25351  -0.023100
25352  -0.023300
25353  -0.023600
25354  -0.023400
25355  -0.022900
25356  -0.023500
25357  -0.023800
25358  -0.022300
25359  -0.023400
25360  -0.024200
25361  -0.024600
25362  -0.023500
25363  -0.023500
25364  -0.023500
25365  -0.023400
25366  -0.023100
25367  -0.023100
25368  -0.023100
25369  -0.022700
25370  -0.023500
25371  -0.023500
25372  -0.025000
25373  -0.025600
25374  -0.025100
25375  -0.025100
25376  -0.025500
25377  -0.027000
25378  -0.027700
25379  -0.028200
25380  -0.028400
25381  -0.027400
25382  -0.026500
25383  -0.026700
25384  -0.026800
25385  -0.027300
25386  -0.027700
25387  -0.028100
25388  -0.027700
25389  -0.028200
25390  -0.027500
25391  -0.027000
25392  -0.025800
25393  -0.024700
25394  -0.024300
25395  -0.023700
25396  -0.023700
25397  -0.023600
25398  -0.023400
25399  -0.022500
25400  -0.021600
25401  -0.022600
25402  -0.022200
25403  -0.021900
25404  -0.021800
25405  -0.021900
25406  -0.022500
25407  -0.022400
25408  -0.022700
25409  -0.022900
25410  -0.022000
25411  -0.021800
25412  -0.022200
25413  -0.021700
25414  -0.021900
25415  -0.022800
25416  -0.022500
25417  -0.022800
25418  -0.021600
25419  -0.020700
25420  -0.020000
25421  -0.021300
25422  -0.020300
25423  -0.020500
25424  -0.021300
25425  -0.020400
25426  -0.020400
25427  -0.021200
25428  -0.019700
25429  -0.019700
25430  -0.021100
25431  -0.019800
25432  -0.020200
25433  -0.020500
25434  -0.020300
25435  -0.019800
25436  -0.020500
25437  -0.020700
25438  -0.021100
25439  -0.021300
25440  -0.021300
25441  -0.022000
25442  -0.021700
25443  -0.022300
25444  -0.022100
25445  -0.022100
25446  -0.022500
25447  -0.021500
25448  -0.021800
25449  -0.021600
25450  -0.020500
25451  -0.021500
25452  -0.021300
25453  -0.021000
25454  -0.021000
25455  -0.021100
25456  -0.021200
25457  -0.021500
25458  -0.020900
25459  -0.020500
25460  -0.019800
25461  -0.020500
25462  -0.020600
25463  -0.019900
25464  -0.020400
25465  -0.020200
25466  -0.020200
25467  -0.020700
25468  -0.020900
25469  -0.020700
25470  -0.020700
25471  -0.019800
25472  -0.019800
25473  -0.020100
25474  -0.020300
25475  -0.020600
25476  -0.020000
25477  -0.018600
25478  -0.017900
25479  -0.018300
25480  -0.018600
25481  -0.018700
25482  -0.018700
25483  -0.018400
25484  -0.019200
25485  -0.019800
25486  -0.019400
25487  -0.019300
25488  -0.019700
25489  -0.019200
25490  -0.019300
25491  -0.020100
25492  -0.019400
25493  -0.020300
25494  -0.019400
25495  -0.019600
25496  -0.018300
25497  -0.018800
25498  -0.019700
25499  -0.019800
25500  -0.019100
25501  -0.018000
25502  -0.017800
25503  -0.017700
25504  -0.018800
25505  -0.019200
25506  -0.019200
25507  -0.018300
25508  -0.017800
25509  -0.018300
25510  -0.018500
25511  -0.019400
25512  -0.019200
25513  -0.019700
25514  -0.019500
25515  -0.019600
25516  -0.019600
25517  -0.019600
25518  -0.018700
25519  -0.018600
25520  -0.018300
25521  -0.017900
25522  -0.017800
25523  -0.018200
25524  -0.018400
25525  -0.017500
25526  -0.017100
25527  -0.017300
25528  -0.016900
25529  -0.017300
25530  -0.018700
25531  -0.017300
25532  -0.018100
25533  -0.018900
25534  -0.020400
25535  -0.019900
25536  -0.019500
25537  -0.020300
25538  -0.021900
25539  -0.021100
25540  -0.020600
25541  -0.019200
25542  -0.020500
25543  -0.020800
25544  -0.022000
25545  -0.021800
25546  -0.021400
25547  -0.022400
25548  -0.023500
25549  -0.023200
25550  -0.024300
25551  -0.025000
25552  -0.025100
25553  -0.025200
25554  -0.026500
25555  -0.027400
25556  -0.027900
25557  -0.027200
25558  -0.027600
25559  -0.027100
25560  -0.026700
25561  -0.028200
25562  -0.027700
25563  -0.027600
25564  -0.027700
25565  -0.028300
25566  -0.029100
25567  -0.029000
25568  -0.028800
25569  -0.029500
25570  -0.029300
25571  -0.030700
25572  -0.030400
25573  -0.031000
25574  -0.032000
25575  -0.032300
25576  -0.032400
25577  -0.033300
25578  -0.033600
25579  -0.034100
25580  -0.033800
25581  -0.033200
25582  -0.033800
25583  -0.034000
25584  -0.033900
25585  -0.033700
25586  -0.033200
25587  -0.032500
25588  -0.032100
25589  -0.031700
25590  -0.031300
25591  -0.030900
25592  -0.031400
25593  -0.031600
25594  -0.031600
25595  -0.032200
25596  -0.033000
25597  -0.032000
25598  -0.032400
25599  -0.032900
25600  -0.033400
25601  -0.034700
25602  -0.035700
25603  -0.035900
25604  -0.035700
25605  -0.035000
25606  -0.035500
25607  -0.035300
25608  -0.035400
25609  -0.034100
25610  -0.033000
25611  -0.032800
25612  -0.033100
25613  -0.032700
25614  -0.032100
25615  -0.031800
25616  -0.032500
25617  -0.033100
25618  -0.032900
25619  -0.032700
25620  -0.033300
25621  -0.033400
25622  -0.034300
25623  -0.033900
25624  -0.034200
25625  -0.034200
25626  -0.034500
25627  -0.035000
25628  -0.034700
25629  -0.035300
25630  -0.034200
25631  -0.034200
25632  -0.034800
25633  -0.034200
25634  -0.034700
25635  -0.034300
25636  -0.032900
25637  -0.031800
25638  -0.032100
25639  -0.032000
25640  -0.031200
25641  -0.031300
25642  -0.031700
25643  -0.031000
25644  -0.030600
25645  -0.030700
25646  -0.030000
25647  -0.030800
25648  -0.030600
25649  -0.029500
25650  -0.029400
25651  -0.028800
25652  -0.028900
25653  -0.028700
25654  -0.029600
25655  -0.030000
25656  -0.029800
25657  -0.029700
25658  -0.029800
25659  -0.029800
25660  -0.031000
25661  -0.030900
25662  -0.030400
25663  -0.030900
25664  -0.030600
25665  -0.030700
25666  -0.029900
25667  -0.030400
25668  -0.030900
25669  -0.030400
25670  -0.030200
25671  -0.030300
25672  -0.029800
25673  -0.029000
25674  -0.028800
25675  -0.028600
25676  -0.029700
25677  -0.029700
25678  -0.030900
25679  -0.031700
25680  -0.031900
25681  -0.031400
25682  -0.030300
25683  -0.030600
25684  -0.031200
25685  -0.031200
25686  -0.030800
25687  -0.030000
25688  -0.030800
25689  -0.030200
25690  -0.030800
25691  -0.030400
25692  -0.030500
25693  -0.030800
25694  -0.030400
25695  -0.029300
25696  -0.028500
25697  -0.027400
25698  -0.027300
25699  -0.027800
25700  -0.028700
25701  -0.029100
25702  -0.028400
25703  -0.028100
25704  -0.027900
25705  -0.027500
25706  -0.027300
25707  -0.028400
25708  -0.029300
25709  -0.030000
25710  -0.030400
25711  -0.030800
25712  -0.030500
25713  -0.029800
25714  -0.031000
25715  -0.031300
25716  -0.031700
25717  -0.032600
25718  -0.032200
25719  -0.031400
25720  -0.031500
25721  -0.031800
25722  -0.032500
25723  -0.032200
25724  -0.032600
25725  -0.031900
25726  -0.032200
25727  -0.031000
25728  -0.031200
25729  -0.030100
25730  -0.029800
25731  -0.030900
25732  -0.031100
25733  -0.030300
25734  -0.030500
25735  -0.030600
25736  -0.030800
25737  -0.030100
25738  -0.029800
25739  -0.030300
25740  -0.031300
25741  -0.032300
25742  -0.033300
25743  -0.034200
25744  -0.034300
25745  -0.034800
25746  -0.035200
25747  -0.034900
25748  -0.036100
25749  -0.037600
25750  -0.037700
25751  -0.037300
25752  -0.038600
25753  -0.038900
25754  -0.038200
25755  -0.037700
25756  -0.036800
25757  -0.036900
25758  -0.036900
25759  -0.037000
25760  -0.037000
25761  -0.038100
25762  -0.036100
25763  -0.035300
25764  -0.034800
25765  -0.035300
25766  -0.034900
25767  -0.035500
25768  -0.035300
25769  -0.035700
25770  -0.034800
25771  -0.035000
25772  -0.036100
25773  -0.035500
25774  -0.035900
25775  -0.035800
25776  -0.036200
25777  -0.036600
25778  -0.038200
25779  -0.038300
25780  -0.037600
25781  -0.036700
25782  -0.037900
25783  -0.038800
25784  -0.038900
25785  -0.038200
25786  -0.038300
25787  -0.038600
25788  -0.038900
25789  -0.038000
25790  -0.038300
25791  -0.038200
25792  -0.038200
25793  -0.038100
25794  -0.039100
25795  -0.038500
25796  -0.038800
25797  -0.039100
25798  -0.039200
25799  -0.040100
25800  -0.039300
25801  -0.039900
25802  -0.039700
25803  -0.039200
25804  -0.039200
25805  -0.038700
25806  -0.037400
25807  -0.038200
25808  -0.037000
25809  -0.037800
25810  -0.038900
25811  -0.038500
25812  -0.039300
25813  -0.039500
25814  -0.039900
25815  -0.040700
25816  -0.040700
25817  -0.039700
25818  -0.039500
25819  -0.039400
25820  -0.038300
25821  -0.038800
25822  -0.038300
25823  -0.038000
25824  -0.038700
25825  -0.039400
25826  -0.038800
25827  -0.039300
25828  -0.039600
25829  -0.040000
25830  -0.038600
25831  -0.037700
25832  -0.038300
25833  -0.039400
25834  -0.039000
25835  -0.039300
25836  -0.039500
25837  -0.040400
25838  -0.041800
25839  -0.041500
25840  -0.041700
25841  -0.041400
25842  -0.042200
25843  -0.042400
25844  -0.043000
25845  -0.042200
25846  -0.042100
25847  -0.041700
25848  -0.041800
25849  -0.043600
25850  -0.043300
25851  -0.043800
25852  -0.043600
25853  -0.043500
25854  -0.043800
25855  -0.044000
25856  -0.043800
25857  -0.042700
25858  -0.042700
25859  -0.042000
25860  -0.040900
25861  -0.039900
25862  -0.039800
25863  -0.040800
25864  -0.041600
25865  -0.041900
25866  -0.041800
25867  -0.041200
25868  -0.041500
25869  -0.041000
25870  -0.040400
25871  -0.040200
25872  -0.040100
25873  -0.040500
25874  -0.039200
25875  -0.040100
25876  -0.040500
25877  -0.041000
25878  -0.041100
25879  -0.039900
25880  -0.039800
25881  -0.040600
25882  -0.040900
25883  -0.040800
25884  -0.040700
25885  -0.041600
25886  -0.041400
25887  -0.040700
25888  -0.040700
25889  -0.040300
25890  -0.039700
25891  -0.039700
25892  -0.039700
25893  -0.039000
25894  -0.039000
25895  -0.038800
25896  -0.039200
25897  -0.038900
25898  -0.039000
25899  -0.038400
25900  -0.038800
25901  -0.039100
25902  -0.038900
25903  -0.040000
25904  -0.039100
25905  -0.039300
25906  -0.038500
25907  -0.038000
25908  -0.038700
25909  -0.039700
25910  -0.039800
25911  -0.040300
25912  -0.040700
25913  -0.040900
25914  -0.041100
25915  -0.040600
25916  -0.039900
25917  -0.040000
25918  -0.040200
25919  -0.039900
25920  -0.040900
25921  -0.040000
25922  -0.040000
25923  -0.039500
25924  -0.038900
25925  -0.037900
25926  -0.037500
25927  -0.038300
25928  -0.038800
25929  -0.038500
25930  -0.038800
25931  -0.038400
25932  -0.039000
25933  -0.039900
25934  -0.040200
25935  -0.040900
25936  -0.040900
25937  -0.040700
25938  -0.040700
25939  -0.040400
25940  -0.040000
25941  -0.040500
25942  -0.041300
25943  -0.040700
25944  -0.040300
25945  -0.040300
25946  -0.040800
25947  -0.041900
25948  -0.041800
25949  -0.041100
25950  -0.041200
25951  -0.040500
25952  -0.040400
25953  -0.040800
25954  -0.040200
25955  -0.038600
25956  -0.039600
25957  -0.039500
25958  -0.039500
25959  -0.039700
25960  -0.040100
25961  -0.039800
25962  -0.040700
25963  -0.041000
25964  -0.040600
25965  -0.040400
25966  -0.040900
25967  -0.040700
25968  -0.040000
25969  -0.040500
25970  -0.040000
25971  -0.039800
25972  -0.040100
25973  -0.040100
25974  -0.039800
25975  -0.039600
25976  -0.039200
25977  -0.040100
25978  -0.040500
25979  -0.040800
25980  -0.041700
25981  -0.041400
25982  -0.041400
25983  -0.041100
25984  -0.041500
25985  -0.041400
25986  -0.040600
25987  -0.040200
25988  -0.039500
25989  -0.039100
25990  -0.039700
25991  -0.039900
25992  -0.041500
25993  -0.041200
25994  -0.041000
25995  -0.040100
25996  -0.040200
25997  -0.041100
25998  -0.041000
25999  -0.040300
26000  -0.040500
26001  -0.041500
26002  -0.042000
26003  -0.042800
26004  -0.043300
26005  -0.044000
26006  -0.044000
26007  -0.042900
26008  -0.042800
26009  -0.042100
26010  -0.043000
26011  -0.042800
26012  -0.043300
26013  -0.042700
26014  -0.043400
26015  -0.044300
26016  -0.044900
26017  -0.045300
26018  -0.045400
26019  -0.045200
26020  -0.045700
26021  -0.046200
26022  -0.046500
26023  -0.046300
26024  -0.046400
26025  -0.045700
26026  -0.045400
26027  -0.045600
26028  -0.044800
26029  -0.044900
26030  -0.044900
26031  -0.044900
26032  -0.043800
26033  -0.043800
26034  -0.044800
26035  -0.044800
26036  -0.044200
26037  -0.043700
26038  -0.044500
26039  -0.044000
26040  -0.043900
26041  -0.042900
26042  -0.043700
26043  -0.044300
26044  -0.044800
26045  -0.044500
26046  -0.044600
26047  -0.044100
26048  -0.043800
26049  -0.043900
26050  -0.042800
26051  -0.042500
26052  -0.043200
26053  -0.043100
26054  -0.043800
26055  -0.043900
26056  -0.042900
26057  -0.041700
26058  -0.041300
26059  -0.041500
26060  -0.039600
26061  -0.038700
26062  -0.039000
26063  -0.039200
26064  -0.039200
26065  -0.039500
26066  -0.039300
26067  -0.039800
26068  -0.039500
26069  -0.039900
26070  -0.040500
26071  -0.041300
26072  -0.041300
26073  -0.041700
26074  -0.042200
26075  -0.042700
26076  -0.042600
26077  -0.042800
26078  -0.043900
26079  -0.044800
26080  -0.045000
26081  -0.045000
26082  -0.044700
26083  -0.044700
26084  -0.044100
26085  -0.044500
26086  -0.044500
26087  -0.044800
26088  -0.046200
26089  -0.045800
26090  -0.045100
26091  -0.044400
26092  -0.044800
26093  -0.044600
26094  -0.043800
26095  -0.044300
26096  -0.044900
26097  -0.044900
26098  -0.045100
26099  -0.044900
26100  -0.044700
26101  -0.044900
26102  -0.045200
26103  -0.045200
26104  -0.045200
26105  -0.044900
26106  -0.043800
26107  -0.044800
26108  -0.045100
26109  -0.044300
26110  -0.043500
26111  -0.042700
26112  -0.042600
26113  -0.042500
26114  -0.042400
26115  -0.043100
26116  -0.042100
26117  -0.043300
26118  -0.043600
26119  -0.044600
26120  -0.044500
26121  -0.045200
26122  -0.045200
26123  -0.045000
26124  -0.044700
26125  -0.044900
26126  -0.045400
26127  -0.045800
26128  -0.046600
26129  -0.046500
26130  -0.046200
26131  -0.046400
26132  -0.046800
26133  -0.047100
26134  -0.047500
26135  -0.046800
26136  -0.047900
26137  -0.047000
26138  -0.047000
26139  -0.046700
26140  -0.045600
26141  -0.044700
26142  -0.044000
26143  -0.043700
26144  -0.044600
26145  -0.045000
26146  -0.045400
26147  -0.044800
26148  -0.044100
26149  -0.044300
26150  -0.044300
26151  -0.043800
26152  -0.044600
26153  -0.044900
26154  -0.045100
26155  -0.045400
26156  -0.045800
26157  -0.045700
26158  -0.045400
26159  -0.045000
26160  -0.044900
26161  -0.044900
26162  -0.045300
26163  -0.045200
26164  -0.044800
26165  -0.044700
26166  -0.043700
26167  -0.044700
26168  -0.045200
26169  -0.045300
26170  -0.045700
26171  -0.046700
26172  -0.046700
26173  -0.047100
26174  -0.046400
26175  -0.046600
26176  -0.046600
26177  -0.046100
26178  -0.045900
26179  -0.046700
26180  -0.047900
26181  -0.048100
26182  -0.047100
26183  -0.047000
26184  -0.046700
26185  -0.046500
26186  -0.045400
26187  -0.046400
26188  -0.045900
26189  -0.045600
26190  -0.046000
26191  -0.046200
26192  -0.046900
26193  -0.046600
26194  -0.047000
26195  -0.046400
26196  -0.045800
26197  -0.045900
26198  -0.046800
26199  -0.046700
26200  -0.047500
26201  -0.047300
26202  -0.047300
26203  -0.046900
26204  -0.047000
26205  -0.047500
26206  -0.047200
26207  -0.047200
26208  -0.047800
26209  -0.047900
26210  -0.047700
26211  -0.046400
26212  -0.047600
26213  -0.048100
26214  -0.047900
26215  -0.048600
26216  -0.048400
26217  -0.048100
26218  -0.048100
26219  -0.047700
26220  -0.048200
26221  -0.047700
26222  -0.048000
26223  -0.047900
26224  -0.047600
26225  -0.048100
26226  -0.048300
26227  -0.047900
26228  -0.047700
26229  -0.048600
26230  -0.048700
26231  -0.048100
26232  -0.047800
26233  -0.049000
26234  -0.048200
26235  -0.048900
26236  -0.049000
26237  -0.048400
26238  -0.048700
26239  -0.049700
26240  -0.049000
26241  -0.049100
26242  -0.050000
26243  -0.049800
26244  -0.049500
26245  -0.048300
26246  -0.046900
26247  -0.047000
26248  -0.047700
26249  -0.048600
26250  -0.048000
26251  -0.047200
26252  -0.047900
26253  -0.048200
26254  -0.048200
26255  -0.048700
26256  -0.047700
26257  -0.048600
26258  -0.048600
26259  -0.048200
26260  -0.048500
26261  -0.049300
26262  -0.048300
26263  -0.048300
26264  -0.048600
26265  -0.048500
26266  -0.048800
26267  -0.049200
26268  -0.048900
26269  -0.049100
26270  -0.048600
26271  -0.047900
26272  -0.047000
26273  -0.047400
26274  -0.047800
26275  -0.048800
26276  -0.048100
26277  -0.049000
26278  -0.049600
26279  -0.049400
26280  -0.048800
26281  -0.048900
26282  -0.049900
26283  -0.049200
26284  -0.049500
26285  -0.049600
26286  -0.049300
26287  -0.050100
26288  -0.051300
26289  -0.051000
26290  -0.051400
26291  -0.051000
26292  -0.051300
26293  -0.051200
26294  -0.051800
26295  -0.053000
26296  -0.053100
26297  -0.052200
26298  -0.051800
26299  -0.051100
26300  -0.050300
26301  -0.051700
26302  -0.051900
26303  -0.051400
26304  -0.051800
26305  -0.051200
26306  -0.050900
26307  -0.051100
26308  -0.051100
26309  -0.051100
26310  -0.052600
26311  -0.054200
26312  -0.054300
26313  -0.053700
26314  -0.053000
26315  -0.053100
26316  -0.053600
26317  -0.054600
26318  -0.054000
26319  -0.053300
26320  -0.054100
26321  -0.054200
26322  -0.055100
26323  -0.056600
26324  -0.057300
26325  -0.056100
26326  -0.057100
26327  -0.058000
26328  -0.058000
26329  -0.057600
26330  -0.058000
26331  -0.058100
26332  -0.057700
26333  -0.057400
26334  -0.056700
26335  -0.056900
26336  -0.057300
26337  -0.058500
26338  -0.057800
26339  -0.057900
26340  -0.056700
26341  -0.056100
26342  -0.056500
26343  -0.056400
26344  -0.056300
26345  -0.056200
26346  -0.056800
26347  -0.057200
26348  -0.057600
26349  -0.057900
26350  -0.058300
26351  -0.057700
26352  -0.058300
26353  -0.058200
26354  -0.057800
26355  -0.057400
26356  -0.057700
26357  -0.057100
26358  -0.056700
26359  -0.056500
26360  -0.056500
26361  -0.056100
26362  -0.055900
26363  -0.056300
26364  -0.056400
26365  -0.056000
26366  -0.056100
26367  -0.056100
26368  -0.056900
26369  -0.057100
26370  -0.056700
26371  -0.057300
26372  -0.057100
26373  -0.057000
26374  -0.056900
26375  -0.057800
26376  -0.058000
26377  -0.057900
26378  -0.057700
26379  -0.056600
26380  -0.055300
26381  -0.055300
26382  -0.056200
26383  -0.056200
26384  -0.055900
26385  -0.055700
26386  -0.056700
26387  -0.057000
26388  -0.057700
26389  -0.058100
26390  -0.059200
26391  -0.059200
26392  -0.059700
26393  -0.060200
26394  -0.057800
26395  -0.057300
26396  -0.056900
26397  -0.058300
26398  -0.057700
26399  -0.058100
26400  -0.057800
26401  -0.057900
26402  -0.058900
26403  -0.060300
26404  -0.060600
26405  -0.060000
26406  -0.058900
26407  -0.059300
26408  -0.060500
26409  -0.060100
26410  -0.059200
26411  -0.060100
26412  -0.060600
26413  -0.060500
26414  -0.060200
26415  -0.059300
26416  -0.060000
26417  -0.059600
26418  -0.060200
26419  -0.060400
26420  -0.059600
26421  -0.060400
26422  -0.060300
26423  -0.060300
26424  -0.059000
26425  -0.058500
26426  -0.058600
26427  -0.058600
26428  -0.059100
26429  -0.059400
26430  -0.059300
26431  -0.059600
26432  -0.060300
26433  -0.060300
26434  -0.060200
26435  -0.059900
26436  -0.058900
26437  -0.059500
26438  -0.059800
26439  -0.058900
26440  -0.058000
26441  -0.059100
26442  -0.059000
26443  -0.059300
26444  -0.057800
26445  -0.057600
26446  -0.057200
26447  -0.057800
26448  -0.058600
26449  -0.058100
26450  -0.058300
26451  -0.058300
26452  -0.058500
26453  -0.057500
26454  -0.056400
26455  -0.055900
26456  -0.055000
26457  -0.055000
26458  -0.054500
26459  -0.055400
26460  -0.054400
26461  -0.054100
26462  -0.054000
26463  -0.053800
26464  -0.054200
26465  -0.054900
26466  -0.054600
26467  -0.055600
26468  -0.055200
26469  -0.055900
26470  -0.054500
26471  -0.052200
26472  -0.052000
26473  -0.051100
26474  -0.050000
26475  -0.050400
26476  -0.050000
26477  -0.050300
26478  -0.049900
26479  -0.049400
26480  -0.048900
26481  -0.048200
26482  -0.048100
26483  -0.048400
26484  -0.047900
26485  -0.047800
26486  -0.048500
26487  -0.049500
26488  -0.049200
26489  -0.049100
26490  -0.049500
26491  -0.050000
26492  -0.050900
26493  -0.050500
26494  -0.050200
26495  -0.050000
26496  -0.049500
26497  -0.049600
26498  -0.049200
26499  -0.048200
26500  -0.048200
26501  -0.048300
26502  -0.048100
26503  -0.047900
26504  -0.047700
26505  -0.047900
26506  -0.047900
26507  -0.049100
26508  -0.049800
26509  -0.049600
26510  -0.049500
26511  -0.049600
26512  -0.049600
26513  -0.049900
26514  -0.048900
26515  -0.048700
26516  -0.048200
26517  -0.046200
26518  -0.046900
26519  -0.047200
26520  -0.046600
26521  -0.047000
26522  -0.046600
26523  -0.046200
26524  -0.047000
26525  -0.047100
26526  -0.046000
26527  -0.045600
26528  -0.044800
26529  -0.045400
26530  -0.044300
26531  -0.044400
26532  -0.043900
26533  -0.045200
26534  -0.046100
26535  -0.046500
26536  -0.046900
26537  -0.047400
26538  -0.047900
26539  -0.049000
26540  -0.050000
26541  -0.049900
26542  -0.049600
26543  -0.048800
26544  -0.048000
26545  -0.048000
26546  -0.048800
26547  -0.047500
26548  -0.047100
26549  -0.046400
26550  -0.045400
26551  -0.046300
26552  -0.046100
26553  -0.046100
26554  -0.046400
26555  -0.045900
26556  -0.045200
26557  -0.045200
26558  -0.045100
26559  -0.045000
26560  -0.045500
26561  -0.044800
26562  -0.045100
26563  -0.045000
26564  -0.043300
26565  -0.044100
26566  -0.043700
26567  -0.042400
26568  -0.042400
26569  -0.043100
26570  -0.042300
26571  -0.041700
26572  -0.041800
26573  -0.041500
26574  -0.041500
26575  -0.041500
26576  -0.042200
26577  -0.042700
26578  -0.041800
26579  -0.040900
26580  -0.039900
26581  -0.039800
26582  -0.039400
26583  -0.040200
26584  -0.040400
26585  -0.041100
26586  -0.041700
26587  -0.041700
26588  -0.042000
26589  -0.041000
26590  -0.041300
26591  -0.042300
26592  -0.042300
26593  -0.043100
26594  -0.043900
26595  -0.043900
26596  -0.042900
26597  -0.043400
26598  -0.043900
26599  -0.043900
26600  -0.043600
26601  -0.044000
26602  -0.043200
26603  -0.043500
26604  -0.042800
26605  -0.043000
26606  -0.043300
26607  -0.043600
26608  -0.043200
26609  -0.043300
26610  -0.043000
26611  -0.042400
26612  -0.042700
26613  -0.042700
26614  -0.043500
26615  -0.043200
26616  -0.042600
26617  -0.043300
26618  -0.044300
26619  -0.043900
26620  -0.043800
26621  -0.043600
26622  -0.043700
26623  -0.042700
26624  -0.042700
26625  -0.043100
26626  -0.044600
26627  -0.044400
26628  -0.044100
26629  -0.044400
26630  -0.044100
26631  -0.043900
26632  -0.044300
26633  -0.044600
26634  -0.044300
26635  -0.044400
26636  -0.044800
26637  -0.044700
26638  -0.045100
26639  -0.044700
26640  -0.044100
26641  -0.044000
26642  -0.044800
26643  -0.044900
26644  -0.045500
26645  -0.045100
26646  -0.045700
26647  -0.045600
26648  -0.045200
26649  -0.045100
26650  -0.046400
26651  -0.047300
26652  -0.047100
26653  -0.046600
26654  -0.046900
26655  -0.046900
26656  -0.046800
26657  -0.045800
26658  -0.046100
26659  -0.047400
26660  -0.048700
26661  -0.048700
26662  -0.049100
26663  -0.048800
26664  -0.048800
26665  -0.048200
26666  -0.048800
26667  -0.049200
26668  -0.049400
26669  -0.049300
26670  -0.048800
26671  -0.048600
26672  -0.048500
26673  -0.049100
26674  -0.048400
26675  -0.048400
26676  -0.047800
26677  -0.048200
26678  -0.048600
26679  -0.049500
26680  -0.049400
26681  -0.048800
26682  -0.050300
26683  -0.050700
26684  -0.050500
26685  -0.050500
26686  -0.050700
26687  -0.050800
26688  -0.050700
26689  -0.050800
26690  -0.051200
26691  -0.051500
26692  -0.051300
26693  -0.051100
26694  -0.050500
26695  -0.050700
26696  -0.051500
26697  -0.051600
26698  -0.051600
26699  -0.051600
26700  -0.052000
26701  -0.051600
26702  -0.051500
26703  -0.051500
26704  -0.052000
26705  -0.051600
26706  -0.051200
26707  -0.050800
26708  -0.050200
26709  -0.051100
26710  -0.051700
26711  -0.051100
26712  -0.050600
26713  -0.050600
26714  -0.050300
26715  -0.050900
26716  -0.051100
26717  -0.050700
26718  -0.050800
26719  -0.050700
26720  -0.049800
26721  -0.049300
26722  -0.050200
26723  -0.051200
26724  -0.051100
26725  -0.051600
26726  -0.050700
26727  -0.050300
26728  -0.050300
26729  -0.050300
26730  -0.049500
26731  -0.049300
26732  -0.049300
26733  -0.049000
26734  -0.049300
26735  -0.050100
26736  -0.049600
26737  -0.049000
26738  -0.049500
26739  -0.049100
26740  -0.048900
26741  -0.049000
26742  -0.049500
26743  -0.049800
26744  -0.050500
26745  -0.051300
26746  -0.051200
26747  -0.051000
26748  -0.050400
26749  -0.050100
26750  -0.049800
26751  -0.049500
26752  -0.050300
26753  -0.050800
26754  -0.050600
26755  -0.051100
26756  -0.050400
26757  -0.050200
26758  -0.050800
26759  -0.050500
26760  -0.050500
26761  -0.050100
26762  -0.049700
26763  -0.050000
26764  -0.050500
26765  -0.050900
26766  -0.050400
26767  -0.050900
26768  -0.051000
26769  -0.050800
26770  -0.051100
26771  -0.050900
26772  -0.051400
26773  -0.052400
26774  -0.052500
26775  -0.052300
26776  -0.051900
26777  -0.052500
26778  -0.052700
26779  -0.052600
26780  -0.052700
26781  -0.053500
26782  -0.053400
26783  -0.052600
26784  -0.051800
26785  -0.052400
26786  -0.051900
26787  -0.052200
26788  -0.052800
26789  -0.052900
26790  -0.053200
26791  -0.053600
26792  -0.054500
26793  -0.054300
26794  -0.055800
26795  -0.055900
26796  -0.056500
26797  -0.055800
26798  -0.055800
26799  -0.055300
26800  -0.054900
26801  -0.054800
26802  -0.054900
26803  -0.055200
26804  -0.055500
26805  -0.056000
26806  -0.056500
26807  -0.057200
26808  -0.057000
26809  -0.056000
26810  -0.055900
26811  -0.056500
26812  -0.055500
26813  -0.054800
26814  -0.052800
26815  -0.053700
26816  -0.054100
26817  -0.053200
26818  -0.052800
26819  -0.053700
26820  -0.053500
26821  -0.053300
26822  -0.053100
26823  -0.052700
26824  -0.052000
26825  -0.051400
26826  -0.050500
26827  -0.051100
26828  -0.051600
26829  -0.050700
26830  -0.049800
26831  -0.049000
26832  -0.048300
26833  -0.048800
26834  -0.049400
26835  -0.049100
26836  -0.049200
26837  -0.048500
26838  -0.048400
26839  -0.048500
26840  -0.047900
26841  -0.048300
26842  -0.048400
26843  -0.047400
26844  -0.046900
26845  -0.047200
26846  -0.045800
26847  -0.047000
26848  -0.046500
26849  -0.045800
26850  -0.045600
26851  -0.045700
26852  -0.045600
26853  -0.044300
26854  -0.043500
26855  -0.043900
26856  -0.044800
26857  -0.045400
26858  -0.044700
26859  -0.045700
26860  -0.046800
26861  -0.045700
26862  -0.045000
26863  -0.046300
26864  -0.046700
26865  -0.046400
26866  -0.046300
26867  -0.046100
26868  -0.046600
26869  -0.045300
26870  -0.045400
26871  -0.044500
26872  -0.044600
26873  -0.044500
26874  -0.044700
26875  -0.046200
26876  -0.046400
26877  -0.045200
26878  -0.044300
26879  -0.044300
26880  -0.044200
26881  -0.044400
26882  -0.044600
26883  -0.045200
26884  -0.045500
26885  -0.044800
26886  -0.045400
26887  -0.045200
26888  -0.045100
26889  -0.045100
26890  -0.045200
26891  -0.045500
26892  -0.046300
26893  -0.045700
26894  -0.047400
26895  -0.047000
26896  -0.047200
26897  -0.047000
26898  -0.047200
26899  -0.048700
26900  -0.049300
26901  -0.050400
26902  -0.050400
26903  -0.050600
26904  -0.051100
26905  -0.051000
26906  -0.050100
26907  -0.050800
26908  -0.051100
26909  -0.051300
26910  -0.051900
26911  -0.053400
26912  -0.053500
26913  -0.053300
26914  -0.053500
26915  -0.054300
26916  -0.054200
26917  -0.054700
26918  -0.054900
26919  -0.055100
26920  -0.055000
26921  -0.055700
26922  -0.056300
26923  -0.057200
26924  -0.057500
26925  -0.057100
26926  -0.056700
26927  -0.056500
26928  -0.056700
26929  -0.056100
26930  -0.056300
26931  -0.056000
26932  -0.056300
26933  -0.056500
26934  -0.056100
26935  -0.056900
26936  -0.056100
26937  -0.056800
26938  -0.055200
26939  -0.055700
26940  -0.054800
26941  -0.055000
26942  -0.055200
26943  -0.055700
26944  -0.057100
26945  -0.055800
26946  -0.056200
26947  -0.055900
26948  -0.055300
26949  -0.055400
26950  -0.054300
26951  -0.055400
26952  -0.054900
26953  -0.054000
26954  -0.054000
26955  -0.054000
26956  -0.052700
26957  -0.053100
26958  -0.052600
26959  -0.052800
26960  -0.052500
26961  -0.052300
26962  -0.052300
26963  -0.053300
26964  -0.053400
26965  -0.053300
26966  -0.052300
26967  -0.052800
26968  -0.053300
26969  -0.054300
26970  -0.054700
26971  -0.055200
26972  -0.053900
26973  -0.053900
26974  -0.054100
26975  -0.054200
26976  -0.055100
26977  -0.054900
26978  -0.055000
26979  -0.055700
26980  -0.056000
26981  -0.055700
26982  -0.056100
26983  -0.054700
26984  -0.055700
26985  -0.056200
26986  -0.055200
26987  -0.056400
26988  -0.056300
26989  -0.055400
26990  -0.054700
26991  -0.055600
26992  -0.057100
26993  -0.056500
26994  -0.056200
26995  -0.055800
26996  -0.055400
26997  -0.055900
26998  -0.056100
26999  -0.055700
27000  -0.055800
27001  -0.056000
27002  -0.056800
27003  -0.057000
27004  -0.056400
27005  -0.057100
27006  -0.058200
27007  -0.057800
27008  -0.057500
27009  -0.058000
27010  -0.057600
27011  -0.057100
27012  -0.056900
27013  -0.057600
27014  -0.056800
27015  -0.055900
27016  -0.056000
27017  -0.055900
27018  -0.054800
27019  -0.054400
27020  -0.053900
27021  -0.053400
27022  -0.053200
27023  -0.053300
27024  -0.052600
27025  -0.051800
27026  -0.051600
27027  -0.051500
27028  -0.051200
27029  -0.051700
27030  -0.051300
27031  -0.050900
27032  -0.050100
27033  -0.050800
27034  -0.050100
27035  -0.049100
27036  -0.050200
27037  -0.050100
27038  -0.049900
27039  -0.050000
27040  -0.049800
27041  -0.049000
27042  -0.050700
27043  -0.051200
27044  -0.051700
27045  -0.051200
27046  -0.051000
27047  -0.051800
27048  -0.051900
27049  -0.051300
27050  -0.051200
27051  -0.050900
27052  -0.051800
27053  -0.051700
27054  -0.052000
27055  -0.052500
27056  -0.053200
27057  -0.053100
27058  -0.054200
27059  -0.054500
27060  -0.054900
27061  -0.055400
27062  -0.054900
27063  -0.055600
27064  -0.055600
27065  -0.055900
27066  -0.054900
27067  -0.055900
27068  -0.056000
27069  -0.055200
27070  -0.056100
27071  -0.056200
27072  -0.056000
27073  -0.055200
27074  -0.055200
27075  -0.054900
27076  -0.055000
27077  -0.055200
27078  -0.056300
27079  -0.056500
27080  -0.055800
27081  -0.055400
27082  -0.056600
27083  -0.057200
27084  -0.057600
27085  -0.057200
27086  -0.058000
27087  -0.058300
27088  -0.059700
27089  -0.060200
27090  -0.060100
27091  -0.059500
27092  -0.059300
27093  -0.060300
27094  -0.059900
27095  -0.060100
27096  -0.059800
27097  -0.059000
27098  -0.058400
27099  -0.058500
27100  -0.057500
27101  -0.057000
27102  -0.057300
27103  -0.057700
27104  -0.058000
27105  -0.058600
27106  -0.058000
27107  -0.058400
27108  -0.058600
27109  -0.058600
27110  -0.058500
27111  -0.058500
27112  -0.059000
27113  -0.059400
27114  -0.059200
27115  -0.058500
27116  -0.058200
27117  -0.058800
27118  -0.057800
27119  -0.057800
27120  -0.058400
27121  -0.058200
27122  -0.058900
27123  -0.058500
27124  -0.058100
27125  -0.057900
27126  -0.058000
27127  -0.058100
27128  -0.058500
27129  -0.057400
27130  -0.057600
27131  -0.058600
27132  -0.057800
27133  -0.057600
27134  -0.057800
27135  -0.058100
27136  -0.058000
27137  -0.058200
27138  -0.059000
27139  -0.058700
27140  -0.059100
27141  -0.059000
27142  -0.058300
27143  -0.058000
27144  -0.057500
27145  -0.056900
27146  -0.057000
27147  -0.057500
27148  -0.058300
27149  -0.058700
27150  -0.058800
27151  -0.059300
27152  -0.059600
27153  -0.059500
27154  -0.059200
27155  -0.059200
27156  -0.059700
27157  -0.059400
27158  -0.058800
27159  -0.058500
27160  -0.057700
27161  -0.057500
27162  -0.058500
27163  -0.057700
27164  -0.056400
27165  -0.057300
27166  -0.057600
27167  -0.058200
27168  -0.057900
27169  -0.058000
27170  -0.057800
27171  -0.058400
27172  -0.058100
27173  -0.058600
27174  -0.059600
27175  -0.059100
27176  -0.059400
27177  -0.059300
27178  -0.059400
27179  -0.059700
27180  -0.059600
27181  -0.059000
27182  -0.058900
27183  -0.059100
27184  -0.060000
27185  -0.059200
27186  -0.059500
27187  -0.059900
27188  -0.060400
27189  -0.060300
27190  -0.059900
27191  -0.059900
27192  -0.059700
27193  -0.059800
27194  -0.060300
27195  -0.060300
27196  -0.060600
27197  -0.059800
27198  -0.059800
27199  -0.060600
27200  -0.060800
27201  -0.060000
27202  -0.059700
27203  -0.060100
27204  -0.060900
27205  -0.060600
27206  -0.059600
27207  -0.059800
27208  -0.060600
27209  -0.060600
27210  -0.061600
27211  -0.061800
27212  -0.062000
27213  -0.062200
27214  -0.061700
27215  -0.061500
27216  -0.061500
27217  -0.061200
27218  -0.061600
27219  -0.061400
27220  -0.061300
27221  -0.060900
27222  -0.060800
27223  -0.061300
27224  -0.061300
27225  -0.060500
27226  -0.059400
27227  -0.059500
27228  -0.060600
27229  -0.060400
27230  -0.060700
27231  -0.060200
27232  -0.060600
27233  -0.060600
27234  -0.061400
27235  -0.060500
27236  -0.060600
27237  -0.061000
27238  -0.060000
27239  -0.059900
27240  -0.060500
27241  -0.060400
27242  -0.060400
27243  -0.060000
27244  -0.059900
27245  -0.059900
27246  -0.059400
27247  -0.060200
27248  -0.060500
27249  -0.060300
27250  -0.060000
27251  -0.059700
27252  -0.059500
27253  -0.058700
27254  -0.058600
27255  -0.059200
27256  -0.059200
27257  -0.059500
27258  -0.059800
27259  -0.059000
27260  -0.058900
27261  -0.059900
27262  -0.060400
27263  -0.061300
27264  -0.060200
27265  -0.059400
27266  -0.058800
27267  -0.058500
27268  -0.058500
27269  -0.058600
27270  -0.058100
27271  -0.058500
27272  -0.059000
27273  -0.058400
27274  -0.057700
27275  -0.058600
27276  -0.057700
27277  -0.058000
27278  -0.057800
27279  -0.057400
27280  -0.057800
27281  -0.058000
27282  -0.057100
27283  -0.056900
27284  -0.058200
27285  -0.058600
27286  -0.057600
27287  -0.058400
27288  -0.058600
27289  -0.058300
27290  -0.056900
27291  -0.057400
27292  -0.058200
27293  -0.057400
27294  -0.057100
27295  -0.057600
27296  -0.057800
27297  -0.057000
27298  -0.057400
27299  -0.057200
27300  -0.057800
27301  -0.057700
27302  -0.057300
27303  -0.057200
27304  -0.057200
27305  -0.056900
27306  -0.056600
27307  -0.057300
27308  -0.058600
27309  -0.058500
27310  -0.059200
27311  -0.059700
27312  -0.060500
27313  -0.061200
27314  -0.060400
27315  -0.061300
27316  -0.062500
27317  -0.062600
27318  -0.063600
27319  -0.062900
27320  -0.062300
27321  -0.062300
27322  -0.062700
27323  -0.063000
27324  -0.062900
27325  -0.062600
27326  -0.062500
27327  -0.062900
27328  -0.062300
27329  -0.062400
27330  -0.062000
27331  -0.063500
27332  -0.063000
27333  -0.063300
27334  -0.063900
27335  -0.064600
27336  -0.065000
27337  -0.064900
27338  -0.065500
27339  -0.065700
27340  -0.065100
27341  -0.066400
27342  -0.066300
27343  -0.066200
27344  -0.065700
27345  -0.066500
27346  -0.066800
27347  -0.065500
27348  -0.066000
27349  -0.065200
27350  -0.065900
27351  -0.065500
27352  -0.064900
27353  -0.066200
27354  -0.066200
27355  -0.066000
27356  -0.066200
27357  -0.065900
27358  -0.064700
27359  -0.065000
27360  -0.065400
27361  -0.065400
27362  -0.066800
27363  -0.066500
27364  -0.065900
27365  -0.065600
27366  -0.064600
27367  -0.064500
27368  -0.064200
27369  -0.065200
27370  -0.065000
27371  -0.065600
27372  -0.066100
27373  -0.066500
27374  -0.066700
27375  -0.066500
27376  -0.067200
27377  -0.067000
27378  -0.067600
27379  -0.067700
27380  -0.068500
27381  -0.068500
27382  -0.068300
27383  -0.067700
27384  -0.067900
27385  -0.067800
27386  -0.066900
27387  -0.066800
27388  -0.067700
27389  -0.067200
27390  -0.067100
27391  -0.067000
27392  -0.066600
27393  -0.066900
27394  -0.066800
27395  -0.067200
27396  -0.068100
27397  -0.067300
27398  -0.066400
27399  -0.066900
27400  -0.067200
27401  -0.067000
27402  -0.067800
27403  -0.068000
27404  -0.068100
27405  -0.067900
27406  -0.068500
27407  -0.068300
27408  -0.068600
27409  -0.069600
27410  -0.069800
27411  -0.069600
27412  -0.069600
27413  -0.070200
27414  -0.071000
27415  -0.070700
27416  -0.069900
27417  -0.069200
27418  -0.068400
27419  -0.068000
27420  -0.067700
27421  -0.067200
27422  -0.067100
27423  -0.066900
27424  -0.067300
27425  -0.068200
27426  -0.068500
27427  -0.067700
27428  -0.068200
27429  -0.067400
27430  -0.067300
27431  -0.067800
27432  -0.068200
27433  -0.068100
27434  -0.068500
27435  -0.069800
27436  -0.069500
27437  -0.069100
27438  -0.068800
27439  -0.069000
27440  -0.068500
27441  -0.069300
27442  -0.069500
27443  -0.069300
27444  -0.068800
27445  -0.069000
27446  -0.068300
27447  -0.068900
27448  -0.067700
27449  -0.066600
27450  -0.065700
27451  -0.064400
27452  -0.063900
27453  -0.063700
27454  -0.064400
27455  -0.064400
27456  -0.063900
27457  -0.064500
27458  -0.064600
27459  -0.064100
27460  -0.063800
27461  -0.064700
27462  -0.065300
27463  -0.065500
27464  -0.065100
27465  -0.066000
27466  -0.066900
27467  -0.066800
27468  -0.066600
27469  -0.067300
27470  -0.067700
27471  -0.068300
27472  -0.068700
27473  -0.068200
27474  -0.068000
27475  -0.067600
27476  -0.068700
27477  -0.069100
27478  -0.068800
27479  -0.069100
27480  -0.068800
27481  -0.069200
27482  -0.069100
27483  -0.069700
27484  -0.070000
27485  -0.070200
27486  -0.069200
27487  -0.069600
27488  -0.070000
27489  -0.069700
27490  -0.070500
27491  -0.070300
27492  -0.069700
27493  -0.068800
27494  -0.070000
27495  -0.070400
27496  -0.070500
27497  -0.070100
27498  -0.069800
27499  -0.068600
27500  -0.069400
27501  -0.069300
27502  -0.069300
27503  -0.070000
27504  -0.070300
27505  -0.071000
27506  -0.070900
27507  -0.070800
27508  -0.070100
27509  -0.069600
27510  -0.068700
27511  -0.069400
27512  -0.070200
27513  -0.069600
27514  -0.070300
27515  -0.071200
27516  -0.070300
27517  -0.070800
27518  -0.070500
27519  -0.070400
27520  -0.071000
27521  -0.071100
27522  -0.072700
27523  -0.073000
27524  -0.073100
27525  -0.074000
27526  -0.074100
27527  -0.074300
27528  -0.074900
27529  -0.074600
27530  -0.074500
27531  -0.074500
27532  -0.075300
27533  -0.074200
27534  -0.074700
27535  -0.073300
27536  -0.074000
27537  -0.072800
27538  -0.072600
27539  -0.072300
27540  -0.072300
27541  -0.071600
27542  -0.071300
27543  -0.070800
27544  -0.070600
27545  -0.071500
27546  -0.071700
27547  -0.072700
27548  -0.073800
27549  -0.073400
27550  -0.075100
27551  -0.075100
27552  -0.074500
27553  -0.074200
27554  -0.074800
27555  -0.075100
27556  -0.074700
27557  -0.075300
27558  -0.075100
27559  -0.075400
27560  -0.073500
27561  -0.073600
27562  -0.072900
27563  -0.073000
27564  -0.073700
27565  -0.073700
27566  -0.074300
27567  -0.073400
27568  -0.073800
27569  -0.074000
27570  -0.073700
27571  -0.074400
27572  -0.075400
27573  -0.074300
27574  -0.073800
27575  -0.073300
27576  -0.073700
27577  -0.073200
27578  -0.073500
27579  -0.073800
27580  -0.073100
27581  -0.073900
27582  -0.074200
27583  -0.073900
27584  -0.073400
27585  -0.073600
27586  -0.075100
27587  -0.074800
27588  -0.073800
27589  -0.073400
27590  -0.074700
27591  -0.073600
27592  -0.074300
27593  -0.075200
27594  -0.075800
27595  -0.076200
27596  -0.076500
27597  -0.076100
27598  -0.076600
27599  -0.076200
27600  -0.075200
27601  -0.075600
27602  -0.075300
27603  -0.075200
27604  -0.075100
27605  -0.075800
27606  -0.076000
27607  -0.076600
27608  -0.076700
27609  -0.077800
27610  -0.078500
27611  -0.078300
27612  -0.079200
27613  -0.079300
27614  -0.080100
27615  -0.079700
27616  -0.080800
27617  -0.080200
27618  -0.080800
27619  -0.080700
27620  -0.079900
27621  -0.080700
27622  -0.080600
27623  -0.081300
27624  -0.081300
27625  -0.080900
27626  -0.080500
27627  -0.080300
27628  -0.080700
27629  -0.080500
27630  -0.080500
27631  -0.079600
27632  -0.079600
27633  -0.079300
27634  -0.079200
27635  -0.079400
27636  -0.078400
27637  -0.078300
27638  -0.077800
27639  -0.078400
27640  -0.078000
27641  -0.077900
27642  -0.078200
27643  -0.077400
27644  -0.078700
27645  -0.079600
27646  -0.080100
27647  -0.081000
27648  -0.080400
27649  -0.080400
27650  -0.080000
27651  -0.081300
27652  -0.081600
27653  -0.081500
27654  -0.082300
27655  -0.082600
27656  -0.082300
27657  -0.081200
27658  -0.081400
27659  -0.081100
27660  -0.081700
27661  -0.081000
27662  -0.080800
27663  -0.081500
27664  -0.081600
27665  -0.080700
27666  -0.081100
27667  -0.080800
27668  -0.081200
27669  -0.081400
27670  -0.081200
27671  -0.080400
27672  -0.080300
27673  -0.080600
27674  -0.081100
27675  -0.082300
27676  -0.083200
27677  -0.083900
27678  -0.084500
27679  -0.085600
27680  -0.084200
27681  -0.084800
27682  -0.084900
27683  -0.084700
27684  -0.084600
27685  -0.084800
27686  -0.085300
27687  -0.085500
27688  -0.085300
27689  -0.086700
27690  -0.087400
27691  -0.088300
27692  -0.087500
27693  -0.087700
27694  -0.087000
27695  -0.087400
27696  -0.087800
27697  -0.087900
27698  -0.088800
27699  -0.087200
27700  -0.086600
27701  -0.087000
27702  -0.087200
27703  -0.087200
27704  -0.086400
27705  -0.086100
27706  -0.086300
27707  -0.086400
27708  -0.086200
27709  -0.086300
27710  -0.085900
27711  -0.086300
27712  -0.086600
27713  -0.086000
27714  -0.084700
27715  -0.084800
27716  -0.084800
27717  -0.083800
27718  -0.083100
27719  -0.082600
27720  -0.082700
27721  -0.081900
27722  -0.081700
27723  -0.081200
27724  -0.081300
27725  -0.081600
27726  -0.082400
27727  -0.082600
27728  -0.082500
27729  -0.082100
27730  -0.081200
27731  -0.081900
27732  -0.083000
27733  -0.083200
27734  -0.083200
27735  -0.082400
27736  -0.083000
27737  -0.083300
27738  -0.084000
27739  -0.083500
27740  -0.083700
27741  -0.084600
27742  -0.086000
27743  -0.085600
27744  -0.085800
27745  -0.086100
27746  -0.085200
27747  -0.084800
27748  -0.084700
27749  -0.084400
27750  -0.083900
27751  -0.084500
27752  -0.085200
27753  -0.085300
27754  -0.085400
27755  -0.086500
27756  -0.086600
27757  -0.087100
27758  -0.085700
27759  -0.085000
27760  -0.084600
27761  -0.085500
27762  -0.085400
27763  -0.086900
27764  -0.086900
27765  -0.087000
27766  -0.086500
27767  -0.086000
27768  -0.085900
27769  -0.086700
27770  -0.087100
27771  -0.086800
27772  -0.086800
27773  -0.087600
27774  -0.086900
27775  -0.086800
27776  -0.087000
27777  -0.086900
27778  -0.086400
27779  -0.086500
27780  -0.088000
27781  -0.087800
27782  -0.088100
27783  -0.086900
27784  -0.086700
27785  -0.085500
27786  -0.085800
27787  -0.085700
27788  -0.085300
27789  -0.085400
27790  -0.085800
27791  -0.085700
27792  -0.085500
27793  -0.084900
27794  -0.084800
27795  -0.084700
27796  -0.085000
27797  -0.085100
27798  -0.085900
27799  -0.085400
27800  -0.084900
27801  -0.086100
27802  -0.086200
27803  -0.085400
27804  -0.085100
27805  -0.085200
27806  -0.085200
27807  -0.085700
27808  -0.086400
27809  -0.086200
27810  -0.086200
27811  -0.086500
27812  -0.086200
27813  -0.087200
27814  -0.087800
27815  -0.087700
27816  -0.087100
27817  -0.087100
27818  -0.087600
27819  -0.087100
27820  -0.087800
27821  -0.088100
27822  -0.088000
27823  -0.088600
27824  -0.090400
27825  -0.089000
27826  -0.087800
27827  -0.087800
27828  -0.088100
27829  -0.088100
27830  -0.088400
27831  -0.088300
27832  -0.088400
27833  -0.088100
27834  -0.088100
27835  -0.088400
27836  -0.089000
27837  -0.088600
27838  -0.088300
27839  -0.087900
27840  -0.087300
27841  -0.086900
27842  -0.087200
27843  -0.087800
27844  -0.085800
27845  -0.086600
27846  -0.087100
27847  -0.087800
27848  -0.088400
27849  -0.088000
27850  -0.088200
27851  -0.088100
27852  -0.089200
27853  -0.090500
27854  -0.091100
27855  -0.090500
27856  -0.089700
27857  -0.089500
27858  -0.088500
27859  -0.088200
27860  -0.088200
27861  -0.088200
27862  -0.088100
27863  -0.088500
27864  -0.088700
27865  -0.089100
27866  -0.089300
27867  -0.090200
27868  -0.090200
27869  -0.089500
27870  -0.089400
27871  -0.089500
27872  -0.091800
27873  -0.092100
27874  -0.091200
27875  -0.091200
27876  -0.091100
27877  -0.091200
27878  -0.090400
27879  -0.090300
27880  -0.090000
27881  -0.090300
27882  -0.090100
27883  -0.089800
27884  -0.090400
27885  -0.090800
27886  -0.090700
27887  -0.090700
27888  -0.091100
27889  -0.090200
27890  -0.090400
27891  -0.090200
27892  -0.090200
27893  -0.090800
27894  -0.091500
27895  -0.090700
27896  -0.091700
27897  -0.092300
27898  -0.091400
27899  -0.090900
27900  -0.091600
27901  -0.091200
27902  -0.091200
27903  -0.090500
27904  -0.091100
27905  -0.091500
27906  -0.092900
27907  -0.093400
27908  -0.092900
27909  -0.094400
27910  -0.094500
27911  -0.095000
27912  -0.094000
27913  -0.093900
27914  -0.093600
27915  -0.092200
27916  -0.092000
27917  -0.091800
27918  -0.091300
27919  -0.091100
27920  -0.091200
27921  -0.091500
27922  -0.091400
27923  -0.093400
27924  -0.092800
27925  -0.093300
27926  -0.092600
27927  -0.092700
27928  -0.093400
27929  -0.092600
27930  -0.092200
27931  -0.093200
27932  -0.093600
27933  -0.093700
27934  -0.093500
27935  -0.092800
27936  -0.092100
27937  -0.091800
27938  -0.090700
27939  -0.091000
27940  -0.090800
27941  -0.090900
27942  -0.090800
27943  -0.091700
27944  -0.091400
27945  -0.091900
27946  -0.091200
27947  -0.090900
27948  -0.091100
27949  -0.089300
27950  -0.089300
27951  -0.089500
27952  -0.089600
27953  -0.090100
27954  -0.089500
27955  -0.090200
27956  -0.089800
27957  -0.090100
27958  -0.090200
27959  -0.090100
27960  -0.090700
27961  -0.090000
27962  -0.091600
27963  -0.092000
27964  -0.092500
27965  -0.092400
27966  -0.092900
27967  -0.093300
27968  -0.091800
27969  -0.091800
27970  -0.091700
27971  -0.091300
27972  -0.090700
27973  -0.090600
27974  -0.090700
27975  -0.091200
27976  -0.091400
27977  -0.090800
27978  -0.091200
27979  -0.092000
27980  -0.092600
27981  -0.092500
27982  -0.091100
27983  -0.090400
27984  -0.090400
27985  -0.090100
27986  -0.090500
27987  -0.091100
27988  -0.091000
27989  -0.091300
27990  -0.091500
27991  -0.091600
27992  -0.091000
27993  -0.091800
27994  -0.091000
27995  -0.091200
27996  -0.092500
27997  -0.092000
27998  -0.091700
27999  -0.091600
28000  -0.091600
28001  -0.092200
28002  -0.092800
28003  -0.092700
28004  -0.092700
28005  -0.092600
28006  -0.093300
28007  -0.093400
28008  -0.093000
28009  -0.092400
28010  -0.093400
28011  -0.093700
28012  -0.094300
28013  -0.094200
28014  -0.093700
28015  -0.093300
28016  -0.093500
28017  -0.093900
28018  -0.093300
28019  -0.093200
28020  -0.092900
28021  -0.092500
28022  -0.093800
28023  -0.095200
28024  -0.094800
28025  -0.095800
28026  -0.094700
28027  -0.095300
28028  -0.095300
28029  -0.095300
28030  -0.095300
28031  -0.096300
28032  -0.096300
28033  -0.095800
28034  -0.095700
28035  -0.095400
28036  -0.096600
28037  -0.097600
28038  -0.098100
28039  -0.098100
28040  -0.098600
28041  -0.097700
28042  -0.097200
28043  -0.098500
28044  -0.098700
28045  -0.098300
28046  -0.099700
28047  -0.099700
28048  -0.099600
28049  -0.100000
28050  -0.100200
28051  -0.100400
28052  -0.099400
28053  -0.099100
28054  -0.099200
28055  -0.099500
28056  -0.099600
28057  -0.099800
28058  -0.098600
28059  -0.098500
28060  -0.098300
28061  -0.098200
28062  -0.098600
28063  -0.098900
28064  -0.098700
28065  -0.099000
28066  -0.098100
28067  -0.099700
28068  -0.100400
28069  -0.100300
28070  -0.100800
28071  -0.100900
28072  -0.100700
28073  -0.099900
28074  -0.100400
28075  -0.100200
28076  -0.099700
28077  -0.099200
28078  -0.098400
28079  -0.097800
28080  -0.096700
28081  -0.095600
28082  -0.094700
28083  -0.094400
28084  -0.094900
28085  -0.095900
28086  -0.095600
28087  -0.095700
28088  -0.095300
28089  -0.095000
28090  -0.095500
28091  -0.095400
28092  -0.095800
28093  -0.096400
28094  -0.096900
28095  -0.096300
28096  -0.097200
28097  -0.097800
28098  -0.098500
28099  -0.098800
28100  -0.098100
28101  -0.099100
28102  -0.099000
28103  -0.099600
28104  -0.099200
28105  -0.099800
28106  -0.099600
28107  -0.100400
28108  -0.099800
28109  -0.099000
28110  -0.098400
28111  -0.097900
28112  -0.096800
28113  -0.096800
28114  -0.097000
28115  -0.096700
28116  -0.096800
28117  -0.096700
28118  -0.097000
28119  -0.097000
28120  -0.097400
28121  -0.097600
28122  -0.097800
28123  -0.097100
28124  -0.096600
28125  -0.096000
28126  -0.096700
28127  -0.096400
28128  -0.096300
28129  -0.095700
28130  -0.095100
28131  -0.095900
28132  -0.094400
28133  -0.094300
28134  -0.094800
28135  -0.094300
28136  -0.095500
28137  -0.094900
28138  -0.095300
28139  -0.095100
28140  -0.095200
28141  -0.094700
28142  -0.095300
28143  -0.095600
28144  -0.095000
28145  -0.095400
28146  -0.095700
28147  -0.096200
28148  -0.096400
28149  -0.095700
28150  -0.095900
28151  -0.096600
28152  -0.096500
28153  -0.096100
28154  -0.095500
28155  -0.095700
28156  -0.096000
28157  -0.096300
28158  -0.096500
28159  -0.097200
28160  -0.096300
28161  -0.096700
28162  -0.096300
28163  -0.096500
28164  -0.096300
28165  -0.096300
28166  -0.096500
28167  -0.097300
28168  -0.096400
28169  -0.096100
28170  -0.097500
28171  -0.097100
28172  -0.097400
28173  -0.098000
28174  -0.098500
28175  -0.098000
28176  -0.097700
28177  -0.096100
28178  -0.096300
28179  -0.095500
28180  -0.096400
28181  -0.095900
28182  -0.096300
28183  -0.096300
28184  -0.095300
28185  -0.096600
28186  -0.098100
28187  -0.098100
28188  -0.099100
28189  -0.100000
28190  -0.100400
28191  -0.100900
28192  -0.101000
28193  -0.102200
28194  -0.100900
28195  -0.101600
28196  -0.102800
28197  -0.103100
28198  -0.103000
28199  -0.103200
28200  -0.102800
28201  -0.103300
28202  -0.102800
28203  -0.102600
28204  -0.102200
28205  -0.102600
28206  -0.103100
28207  -0.102500
28208  -0.102200
28209  -0.102100
28210  -0.102000
28211  -0.102800
28212  -0.103500
28213  -0.103900
28214  -0.104000
28215  -0.104200
28216  -0.104200
28217  -0.104300
28218  -0.104500
28219  -0.104800
28220  -0.104500
28221  -0.105100
28222  -0.104600
28223  -0.105400
28224  -0.104900
28225  -0.104700
28226  -0.105100
28227  -0.105100
28228  -0.104700
28229  -0.104600
28230  -0.104600
28231  -0.104500
28232  -0.105000
28233  -0.104100
28234  -0.104800
28235  -0.104300
28236  -0.104200
28237  -0.104700
28238  -0.104200
28239  -0.104300
28240  -0.103600
28241  -0.103800
28242  -0.104800
28243  -0.106000
28244  -0.107100
28245  -0.107500
28246  -0.107200
28247  -0.107200
28248  -0.107200
28249  -0.107300
28250  -0.107200
28251  -0.106600
28252  -0.107600
28253  -0.107800
28254  -0.107400
28255  -0.108000
28256  -0.107500
28257  -0.108200
28258  -0.108700
28259  -0.109000
28260  -0.108700
28261  -0.108400
28262  -0.108000
28263  -0.107800
28264  -0.108500
28265  -0.109600
28266  -0.110000
28267  -0.110000
28268  -0.110100
28269  -0.110300
28270  -0.109000
28271  -0.108500
28272  -0.108700
28273  -0.108300
28274  -0.107300
28275  -0.106500
28276  -0.106800
28277  -0.106900
28278  -0.107400
28279  -0.107200
28280  -0.107800
28281  -0.108400
28282  -0.108100
28283  -0.108000
28284  -0.107800
28285  -0.107800
28286  -0.107700
28287  -0.107000
28288  -0.106300
28289  -0.105300
28290  -0.104800
28291  -0.105000
28292  -0.106200
28293  -0.106400
28294  -0.105900
28295  -0.106200
28296  -0.105900
28297  -0.105700
28298  -0.106000
28299  -0.106200
28300  -0.106700
28301  -0.107300
28302  -0.106400
28303  -0.106500
28304  -0.106500
28305  -0.106300
28306  -0.105700
28307  -0.105300
28308  -0.106300
28309  -0.106300
28310  -0.105700
28311  -0.105000
28312  -0.105400
28313  -0.103500
28314  -0.102700
28315  -0.103100
28316  -0.102200
28317  -0.103000
28318  -0.103500
28319  -0.103500
28320  -0.102800
28321  -0.103400
28322  -0.103800
28323  -0.104300
28324  -0.104000
28325  -0.103300
28326  -0.101800
28327  -0.101500
28328  -0.101500
28329  -0.101200
28330  -0.102000
28331  -0.101500
28332  -0.102200
28333  -0.101700
28334  -0.102100
28335  -0.103300
28336  -0.103600
28337  -0.103000
28338  -0.103000
28339  -0.101800
28340  -0.101100
28341  -0.101600
28342  -0.100200
28343  -0.099900
28344  -0.098900
28345  -0.098700
28346  -0.099500
28347  -0.099000
28348  -0.099400
28349  -0.100200
28350  -0.100700
28351  -0.100500
28352  -0.100100
28353  -0.099800
28354  -0.098600
28355  -0.100100
28356  -0.100300
28357  -0.101200
28358  -0.102500
28359  -0.102100
28360  -0.102300
28361  -0.102200
28362  -0.102700
28363  -0.102700
28364  -0.102500
28365  -0.102200
28366  -0.102400
28367  -0.101300
28368  -0.101000
28369  -0.100000
28370  -0.099500
28371  -0.099800
28372  -0.099900
28373  -0.100300
28374  -0.101100
28375  -0.101800
28376  -0.101900
28377  -0.101500
28378  -0.102100
28379  -0.103000
28380  -0.102600
28381  -0.102700
28382  -0.102500
28383  -0.102300
28384  -0.102700
28385  -0.102000
28386  -0.102500
28387  -0.101900
28388  -0.103200
28389  -0.102900
28390  -0.102400
28391  -0.101600
28392  -0.101700
28393  -0.102900
28394  -0.102500
28395  -0.102400
28396  -0.102200
28397  -0.101300
28398  -0.102300
28399  -0.102200
28400  -0.101900
28401  -0.101800
28402  -0.102100
28403  -0.101400
28404  -0.100200
28405  -0.100400
28406  -0.099500
28407  -0.099400
28408  -0.099000
28409  -0.098800
28410  -0.099500
28411  -0.099100
28412  -0.098100
28413  -0.097100
28414  -0.096900
28415  -0.096900
28416  -0.097300
28417  -0.097700
28418  -0.097600
28419  -0.098200
28420  -0.098300
28421  -0.098400
28422  -0.099700
28423  -0.099400
28424  -0.098800
28425  -0.098700
28426  -0.098700
28427  -0.097800
28428  -0.098600
28429  -0.097700
28430  -0.097600
28431  -0.099300
28432  -0.099300
28433  -0.099200
28434  -0.100700
28435  -0.100900
28436  -0.101400
28437  -0.101300
28438  -0.101600
28439  -0.102100
28440  -0.101900
28441  -0.101500
28442  -0.101700
28443  -0.101200
28444  -0.100400
28445  -0.099700
28446  -0.099100
28447  -0.098300
28448  -0.098900
28449  -0.099700
28450  -0.099800
28451  -0.100300
28452  -0.100300
28453  -0.099400
28454  -0.098900
28455  -0.099000
28456  -0.099900
28457  -0.100000
28458  -0.100500
28459  -0.100600
28460  -0.100500
28461  -0.101200
28462  -0.100600
28463  -0.101900
28464  -0.101300
28465  -0.100100
28466  -0.099600
28467  -0.098300
28468  -0.097900
28469  -0.098300
28470  -0.097200
28471  -0.097700
28472  -0.097000
28473  -0.097700
28474  -0.097500
28475  -0.096800
28476  -0.096600
28477  -0.095200
28478  -0.095600
28479  -0.096000
28480  -0.096700
28481  -0.097300
28482  -0.097500
28483  -0.097800
28484  -0.098100
28485  -0.098400
28486  -0.097500
28487  -0.098200
28488  -0.097900
28489  -0.097400
28490  -0.097400
28491  -0.096900
28492  -0.096800
28493  -0.096700
28494  -0.096000
28495  -0.095500
28496  -0.095700
28497  -0.095500
28498  -0.096900
28499  -0.097200
28500  -0.096100
28501  -0.095000
28502  -0.095300
28503  -0.094700
28504  -0.094700
28505  -0.094900
28506  -0.095300
28507  -0.094800
28508  -0.095300
28509  -0.095000
28510  -0.094900
28511  -0.094600
28512  -0.095800
28513  -0.094600
28514  -0.094800
28515  -0.094600
28516  -0.094500
28517  -0.094900
28518  -0.094600
28519  -0.095200
28520  -0.094700
28521  -0.094500
28522  -0.094000
28523  -0.093600
28524  -0.093200
28525  -0.092600
28526  -0.092900
28527  -0.092100
28528  -0.090900
28529  -0.092000
28530  -0.091500
28531  -0.092200
28532  -0.092200
28533  -0.092900
28534  -0.092900
28535  -0.092200
28536  -0.091900
28537  -0.091600
28538  -0.091900
28539  -0.091900
28540  -0.092300
28541  -0.091800
28542  -0.091500
28543  -0.089700
28544  -0.089000
28545  -0.090400
28546  -0.089400
28547  -0.090100
28548  -0.089900
28549  -0.090000
28550  -0.089300
28551  -0.089300
28552  -0.089500
28553  -0.089500
28554  -0.090200
28555  -0.090600
28556  -0.090300
28557  -0.090700
28558  -0.090700
28559  -0.091700
28560  -0.091700
28561  -0.092100
28562  -0.091500
28563  -0.091000
28564  -0.090500
28565  -0.090100
28566  -0.092100
28567  -0.092000
28568  -0.091500
28569  -0.091300
28570  -0.092000
28571  -0.090800
28572  -0.089700
28573  -0.090500
28574  -0.090100
28575  -0.090300
28576  -0.090000
28577  -0.091200
28578  -0.091800
28579  -0.090800
28580  -0.092100
28581  -0.091200
28582  -0.091600
28583  -0.091100
28584  -0.091700
28585  -0.091200
28586  -0.091300
28587  -0.091300
28588  -0.090800
28589  -0.090100
28590  -0.089200
28591  -0.089600
28592  -0.089800
28593  -0.089500
28594  -0.089400
28595  -0.090500
28596  -0.091100
28597  -0.092400
28598  -0.093000
28599  -0.093100
28600  -0.093100
28601  -0.092700
28602  -0.091500
28603  -0.091300
28604  -0.090700
28605  -0.090000
28606  -0.089800
28607  -0.090000
28608  -0.090300
28609  -0.090600
28610  -0.088600
28611  -0.089400
28612  -0.089600
28613  -0.090000
28614  -0.090300
28615  -0.090100
28616  -0.090400
28617  -0.090400
28618  -0.092100
28619  -0.092800
28620  -0.093500
28621  -0.093400
28622  -0.093700
28623  -0.093700
28624  -0.093700
28625  -0.093700
28626  -0.093800
28627  -0.094200
28628  -0.093200
28629  -0.092500
28630  -0.091900
28631  -0.092000
28632  -0.092200
28633  -0.093400
28634  -0.093200
28635  -0.093200
28636  -0.093200
28637  -0.093600
28638  -0.093800
28639  -0.093600
28640  -0.092100
28641  -0.091800
28642  -0.092500
28643  -0.092300
28644  -0.092300
28645  -0.092900
28646  -0.092300
28647  -0.092300
28648  -0.092800
28649  -0.092200
28650  -0.093200
28651  -0.092700
28652  -0.091700
28653  -0.092400
28654  -0.092300
28655  -0.093400
28656  -0.093800
28657  -0.092800
28658  -0.091400
28659  -0.090700
28660  -0.090200
28661  -0.090200
28662  -0.090800
28663  -0.091500
28664  -0.091600
28665  -0.092600
28666  -0.092600
28667  -0.092200
28668  -0.093200
28669  -0.093300
28670  -0.093700
28671  -0.093400
28672  -0.093500
28673  -0.094600
28674  -0.094700
28675  -0.094100
28676  -0.093700
28677  -0.093600
28678  -0.093600
28679  -0.094200
28680  -0.094900
28681  -0.094600
28682  -0.094400
28683  -0.093700
28684  -0.093100
28685  -0.093500
28686  -0.093200
28687  -0.093100
28688  -0.093200
28689  -0.092700
28690  -0.091500
28691  -0.092500
28692  -0.092000
28693  -0.091200
28694  -0.090800
28695  -0.091400
28696  -0.091200
28697  -0.091700
28698  -0.091300
28699  -0.089300
28700  -0.087400
28701  -0.087300
28702  -0.087000
28703  -0.087300
28704  -0.087000
28705  -0.086800
28706  -0.087600
28707  -0.087100
28708  -0.087900
28709  -0.088700
28710  -0.088700
28711  -0.089000
28712  -0.089300
28713  -0.088800
28714  -0.089100
28715  -0.089500
28716  -0.088700
28717  -0.088200
28718  -0.089400
28719  -0.089300
28720  -0.089100
28721  -0.090300
28722  -0.090100
28723  -0.089700
28724  -0.090400
28725  -0.090000
28726  -0.089600
28727  -0.089100
28728  -0.088300
28729  -0.087600
28730  -0.088000
28731  -0.087300
28732  -0.087100
28733  -0.087200
28734  -0.087300
28735  -0.087500
28736  -0.087700
28737  -0.088500
28738  -0.089200
28739  -0.089500
28740  -0.089600
28741  -0.089500
28742  -0.089200
28743  -0.090400
28744  -0.090000
28745  -0.090600
28746  -0.090600
28747  -0.090300
28748  -0.090300
28749  -0.091400
28750  -0.091500
28751  -0.090300
28752  -0.090700
28753  -0.091100
28754  -0.090700
28755  -0.091500
28756  -0.091000
28757  -0.090400
28758  -0.090000
28759  -0.088500
28760  -0.089300
28761  -0.089900
28762  -0.090800
28763  -0.091200
28764  -0.090500
28765  -0.090500
28766  -0.088600
28767  -0.088900
28768  -0.089000
28769  -0.089000
28770  -0.088900
28771  -0.088300
28772  -0.088400
28773  -0.088300
28774  -0.088900
28775  -0.088800
28776  -0.088900
28777  -0.089300
28778  -0.090300
28779  -0.090500
28780  -0.089900
28781  -0.089400
28782  -0.088800
28783  -0.088800
28784  -0.089300
28785  -0.091000
28786  -0.092100
28787  -0.091800
28788  -0.092000
28789  -0.091700
28790  -0.091400
28791  -0.090200
28792  -0.090400
28793  -0.091800
28794  -0.092200
28795  -0.090800
28796  -0.090500
28797  -0.091400
28798  -0.090600
28799  -0.091100
28800  -0.092000
28801  -0.090400
28802  -0.090900
28803  -0.090700
28804  -0.090500
28805  -0.089900
28806  -0.090000
28807  -0.091400
28808  -0.091300
28809  -0.091300
28810  -0.091100
28811  -0.090800
28812  -0.090000
28813  -0.090500
28814  -0.090200
28815  -0.090900
28816  -0.090500
28817  -0.091500
28818  -0.092300
28819  -0.092100
28820  -0.092700
28821  -0.092500
28822  -0.092900
28823  -0.093300
28824  -0.093700
28825  -0.093800
28826  -0.094200
28827  -0.094700
28828  -0.094300
28829  -0.093800
28830  -0.093700
28831  -0.094000
28832  -0.094800
28833  -0.095400
28834  -0.095900
28835  -0.096400
28836  -0.096800
28837  -0.096500
28838  -0.095800
28839  -0.095700
28840  -0.096200
28841  -0.095700
28842  -0.095100
28843  -0.095200
28844  -0.094500
28845  -0.093500
28846  -0.093100
28847  -0.092800
28848  -0.094700
28849  -0.094500
28850  -0.095400
28851  -0.095400
28852  -0.096000
28853  -0.096900
28854  -0.096800
28855  -0.096300
28856  -0.096900
28857  -0.098100
28858  -0.098300
28859  -0.097700
28860  -0.098900
28861  -0.099400
28862  -0.099300
28863  -0.099300
28864  -0.099100
28865  -0.099300
28866  -0.100400
28867  -0.100800
28868  -0.101800
28869  -0.101000
28870  -0.101700
28871  -0.102200
28872  -0.101900
28873  -0.101900
28874  -0.102500
28875  -0.102900
28876  -0.102500
28877  -0.102700
28878  -0.102300
28879  -0.101900
28880  -0.102500
28881  -0.102200
28882  -0.101600
28883  -0.100700
28884  -0.099500
28885  -0.099300
28886  -0.099700
28887  -0.098900
28888  -0.098500
28889  -0.097600
28890  -0.097600
28891  -0.097300
28892  -0.096700
28893  -0.096200
28894  -0.096800
28895  -0.096600
28896  -0.096500
28897  -0.095900
28898  -0.096300
28899  -0.098000
28900  -0.099000
28901  -0.098400
28902  -0.097900
28903  -0.097200
28904  -0.098200
28905  -0.097700
28906  -0.097600
28907  -0.097300
28908  -0.096000
28909  -0.095900
28910  -0.096000
28911  -0.096800
28912  -0.096800
28913  -0.096500
28914  -0.095600
28915  -0.095400
28916  -0.095400
28917  -0.095900
28918  -0.095300
28919  -0.095500
28920  -0.096100
28921  -0.096200
28922  -0.095500
28923  -0.094100
28924  -0.094500
28925  -0.094900
28926  -0.095800
28927  -0.095700
28928  -0.095900
28929  -0.097300
28930  -0.096000
28931  -0.096200
28932  -0.094800
28933  -0.094700
28934  -0.094700
28935  -0.095200
28936  -0.094400
28937  -0.095100
28938  -0.095300
28939  -0.096100
28940  -0.095600
28941  -0.096500
28942  -0.095700
28943  -0.095100
28944  -0.094800
28945  -0.094200
28946  -0.094800
28947  -0.094700
28948  -0.094500
28949  -0.094700
28950  -0.094000
28951  -0.094400
28952  -0.095400
28953  -0.095600
28954  -0.095900
28955  -0.095900
28956  -0.095800
28957  -0.095900
28958  -0.095500
28959  -0.094700
28960  -0.095500
28961  -0.095300
28962  -0.094600
28963  -0.092600
28964  -0.093100
28965  -0.093800
28966  -0.093100
28967  -0.093600
28968  -0.093400
28969  -0.093000
28970  -0.092500
28971  -0.092400
28972  -0.091200
28973  -0.091300
28974  -0.092000
28975  -0.092900
28976  -0.094100
28977  -0.094100
28978  -0.093300
28979  -0.093600
28980  -0.093800
28981  -0.093900
28982  -0.094400
28983  -0.093800
28984  -0.093300
28985  -0.093000
28986  -0.092700
28987  -0.092600
28988  -0.092900
28989  -0.093200
28990  -0.093300
28991  -0.092700
28992  -0.093200
28993  -0.093500
28994  -0.093100
28995  -0.093700
28996  -0.092900
28997  -0.093800
28998  -0.093600
28999  -0.094000
29000  -0.093900
29001  -0.094300
29002  -0.094000
29003  -0.094700
29004  -0.095100
29005  -0.094900
29006  -0.094100
29007  -0.093600
29008  -0.092000
29009  -0.092400
29010  -0.092300
29011  -0.092300
29012  -0.091600
29013  -0.092100
29014  -0.092900
29015  -0.092300
29016  -0.092000
29017  -0.091600
29018  -0.092400
29019  -0.092900
29020  -0.092500
29021  -0.092900
29022  -0.093200
29023  -0.093800
29024  -0.094700
29025  -0.095000
29026  -0.094800
29027  -0.095600
29028  -0.096000
29029  -0.096300
29030  -0.096500
29031  -0.094700
29032  -0.095600
29033  -0.096000
29034  -0.096800
29035  -0.095700
29036  -0.095100
29037  -0.094800
29038  -0.094800
29039  -0.094600
29040  -0.094100
29041  -0.093700
29042  -0.094100
29043  -0.093700
29044  -0.094700
29045  -0.094300
29046  -0.094000
29047  -0.093500
29048  -0.093200
29049  -0.093700
29050  -0.093400
29051  -0.092900
29052  -0.093000
29053  -0.092800
29054  -0.092700
29055  -0.093100
29056  -0.093000
29057  -0.093000
29058  -0.093800
29059  -0.094700
29060  -0.094600
29061  -0.095800
29062  -0.096100
29063  -0.096100
29064  -0.096300
29065  -0.096100
29066  -0.096400
29067  -0.097100
29068  -0.096800
29069  -0.096500
29070  -0.096400
29071  -0.097000
29072  -0.096800
29073  -0.096300
29074  -0.095900
29075  -0.096200
29076  -0.095100
29077  -0.096000
29078  -0.095900
29079  -0.097500
29080  -0.097500
29081  -0.097300
29082  -0.097600
29083  -0.097400
29084  -0.097400
29085  -0.096800
29086  -0.098100
29087  -0.098900
29088  -0.100000
29089  -0.099100
29090  -0.098600
29091  -0.097800
29092  -0.097400
29093  -0.096800
29094  -0.096500
29095  -0.097700
29096  -0.097400
29097  -0.098600
29098  -0.099900
29099  -0.099500
29100  -0.099800
29101  -0.099600
29102  -0.099300
29103  -0.099600
29104  -0.099100
29105  -0.099700
29106  -0.099300
29107  -0.099300
29108  -0.099800
29109  -0.099800
29110  -0.099900
29111  -0.100500
29112  -0.099400
29113  -0.099600
29114  -0.098700
29115  -0.099000
29116  -0.099200
29117  -0.099400
29118  -0.099600
29119  -0.098700
29120  -0.099300
29121  -0.099800
29122  -0.099700
29123  -0.099300
29124  -0.099300
29125  -0.098800
29126  -0.098800
29127  -0.098500
29128  -0.098700
29129  -0.099300
29130  -0.100500
29131  -0.101500
29132  -0.100800
29133  -0.100400
29134  -0.099900
29135  -0.100300
29136  -0.101000
29137  -0.101600
29138  -0.101500
29139  -0.101100
29140  -0.100100
29141  -0.100200
29142  -0.099500
29143  -0.099400
29144  -0.100100
29145  -0.100600
29146  -0.099900
29147  -0.100000
29148  -0.101000
29149  -0.100900
29150  -0.100900
29151  -0.100400
29152  -0.100300
29153  -0.099800
29154  -0.099700
29155  -0.099500
29156  -0.099900
29157  -0.100400
29158  -0.100500
29159  -0.099400
29160  -0.099300
29161  -0.099100
29162  -0.099300
29163  -0.099200
29164  -0.099600
29165  -0.099300
29166  -0.098700
29167  -0.099200
29168  -0.099100
29169  -0.100000
29170  -0.100500
29171  -0.101100
29172  -0.100800
29173  -0.100900
29174  -0.101200
29175  -0.101600
29176  -0.101500
29177  -0.102400
29178  -0.103400
29179  -0.104600
29180  -0.104300
29181  -0.104400
29182  -0.104600
29183  -0.104600
29184  -0.104800
29185  -0.105500
29186  -0.105000
29187  -0.104900
29188  -0.104600
29189  -0.104500
29190  -0.105600
29191  -0.105300
29192  -0.105000
29193  -0.103800
29194  -0.103700
29195  -0.104100
29196  -0.103800
29197  -0.104600
29198  -0.104800
29199  -0.104900
29200  -0.104900
29201  -0.105600
29202  -0.106100
29203  -0.106100
29204  -0.105700
29205  -0.106700
29206  -0.106600
29207  -0.107300
29208  -0.108200
29209  -0.108800
29210  -0.107900
29211  -0.107900
29212  -0.106300
29213  -0.107300
29214  -0.106900
29215  -0.106600
29216  -0.107000
29217  -0.107600
29218  -0.107000
29219  -0.107300
29220  -0.107900
29221  -0.108100
29222  -0.108800
29223  -0.108400
29224  -0.108400
29225  -0.108400
29226  -0.108600
29227  -0.108800
29228  -0.109300
29229  -0.109700
29230  -0.109900
29231  -0.111300
29232  -0.111900
29233  -0.110900
29234  -0.110000
29235  -0.110100
29236  -0.110200
29237  -0.110400
29238  -0.109900
29239  -0.109700
29240  -0.109000
29241  -0.108200
29242  -0.109100
29243  -0.109000
29244  -0.109600
29245  -0.109500
29246  -0.108900
29247  -0.109100
29248  -0.110200
29249  -0.110100
29250  -0.110300
29251  -0.110300
29252  -0.110000
29253  -0.110300
29254  -0.109400
29255  -0.109700
29256  -0.108800
29257  -0.108700
29258  -0.108600
29259  -0.108100
29260  -0.106700
29261  -0.105000
29262  -0.104800
29263  -0.105800
29264  -0.105100
29265  -0.104800
29266  -0.105800
29267  -0.106300
29268  -0.107100
29269  -0.108000
29270  -0.108700
29271  -0.108800
29272  -0.108800
29273  -0.109200
29274  -0.108700
29275  -0.108500
29276  -0.110000
29277  -0.110200
29278  -0.110100
29279  -0.109200
29280  -0.107100
29281  -0.107600
29282  -0.108500
29283  -0.107300
29284  -0.107300
29285  -0.106200
29286  -0.106700
29287  -0.106700
29288  -0.106200
29289  -0.106000
29290  -0.106000
29291  -0.106600
29292  -0.106700
29293  -0.106800
29294  -0.106600
29295  -0.107200
29296  -0.107200
29297  -0.106500
29298  -0.106800
29299  -0.107700
29300  -0.107000
29301  -0.107300
29302  -0.107900
29303  -0.110200
29304  -0.110100
29305  -0.108800
29306  -0.109000
29307  -0.108900
29308  -0.108500
29309  -0.108100
29310  -0.108500
29311  -0.108600
29312  -0.108800
29313  -0.108100
29314  -0.108100
29315  -0.107700
29316  -0.107900
29317  -0.108000
29318  -0.107900
29319  -0.107700
29320  -0.106900
29321  -0.106300
29322  -0.107100
29323  -0.105800
29324  -0.104900
29325  -0.104700
29326  -0.104200
29327  -0.105400
29328  -0.104700
29329  -0.103600
29330  -0.103300
29331  -0.103800
29332  -0.104300
29333  -0.104800
29334  -0.104500
29335  -0.105800
29336  -0.105900
29337  -0.107200
29338  -0.107500
29339  -0.106900
29340  -0.107100
29341  -0.107700
29342  -0.107900
29343  -0.107800
29344  -0.108600
29345  -0.109600
29346  -0.108900
29347  -0.108400
29348  -0.107900
29349  -0.108800
29350  -0.108300
29351  -0.108400
29352  -0.109700
29353  -0.109700
29354  -0.110000
29355  -0.108400
29356  -0.109100
29357  -0.109500
29358  -0.109300
29359  -0.110600
29360  -0.110900
29361  -0.110400
29362  -0.111400
29363  -0.111400
29364  -0.112500
29365  -0.112200
29366  -0.112200
29367  -0.112100
29368  -0.112800
29369  -0.111900
29370  -0.112700
29371  -0.112400
29372  -0.112800
29373  -0.112300
29374  -0.112700
29375  -0.112000
29376  -0.111000
29377  -0.110100
29378  -0.108800
29379  -0.109100
29380  -0.109600
29381  -0.110000
29382  -0.109400
29383  -0.109100
29384  -0.109000
29385  -0.109200
29386  -0.108900
29387  -0.108000
29388  -0.108700
29389  -0.108500
29390  -0.108500
29391  -0.107300
29392  -0.107700
29393  -0.107500
29394  -0.107100
29395  -0.108000
29396  -0.107800
29397  -0.107500
29398  -0.106500
29399  -0.105600
29400  -0.105300
29401  -0.104900
29402  -0.106000
29403  -0.105300
29404  -0.104300
29405  -0.104800
29406  -0.104900
29407  -0.105600
29408  -0.105300
29409  -0.105600
29410  -0.107200
29411  -0.108300
29412  -0.108200
29413  -0.108500
29414  -0.109400
29415  -0.108600
29416  -0.109200
29417  -0.108500
29418  -0.108300
29419  -0.108400
29420  -0.108800
29421  -0.108800
29422  -0.108600
29423  -0.108900
29424  -0.108400
29425  -0.107300
29426  -0.109200
29427  -0.109100
29428  -0.109500
29429  -0.108900
29430  -0.109000
29431  -0.108400
29432  -0.108800
29433  -0.109700
29434  -0.110100
29435  -0.111900
29436  -0.113300
29437  -0.113100
29438  -0.112800
29439  -0.113900
29440  -0.114300
29441  -0.113300
29442  -0.112100
29443  -0.112300
29444  -0.112600
29445  -0.113600
29446  -0.114000
29447  -0.113300
29448  -0.113200
29449  -0.113200
29450  -0.113300
29451  -0.113200
29452  -0.112100
29453  -0.112100
29454  -0.111400
29455  -0.112300
29456  -0.111700
29457  -0.112700
29458  -0.112000
29459  -0.112200
29460  -0.113300
29461  -0.112700
29462  -0.112200
29463  -0.111300
29464  -0.112100
29465  -0.112500
29466  -0.113600
29467  -0.113300
29468  -0.113400
29469  -0.112800
29470  -0.112500
29471  -0.113100
29472  -0.113200
29473  -0.112500
29474  -0.111200
29475  -0.110500
29476  -0.110900
29477  -0.110600
29478  -0.110700
29479  -0.110500
29480  -0.110300
29481  -0.110400
29482  -0.110500
29483  -0.109900
29484  -0.111000
29485  -0.111400
29486  -0.111300
29487  -0.110600
29488  -0.111500
29489  -0.112000
29490  -0.112200
29491  -0.112400
29492  -0.112700
29493  -0.111200
29494  -0.111100
29495  -0.111900
29496  -0.112200
29497  -0.113200
29498  -0.114200
29499  -0.113400
29500  -0.111900
29501  -0.112300
29502  -0.112000
29503  -0.112500
29504  -0.112400
29505  -0.112400
29506  -0.111900
29507  -0.111500
29508  -0.111600
29509  -0.112900
29510  -0.112800
29511  -0.112700
29512  -0.113300
29513  -0.113200
29514  -0.113400
29515  -0.113000
29516  -0.112500
29517  -0.112600
29518  -0.111900
29519  -0.111700
29520  -0.112100
29521  -0.113100
29522  -0.112400
29523  -0.113400
29524  -0.112500
29525  -0.112800
29526  -0.111800
29527  -0.112200
29528  -0.112000
29529  -0.111900
29530  -0.112200
29531  -0.112500
29532  -0.112600
29533  -0.113100
29534  -0.112900
29535  -0.112200
29536  -0.112800
29537  -0.112900
29538  -0.113500
29539  -0.114900
29540  -0.114500
29541  -0.114200
29542  -0.114500
29543  -0.114400
29544  -0.114100
29545  -0.113400
29546  -0.113000
29547  -0.113000
29548  -0.112700
29549  -0.112900
29550  -0.113600
29551  -0.113900
29552  -0.114600
29553  -0.115300
29554  -0.115300
29555  -0.115500
29556  -0.116200
29557  -0.116600
29558  -0.117000
29559  -0.117000
29560  -0.118100
29561  -0.118500
29562  -0.117600
29563  -0.117500
29564  -0.117500
29565  -0.117700
29566  -0.117500
29567  -0.119000
29568  -0.118800
29569  -0.119100
29570  -0.119500
29571  -0.117200
29572  -0.116900
29573  -0.116500
29574  -0.116500
29575  -0.116300
29576  -0.116900
29577  -0.117200
29578  -0.117800
29579  -0.117100
29580  -0.117200
29581  -0.117800
29582  -0.118600
29583  -0.118300
29584  -0.118300
29585  -0.119400
29586  -0.120700
29587  -0.121600
29588  -0.121600
29589  -0.121700
29590  -0.121700
29591  -0.121700
29592  -0.122600
29593  -0.122900
29594  -0.122900
29595  -0.123100
29596  -0.122900
29597  -0.123200
29598  -0.124600
29599  -0.124600
29600  -0.123500
29601  -0.122800
29602  -0.122700
29603  -0.123000
29604  -0.123500
29605  -0.123700
29606  -0.123400
29607  -0.122900
29608  -0.123000
29609  -0.124300
29610  -0.124500
29611  -0.124200
29612  -0.124400
29613  -0.123800
29614  -0.124000
29615  -0.122300
29616  -0.123000
29617  -0.123300
29618  -0.123800
29619  -0.123500
29620  -0.123600
29621  -0.124700
29622  -0.123200
29623  -0.123900
29624  -0.124500
29625  -0.124200
29626  -0.123800
29627  -0.123900
29628  -0.124200
29629  -0.123600
29630  -0.124300
29631  -0.124400
29632  -0.123600
29633  -0.123200
29634  -0.122700
29635  -0.123800
29636  -0.123800
29637  -0.124200
29638  -0.123400
29639  -0.123700
29640  -0.124600
29641  -0.124100
29642  -0.124200
29643  -0.124700
29644  -0.125000
29645  -0.124900
29646  -0.123900
29647  -0.124400
29648  -0.124900
29649  -0.123900
29650  -0.124800
29651  -0.124700
29652  -0.124100
29653  -0.124200
29654  -0.123900
29655  -0.123700
29656  -0.122800
29657  -0.122900
29658  -0.122100
29659  -0.121700
29660  -0.121400
29661  -0.120100
29662  -0.120400
29663  -0.120400
29664  -0.120800
29665  -0.119500
29666  -0.120100
29667  -0.120800
29668  -0.120700
29669  -0.120400
29670  -0.120000
29671  -0.119600
29672  -0.119400
29673  -0.118500
29674  -0.118400
29675  -0.118200
29676  -0.118200
29677  -0.119100
29678  -0.117800
29679  -0.118600
29680  -0.118500
29681  -0.119200
29682  -0.118900
29683  -0.120100
29684  -0.119700
29685  -0.119300
29686  -0.119300
29687  -0.119800
29688  -0.120200
29689  -0.120000
29690  -0.120800
29691  -0.121200
29692  -0.120500
29693  -0.120500
29694  -0.120200
29695  -0.120500
29696  -0.120800
29697  -0.119700
29698  -0.119500
29699  -0.120200
29700  -0.119500
29701  -0.120200
29702  -0.120500
29703  -0.119700
29704  -0.121000
29705  -0.121500
29706  -0.121200
29707  -0.122000
29708  -0.121900
29709  -0.121800
29710  -0.121600
29711  -0.121200
29712  -0.121700
29713  -0.122300
29714  -0.121800
29715  -0.122400
29716  -0.123300
29717  -0.122700
29718  -0.123300
29719  -0.122900
29720  -0.121800
29721  -0.121100
29722  -0.120500
29723  -0.119900
29724  -0.119500
29725  -0.119200
29726  -0.119200
29727  -0.119700
29728  -0.120000
29729  -0.119400
29730  -0.119700
29731  -0.119200
29732  -0.119800
29733  -0.119600
29734  -0.120200
29735  -0.121000
29736  -0.120900
29737  -0.121200
29738  -0.121000
29739  -0.120800
29740  -0.121000
29741  -0.121300
29742  -0.121200
29743  -0.120500
29744  -0.120200
29745  -0.119900
29746  -0.121100
29747  -0.120900
29748  -0.121400
29749  -0.121300
29750  -0.121100
29751  -0.120200
29752  -0.119500
29753  -0.120200
29754  -0.120900
29755  -0.120800
29756  -0.120100
29757  -0.119300
29758  -0.119700
29759  -0.119600
29760  -0.118900
29761  -0.119800
29762  -0.119500
29763  -0.119300
29764  -0.120900
29765  -0.120600
29766  -0.120200
29767  -0.119500
29768  -0.120100
29769  -0.119900
29770  -0.120200
29771  -0.120300
29772  -0.119100
29773  -0.118300
29774  -0.118100
29775  -0.118700
29776  -0.118100
29777  -0.118200
29778  -0.118000
29779  -0.118300
29780  -0.118500
29781  -0.117200
29782  -0.117300
29783  -0.116700
29784  -0.116700
29785  -0.117700
29786  -0.116800
29787  -0.117200
29788  -0.119100
29789  -0.119700
29790  -0.120400
29791  -0.120400
29792  -0.119800
29793  -0.120000
29794  -0.120900
29795  -0.121400
29796  -0.121400
29797  -0.121500
29798  -0.120500
29799  -0.120200
29800  -0.120300
29801  -0.119700
29802  -0.119300
29803  -0.119700
29804  -0.120500
29805  -0.120300
29806  -0.120800
29807  -0.120400
29808  -0.120800
29809  -0.119700
29810  -0.119700
29811  -0.120200
29812  -0.120700
29813  -0.120000
29814  -0.119100
29815  -0.119400
29816  -0.118100
29817  -0.117500
29818  -0.117400
29819  -0.118700
29820  -0.119200
29821  -0.119700
29822  -0.119200
29823  -0.119300
29824  -0.119700
29825  -0.120300
29826  -0.119900
29827  -0.119500
29828  -0.118000
29829  -0.117300
29830  -0.117400
29831  -0.117500
29832  -0.118400
29833  -0.118700
29834  -0.117200
29835  -0.117800
29836  -0.118100
29837  -0.118900
29838  -0.117900
29839  -0.119100
29840  -0.118400
29841  -0.118200
29842  -0.117700
29843  -0.117300
29844  -0.117500
29845  -0.117400
29846  -0.117300
29847  -0.116500
29848  -0.115900
29849  -0.115200
29850  -0.114900
29851  -0.114700
29852  -0.114600
29853  -0.115500
29854  -0.115300
29855  -0.114900
29856  -0.116000
29857  -0.116300
29858  -0.116900
29859  -0.117400
29860  -0.116600
29861  -0.117100
29862  -0.117000
29863  -0.116800
29864  -0.117000
29865  -0.116500
29866  -0.116800
29867  -0.116800
29868  -0.116800
29869  -0.115600
29870  -0.114700
29871  -0.114900
29872  -0.114700
29873  -0.114900
29874  -0.114900
29875  -0.115600
29876  -0.116500
29877  -0.116600
29878  -0.117300
29879  -0.116700
29880  -0.116100
29881  -0.116000
29882  -0.115900
29883  -0.116600
29884  -0.116300
29885  -0.116300
29886  -0.117700
29887  -0.117900
29888  -0.117800
29889  -0.118400
29890  -0.119000
29891  -0.118200
29892  -0.116400
29893  -0.116100
29894  -0.115400
29895  -0.115800
29896  -0.115900
29897  -0.116800
29898  -0.117100
29899  -0.117500
29900  -0.117900
29901  -0.117500
29902  -0.117600
29903  -0.117800
29904  -0.118100
29905  -0.118200
29906  -0.118100
29907  -0.119000
29908  -0.118800
29909  -0.119400
29910  -0.119800
29911  -0.118300
29912  -0.117700
29913  -0.117500
29914  -0.118000
29915  -0.118500
29916  -0.118200
29917  -0.118300
29918  -0.117300
29919  -0.117900
29920  -0.118500
29921  -0.117700
29922  -0.119200
29923  -0.119100
29924  -0.119500
29925  -0.120000
29926  -0.120500
29927  -0.120600
29928  -0.121400
29929  -0.121200
29930  -0.121200
29931  -0.120800
29932  -0.120200
29933  -0.119800
29934  -0.120000
29935  -0.120600
29936  -0.120400
29937  -0.119400
29938  -0.120600
29939  -0.119700
29940  -0.119400
29941  -0.118900
29942  -0.119000
29943  -0.118500
29944  -0.118500
29945  -0.117300
29946  -0.118100
29947  -0.117800
29948  -0.117100
29949  -0.118400
29950  -0.118200
29951  -0.117500
29952  -0.118500
29953  -0.118400
29954  -0.118100
29955  -0.117900
29956  -0.117300
29957  -0.117700
29958  -0.116700
29959  -0.116700
29960  -0.117200
29961  -0.117300
29962  -0.117300
29963  -0.116900
29964  -0.115500
29965  -0.115500
29966  -0.114200
29967  -0.113800
29968  -0.113200
29969  -0.113000
29970  -0.113100
29971  -0.113400
29972  -0.113000
29973  -0.112600
29974  -0.111200
29975  -0.110800
29976  -0.110900
29977  -0.110700
29978  -0.110200
29979  -0.112000
29980  -0.111600
29981  -0.111400
29982  -0.111000
29983  -0.110400
29984  -0.110700
29985  -0.111100
29986  -0.111300
29987  -0.112200
29988  -0.111900
29989  -0.111200
29990  -0.111400
29991  -0.112500
29992  -0.112700
29993  -0.111300
29994  -0.111600
29995  -0.111700
29996  -0.111800
29997  -0.112400
29998  -0.111900
29999  -0.111500
30000  -0.111200
30001  -0.112100
30002  -0.111500
30003  -0.112700
30004  -0.112800
30005  -0.113500
30006  -0.113300
30007  -0.113900
30008  -0.113300
30009  -0.114000
30010  -0.113500
30011  -0.113500
30012  -0.112800
30013  -0.113500
30014  -0.112600
30015  -0.112000
30016  -0.112800
30017  -0.111200
30018  -0.109900
30019  -0.109900
30020  -0.110500
30021  -0.111500
30022  -0.112400
30023  -0.112600
30024  -0.113300
30025  -0.113300
30026  -0.112800
30027  -0.113100
30028  -0.113700
30029  -0.113600
30030  -0.112500
30031  -0.112100
30032  -0.112700
30033  -0.111900
30034  -0.111500
30035  -0.111400
30036  -0.110600
30037  -0.110000
30038  -0.111400
30039  -0.111200
30040  -0.111400
30041  -0.111500
30042  -0.111600
30043  -0.111100
30044  -0.111300
30045  -0.110200
30046  -0.110700
30047  -0.110100
30048  -0.109900
30049  -0.109200
30050  -0.109200
30051  -0.109900
30052  -0.109200
30053  -0.109400
30054  -0.109500
30055  -0.108500
30056  -0.108600
30057  -0.109000
30058  -0.108700
30059  -0.107900
30060  -0.108800
30061  -0.109100
30062  -0.108500
30063  -0.108700
30064  -0.109300
30065  -0.108500
30066  -0.108600
30067  -0.108100
30068  -0.107600
30069  -0.107900
30070  -0.107400
30071  -0.107400
30072  -0.107000
30073  -0.107700
30074  -0.107700
30075  -0.108100
30076  -0.107700
30077  -0.107700
30078  -0.108100
30079  -0.108800
30080  -0.110000
30081  -0.110500
30082  -0.110100
30083  -0.109500
30084  -0.109700
30085  -0.109500
30086  -0.109700
30087  -0.109400
30088  -0.108200
30089  -0.108400
30090  -0.107700
30091  -0.107100
30092  -0.106500
30093  -0.106600
30094  -0.106200
30095  -0.107000
30096  -0.107300
30097  -0.107400
30098  -0.107800
30099  -0.107100
30100  -0.107500
30101  -0.107700
30102  -0.108300
30103  -0.108800
30104  -0.109000
30105  -0.108200
30106  -0.107900
30107  -0.107500
30108  -0.107800
30109  -0.107900
30110  -0.107900
30111  -0.108000
30112  -0.107800
30113  -0.107300
30114  -0.107000
30115  -0.107200
30116  -0.107400
30117  -0.108600
30118  -0.109200
30119  -0.109200
30120  -0.109900
30121  -0.110200
30122  -0.109700
30123  -0.110700
30124  -0.110800
30125  -0.111500
30126  -0.110800
30127  -0.109800
30128  -0.109900
30129  -0.109900
30130  -0.110000
30131  -0.110000
30132  -0.108800
30133  -0.108600
30134  -0.109600
30135  -0.109700
30136  -0.109300
30137  -0.109100
30138  -0.110000
30139  -0.111200
30140  -0.111200
30141  -0.111600
30142  -0.111600
30143  -0.112800
30144  -0.112200
30145  -0.111300
30146  -0.111200
30147  -0.110900
30148  -0.111800
30149  -0.112100
30150  -0.111200
30151  -0.110300
30152  -0.110400
30153  -0.110600
30154  -0.110800
30155  -0.111400
30156  -0.110600
30157  -0.110200
30158  -0.110100
30159  -0.109300
30160  -0.109100
30161  -0.110200
30162  -0.110500
30163  -0.109700
30164  -0.109600
30165  -0.109800
30166  -0.110500
30167  -0.110700
30168  -0.111600
30169  -0.111300
30170  -0.111900
30171  -0.111600
30172  -0.112800
30173  -0.113100
30174  -0.112400
30175  -0.112400
30176  -0.112800
30177  -0.114100
30178  -0.114600
30179  -0.115800
30180  -0.116500
30181  -0.115700
30182  -0.116200
30183  -0.116600
30184  -0.115500
30185  -0.115900
30186  -0.115300
30187  -0.115700
30188  -0.116500
30189  -0.115400
30190  -0.115700
30191  -0.115900
30192  -0.117000
30193  -0.116100
30194  -0.116400
30195  -0.116700
30196  -0.116600
30197  -0.117200
30198  -0.119000
30199  -0.117900
30200  -0.117600
30201  -0.117600
30202  -0.117800
30203  -0.117900
30204  -0.116700
30205  -0.116600
30206  -0.116800
30207  -0.116700
30208  -0.116000
30209  -0.115400
30210  -0.114300
30211  -0.114500
30212  -0.114800
30213  -0.115000
30214  -0.114600
30215  -0.115300
30216  -0.114000
30217  -0.113800
30218  -0.113800
30219  -0.113900
30220  -0.114800
30221  -0.115400
30222  -0.114100
30223  -0.113500
30224  -0.113500
30225  -0.111600
30226  -0.113100
30227  -0.112200
30228  -0.113000
30229  -0.113600
30230  -0.114300
30231  -0.114200
30232  -0.114800
30233  -0.115000
30234  -0.114200
30235  -0.114900
30236  -0.114200
30237  -0.113000
30238  -0.112600
30239  -0.111700
30240  -0.111600
30241  -0.110900
30242  -0.111400
30243  -0.111900
30244  -0.112400
30245  -0.113000
30246  -0.112600
30247  -0.111700
30248  -0.112300
30249  -0.113300
30250  -0.114000
30251  -0.114900
30252  -0.114800
30253  -0.114200
30254  -0.113900
30255  -0.113700
30256  -0.113300
30257  -0.113900
30258  -0.113800
30259  -0.114900
30260  -0.114400
30261  -0.114900
30262  -0.114600
30263  -0.115200
30264  -0.116000
30265  -0.116100
30266  -0.116700
30267  -0.115600
30268  -0.115100
30269  -0.115100
30270  -0.115000
30271  -0.115700
30272  -0.115700
30273  -0.115500
30274  -0.115300
30275  -0.115600
30276  -0.116000
30277  -0.116000
30278  -0.115900
30279  -0.115700
30280  -0.115800
30281  -0.115700
30282  -0.115100
30283  -0.114400
30284  -0.114900
30285  -0.113900
30286  -0.112900
30287  -0.112500
30288  -0.113500
30289  -0.112600
30290  -0.112000
30291  -0.111800
30292  -0.111300
30293  -0.110700
30294  -0.111300
30295  -0.111300
30296  -0.111700
30297  -0.111700
30298  -0.112200
30299  -0.111900
30300  -0.111900
30301  -0.112500
30302  -0.112400
30303  -0.112200
30304  -0.112600
30305  -0.113300
30306  -0.114400
30307  -0.115200
30308  -0.115000
30309  -0.114100
30310  -0.113200
30311  -0.112800
30312  -0.113200
30313  -0.112500
30314  -0.111600
30315  -0.111100
30316  -0.111200
30317  -0.112000
30318  -0.112900
30319  -0.112100
30320  -0.111400
30321  -0.110700
30322  -0.109900
30323  -0.108900
30324  -0.108800
30325  -0.107800
30326  -0.106800
30327  -0.106900
30328  -0.106800
30329  -0.107400
30330  -0.108200
30331  -0.108000
30332  -0.107800
30333  -0.108100
30334  -0.108400
30335  -0.108600
30336  -0.108900
30337  -0.110300
30338  -0.110900
30339  -0.110800
30340  -0.111300
30341  -0.111700
30342  -0.111800
30343  -0.111800
30344  -0.111100
30345  -0.111700
30346  -0.111400
30347  -0.110900
30348  -0.110700
30349  -0.110400
30350  -0.110800
30351  -0.110300
30352  -0.109400
30353  -0.109500
30354  -0.109100
30355  -0.108800
30356  -0.109300
30357  -0.108800
30358  -0.108700
30359  -0.109000
30360  -0.109500
30361  -0.109800
30362  -0.109400
30363  -0.109300
30364  -0.110000
30365  -0.110700
30366  -0.111600
30367  -0.112100
30368  -0.112400
30369  -0.113600
30370  -0.112700
30371  -0.111100
30372  -0.110000
30373  -0.110400
30374  -0.110600
30375  -0.111300
30376  -0.111000
30377  -0.111100
30378  -0.110700
30379  -0.110500
30380  -0.110200
30381  -0.109700
30382  -0.110200
30383  -0.110400
30384  -0.110700
30385  -0.110300
30386  -0.110100
30387  -0.109300
30388  -0.109200
30389  -0.108900
30390  -0.108700
30391  -0.109200
30392  -0.108600
30393  -0.108900
30394  -0.108300
30395  -0.109200
30396  -0.110800
30397  -0.111200
30398  -0.111700
30399  -0.112300
30400  -0.113600
30401  -0.113000
30402  -0.112700
30403  -0.112100
30404  -0.111900
30405  -0.111900
30406  -0.112200
30407  -0.112500
30408  -0.111900
30409  -0.111600
30410  -0.111400
30411  -0.112000
30412  -0.112900
30413  -0.111800
30414  -0.111200
30415  -0.111500
30416  -0.111900
30417  -0.112100
30418  -0.111900
30419  -0.111600
30420  -0.111900
30421  -0.111500
30422  -0.110800
30423  -0.110000
30424  -0.110200
30425  -0.110200
30426  -0.111100
30427  -0.111700
30428  -0.111500
30429  -0.111900
30430  -0.113200
30431  -0.113600
30432  -0.112500
30433  -0.113100
30434  -0.112600
30435  -0.112600
30436  -0.113300
30437  -0.112500
30438  -0.112300
30439  -0.112100
30440  -0.112000
30441  -0.111300
30442  -0.111300
30443  -0.111200
30444  -0.110300
30445  -0.111000
30446  -0.110400
30447  -0.109900
30448  -0.109300
30449  -0.108700
30450  -0.108800
30451  -0.108400
30452  -0.107300
30453  -0.107600
30454  -0.107200
30455  -0.107200
30456  -0.105600
30457  -0.104900
30458  -0.105700
30459  -0.105900
30460  -0.106100
30461  -0.106400
30462  -0.105300
30463  -0.105900
30464  -0.106100
30465  -0.105500
30466  -0.107000
30467  -0.108200
30468  -0.109100
30469  -0.108600
30470  -0.108600
30471  -0.109300
30472  -0.108500
30473  -0.109600
30474  -0.108800
30475  -0.109000
30476  -0.108600
30477  -0.109400
30478  -0.108900
30479  -0.109400
30480  -0.110100
30481  -0.109400
30482  -0.110200
30483  -0.111100
30484  -0.110600
30485  -0.110500
30486  -0.109700
30487  -0.108900
30488  -0.109400
30489  -0.110200
30490  -0.109300
30491  -0.109300
30492  -0.109800
30493  -0.109500
30494  -0.109600
30495  -0.108900
30496  -0.109000
30497  -0.108400
30498  -0.108400
30499  -0.107700
30500  -0.108600
30501  -0.107600
30502  -0.107500
30503  -0.106600
30504  -0.107300
30505  -0.107000
30506  -0.106500
30507  -0.106000
30508  -0.105100
30509  -0.105300
30510  -0.104500
30511  -0.103900
30512  -0.104200
30513  -0.104000
30514  -0.104300
30515  -0.103000
30516  -0.102400
30517  -0.103300
30518  -0.102200
30519  -0.102100
30520  -0.102100
30521  -0.101900
30522  -0.101400
30523  -0.102500
30524  -0.102700
30525  -0.102500
30526  -0.101900
30527  -0.101900
30528  -0.102100
30529  -0.102400
30530  -0.102700
30531  -0.103600
30532  -0.103900
30533  -0.104500
30534  -0.105600
30535  -0.105800
30536  -0.105100
30537  -0.104500
30538  -0.104200
30539  -0.105300
30540  -0.105500
30541  -0.104900
30542  -0.104000
30543  -0.103200
30544  -0.102800
30545  -0.103600
30546  -0.102800
30547  -0.103000
30548  -0.103700
30549  -0.103300
30550  -0.103000
30551  -0.103900
30552  -0.104000
30553  -0.103900
30554  -0.103200
30555  -0.103400
30556  -0.103500
30557  -0.104300
30558  -0.105700
30559  -0.106800
30560  -0.107300
30561  -0.108500
30562  -0.107800
30563  -0.107300
30564  -0.107000
30565  -0.108100
30566  -0.107900
30567  -0.107900
30568  -0.107800
30569  -0.107700
30570  -0.108400
30571  -0.107800
30572  -0.106500
30573  -0.106500
30574  -0.107100
30575  -0.106000
30576  -0.107100
30577  -0.107400
30578  -0.107400
30579  -0.107200
30580  -0.107400
30581  -0.106700
30582  -0.107200
30583  -0.107300
30584  -0.107600
30585  -0.107500
30586  -0.109000
30587  -0.107900
30588  -0.107100
30589  -0.105800
30590  -0.106500
30591  -0.106500
30592  -0.107200
30593  -0.106600
30594  -0.107000
30595  -0.107800
30596  -0.107900
30597  -0.107800
30598  -0.108400
30599  -0.109400
30600  -0.110000
30601  -0.109700
30602  -0.109400
30603  -0.108100
30604  -0.108400
30605  -0.108200
30606  -0.107400
30607  -0.106500
30608  -0.106000
30609  -0.106100
30610  -0.105700
30611  -0.106500
30612  -0.107000
30613  -0.107600
30614  -0.108800
30615  -0.109500
30616  -0.110500
30617  -0.110900
30618  -0.110300
30619  -0.110400
30620  -0.110400
30621  -0.110100
30622  -0.110000
30623  -0.110200
30624  -0.111100
30625  -0.110300
30626  -0.109300
30627  -0.110100
30628  -0.109600
30629  -0.110300
30630  -0.111900
30631  -0.111800
30632  -0.110600
30633  -0.109300
30634  -0.110000
30635  -0.108900
30636  -0.109000
30637  -0.108300
30638  -0.108500
30639  -0.108600
30640  -0.108500
30641  -0.108200
30642  -0.106900
30643  -0.106900
30644  -0.106400
30645  -0.106600
30646  -0.106500
30647  -0.105800
30648  -0.105300
30649  -0.106300
30650  -0.107500
30651  -0.107200
30652  -0.107300
30653  -0.107000
30654  -0.107000
30655  -0.107600
30656  -0.107900
30657  -0.107000
30658  -0.105700
30659  -0.105400
30660  -0.105800
30661  -0.106200
30662  -0.106100
30663  -0.106000
30664  -0.104900
30665  -0.103700
30666  -0.103600
30667  -0.103100
30668  -0.103600
30669  -0.103700
30670  -0.104100
30671  -0.103200
30672  -0.103300
30673  -0.102800
30674  -0.103300
30675  -0.103700
30676  -0.104700
30677  -0.104500
30678  -0.104900
30679  -0.104800
30680  -0.104400
30681  -0.105200
30682  -0.105500
30683  -0.105500
30684  -0.105400
30685  -0.104600
30686  -0.104200
30687  -0.104200
30688  -0.105600
30689  -0.106200
30690  -0.105000
30691  -0.104600
30692  -0.105100
30693  -0.104800
30694  -0.105900
30695  -0.106000
30696  -0.106000
30697  -0.105700
30698  -0.105400
30699  -0.106000
30700  -0.105100
30701  -0.105500
30702  -0.104900
30703  -0.105100
30704  -0.104300
30705  -0.104000
30706  -0.104100
30707  -0.102900
30708  -0.102200
30709  -0.102500
30710  -0.100800
30711  -0.102300
30712  -0.102900
30713  -0.101700
30714  -0.101500
30715  -0.101900
30716  -0.102800
30717  -0.102400
30718  -0.102700
30719  -0.101300
30720  -0.100700
30721  -0.100500
30722  -0.101100
30723  -0.101300
30724  -0.102200
30725  -0.101500
30726  -0.101500
30727  -0.102100
30728  -0.102700
30729  -0.102900
30730  -0.103100
30731  -0.102600
30732  -0.102900
30733  -0.103500
30734  -0.105300
30735  -0.104600
30736  -0.103600
30737  -0.104600
30738  -0.104800
30739  -0.104700
30740  -0.103400
30741  -0.102900
30742  -0.102800
30743  -0.103300
30744  -0.102900
30745  -0.103300
30746  -0.103000
30747  -0.102800
30748  -0.102900
30749  -0.102400
30750  -0.102700
30751  -0.103000
30752  -0.102900
30753  -0.102900
30754  -0.102800
30755  -0.102500
30756  -0.102800
30757  -0.102800
30758  -0.103500
30759  -0.104600
30760  -0.104600
30761  -0.104100
30762  -0.104200
30763  -0.104100
30764  -0.103600
30765  -0.103100
30766  -0.102400
30767  -0.102300
30768  -0.102200
30769  -0.101400
30770  -0.101200
30771  -0.101900
30772  -0.102100
30773  -0.102300
30774  -0.103800
30775  -0.103900
30776  -0.103700
30777  -0.103900
30778  -0.103300
30779  -0.102500
30780  -0.102200
30781  -0.101900
30782  -0.100800
30783  -0.101200
30784  -0.101000
30785  -0.101500
30786  -0.101900
30787  -0.101400
30788  -0.101200
30789  -0.102200
30790  -0.102500
30791  -0.102500
30792  -0.102700
30793  -0.102200
30794  -0.101800
30795  -0.101400
30796  -0.102200
30797  -0.102000
30798  -0.101700
30799  -0.101900
30800  -0.102600
30801  -0.103800
30802  -0.104200
30803  -0.104500
30804  -0.103800
30805  -0.103400
30806  -0.103700
30807  -0.105300
30808  -0.104900
30809  -0.104400
30810  -0.105100
30811  -0.105100
30812  -0.105100
30813  -0.105900
30814  -0.105500
30815  -0.106600
30816  -0.107200
30817  -0.106200
30818  -0.105900
30819  -0.106600
30820  -0.107000
30821  -0.107600
30822  -0.108100
30823  -0.107600
30824  -0.107400
30825  -0.107200
30826  -0.107100
30827  -0.107800
30828  -0.108100
30829  -0.108000
30830  -0.108200
30831  -0.107300
30832  -0.107200
30833  -0.106500
30834  -0.107200
30835  -0.107500
30836  -0.107000
30837  -0.106500
30838  -0.105900
30839  -0.106500
30840  -0.107900
30841  -0.108500
30842  -0.109400
30843  -0.108500
30844  -0.108700
30845  -0.108200
30846  -0.108900
30847  -0.109300
30848  -0.110400
30849  -0.111200
30850  -0.111000
30851  -0.111400
30852  -0.111000
30853  -0.110800
30854  -0.110100
30855  -0.110400
30856  -0.109900
30857  -0.108900
30858  -0.108300
30859  -0.108500
30860  -0.108000
30861  -0.106700
30862  -0.108000
30863  -0.108000
30864  -0.107600
30865  -0.107300
30866  -0.108200
30867  -0.108100
30868  -0.107700
30869  -0.106700
30870  -0.107200
30871  -0.106800
30872  -0.107200
30873  -0.106800
30874  -0.107000
30875  -0.107800
30876  -0.107700
30877  -0.107900
30878  -0.107900
30879  -0.108200
30880  -0.108800
30881  -0.108600
30882  -0.108500
30883  -0.109500
30884  -0.109500
30885  -0.110100
30886  -0.109300
30887  -0.109200
30888  -0.109100
30889  -0.108500
30890  -0.108300
30891  -0.107800
30892  -0.106800
30893  -0.107100
30894  -0.106800
30895  -0.107800
30896  -0.107000
30897  -0.107100
30898  -0.107700
30899  -0.107900
30900  -0.108500
30901  -0.109700
30902  -0.110900
30903  -0.110400
30904  -0.111000
30905  -0.111100
30906  -0.109700
30907  -0.110700
30908  -0.112200
30909  -0.111900
30910  -0.112100
30911  -0.111200
30912  -0.111900
30913  -0.112000
30914  -0.112700
30915  -0.111700
30916  -0.112500
30917  -0.111400
30918  -0.112000
30919  -0.111700
30920  -0.112600
30921  -0.111600
30922  -0.111900
30923  -0.111800
30924  -0.113000
30925  -0.113300
30926  -0.113300
30927  -0.114100
30928  -0.114500
30929  -0.115000
30930  -0.114300
30931  -0.115400
30932  -0.115300
30933  -0.114900
30934  -0.115200
30935  -0.114800
30936  -0.115300
30937  -0.116600
30938  -0.116300
30939  -0.115900
30940  -0.115700
30941  -0.117400
30942  -0.117400
30943  -0.118100
30944  -0.118000
30945  -0.118200
30946  -0.118500
30947  -0.119100
30948  -0.119000
30949  -0.119600
30950  -0.118600
30951  -0.119300
30952  -0.119500
30953  -0.119900
30954  -0.121400
30955  -0.121600
30956  -0.121600
30957  -0.122300
30958  -0.122100
30959  -0.122500
30960  -0.121700
30961  -0.121400
30962  -0.120900
30963  -0.121300
30964  -0.119800
30965  -0.119400
30966  -0.120100
30967  -0.119800
30968  -0.119300
30969  -0.119200
30970  -0.118500
30971  -0.119200
30972  -0.118900
30973  -0.119200
30974  -0.119300
30975  -0.119700
30976  -0.120300
30977  -0.120200
30978  -0.120200
30979  -0.120300
30980  -0.120700
30981  -0.121600
30982  -0.121700
30983  -0.121900
30984  -0.121400
30985  -0.121200
30986  -0.121500
30987  -0.121700
30988  -0.122000
30989  -0.121900
30990  -0.121700
30991  -0.122400
30992  -0.122000
30993  -0.122300
30994  -0.123400
30995  -0.125800
30996  -0.125600
30997  -0.125100
30998  -0.126000
30999  -0.126200
31000  -0.126900
31001  -0.126900
31002  -0.126000
31003  -0.125300
31004  -0.125000
31005  -0.125300
31006  -0.125000
31007  -0.125000
31008  -0.125700
31009  -0.124900
31010  -0.125300
31011  -0.123900
31012  -0.123500
31013  -0.122300
31014  -0.122400
31015  -0.122200
31016  -0.122200
31017  -0.122500
31018  -0.124000
31019  -0.123500
31020  -0.124400
31021  -0.124100
31022  -0.124200
31023  -0.124200
31024  -0.124500
31025  -0.125000
31026  -0.124600
31027  -0.125100
31028  -0.124700
31029  -0.125200
31030  -0.125500
31031  -0.125700
31032  -0.125800
31033  -0.125000
31034  -0.124700
31035  -0.124800
31036  -0.123400
31037  -0.123600
31038  -0.122500
31039  -0.122400
31040  -0.121500
31041  -0.121000
31042  -0.120100
31043  -0.121300
31044  -0.121700
31045  -0.123100
31046  -0.123100
31047  -0.123000
31048  -0.122600
31049  -0.124100
31050  -0.123600
31051  -0.123500
31052  -0.123700
31053  -0.123400
31054  -0.124000
31055  -0.122800
31056  -0.122600
31057  -0.122900
31058  -0.123500
31059  -0.124100
31060  -0.124000
31061  -0.125300
31062  -0.126400
31063  -0.127700
31064  -0.127100
31065  -0.126600
31066  -0.125900
31067  -0.126400
31068  -0.126900
31069  -0.127300
31070  -0.126600
31071  -0.127100
31072  -0.127000
31073  -0.126900
31074  -0.125300
31075  -0.125500
31076  -0.125200
31077  -0.124700
31078  -0.125700
31079  -0.124600
31080  -0.123700
31081  -0.124200
31082  -0.124300
31083  -0.124500
31084  -0.124000
31085  -0.124500
31086  -0.123700
31087  -0.123200
31088  -0.123100
31089  -0.122800
31090  -0.123600
31091  -0.124000
31092  -0.123900
31093  -0.123500
31094  -0.125000
31095  -0.125100
31096  -0.124300
31097  -0.124400
31098  -0.124700
31099  -0.124400
31100  -0.123700
31101  -0.123400
31102  -0.123600
31103  -0.124100
31104  -0.124500
31105  -0.123800
31106  -0.122300
31107  -0.122600
31108  -0.123100
31109  -0.122900
31110  -0.123600
31111  -0.123200
31112  -0.122200
31113  -0.122200
31114  -0.121100
31115  -0.121600
31116  -0.121700
31117  -0.122200
31118  -0.122800
31119  -0.123100
31120  -0.122100
31121  -0.122600
31122  -0.122200
31123  -0.123300
31124  -0.122900
31125  -0.122300
31126  -0.122200
31127  -0.121000
31128  -0.120300
31129  -0.119700
31130  -0.119700
31131  -0.119900
31132  -0.120700
31133  -0.120600
31134  -0.120900
31135  -0.121300
31136  -0.122700
31137  -0.121500
31138  -0.122000
31139  -0.123400
31140  -0.123100
31141  -0.123500
31142  -0.123100
31143  -0.123300
31144  -0.124500
31145  -0.124400
31146  -0.124400
31147  -0.125200
31148  -0.126100
31149  -0.127100
31150  -0.127500
31151  -0.127400
31152  -0.128100
31153  -0.127900
31154  -0.128100
31155  -0.127600
31156  -0.127300
31157  -0.128500
31158  -0.129200
31159  -0.128600
31160  -0.128500
31161  -0.128800
31162  -0.129600
31163  -0.130500
31164  -0.130900
31165  -0.130700
31166  -0.130800
31167  -0.131000
31168  -0.131200
31169  -0.132300
31170  -0.131100
31171  -0.130900
31172  -0.131400
31173  -0.131600
31174  -0.130100
31175  -0.129200
31176  -0.128800
31177  -0.128000
31178  -0.128400
31179  -0.127800
31180  -0.127700
31181  -0.128100
31182  -0.127700
31183  -0.128000
31184  -0.128400
31185  -0.127800
31186  -0.127900
31187  -0.127100
31188  -0.126700
31189  -0.125900
31190  -0.125600
31191  -0.125900
31192  -0.125100
31193  -0.124900
31194  -0.124300
31195  -0.124300
31196  -0.124500
31197  -0.126300
31198  -0.126400
31199  -0.127200
31200  -0.127500
31201  -0.127400
31202  -0.127100
31203  -0.126800
31204  -0.127500
31205  -0.127300
31206  -0.127500
31207  -0.127400
31208  -0.129200
31209  -0.129400
31210  -0.129000
31211  -0.129300
31212  -0.129800
31213  -0.129700
31214  -0.130200
31215  -0.130800
31216  -0.130600
31217  -0.130100
31218  -0.129600
31219  -0.130700
31220  -0.130500
31221  -0.130600
31222  -0.130800
31223  -0.130700
31224  -0.130600
31225  -0.130700
31226  -0.131100
31227  -0.130500
31228  -0.130900
31229  -0.130400
31230  -0.130400
31231  -0.129700
31232  -0.128600
31233  -0.127800
31234  -0.127400
31235  -0.127300
31236  -0.127300
31237  -0.126400
31238  -0.127800
31239  -0.126600
31240  -0.127100
31241  -0.127000
31242  -0.126300
31243  -0.126000
31244  -0.127200
31245  -0.126700
31246  -0.124200
31247  -0.124400
31248  -0.124800
31249  -0.124900
31250  -0.123500
31251  -0.123600
31252  -0.123500
31253  -0.123100
31254  -0.122700
31255  -0.122500
31256  -0.123200
31257  -0.123800
31258  -0.123800
31259  -0.123800
31260  -0.123100
31261  -0.122800
31262  -0.123600
31263  -0.122800
31264  -0.123500
31265  -0.123600
31266  -0.124500
31267  -0.126000
31268  -0.126300
31269  -0.127300
31270  -0.126400
31271  -0.127100
31272  -0.127300
31273  -0.127600
31274  -0.127300
31275  -0.128700
31276  -0.129000
31277  -0.128300
31278  -0.129500
31279  -0.129500
31280  -0.129300
31281  -0.129100
31282  -0.128700
31283  -0.128900
31284  -0.129400
31285  -0.128400
31286  -0.128600
31287  -0.129100
31288  -0.129000
31289  -0.129600
31290  -0.128800
31291  -0.127200
31292  -0.128300
31293  -0.129000
31294  -0.129600
31295  -0.129700
31296  -0.128800
31297  -0.128500
31298  -0.128500
31299  -0.126600
31300  -0.126400
31301  -0.126400
31302  -0.126500
31303  -0.126300
31304  -0.125700
31305  -0.126000
31306  -0.126300
31307  -0.126700
31308  -0.127200
31309  -0.128400
31310  -0.128700
31311  -0.128700
31312  -0.129400
31313  -0.129700
31314  -0.130100
31315  -0.131200
31316  -0.130700
31317  -0.130600
31318  -0.129100
31319  -0.129900
31320  -0.129800
31321  -0.129800
31322  -0.130500
31323  -0.131300
31324  -0.131400
31325  -0.131100
31326  -0.131100
31327  -0.130700
31328  -0.131400
31329  -0.131400
31330  -0.130700
31331  -0.131600
31332  -0.131800
31333  -0.131800
31334  -0.131700
31335  -0.131100
31336  -0.130100
31337  -0.130500
31338  -0.131400
31339  -0.132100
31340  -0.131700
31341  -0.133000
31342  -0.132600
31343  -0.132200
31344  -0.131600
31345  -0.130400
31346  -0.131400
31347  -0.131200
31348  -0.130900
31349  -0.130600
31350  -0.130600
31351  -0.130100
31352  -0.130700
31353  -0.130100
31354  -0.130700
31355  -0.130200
31356  -0.129800
31357  -0.128800
31358  -0.129000
31359  -0.127900
31360  -0.127500
31361  -0.127300
31362  -0.128100
31363  -0.129100
31364  -0.129100
31365  -0.129800
31366  -0.128600
31367  -0.129800
31368  -0.130200
31369  -0.129000
31370  -0.128400
31371  -0.129100
31372  -0.128600
31373  -0.128800
31374  -0.128500
31375  -0.128200
31376  -0.128200
31377  -0.127700
31378  -0.128200
31379  -0.127900
31380  -0.126800
31381  -0.127200
31382  -0.126900
31383  -0.126100
31384  -0.125700
31385  -0.125200
31386  -0.124900
31387  -0.124400
31388  -0.124900
31389  -0.125000
31390  -0.125200
31391  -0.124400
31392  -0.124000
31393  -0.124100
31394  -0.125300
31395  -0.125800
31396  -0.125800
31397  -0.126800
31398  -0.127000
31399  -0.127200
31400  -0.128100
31401  -0.128400
31402  -0.128400
31403  -0.129300
31404  -0.128400
31405  -0.126600
31406  -0.128100
31407  -0.127900
31408  -0.127700
31409  -0.127400
31410  -0.126900
31411  -0.128900
31412  -0.129600
31413  -0.129800
31414  -0.130100
31415  -0.129700
31416  -0.129700
31417  -0.129300
31418  -0.129000
31419  -0.128000
31420  -0.128000
31421  -0.128300
31422  -0.130500
31423  -0.129800
31424  -0.129500
31425  -0.129300
31426  -0.128800
31427  -0.129200
31428  -0.129500
31429  -0.128700
31430  -0.127600
31431  -0.127200
31432  -0.126500
31433  -0.125400
31434  -0.125400
31435  -0.124900
31436  -0.124500
31437  -0.124900
31438  -0.124700
31439  -0.125500
31440  -0.125100
31441  -0.125400
31442  -0.126600
31443  -0.127400
31444  -0.127300
31445  -0.127000
31446  -0.127300
31447  -0.127600
31448  -0.126500
31449  -0.125600
31450  -0.126400
31451  -0.126500
31452  -0.126100
31453  -0.127300
31454  -0.127500
31455  -0.126700
31456  -0.126100
31457  -0.125500
31458  -0.124300
31459  -0.123300
31460  -0.124100
31461  -0.123900
31462  -0.124200
31463  -0.124300
31464  -0.124800
31465  -0.125500
31466  -0.125800
31467  -0.126100
31468  -0.124900
31469  -0.124900
31470  -0.125800
31471  -0.125800
31472  -0.126100
31473  -0.125600
31474  -0.126700
31475  -0.126800
31476  -0.126500
31477  -0.126100
31478  -0.126000
31479  -0.126300
31480  -0.126900
31481  -0.127000
31482  -0.126500
31483  -0.127300
31484  -0.126900
31485  -0.126900
31486  -0.127400
31487  -0.127000
31488  -0.127100
31489  -0.126500
31490  -0.126100
31491  -0.126900
31492  -0.125800
31493  -0.124700
31494  -0.124800
31495  -0.125000
31496  -0.125500
31497  -0.124700
31498  -0.124400
31499  -0.125700
31500  -0.126000
31501  -0.126300
31502  -0.126600
31503  -0.126200
31504  -0.126500
31505  -0.126700
31506  -0.125800
31507  -0.125800
31508  -0.126200
31509  -0.125000
31510  -0.124800
31511  -0.124700
31512  -0.124700
31513  -0.124700
31514  -0.124500
31515  -0.124300
31516  -0.124400
31517  -0.125200
31518  -0.125500
31519  -0.124500
31520  -0.124600
31521  -0.123700
31522  -0.124900
31523  -0.124600
31524  -0.124700
31525  -0.124900
31526  -0.125200
31527  -0.124500
31528  -0.125600
31529  -0.124800
31530  -0.125100
31531  -0.126400
31532  -0.126100
31533  -0.125600
31534  -0.126200
31535  -0.126900
31536  -0.126700
31537  -0.126500
31538  -0.126300
31539  -0.125300
31540  -0.125300
31541  -0.125600
31542  -0.125100
31543  -0.125400
31544  -0.125900
31545  -0.124500
31546  -0.123900
31547  -0.123000
31548  -0.123500
31549  -0.122800
31550  -0.123400
31551  -0.122900
31552  -0.122700
31553  -0.122400
31554  -0.121900
31555  -0.120900
31556  -0.120800
31557  -0.120800
31558  -0.121600
31559  -0.121000
31560  -0.120200
31561  -0.120400
31562  -0.119600
31563  -0.119200
31564  -0.119100
31565  -0.118800
31566  -0.119000
31567  -0.120400
31568  -0.120200
31569  -0.120300
31570  -0.121000
31571  -0.119700
31572  -0.118500
31573  -0.119300
31574  -0.119000
31575  -0.119600
31576  -0.120400
31577  -0.120000
31578  -0.119500
31579  -0.119800
31580  -0.119800
31581  -0.120100
31582  -0.119300
31583  -0.119000
31584  -0.118800
31585  -0.118600
31586  -0.119300
31587  -0.120300
31588  -0.120400
31589  -0.119600
31590  -0.119800
31591  -0.119900
31592  -0.119400
31593  -0.120000
31594  -0.120500
31595  -0.121200
31596  -0.121500
31597  -0.122200
31598  -0.123100
31599  -0.123200
31600  -0.122300
31601  -0.121900
31602  -0.121700
31603  -0.122300
31604  -0.122600
31605  -0.123400
31606  -0.123000
31607  -0.123800
31608  -0.124900
31609  -0.124100
31610  -0.123600
31611  -0.124300
31612  -0.124500
31613  -0.124000
31614  -0.124300
31615  -0.125000
31616  -0.125900
31617  -0.125500
31618  -0.125900
31619  -0.127000
31620  -0.127300
31621  -0.126700
31622  -0.126700
31623  -0.125600
31624  -0.125500
31625  -0.125500
31626  -0.124900
31627  -0.124900
31628  -0.125500
31629  -0.124800
31630  -0.124200
31631  -0.124600
31632  -0.125400
31633  -0.125100
31634  -0.125300
31635  -0.125700
31636  -0.125900
31637  -0.126800
31638  -0.127300
31639  -0.127100
31640  -0.126800
31641  -0.127200
31642  -0.127000
31643  -0.127800
31644  -0.127200
31645  -0.127500
31646  -0.127800
31647  -0.129000
31648  -0.129500
31649  -0.130300
31650  -0.130100
31651  -0.131300
31652  -0.130200
31653  -0.130100
31654  -0.130100
31655  -0.129400
31656  -0.128400
31657  -0.129100
31658  -0.129300
31659  -0.129800
31660  -0.129300
31661  -0.128600
31662  -0.128500
31663  -0.128800
31664  -0.129800
31665  -0.130100
31666  -0.129200
31667  -0.129200
31668  -0.128500
31669  -0.128400
31670  -0.127600
31671  -0.128200
31672  -0.127900
31673  -0.127000
31674  -0.126700
31675  -0.126500
31676  -0.126300
31677  -0.126300
31678  -0.126500
31679  -0.127200
31680  -0.126500
31681  -0.126200
31682  -0.124900
31683  -0.124700
31684  -0.124600
31685  -0.124700
31686  -0.124900
31687  -0.125100
31688  -0.123900
31689  -0.124300
31690  -0.124100
31691  -0.124500
31692  -0.123800
31693  -0.124100
31694  -0.124700
31695  -0.124000
31696  -0.123000
31697  -0.123000
31698  -0.123600
31699  -0.123600
31700  -0.123900
31701  -0.124600
31702  -0.125000
31703  -0.126500
31704  -0.127100
31705  -0.127200
31706  -0.127700
31707  -0.127700
31708  -0.126600
31709  -0.127300
31710  -0.127400
31711  -0.127300
31712  -0.127200
31713  -0.128200
31714  -0.128700
31715  -0.129100
31716  -0.130100
31717  -0.130700
31718  -0.132000
31719  -0.133100
31720  -0.133800
31721  -0.134400
31722  -0.134000
31723  -0.133900
31724  -0.134900
31725  -0.136100
31726  -0.137100
31727  -0.137900
31728  -0.137700
31729  -0.138500
31730  -0.140000
31731  -0.139400
31732  -0.139800
31733  -0.140600
31734  -0.140200
31735  -0.139800
31736  -0.140200
31737  -0.140100
31738  -0.140100
31739  -0.140300
31740  -0.140000
31741  -0.139600
31742  -0.139400
31743  -0.139800
31744  -0.139600
31745  -0.140600
31746  -0.140400
31747  -0.140900
31748  -0.140800
31749  -0.140200
31750  -0.139400
31751  -0.139200
31752  -0.139200
31753  -0.138200
31754  -0.138600
31755  -0.138600
31756  -0.137300
31757  -0.137100
31758  -0.137700
31759  -0.137600
31760  -0.138800
31761  -0.139400
31762  -0.140500
31763  -0.141600
31764  -0.141100
31765  -0.142400
31766  -0.142500
31767  -0.142400
31768  -0.143500
31769  -0.143800
31770  -0.144900
31771  -0.144700
31772  -0.144500
31773  -0.145000
31774  -0.144900
31775  -0.144100
31776  -0.144700
31777  -0.145200
31778  -0.146200
31779  -0.146600
31780  -0.146500
31781  -0.145200
31782  -0.144400
31783  -0.144600
31784  -0.145200
31785  -0.145300
31786  -0.144600
31787  -0.145100
31788  -0.145400
31789  -0.145900
31790  -0.147500
31791  -0.147200
31792  -0.146600
31793  -0.146300
31794  -0.146500
31795  -0.146900
31796  -0.146800
31797  -0.146600
31798  -0.146400
31799  -0.147000
31800  -0.147400
31801  -0.148300
31802  -0.148500
31803  -0.148000
31804  -0.148800
31805  -0.148900
31806  -0.149400
31807  -0.150100
31808  -0.150000
31809  -0.150100
31810  -0.149500
31811  -0.149100
31812  -0.148800
31813  -0.148300
31814  -0.148200
31815  -0.148200
31816  -0.148000
31817  -0.147600
31818  -0.147900
31819  -0.147500
31820  -0.147800
31821  -0.148400
31822  -0.148100
31823  -0.149100
31824  -0.149100
31825  -0.149300
31826  -0.147900
31827  -0.147500
31828  -0.147900
31829  -0.147500
31830  -0.148400
31831  -0.147700
31832  -0.148800
31833  -0.148200
31834  -0.149000
31835  -0.148900
31836  -0.148800
31837  -0.148800
31838  -0.148600
31839  -0.148500
31840  -0.149500
31841  -0.149200
31842  -0.149400
31843  -0.149100
31844  -0.149800
31845  -0.150300
31846  -0.150100
31847  -0.150700
31848  -0.151300
31849  -0.151200
31850  -0.151600
31851  -0.151900
31852  -0.152100
31853  -0.152800
31854  -0.152900
31855  -0.153300
31856  -0.153300
31857  -0.152700
31858  -0.152600
31859  -0.152500
31860  -0.152300
31861  -0.151500
31862  -0.151500
31863  -0.150000
31864  -0.150400
31865  -0.150500
31866  -0.149200
31867  -0.148800
31868  -0.148600
31869  -0.148900
31870  -0.148300
31871  -0.148200
31872  -0.148000
31873  -0.147400
31874  -0.147000
31875  -0.146800
31876  -0.146600
31877  -0.147400
31878  -0.148700
31879  -0.149700
31880  -0.150400
31881  -0.150500
31882  -0.150600
31883  -0.151000
31884  -0.150200
31885  -0.149700
31886  -0.149100
31887  -0.147700
31888  -0.147500
31889  -0.147000
31890  -0.146700
31891  -0.146400
31892  -0.145600
31893  -0.145100
31894  -0.144600
31895  -0.144700
31896  -0.144600
31897  -0.144100
31898  -0.144000
31899  -0.143600
31900  -0.143800
31901  -0.144600
31902  -0.144700
31903  -0.144000
31904  -0.144700
31905  -0.144400
31906  -0.144700
31907  -0.144300
31908  -0.143400
31909  -0.143100
31910  -0.142000
31911  -0.142100
31912  -0.141900
31913  -0.140700
31914  -0.141500
31915  -0.141700
31916  -0.141300
31917  -0.141400
31918  -0.141000
31919  -0.140900
31920  -0.140900
31921  -0.140400
31922  -0.140600
31923  -0.139900
31924  -0.140500
31925  -0.140200
31926  -0.140800
31927  -0.141700
31928  -0.141100
31929  -0.140700
31930  -0.141100
31931  -0.140900
31932  -0.140700
31933  -0.141100
31934  -0.142100
31935  -0.141500
31936  -0.141200
31937  -0.141300
31938  -0.140600
31939  -0.140200
31940  -0.139900
31941  -0.139500
31942  -0.139900
31943  -0.140700
31944  -0.141500
31945  -0.141100
31946  -0.141100
31947  -0.140700
31948  -0.139600
31949  -0.140000
31950  -0.140000
31951  -0.140100
31952  -0.140800
31953  -0.140000
31954  -0.140500
31955  -0.140800
31956  -0.141500
31957  -0.141700
31958  -0.142600
31959  -0.141400
31960  -0.140200
31961  -0.140000
31962  -0.139400
31963  -0.139500
31964  -0.139600
31965  -0.139900
31966  -0.140400
31967  -0.140100
31968  -0.140000
31969  -0.140400
31970  -0.139900
31971  -0.139500
31972  -0.139200
31973  -0.139200
31974  -0.139400
31975  -0.140000
31976  -0.140000
31977  -0.140000
31978  -0.140500
31979  -0.141000
31980  -0.140300
31981  -0.140200
31982  -0.140800
31983  -0.141600
31984  -0.141200
31985  -0.141700
31986  -0.140800
31987  -0.139900
31988  -0.139400
31989  -0.139400
31990  -0.139000
31991  -0.139900
31992  -0.139200
31993  -0.139400
31994  -0.139400
31995  -0.139400
31996  -0.139000
31997  -0.138600
31998  -0.138200
31999  -0.139100
32000  -0.138900
32001  -0.139200
32002  -0.139900
32003  -0.138500
32004  -0.139000
32005  -0.139600
32006  -0.139800
32007  -0.139600
32008  -0.139200
32009  -0.139700
32010  -0.139200
32011  -0.138600
32012  -0.138200
32013  -0.138500
32014  -0.138000
32015  -0.137700
32016  -0.138600
32017  -0.138400
32018  -0.139300
32019  -0.139600
32020  -0.140100
32021  -0.140400
32022  -0.141100
32023  -0.141400
32024  -0.141900
32025  -0.142100
32026  -0.140900
32027  -0.141300
32028  -0.140600
32029  -0.140600
32030  -0.141000
32031  -0.140400
32032  -0.140200
32033  -0.140700
32034  -0.138800
32035  -0.139200
32036  -0.139400
32037  -0.138900
32038  -0.138800
32039  -0.139300
32040  -0.139500
32041  -0.138700
32042  -0.139900
32043  -0.140500
32044  -0.140300
32045  -0.140600
32046  -0.141100
32047  -0.140600
32048  -0.140500
32049  -0.140200
32050  -0.140000
32051  -0.139900
32052  -0.139300
32053  -0.138800
32054  -0.138700
32055  -0.136900
32056  -0.136400
32057  -0.136600
32058  -0.136500
32059  -0.136300
32060  -0.137600
32061  -0.137600
32062  -0.138000
32063  -0.137900
32064  -0.138000
32065  -0.138300
32066  -0.138500
32067  -0.138100
32068  -0.138800
32069  -0.139000
32070  -0.139400
32071  -0.139200
32072  -0.138900
32073  -0.138400
32074  -0.138200
32075  -0.137200
32076  -0.137200
32077  -0.136900
32078  -0.136400
32079  -0.136100
32080  -0.136000
32081  -0.136500
32082  -0.136800
32083  -0.136600
32084  -0.136800
32085  -0.136200
32086  -0.136800
32087  -0.137400
32088  -0.137100
32089  -0.136800
32090  -0.137600
32091  -0.136700
32092  -0.136200
32093  -0.135500
32094  -0.134700
32095  -0.135000
32096  -0.134600
32097  -0.133900
32098  -0.134100
32099  -0.134800
32100  -0.135800
32101  -0.135800
32102  -0.136700
32103  -0.137600
32104  -0.138300
32105  -0.138500
32106  -0.137900
32107  -0.138400
32108  -0.138200
32109  -0.137300
32110  -0.135700
32111  -0.136000
32112  -0.135300
32113  -0.135800
32114  -0.135600
32115  -0.135300
32116  -0.134800
32117  -0.136000
32118  -0.135100
32119  -0.135200
32120  -0.136100
32121  -0.137000
32122  -0.136500
32123  -0.136700
32124  -0.136800
32125  -0.136900
32126  -0.136300
32127  -0.136700
32128  -0.137100
32129  -0.138000
32130  -0.137300
32131  -0.137300
32132  -0.136700
32133  -0.137000
32134  -0.136400
32135  -0.135300
32136  -0.135400
32137  -0.135700
32138  -0.136300
32139  -0.135400
32140  -0.135200
32141  -0.135700
32142  -0.136300
32143  -0.136800
32144  -0.137200
32145  -0.137700
32146  -0.137000
32147  -0.136900
32148  -0.137000
32149  -0.136200
32150  -0.135400
32151  -0.134600
32152  -0.134700
32153  -0.135300
32154  -0.135000
32155  -0.136100
32156  -0.135700
32157  -0.136600
32158  -0.137100
32159  -0.137100
32160  -0.138300
32161  -0.138100
32162  -0.137300
32163  -0.137600
32164  -0.137800
32165  -0.137800
32166  -0.137800
32167  -0.138600
32168  -0.138200
32169  -0.138100
32170  -0.138100
32171  -0.137800
32172  -0.137700
32173  -0.137600
32174  -0.138500
32175  -0.139000
32176  -0.139400
32177  -0.138700
32178  -0.138000
32179  -0.138200
32180  -0.138000
32181  -0.137300
32182  -0.138300
32183  -0.137700
32184  -0.137300
32185  -0.137300
32186  -0.137200
32187  -0.137600
32188  -0.138100
32189  -0.138300
32190  -0.138300
32191  -0.138700
32192  -0.138800
32193  -0.139200
32194  -0.138700
32195  -0.138400
32196  -0.138100
32197  -0.138800
32198  -0.138100
32199  -0.137700
32200  -0.137800
32201  -0.138200
32202  -0.137900
32203  -0.137300
32204  -0.137700
32205  -0.137600
32206  -0.137000
32207  -0.136900
32208  -0.137400
32209  -0.136800
32210  -0.137100
32211  -0.137000
32212  -0.137200
32213  -0.137200
32214  -0.137400
32215  -0.138100
32216  -0.138000
32217  -0.138200
32218  -0.138900
32219  -0.139600
32220  -0.139900
32221  -0.140700
32222  -0.140200
32223  -0.140300
32224  -0.141000
32225  -0.141400
32226  -0.141700
32227  -0.141600
32228  -0.141800
32229  -0.141300
32230  -0.142700
32231  -0.142200
32232  -0.141900
32233  -0.142000
32234  -0.141300
32235  -0.140200
32236  -0.139800
32237  -0.140000
32238  -0.140000
32239  -0.140700
32240  -0.140700
32241  -0.141100
32242  -0.140400
32243  -0.140700
32244  -0.141300
32245  -0.141700
32246  -0.142200
32247  -0.141300
32248  -0.142500
32249  -0.143300
32250  -0.144100
32251  -0.144600
32252  -0.144100
32253  -0.142700
32254  -0.142500
32255  -0.142700
32256  -0.142700
32257  -0.142600
32258  -0.142000
32259  -0.141100
32260  -0.141300
32261  -0.140500
32262  -0.140800
32263  -0.141700
32264  -0.141900
32265  -0.141700
32266  -0.141600
32267  -0.142900
32268  -0.143300
32269  -0.143500
32270  -0.144100
32271  -0.143500
32272  -0.142700
32273  -0.142400
32274  -0.142900
32275  -0.141900
32276  -0.141300
32277  -0.140800
32278  -0.140700
32279  -0.140800
32280  -0.141900
32281  -0.141700
32282  -0.142000
32283  -0.143200
32284  -0.142500
32285  -0.142500
32286  -0.142200
32287  -0.141200
32288  -0.141300
32289  -0.142500
32290  -0.142600
32291  -0.142200
32292  -0.142300
32293  -0.142000
32294  -0.141800
32295  -0.141900
32296  -0.141000
32297  -0.140100
32298  -0.140000
32299  -0.140300
32300  -0.140600
32301  -0.141400
32302  -0.141800
32303  -0.141300
32304  -0.141300
32305  -0.142300
32306  -0.143000
32307  -0.142400
32308  -0.142300
32309  -0.143000
32310  -0.143100
32311  -0.142900
32312  -0.142600
32313  -0.144000
32314  -0.143800
32315  -0.143300
32316  -0.142500
32317  -0.141800
32318  -0.142200
32319  -0.141700
32320  -0.141300
32321  -0.141100
32322  -0.141200
32323  -0.141800
32324  -0.141700
32325  -0.141600
32326  -0.140900
32327  -0.141500
32328  -0.141400
32329  -0.140600
32330  -0.139900
32331  -0.139800
32332  -0.139100
32333  -0.139000
32334  -0.138200
32335  -0.138400
32336  -0.137600
32337  -0.138800
32338  -0.138600
32339  -0.138100
32340  -0.136700
32341  -0.136100
32342  -0.135200
32343  -0.134500
32344  -0.133700
32345  -0.134500
32346  -0.134500
32347  -0.135000
32348  -0.134800
32349  -0.134600
32350  -0.134600
32351  -0.134900
32352  -0.135300
32353  -0.135700
32354  -0.136000
32355  -0.136800
32356  -0.135600
32357  -0.135400
32358  -0.134900
32359  -0.134800
32360  -0.136000
32361  -0.136000
32362  -0.137000
32363  -0.137500
32364  -0.137400
32365  -0.137100
32366  -0.136700
32367  -0.135900
32368  -0.135300
32369  -0.134900
32370  -0.135300
32371  -0.135100
32372  -0.134500
32373  -0.135100
32374  -0.135000
32375  -0.135300
32376  -0.135700
32377  -0.136100
32378  -0.135500
32379  -0.135700
32380  -0.134800
32381  -0.134700
32382  -0.134000
32383  -0.133200
32384  -0.133800
32385  -0.134000
32386  -0.134100
32387  -0.134400
32388  -0.133700
32389  -0.132900
32390  -0.132400
32391  -0.132500
32392  -0.132800
32393  -0.132300
32394  -0.132500
32395  -0.131900
32396  -0.132600
32397  -0.133200
32398  -0.134200
32399  -0.134700
32400  -0.134800
32401  -0.134300
32402  -0.134000
32403  -0.133500
32404  -0.133700
32405  -0.133800
32406  -0.135000
32407  -0.135400
32408  -0.135300
32409  -0.136300
32410  -0.137200
32411  -0.137600
32412  -0.138100
32413  -0.136600
32414  -0.135900
32415  -0.135900
32416  -0.135900
32417  -0.135200
32418  -0.134300
32419  -0.134900
32420  -0.135000
32421  -0.135500
32422  -0.135700
32423  -0.135200
32424  -0.134900
32425  -0.134900
32426  -0.134800
32427  -0.135000
32428  -0.135100
32429  -0.134600
32430  -0.134900
32431  -0.134800
32432  -0.135700
32433  -0.134900
32434  -0.134900
32435  -0.136600
32436  -0.136400
32437  -0.137200
32438  -0.135300
32439  -0.136000
32440  -0.136100
32441  -0.135900
32442  -0.136700
32443  -0.136700
32444  -0.136400
32445  -0.137200
32446  -0.137500
32447  -0.136600
32448  -0.137800
32449  -0.137800
32450  -0.137300
32451  -0.136400
32452  -0.136300
32453  -0.135900
32454  -0.135600
32455  -0.134900
32456  -0.135600
32457  -0.136000
32458  -0.136000
32459  -0.137300
32460  -0.137600
32461  -0.137600
32462  -0.137700
32463  -0.137300
32464  -0.137300
32465  -0.137700
32466  -0.137400
32467  -0.137400
32468  -0.137200
32469  -0.137100
32470  -0.137300
32471  -0.137700
32472  -0.137700
32473  -0.137100
32474  -0.137800
32475  -0.138300
32476  -0.138600
32477  -0.138900
32478  -0.139900
32479  -0.140300
32480  -0.139900
32481  -0.140300
32482  -0.139900
32483  -0.138500
32484  -0.139100
32485  -0.140100
32486  -0.140500
32487  -0.142000
32488  -0.141600
32489  -0.142100
32490  -0.141600
32491  -0.142400
32492  -0.142400
32493  -0.143500
32494  -0.142300
32495  -0.142900
32496  -0.143500
32497  -0.143300
32498  -0.142600
32499  -0.143000
32500  -0.143500
32501  -0.144600
32502  -0.144900
32503  -0.145400
32504  -0.144100
32505  -0.142800
32506  -0.142800
32507  -0.143100
32508  -0.143600
32509  -0.143500
32510  -0.143300
32511  -0.143000
32512  -0.143500
32513  -0.144100
32514  -0.144300
32515  -0.144500
32516  -0.144400
32517  -0.143700
32518  -0.143400
32519  -0.143300
32520  -0.142500
32521  -0.143200
32522  -0.143400
32523  -0.143300
32524  -0.144900
32525  -0.145300
32526  -0.145500
32527  -0.146700
32528  -0.147000
32529  -0.147400
32530  -0.146800
32531  -0.146600
32532  -0.146800
32533  -0.146200
32534  -0.145800
32535  -0.146400
32536  -0.145700
32537  -0.145600
32538  -0.145100
32539  -0.144800
32540  -0.144500
32541  -0.144000
32542  -0.143600
32543  -0.143600
32544  -0.143600
32545  -0.143200
32546  -0.142100
32547  -0.141600
32548  -0.141300
32549  -0.140700
32550  -0.141000
32551  -0.141000
32552  -0.141600
32553  -0.141300
32554  -0.140500
32555  -0.140500
32556  -0.140800
32557  -0.140600
32558  -0.139800
32559  -0.141100
32560  -0.141400
32561  -0.141200
32562  -0.141400
32563  -0.141200
32564  -0.140900
32565  -0.140600
32566  -0.139700
32567  -0.140000
32568  -0.138500
32569  -0.139000
32570  -0.139400
32571  -0.139600
32572  -0.139600
32573  -0.139900
32574  -0.139200
32575  -0.139200
32576  -0.140600
32577  -0.140000
32578  -0.139800
32579  -0.139800
32580  -0.139800
32581  -0.141100
32582  -0.142000
32583  -0.142000
32584  -0.142500
32585  -0.142300
32586  -0.141900
32587  -0.140700
32588  -0.140100
32589  -0.140700
32590  -0.141300
32591  -0.141300
32592  -0.141500
32593  -0.141600
32594  -0.142100
32595  -0.141800
32596  -0.141000
32597  -0.140500
32598  -0.139700
32599  -0.139700
32600  -0.139500
32601  -0.139000
32602  -0.138600
32603  -0.137300
32604  -0.137500
32605  -0.137500
32606  -0.136600
32607  -0.136600
32608  -0.137000
32609  -0.137500
32610  -0.137500
32611  -0.137700
32612  -0.137800
32613  -0.137500
32614  -0.137700
32615  -0.136700
32616  -0.136000
32617  -0.135200
32618  -0.135900
32619  -0.137100
32620  -0.137400
32621  -0.137100
32622  -0.137600
32623  -0.137400
32624  -0.137300
32625  -0.137600
32626  -0.137000
32627  -0.136900
32628  -0.137200
32629  -0.138200
32630  -0.138200
32631  -0.138700
32632  -0.137800
32633  -0.138500
32634  -0.138800
32635  -0.138900
32636  -0.138800
32637  -0.139200
32638  -0.140100
32639  -0.139500
32640  -0.139300
32641  -0.138600
32642  -0.139900
32643  -0.140600
32644  -0.141800
32645  -0.140900
32646  -0.141400
32647  -0.141200
32648  -0.140000
32649  -0.140000
32650  -0.140000
32651  -0.140000
32652  -0.139900
32653  -0.140200
32654  -0.139900
32655  -0.140400
32656  -0.139200
32657  -0.139200
32658  -0.138200
32659  -0.138000
32660  -0.137400
32661  -0.138400
32662  -0.138400
32663  -0.139200
32664  -0.139300
32665  -0.139800
32666  -0.140300
32667  -0.139900
32668  -0.141200
32669  -0.141300
32670  -0.141000
32671  -0.140500
32672  -0.141100
32673  -0.140300
32674  -0.140300
32675  -0.140500
32676  -0.140500
32677  -0.140000
32678  -0.140800
32679  -0.141100
32680  -0.141700
32681  -0.142400
32682  -0.142300
32683  -0.140900
32684  -0.141600
32685  -0.141800
32686  -0.141300
32687  -0.142300
32688  -0.142900
32689  -0.142400
32690  -0.141500
32691  -0.142700
32692  -0.142400
32693  -0.142300
32694  -0.142400
32695  -0.142600
32696  -0.143100
32697  -0.143900
32698  -0.143300
32699  -0.143800
32700  -0.142700
32701  -0.142300
32702  -0.142500
32703  -0.142100
32704  -0.142300
32705  -0.141400
32706  -0.141300
32707  -0.140600
32708  -0.140400
32709  -0.140300
32710  -0.140300
32711  -0.140200
32712  -0.139500
32713  -0.139100
32714  -0.139100
32715  -0.137600
32716  -0.138100
32717  -0.138500
32718  -0.139700
32719  -0.140600
32720  -0.140700
32721  -0.140500
32722  -0.140700
32723  -0.141200
32724  -0.141700
32725  -0.142100
32726  -0.140600
32727  -0.140500
32728  -0.140500
32729  -0.141600
32730  -0.141000
32731  -0.140500
32732  -0.142100
32733  -0.142300
32734  -0.142300
32735  -0.143500
32736  -0.142400
32737  -0.143200
32738  -0.143700
32739  -0.143600
32740  -0.143200
32741  -0.143700
32742  -0.143300
32743  -0.142800
32744  -0.142800
32745  -0.143200
32746  -0.142500
32747  -0.143300
32748  -0.143800
32749  -0.143800
32750  -0.144600
32751  -0.145200
32752  -0.145400
32753  -0.145400
32754  -0.144900
32755  -0.144400
32756  -0.143800
32757  -0.143000
32758  -0.143800
32759  -0.144500
32760  -0.145000
32761  -0.145800
32762  -0.144000
32763  -0.142700
32764  -0.143600
32765  -0.144100
32766  -0.145300
32767  -0.144400
32768  -0.144400
32769  -0.144600
32770  -0.145100
32771  -0.145200
32772  -0.145400
32773  -0.146400
32774  -0.146700
32775  -0.146600
32776  -0.146700
32777  -0.147300
32778  -0.147700
32779  -0.148800
32780  -0.149600
32781  -0.149800
32782  -0.150100
32783  -0.149900
32784  -0.149500
32785  -0.150300
32786  -0.149900
32787  -0.149600
32788  -0.149900
32789  -0.150900
32790  -0.149500
32791  -0.149800
32792  -0.149700
32793  -0.149700
32794  -0.150900
32795  -0.150300
32796  -0.149700
32797  -0.150100
32798  -0.149100
32799  -0.149100
32800  -0.148400
32801  -0.148300
32802  -0.148000
32803  -0.147900
32804  -0.146200
32805  -0.146200
32806  -0.146100
32807  -0.146100
32808  -0.146400
32809  -0.147200
32810  -0.146100
32811  -0.146700
32812  -0.146700
32813  -0.146600
32814  -0.146200
32815  -0.146000
32816  -0.146600
32817  -0.145600
32818  -0.146400
32819  -0.146300
32820  -0.147000
32821  -0.147700
32822  -0.147100
32823  -0.146700
32824  -0.147400
32825  -0.147300
32826  -0.147900
32827  -0.148300
32828  -0.148200
32829  -0.148800
32830  -0.148400
32831  -0.148600
32832  -0.149600
32833  -0.150200
32834  -0.149400
32835  -0.149200
32836  -0.148800
32837  -0.149300
32838  -0.149500
32839  -0.148500
32840  -0.148500
32841  -0.148800
32842  -0.149000
32843  -0.148900
32844  -0.149400
32845  -0.148800
32846  -0.149400
32847  -0.149900
32848  -0.149700
32849  -0.150200
32850  -0.151500
32851  -0.151900
32852  -0.151400
32853  -0.151500
32854  -0.151800
32855  -0.152100
32856  -0.151900
32857  -0.151600
32858  -0.150900
32859  -0.150600
32860  -0.149500
32861  -0.150100
32862  -0.150200
32863  -0.150500
32864  -0.150800
32865  -0.151800
32866  -0.152000
32867  -0.152700
32868  -0.152900
32869  -0.153100
32870  -0.153400
32871  -0.152500
32872  -0.152500
32873  -0.151800
32874  -0.151200
32875  -0.151900
32876  -0.151100
32877  -0.151000
32878  -0.150900
32879  -0.150300
32880  -0.151300
32881  -0.150900
32882  -0.150400
32883  -0.150300
32884  -0.151000
32885  -0.150900
32886  -0.152100
32887  -0.153000
32888  -0.153300
32889  -0.153400
32890  -0.152900
32891  -0.153200
32892  -0.152400
32893  -0.152200
32894  -0.151800
32895  -0.152100
32896  -0.151700
32897  -0.152700
32898  -0.153300
32899  -0.153600
32900  -0.153400
32901  -0.153700
32902  -0.152800
32903  -0.154500
32904  -0.155400
32905  -0.156900
32906  -0.157200
32907  -0.156700
32908  -0.155200
32909  -0.156100
32910  -0.156500
32911  -0.156200
32912  -0.157000
32913  -0.156100
32914  -0.155700
32915  -0.155900
32916  -0.155500
32917  -0.155100
32918  -0.154900
32919  -0.155200
32920  -0.156200
32921  -0.156400
32922  -0.156800
32923  -0.157300
32924  -0.156300
32925  -0.156200
32926  -0.156400
32927  -0.155900
32928  -0.155400
32929  -0.154400
32930  -0.154700
32931  -0.155800
32932  -0.155500
32933  -0.155500
32934  -0.155700
32935  -0.156400
32936  -0.157000
32937  -0.157600
32938  -0.157100
32939  -0.155800
32940  -0.156000
32941  -0.156200
32942  -0.156300
32943  -0.156200
32944  -0.156600
32945  -0.157100
32946  -0.157800
32947  -0.157400
32948  -0.158200
32949  -0.158300
32950  -0.159600
32951  -0.159500
32952  -0.160200
32953  -0.160500
32954  -0.160000
32955  -0.161000
32956  -0.161000
32957  -0.160800
32958  -0.160800
32959  -0.160700
32960  -0.159700
32961  -0.161000
32962  -0.160700
32963  -0.160900
32964  -0.160500
32965  -0.161600
32966  -0.162500
32967  -0.163000
32968  -0.161000
32969  -0.161000
32970  -0.161400
32971  -0.161000
32972  -0.161000
32973  -0.161300
32974  -0.160600
32975  -0.161000
32976  -0.160800
32977  -0.160100
32978  -0.159200
32979  -0.160100
32980  -0.160500
32981  -0.161100
32982  -0.160800
32983  -0.161500
32984  -0.161800
32985  -0.162100
32986  -0.162000
32987  -0.162900
32988  -0.161700
32989  -0.162000
32990  -0.162200
32991  -0.162900
32992  -0.162800
32993  -0.162700
32994  -0.163900
32995  -0.163100
32996  -0.162700
32997  -0.163200
32998  -0.163300
32999  -0.162900
33000  -0.162800
33001  -0.162700
33002  -0.162200
33003  -0.162400
33004  -0.162600
33005  -0.162100
33006  -0.162800
33007  -0.163800
33008  -0.163300
33009  -0.162700
33010  -0.163200
33011  -0.163900
33012  -0.164400
33013  -0.163700
33014  -0.164200
33015  -0.164700
33016  -0.164800
33017  -0.164600
33018  -0.165100
33019  -0.164800
33020  -0.164100
33021  -0.165700
33022  -0.166200
33023  -0.165900
33024  -0.166200
33025  -0.166700
33026  -0.166600
33027  -0.166800
33028  -0.166600
33029  -0.166600
33030  -0.166900
33031  -0.167600
33032  -0.166400
33033  -0.166100
33034  -0.165800
33035  -0.164900
33036  -0.164800
33037  -0.164900
33038  -0.164900
33039  -0.165500
33040  -0.165300
33041  -0.165300
33042  -0.165800
33043  -0.166200
33044  -0.167300
33045  -0.166600
33046  -0.166300
33047  -0.166600
33048  -0.166500
33049  -0.166300
33050  -0.167600
33051  -0.168100
33052  -0.168000
33053  -0.167800
33054  -0.166800
33055  -0.167300
33056  -0.167400
33057  -0.167600
33058  -0.168200
33059  -0.167400
33060  -0.167600
33061  -0.167500
33062  -0.168700
33063  -0.168400
33064  -0.168400
33065  -0.169200
33066  -0.169000
33067  -0.168600
33068  -0.169400
33069  -0.169100
33070  -0.169600
33071  -0.168800
33072  -0.168700
33073  -0.169000
33074  -0.169000
33075  -0.168700
33076  -0.168400
33077  -0.168200
33078  -0.168300
33079  -0.168800
33080  -0.169300
33081  -0.170100
33082  -0.169000
33083  -0.169500
33084  -0.170200
33085  -0.170300
33086  -0.170300
33087  -0.170700
33088  -0.170300
33089  -0.170900
33090  -0.170300
33091  -0.169500
33092  -0.169400
33093  -0.168800
33094  -0.169800
33095  -0.169400
33096  -0.170600
33097  -0.170700
33098  -0.170300
33099  -0.169700
33100  -0.170300
33101  -0.170800
33102  -0.170800
33103  -0.170400
33104  -0.169800
33105  -0.170200
33106  -0.170000
33107  -0.169900
33108  -0.170500
33109  -0.170200
33110  -0.170700
33111  -0.171200
33112  -0.171200
33113  -0.170500
33114  -0.170100
33115  -0.169900
33116  -0.170300
33117  -0.170700
33118  -0.170400
33119  -0.171100
33120  -0.171100
33121  -0.170500
33122  -0.170500
33123  -0.169800
33124  -0.170700
33125  -0.170200
33126  -0.170500
33127  -0.170500
33128  -0.170500
33129  -0.170000
33130  -0.169900
33131  -0.170300
33132  -0.169500
33133  -0.169800
33134  -0.170100
33135  -0.170700
33136  -0.171300
33137  -0.171500
33138  -0.172500
33139  -0.172800
33140  -0.172900
33141  -0.171900
33142  -0.171300
33143  -0.171100
33144  -0.171500
33145  -0.171500
33146  -0.170600
33147  -0.170600
33148  -0.171300
33149  -0.170700
33150  -0.170600
33151  -0.170300
33152  -0.170500
33153  -0.171100
33154  -0.170600
33155  -0.170600
33156  -0.171800
33157  -0.172000
33158  -0.172400
33159  -0.172800
33160  -0.172000
33161  -0.171800
33162  -0.172200
33163  -0.172800
33164  -0.171600
33165  -0.171500
33166  -0.171800
33167  -0.172400
33168  -0.171600
33169  -0.172100
33170  -0.172300
33171  -0.172200
33172  -0.172200
33173  -0.171500
33174  -0.172100
33175  -0.171200
33176  -0.170400
33177  -0.171100
33178  -0.170900
33179  -0.170500
33180  -0.169900
33181  -0.169500
33182  -0.169300
33183  -0.169900
33184  -0.169800
33185  -0.169300
33186  -0.169600
33187  -0.169000
33188  -0.168900
33189  -0.169500
33190  -0.169500
33191  -0.169200
33192  -0.170000
33193  -0.169800
33194  -0.170000
33195  -0.170700
33196  -0.170500
33197  -0.170300
33198  -0.170000
33199  -0.171100
33200  -0.170300
33201  -0.171100
33202  -0.171700
33203  -0.172300
33204  -0.173000
33205  -0.171900
33206  -0.171500
33207  -0.171500
33208  -0.171600
33209  -0.171900
33210  -0.172500
33211  -0.172100
33212  -0.171800
33213  -0.171200
33214  -0.170300
33215  -0.170300
33216  -0.170300
33217  -0.169000
33218  -0.167900
33219  -0.168400
33220  -0.168800
33221  -0.168900
33222  -0.168300
33223  -0.167400
33224  -0.166700
33225  -0.167600
33226  -0.167400
33227  -0.166900
33228  -0.167200
33229  -0.166900
33230  -0.167700
33231  -0.167500
33232  -0.166700
33233  -0.166700
33234  -0.166700
33235  -0.167300
33236  -0.167100
33237  -0.167800
33238  -0.167500
33239  -0.165300
33240  -0.165500
33241  -0.165800
33242  -0.165500
33243  -0.165400
33244  -0.165400
33245  -0.165300
33246  -0.164700
33247  -0.164000
33248  -0.164500
33249  -0.164600
33250  -0.163700
33251  -0.163400
33252  -0.162500
33253  -0.162300
33254  -0.162300
33255  -0.161900
33256  -0.162500
33257  -0.164100
33258  -0.163400
33259  -0.162700
33260  -0.163300
33261  -0.163900
33262  -0.162900
33263  -0.163100
33264  -0.162800
33265  -0.164500
33266  -0.164900
33267  -0.165600
33268  -0.166100
33269  -0.166600
33270  -0.167900
33271  -0.167300
33272  -0.167300
33273  -0.166100
33274  -0.166700
33275  -0.166700
33276  -0.166300
33277  -0.166100
33278  -0.167000
33279  -0.165900
33280  -0.166300
33281  -0.165900
33282  -0.165700
33283  -0.166400
33284  -0.166900
33285  -0.168000
33286  -0.168100
33287  -0.167800
33288  -0.168100
33289  -0.167800
33290  -0.167900
33291  -0.168200
33292  -0.168400
33293  -0.168800
33294  -0.168100
33295  -0.169100
33296  -0.168700
33297  -0.169000
33298  -0.168900
33299  -0.169300
33300  -0.169800
33301  -0.169500
33302  -0.169500
33303  -0.169900
33304  -0.169800
33305  -0.170200
33306  -0.169200
33307  -0.169000
33308  -0.168200
33309  -0.168600
33310  -0.168100
33311  -0.168200
33312  -0.168500
33313  -0.168800
33314  -0.169000
33315  -0.167800
33316  -0.168600
33317  -0.169100
33318  -0.168700
33319  -0.167700
33320  -0.168400
33321  -0.169600
33322  -0.169100
33323  -0.168400
33324  -0.168200
33325  -0.168300
33326  -0.169000
33327  -0.170000
33328  -0.169500
33329  -0.169000
33330  -0.168700
33331  -0.168700
33332  -0.168500
33333  -0.168800
33334  -0.169200
33335  -0.169100
33336  -0.169800
33337  -0.169500
33338  -0.169500
33339  -0.169400
33340  -0.168600
33341  -0.168000
33342  -0.168000
33343  -0.168100
33344  -0.168000
33345  -0.167300
33346  -0.166700
33347  -0.166100
33348  -0.166300
33349  -0.166400
33350  -0.167100
33351  -0.166600
33352  -0.166900
33353  -0.167500
33354  -0.167300
33355  -0.166900
33356  -0.167000
33357  -0.167000
33358  -0.167200
33359  -0.167200
33360  -0.167200
33361  -0.167300
33362  -0.167300
33363  -0.167900
33364  -0.168000
33365  -0.167700
33366  -0.168600
33367  -0.169000
33368  -0.169400
33369  -0.168600
33370  -0.168800
33371  -0.168300
33372  -0.167200
33373  -0.167200
33374  -0.166900
33375  -0.167600
33376  -0.167200
33377  -0.166800
33378  -0.166600
33379  -0.166600
33380  -0.166800
33381  -0.167900
33382  -0.167600
33383  -0.168100
33384  -0.167900
33385  -0.168300
33386  -0.168800
33387  -0.169200
33388  -0.169700
33389  -0.170500
33390  -0.170200
33391  -0.170000
33392  -0.169500
33393  -0.169600
33394  -0.169400
33395  -0.169000
33396  -0.168400
33397  -0.168500
33398  -0.167900
33399  -0.166800
33400  -0.166500
33401  -0.165300
33402  -0.165800
33403  -0.165900
33404  -0.165900
33405  -0.164700
33406  -0.165000
33407  -0.165300
33408  -0.164800
33409  -0.165000
33410  -0.165000
33411  -0.164200
33412  -0.164700
33413  -0.164900
33414  -0.164900
33415  -0.165100
33416  -0.166500
33417  -0.165600
33418  -0.165400
33419  -0.165900
33420  -0.166300
33421  -0.166100
33422  -0.165700
33423  -0.166000
33424  -0.165400
33425  -0.165400
33426  -0.166300
33427  -0.166900
33428  -0.166400
33429  -0.167800
33430  -0.166800
33431  -0.166200
33432  -0.165900
33433  -0.166300
33434  -0.166800
33435  -0.167200
33436  -0.167500
33437  -0.166800
33438  -0.165800
33439  -0.165800
33440  -0.166800
33441  -0.167400
33442  -0.167900
33443  -0.167900
33444  -0.168000
33445  -0.167700
33446  -0.168100
33447  -0.168500
33448  -0.168400
33449  -0.167400
33450  -0.167600
33451  -0.167100
33452  -0.167200
33453  -0.167600
33454  -0.167500
33455  -0.167900
33456  -0.168200
33457  -0.168200
33458  -0.168200
33459  -0.167300
33460  -0.167000
33461  -0.166300
33462  -0.166300
33463  -0.166300
33464  -0.166900
33465  -0.167300
33466  -0.167100
33467  -0.167100
33468  -0.167300
33469  -0.167600
33470  -0.166900
33471  -0.168100
33472  -0.168500
33473  -0.169200
33474  -0.170200
33475  -0.169000
33476  -0.169100
33477  -0.168600
33478  -0.169100
33479  -0.168900
33480  -0.168300
33481  -0.168700
33482  -0.168400
33483  -0.168800
33484  -0.169300
33485  -0.168700
33486  -0.169600
33487  -0.169500
33488  -0.169000
33489  -0.168900
33490  -0.169100
33491  -0.169200
33492  -0.169300
33493  -0.169200
33494  -0.169900
33495  -0.170000
33496  -0.169500
33497  -0.169400
33498  -0.168700
33499  -0.168600
33500  -0.169000
33501  -0.169700
33502  -0.169800
33503  -0.170300
33504  -0.170700
33505  -0.170000
33506  -0.170200
33507  -0.169500
33508  -0.168900
33509  -0.169200
33510  -0.169200
33511  -0.170200
33512  -0.170400
33513  -0.170900
33514  -0.171500
33515  -0.171700
33516  -0.171400
33517  -0.170700
33518  -0.170000
33519  -0.168900
33520  -0.168900
33521  -0.168300
33522  -0.169100
33523  -0.168400
33524  -0.168700
33525  -0.168600
33526  -0.168600
33527  -0.168200
33528  -0.167800
33529  -0.168200
33530  -0.167900
33531  -0.167500
33532  -0.167300
33533  -0.167000
33534  -0.166900
33535  -0.167400
33536  -0.167400
33537  -0.166200
33538  -0.166200
33539  -0.166100
33540  -0.166600
33541  -0.166500
33542  -0.166700
33543  -0.167000
33544  -0.167500
33545  -0.168300
33546  -0.169100
33547  -0.168700
33548  -0.168500
33549  -0.169100
33550  -0.169600
33551  -0.170100
33552  -0.169600
33553  -0.169500
33554  -0.169600
33555  -0.169800
33556  -0.170300
33557  -0.170400
33558  -0.170500
33559  -0.171300
33560  -0.171400
33561  -0.171200
33562  -0.171600
33563  -0.172500
33564  -0.171400
33565  -0.171700
33566  -0.171800
33567  -0.172400
33568  -0.171800
33569  -0.170700
33570  -0.170100
33571  -0.170300
33572  -0.169800
33573  -0.170000
33574  -0.170100
33575  -0.170300
33576  -0.169800
33577  -0.171000
33578  -0.170600
33579  -0.171700
33580  -0.172000
33581  -0.171700
33582  -0.171200
33583  -0.170800
33584  -0.169900
33585  -0.170100
33586  -0.169600
33587  -0.168900
33588  -0.168300
33589  -0.167900
33590  -0.168400
33591  -0.168600
33592  -0.169200
33593  -0.168900
33594  -0.169900
33595  -0.170200
33596  -0.170700
33597  -0.170900
33598  -0.170400
33599  -0.170100
33600  -0.169500
33601  -0.168800
33602  -0.169000
33603  -0.169300
33604  -0.170000
33605  -0.170000
33606  -0.170100
33607  -0.170000
33608  -0.169700
33609  -0.170000
33610  -0.170100
33611  -0.170500
33612  -0.170000
33613  -0.169900
33614  -0.169700
33615  -0.168600
33616  -0.168500
33617  -0.168000
33618  -0.168800
33619  -0.169200
33620  -0.169600
33621  -0.170600
33622  -0.170500
33623  -0.170900
33624  -0.170100
33625  -0.169300
33626  -0.169500
33627  -0.170000
33628  -0.169800
33629  -0.169700
33630  -0.169600
33631  -0.169900
33632  -0.169900
33633  -0.169500
33634  -0.169600
33635  -0.169300
33636  -0.169600
33637  -0.169200
33638  -0.169000
33639  -0.169700
33640  -0.170000
33641  -0.169300
33642  -0.169700
33643  -0.169000
33644  -0.167500
33645  -0.167200
33646  -0.167400
33647  -0.167700
33648  -0.167800
33649  -0.168300
33650  -0.168100
33651  -0.168900
33652  -0.168400
33653  -0.167700
33654  -0.167200
33655  -0.166200
33656  -0.166800
33657  -0.166600
33658  -0.166300
33659  -0.165600
33660  -0.165200
33661  -0.165800
33662  -0.165600
33663  -0.164700
33664  -0.165500
33665  -0.165000
33666  -0.165300
33667  -0.166100
33668  -0.166200
33669  -0.165800
33670  -0.166500
33671  -0.166100
33672  -0.165900
33673  -0.165200
33674  -0.165700
33675  -0.165900
33676  -0.164600
33677  -0.164300
33678  -0.164500
33679  -0.164900
33680  -0.165800
33681  -0.165300
33682  -0.165700
33683  -0.167600
33684  -0.167400
33685  -0.167500
33686  -0.166700
33687  -0.167000
33688  -0.166500
33689  -0.166300
33690  -0.166200
33691  -0.166900
33692  -0.166900
33693  -0.167000
33694  -0.166300
33695  -0.165500
33696  -0.166800
33697  -0.166400
33698  -0.166600
33699  -0.166600
33700  -0.167100
33701  -0.167400
33702  -0.167600
33703  -0.167500
33704  -0.166800
33705  -0.167000
33706  -0.166900
33707  -0.166700
33708  -0.166000
33709  -0.166600
33710  -0.168300
33711  -0.167800
33712  -0.167400
33713  -0.166900
33714  -0.167200
33715  -0.166600
33716  -0.166900
33717  -0.166000
33718  -0.166800
33719  -0.166700
33720  -0.166900
33721  -0.166700
33722  -0.167400
33723  -0.167400
33724  -0.167100
33725  -0.167100
33726  -0.167200
33727  -0.167500
33728  -0.167100
33729  -0.166600
33730  -0.166500
33731  -0.165400
33732  -0.165800
33733  -0.165700
33734  -0.166200
33735  -0.167300
33736  -0.166900
33737  -0.167000
33738  -0.167900
33739  -0.167000
33740  -0.167300
33741  -0.165900
33742  -0.165500
33743  -0.166500
33744  -0.166800
33745  -0.166900
33746  -0.167100
33747  -0.167000
33748  -0.167900
33749  -0.167700
33750  -0.166800
33751  -0.166200
33752  -0.166200
33753  -0.165900
33754  -0.165600
33755  -0.165000
33756  -0.164100
33757  -0.163100
33758  -0.162200
33759  -0.161800
33760  -0.160500
33761  -0.160800
33762  -0.161600
33763  -0.161400
33764  -0.162500
33765  -0.163100
33766  -0.162700
33767  -0.162500
33768  -0.161800
33769  -0.162400
33770  -0.161800
33771  -0.161300
33772  -0.161400
33773  -0.162300
33774  -0.163300
33775  -0.164300
33776  -0.165500
33777  -0.165300
33778  -0.164700
33779  -0.164700
33780  -0.163500
33781  -0.164000
33782  -0.164300
33783  -0.164100
33784  -0.164600
33785  -0.164300
33786  -0.163100
33787  -0.162700
33788  -0.162400
33789  -0.163200
33790  -0.162700
33791  -0.162500
33792  -0.163000
33793  -0.162700
33794  -0.162200
33795  -0.162100
33796  -0.163400
33797  -0.163500
33798  -0.163900
33799  -0.164900
33800  -0.165300
33801  -0.166100
33802  -0.165600
33803  -0.165400
33804  -0.164600
33805  -0.164500
33806  -0.163500
33807  -0.164500
33808  -0.164600
33809  -0.163700
33810  -0.164200
33811  -0.164500
33812  -0.164000
33813  -0.164100
33814  -0.163700
33815  -0.164200
33816  -0.163700
33817  -0.164300
33818  -0.164000
33819  -0.164500
33820  -0.163500
33821  -0.163800
33822  -0.163200
33823  -0.164600
33824  -0.165000
33825  -0.166600
33826  -0.168300
33827  -0.168500
33828  -0.167900
33829  -0.167500
33830  -0.167200
33831  -0.166900
33832  -0.166600
33833  -0.167300
33834  -0.167800
33835  -0.167800
33836  -0.168500
33837  -0.168000
33838  -0.167800
33839  -0.167200
33840  -0.167600
33841  -0.167100
33842  -0.165800
33843  -0.165200
33844  -0.164700
33845  -0.164200
33846  -0.164100
33847  -0.163700
33848  -0.163100
33849  -0.162400
33850  -0.163300
33851  -0.163300
33852  -0.163400
33853  -0.163500
33854  -0.162400
33855  -0.162100
33856  -0.163300
33857  -0.163400
33858  -0.163200
33859  -0.162900
33860  -0.163100
33861  -0.163300
33862  -0.164300
33863  -0.163600
33864  -0.163600
33865  -0.164200
33866  -0.164000
33867  -0.164900
33868  -0.165300
33869  -0.165100
33870  -0.165900
33871  -0.166000
33872  -0.166200
33873  -0.167100
33874  -0.167100
33875  -0.166800
33876  -0.166900
33877  -0.166100
33878  -0.166400
33879  -0.165600
33880  -0.165500
33881  -0.165900
33882  -0.166500
33883  -0.167300
33884  -0.167200
33885  -0.168100
33886  -0.167300
33887  -0.167300
33888  -0.167700
33889  -0.167800
33890  -0.167800
33891  -0.168600
33892  -0.168900
33893  -0.168500
33894  -0.168700
33895  -0.168600
33896  -0.168200
33897  -0.168800
33898  -0.167600
33899  -0.168400
33900  -0.168800
33901  -0.168100
33902  -0.168100
33903  -0.166800
33904  -0.166900
33905  -0.166600
33906  -0.166800
33907  -0.167200
33908  -0.167500
33909  -0.166700
33910  -0.166100
33911  -0.165700
33912  -0.165000
33913  -0.165200
33914  -0.166600
33915  -0.167100
33916  -0.167700
33917  -0.167200
33918  -0.167000
33919  -0.166900
33920  -0.167100
33921  -0.166300
33922  -0.165300
33923  -0.165400
33924  -0.165800
33925  -0.166300
33926  -0.164700
33927  -0.164500
33928  -0.164400
33929  -0.165500
33930  -0.165700
33931  -0.165500
33932  -0.165700
33933  -0.165200
33934  -0.165700
33935  -0.167100
33936  -0.167900
33937  -0.167900
33938  -0.167300
33939  -0.167600
33940  -0.168100
33941  -0.168400
33942  -0.169600
33943  -0.169800
33944  -0.170200
33945  -0.169800
33946  -0.169800
33947  -0.169900
33948  -0.169500
33949  -0.168900
33950  -0.169500
33951  -0.168800
33952  -0.167600
33953  -0.168000
33954  -0.167400
33955  -0.168000
33956  -0.167600
33957  -0.168400
33958  -0.167500
33959  -0.166900
33960  -0.165100
33961  -0.164800
33962  -0.164800
33963  -0.164300
33964  -0.163900
33965  -0.163800
33966  -0.163600
33967  -0.163400
33968  -0.163100
33969  -0.162600
33970  -0.161900
33971  -0.161300
33972  -0.161000
33973  -0.161400
33974  -0.161500
33975  -0.161600
33976  -0.161500
33977  -0.160900
33978  -0.160300
33979  -0.160000
33980  -0.160000
33981  -0.160200
33982  -0.160400
33983  -0.161200
33984  -0.161900
33985  -0.160200
33986  -0.160200
33987  -0.160000
33988  -0.159700
33989  -0.159300
33990  -0.159500
33991  -0.160100
33992  -0.159400
33993  -0.159900
33994  -0.160700
33995  -0.161500
33996  -0.160700
33997  -0.161100
33998  -0.161800
33999  -0.162100
34000  -0.161200
34001  -0.161800
34002  -0.161200
34003  -0.160800
34004  -0.161100
34005  -0.161000
34006  -0.161200
34007  -0.160500
34008  -0.160100
34009  -0.159800
34010  -0.160700
34011  -0.160800
34012  -0.160900
34013  -0.160600
34014  -0.159800
34015  -0.161000
34016  -0.160900
34017  -0.161600
34018  -0.162500
34019  -0.163000
34020  -0.162300
34021  -0.163000
34022  -0.163800
34023  -0.164400
34024  -0.164700
34025  -0.164600
34026  -0.164200
34027  -0.163400
34028  -0.163700
34029  -0.163500
34030  -0.163300
34031  -0.163100
34032  -0.162200
34033  -0.162800
34034  -0.163700
34035  -0.162800
34036  -0.164300
34037  -0.164600
34038  -0.164100
34039  -0.164600
34040  -0.165000
34041  -0.165500
34042  -0.165500
34043  -0.165000
34044  -0.165800
34045  -0.166000
34046  -0.165000
34047  -0.164100
34048  -0.164200
34049  -0.163500
34050  -0.163700
34051  -0.164100
34052  -0.163300
34053  -0.163500
34054  -0.163900
34055  -0.164500
34056  -0.164200
34057  -0.163600
34058  -0.162500
34059  -0.163000
34060  -0.164100
34061  -0.164700
34062  -0.164800
34063  -0.165400
34064  -0.164700
34065  -0.165600
34066  -0.165900
34067  -0.166100
34068  -0.165100
34069  -0.164100
34070  -0.164400
34071  -0.164800
34072  -0.164400
34073  -0.165300
34074  -0.166300
34075  -0.165700
34076  -0.165800
34077  -0.166800
34078  -0.167100
34079  -0.167300
34080  -0.166600
34081  -0.167500
34082  -0.167400
34083  -0.167000
34084  -0.167600
34085  -0.168300
34086  -0.167900
34087  -0.168100
34088  -0.168400
34089  -0.168600
34090  -0.168400
34091  -0.167700
34092  -0.167100
34093  -0.167000
34094  -0.165900
34095  -0.166200
34096  -0.166000
34097  -0.166000
34098  -0.166400
34099  -0.166600
34100  -0.166700
34101  -0.167200
34102  -0.166000
34103  -0.166300
34104  -0.166000
34105  -0.166700
34106  -0.167900
34107  -0.167300
34108  -0.166000
34109  -0.166400
34110  -0.165900
34111  -0.166300
34112  -0.167600
34113  -0.166900
34114  -0.166900
34115  -0.167100
34116  -0.167700
34117  -0.167000
34118  -0.167200
34119  -0.167500
34120  -0.168100
34121  -0.168000
34122  -0.168400
34123  -0.168300
34124  -0.168000
34125  -0.168500
34126  -0.169000
34127  -0.168100
34128  -0.168600
34129  -0.168900
34130  -0.169300
34131  -0.170100
34132  -0.170100
34133  -0.169900
34134  -0.170800
34135  -0.171100
34136  -0.171500
34137  -0.172200
34138  -0.172600
34139  -0.172600
34140  -0.173300
34141  -0.173200
34142  -0.173300
34143  -0.174000
34144  -0.175700
34145  -0.175100
34146  -0.175500
34147  -0.175500
34148  -0.175400
34149  -0.176000
34150  -0.176600
34151  -0.178100
34152  -0.177600
34153  -0.178600
34154  -0.178600
34155  -0.178700
34156  -0.178600
34157  -0.178700
34158  -0.178400
34159  -0.178100
34160  -0.178700
34161  -0.178400
34162  -0.177900
34163  -0.177400
34164  -0.177900
34165  -0.177100
34166  -0.177300
34167  -0.177700
34168  -0.178200
34169  -0.177500
34170  -0.178400
34171  -0.178300
34172  -0.179200
34173  -0.179600
34174  -0.179300
34175  -0.179500
34176  -0.179800
34177  -0.179200
34178  -0.180200
34179  -0.180700
34180  -0.180100
34181  -0.180500
34182  -0.179600
34183  -0.178900
34184  -0.179600
34185  -0.179900
34186  -0.180800
34187  -0.180300
34188  -0.179600
34189  -0.180500
34190  -0.180200
34191  -0.179500
34192  -0.179600
34193  -0.179000
34194  -0.179300
34195  -0.178400
34196  -0.180000
34197  -0.179800
34198  -0.179500
34199  -0.179900
34200  -0.179700
34201  -0.178900
34202  -0.179100
34203  -0.180000
34204  -0.180300
34205  -0.180300
34206  -0.180000
34207  -0.180100
34208  -0.178800
34209  -0.179000
34210  -0.178400
34211  -0.177900
34212  -0.177600
34213  -0.177600
34214  -0.178600
34215  -0.179200
34216  -0.180100
34217  -0.180400
34218  -0.180200
34219  -0.180100
34220  -0.180100
34221  -0.180400
34222  -0.181700
34223  -0.182400
34224  -0.182800
34225  -0.182700
34226  -0.182100
34227  -0.182500
34228  -0.183000
34229  -0.182900
34230  -0.182100
34231  -0.183000
34232  -0.183300
34233  -0.183200
34234  -0.183800
34235  -0.184000
34236  -0.183000
34237  -0.182900
34238  -0.183200
34239  -0.183300
34240  -0.183700
34241  -0.183100
34242  -0.182800
34243  -0.182400
34244  -0.183000
34245  -0.183100
34246  -0.183700
34247  -0.184000
34248  -0.184600
34249  -0.183700
34250  -0.185100
34251  -0.184600
34252  -0.184700
34253  -0.184800
34254  -0.184100
34255  -0.184400
34256  -0.183800
34257  -0.182700
34258  -0.183200
34259  -0.183400
34260  -0.182200
34261  -0.181600
34262  -0.181500
34263  -0.181400
34264  -0.180800
34265  -0.181500
34266  -0.181300
34267  -0.181500
34268  -0.181000
34269  -0.181200
34270  -0.181900
34271  -0.181500
34272  -0.181400
34273  -0.180700
34274  -0.179800
34275  -0.178600
34276  -0.178800
34277  -0.179300
34278  -0.178600
34279  -0.178500
34280  -0.179000
34281  -0.178800
34282  -0.178300
34283  -0.178000
34284  -0.178400
34285  -0.178000
34286  -0.178900
34287  -0.179100
34288  -0.179500
34289  -0.179400
34290  -0.179900
34291  -0.180300
34292  -0.181500
34293  -0.181300
34294  -0.181300
34295  -0.180400
34296  -0.180800
34297  -0.181100
34298  -0.181200
34299  -0.181500
34300  -0.182100
34301  -0.182400
34302  -0.182200
34303  -0.181800
34304  -0.181300
34305  -0.181700
34306  -0.182100
34307  -0.182000
34308  -0.181800
34309  -0.182800
34310  -0.183100
34311  -0.183300
34312  -0.183700
34313  -0.183300
34314  -0.183700
34315  -0.183000
34316  -0.183800
34317  -0.184600
34318  -0.185100
34319  -0.184900
34320  -0.184600
34321  -0.185000
34322  -0.184300
34323  -0.184600
34324  -0.184200
34325  -0.184100
34326  -0.184800
34327  -0.184500
34328  -0.183700
34329  -0.184800
34330  -0.183900
34331  -0.183700
34332  -0.184400
34333  -0.183700
34334  -0.183100
34335  -0.182100
34336  -0.182600
34337  -0.182600
34338  -0.183600
34339  -0.184300
34340  -0.184800
34341  -0.185000
34342  -0.184800
34343  -0.184500
34344  -0.185700
34345  -0.185500
34346  -0.184900
34347  -0.184800
34348  -0.185500
34349  -0.185400
34350  -0.184800
34351  -0.184300
34352  -0.184100
34353  -0.185200
34354  -0.184800
34355  -0.184800
34356  -0.184700
34357  -0.185300
34358  -0.185300
34359  -0.185400
34360  -0.185600
34361  -0.184900
34362  -0.185200
34363  -0.184900
34364  -0.185800
34365  -0.185900
34366  -0.186300
34367  -0.185900
34368  -0.185800
34369  -0.184800
34370  -0.184100
34371  -0.184500
34372  -0.184900
34373  -0.184800
34374  -0.186100
34375  -0.186200
34376  -0.185900
34377  -0.186000
34378  -0.185800
34379  -0.185600
34380  -0.185800
34381  -0.185000
34382  -0.184800
34383  -0.183900
34384  -0.184600
34385  -0.185900
34386  -0.186300
34387  -0.185500
34388  -0.185800
34389  -0.185900
34390  -0.186300
34391  -0.186300
34392  -0.186200
34393  -0.187200
34394  -0.187200
34395  -0.187100
34396  -0.186500
34397  -0.187200
34398  -0.186200
34399  -0.185200
34400  -0.185500
34401  -0.185300
34402  -0.184300
34403  -0.184400
34404  -0.184300
34405  -0.184100
34406  -0.183500
34407  -0.183300
34408  -0.184000
34409  -0.185100
34410  -0.184900
34411  -0.184900
34412  -0.184300
34413  -0.184400
34414  -0.184900
34415  -0.185200
34416  -0.184500
34417  -0.184500
34418  -0.184500
34419  -0.184700
34420  -0.184500
34421  -0.185200
34422  -0.186200
34423  -0.186700
34424  -0.186200
34425  -0.186000
34426  -0.185200
34427  -0.185100
34428  -0.184100
34429  -0.183700
34430  -0.182800
34431  -0.182800
34432  -0.182500
34433  -0.182800
34434  -0.183800
34435  -0.183000
34436  -0.182500
34437  -0.182900
34438  -0.182200
34439  -0.183100
34440  -0.182700
34441  -0.182300
34442  -0.183300
34443  -0.183200
34444  -0.183200
34445  -0.183600
34446  -0.183600
34447  -0.184400
34448  -0.183600
34449  -0.183500
34450  -0.183900
34451  -0.184000
34452  -0.185400
34453  -0.185300
34454  -0.185300
34455  -0.185100
34456  -0.184300
34457  -0.183200
34458  -0.183600
34459  -0.183900
34460  -0.183500
34461  -0.182500
34462  -0.182200
34463  -0.181400
34464  -0.182100
34465  -0.180800
34466  -0.181900
34467  -0.182100
34468  -0.181400
34469  -0.182500
34470  -0.182400
34471  -0.182600
34472  -0.183200
34473  -0.183800
34474  -0.184900
34475  -0.184200
34476  -0.184200
34477  -0.185300
34478  -0.184400
34479  -0.184800
34480  -0.185500
34481  -0.185400
34482  -0.185300
34483  -0.186400
34484  -0.186200
34485  -0.186000
34486  -0.185200
34487  -0.185200
34488  -0.185300
34489  -0.186500
34490  -0.187100
34491  -0.187300
34492  -0.187000
34493  -0.186900
34494  -0.187200
34495  -0.186400
34496  -0.186000
34497  -0.185100
34498  -0.185100
34499  -0.186100
34500  -0.185200
34501  -0.184900
34502  -0.186300
34503  -0.187600
34504  -0.188100
34505  -0.187800
34506  -0.187700
34507  -0.188200
34508  -0.188100
34509  -0.188500
34510  -0.188500
34511  -0.188100
34512  -0.188200
34513  -0.188700
34514  -0.187800
34515  -0.186800
34516  -0.186900
34517  -0.186500
34518  -0.187400
34519  -0.186200
34520  -0.185600
34521  -0.186000
34522  -0.187000
34523  -0.186600
34524  -0.185500
34525  -0.185200
34526  -0.184500
34527  -0.184100
34528  -0.184100
34529  -0.184700
34530  -0.184100
34531  -0.184400
34532  -0.184100
34533  -0.183900
34534  -0.184000
34535  -0.183500
34536  -0.183600
34537  -0.184300
34538  -0.184300
34539  -0.183600
34540  -0.184300
34541  -0.184900
34542  -0.185300
34543  -0.185600
34544  -0.184300
34545  -0.184300
34546  -0.183000
34547  -0.183400
34548  -0.183800
34549  -0.183300
34550  -0.183200
34551  -0.182800
34552  -0.182900
34553  -0.183000
34554  -0.183400
34555  -0.183000
34556  -0.183000
34557  -0.182800
34558  -0.183300
34559  -0.183100
34560  -0.184100
34561  -0.184300
34562  -0.184600
34563  -0.183500
34564  -0.183900
34565  -0.184200
34566  -0.184700
34567  -0.184700
34568  -0.184800
34569  -0.184700
34570  -0.184100
34571  -0.183900
34572  -0.182900
34573  -0.183200
34574  -0.182400
34575  -0.182400
34576  -0.182600
34577  -0.182400
34578  -0.182500
34579  -0.183200
34580  -0.182600
34581  -0.182600
34582  -0.182600
34583  -0.183400
34584  -0.183800
34585  -0.184100
34586  -0.183500
34587  -0.183100
34588  -0.182500
34589  -0.182100
34590  -0.182500
34591  -0.182600
34592  -0.182100
34593  -0.181100
34594  -0.180800
34595  -0.181400
34596  -0.181900
34597  -0.182200
34598  -0.181700
34599  -0.182100
34600  -0.180800
34601  -0.180000
34602  -0.178100
34603  -0.178300
34604  -0.177700
34605  -0.177700
34606  -0.178000
34607  -0.177400
34608  -0.177600
34609  -0.177900
34610  -0.178300
34611  -0.179400
34612  -0.179700
34613  -0.179300
34614  -0.179600
34615  -0.180700
34616  -0.181500
34617  -0.181600
34618  -0.182500
34619  -0.183300
34620  -0.182800
34621  -0.182500
34622  -0.183000
34623  -0.181600
34624  -0.182300
34625  -0.182300
34626  -0.181700
34627  -0.181600
34628  -0.181400
34629  -0.181000
34630  -0.181700
34631  -0.181800
34632  -0.182400
34633  -0.182200
34634  -0.181700
34635  -0.181600
34636  -0.181800
34637  -0.181800
34638  -0.182300
34639  -0.182100
34640  -0.182300
34641  -0.181300
34642  -0.181100
34643  -0.182000
34644  -0.181800
34645  -0.181400
34646  -0.181800
34647  -0.180900
34648  -0.181000
34649  -0.180500
34650  -0.181400
34651  -0.182500
34652  -0.182600
34653  -0.183400
34654  -0.183700
34655  -0.183600
34656  -0.183100
34657  -0.183900
34658  -0.184600
34659  -0.183500
34660  -0.183600
34661  -0.182700
34662  -0.182900
34663  -0.182800
34664  -0.183000
34665  -0.182600
34666  -0.183000
34667  -0.184200
34668  -0.184200
34669  -0.184600
34670  -0.185800
34671  -0.186000
34672  -0.186300
34673  -0.186400
34674  -0.185500
34675  -0.186000
34676  -0.186900
34677  -0.186000
34678  -0.187200
34679  -0.186700
34680  -0.186300
34681  -0.186400
34682  -0.187200
34683  -0.186900
34684  -0.186100
34685  -0.185400
34686  -0.185800
34687  -0.185800
34688  -0.185600
34689  -0.185700
34690  -0.184300
34691  -0.184300
34692  -0.183900
34693  -0.185200
34694  -0.184800
34695  -0.184200
34696  -0.183300
34697  -0.183700
34698  -0.184100
34699  -0.184600
34700  -0.185100
34701  -0.184700
34702  -0.185300
34703  -0.185500
34704  -0.184900
34705  -0.184200
34706  -0.183700
34707  -0.183900
34708  -0.183700
34709  -0.184200
34710  -0.184300
34711  -0.183800
34712  -0.184700
34713  -0.184800
34714  -0.184200
34715  -0.184100
34716  -0.184700
34717  -0.185900
34718  -0.184800
34719  -0.184100
34720  -0.183700
34721  -0.183700
34722  -0.183700
34723  -0.183400
34724  -0.183700
34725  -0.183500
34726  -0.183400
34727  -0.183500
34728  -0.183700
34729  -0.183900
34730  -0.184500
34731  -0.184100
34732  -0.184100
34733  -0.184400
34734  -0.185500
34735  -0.186000
34736  -0.185500
34737  -0.185400
34738  -0.185000
34739  -0.185400
34740  -0.186200
34741  -0.185300
34742  -0.185100
34743  -0.185000
34744  -0.185600
34745  -0.185300
34746  -0.186200
34747  -0.186200
34748  -0.185400
34749  -0.185500
34750  -0.186400
34751  -0.186400
34752  -0.186000
34753  -0.186000
34754  -0.186900
34755  -0.186400
34756  -0.186700
34757  -0.186300
34758  -0.185800
34759  -0.186800
34760  -0.186800
34761  -0.187500
34762  -0.187700
34763  -0.187100
34764  -0.187300
34765  -0.186300
34766  -0.186400
34767  -0.185800
34768  -0.185000
34769  -0.185900
34770  -0.185400
34771  -0.185800
34772  -0.185700
34773  -0.185600
34774  -0.184800
34775  -0.184500
34776  -0.184900
34777  -0.184700
34778  -0.185300
34779  -0.187100
34780  -0.187300
34781  -0.187600
34782  -0.188200
34783  -0.188400
34784  -0.187600
34785  -0.187700
34786  -0.188700
34787  -0.188300
34788  -0.187800
34789  -0.187900
34790  -0.188900
34791  -0.188500
34792  -0.189800
34793  -0.189400
34794  -0.189700
34795  -0.190800
34796  -0.190500
34797  -0.190800
34798  -0.190100
34799  -0.189100
34800  -0.190100
34801  -0.190600
34802  -0.190800
34803  -0.189900
34804  -0.188800
34805  -0.189500
34806  -0.189900
34807  -0.189200
34808  -0.188900
34809  -0.189300
34810  -0.190400
34811  -0.190100
34812  -0.189800
34813  -0.189200
34814  -0.189700
34815  -0.189700
34816  -0.190600
34817  -0.190600
34818  -0.190500
34819  -0.190100
34820  -0.190700
34821  -0.190900
34822  -0.190900
34823  -0.190300
34824  -0.190000
34825  -0.190000
34826  -0.189000
34827  -0.189000
34828  -0.188200
34829  -0.186700
34830  -0.187600
34831  -0.187800
34832  -0.188800
34833  -0.188700
34834  -0.189200
34835  -0.189600
34836  -0.188600
34837  -0.188400
34838  -0.189300
34839  -0.189600
34840  -0.189100
34841  -0.189100
34842  -0.189500
34843  -0.188900
34844  -0.188700
34845  -0.189800
34846  -0.189800
34847  -0.189600
34848  -0.189300
34849  -0.189500
34850  -0.188900
34851  -0.188500
34852  -0.188500
34853  -0.188500
34854  -0.188200
34855  -0.188800
34856  -0.189800
34857  -0.190600
34858  -0.191800
34859  -0.191100
34860  -0.190900
34861  -0.190900
34862  -0.190900
34863  -0.189300
34864  -0.189800
34865  -0.190900
34866  -0.191600
34867  -0.192000
34868  -0.193100
34869  -0.192000
34870  -0.191500
34871  -0.192000
34872  -0.191600
34873  -0.193000
34874  -0.192700
34875  -0.192200
34876  -0.191800
34877  -0.191500
34878  -0.190700
34879  -0.190400
34880  -0.190900
34881  -0.190600
34882  -0.189700
34883  -0.189700
34884  -0.190700
34885  -0.190600
34886  -0.190600
34887  -0.191200
34888  -0.191500
34889  -0.191300
34890  -0.191700
34891  -0.191900
34892  -0.192700
34893  -0.192700
34894  -0.192900
34895  -0.193000
34896  -0.193600
34897  -0.195200
34898  -0.195200
34899  -0.194600
34900  -0.194000
34901  -0.194500
34902  -0.194500
34903  -0.194200
34904  -0.194100
34905  -0.194800
34906  -0.194400
34907  -0.193800
34908  -0.193600
34909  -0.193600
34910  -0.194000
34911  -0.194000
34912  -0.194300
34913  -0.192400
34914  -0.192800
34915  -0.193100
34916  -0.192900
34917  -0.193000
34918  -0.193400
34919  -0.192800
34920  -0.194700
34921  -0.194500
34922  -0.194500
34923  -0.194700
34924  -0.194500
34925  -0.193800
34926  -0.193900
34927  -0.192900
34928  -0.193600
34929  -0.194300
34930  -0.194300
34931  -0.193400
34932  -0.193400
34933  -0.193200
34934  -0.193500
34935  -0.192900
34936  -0.193400
34937  -0.193600
34938  -0.193700
34939  -0.194100
34940  -0.193500
34941  -0.194200
34942  -0.194400
34943  -0.195600
34944  -0.196800
34945  -0.197600
34946  -0.198200
34947  -0.198200
34948  -0.198600
34949  -0.199300
34950  -0.199800
34951  -0.199400
34952  -0.199100
34953  -0.198800
34954  -0.199100
34955  -0.199800
34956  -0.199100
34957  -0.198700
34958  -0.197400
34959  -0.196900
34960  -0.196700
34961  -0.196500
34962  -0.196300
34963  -0.196000
34964  -0.195900
34965  -0.195000
34966  -0.195200
34967  -0.195500
34968  -0.196400
34969  -0.196300
34970  -0.197700
34971  -0.197400
34972  -0.197700
34973  -0.197100
34974  -0.196400
34975  -0.196100
34976  -0.196500
34977  -0.197200
34978  -0.197000
34979  -0.196900
34980  -0.196500
34981  -0.196800
34982  -0.196700
34983  -0.195800
34984  -0.195800
34985  -0.196300
34986  -0.195000
34987  -0.194700
34988  -0.194900
34989  -0.193900
34990  -0.193900
34991  -0.193000
34992  -0.192900
34993  -0.193300
34994  -0.193600
34995  -0.193100
34996  -0.193600
34997  -0.194000
34998  -0.193200
34999  -0.193300
35000  -0.193700
35001  -0.194300
35002  -0.195100
35003  -0.195100
35004  -0.194400
35005  -0.194500
35006  -0.194600
35007  -0.195700
35008  -0.196500
35009  -0.197600
35010  -0.196900
35011  -0.196400
35012  -0.197000
35013  -0.197600
35014  -0.197200
35015  -0.196900
35016  -0.196300
35017  -0.196400
35018  -0.197300
35019  -0.195800
35020  -0.195800
35021  -0.195400
35022  -0.194800
35023  -0.195100
35024  -0.195900
35025  -0.196000
35026  -0.197100
35027  -0.197200
35028  -0.196700
35029  -0.197800
35030  -0.197500
35031  -0.198200
35032  -0.197500
35033  -0.196600
35034  -0.196500
35035  -0.196300
35036  -0.197400
35037  -0.197800
35038  -0.198200
35039  -0.198800
35040  -0.198900
35041  -0.199000
35042  -0.198900
35043  -0.198700
35044  -0.198900
35045  -0.199800
35046  -0.198400
35047  -0.198500
35048  -0.198600
35049  -0.199000
35050  -0.199500
35051  -0.199500
35052  -0.199900
35053  -0.200100
35054  -0.198700
35055  -0.198200
35056  -0.199600
35057  -0.199400
35058  -0.199600
35059  -0.199600
35060  -0.200400
35061  -0.200700
35062  -0.200000
35063  -0.199600
35064  -0.199700
35065  -0.198900
35066  -0.198200
35067  -0.197500
35068  -0.197400
35069  -0.196800
35070  -0.197600
35071  -0.197300
35072  -0.197600
35073  -0.197100
35074  -0.196800
35075  -0.196600
35076  -0.196800
35077  -0.198100
35078  -0.199400
35079  -0.199400
35080  -0.199500
35081  -0.199000
35082  -0.199400
35083  -0.199900
35084  -0.199300
35085  -0.199900
35086  -0.200200
35087  -0.199800
35088  -0.200000
35089  -0.200400
35090  -0.200600
35091  -0.201100
35092  -0.201600
35093  -0.202100
35094  -0.201800
35095  -0.201400
35096  -0.200800
35097  -0.201600
35098  -0.202200
35099  -0.202200
35100  -0.201300
35101  -0.200500
35102  -0.200900
35103  -0.201100
35104  -0.200800
35105  -0.200500
35106  -0.200500
35107  -0.200800
35108  -0.200600
35109  -0.200900
35110  -0.202200
35111  -0.201600
35112  -0.201900
35113  -0.200800
35114  -0.201300
35115  -0.200700
35116  -0.200500
35117  -0.200700
35118  -0.199700
35119  -0.200600
35120  -0.201400
35121  -0.201100
35122  -0.200700
35123  -0.200300
35124  -0.200900
35125  -0.201200
35126  -0.202200
35127  -0.202200
35128  -0.202100
35129  -0.202500
35130  -0.202700
35131  -0.203000
35132  -0.203700
35133  -0.203400
35134  -0.203500
35135  -0.204200
35136  -0.204500
35137  -0.204100
35138  -0.204300
35139  -0.204200
35140  -0.204700
35141  -0.204600
35142  -0.203100
35143  -0.203000
35144  -0.203000
35145  -0.203100
35146  -0.202900
35147  -0.203500
35148  -0.203800
35149  -0.202900
35150  -0.203700
35151  -0.204000
35152  -0.204200
35153  -0.204000
35154  -0.203600
35155  -0.204500
35156  -0.205000
35157  -0.204800
35158  -0.204900
35159  -0.204500
35160  -0.204500
35161  -0.204200
35162  -0.203800
35163  -0.203400
35164  -0.202800
35165  -0.203200
35166  -0.203600
35167  -0.203400
35168  -0.204000
35169  -0.204100
35170  -0.203900
35171  -0.204000
35172  -0.204800
35173  -0.205000
35174  -0.205200
35175  -0.205200
35176  -0.205000
35177  -0.205700
35178  -0.205100
35179  -0.204100
35180  -0.203800
35181  -0.204200
35182  -0.204400
35183  -0.203800
35184  -0.204400
35185  -0.203400
35186  -0.204000
35187  -0.204500
35188  -0.205700
35189  -0.205200
35190  -0.205300
35191  -0.205900
35192  -0.205300
35193  -0.205800
35194  -0.205900
35195  -0.206000
35196  -0.205900
35197  -0.206300
35198  -0.206200
35199  -0.207600
35200  -0.207800
35201  -0.207600
35202  -0.207400
35203  -0.206800
35204  -0.208000
35205  -0.207900
35206  -0.208000
35207  -0.209000
35208  -0.210000
35209  -0.209400
35210  -0.209800
35211  -0.208900
35212  -0.208500
35213  -0.209200
35214  -0.209000
35215  -0.208600
35216  -0.209200
35217  -0.209800
35218  -0.209400
35219  -0.209800
35220  -0.209100
35221  -0.209300
35222  -0.208800
35223  -0.208700
35224  -0.208600
35225  -0.209800
35226  -0.209400
35227  -0.210500
35228  -0.210500
35229  -0.210400
35230  -0.210800
35231  -0.209900
35232  -0.210300
35233  -0.209100
35234  -0.209300
35235  -0.208600
35236  -0.208900
35237  -0.208700
35238  -0.209000
35239  -0.208900
35240  -0.209000
35241  -0.209200
35242  -0.210300
35243  -0.210600
35244  -0.210300
35245  -0.210000
35246  -0.210800
35247  -0.210400
35248  -0.211700
35249  -0.211400
35250  -0.211500
35251  -0.211300
35252  -0.210900
35253  -0.209900
35254  -0.210400
35255  -0.210800
35256  -0.211100
35257  -0.210800
35258  -0.211800
35259  -0.211200
35260  -0.211100
35261  -0.211600
35262  -0.212100
35263  -0.211800
35264  -0.211500
35265  -0.211700
35266  -0.211600
35267  -0.211800
35268  -0.211600
35269  -0.210800
35270  -0.210300
35271  -0.210400
35272  -0.211600
35273  -0.212000
35274  -0.212000
35275  -0.212300
35276  -0.213300
35277  -0.213700
35278  -0.212400
35279  -0.213100
35280  -0.212500
35281  -0.211900
35282  -0.212700
35283  -0.212500
35284  -0.212700
35285  -0.212200
35286  -0.212100
35287  -0.212300
35288  -0.212300
35289  -0.212600
35290  -0.212800
35291  -0.213700
35292  -0.214300
35293  -0.214700
35294  -0.215200
35295  -0.214900
35296  -0.214500
35297  -0.213600
35298  -0.213500
35299  -0.214200
35300  -0.215300
35301  -0.215200
35302  -0.214600
35303  -0.213700
35304  -0.212700
35305  -0.213100
35306  -0.212800
35307  -0.212400
35308  -0.212700
35309  -0.212100
35310  -0.211700
35311  -0.211600
35312  -0.210800
35313  -0.212400
35314  -0.213000
35315  -0.213100
35316  -0.212600
35317  -0.212200
35318  -0.212000
35319  -0.212400
35320  -0.211700
35321  -0.212200
35322  -0.211300
35323  -0.212400
35324  -0.212300
35325  -0.212500
35326  -0.212200
35327  -0.212400
35328  -0.212500
35329  -0.212300
35330  -0.212400
35331  -0.212800
35332  -0.212600
35333  -0.212400
35334  -0.212800
35335  -0.213800
35336  -0.213700
35337  -0.214000
35338  -0.214200
35339  -0.214100
35340  -0.214000
35341  -0.213900
35342  -0.213400
35343  -0.212500
35344  -0.213000
35345  -0.214100
35346  -0.213400
35347  -0.212600
35348  -0.211900
35349  -0.211900
35350  -0.212600
35351  -0.212200
35352  -0.212200
35353  -0.211700
35354  -0.212000
35355  -0.211300
35356  -0.211000
35357  -0.211000
35358  -0.210900
35359  -0.210800
35360  -0.211100
35361  -0.210900
35362  -0.210400
35363  -0.209500
35364  -0.208800
35365  -0.207900
35366  -0.208700
35367  -0.208400
35368  -0.208500
35369  -0.208500
35370  -0.209200
35371  -0.208900
35372  -0.208400
35373  -0.208100
35374  -0.208600
35375  -0.209100
35376  -0.208800
35377  -0.209200
35378  -0.209300
35379  -0.209800
35380  -0.209200
35381  -0.209000
35382  -0.209200
35383  -0.209300
35384  -0.210000
35385  -0.210800
35386  -0.210800
35387  -0.211300
35388  -0.210000
35389  -0.209900
35390  -0.210400
35391  -0.211200
35392  -0.210400
35393  -0.211200
35394  -0.211700
35395  -0.211800
35396  -0.212600
35397  -0.211800
35398  -0.211900
35399  -0.212100
35400  -0.212300
35401  -0.212500
35402  -0.211700
35403  -0.212100
35404  -0.212500
35405  -0.213000
35406  -0.211900
35407  -0.211400
35408  -0.212100
35409  -0.212000
35410  -0.212400
35411  -0.212600
35412  -0.213300
35413  -0.213200
35414  -0.213700
35415  -0.214000
35416  -0.214200
35417  -0.214500
35418  -0.213500
35419  -0.212900
35420  -0.213800
35421  -0.213200
35422  -0.213100
35423  -0.213000
35424  -0.214200
35425  -0.215100
35426  -0.215300
35427  -0.214500
35428  -0.215400
35429  -0.214400
35430  -0.213100
35431  -0.213200
35432  -0.212900
35433  -0.213800
35434  -0.213800
35435  -0.213400
35436  -0.213700
35437  -0.213600
35438  -0.214200
35439  -0.214600
35440  -0.214200
35441  -0.213400
35442  -0.212900
35443  -0.213300
35444  -0.213200
35445  -0.213300
35446  -0.214300
35447  -0.214100
35448  -0.213100
35449  -0.213900
35450  -0.214200
35451  -0.213600
35452  -0.213800
35453  -0.213100
35454  -0.213200
35455  -0.211600
35456  -0.211700
35457  -0.212800
35458  -0.212600
35459  -0.212600
35460  -0.212200
35461  -0.211800
35462  -0.211400
35463  -0.211400
35464  -0.211700
35465  -0.210900
35466  -0.209800
35467  -0.209800
35468  -0.209100
35469  -0.209400
35470  -0.209800
35471  -0.208700
35472  -0.208500
35473  -0.208800
35474  -0.208400
35475  -0.208400
35476  -0.208300
35477  -0.207900
35478  -0.208800
35479  -0.209100
35480  -0.209700
35481  -0.209800
35482  -0.210900
35483  -0.210400
35484  -0.209900
35485  -0.209800
35486  -0.209300
35487  -0.209100
35488  -0.210000
35489  -0.209400
35490  -0.209700
35491  -0.209100
35492  -0.209800
35493  -0.208900
35494  -0.207900
35495  -0.207400
35496  -0.207400
35497  -0.207400
35498  -0.207100
35499  -0.207000
35500  -0.207000
35501  -0.206300
35502  -0.207200
35503  -0.206900
35504  -0.208200
35505  -0.208600
35506  -0.208400
35507  -0.208100
35508  -0.208300
35509  -0.207700
35510  -0.207500
35511  -0.207200
35512  -0.207800
35513  -0.206500
35514  -0.205700
35515  -0.206000
35516  -0.206700
35517  -0.206500
35518  -0.205300
35519  -0.206200
35520  -0.206700
35521  -0.206900
35522  -0.206900
35523  -0.206000
35524  -0.206000
35525  -0.206800
35526  -0.205700
35527  -0.205000
35528  -0.204700
35529  -0.204600
35530  -0.204500
35531  -0.204800
35532  -0.205800
35533  -0.205700
35534  -0.204600
35535  -0.206300
35536  -0.206800
35537  -0.206800
35538  -0.207700
35539  -0.208000
35540  -0.208000
35541  -0.208600
35542  -0.209000
35543  -0.208900
35544  -0.207800
35545  -0.209000
35546  -0.209600
35547  -0.210300
35548  -0.210500
35549  -0.210800
35550  -0.210900
35551  -0.210700
35552  -0.210200
35553  -0.210000
35554  -0.210700
35555  -0.210100
35556  -0.210400
35557  -0.209800
35558  -0.210600
35559  -0.209900
35560  -0.209300
35561  -0.209400
35562  -0.209700
35563  -0.210400
35564  -0.210500
35565  -0.210300
35566  -0.210700
35567  -0.210400
35568  -0.210400
35569  -0.210400
35570  -0.210500
35571  -0.209700
35572  -0.209900
35573  -0.209700
35574  -0.210100
35575  -0.211200
35576  -0.210600
35577  -0.210700
35578  -0.211200
35579  -0.212000
35580  -0.212700
35581  -0.212500
35582  -0.212900
35583  -0.213200
35584  -0.213800
35585  -0.213900
35586  -0.213400
35587  -0.212900
35588  -0.214000
35589  -0.214300
35590  -0.213700
35591  -0.213100
35592  -0.213900
35593  -0.214100
35594  -0.214100
35595  -0.214500
35596  -0.213600
35597  -0.213200
35598  -0.214000
35599  -0.213400
35600  -0.213200
35601  -0.213700
35602  -0.213100
35603  -0.212400
35604  -0.212300
35605  -0.212300
35606  -0.212300
35607  -0.212700
35608  -0.212200
35609  -0.212500
35610  -0.211900
35611  -0.211800
35612  -0.212100
35613  -0.211700
35614  -0.211000
35615  -0.210300
35616  -0.211400
35617  -0.212400
35618  -0.213900
35619  -0.214300
35620  -0.213800
35621  -0.214100
35622  -0.214500
35623  -0.214600
35624  -0.215100
35625  -0.213800
35626  -0.214500
35627  -0.215000
35628  -0.215500
35629  -0.215400
35630  -0.215200
35631  -0.215000
35632  -0.215200
35633  -0.215200
35634  -0.215900
35635  -0.215500
35636  -0.215400
35637  -0.216400
35638  -0.217400
35639  -0.217300
35640  -0.216800
35641  -0.216100
35642  -0.216400
35643  -0.216700
35644  -0.217500
35645  -0.217400
35646  -0.217700
35647  -0.216500
35648  -0.216400
35649  -0.216400
35650  -0.217500
35651  -0.217200
35652  -0.217600
35653  -0.217300
35654  -0.217700
35655  -0.217000
35656  -0.216600
35657  -0.217000
35658  -0.218100
35659  -0.218000
35660  -0.217800
35661  -0.218100
35662  -0.218300
35663  -0.219400
35664  -0.219000
35665  -0.218400
35666  -0.218700
35667  -0.218600
35668  -0.219400
35669  -0.219300
35670  -0.219500
35671  -0.219500
35672  -0.220100
35673  -0.220100
35674  -0.220100
35675  -0.220500
35676  -0.221000
35677  -0.221300
35678  -0.221100
35679  -0.222100
35680  -0.222900
35681  -0.222600
35682  -0.223500
35683  -0.224200
35684  -0.224700
35685  -0.224100
35686  -0.225200
35687  -0.223400
35688  -0.223300
35689  -0.223300
35690  -0.224600
35691  -0.224200
35692  -0.224200
35693  -0.223400
35694  -0.223600
35695  -0.223000
35696  -0.222800
35697  -0.222900
35698  -0.222700
35699  -0.223200
35700  -0.223600
35701  -0.223500
35702  -0.222900
35703  -0.221700
35704  -0.221700
35705  -0.221200
35706  -0.220500
35707  -0.221300
35708  -0.222100
35709  -0.221900
35710  -0.221900
35711  -0.221500
35712  -0.220900
35713  -0.221600
35714  -0.221300
35715  -0.221100
35716  -0.220800
35717  -0.220500
35718  -0.219700
35719  -0.220400
35720  -0.220500
35721  -0.220100
35722  -0.219800
35723  -0.219600
35724  -0.219300
35725  -0.218400
35726  -0.218200
35727  -0.218600
35728  -0.218600
35729  -0.219700
35730  -0.220600
35731  -0.220600
35732  -0.220400
35733  -0.220500
35734  -0.221100
35735  -0.220900
35736  -0.220500
35737  -0.220800
35738  -0.220000
35739  -0.219600
35740  -0.219500
35741  -0.219400
35742  -0.219600
35743  -0.219900
35744  -0.219300
35745  -0.219100
35746  -0.219800
35747  -0.220100
35748  -0.219500
35749  -0.218600
35750  -0.217900
35751  -0.217300
35752  -0.217100
35753  -0.217300
35754  -0.217900
35755  -0.217000
35756  -0.216800
35757  -0.215400
35758  -0.216100
35759  -0.216700
35760  -0.215800
35761  -0.215600
35762  -0.215100
35763  -0.214500
35764  -0.214700
35765  -0.214300
35766  -0.214200
35767  -0.214500
35768  -0.213500
35769  -0.212100
35770  -0.211100
35771  -0.211900
35772  -0.211500
35773  -0.210900
35774  -0.210300
35775  -0.209700
35776  -0.209800
35777  -0.209700
35778  -0.210000
35779  -0.210400
35780  -0.210400
35781  -0.209800
35782  -0.209900
35783  -0.209900
35784  -0.209600
35785  -0.210700
35786  -0.210300
35787  -0.209900
35788  -0.210200
35789  -0.209700
35790  -0.210400
35791  -0.210100
35792  -0.210100
35793  -0.211000
35794  -0.209900
35795  -0.209400
35796  -0.209700
35797  -0.210100
35798  -0.210400
35799  -0.210100
35800  -0.209900
35801  -0.209700
35802  -0.209500
35803  -0.209000
35804  -0.209000
35805  -0.208500
35806  -0.207700
35807  -0.206900
35808  -0.207000
35809  -0.206800
35810  -0.208400
35811  -0.207500
35812  -0.207100
35813  -0.207300
35814  -0.207400
35815  -0.208700
35816  -0.209300
35817  -0.209500
35818  -0.209300
35819  -0.209000
35820  -0.209000
35821  -0.209300
35822  -0.209500
35823  -0.209600
35824  -0.208600
35825  -0.209400
35826  -0.208400
35827  -0.208400
35828  -0.208300
35829  -0.208500
35830  -0.208700
35831  -0.209100
35832  -0.208600
35833  -0.209000
35834  -0.208500
35835  -0.207500
35836  -0.207500
35837  -0.208100
35838  -0.207700
35839  -0.208100
35840  -0.207500
35841  -0.206100
35842  -0.205800
35843  -0.206100
35844  -0.205700
35845  -0.205800
35846  -0.206100
35847  -0.206400
35848  -0.206400
35849  -0.207100
35850  -0.207500
35851  -0.206300
35852  -0.206100
35853  -0.207400
35854  -0.206900
35855  -0.206900
35856  -0.206100
35857  -0.206000
35858  -0.206600
35859  -0.206200
35860  -0.206700
35861  -0.206200
35862  -0.206200
35863  -0.206800
35864  -0.206700
35865  -0.206600
35866  -0.206900
35867  -0.205300
35868  -0.205400
35869  -0.204700
35870  -0.203900
35871  -0.204400
35872  -0.203100
35873  -0.202100
35874  -0.202100
35875  -0.202400
35876  -0.202500
35877  -0.202500
35878  -0.202000
35879  -0.202300
35880  -0.202800
35881  -0.202600
35882  -0.202500
35883  -0.202100
35884  -0.202200
35885  -0.202600
35886  -0.202000
35887  -0.202500
35888  -0.203800
35889  -0.204000
35890  -0.203900
35891  -0.203300
35892  -0.202500
35893  -0.202400
35894  -0.202800
35895  -0.202100
35896  -0.202500
35897  -0.203400
35898  -0.202900
35899  -0.203200
35900  -0.203700
35901  -0.203700
35902  -0.203900
35903  -0.204200
35904  -0.204000
35905  -0.204300
35906  -0.204100
35907  -0.204200
35908  -0.203600
35909  -0.203900
35910  -0.203700
35911  -0.203100
35912  -0.202500
35913  -0.201300
35914  -0.201700
35915  -0.201600
35916  -0.201100
35917  -0.201200
35918  -0.200200
35919  -0.199500
35920  -0.198400
35921  -0.199300
35922  -0.200900
35923  -0.199500
35924  -0.199200
35925  -0.200200
35926  -0.199900
35927  -0.199800
35928  -0.200600
35929  -0.201000
35930  -0.202100
35931  -0.201300
35932  -0.200900
35933  -0.199800
35934  -0.199800
35935  -0.199800
35936  -0.199600
35937  -0.199500
35938  -0.199900
35939  -0.200200
35940  -0.200400
35941  -0.200300
35942  -0.200800
35943  -0.200100
35944  -0.200900
35945  -0.201700
35946  -0.201400
35947  -0.201600
35948  -0.201000
35949  -0.200700
35950  -0.201000
35951  -0.200200
35952  -0.199900
35953  -0.200200
35954  -0.199600
35955  -0.199300
35956  -0.199100
35957  -0.199100
35958  -0.197500
35959  -0.196700
35960  -0.197500
35961  -0.198000
35962  -0.199600
35963  -0.199900
35964  -0.198300
35965  -0.199100
35966  -0.199200
35967  -0.199700
35968  -0.199700
35969  -0.199300
35970  -0.199400
35971  -0.199400
35972  -0.199300
35973  -0.200100
35974  -0.200800
35975  -0.201000
35976  -0.201900
35977  -0.201300
35978  -0.201700
35979  -0.201400
35980  -0.200400
35981  -0.200700
35982  -0.200100
35983  -0.200400
35984  -0.201300
35985  -0.201200
35986  -0.200800
35987  -0.200600
35988  -0.201100
35989  -0.200900
35990  -0.200200
35991  -0.199400
35992  -0.199400
35993  -0.198900
35994  -0.199400
35995  -0.199000
35996  -0.199100
35997  -0.197900
35998  -0.196900
35999  -0.197800
36000  -0.196900
36001  -0.197400
36002  -0.197600
36003  -0.197600
36004  -0.197500
36005  -0.197900
36006  -0.197300
36007  -0.197600
36008  -0.197900
36009  -0.197300
36010  -0.197400
36011  -0.197300
36012  -0.198100
36013  -0.197100
36014  -0.197700
36015  -0.198000
36016  -0.197800
36017  -0.196800
36018  -0.196800
36019  -0.196300
36020  -0.197000
36021  -0.197000
36022  -0.197700
36023  -0.197600
36024  -0.197400
36025  -0.197300
36026  -0.197600
36027  -0.199400
36028  -0.199000
36029  -0.200200
36030  -0.200400
36031  -0.201200
36032  -0.199900
36033  -0.199800
36034  -0.199200
36035  -0.199700
36036  -0.199400
36037  -0.199400
36038  -0.198800
36039  -0.198200
36040  -0.198600
36041  -0.199200
36042  -0.199400
36043  -0.200200
36044  -0.200800
36045  -0.200900
36046  -0.200900
36047  -0.200800
36048  -0.201300
36049  -0.202700
36050  -0.203300
36051  -0.204000
36052  -0.203300
36053  -0.202900
36054  -0.203200
36055  -0.203100
36056  -0.204300
36057  -0.205500
36058  -0.205400
36059  -0.205000
36060  -0.205700
36061  -0.205500
36062  -0.206500
36063  -0.206600
36064  -0.206200
36065  -0.206000
36066  -0.205300
36067  -0.204400
36068  -0.204000
36069  -0.204100
36070  -0.204100
36071  -0.204800
36072  -0.203800
36073  -0.204300
36074  -0.204000
36075  -0.203800
36076  -0.203900
36077  -0.203300
36078  -0.203000
36079  -0.203500
36080  -0.203700
36081  -0.204300
36082  -0.205500
36083  -0.205300
36084  -0.205600
36085  -0.205700
36086  -0.205500
36087  -0.205600
36088  -0.205400
36089  -0.205300
36090  -0.205200
36091  -0.206400
36092  -0.206100
36093  -0.206700
36094  -0.207700
36095  -0.207400
36096  -0.207200
36097  -0.207200
36098  -0.206200
36099  -0.206600
36100  -0.206700
36101  -0.208400
36102  -0.208900
36103  -0.209000
36104  -0.209000
36105  -0.209200
36106  -0.208200
36107  -0.208300
36108  -0.208400
36109  -0.209000
36110  -0.209000
36111  -0.209500
36112  -0.210100
36113  -0.210900
36114  -0.211900
36115  -0.212500
36116  -0.213200
36117  -0.213200
36118  -0.213000
36119  -0.213600
36120  -0.213600
36121  -0.213700
36122  -0.213500
36123  -0.213800
36124  -0.214300
36125  -0.215100
36126  -0.214400
36127  -0.214500
36128  -0.214300
36129  -0.213800
36130  -0.213300
36131  -0.212700
36132  -0.212700
36133  -0.211900
36134  -0.211800
36135  -0.211900
36136  -0.212100
36137  -0.210200
36138  -0.210800
36139  -0.211400
36140  -0.211300
36141  -0.211100
36142  -0.211400
36143  -0.210800
36144  -0.210000
36145  -0.209900
36146  -0.209200
36147  -0.209300
36148  -0.209900
36149  -0.209600
36150  -0.208600
36151  -0.207800
36152  -0.208200
36153  -0.206600
36154  -0.206500
36155  -0.206300
36156  -0.206300
36157  -0.206000
36158  -0.206300
36159  -0.204900
36160  -0.205400
36161  -0.204200
36162  -0.204500
36163  -0.204900
36164  -0.204900
36165  -0.205000
36166  -0.205100
36167  -0.205600
36168  -0.206800
36169  -0.207000
36170  -0.207000
36171  -0.206900
36172  -0.206300
36173  -0.205900
36174  -0.205100
36175  -0.205400
36176  -0.204300
36177  -0.204600
36178  -0.204400
36179  -0.204000
36180  -0.204800
36181  -0.204800
36182  -0.204400
36183  -0.204200
36184  -0.203800
36185  -0.203300
36186  -0.203500
36187  -0.201700
36188  -0.201500
36189  -0.202000
36190  -0.202300
36191  -0.202800
36192  -0.201600
36193  -0.200500
36194  -0.199900
36195  -0.199800
36196  -0.200000
36197  -0.199600
36198  -0.200200
36199  -0.199800
36200  -0.199300
36201  -0.200800
36202  -0.200800
36203  -0.200800
36204  -0.200700
36205  -0.200600
36206  -0.201100
36207  -0.201800
36208  -0.202600
36209  -0.202600
36210  -0.202800
36211  -0.203100
36212  -0.202800
36213  -0.202500
36214  -0.201900
36215  -0.202100
36216  -0.201900
36217  -0.201900
36218  -0.201800
36219  -0.202900
36220  -0.201900
36221  -0.201600
36222  -0.201800
36223  -0.201800
36224  -0.201900
36225  -0.202100
36226  -0.203300
36227  -0.203300
36228  -0.202900
36229  -0.202600
36230  -0.202700
36231  -0.203000
36232  -0.203800
36233  -0.203700
36234  -0.204000
36235  -0.204400
36236  -0.202900
36237  -0.203000
36238  -0.203800
36239  -0.204500
36240  -0.205000
36241  -0.204900
36242  -0.204000
36243  -0.204600
36244  -0.203800
36245  -0.204000
36246  -0.204800
36247  -0.205100
36248  -0.205600
36249  -0.205700
36250  -0.205200
36251  -0.204500
36252  -0.204500
36253  -0.204600
36254  -0.204900
36255  -0.204600
36256  -0.204600
36257  -0.205600
36258  -0.205300
36259  -0.205100
36260  -0.205000
36261  -0.206100
36262  -0.205500
36263  -0.206000
36264  -0.206200
36265  -0.206400
36266  -0.206500
36267  -0.206500
36268  -0.206300
36269  -0.206600
36270  -0.206500
36271  -0.205900
36272  -0.205700
36273  -0.205700
36274  -0.205300
36275  -0.205300
36276  -0.205400
36277  -0.205500
36278  -0.205900
36279  -0.205000
36280  -0.205400
36281  -0.205000
36282  -0.205500
36283  -0.206000
36284  -0.205600
36285  -0.205600
36286  -0.205000
36287  -0.204400
36288  -0.204300
36289  -0.204400
36290  -0.204700
36291  -0.204000
36292  -0.202900
36293  -0.203100
36294  -0.202900
36295  -0.203400
36296  -0.202900
36297  -0.202200
36298  -0.202100
36299  -0.201900
36300  -0.203100
36301  -0.204000
36302  -0.203700
36303  -0.203600
36304  -0.204400
36305  -0.204000
36306  -0.203000
36307  -0.202700
36308  -0.202900
36309  -0.202300
36310  -0.202600
36311  -0.202800
36312  -0.203900
36313  -0.203600
36314  -0.204700
36315  -0.204100
36316  -0.204300
36317  -0.204800
36318  -0.205600
36319  -0.205300
36320  -0.205400
36321  -0.205300
36322  -0.205800
36323  -0.206400
36324  -0.206700
36325  -0.206100
36326  -0.206900
36327  -0.208200
36328  -0.207900
36329  -0.207500
36330  -0.206900
36331  -0.206300
36332  -0.207800
36333  -0.207600
36334  -0.208200
36335  -0.208500
36336  -0.208500
36337  -0.209600
36338  -0.209600
36339  -0.209300
36340  -0.210700
36341  -0.211100
36342  -0.211000
36343  -0.210800
36344  -0.212100
36345  -0.211900
36346  -0.211500
36347  -0.212000
36348  -0.212000
36349  -0.210600
36350  -0.209900
36351  -0.209800
36352  -0.209200
36353  -0.209000
36354  -0.208400
36355  -0.207600
36356  -0.207800
36357  -0.208100
36358  -0.208700
36359  -0.209100
36360  -0.208800
36361  -0.208300
36362  -0.208800
36363  -0.209200
36364  -0.210400
36365  -0.210600
36366  -0.209800
36367  -0.209700
36368  -0.210300
36369  -0.209600
36370  -0.209000
36371  -0.208400
36372  -0.207800
36373  -0.207300
36374  -0.207900
36375  -0.207100
36376  -0.206800
36377  -0.205600
36378  -0.205100
36379  -0.206000
36380  -0.206900
36381  -0.206500
36382  -0.206400
36383  -0.206800
36384  -0.208300
36385  -0.208900
36386  -0.209500
36387  -0.210200
36388  -0.211000
36389  -0.211800
36390  -0.212100
36391  -0.211400
36392  -0.211600
36393  -0.211300
36394  -0.211800
36395  -0.212300
36396  -0.211900
36397  -0.212400
36398  -0.212600
36399  -0.212700
36400  -0.212600
36401  -0.212800
36402  -0.213100
36403  -0.213400
36404  -0.213500
36405  -0.214100
36406  -0.213700
36407  -0.213100
36408  -0.213100
36409  -0.212700
36410  -0.212400
36411  -0.211300
36412  -0.209800
36413  -0.210000
36414  -0.210300
36415  -0.210600
36416  -0.210300
36417  -0.210400
36418  -0.210400
36419  -0.210500
36420  -0.209800
36421  -0.209400
36422  -0.209800
36423  -0.209900
36424  -0.210500
36425  -0.210400
36426  -0.210900
36427  -0.210100
36428  -0.210300
36429  -0.210300
36430  -0.210300
36431  -0.209500
36432  -0.209900
36433  -0.210800
36434  -0.210000
36435  -0.210100
36436  -0.209400
36437  -0.208600
36438  -0.207600
36439  -0.208100
36440  -0.208100
36441  -0.207700
36442  -0.208200
36443  -0.207300
36444  -0.208000
36445  -0.207700
36446  -0.207500
36447  -0.208000
36448  -0.208200
36449  -0.207600
36450  -0.207400
36451  -0.207600
36452  -0.208200
36453  -0.208000
36454  -0.207500
36455  -0.207500
36456  -0.207300
36457  -0.206600
36458  -0.206700
36459  -0.206600
36460  -0.205600
36461  -0.204800
36462  -0.205100
36463  -0.205500
36464  -0.205800
36465  -0.205100
36466  -0.205300
36467  -0.204400
36468  -0.205000
36469  -0.205800
36470  -0.205600
36471  -0.205300
36472  -0.206100
36473  -0.205700
36474  -0.205500
36475  -0.204900
36476  -0.205600
36477  -0.206400
36478  -0.207200
36479  -0.207700
36480  -0.206000
36481  -0.206600
36482  -0.205200
36483  -0.205200
36484  -0.205100
36485  -0.206200
36486  -0.206400
36487  -0.206500
36488  -0.207000
36489  -0.206400
36490  -0.205500
36491  -0.204300
36492  -0.204300
36493  -0.203600
36494  -0.204200
36495  -0.203800
36496  -0.203400
36497  -0.203300
36498  -0.203900
36499  -0.202900
36500  -0.203700
36501  -0.204000
36502  -0.204900
36503  -0.205100
36504  -0.204500
36505  -0.203700
36506  -0.203100
36507  -0.203900
36508  -0.203600
36509  -0.203400
36510  -0.203300
36511  -0.203200
36512  -0.202500
36513  -0.202700
36514  -0.202600
36515  -0.202900
36516  -0.203700
36517  -0.203000
36518  -0.203100
36519  -0.204100
36520  -0.204900
36521  -0.205000
36522  -0.205000
36523  -0.204400
36524  -0.204300
36525  -0.203900
36526  -0.203400
36527  -0.203500
36528  -0.203100
36529  -0.202100
36530  -0.201900
36531  -0.202400
36532  -0.202200
36533  -0.202300
36534  -0.203000
36535  -0.202700
36536  -0.200900
36537  -0.200800
36538  -0.200800
36539  -0.201900
36540  -0.202600
36541  -0.202800
36542  -0.201700
36543  -0.201400
36544  -0.200800
36545  -0.201400
36546  -0.201600
36547  -0.201000
36548  -0.201500
36549  -0.201600
36550  -0.201500
36551  -0.200800
36552  -0.199900
36553  -0.198900
36554  -0.200200
36555  -0.199900
36556  -0.199700
36557  -0.199100
36558  -0.198600
36559  -0.197700
36560  -0.197100
36561  -0.196900
36562  -0.196500
36563  -0.196500
36564  -0.195800
36565  -0.196600
36566  -0.196100
36567  -0.196400
36568  -0.196600
36569  -0.196500
36570  -0.196700
36571  -0.196700
36572  -0.196700
36573  -0.195700
36574  -0.195900
36575  -0.196400
36576  -0.195900
36577  -0.196400
36578  -0.196000
36579  -0.196500
36580  -0.195700
36581  -0.195800
36582  -0.195700
36583  -0.196300
36584  -0.195300
36585  -0.194200
36586  -0.194600
36587  -0.195000
36588  -0.196500
36589  -0.196200
36590  -0.195600
36591  -0.195100
36592  -0.193800
36593  -0.193800
36594  -0.194300
36595  -0.194800
36596  -0.195200
36597  -0.195800
36598  -0.195900
36599  -0.196000
36600  -0.196100
36601  -0.196000
36602  -0.196300
36603  -0.196800
36604  -0.196800
36605  -0.196400
36606  -0.196100
36607  -0.194600
36608  -0.194700
36609  -0.195000
36610  -0.195300
36611  -0.195000
36612  -0.194900
36613  -0.195600
36614  -0.195200
36615  -0.195800
36616  -0.196100
36617  -0.196800
36618  -0.196900
36619  -0.196100
36620  -0.196100
36621  -0.196800
36622  -0.197100
36623  -0.196300
36624  -0.197500
36625  -0.198200
36626  -0.198000
36627  -0.198300
36628  -0.197900
36629  -0.198200
36630  -0.198600
36631  -0.198100
36632  -0.198500
36633  -0.198800
36634  -0.199700
36635  -0.199900
36636  -0.199600
36637  -0.199000
36638  -0.199200
36639  -0.198700
36640  -0.197600
36641  -0.198200
36642  -0.197200
36643  -0.197800
36644  -0.198200
36645  -0.198400
36646  -0.197900
36647  -0.197900
36648  -0.198300
36649  -0.197800
36650  -0.197200
36651  -0.196800
36652  -0.197300
36653  -0.197900
36654  -0.197900
36655  -0.197400
36656  -0.196500
36657  -0.195800
36658  -0.196200
36659  -0.196100
36660  -0.195000
36661  -0.195800
36662  -0.195300
36663  -0.196100
36664  -0.196000
36665  -0.196300
36666  -0.195800
36667  -0.196500
36668  -0.196900
36669  -0.197000
36670  -0.197000
36671  -0.197600
36672  -0.197800
36673  -0.198900
36674  -0.199300
36675  -0.199200
36676  -0.199200
36677  -0.199400
36678  -0.199200
36679  -0.199100
36680  -0.198600
36681  -0.199500
36682  -0.200300
36683  -0.200300
36684  -0.201100
36685  -0.201400
36686  -0.201900
36687  -0.201700
36688  -0.202300
36689  -0.202800
36690  -0.202300
36691  -0.202400
36692  -0.203200
36693  -0.202500
36694  -0.203300
36695  -0.203900
36696  -0.204500
36697  -0.203800
36698  -0.203200
36699  -0.202700
36700  -0.201700
36701  -0.201300
36702  -0.201300
36703  -0.201600
36704  -0.202100
36705  -0.202300
36706  -0.202900
36707  -0.203400
36708  -0.203400
36709  -0.203900
36710  -0.203000
36711  -0.204600
36712  -0.205100
36713  -0.204600
36714  -0.205000
36715  -0.205900
36716  -0.203900
36717  -0.205200
36718  -0.206000
36719  -0.205400
36720  -0.205600
36721  -0.205600
36722  -0.205300
36723  -0.206100
36724  -0.206000
36725  -0.205900
36726  -0.205800
36727  -0.205700
36728  -0.206200
36729  -0.205800
36730  -0.205600
36731  -0.206000
36732  -0.206600
36733  -0.206700
36734  -0.207300
36735  -0.207300
36736  -0.207600
36737  -0.207400
36738  -0.208700
36739  -0.208900
36740  -0.208000
36741  -0.207600
36742  -0.206200
36743  -0.205800
36744  -0.205900
36745  -0.204500
36746  -0.203600
36747  -0.202500
36748  -0.203400
36749  -0.203100
36750  -0.202300
36751  -0.202200
36752  -0.202800
36753  -0.203400
36754  -0.203400
36755  -0.201900
36756  -0.201800
36757  -0.201500
36758  -0.201200
36759  -0.201400
36760  -0.200900
36761  -0.199800
36762  -0.198900
36763  -0.199000
36764  -0.199900
36765  -0.199200
36766  -0.199300
36767  -0.200700
36768  -0.200700
36769  -0.200900
36770  -0.200800
36771  -0.200200
36772  -0.200200
36773  -0.201300
36774  -0.201500
36775  -0.201400
36776  -0.201700
36777  -0.202000
36778  -0.202100
36779  -0.202000
36780  -0.201000
36781  -0.201500
36782  -0.201200
36783  -0.201700
36784  -0.202000
36785  -0.201700
36786  -0.202100
36787  -0.201600
36788  -0.201700
36789  -0.203000
36790  -0.203500
36791  -0.202500
36792  -0.201800
36793  -0.202300
36794  -0.202100
36795  -0.201700
36796  -0.201800
36797  -0.202500
36798  -0.201900
36799  -0.202100
36800  -0.202700
36801  -0.203500
36802  -0.203600
36803  -0.203400
36804  -0.203800
36805  -0.203900
36806  -0.203400
36807  -0.202900
36808  -0.203200
36809  -0.202900
36810  -0.202600
36811  -0.202500
36812  -0.202000
36813  -0.201500
36814  -0.201400
36815  -0.201100
36816  -0.200600
36817  -0.199700
36818  -0.200200
36819  -0.200000
36820  -0.200000
36821  -0.200600
36822  -0.201500
36823  -0.201600
36824  -0.201200
36825  -0.201800
36826  -0.202800
36827  -0.203100
36828  -0.202700
36829  -0.203100
36830  -0.202700
36831  -0.202900
36832  -0.203900
36833  -0.202200
36834  -0.202500
36835  -0.203100
36836  -0.204000
36837  -0.205000
36838  -0.205600
36839  -0.206100
36840  -0.207000
36841  -0.207500
36842  -0.206800
36843  -0.206600
36844  -0.207400
36845  -0.208000
36846  -0.208400
36847  -0.207900
36848  -0.206600
36849  -0.205700
36850  -0.206900
36851  -0.206400
36852  -0.205700
36853  -0.205500
36854  -0.205200
36855  -0.204400
36856  -0.204600
36857  -0.205100
36858  -0.206400
36859  -0.206200
36860  -0.206500
36861  -0.206600
36862  -0.206600
36863  -0.207100
36864  -0.207600
36865  -0.208700
36866  -0.208300
36867  -0.209100
36868  -0.208700
36869  -0.210000
36870  -0.210600
36871  -0.210900
36872  -0.210100
36873  -0.209500
36874  -0.211300
36875  -0.210400
36876  -0.209900
36877  -0.209800
36878  -0.210800
36879  -0.211500
36880  -0.211200
36881  -0.211000
36882  -0.210300
36883  -0.210000
36884  -0.209300
36885  -0.209800
36886  -0.210300
36887  -0.209700
36888  -0.210200
36889  -0.210400
36890  -0.208800
36891  -0.208700
36892  -0.208600
36893  -0.208700
36894  -0.209600
36895  -0.209500
36896  -0.210700
36897  -0.211600
36898  -0.211200
36899  -0.211300
36900  -0.211200
36901  -0.210700
36902  -0.210700
36903  -0.210000
36904  -0.210100
36905  -0.209300
36906  -0.208600
36907  -0.208400
36908  -0.208700
36909  -0.209100
36910  -0.209400
36911  -0.209800
36912  -0.209700
36913  -0.209000
36914  -0.208800
36915  -0.208400
36916  -0.208600
36917  -0.207900
36918  -0.208400
36919  -0.208100
36920  -0.209300
36921  -0.209700
36922  -0.209800
36923  -0.210200
36924  -0.210600
36925  -0.209900
36926  -0.211800
36927  -0.212300
36928  -0.211700
36929  -0.211400
36930  -0.212400
36931  -0.212700
36932  -0.212200
36933  -0.212900
36934  -0.213000
36935  -0.212600
36936  -0.212700
36937  -0.212200
36938  -0.212200
36939  -0.212700
36940  -0.213400
36941  -0.212900
36942  -0.213300
36943  -0.213300
36944  -0.212500
36945  -0.212200
36946  -0.211200
36947  -0.210100
36948  -0.209900
36949  -0.210900
36950  -0.210500
36951  -0.210700
36952  -0.210300
36953  -0.211100
36954  -0.211200
36955  -0.209900
36956  -0.209000
36957  -0.207800
36958  -0.207500
36959  -0.206500
36960  -0.206400
36961  -0.207000
36962  -0.207300
36963  -0.206900
36964  -0.207700
36965  -0.207200
36966  -0.207600
36967  -0.206700
36968  -0.205300
36969  -0.206000
36970  -0.205300
36971  -0.205500
36972  -0.205600
36973  -0.205100
36974  -0.205500
36975  -0.205800
36976  -0.206100
36977  -0.205800
36978  -0.205700
36979  -0.204500
36980  -0.204300
36981  -0.204400
36982  -0.204600
36983  -0.203800
36984  -0.204200
36985  -0.204300
36986  -0.203500
36987  -0.204700
36988  -0.205100
36989  -0.205200
36990  -0.204900
36991  -0.205500
36992  -0.205700
36993  -0.205700
36994  -0.205500
36995  -0.205500
36996  -0.206000
36997  -0.205500
36998  -0.204700
36999  -0.204300
37000  -0.204000
37001  -0.204100
37002  -0.204500
37003  -0.204600
37004  -0.204200
37005  -0.203300
37006  -0.203800
37007  -0.203900
37008  -0.203000
37009  -0.202800
37010  -0.203000
37011  -0.201900
37012  -0.199800
37013  -0.200900
37014  -0.201000
37015  -0.201300
37016  -0.200400
37017  -0.200800
37018  -0.200200
37019  -0.199700
37020  -0.200600
37021  -0.200900
37022  -0.200800
37023  -0.200700
37024  -0.200900
37025  -0.201300
37026  -0.201000
37027  -0.201500
37028  -0.201100
37029  -0.201900
37030  -0.202300
37031  -0.201800
37032  -0.201700
37033  -0.203100
37034  -0.202600
37035  -0.202600
37036  -0.202400
37037  -0.202300
37038  -0.202000
37039  -0.201400
37040  -0.202800
37041  -0.203100
37042  -0.203400
37043  -0.202600
37044  -0.202200
37045  -0.201400
37046  -0.201000
37047  -0.201600
37048  -0.201800
37049  -0.201200
37050  -0.201000
37051  -0.201000
37052  -0.201500
37053  -0.200900
37054  -0.201500
37055  -0.202100
37056  -0.202700
37057  -0.202100
37058  -0.201800
37059  -0.202000
37060  -0.202700
37061  -0.202600
37062  -0.202700
37063  -0.203800
37064  -0.204800
37065  -0.204700
37066  -0.204900
37067  -0.204700
37068  -0.205400
37069  -0.205000
37070  -0.204600
37071  -0.204300
37072  -0.203800
37073  -0.203300
37074  -0.203200
37075  -0.203300
37076  -0.202700
37077  -0.202800
37078  -0.202600
37079  -0.202500
37080  -0.202600
37081  -0.202000
37082  -0.202700
37083  -0.202300
37084  -0.201500
37085  -0.202000
37086  -0.202100
37087  -0.202400
37088  -0.202700
37089  -0.203400
37090  -0.202700
37091  -0.203600
37092  -0.202800
37093  -0.203300
37094  -0.203300
37095  -0.202800
37096  -0.202500
37097  -0.202700
37098  -0.202600
37099  -0.203200
37100  -0.202800
37101  -0.202200
37102  -0.202200
37103  -0.202500
37104  -0.203100
37105  -0.202200
37106  -0.202800
37107  -0.203000
37108  -0.203400
37109  -0.203200
37110  -0.202500
37111  -0.202500
37112  -0.202700
37113  -0.203100
37114  -0.204100
37115  -0.205400
37116  -0.205500
37117  -0.205400
37118  -0.205100
37119  -0.204400
37120  -0.204500
37121  -0.204800
37122  -0.205600
37123  -0.205100
37124  -0.205300
37125  -0.205700
37126  -0.205000
37127  -0.205300
37128  -0.204400
37129  -0.204900
37130  -0.204800
37131  -0.204300
37132  -0.203900
37133  -0.204800
37134  -0.203700
37135  -0.202800
37136  -0.202100
37137  -0.202200
37138  -0.202500
37139  -0.202600
37140  -0.203100
37141  -0.203600
37142  -0.204600
37143  -0.204800
37144  -0.205700
37145  -0.205800
37146  -0.206600
37147  -0.206400
37148  -0.206000
37149  -0.205900
37150  -0.205400
37151  -0.205100
37152  -0.205000
37153  -0.204900
37154  -0.206400
37155  -0.205500
37156  -0.206700
37157  -0.207100
37158  -0.207000
37159  -0.207800
37160  -0.206700
37161  -0.206600
37162  -0.207600
37163  -0.207400
37164  -0.206500
37165  -0.206200
37166  -0.206000
37167  -0.206700
37168  -0.206800
37169  -0.207300
37170  -0.206900
37171  -0.206200
37172  -0.205500
37173  -0.205900
37174  -0.206700
37175  -0.206100
37176  -0.204600
37177  -0.205000
37178  -0.205400
37179  -0.205100
37180  -0.205400
37181  -0.205300
37182  -0.205700
37183  -0.205800
37184  -0.206400
37185  -0.206900
37186  -0.206600
37187  -0.205800
37188  -0.205500
37189  -0.206200
37190  -0.207200
37191  -0.207600
37192  -0.208100
37193  -0.207800
37194  -0.207700
37195  -0.207400
37196  -0.207100
37197  -0.207300
37198  -0.207600
37199  -0.207500
37200  -0.206200
37201  -0.208200
37202  -0.207800
37203  -0.207700
37204  -0.207500
37205  -0.208200
37206  -0.207700
37207  -0.207100
37208  -0.207000
37209  -0.208200
37210  -0.208300
37211  -0.208100
37212  -0.208200
37213  -0.207900
37214  -0.208000
37215  -0.206400
37216  -0.206500
37217  -0.206900
37218  -0.206900
37219  -0.206600
37220  -0.207400
37221  -0.207300
37222  -0.207400
37223  -0.207000
37224  -0.207800
37225  -0.207700
37226  -0.207900
37227  -0.208000
37228  -0.208600
37229  -0.209100
37230  -0.208800
37231  -0.208200
37232  -0.209200
37233  -0.208700
37234  -0.208700
37235  -0.208700
37236  -0.208800
37237  -0.208900
37238  -0.208100
37239  -0.208700
37240  -0.208700
37241  -0.208700
37242  -0.208600
37243  -0.208500
37244  -0.209900
37245  -0.209400
37246  -0.208400
37247  -0.208000
37248  -0.208100
37249  -0.208200
37250  -0.207800
37251  -0.207000
37252  -0.206500
37253  -0.206600
37254  -0.207000
37255  -0.206100
37256  -0.205800
37257  -0.206500
37258  -0.205900
37259  -0.205900
37260  -0.206100
37261  -0.205600
37262  -0.205300
37263  -0.205500
37264  -0.206300
37265  -0.206400
37266  -0.206800
37267  -0.206600
37268  -0.205900
37269  -0.206300
37270  -0.206300
37271  -0.207000
37272  -0.206500
37273  -0.206300
37274  -0.207100
37275  -0.207700
37276  -0.207800
37277  -0.207800
37278  -0.207700
37279  -0.207500
37280  -0.207800
37281  -0.207800
37282  -0.208600
37283  -0.207800
37284  -0.207300
37285  -0.207100
37286  -0.208000
37287  -0.208400
37288  -0.207200
37289  -0.205900
37290  -0.206200
37291  -0.205600
37292  -0.204500
37293  -0.204700
37294  -0.204700
37295  -0.205300
37296  -0.205800
37297  -0.206300
37298  -0.207100
37299  -0.206900
37300  -0.208200
37301  -0.207000
37302  -0.206600
37303  -0.206600
37304  -0.206900
37305  -0.207400
37306  -0.208100
37307  -0.207400
37308  -0.207000
37309  -0.206600
37310  -0.205800
37311  -0.205900
37312  -0.205900
37313  -0.204900
37314  -0.204900
37315  -0.206100
37316  -0.205100
37317  -0.204900
37318  -0.204000
37319  -0.204100
37320  -0.204400
37321  -0.205300
37322  -0.205800
37323  -0.206100
37324  -0.206500
37325  -0.206700
37326  -0.207100
37327  -0.207500
37328  -0.207500
37329  -0.207500
37330  -0.207500
37331  -0.206400
37332  -0.207100
37333  -0.206700
37334  -0.206800
37335  -0.206400
37336  -0.206700
37337  -0.207200
37338  -0.207400
37339  -0.207200
37340  -0.206200
37341  -0.206400
37342  -0.206700
37343  -0.207600
37344  -0.207400
37345  -0.206700
37346  -0.207700
37347  -0.209100
37348  -0.207700
37349  -0.206600
37350  -0.207200
37351  -0.206100
37352  -0.206100
37353  -0.206500
37354  -0.207300
37355  -0.207400
37356  -0.207700
37357  -0.207200
37358  -0.207800
37359  -0.207400
37360  -0.207900
37361  -0.208200
37362  -0.208300
37363  -0.208200
37364  -0.207800
37365  -0.207900
37366  -0.208600
37367  -0.209100
37368  -0.208900
37369  -0.208600
37370  -0.208900
37371  -0.209700
37372  -0.209100
37373  -0.209500
37374  -0.210200
37375  -0.211100
37376  -0.210400
37377  -0.210800
37378  -0.210600
37379  -0.210600
37380  -0.209900
37381  -0.210500
37382  -0.210200
37383  -0.210300
37384  -0.210400
37385  -0.210600
37386  -0.210600
37387  -0.211200
37388  -0.211200
37389  -0.210900
37390  -0.210600
37391  -0.210600
37392  -0.210600
37393  -0.211200
37394  -0.211100
37395  -0.211100
37396  -0.212100
37397  -0.212900
37398  -0.213000
37399  -0.212900
37400  -0.212800
37401  -0.213000
37402  -0.212100
37403  -0.211500
37404  -0.211200
37405  -0.211900
37406  -0.211700
37407  -0.212000
37408  -0.211700
37409  -0.212200
37410  -0.211900
37411  -0.211500
37412  -0.211100
37413  -0.211200
37414  -0.210600
37415  -0.210300
37416  -0.210900
37417  -0.209900
37418  -0.209900
37419  -0.209800
37420  -0.208900
37421  -0.208000
37422  -0.208200
37423  -0.209200
37424  -0.209900
37425  -0.210700
37426  -0.210200
37427  -0.209800
37428  -0.209700
37429  -0.210200
37430  -0.210000
37431  -0.209500
37432  -0.209700
37433  -0.208200
37434  -0.208200
37435  -0.208600
37436  -0.209300
37437  -0.209400
37438  -0.209700
37439  -0.210400
37440  -0.210800
37441  -0.211200
37442  -0.210700
37443  -0.211600
37444  -0.212000
37445  -0.211200
37446  -0.211100
37447  -0.211800
37448  -0.211200
37449  -0.211700
37450  -0.211000
37451  -0.209300
37452  -0.209800
37453  -0.209100
37454  -0.208900
37455  -0.207700
37456  -0.207700
37457  -0.206500
37458  -0.207200
37459  -0.207100
37460  -0.206800
37461  -0.207300
37462  -0.206800
37463  -0.206800
37464  -0.206600
37465  -0.206100
37466  -0.205500
37467  -0.206000
37468  -0.206300
37469  -0.207400
37470  -0.207000
37471  -0.207000
37472  -0.206500
37473  -0.206900
37474  -0.206000
37475  -0.206300
37476  -0.207100
37477  -0.206000
37478  -0.206500
37479  -0.207100
37480  -0.206700
37481  -0.206600
37482  -0.207400
37483  -0.208300
37484  -0.208300
37485  -0.207200
37486  -0.207000
37487  -0.206400
37488  -0.207600
37489  -0.208600
37490  -0.210100
37491  -0.209500
37492  -0.209300
37493  -0.209500
37494  -0.208600
37495  -0.208400
37496  -0.209500
37497  -0.208700
37498  -0.208600
37499  -0.208000
37500  -0.208200
37501  -0.208600
37502  -0.208500
37503  -0.208600
37504  -0.209500
37505  -0.208600
37506  -0.209000
37507  -0.209400
37508  -0.209600
37509  -0.209300
37510  -0.209200
37511  -0.210100
37512  -0.210100
37513  -0.211100
37514  -0.210300
37515  -0.210600
37516  -0.210400
37517  -0.211100
37518  -0.210900
37519  -0.210700
37520  -0.211300
37521  -0.211100
37522  -0.211200
37523  -0.212600
37524  -0.212500
37525  -0.212100
37526  -0.212800
37527  -0.212500
37528  -0.212200
37529  -0.211800
37530  -0.212900
37531  -0.212900
37532  -0.212800
37533  -0.214500
37534  -0.213200
37535  -0.213400
37536  -0.213200
37537  -0.213900
37538  -0.213100
37539  -0.212900
37540  -0.212800
37541  -0.212000
37542  -0.211300
37543  -0.210400
37544  -0.208900
37545  -0.209800
37546  -0.210400
37547  -0.210400
37548  -0.210000
37549  -0.210400
37550  -0.210800
37551  -0.211300
37552  -0.211800
37553  -0.211500
37554  -0.212200
37555  -0.213400
37556  -0.212600
37557  -0.212200
37558  -0.212100
37559  -0.211900
37560  -0.212300
37561  -0.212500
37562  -0.211900
37563  -0.212300
37564  -0.212600
37565  -0.212900
37566  -0.212900
37567  -0.213800
37568  -0.213700
37569  -0.213400
37570  -0.213300
37571  -0.213600
37572  -0.213700
37573  -0.213400
37574  -0.214300
37575  -0.214600
37576  -0.215300
37577  -0.215900
37578  -0.214900
37579  -0.214700
37580  -0.214800
37581  -0.215200
37582  -0.215400
37583  -0.215500
37584  -0.215000
37585  -0.216400
37586  -0.217300
37587  -0.217300
37588  -0.217300
37589  -0.217300
37590  -0.217600
37591  -0.218300
37592  -0.217400
37593  -0.217000
37594  -0.217900
37595  -0.218600
37596  -0.219300
37597  -0.220400
37598  -0.221200
37599  -0.220700
37600  -0.221400
37601  -0.220900
37602  -0.221200
37603  -0.221300
37604  -0.222500
37605  -0.221400
37606  -0.222500
37607  -0.220900
37608  -0.220700
37609  -0.219900
37610  -0.220700
37611  -0.221000
37612  -0.220600
37613  -0.220300
37614  -0.221800
37615  -0.221200
37616  -0.221200
37617  -0.221500
37618  -0.221600
37619  -0.222100
37620  -0.221400
37621  -0.222200
37622  -0.221800
37623  -0.221200
37624  -0.221200
37625  -0.221400
37626  -0.221200
37627  -0.220200
37628  -0.220500
37629  -0.220500
37630  -0.220800
37631  -0.219900
37632  -0.220800
37633  -0.221300
37634  -0.220900
37635  -0.221500
37636  -0.221400
37637  -0.221700
37638  -0.221700
37639  -0.222400
37640  -0.222300
37641  -0.223100
37642  -0.223600
37643  -0.223600
37644  -0.224700
37645  -0.224700
37646  -0.226200
37647  -0.226100
37648  -0.226000
37649  -0.227300
37650  -0.226100
37651  -0.227700
37652  -0.227400
37653  -0.227400
37654  -0.227000
37655  -0.228000
37656  -0.227600
37657  -0.227900
37658  -0.228400
37659  -0.228900
37660  -0.229000
37661  -0.230000
37662  -0.230000
37663  -0.230500
37664  -0.230300
37665  -0.229600
37666  -0.229900
37667  -0.230900
37668  -0.230900
37669  -0.230100
37670  -0.230200
37671  -0.229200
37672  -0.228600
37673  -0.228400
37674  -0.229300
37675  -0.228800
37676  -0.228800
37677  -0.228800
37678  -0.229100
37679  -0.230400
37680  -0.230900
37681  -0.230800
37682  -0.230700
37683  -0.230200
37684  -0.230800
37685  -0.231100
37686  -0.232100
37687  -0.232100
37688  -0.232700
37689  -0.233700
37690  -0.233700
37691  -0.234700
37692  -0.234900
37693  -0.234200
37694  -0.233400
37695  -0.233900
37696  -0.233800
37697  -0.233800
37698  -0.233800
37699  -0.234300
37700  -0.233400
37701  -0.234000
37702  -0.233700
37703  -0.234600
37704  -0.234900
37705  -0.234900
37706  -0.235000
37707  -0.234600
37708  -0.234000
37709  -0.233800
37710  -0.234800
37711  -0.234800
37712  -0.234600
37713  -0.235600
37714  -0.234600
37715  -0.234500
37716  -0.234500
37717  -0.234400
37718  -0.235600
37719  -0.234700
37720  -0.235200
37721  -0.236000
37722  -0.236100
37723  -0.236100
37724  -0.236800
37725  -0.237300
37726  -0.237200
37727  -0.237200
37728  -0.237000
37729  -0.237300
37730  -0.237500
37731  -0.237400
37732  -0.236700
37733  -0.236700
37734  -0.236100
37735  -0.235400
37736  -0.235500
37737  -0.235100
37738  -0.235500
37739  -0.236200
37740  -0.236500
37741  -0.237300
37742  -0.237900
37743  -0.237000
37744  -0.237500
37745  -0.238000
37746  -0.238400
37747  -0.238300
37748  -0.238100
37749  -0.238100
37750  -0.237700
37751  -0.237100
37752  -0.237800
37753  -0.238000
37754  -0.237400
37755  -0.237200
37756  -0.235900
37757  -0.235700
37758  -0.236000
37759  -0.236000
37760  -0.236400
37761  -0.236700
37762  -0.236800
37763  -0.236900
37764  -0.236200
37765  -0.236400
37766  -0.236200
37767  -0.237500
37768  -0.237000
37769  -0.237400
37770  -0.236900
37771  -0.236300
37772  -0.236600
37773  -0.236500
37774  -0.236400
37775  -0.236300
37776  -0.235200
37777  -0.235200
37778  -0.236000
37779  -0.236100
37780  -0.235300
37781  -0.234900
37782  -0.234600
37783  -0.234300
37784  -0.233600
37785  -0.234000
37786  -0.233300
37787  -0.232600
37788  -0.232100
37789  -0.232300
37790  -0.232200
37791  -0.232300
37792  -0.232000
37793  -0.232500
37794  -0.232400
37795  -0.232600
37796  -0.232500
37797  -0.231800
37798  -0.231000
37799  -0.230900
37800  -0.231300
37801  -0.230800
37802  -0.231000
37803  -0.231300
37804  -0.231700
37805  -0.232300
37806  -0.232200
37807  -0.232600
37808  -0.231900
37809  -0.232100
37810  -0.232300
37811  -0.232300
37812  -0.232500
37813  -0.231400
37814  -0.231700
37815  -0.231400
37816  -0.231300
37817  -0.231100
37818  -0.231200
37819  -0.231400
37820  -0.231100
37821  -0.231900
37822  -0.231200
37823  -0.230400
37824  -0.230800
37825  -0.230400
37826  -0.230100
37827  -0.231500
37828  -0.231600
37829  -0.230600
37830  -0.230900
37831  -0.229300
37832  -0.229700
37833  -0.230400
37834  -0.231100
37835  -0.231700
37836  -0.231000
37837  -0.230500
37838  -0.230200
37839  -0.229600
37840  -0.229800
37841  -0.229400
37842  -0.229800
37843  -0.228700
37844  -0.228600
37845  -0.227800
37846  -0.228100
37847  -0.228500
37848  -0.227900
37849  -0.227800
37850  -0.228100
37851  -0.227200
37852  -0.227500
37853  -0.227300
37854  -0.227300
37855  -0.227800
37856  -0.226600
37857  -0.225900
37858  -0.226000
37859  -0.225100
37860  -0.225400
37861  -0.226000
37862  -0.224700
37863  -0.224400
37864  -0.225500
37865  -0.225000
37866  -0.224200
37867  -0.223100
37868  -0.222300
37869  -0.222500
37870  -0.222000
37871  -0.223100
37872  -0.223800
37873  -0.223300
37874  -0.223500
37875  -0.223200
37876  -0.222500
37877  -0.222600
37878  -0.223200
37879  -0.222800
37880  -0.223300
37881  -0.222900
37882  -0.222300
37883  -0.222500
37884  -0.222700
37885  -0.221100
37886  -0.220300
37887  -0.220100
37888  -0.220400
37889  -0.220600
37890  -0.221000
37891  -0.221200
37892  -0.221300
37893  -0.220800
37894  -0.220100
37895  -0.219500
37896  -0.219400
37897  -0.219600
37898  -0.220300
37899  -0.220500
37900  -0.220700
37901  -0.220200
37902  -0.220100
37903  -0.220400
37904  -0.220700
37905  -0.219700
37906  -0.219900
37907  -0.219900
37908  -0.220000
37909  -0.220500
37910  -0.220500
37911  -0.220800
37912  -0.220800
37913  -0.220600
37914  -0.221400
37915  -0.222100
37916  -0.222100
37917  -0.222100
37918  -0.222100
37919  -0.222000
37920  -0.223800
37921  -0.224900
37922  -0.224400
37923  -0.224100
37924  -0.223300
37925  -0.223400
37926  -0.222800
37927  -0.222700
37928  -0.222600
37929  -0.224200
37930  -0.224200
37931  -0.224300
37932  -0.224000
37933  -0.224000
37934  -0.224200
37935  -0.224000
37936  -0.223800
37937  -0.223900
37938  -0.223500
37939  -0.222700
37940  -0.222500
37941  -0.223300
37942  -0.223600
37943  -0.223000
37944  -0.222400
37945  -0.222200
37946  -0.221800
37947  -0.223100
37948  -0.223600
37949  -0.223100
37950  -0.223300
37951  -0.223500
37952  -0.222100
37953  -0.221400
37954  -0.222800
37955  -0.222200
37956  -0.222400
37957  -0.222500
37958  -0.222200
37959  -0.222200
37960  -0.221900
37961  -0.221800
37962  -0.222300
37963  -0.222500
37964  -0.222400
37965  -0.223000
37966  -0.223400
37967  -0.223800
37968  -0.223400
37969  -0.222500
37970  -0.222700
37971  -0.222500
37972  -0.222900
37973  -0.221800
37974  -0.221100
37975  -0.221300
37976  -0.221000
37977  -0.221700
37978  -0.221100
37979  -0.221100
37980  -0.221300
37981  -0.221100
37982  -0.221700
37983  -0.221500
37984  -0.221100
37985  -0.221700
37986  -0.222100
37987  -0.222900
37988  -0.223300
37989  -0.223000
37990  -0.223300
37991  -0.222700
37992  -0.222200
37993  -0.222200
37994  -0.221700
37995  -0.222200
37996  -0.222500
37997  -0.222600
37998  -0.223100
37999  -0.222900
38000  -0.222900
38001  -0.223100
38002  -0.223200
38003  -0.222600
38004  -0.222900
38005  -0.224200
38006  -0.223800
38007  -0.223800
38008  -0.223600
38009  -0.223700
38010  -0.223500
38011  -0.223900
38012  -0.224300
38013  -0.224600
38014  -0.223300
38015  -0.223100
38016  -0.222900
38017  -0.223700
38018  -0.224000
38019  -0.222800
38020  -0.223200
38021  -0.224600
38022  -0.223700
38023  -0.223500
38024  -0.223600
38025  -0.223500
38026  -0.223000
38027  -0.222800
38028  -0.223100
38029  -0.223400
38030  -0.223100
38031  -0.224500
38032  -0.224900
38033  -0.226000
38034  -0.226700
38035  -0.227000
38036  -0.226600
38037  -0.226600
38038  -0.227000
38039  -0.226700
38040  -0.226800
38041  -0.226500
38042  -0.225600
38043  -0.226200
38044  -0.225300
38045  -0.226000
38046  -0.224700
38047  -0.224100
38048  -0.224100
38049  -0.224700
38050  -0.227100
38051  -0.227400
38052  -0.228400
38053  -0.228900
38054  -0.228700
38055  -0.228700
38056  -0.227600
38057  -0.227200
38058  -0.227800
38059  -0.228000
38060  -0.227700
38061  -0.227100
38062  -0.227700
38063  -0.228400
38064  -0.228600
38065  -0.228900
38066  -0.228800
38067  -0.229600
38068  -0.230200
38069  -0.230000
38070  -0.230800
38071  -0.230800
38072  -0.231500
38073  -0.232600
38074  -0.233200
38075  -0.233600
38076  -0.234100
38077  -0.234900
38078  -0.235300
38079  -0.234600
38080  -0.233500
38081  -0.234000
38082  -0.234000
38083  -0.234200
38084  -0.234200
38085  -0.234200
38086  -0.234700
38087  -0.234100
38088  -0.233800
38089  -0.233900
38090  -0.234200
38091  -0.233600
38092  -0.233800
38093  -0.233400
38094  -0.233200
38095  -0.233700
38096  -0.234400
38097  -0.234100
38098  -0.234100
38099  -0.233900
38100  -0.234700
38101  -0.234500
38102  -0.234000
38103  -0.234700
38104  -0.235200
38105  -0.234500
38106  -0.234600
38107  -0.234700
38108  -0.234900
38109  -0.234000
38110  -0.234300
38111  -0.234500
38112  -0.234300
38113  -0.234000
38114  -0.233300
38115  -0.233500
38116  -0.233300
38117  -0.233300
38118  -0.233900
38119  -0.233400
38120  -0.233800
38121  -0.233500
38122  -0.233200
38123  -0.234000
38124  -0.234000
38125  -0.234100
38126  -0.235000
38127  -0.235400
38128  -0.235500
38129  -0.235300
38130  -0.235000
38131  -0.235600
38132  -0.236100
38133  -0.236200
38134  -0.235600
38135  -0.235500
38136  -0.235500
38137  -0.235200
38138  -0.235300
38139  -0.236000
38140  -0.237300
38141  -0.237800
38142  -0.238100
38143  -0.237600
38144  -0.237700
38145  -0.236700
38146  -0.236600
38147  -0.235900
38148  -0.235500
38149  -0.236200
38150  -0.236200
38151  -0.235900
38152  -0.235700
38153  -0.236100
38154  -0.235200
38155  -0.234800
38156  -0.235500
38157  -0.235700
38158  -0.235800
38159  -0.236300
38160  -0.236600
38161  -0.237300
38162  -0.238100
38163  -0.238000
38164  -0.237900
38165  -0.237800
38166  -0.237000
38167  -0.237100
38168  -0.237400
38169  -0.237200
38170  -0.238000
38171  -0.238200
38172  -0.238400
38173  -0.238800
38174  -0.237800
38175  -0.237800
38176  -0.237600
38177  -0.238500
38178  -0.238100
38179  -0.238200
38180  -0.238100
38181  -0.237600
38182  -0.238000
38183  -0.239000
38184  -0.238300
38185  -0.238400
38186  -0.238200
38187  -0.238200
38188  -0.238200
38189  -0.238100
38190  -0.237600
38191  -0.236900
38192  -0.236100
38193  -0.235800
38194  -0.234100
38195  -0.233900
38196  -0.233500
38197  -0.232900
38198  -0.233400
38199  -0.232800
38200  -0.232200
38201  -0.233300
38202  -0.233300
38203  -0.233700
38204  -0.234100
38205  -0.233700
38206  -0.233400
38207  -0.233000
38208  -0.233900
38209  -0.234200
38210  -0.234200
38211  -0.234000
38212  -0.233800
38213  -0.233500
38214  -0.233500
38215  -0.233500
38216  -0.234700
38217  -0.235400
38218  -0.235000
38219  -0.235600
38220  -0.236000
38221  -0.235400
38222  -0.235000
38223  -0.236800
38224  -0.236400
38225  -0.236700
38226  -0.236300
38227  -0.237100
38228  -0.236600
38229  -0.237200
38230  -0.236800
38231  -0.237400
38232  -0.237800
38233  -0.237800
38234  -0.237100
38235  -0.237500
38236  -0.237900
38237  -0.238000
38238  -0.238100
38239  -0.237100
38240  -0.237000
38241  -0.238800
38242  -0.238700
38243  -0.239300
38244  -0.239500
38245  -0.238500
38246  -0.238500
38247  -0.237700
38248  -0.238200
38249  -0.240000
38250  -0.240300
38251  -0.241200
38252  -0.240600
38253  -0.240000
38254  -0.239700
38255  -0.238900
38256  -0.238200
38257  -0.237800
38258  -0.237200
38259  -0.236900
38260  -0.236500
38261  -0.235800
38262  -0.235600
38263  -0.236600
38264  -0.236000
38265  -0.235700
38266  -0.235100
38267  -0.234600
38268  -0.234500
38269  -0.234500
38270  -0.234300
38271  -0.234700
38272  -0.234800
38273  -0.235200
38274  -0.234800
38275  -0.234700
38276  -0.235000
38277  -0.234700
38278  -0.235600
38279  -0.235900
38280  -0.236000
38281  -0.237400
38282  -0.237800
38283  -0.237900
38284  -0.237600
38285  -0.237300
38286  -0.237000
38287  -0.237500
38288  -0.237400
38289  -0.237200
38290  -0.236800
38291  -0.236500
38292  -0.237000
38293  -0.237800
38294  -0.238700
38295  -0.238600
38296  -0.238400
38297  -0.238600
38298  -0.239300
38299  -0.240400
38300  -0.241000
38301  -0.240500
38302  -0.241400
38303  -0.240700
38304  -0.239500
38305  -0.240000
38306  -0.239700
38307  -0.238400
38308  -0.238000
38309  -0.238200
38310  -0.238100
38311  -0.236800
38312  -0.235700
38313  -0.234900
38314  -0.233700
38315  -0.234200
38316  -0.233700
38317  -0.233700
38318  -0.233600
38319  -0.233100
38320  -0.232900
38321  -0.232200
38322  -0.231800
38323  -0.231800
38324  -0.233100
38325  -0.232800
38326  -0.233700
38327  -0.233400
38328  -0.233000
38329  -0.232800
38330  -0.233000
38331  -0.232900
38332  -0.232800
38333  -0.232300
38334  -0.232100
38335  -0.232500
38336  -0.232600
38337  -0.232700
38338  -0.232100
38339  -0.231700
38340  -0.231300
38341  -0.230300
38342  -0.230800
38343  -0.230600
38344  -0.231100
38345  -0.231100
38346  -0.231900
38347  -0.233000
38348  -0.232600
38349  -0.232100
38350  -0.233000
38351  -0.233300
38352  -0.233100
38353  -0.233100
38354  -0.233500
38355  -0.233000
38356  -0.233600
38357  -0.234600
38358  -0.234400
38359  -0.234500
38360  -0.234500
38361  -0.233700
38362  -0.234200
38363  -0.234100
38364  -0.234600
38365  -0.235300
38366  -0.234800
38367  -0.234700
38368  -0.235000
38369  -0.234700
38370  -0.234500
38371  -0.234400
38372  -0.235000
38373  -0.235800
38374  -0.235300
38375  -0.235000
38376  -0.235300
38377  -0.235600
38378  -0.235300
38379  -0.236300
38380  -0.236500
38381  -0.236700
38382  -0.236700
38383  -0.236600
38384  -0.236200
38385  -0.236900
38386  -0.236300
38387  -0.235900
38388  -0.235700
38389  -0.235600
38390  -0.235400
38391  -0.234800
38392  -0.235800
38393  -0.235900
38394  -0.236200
38395  -0.236200
38396  -0.236800
38397  -0.236900
38398  -0.236700
38399  -0.236500
38400  -0.236700
38401  -0.237000
38402  -0.236400
38403  -0.236500
38404  -0.236600
38405  -0.236900
38406  -0.236000
38407  -0.235100
38408  -0.235900
38409  -0.237500
38410  -0.237000
38411  -0.237200
38412  -0.237700
38413  -0.238200
38414  -0.238100
38415  -0.236600
38416  -0.236600
38417  -0.236500
38418  -0.235900
38419  -0.235200
38420  -0.235600
38421  -0.236100
38422  -0.235400
38423  -0.235100
38424  -0.236400
38425  -0.236400
38426  -0.235600
38427  -0.235500
38428  -0.235000
38429  -0.234900
38430  -0.235400
38431  -0.234200
38432  -0.233500
38433  -0.233300
38434  -0.234500
38435  -0.234500
38436  -0.235100
38437  -0.235600
38438  -0.236400
38439  -0.236400
38440  -0.236800
38441  -0.236700
38442  -0.237100
38443  -0.237200
38444  -0.236600
38445  -0.236000
38446  -0.235400
38447  -0.236400
38448  -0.236400
38449  -0.236200
38450  -0.236300
38451  -0.236400
38452  -0.236300
38453  -0.236700
38454  -0.235900
38455  -0.235600
38456  -0.234500
38457  -0.235000
38458  -0.235200
38459  -0.234800
38460  -0.234100
38461  -0.234200
38462  -0.233700
38463  -0.234200
38464  -0.233500
38465  -0.234100
38466  -0.234100
38467  -0.232800
38468  -0.232100
38469  -0.231600
38470  -0.232300
38471  -0.231900
38472  -0.233300
38473  -0.232100
38474  -0.232000
38475  -0.232000
38476  -0.232600
38477  -0.233500
38478  -0.233100
38479  -0.232900
38480  -0.232700
38481  -0.232100
38482  -0.231900
38483  -0.231100
38484  -0.231800
38485  -0.232600
38486  -0.231700
38487  -0.231200
38488  -0.231300
38489  -0.231500
38490  -0.231900
38491  -0.232200
38492  -0.232600
38493  -0.233800
38494  -0.234000
38495  -0.233800
38496  -0.233600
38497  -0.232300
38498  -0.231400
38499  -0.230700
38500  -0.230300
38501  -0.230400
38502  -0.230700
38503  -0.230900
38504  -0.230400
38505  -0.231300
38506  -0.231500
38507  -0.231200
38508  -0.232400
38509  -0.233000
38510  -0.231900
38511  -0.231600
38512  -0.231000
38513  -0.231800
38514  -0.232900
38515  -0.232500
38516  -0.232000
38517  -0.232700
38518  -0.232700
38519  -0.233400
38520  -0.233200
38521  -0.232900
38522  -0.233500
38523  -0.232900
38524  -0.233200
38525  -0.234300
38526  -0.235200
38527  -0.234500
38528  -0.234400
38529  -0.234300
38530  -0.234100
38531  -0.234500
38532  -0.234800
38533  -0.234800
38534  -0.235000
38535  -0.234700
38536  -0.234100
38537  -0.233900
38538  -0.233700
38539  -0.233900
38540  -0.233100
38541  -0.231800
38542  -0.232000
38543  -0.232200
38544  -0.231800
38545  -0.231800
38546  -0.232200
38547  -0.233500
38548  -0.233300
38549  -0.233600
38550  -0.233200
38551  -0.232900
38552  -0.233400
38553  -0.233900
38554  -0.233700
38555  -0.233800
38556  -0.234200
38557  -0.234100
38558  -0.234000
38559  -0.234200
38560  -0.234300
38561  -0.233900
38562  -0.233600
38563  -0.232700
38564  -0.232600
38565  -0.232500
38566  -0.232300
38567  -0.233500
38568  -0.233200
38569  -0.233600
38570  -0.233400
38571  -0.234400
38572  -0.233900
38573  -0.235000
38574  -0.234600
38575  -0.234600
38576  -0.234500
38577  -0.234500
38578  -0.234900
38579  -0.234800
38580  -0.235000
38581  -0.234800
38582  -0.234700
38583  -0.235600
38584  -0.236000
38585  -0.236100
38586  -0.236200
38587  -0.236000
38588  -0.236800
38589  -0.236600
38590  -0.235000
38591  -0.234500
38592  -0.234300
38593  -0.234900
38594  -0.234700
38595  -0.233700
38596  -0.233800
38597  -0.233300
38598  -0.233300
38599  -0.233500
38600  -0.234100
38601  -0.234700
38602  -0.235200
38603  -0.235200
38604  -0.233900
38605  -0.234600
38606  -0.234600
38607  -0.233900
38608  -0.234200
38609  -0.233700
38610  -0.233500
38611  -0.233800
38612  -0.234600
38613  -0.235200
38614  -0.234900
38615  -0.234500
38616  -0.234400
38617  -0.234600
38618  -0.234900
38619  -0.235100
38620  -0.234700
38621  -0.234900
38622  -0.235300
38623  -0.235800
38624  -0.236700
38625  -0.237600
38626  -0.238400
38627  -0.238000
38628  -0.237100
38629  -0.236400
38630  -0.236300
38631  -0.236400
38632  -0.236200
38633  -0.235500
38634  -0.235000
38635  -0.235500
38636  -0.236200
38637  -0.236600
38638  -0.237600
38639  -0.237200
38640  -0.237600
38641  -0.237300
38642  -0.236800
38643  -0.237700
38644  -0.237400
38645  -0.238100
38646  -0.238800
38647  -0.239100
38648  -0.239500
38649  -0.240100
38650  -0.238900
38651  -0.238400
38652  -0.238400
38653  -0.238100
38654  -0.238100
38655  -0.238900
38656  -0.239000
38657  -0.239800
38658  -0.240500
38659  -0.241000
38660  -0.241700
38661  -0.241400
38662  -0.240200
38663  -0.240400
38664  -0.242100
38665  -0.242400
38666  -0.242800
38667  -0.243500
38668  -0.243800
38669  -0.244400
38670  -0.244600
38671  -0.244800
38672  -0.244500
38673  -0.244700
38674  -0.245000
38675  -0.244800
38676  -0.244300
38677  -0.245400
38678  -0.244900
38679  -0.245100
38680  -0.245400
38681  -0.245900
38682  -0.246200
38683  -0.246100
38684  -0.246700
38685  -0.246600
38686  -0.247600
38687  -0.248100
38688  -0.249200
38689  -0.249600
38690  -0.249700
38691  -0.249200
38692  -0.248500
38693  -0.248500
38694  -0.248200
38695  -0.249100
38696  -0.250000
38697  -0.249400
38698  -0.249400
38699  -0.249600
38700  -0.249100
38701  -0.250100
38702  -0.250000
38703  -0.248600
38704  -0.248700
38705  -0.248000
38706  -0.247300
38707  -0.246400
38708  -0.246400
38709  -0.245900
38710  -0.245700
38711  -0.245200
38712  -0.244100
38713  -0.243400
38714  -0.242400
38715  -0.241400
38716  -0.241600
38717  -0.241400
38718  -0.241000
38719  -0.241800
38720  -0.242000
38721  -0.242200
38722  -0.243000
38723  -0.242600
38724  -0.243900
38725  -0.242100
38726  -0.242000
38727  -0.242500
38728  -0.242000
38729  -0.242500
38730  -0.241100
38731  -0.241400
38732  -0.240900
38733  -0.240700
38734  -0.240300
38735  -0.239600
38736  -0.238800
38737  -0.239500
38738  -0.239800
38739  -0.239500
38740  -0.239200
38741  -0.238300
38742  -0.238300
38743  -0.238800
38744  -0.238600
38745  -0.238800
38746  -0.238500
38747  -0.238900
38748  -0.238900
38749  -0.238400
38750  -0.238900
38751  -0.239900
38752  -0.239400
38753  -0.239500
38754  -0.239700
38755  -0.240600
38756  -0.241500
38757  -0.241400
38758  -0.241800
38759  -0.242300
38760  -0.243000
38761  -0.242900
38762  -0.244200
38763  -0.243900
38764  -0.243000
38765  -0.242500
38766  -0.241800
38767  -0.241400
38768  -0.242100
38769  -0.242300
38770  -0.242700
38771  -0.242800
38772  -0.242100
38773  -0.241800
38774  -0.241200
38775  -0.241400
38776  -0.242600
38777  -0.242200
38778  -0.242400
38779  -0.243400
38780  -0.243300
38781  -0.243000
38782  -0.241800
38783  -0.241800
38784  -0.242500
38785  -0.243100
38786  -0.242600
38787  -0.242800
38788  -0.242900
38789  -0.242900
38790  -0.241900
38791  -0.241800
38792  -0.241500
38793  -0.242300
38794  -0.242000
38795  -0.242000
38796  -0.242200
38797  -0.241700
38798  -0.242000
38799  -0.243000
38800  -0.242800
38801  -0.242500
38802  -0.241900
38803  -0.243200
38804  -0.243200
38805  -0.242300
38806  -0.242500
38807  -0.242500
38808  -0.242400
38809  -0.242700
38810  -0.242000
38811  -0.242300
38812  -0.241900
38813  -0.241300
38814  -0.241800
38815  -0.241600
38816  -0.241100
38817  -0.240800
38818  -0.241200
38819  -0.240300
38820  -0.239900
38821  -0.239100
38822  -0.239500
38823  -0.240400
38824  -0.240600
38825  -0.240000
38826  -0.239900
38827  -0.239500
38828  -0.239700
38829  -0.240700
38830  -0.241500
38831  -0.242100
38832  -0.242100
38833  -0.241800
38834  -0.241900
38835  -0.241900
38836  -0.242000
38837  -0.241700
38838  -0.240900
38839  -0.240200
38840  -0.240000
38841  -0.239700
38842  -0.239400
38843  -0.238400
38844  -0.238100
38845  -0.238100
38846  -0.237600
38847  -0.237300
38848  -0.238200
38849  -0.238200
38850  -0.238800
38851  -0.238900
38852  -0.237900
38853  -0.238800
38854  -0.238400
38855  -0.237800
38856  -0.237600
38857  -0.238000
38858  -0.237500
38859  -0.238300
38860  -0.237900
38861  -0.239000
38862  -0.238600
38863  -0.237400
38864  -0.237100
38865  -0.237700
38866  -0.238000
38867  -0.237300
38868  -0.238000
38869  -0.237600
38870  -0.238500
38871  -0.237200
38872  -0.237000
38873  -0.236100
38874  -0.235900
38875  -0.235400
38876  -0.234200
38877  -0.233800
38878  -0.234400
38879  -0.233400
38880  -0.233100
38881  -0.232700
38882  -0.232000
38883  -0.233000
38884  -0.232500
38885  -0.232100
38886  -0.231800
38887  -0.231500
38888  -0.232100
38889  -0.231200
38890  -0.231100
38891  -0.230200
38892  -0.230300
38893  -0.229500
38894  -0.229500
38895  -0.229700
38896  -0.229500
38897  -0.230100
38898  -0.230600
38899  -0.230800
38900  -0.231400
38901  -0.231500
38902  -0.230900
38903  -0.230900
38904  -0.230800
38905  -0.230600
38906  -0.231100
38907  -0.230200
38908  -0.229800
38909  -0.229800
38910  -0.230600
38911  -0.231000
38912  -0.230700
38913  -0.230900
38914  -0.230400
38915  -0.230500
38916  -0.229600
38917  -0.230100
38918  -0.229300
38919  -0.229600
38920  -0.228800
38921  -0.229400
38922  -0.229200
38923  -0.228700
38924  -0.228900
38925  -0.229100
38926  -0.230200
38927  -0.230100
38928  -0.230200
38929  -0.230600
38930  -0.230600
38931  -0.231200
38932  -0.230500
38933  -0.230400
38934  -0.230100
38935  -0.229300
38936  -0.229100
38937  -0.229000
38938  -0.229800
38939  -0.230100
38940  -0.229500
38941  -0.228900
38942  -0.229300
38943  -0.228800
38944  -0.227900
38945  -0.227000
38946  -0.226300
38947  -0.226000
38948  -0.225200
38949  -0.226000
38950  -0.226000
38951  -0.227100
38952  -0.226700
38953  -0.227300
38954  -0.226700
38955  -0.225800
38956  -0.225200
38957  -0.225600
38958  -0.225400
38959  -0.225400
38960  -0.225600
38961  -0.225700
38962  -0.225300
38963  -0.224500
38964  -0.224800
38965  -0.225600
38966  -0.225400
38967  -0.225500
38968  -0.225100
38969  -0.224800
38970  -0.224800
38971  -0.225900
38972  -0.226300
38973  -0.225100
38974  -0.225600
38975  -0.225600
38976  -0.225100
38977  -0.225200
38978  -0.224800
38979  -0.224300
38980  -0.224900
38981  -0.225600
38982  -0.225300
38983  -0.224900
38984  -0.225200
38985  -0.225500
38986  -0.224800
38987  -0.224600
38988  -0.225100
38989  -0.224000
38990  -0.222600
38991  -0.222500
38992  -0.222800
38993  -0.223400
38994  -0.224000
38995  -0.222700
38996  -0.222000
38997  -0.221200
38998  -0.221400
38999  -0.220900
39000  -0.219600
39001  -0.219700
39002  -0.219500
39003  -0.218700
39004  -0.218500
39005  -0.217900
39006  -0.217500
39007  -0.217300
39008  -0.216200
39009  -0.215600
39010  -0.215300
39011  -0.215100
39012  -0.214400
39013  -0.214900
39014  -0.214700
39015  -0.215100
39016  -0.215500
39017  -0.215800
39018  -0.216800
39019  -0.217000
39020  -0.216300
39021  -0.216400
39022  -0.217300
39023  -0.218600
39024  -0.218400
39025  -0.218800
39026  -0.218900
39027  -0.219400
39028  -0.219700
39029  -0.220300
39030  -0.220800
39031  -0.220400
39032  -0.221300
39033  -0.221300
39034  -0.221400
39035  -0.221400
39036  -0.221900
39037  -0.222200
39038  -0.221500
39039  -0.221400
39040  -0.221000
39041  -0.219700
39042  -0.218900
39043  -0.219600
39044  -0.220500
39045  -0.220900
39046  -0.220700
39047  -0.221500
39048  -0.222900
39049  -0.223400
39050  -0.224100
39051  -0.224600
39052  -0.225000
39053  -0.225300
39054  -0.224700
39055  -0.224500
39056  -0.224300
39057  -0.223300
39058  -0.222200
39059  -0.220500
39060  -0.220300
39061  -0.220100
39062  -0.221400
39063  -0.221100
39064  -0.221700
39065  -0.221900
39066  -0.222200
39067  -0.222800
39068  -0.224300
39069  -0.223800
39070  -0.222800
39071  -0.223800
39072  -0.223800
39073  -0.224000
39074  -0.224700
39075  -0.225600
39076  -0.226600
39077  -0.226200
39078  -0.226400
39079  -0.225800
39080  -0.226700
39081  -0.227300
39082  -0.227300
39083  -0.226600
39084  -0.225700
39085  -0.226000
39086  -0.225900
39087  -0.225700
39088  -0.225800
39089  -0.225200
39090  -0.224500
39091  -0.224800
39092  -0.225100
39093  -0.226400
39094  -0.226900
39095  -0.227300
39096  -0.227300
39097  -0.226700
39098  -0.227000
39099  -0.227400
39100  -0.226700
39101  -0.226800
39102  -0.226300
39103  -0.227200
39104  -0.227500
39105  -0.228700
39106  -0.229400
39107  -0.228900
39108  -0.228800
39109  -0.229100
39110  -0.229800
39111  -0.229400
39112  -0.229900
39113  -0.230400
39114  -0.230800
39115  -0.232200
39116  -0.231800
39117  -0.231000
39118  -0.228900
39119  -0.228400
39120  -0.228600
39121  -0.229000
39122  -0.229500
39123  -0.229300
39124  -0.230100
39125  -0.230600
39126  -0.230900
39127  -0.231200
39128  -0.230500
39129  -0.229800
39130  -0.229600
39131  -0.229600
39132  -0.228400
39133  -0.227700
39134  -0.227800
39135  -0.227400
39136  -0.227600
39137  -0.227400
39138  -0.227400
39139  -0.227200
39140  -0.227700
39141  -0.227600
39142  -0.227400
39143  -0.228400
39144  -0.228600
39145  -0.228900
39146  -0.229000
39147  -0.228300
39148  -0.227900
39149  -0.228500
39150  -0.228300
39151  -0.228400
39152  -0.228900
39153  -0.228400
39154  -0.228000
39155  -0.228300
39156  -0.229500
39157  -0.229500
39158  -0.230700
39159  -0.230400
39160  -0.231100
39161  -0.231500
39162  -0.231900
39163  -0.232200
39164  -0.232600
39165  -0.232500
39166  -0.233400
39167  -0.232900
39168  -0.233900
39169  -0.234100
39170  -0.232700
39171  -0.233700
39172  -0.233700
39173  -0.234100
39174  -0.233400
39175  -0.233800
39176  -0.234000
39177  -0.233700
39178  -0.233900
39179  -0.234300
39180  -0.234100
39181  -0.235300
39182  -0.235100
39183  -0.235200
39184  -0.235300
39185  -0.235400
39186  -0.234700
39187  -0.236100
39188  -0.236800
39189  -0.237800
39190  -0.238900
39191  -0.239200
39192  -0.238400
39193  -0.237800
39194  -0.238000
39195  -0.237800
39196  -0.237800
39197  -0.237200
39198  -0.236900
39199  -0.236900
39200  -0.236700
39201  -0.237600
39202  -0.237600
39203  -0.237600
39204  -0.237400
39205  -0.236800
39206  -0.236700
39207  -0.236800
39208  -0.237600
39209  -0.237600
39210  -0.237500
39211  -0.237400
39212  -0.237100
39213  -0.237300
39214  -0.238100
39215  -0.238400
39216  -0.239000
39217  -0.239100
39218  -0.239100
39219  -0.238800
39220  -0.238900
39221  -0.239000
39222  -0.238800
39223  -0.238900
39224  -0.239100
39225  -0.238900
39226  -0.237600
39227  -0.238400
39228  -0.239100
39229  -0.238700
39230  -0.237700
39231  -0.239100
39232  -0.239300
39233  -0.238600
39234  -0.239100
39235  -0.239800
39236  -0.239800
39237  -0.241000
39238  -0.240700
39239  -0.240900
39240  -0.241400
39241  -0.241700
39242  -0.240600
39243  -0.240700
39244  -0.240800
39245  -0.241000
39246  -0.240800
39247  -0.242200
39248  -0.242400
39249  -0.241900
39250  -0.241900
39251  -0.242100
39252  -0.242600
39253  -0.242100
39254  -0.242000
39255  -0.242400
39256  -0.242500
39257  -0.242300
39258  -0.241700
39259  -0.242800
39260  -0.241200
39261  -0.241200
39262  -0.241000
39263  -0.240300
39264  -0.240600
39265  -0.240100
39266  -0.239200
39267  -0.239800
39268  -0.239500
39269  -0.239800
39270  -0.240300
39271  -0.240900
39272  -0.241100
39273  -0.241300
39274  -0.241200
39275  -0.241500
39276  -0.242600
39277  -0.242000
39278  -0.241000
39279  -0.241000
39280  -0.240700
39281  -0.240500
39282  -0.240700
39283  -0.240600
39284  -0.240500
39285  -0.240900
39286  -0.241500
39287  -0.242500
39288  -0.241900
39289  -0.241900
39290  -0.241900
39291  -0.242400
39292  -0.242500
39293  -0.241100
39294  -0.241400
39295  -0.241000
39296  -0.240500
39297  -0.240500
39298  -0.241300
39299  -0.241600
39300  -0.241500
39301  -0.241400
39302  -0.242300
39303  -0.242300
39304  -0.241800
39305  -0.242000
39306  -0.241600
39307  -0.240100
39308  -0.240700
39309  -0.241000
39310  -0.242000
39311  -0.241000
39312  -0.241500
39313  -0.241800
39314  -0.242100
39315  -0.241200
39316  -0.242000
39317  -0.241600
39318  -0.240600
39319  -0.239700
39320  -0.239000
39321  -0.238700
39322  -0.238200
39323  -0.237700
39324  -0.236300
39325  -0.236200
39326  -0.236600
39327  -0.237000
39328  -0.236600
39329  -0.236500
39330  -0.237700
39331  -0.237200
39332  -0.238000
39333  -0.237300
39334  -0.237200
39335  -0.237500
39336  -0.236800
39337  -0.237100
39338  -0.237300
39339  -0.238100
39340  -0.238600
39341  -0.237500
39342  -0.238400
39343  -0.237300
39344  -0.238700
39345  -0.239000
39346  -0.239300
39347  -0.239200
39348  -0.239200
39349  -0.239800
39350  -0.240600
39351  -0.239800
39352  -0.239700
39353  -0.238900
39354  -0.238800
39355  -0.237900
39356  -0.237300
39357  -0.237400
39358  -0.236500
39359  -0.235800
39360  -0.235700
39361  -0.236300
39362  -0.236400
39363  -0.236900
39364  -0.235700
39365  -0.236500
39366  -0.236800
39367  -0.237200
39368  -0.238100
39369  -0.238300
39370  -0.238300
39371  -0.238400
39372  -0.238800
39373  -0.238000
39374  -0.237400
39375  -0.236500
39376  -0.236900
39377  -0.236600
39378  -0.236500
39379  -0.236700
39380  -0.236300
39381  -0.235500
39382  -0.234900
39383  -0.235600
39384  -0.235000
39385  -0.235000
39386  -0.235300
39387  -0.236400
39388  -0.235700
39389  -0.236100
39390  -0.235800
39391  -0.235700
39392  -0.235400
39393  -0.235400
39394  -0.235200
39395  -0.235700
39396  -0.236600
39397  -0.236700
39398  -0.236800
39399  -0.236600
39400  -0.235600
39401  -0.235400
39402  -0.236200
39403  -0.236000
39404  -0.236100
39405  -0.236100
39406  -0.236100
39407  -0.236500
39408  -0.236400
39409  -0.236600
39410  -0.236300
39411  -0.235000
39412  -0.235000
39413  -0.234500
39414  -0.235200
39415  -0.233700
39416  -0.234400
39417  -0.233700
39418  -0.233300
39419  -0.232600
39420  -0.232700
39421  -0.232100
39422  -0.232300
39423  -0.232400
39424  -0.231300
39425  -0.231800
39426  -0.231600
39427  -0.231700
39428  -0.230900
39429  -0.231200
39430  -0.231700
39431  -0.230800
39432  -0.229500
39433  -0.229800
39434  -0.230000
39435  -0.229900
39436  -0.229400
39437  -0.228600
39438  -0.228300
39439  -0.228500
39440  -0.227600
39441  -0.227500
39442  -0.227600
39443  -0.228100
39444  -0.227900
39445  -0.227500
39446  -0.227800
39447  -0.227300
39448  -0.228700
39449  -0.229000
39450  -0.229200
39451  -0.228400
39452  -0.228800
39453  -0.229400
39454  -0.230100
39455  -0.230800
39456  -0.231100
39457  -0.230300
39458  -0.229700
39459  -0.230000
39460  -0.229600
39461  -0.230000
39462  -0.229400
39463  -0.230300
39464  -0.230600
39465  -0.230600
39466  -0.229900
39467  -0.229400
39468  -0.228500
39469  -0.229700
39470  -0.229600
39471  -0.229700
39472  -0.230200
39473  -0.230700
39474  -0.230700
39475  -0.229800
39476  -0.230000
39477  -0.229700
39478  -0.229500
39479  -0.230100
39480  -0.231000
39481  -0.232000
39482  -0.231600
39483  -0.231800
39484  -0.232100
39485  -0.232700
39486  -0.233500
39487  -0.232400
39488  -0.232200
39489  -0.232600
39490  -0.232600
39491  -0.231900
39492  -0.231100
39493  -0.232000
39494  -0.233300
39495  -0.233000
39496  -0.233800
39497  -0.234300
39498  -0.235500
39499  -0.235400
39500  -0.235100
39501  -0.235100
39502  -0.236500
39503  -0.237000
39504  -0.236900
39505  -0.236100
39506  -0.235400
39507  -0.236100
39508  -0.235100
39509  -0.234800
39510  -0.234300
39511  -0.234100
39512  -0.233200
39513  -0.233700
39514  -0.233300
39515  -0.234200
39516  -0.233700
39517  -0.233400
39518  -0.234200
39519  -0.234400
39520  -0.234200
39521  -0.234500
39522  -0.234100
39523  -0.234100
39524  -0.233800
39525  -0.232900
39526  -0.233700
39527  -0.233600
39528  -0.232800
39529  -0.231900
39530  -0.230900
39531  -0.230400
39532  -0.230000
39533  -0.230100
39534  -0.230100
39535  -0.230000
39536  -0.230500
39537  -0.230200
39538  -0.230600
39539  -0.231100
39540  -0.230000
39541  -0.229800
39542  -0.229300
39543  -0.229000
39544  -0.228600
39545  -0.228800
39546  -0.229000
39547  -0.229300
39548  -0.228900
39549  -0.228700
39550  -0.229100
39551  -0.228700
39552  -0.228300
39553  -0.228900
39554  -0.228600
39555  -0.228000
39556  -0.227800
39557  -0.227600
39558  -0.227100
39559  -0.227200
39560  -0.226400
39561  -0.226600
39562  -0.225900
39563  -0.226100
39564  -0.225500
39565  -0.224700
39566  -0.224800
39567  -0.224400
39568  -0.223300
39569  -0.222400
39570  -0.221900
39571  -0.222700
39572  -0.223100
39573  -0.223300
39574  -0.222700
39575  -0.222500
39576  -0.222300
39577  -0.221700
39578  -0.221300
39579  -0.221400
39580  -0.220900
39581  -0.220100
39582  -0.220000
39583  -0.219500
39584  -0.219800
39585  -0.219600
39586  -0.218800
39587  -0.218200
39588  -0.218700
39589  -0.219000
39590  -0.219300
39591  -0.218000
39592  -0.217500
39593  -0.217700
39594  -0.218800
39595  -0.219600
39596  -0.220200
39597  -0.220500
39598  -0.221400
39599  -0.220900
39600  -0.220900
39601  -0.220500
39602  -0.220200
39603  -0.220100
39604  -0.219800
39605  -0.220000
39606  -0.218500
39607  -0.217600
39608  -0.216400
39609  -0.215600
39610  -0.216500
39611  -0.216300
39612  -0.215700
39613  -0.215100
39614  -0.214700
39615  -0.215200
39616  -0.215700
39617  -0.215600
39618  -0.215000
39619  -0.214100
39620  -0.213500
39621  -0.213600
39622  -0.214200
39623  -0.214200
39624  -0.213900
39625  -0.214200
39626  -0.215300
39627  -0.214800
39628  -0.214100
39629  -0.214200
39630  -0.215700
39631  -0.216000
39632  -0.216400
39633  -0.216100
39634  -0.217100
39635  -0.216400
39636  -0.216600
39637  -0.216500
39638  -0.215500
39639  -0.215600
39640  -0.215000
39641  -0.214500
39642  -0.214100
39643  -0.213500
39644  -0.213400
39645  -0.212400
39646  -0.213000
39647  -0.212600
39648  -0.212100
39649  -0.211800
39650  -0.211900
39651  -0.211900
39652  -0.212500
39653  -0.212900
39654  -0.211800
39655  -0.211600
39656  -0.210800
39657  -0.211100
39658  -0.211200
39659  -0.211200
39660  -0.212000
39661  -0.211500
39662  -0.211100
39663  -0.210800
39664  -0.211000
39665  -0.210100
39666  -0.210800
39667  -0.211700
39668  -0.211000
39669  -0.210200
39670  -0.211400
39671  -0.211700
39672  -0.211700
39673  -0.211600
39674  -0.212000
39675  -0.211800
39676  -0.211500
39677  -0.211300
39678  -0.211300
39679  -0.211600
39680  -0.211000
39681  -0.211500
39682  -0.211100
39683  -0.211900
39684  -0.210800
39685  -0.211700
39686  -0.212700
39687  -0.212400
39688  -0.212700
39689  -0.213000
39690  -0.212300
39691  -0.212000
39692  -0.212500
39693  -0.212100
39694  -0.211600
39695  -0.212300
39696  -0.211800
39697  -0.212300
39698  -0.213400
39699  -0.213800
39700  -0.213200
39701  -0.213400
39702  -0.212400
39703  -0.212200
39704  -0.212500
39705  -0.214000
39706  -0.213300
39707  -0.213400
39708  -0.214100
39709  -0.213800
39710  -0.213700
39711  -0.214000
39712  -0.214900
39713  -0.215100
39714  -0.215200
39715  -0.215100
39716  -0.216100
39717  -0.216700
39718  -0.216300
39719  -0.216200
39720  -0.215900
39721  -0.216900
39722  -0.216900
39723  -0.217300
39724  -0.217600
39725  -0.216400
39726  -0.216400
39727  -0.216500
39728  -0.216700
39729  -0.216500
39730  -0.216100
39731  -0.216600
39732  -0.217100
39733  -0.218500
39734  -0.218700
39735  -0.218900
39736  -0.219000
39737  -0.220200
39738  -0.220000
39739  -0.219800
39740  -0.220200
39741  -0.220300
39742  -0.220300
39743  -0.220600
39744  -0.220700
39745  -0.219700
39746  -0.220600
39747  -0.221300
39748  -0.221100
39749  -0.221000
39750  -0.220500
39751  -0.219700
39752  -0.220400
39753  -0.219700
39754  -0.219700
39755  -0.219300
39756  -0.219400
39757  -0.219700
39758  -0.219900
39759  -0.220700
39760  -0.221700
39761  -0.221500
39762  -0.221400
39763  -0.221700
39764  -0.221700
39765  -0.221100
39766  -0.221200
39767  -0.220500
39768  -0.220000
39769  -0.220600
39770  -0.220000
39771  -0.219300
39772  -0.218900
39773  -0.218400
39774  -0.219100
39775  -0.219300
39776  -0.219100
39777  -0.218700
39778  -0.218400
39779  -0.217900
39780  -0.217100
39781  -0.218300
39782  -0.218000
39783  -0.218800
39784  -0.218100
39785  -0.218500
39786  -0.218800
39787  -0.218400
39788  -0.218400
39789  -0.218200
39790  -0.218600
39791  -0.217700
39792  -0.218700
39793  -0.219100
39794  -0.217800
39795  -0.217200
39796  -0.216500
39797  -0.215700
39798  -0.215200
39799  -0.214400
39800  -0.214000
39801  -0.213600
39802  -0.214700
39803  -0.215100
39804  -0.215400
39805  -0.214600
39806  -0.215500
39807  -0.215900
39808  -0.215800
39809  -0.216200
39810  -0.215500
39811  -0.216800
39812  -0.216800
39813  -0.216300
39814  -0.216000
39815  -0.216300
39816  -0.216600
39817  -0.214400
39818  -0.214600
39819  -0.214000
39820  -0.214200
39821  -0.214600
39822  -0.214200
39823  -0.214900
39824  -0.214200
39825  -0.214000
39826  -0.214200
39827  -0.213700
39828  -0.214500
39829  -0.214400
39830  -0.213700
39831  -0.213100
39832  -0.213900
39833  -0.212000
39834  -0.212600
39835  -0.212800
39836  -0.213200
39837  -0.213400
39838  -0.213100
39839  -0.214100
39840  -0.214600
39841  -0.214100
39842  -0.214100
39843  -0.213500
39844  -0.213700
39845  -0.214500
39846  -0.214600
39847  -0.215000
39848  -0.214900
39849  -0.215400
39850  -0.215500
39851  -0.215900
39852  -0.216000
39853  -0.216000
39854  -0.215700
39855  -0.214700
39856  -0.214800
39857  -0.214300
39858  -0.214200
39859  -0.213400
39860  -0.213600
39861  -0.215200
39862  -0.214600
39863  -0.215300
39864  -0.214900
39865  -0.214500
39866  -0.214600
39867  -0.215300
39868  -0.214800
39869  -0.214500
39870  -0.214100
39871  -0.213900
39872  -0.213600
39873  -0.213400
39874  -0.213600
39875  -0.213000
39876  -0.213000
39877  -0.213500
39878  -0.213800
39879  -0.214400
39880  -0.214700
39881  -0.214000
39882  -0.213600
39883  -0.212700
39884  -0.212600
39885  -0.212400
39886  -0.212500
39887  -0.212900
39888  -0.212600
39889  -0.213300
39890  -0.213700
39891  -0.213400
39892  -0.213700
39893  -0.214900
39894  -0.214300
39895  -0.214600
39896  -0.215500
39897  -0.216000
39898  -0.216100
39899  -0.215500
39900  -0.215300
39901  -0.214500
39902  -0.215000
39903  -0.213500
39904  -0.214400
39905  -0.214100
39906  -0.214200
39907  -0.213500
39908  -0.212900
39909  -0.213100
39910  -0.214300
39911  -0.213800
39912  -0.215700
39913  -0.215100
39914  -0.215400
39915  -0.217100
39916  -0.217300
39917  -0.216300
39918  -0.216000
39919  -0.216600
39920  -0.217200
39921  -0.217100
39922  -0.218400
39923  -0.217900
39924  -0.217300
39925  -0.216600
39926  -0.216600
39927  -0.216300
39928  -0.216900
39929  -0.217200
39930  -0.217900
39931  -0.218800
39932  -0.219500
39933  -0.220400
39934  -0.219700
39935  -0.219500
39936  -0.219800
39937  -0.219900
39938  -0.218900
39939  -0.217400
39940  -0.217700
39941  -0.218000
39942  -0.219000
39943  -0.220300
39944  -0.220500
39945  -0.220200
39946  -0.219600
39947  -0.219600
39948  -0.219700
39949  -0.220000
39950  -0.219600
39951  -0.219100
39952  -0.220000
39953  -0.220100
39954  -0.219600
39955  -0.218900
39956  -0.219200
39957  -0.219200
39958  -0.218500
39959  -0.218300
39960  -0.219000
39961  -0.218800
39962  -0.220100
39963  -0.219100
39964  -0.219400
39965  -0.219900
39966  -0.220500
39967  -0.220600
39968  -0.220900
39969  -0.221000
39970  -0.220600
39971  -0.219300
39972  -0.218900
39973  -0.218200
39974  -0.217600
39975  -0.217400
39976  -0.217200
39977  -0.216900
39978  -0.216700
39979  -0.216600
39980  -0.216100
39981  -0.216100
39982  -0.216500
39983  -0.216800
39984  -0.216500
39985  -0.214700
39986  -0.215100
39987  -0.215000
39988  -0.214800
39989  -0.214600
39990  -0.213500
39991  -0.213500
39992  -0.213300
39993  -0.213500
39994  -0.213800
39995  -0.213800
39996  -0.215500
39997  -0.214600
39998  -0.215500
39999  -0.214300
40000  -0.215200
40001  -0.215700
40002  -0.215800
40003  -0.216200
40004  -0.215900
40005  -0.215800
40006  -0.215600
40007  -0.215500
40008  -0.215300
40009  -0.215900
40010  -0.215700
40011  -0.214600
40012  -0.214200
40013  -0.214700
40014  -0.213600
40015  -0.213900
40016  -0.214100
40017  -0.214100
40018  -0.214600
40019  -0.215200
40020  -0.214900
40021  -0.215000
40022  -0.215700
40023  -0.215000
40024  -0.216000
40025  -0.216100
40026  -0.215900
40027  -0.216200
40028  -0.217100
40029  -0.217600
40030  -0.217400
40031  -0.217500
40032  -0.217500
40033  -0.217500
40034  -0.218300
40035  -0.218400
40036  -0.218500
40037  -0.218600
40038  -0.219500
40039  -0.219500
40040  -0.218900
40041  -0.218000
40042  -0.217800
40043  -0.218000
40044  -0.216900
40045  -0.217000
40046  -0.217100
40047  -0.216100
40048  -0.216600
40049  -0.216500
40050  -0.216300
40051  -0.215600
40052  -0.215300
40053  -0.216600
40054  -0.218000
40055  -0.217900
40056  -0.218000
40057  -0.218300
40058  -0.218000
40059  -0.220500
40060  -0.219200
40061  -0.219900
40062  -0.221100
40063  -0.221300
40064  -0.221900
40065  -0.222600
40066  -0.221500
40067  -0.221800
40068  -0.221600
40069  -0.222300
40070  -0.222400
40071  -0.221900
40072  -0.222300
40073  -0.221700
40074  -0.221400
40075  -0.221200
40076  -0.221200
40077  -0.220400
40078  -0.220800
40079  -0.220000
40080  -0.220100
40081  -0.220200
40082  -0.220900
40083  -0.220900
40084  -0.221300
40085  -0.221800
40086  -0.221900
40087  -0.222300
40088  -0.222300
40089  -0.223500
40090  -0.224200
40091  -0.225000
40092  -0.225500
40093  -0.225900
40094  -0.226300
40095  -0.226100
40096  -0.225700
40097  -0.224800
40098  -0.225100
40099  -0.224100
40100  -0.224000
40101  -0.222800
40102  -0.222100
40103  -0.222400
40104  -0.222000
40105  -0.221400
40106  -0.222100
40107  -0.221800
40108  -0.221900
40109  -0.221400
40110  -0.221000
40111  -0.221000
40112  -0.220200
40113  -0.220200
40114  -0.220700
40115  -0.220600
40116  -0.219900
40117  -0.219400
40118  -0.219700
40119  -0.220200
40120  -0.219900
40121  -0.220300
40122  -0.220000
40123  -0.220200
40124  -0.219700
40125  -0.219400
40126  -0.219000
40127  -0.219500
40128  -0.219600
40129  -0.219200
40130  -0.219000
40131  -0.219700
40132  -0.219000
40133  -0.218900
40134  -0.219600
40135  -0.219900
40136  -0.219800
40137  -0.221100
40138  -0.221200
40139  -0.220500
40140  -0.221000
40141  -0.221300
40142  -0.221300
40143  -0.221100
40144  -0.221600
40145  -0.221600
40146  -0.220600
40147  -0.220300
40148  -0.220600
40149  -0.220300
40150  -0.220800
40151  -0.221700
40152  -0.222300
40153  -0.222700
40154  -0.222900
40155  -0.222300
40156  -0.221500
40157  -0.221300
40158  -0.221300
40159  -0.222300
40160  -0.222000
40161  -0.222000
40162  -0.222400
40163  -0.221600
40164  -0.221600
40165  -0.220900
40166  -0.220200
40167  -0.220800
40168  -0.220900
40169  -0.220500
40170  -0.220100
40171  -0.220200
40172  -0.221100
40173  -0.221500
40174  -0.221900
40175  -0.222700
40176  -0.222100
40177  -0.222200
40178  -0.221800
40179  -0.222000
40180  -0.221000
40181  -0.220500
40182  -0.220200
40183  -0.220000
40184  -0.220300
40185  -0.220200
40186  -0.220400
40187  -0.220100
40188  -0.220500
40189  -0.219700
40190  -0.219600
40191  -0.219000
40192  -0.219100
40193  -0.219400
40194  -0.219700
40195  -0.220200
40196  -0.219800
40197  -0.219800
40198  -0.220900
40199  -0.221200
40200  -0.220500
40201  -0.221000
40202  -0.220500
40203  -0.221000
40204  -0.221100
40205  -0.220800
40206  -0.220300
40207  -0.220000
40208  -0.221000
40209  -0.221200
40210  -0.221000
40211  -0.220700
40212  -0.220200
40213  -0.221000
40214  -0.222100
40215  -0.221700
40216  -0.221200
40217  -0.222700
40218  -0.222500
40219  -0.222800
40220  -0.222800
40221  -0.222200
40222  -0.222500
40223  -0.222700
40224  -0.222700
40225  -0.222500
40226  -0.222500
40227  -0.222500
40228  -0.222900
40229  -0.222400
40230  -0.222500
40231  -0.221700
40232  -0.221600
40233  -0.222000
40234  -0.221600
40235  -0.221500
40236  -0.222000
40237  -0.222500
40238  -0.222300
40239  -0.223200
40240  -0.223700
40241  -0.223800
40242  -0.223500
40243  -0.223800
40244  -0.223600
40245  -0.223900
40246  -0.222400
40247  -0.222800
40248  -0.222600
40249  -0.222100
40250  -0.221500
40251  -0.221200
40252  -0.221100
40253  -0.221000
40254  -0.220600
40255  -0.220500
40256  -0.220400
40257  -0.220300
40258  -0.220300
40259  -0.220500
40260  -0.219900
40261  -0.219000
40262  -0.220000
40263  -0.220900
40264  -0.221000
40265  -0.220100
40266  -0.220700
40267  -0.221600
40268  -0.221500
40269  -0.222100
40270  -0.222000
40271  -0.221200
40272  -0.222200
40273  -0.221800
40274  -0.221300
40275  -0.222400
40276  -0.222700
40277  -0.222200
40278  -0.222200
40279  -0.221500
40280  -0.222200
40281  -0.221400
40282  -0.221500
40283  -0.221800
40284  -0.220600
40285  -0.221200
40286  -0.221500
40287  -0.222600
40288  -0.223400
40289  -0.224400
40290  -0.223200
40291  -0.223500
40292  -0.223600
40293  -0.223300
40294  -0.222700
40295  -0.222600
40296  -0.223600
40297  -0.224000
40298  -0.224000
40299  -0.223000
40300  -0.223200
40301  -0.223100
40302  -0.223900
40303  -0.224400
40304  -0.223800
40305  -0.223000
40306  -0.223200
40307  -0.223000
40308  -0.223200
40309  -0.223800
40310  -0.224000
40311  -0.225200
40312  -0.225200
40313  -0.223800
40314  -0.224800
40315  -0.224500
40316  -0.224000
40317  -0.223300
40318  -0.223300
40319  -0.222100
40320  -0.222500
40321  -0.222200
40322  -0.222700
40323  -0.223000
40324  -0.223600
40325  -0.224300
40326  -0.223400
40327  -0.223300
40328  -0.223100
40329  -0.222400
40330  -0.222600
40331  -0.222900
40332  -0.223000
40333  -0.222800
40334  -0.222500
40335  -0.222500
40336  -0.222500
40337  -0.221700
40338  -0.221400
40339  -0.221400
40340  -0.220400
40341  -0.220300
40342  -0.220500
40343  -0.219900
40344  -0.219900
40345  -0.219700
40346  -0.219200
40347  -0.220200
40348  -0.219600
40349  -0.219200
40350  -0.219800
40351  -0.220200
40352  -0.219800
40353  -0.220300
40354  -0.220200
40355  -0.220100
40356  -0.220100
40357  -0.220300
40358  -0.219900
40359  -0.219500
40360  -0.220200
40361  -0.220700
40362  -0.220800
40363  -0.220800
40364  -0.219200
40365  -0.219300
40366  -0.219700
40367  -0.219300
40368  -0.218300
40369  -0.218200
40370  -0.217900
40371  -0.218400
40372  -0.219100
40373  -0.219200
40374  -0.218600
40375  -0.218900
40376  -0.218600
40377  -0.219400
40378  -0.219400
40379  -0.219400
40380  -0.218800
40381  -0.217800
40382  -0.218100
40383  -0.218200
40384  -0.218000
40385  -0.218200
40386  -0.218700
40387  -0.218400
40388  -0.218000
40389  -0.218200
40390  -0.217300
40391  -0.217600
40392  -0.217800
40393  -0.217400
40394  -0.217100
40395  -0.216900
40396  -0.217200
40397  -0.218000
40398  -0.218100
40399  -0.218200
40400  -0.218500
40401  -0.218900
40402  -0.218400
40403  -0.217600
40404  -0.217600
40405  -0.217700
40406  -0.218200
40407  -0.219800
40408  -0.219300
40409  -0.219700
40410  -0.219500
40411  -0.220300
40412  -0.221000
40413  -0.221700
40414  -0.221600
40415  -0.221200
40416  -0.221300
40417  -0.221500
40418  -0.221100
40419  -0.222400
40420  -0.222700
40421  -0.222800
40422  -0.222100
40423  -0.221000
40424  -0.220600
40425  -0.220400
40426  -0.220800
40427  -0.221300
40428  -0.222100
40429  -0.222000
40430  -0.221400
40431  -0.220600
40432  -0.221100
40433  -0.221000
40434  -0.220200
40435  -0.221300
40436  -0.220800
40437  -0.220500
40438  -0.220400
40439  -0.220100
40440  -0.219900
40441  -0.220700
40442  -0.221200
40443  -0.220800
40444  -0.220400
40445  -0.221000
40446  -0.221400
40447  -0.221500
40448  -0.221900
40449  -0.221000
40450  -0.221200
40451  -0.221800
40452  -0.222000
40453  -0.222200
40454  -0.221300
40455  -0.222000
40456  -0.221600
40457  -0.222400
40458  -0.222400
40459  -0.221700
40460  -0.222600
40461  -0.222600
40462  -0.222500
40463  -0.222600
40464  -0.221700
40465  -0.222500
40466  -0.223100
40467  -0.223500
40468  -0.223900
40469  -0.223600
40470  -0.224100
40471  -0.223800
40472  -0.223200
40473  -0.223500
40474  -0.223900
40475  -0.224600
40476  -0.225000
40477  -0.224900
40478  -0.225500
40479  -0.225400
40480  -0.225400
40481  -0.225400
40482  -0.225600
40483  -0.226400
40484  -0.226100
40485  -0.225200
40486  -0.225500
40487  -0.224900
40488  -0.224000
40489  -0.224100
40490  -0.223600
40491  -0.223700
40492  -0.224100
40493  -0.224400
40494  -0.223800
40495  -0.223400
40496  -0.223300
40497  -0.222700
40498  -0.221500
40499  -0.222000
40500  -0.222000
40501  -0.221600
40502  -0.221600
40503  -0.222300
40504  -0.222300
40505  -0.222700
40506  -0.222500
40507  -0.222800
40508  -0.222700
40509  -0.222100
40510  -0.221900
40511  -0.222400
40512  -0.222300
40513  -0.221700
40514  -0.222100
40515  -0.222300
40516  -0.222500
40517  -0.222400
40518  -0.222500
40519  -0.222200
40520  -0.221700
40521  -0.222100
40522  -0.223100
40523  -0.222400
40524  -0.222500
40525  -0.221900
40526  -0.222200
40527  -0.221300
40528  -0.221600
40529  -0.221100
40530  -0.220100
40531  -0.219600
40532  -0.219200
40533  -0.218700
40534  -0.217800
40535  -0.217500
40536  -0.218400
40537  -0.217600
40538  -0.216900
40539  -0.216900
40540  -0.215900
40541  -0.215400
40542  -0.216200
40543  -0.216100
40544  -0.215900
40545  -0.215100
40546  -0.214700
40547  -0.214700
40548  -0.213700
40549  -0.213500
40550  -0.214300
40551  -0.215400
40552  -0.215300
40553  -0.216000
40554  -0.215800
40555  -0.215600
40556  -0.215400
40557  -0.215400
40558  -0.216200
40559  -0.216300
40560  -0.216300
40561  -0.216400
40562  -0.215700
40563  -0.216300
40564  -0.216700
40565  -0.215800
40566  -0.216500
40567  -0.216100
40568  -0.215300
40569  -0.214200
40570  -0.214100
40571  -0.215000
40572  -0.214000
40573  -0.213900
40574  -0.213500
40575  -0.213800
40576  -0.214400
40577  -0.214800
40578  -0.214100
40579  -0.213300
40580  -0.214600
40581  -0.214100
40582  -0.214600
40583  -0.214500
40584  -0.214800
40585  -0.214700
40586  -0.214100
40587  -0.213900
40588  -0.214600
40589  -0.214800
40590  -0.216100
40591  -0.216800
40592  -0.216800
40593  -0.216700
40594  -0.217000
40595  -0.217200
40596  -0.216800
40597  -0.217100
40598  -0.217100
40599  -0.216700
40600  -0.217300
40601  -0.217300
40602  -0.216400
40603  -0.216900
40604  -0.216800
40605  -0.215900
40606  -0.215000
40607  -0.215400
40608  -0.214900
40609  -0.215600
40610  -0.216200
40611  -0.215700
40612  -0.215900
40613  -0.217800
40614  -0.218200
40615  -0.219100
40616  -0.218900
40617  -0.219100
40618  -0.219800
40619  -0.219900
40620  -0.219600
40621  -0.219100
40622  -0.218100
40623  -0.218500
40624  -0.219300
40625  -0.220400
40626  -0.220200
40627  -0.218800
40628  -0.218900
40629  -0.218700
40630  -0.218300
40631  -0.218300
40632  -0.218100
40633  -0.217800
40634  -0.217400
40635  -0.217100
40636  -0.217300
40637  -0.217000
40638  -0.216700
40639  -0.216600
40640  -0.216500
40641  -0.217100
40642  -0.215700
40643  -0.215500
40644  -0.214800
40645  -0.215600
40646  -0.215500
40647  -0.215800
40648  -0.215400
40649  -0.215000
40650  -0.214900
40651  -0.214400
40652  -0.214200
40653  -0.214600
40654  -0.215500
40655  -0.215800
40656  -0.215000
40657  -0.214900
40658  -0.215100
40659  -0.214800
40660  -0.214200
40661  -0.213300
40662  -0.213600
40663  -0.213700
40664  -0.212900
40665  -0.213200
40666  -0.213400
40667  -0.213000
40668  -0.212600
40669  -0.212500
40670  -0.213600
40671  -0.213700
40672  -0.213300
40673  -0.213000
40674  -0.214200
40675  -0.214100
40676  -0.214100
40677  -0.214500
40678  -0.214900
40679  -0.214500
40680  -0.214400
40681  -0.214000
40682  -0.213400
40683  -0.213200
40684  -0.213300
40685  -0.212800
40686  -0.212400
40687  -0.212400
40688  -0.212700
40689  -0.212700
40690  -0.212100
40691  -0.212200
40692  -0.211700
40693  -0.212600
40694  -0.212700
40695  -0.213600
40696  -0.213600
40697  -0.212700
40698  -0.212500
40699  -0.212000
40700  -0.212100
40701  -0.212300
40702  -0.213300
40703  -0.214100
40704  -0.214600
40705  -0.214200
40706  -0.213800
40707  -0.213800
40708  -0.214000
40709  -0.213800
40710  -0.213400
40711  -0.212700
40712  -0.211900
40713  -0.211800
40714  -0.211600
40715  -0.212200
40716  -0.212300
40717  -0.212000
40718  -0.211800
40719  -0.210700
40720  -0.210500
40721  -0.209700
40722  -0.210100
40723  -0.211400
40724  -0.212400
40725  -0.212100
40726  -0.212800
40727  -0.212500
40728  -0.213100
40729  -0.213100
40730  -0.212900
40731  -0.212900
40732  -0.212500
40733  -0.212400
40734  -0.210800
40735  -0.210900
40736  -0.211100
40737  -0.210500
40738  -0.210600
40739  -0.211000
40740  -0.210500
40741  -0.211000
40742  -0.210700
40743  -0.210700
40744  -0.211200
40745  -0.209700
40746  -0.209600
40747  -0.209500
40748  -0.210200
40749  -0.210800
40750  -0.211300
40751  -0.210300
40752  -0.211400
40753  -0.211000
40754  -0.210600
40755  -0.209200
40756  -0.210000
40757  -0.210300
40758  -0.209500
40759  -0.210200
40760  -0.210800
40761  -0.210300
40762  -0.210200
40763  -0.210200
40764  -0.209800
40765  -0.210200
40766  -0.210600
40767  -0.210600
40768  -0.210400
40769  -0.210300
40770  -0.208800
40771  -0.208600
40772  -0.207300
40773  -0.206600
40774  -0.206500
40775  -0.205200
40776  -0.204600
40777  -0.205200
40778  -0.205000
40779  -0.204500
40780  -0.205400
40781  -0.205200
40782  -0.205600
40783  -0.205400
40784  -0.204500
40785  -0.204100
40786  -0.205000
40787  -0.204100
40788  -0.203800
40789  -0.204400
40790  -0.205300
40791  -0.204900
40792  -0.205000
40793  -0.204600
40794  -0.203800
40795  -0.204000
40796  -0.204600
40797  -0.204400
40798  -0.204700
40799  -0.205100
40800  -0.204500
40801  -0.204200
40802  -0.204800
40803  -0.204300
40804  -0.203100
40805  -0.202400
40806  -0.203200
40807  -0.203700
40808  -0.203600
40809  -0.202700
40810  -0.203500
40811  -0.204400
40812  -0.205000
40813  -0.205800
40814  -0.206500
40815  -0.207100
40816  -0.207600
40817  -0.208500
40818  -0.209300
40819  -0.209700
40820  -0.210000
40821  -0.208800
40822  -0.209300
40823  -0.209500
40824  -0.210000
40825  -0.210900
40826  -0.210800
40827  -0.210300
40828  -0.210300
40829  -0.209800
40830  -0.209900
40831  -0.209500
40832  -0.209100
40833  -0.209000
40834  -0.208600
40835  -0.208500
40836  -0.208200
40837  -0.208500
40838  -0.208300
40839  -0.207800
40840  -0.207900
40841  -0.207400
40842  -0.206800
40843  -0.206100
40844  -0.205700
40845  -0.205900
40846  -0.206300
40847  -0.206800
40848  -0.207900
40849  -0.208100
40850  -0.208500
40851  -0.208400
40852  -0.208700
40853  -0.208000
40854  -0.207900
40855  -0.208400
40856  -0.208200
40857  -0.208200
40858  -0.207800
40859  -0.208200
40860  -0.208900
40861  -0.208400
40862  -0.208200
40863  -0.207900
40864  -0.207900
40865  -0.207600
40866  -0.206700
40867  -0.206300
40868  -0.205200
40869  -0.204800
40870  -0.204900
40871  -0.205600
40872  -0.205000
40873  -0.204800
40874  -0.205800
40875  -0.205900
40876  -0.205600
40877  -0.205500
40878  -0.205400
40879  -0.205500
40880  -0.205600
40881  -0.205100
40882  -0.205100
40883  -0.205000
40884  -0.205000
40885  -0.204800
40886  -0.205100
40887  -0.205500
40888  -0.207000
40889  -0.207200
40890  -0.206700
40891  -0.207000
40892  -0.207900
40893  -0.208200
40894  -0.207300
40895  -0.207400
40896  -0.207300
40897  -0.207100
40898  -0.206800
40899  -0.206200
40900  -0.205700
40901  -0.205600
40902  -0.205000
40903  -0.205800
40904  -0.204700
40905  -0.204900
40906  -0.204700
40907  -0.204500
40908  -0.203700
40909  -0.204200
40910  -0.204200
40911  -0.204600
40912  -0.204500
40913  -0.205100
40914  -0.204300
40915  -0.204000
40916  -0.204500
40917  -0.204000
40918  -0.204600
40919  -0.204800
40920  -0.204600
40921  -0.205300
40922  -0.205600
40923  -0.205000
40924  -0.204500
40925  -0.205100
40926  -0.205100
40927  -0.204900
40928  -0.205400
40929  -0.205600
40930  -0.206100
40931  -0.206700
40932  -0.206300
40933  -0.206500
40934  -0.205900
40935  -0.205900
40936  -0.205800
40937  -0.206800
40938  -0.207400
40939  -0.206900
40940  -0.206400
40941  -0.206300
40942  -0.206700
40943  -0.206100
40944  -0.206400
40945  -0.206000
40946  -0.206100
40947  -0.206200
40948  -0.206400
40949  -0.207500
40950  -0.208100
40951  -0.208800
40952  -0.208900
40953  -0.208000
40954  -0.207500
40955  -0.207700
40956  -0.208200
40957  -0.208000
40958  -0.208800
40959  -0.208100
40960  -0.208200
40961  -0.207400
40962  -0.207100
40963  -0.207100
40964  -0.205800
40965  -0.205500
40966  -0.204900
40967  -0.204800
40968  -0.204000
40969  -0.202900
40970  -0.203400
40971  -0.203500
40972  -0.204000
40973  -0.203800
40974  -0.203000
40975  -0.203000
40976  -0.203800
40977  -0.204000
40978  -0.204400
40979  -0.204900
40980  -0.204500
40981  -0.204100
40982  -0.203500
40983  -0.203600
40984  -0.203800
40985  -0.203600
40986  -0.204000
40987  -0.204200
40988  -0.204100
40989  -0.203300
40990  -0.203800
40991  -0.203300
40992  -0.203900
40993  -0.203800
40994  -0.203400
40995  -0.203300
40996  -0.204200
40997  -0.204200
40998  -0.204000
40999  -0.204200
41000  -0.204000
41001  -0.204300
41002  -0.203900
41003  -0.204000
41004  -0.204100
41005  -0.203100
41006  -0.202700
41007  -0.202400
41008  -0.201600
41009  -0.201600
41010  -0.202200
41011  -0.202600
41012  -0.203000
41013  -0.203900
41014  -0.204200
41015  -0.204100
41016  -0.204300
41017  -0.204400
41018  -0.204400
41019  -0.204300
41020  -0.203600
41021  -0.203900
41022  -0.203700
41023  -0.203000
41024  -0.203300
41025  -0.203500
41026  -0.202700
41027  -0.202100
41028  -0.202300
41029  -0.202400
41030  -0.202700
41031  -0.202900
41032  -0.202900
41033  -0.203000
41034  -0.202700
41035  -0.202800
41036  -0.203900
41037  -0.203900
41038  -0.204600
41039  -0.204800
41040  -0.205800
41041  -0.205700
41042  -0.205400
41043  -0.204400
41044  -0.204300
41045  -0.204100
41046  -0.203300
41047  -0.203800
41048  -0.204100
41049  -0.204400
41050  -0.203900
41051  -0.203500
41052  -0.204000
41053  -0.203300
41054  -0.203800
41055  -0.204300
41056  -0.204600
41057  -0.205200
41058  -0.204700
41059  -0.204200
41060  -0.203900
41061  -0.204100
41062  -0.204600
41063  -0.204600
41064  -0.204800
41065  -0.205100
41066  -0.205600
41067  -0.206100
41068  -0.207000
41069  -0.207000
41070  -0.207500
41071  -0.208000
41072  -0.208400
41073  -0.207800
41074  -0.208100
41075  -0.207500
41076  -0.208600
41077  -0.208500
41078  -0.209000
41079  -0.209200
41080  -0.210300
41081  -0.210500
41082  -0.210500
41083  -0.210300
41084  -0.209500
41085  -0.210000
41086  -0.209700
41087  -0.210100
41088  -0.210500
41089  -0.210000
41090  -0.209800
41091  -0.209900
41092  -0.210700
41093  -0.211300
41094  -0.210800
41095  -0.210900
41096  -0.209500
41097  -0.209900
41098  -0.209400
41099  -0.209100
41100  -0.209000
41101  -0.209200
41102  -0.209500
41103  -0.210200
41104  -0.210300
41105  -0.210000
41106  -0.210000
41107  -0.210400
41108  -0.210900
41109  -0.211100
41110  -0.211700
41111  -0.211200
41112  -0.211400
41113  -0.211000
41114  -0.210900
41115  -0.212300
41116  -0.212000
41117  -0.212200
41118  -0.212400
41119  -0.212100
41120  -0.212700
41121  -0.213200
41122  -0.212900
41123  -0.212000
41124  -0.212400
41125  -0.212200
41126  -0.211700
41127  -0.212000
41128  -0.212700
41129  -0.213000
41130  -0.213600
41131  -0.213600
41132  -0.212900
41133  -0.212800
41134  -0.212700
41135  -0.212500
41136  -0.212100
41137  -0.212100
41138  -0.212100
41139  -0.212100
41140  -0.212400
41141  -0.212200
41142  -0.212100
41143  -0.211500
41144  -0.210700
41145  -0.210300
41146  -0.210600
41147  -0.210900
41148  -0.211100
41149  -0.211100
41150  -0.211800
41151  -0.212500
41152  -0.211900
41153  -0.213000
41154  -0.212600
41155  -0.212100
41156  -0.211600
41157  -0.212200
41158  -0.211900
41159  -0.210300
41160  -0.210800
41161  -0.210400
41162  -0.210400
41163  -0.210300
41164  -0.210500
41165  -0.210600
41166  -0.211000
41167  -0.211400
41168  -0.210700
41169  -0.210900
41170  -0.211100
41171  -0.210900
41172  -0.210900
41173  -0.211100
41174  -0.212800
41175  -0.213200
41176  -0.213000
41177  -0.213600
41178  -0.213700
41179  -0.212600
41180  -0.212400
41181  -0.212000
41182  -0.212500
41183  -0.212300
41184  -0.211800
41185  -0.212500
41186  -0.212600
41187  -0.213000
41188  -0.213000
41189  -0.212400
41190  -0.212600
41191  -0.212800
41192  -0.211600
41193  -0.212100
41194  -0.211800
41195  -0.211400
41196  -0.211400
41197  -0.211300
41198  -0.210900
41199  -0.211500
41200  -0.211200
41201  -0.211500
41202  -0.211300
41203  -0.210700
41204  -0.211000
41205  -0.210700
41206  -0.210400
41207  -0.210600
41208  -0.210600
41209  -0.210400
41210  -0.211400
41211  -0.211300
41212  -0.210800
41213  -0.209700
41214  -0.210100
41215  -0.209900
41216  -0.209400
41217  -0.209600
41218  -0.210200
41219  -0.210300
41220  -0.210100
41221  -0.210800
41222  -0.211400
41223  -0.210800
41224  -0.211000
41225  -0.210300
41226  -0.210000
41227  -0.210300
41228  -0.210400
41229  -0.209600
41230  -0.210200
41231  -0.209500
41232  -0.209000
41233  -0.208400
41234  -0.207800
41235  -0.207400
41236  -0.207500
41237  -0.208400
41238  -0.208500
41239  -0.207800
41240  -0.208400
41241  -0.208600
41242  -0.207000
41243  -0.207200
41244  -0.206100
41245  -0.206600
41246  -0.207100
41247  -0.207100
41248  -0.206900
41249  -0.206900
41250  -0.207300
41251  -0.208000
41252  -0.207100
41253  -0.207500
41254  -0.207500
41255  -0.207800
41256  -0.207900
41257  -0.208500
41258  -0.207600
41259  -0.207500
41260  -0.207900
41261  -0.207400
41262  -0.208100
41263  -0.208400
41264  -0.207800
41265  -0.207700
41266  -0.207500
41267  -0.207200
41268  -0.208500
41269  -0.208200
41270  -0.208400
41271  -0.207900
41272  -0.207700
41273  -0.206700
41274  -0.206300
41275  -0.206500
41276  -0.207100
41277  -0.206500
41278  -0.206600
41279  -0.206200
41280  -0.207300
41281  -0.207400
41282  -0.207300
41283  -0.208000
41284  -0.207900
41285  -0.209100
41286  -0.209100
41287  -0.209000
41288  -0.208600
41289  -0.208500
41290  -0.208900
41291  -0.209200
41292  -0.210200
41293  -0.210300
41294  -0.210300
41295  -0.210600
41296  -0.210900
41297  -0.210900
41298  -0.211300
41299  -0.211200
41300  -0.211800
41301  -0.211300
41302  -0.211800
41303  -0.211400
41304  -0.211600
41305  -0.211200
41306  -0.211000
41307  -0.211600
41308  -0.211300
41309  -0.210800
41310  -0.210900
41311  -0.211000
41312  -0.210400
41313  -0.210400
41314  -0.210100
41315  -0.209900
41316  -0.210100
41317  -0.210900
41318  -0.210100
41319  -0.210200
41320  -0.211300
41321  -0.210500
41322  -0.210100
41323  -0.210400
41324  -0.211300
41325  -0.211300
41326  -0.211100
41327  -0.211200
41328  -0.211300
41329  -0.211500
41330  -0.211600
41331  -0.211200
41332  -0.211700
41333  -0.211800
41334  -0.211800
41335  -0.212300
41336  -0.212700
41337  -0.213100
41338  -0.212500
41339  -0.212700
41340  -0.213300
41341  -0.213800
41342  -0.212900
41343  -0.213200
41344  -0.212500
41345  -0.212500
41346  -0.212000
41347  -0.212000
41348  -0.211400
41349  -0.211200
41350  -0.211300
41351  -0.210700
41352  -0.210900
41353  -0.211400
41354  -0.211000
41355  -0.211100
41356  -0.211600
41357  -0.211900
41358  -0.211300
41359  -0.211500
41360  -0.212700
41361  -0.212400
41362  -0.212700
41363  -0.213000
41364  -0.213200
41365  -0.213100
41366  -0.213700
41367  -0.214000
41368  -0.214300
41369  -0.214300
41370  -0.214900
41371  -0.214800
41372  -0.214100
41373  -0.214400
41374  -0.214800
41375  -0.214200
41376  -0.215100
41377  -0.214400
41378  -0.214300
41379  -0.214400
41380  -0.213500
41381  -0.214100
41382  -0.214500
41383  -0.214600
41384  -0.215000
41385  -0.215400
41386  -0.216000
41387  -0.216200
41388  -0.216100
41389  -0.216400
41390  -0.216100
41391  -0.215000
41392  -0.215800
41393  -0.215800
41394  -0.215800
41395  -0.215000
41396  -0.215200
41397  -0.215100
41398  -0.214800
41399  -0.214800
41400  -0.214900
41401  -0.214400
41402  -0.215000
41403  -0.214300
41404  -0.214700
41405  -0.214700
41406  -0.214700
41407  -0.215200
41408  -0.215700
41409  -0.216000
41410  -0.215600
41411  -0.215500
41412  -0.216000
41413  -0.216000
41414  -0.215500
41415  -0.215900
41416  -0.216100
41417  -0.216200
41418  -0.216600
41419  -0.217300
41420  -0.216600
41421  -0.216700
41422  -0.216700
41423  -0.217100
41424  -0.216700
41425  -0.216500
41426  -0.216800
41427  -0.216600
41428  -0.217500
41429  -0.217500
41430  -0.217600
41431  -0.217800
41432  -0.218000
41433  -0.218300
41434  -0.218800
41435  -0.218300
41436  -0.218000
41437  -0.218200
41438  -0.218000
41439  -0.217500
41440  -0.217100
41441  -0.216200
41442  -0.216900
41443  -0.215700
41444  -0.215300
41445  -0.216400
41446  -0.216800
41447  -0.216700
41448  -0.216500
41449  -0.216600
41450  -0.216500
41451  -0.216800
41452  -0.217000
41453  -0.217000
41454  -0.216200
41455  -0.216500
41456  -0.216100
41457  -0.216000
41458  -0.216800
41459  -0.217600
41460  -0.218300
41461  -0.219000
41462  -0.218600
41463  -0.218300
41464  -0.218100
41465  -0.217800
41466  -0.217600
41467  -0.218500
41468  -0.218500
41469  -0.218400
41470  -0.218800
41471  -0.218700
41472  -0.218400
41473  -0.218000
41474  -0.217900
41475  -0.218100
41476  -0.218100
41477  -0.218200
41478  -0.217700
41479  -0.217500
41480  -0.217900
41481  -0.217300
41482  -0.218000
41483  -0.217300
41484  -0.217900
41485  -0.217700
41486  -0.217600
41487  -0.218000
41488  -0.217800
41489  -0.217400
41490  -0.216500
41491  -0.216500
41492  -0.216100
41493  -0.216200
41494  -0.216700
41495  -0.216500
41496  -0.217000
41497  -0.216200
41498  -0.215900
41499  -0.215900
41500  -0.215500
41501  -0.215200
41502  -0.215700
41503  -0.215500
41504  -0.215700
41505  -0.215500
41506  -0.215700
41507  -0.216300
41508  -0.217100
41509  -0.216400
41510  -0.216500
41511  -0.216300
41512  -0.216300
41513  -0.217500
41514  -0.217000
41515  -0.216000
41516  -0.216500
41517  -0.216300
41518  -0.215700
41519  -0.215900
41520  -0.216100
41521  -0.216700
41522  -0.216500
41523  -0.216000
41524  -0.216400
41525  -0.216700
41526  -0.216700
41527  -0.216200
41528  -0.215000
41529  -0.215400
41530  -0.215300
41531  -0.214900
41532  -0.215200
41533  -0.214900
41534  -0.214500
41535  -0.214900
41536  -0.215000
41537  -0.214300
41538  -0.214500
41539  -0.214300
41540  -0.214500
41541  -0.214800
41542  -0.215000
41543  -0.215300
41544  -0.215800
41545  -0.216500
41546  -0.216700
41547  -0.217000
41548  -0.216800
41549  -0.216100
41550  -0.216600
41551  -0.216200
41552  -0.216200
41553  -0.216500
41554  -0.216700
41555  -0.216500
41556  -0.216300
41557  -0.216100
41558  -0.216100
41559  -0.215300
41560  -0.215700
41561  -0.214400
41562  -0.213900
41563  -0.214500
41564  -0.214000
41565  -0.213500
41566  -0.212800
41567  -0.213400
41568  -0.213400
41569  -0.213400
41570  -0.212900
41571  -0.212300
41572  -0.213000
41573  -0.212800
41574  -0.213300
41575  -0.212900
41576  -0.213600
41577  -0.214000
41578  -0.214000
41579  -0.213400
41580  -0.213000
41581  -0.213400
41582  -0.212700
41583  -0.212500
41584  -0.212600
41585  -0.212700
41586  -0.212200
41587  -0.211800
41588  -0.212700
41589  -0.211800
41590  -0.212000
41591  -0.213100
41592  -0.213000
41593  -0.213400
41594  -0.213300
41595  -0.212700
41596  -0.213000
41597  -0.214600
41598  -0.215400
41599  -0.216100
41600  -0.216500
41601  -0.215800
41602  -0.216000
41603  -0.216600
41604  -0.216600
41605  -0.217300
41606  -0.217100
41607  -0.217700
41608  -0.218600
41609  -0.218200
41610  -0.218400
41611  -0.218600
41612  -0.218800
41613  -0.219500
41614  -0.219500
41615  -0.219600
41616  -0.219300
41617  -0.218100
41618  -0.218100
41619  -0.217700
41620  -0.217500
41621  -0.217700
41622  -0.217800
41623  -0.217100
41624  -0.217400
41625  -0.216800
41626  -0.216700
41627  -0.216200
41628  -0.215800
41629  -0.215200
41630  -0.214900
41631  -0.215000
41632  -0.215000
41633  -0.215000
41634  -0.215800
41635  -0.216700
41636  -0.216300
41637  -0.215000
41638  -0.215000
41639  -0.215700
41640  -0.215800
41641  -0.215600
41642  -0.216000
41643  -0.215200
41644  -0.215800
41645  -0.216000
41646  -0.215000
41647  -0.215400
41648  -0.215200
41649  -0.215300
41650  -0.214800
41651  -0.215400
41652  -0.215400
41653  -0.215200
41654  -0.215200
41655  -0.214900
41656  -0.214700
41657  -0.214600
41658  -0.215600
41659  -0.216000
41660  -0.216100
41661  -0.216100
41662  -0.217100
41663  -0.216500
41664  -0.216300
41665  -0.217100
41666  -0.217100
41667  -0.215700
41668  -0.216200
41669  -0.216500
41670  -0.217500
41671  -0.217200
41672  -0.218200
41673  -0.218500
41674  -0.218700
41675  -0.219200
41676  -0.219400
41677  -0.219400
41678  -0.219200
41679  -0.219300
41680  -0.218100
41681  -0.218600
41682  -0.219000
41683  -0.219800
41684  -0.220000
41685  -0.220900
41686  -0.220400
41687  -0.219200
41688  -0.219300
41689  -0.218900
41690  -0.218200
41691  -0.218600
41692  -0.219500
41693  -0.219200
41694  -0.218800
41695  -0.218500
41696  -0.218900
41697  -0.218700
41698  -0.218800
41699  -0.219200
41700  -0.218800
41701  -0.218100
41702  -0.217700
41703  -0.218000
41704  -0.217400
41705  -0.217000
41706  -0.216700
41707  -0.216800
41708  -0.216300
41709  -0.216000
41710  -0.216600
41711  -0.216700
41712  -0.217100
41713  -0.216900
41714  -0.216600
41715  -0.217400
41716  -0.217500
41717  -0.217700
41718  -0.218000
41719  -0.218100
41720  -0.217800
41721  -0.217600
41722  -0.218500
41723  -0.219000
41724  -0.218900
41725  -0.218500
41726  -0.219000
41727  -0.220100
41728  -0.219600
41729  -0.219400
41730  -0.219100
41731  -0.217800
41732  -0.218200
41733  -0.217500
41734  -0.217900
41735  -0.216800
41736  -0.217100
41737  -0.216000
41738  -0.216400
41739  -0.215700
41740  -0.216100
41741  -0.216300
41742  -0.216000
41743  -0.215600
41744  -0.215900
41745  -0.215600
41746  -0.215700
41747  -0.215800
41748  -0.215900
41749  -0.216000
41750  -0.216500
41751  -0.215900
41752  -0.215400
41753  -0.215100
41754  -0.215300
41755  -0.215900
41756  -0.215900
41757  -0.215600
41758  -0.216400
41759  -0.215900
41760  -0.216600
41761  -0.216800
41762  -0.216800
41763  -0.216800
41764  -0.216200
41765  -0.217600
41766  -0.218200
41767  -0.217800
41768  -0.217900
41769  -0.217400
41770  -0.217400
41771  -0.218100
41772  -0.217800
41773  -0.216400
41774  -0.216900
41775  -0.217700
41776  -0.217700
41777  -0.218100
41778  -0.218000
41779  -0.218200
41780  -0.218200
41781  -0.218100
41782  -0.218600
41783  -0.217600
41784  -0.218100
41785  -0.217200
41786  -0.217500
41787  -0.216900
41788  -0.217100
41789  -0.216900
41790  -0.216500
41791  -0.216000
41792  -0.215800
41793  -0.216100
41794  -0.216100
41795  -0.216200
41796  -0.216000
41797  -0.216000
41798  -0.215100
41799  -0.215100
41800  -0.215300
41801  -0.215300
41802  -0.215600
41803  -0.215200
41804  -0.215600
41805  -0.215500
41806  -0.214700
41807  -0.214000
41808  -0.213700
41809  -0.212900
41810  -0.212400
41811  -0.213000
41812  -0.213500
41813  -0.212800
41814  -0.212400
41815  -0.212500
41816  -0.212700
41817  -0.213600
41818  -0.213900
41819  -0.214100
41820  -0.214000
41821  -0.214800
41822  -0.215500
41823  -0.215400
41824  -0.215900
41825  -0.215800
41826  -0.215700
41827  -0.216400
41828  -0.216700
41829  -0.216600
41830  -0.217400
41831  -0.217900
41832  -0.217700
41833  -0.218100
41834  -0.217800
41835  -0.217700
41836  -0.218300
41837  -0.218200
41838  -0.218000
41839  -0.219100
41840  -0.218000
41841  -0.217800
41842  -0.218100
41843  -0.218000
41844  -0.218300
41845  -0.218800
41846  -0.218700
41847  -0.218500
41848  -0.218400
41849  -0.218100
41850  -0.218900
41851  -0.219100
41852  -0.219400
41853  -0.219800
41854  -0.219200
41855  -0.219700
41856  -0.219900
41857  -0.219300
41858  -0.219100
41859  -0.219500
41860  -0.219400
41861  -0.219600
41862  -0.220000
41863  -0.221000
41864  -0.221700
41865  -0.221300
41866  -0.222400
41867  -0.222400
41868  -0.222200
41869  -0.222800
41870  -0.222600
41871  -0.222400
41872  -0.223300
41873  -0.223800
41874  -0.224200
41875  -0.223700
41876  -0.223900
41877  -0.224600
41878  -0.224900
41879  -0.225200
41880  -0.224600
41881  -0.224200
41882  -0.224000
41883  -0.223600
41884  -0.224300
41885  -0.224400
41886  -0.224900
41887  -0.224700
41888  -0.225200
41889  -0.225300
41890  -0.225600
41891  -0.226000
41892  -0.226100
41893  -0.226400
41894  -0.226600
41895  -0.226100
41896  -0.226100
41897  -0.226400
41898  -0.226800
41899  -0.225700
41900  -0.225500
41901  -0.225000
41902  -0.224700
41903  -0.224500
41904  -0.224500
41905  -0.224700
41906  -0.223500
41907  -0.223100
41908  -0.223900
41909  -0.223300
41910  -0.222800
41911  -0.223300
41912  -0.223800
41913  -0.222800
41914  -0.223100
41915  -0.222900
41916  -0.222100
41917  -0.221600
41918  -0.221200
41919  -0.220600
41920  -0.221300
41921  -0.221800
41922  -0.222000
41923  -0.222400
41924  -0.222600
41925  -0.222700
41926  -0.223100
41927  -0.223100
41928  -0.223300
41929  -0.223900
41930  -0.224800
41931  -0.224900
41932  -0.224500
41933  -0.224200
41934  -0.224500
41935  -0.224500
41936  -0.224800
41937  -0.224900
41938  -0.225400
41939  -0.224800
41940  -0.224900
41941  -0.224300
41942  -0.224700
41943  -0.225000
41944  -0.225700
41945  -0.226900
41946  -0.226200
41947  -0.226200
41948  -0.226700
41949  -0.226900
41950  -0.227600
41951  -0.227000
41952  -0.227800
41953  -0.227600
41954  -0.227400
41955  -0.227800
41956  -0.228600
41957  -0.229100
41958  -0.228300
41959  -0.228300
41960  -0.228900
41961  -0.229100
41962  -0.228900
41963  -0.228800
41964  -0.228200
41965  -0.227800
41966  -0.227800
41967  -0.226900
41968  -0.226700
41969  -0.227000
41970  -0.227000
41971  -0.227100
41972  -0.227700
41973  -0.228000
41974  -0.228600
41975  -0.228600
41976  -0.228200
41977  -0.228500
41978  -0.228200
41979  -0.228200
41980  -0.228100
41981  -0.228100
41982  -0.227800
41983  -0.227500
41984  -0.227200
41985  -0.227200
41986  -0.226600
41987  -0.226700
41988  -0.228200
41989  -0.227900
41990  -0.227900
41991  -0.227000
41992  -0.227100
41993  -0.227100
41994  -0.227900
41995  -0.228700
41996  -0.228400
41997  -0.228200
41998  -0.228000
41999  -0.227900
42000  -0.227900
42001  -0.227900
42002  -0.228500
42003  -0.228600
42004  -0.227400
42005  -0.227400
42006  -0.227600
42007  -0.227100
42008  -0.226400
42009  -0.225700
42010  -0.225400
42011  -0.225100
42012  -0.225200
42013  -0.225500
42014  -0.226000
42015  -0.225700
42016  -0.226000
42017  -0.225200
42018  -0.225700
42019  -0.224600
42020  -0.225000
42021  -0.225500
42022  -0.225300
42023  -0.225200
42024  -0.225300
42025  -0.225400
42026  -0.225800
42027  -0.225700
42028  -0.225000
42029  -0.224600
42030  -0.224900
42031  -0.224600
42032  -0.224700
42033  -0.225300
42034  -0.225300
42035  -0.224600
42036  -0.224300
42037  -0.224000
42038  -0.223700
42039  -0.222800
42040  -0.223000
42041  -0.223100
42042  -0.223400
42043  -0.222600
42044  -0.222500
42045  -0.223200
42046  -0.223700
42047  -0.223400
42048  -0.223900
42049  -0.223700
42050  -0.223500
42051  -0.222800
42052  -0.222400
42053  -0.221900
42054  -0.222300
42055  -0.222100
42056  -0.222500
42057  -0.223100
42058  -0.223500
42059  -0.223600
42060  -0.223500
42061  -0.224400
42062  -0.224400
42063  -0.224800
42064  -0.225300
42065  -0.225100
42066  -0.225200
42067  -0.224900
42068  -0.225900
42069  -0.225500
42070  -0.225500
42071  -0.225100
42072  -0.225100
42073  -0.226700
42074  -0.226100
42075  -0.226300
42076  -0.226800
42077  -0.226800
42078  -0.226200
42079  -0.226200
42080  -0.225400
42081  -0.225200
42082  -0.225900
42083  -0.226500
42084  -0.226100
42085  -0.226200
42086  -0.225500
42087  -0.225900
42088  -0.225400
42089  -0.225500
42090  -0.225000
42091  -0.224500
42092  -0.224600
42093  -0.224500
42094  -0.225200
42095  -0.224500
42096  -0.224800
42097  -0.225800
42098  -0.226100
42099  -0.226200
42100  -0.226700
42101  -0.226200
42102  -0.226500
42103  -0.227100
42104  -0.226300
42105  -0.225600
42106  -0.225500
42107  -0.224300
42108  -0.224900
42109  -0.224500
42110  -0.224300
42111  -0.224100
42112  -0.224200
42113  -0.222600
42114  -0.222300
42115  -0.222300
42116  -0.222500
42117  -0.222000
42118  -0.221200
42119  -0.220000
42120  -0.219800
42121  -0.220000
42122  -0.220000
42123  -0.220600
42124  -0.220500
42125  -0.221800
42126  -0.222000
42127  -0.222400
42128  -0.223000
42129  -0.223500
42130  -0.222600
42131  -0.221800
42132  -0.221600
42133  -0.221500
42134  -0.221500
42135  -0.221300
42136  -0.220800
42137  -0.220500
42138  -0.220600
42139  -0.221500
42140  -0.220200
42141  -0.220000
42142  -0.219900
42143  -0.220500
42144  -0.220400
42145  -0.220400
42146  -0.220300
42147  -0.220700
42148  -0.221200
42149  -0.221100
42150  -0.221300
42151  -0.222300
42152  -0.222800
42153  -0.223700
42154  -0.224300
42155  -0.224300
42156  -0.224300
42157  -0.223800
42158  -0.223400
42159  -0.223700
42160  -0.223100
42161  -0.222200
42162  -0.222700
42163  -0.222700
42164  -0.223400
42165  -0.223900
42166  -0.223900
42167  -0.223200
42168  -0.223300
42169  -0.223600
42170  -0.222800
42171  -0.223100
42172  -0.223000
42173  -0.223100
42174  -0.222100
42175  -0.221600
42176  -0.221600
42177  -0.220600
42178  -0.220400
42179  -0.219400
42180  -0.219100
42181  -0.218900
42182  -0.218800
42183  -0.218400
42184  -0.218800
42185  -0.219400
42186  -0.219800
42187  -0.219200
42188  -0.221400
42189  -0.223000
42190  -0.223200
42191  -0.223400
42192  -0.223500
42193  -0.223400
42194  -0.223000
42195  -0.222200
42196  -0.222200
42197  -0.222300
42198  -0.223000
42199  -0.223800
42200  -0.224700
42201  -0.224300
42202  -0.224400
42203  -0.223900
42204  -0.223800
42205  -0.223800
42206  -0.223300
42207  -0.223900
42208  -0.223600
42209  -0.224500
42210  -0.223900
42211  -0.224100
42212  -0.222400
42213  -0.222000
42214  -0.222100
42215  -0.222800
42216  -0.223200
42217  -0.222700
42218  -0.223500
42219  -0.223500
42220  -0.223500
42221  -0.223900
42222  -0.223000
42223  -0.222300
42224  -0.222800
42225  -0.222300
42226  -0.222600
42227  -0.222400
42228  -0.222600
42229  -0.222700
42230  -0.222600
42231  -0.223200
42232  -0.223600
42233  -0.223200
42234  -0.224400
42235  -0.222900
42236  -0.222600
42237  -0.222600
42238  -0.222300
42239  -0.221500
42240  -0.220600
42241  -0.220700
42242  -0.221200
42243  -0.221400
42244  -0.221100
42245  -0.221200
42246  -0.221200
42247  -0.221000
42248  -0.221100
42249  -0.220200
42250  -0.219500
42251  -0.220200
42252  -0.220400
42253  -0.220200
42254  -0.220900
42255  -0.219800
42256  -0.220300
42257  -0.219700
42258  -0.219700
42259  -0.221300
42260  -0.221700
42261  -0.221600
42262  -0.222200
42263  -0.221400
42264  -0.220700
42265  -0.220600
42266  -0.221100
42267  -0.222100
42268  -0.221700
42269  -0.222400
42270  -0.222200
42271  -0.221700
42272  -0.222100
42273  -0.221600
42274  -0.220900
42275  -0.222000
42276  -0.221600
42277  -0.220700
42278  -0.220900
42279  -0.221000
42280  -0.221500
42281  -0.220700
42282  -0.220200
42283  -0.220300
42284  -0.220200
42285  -0.220000
42286  -0.219300
42287  -0.219200
42288  -0.219400
42289  -0.219600
42290  -0.218800
42291  -0.219700
42292  -0.220100
42293  -0.220000
42294  -0.219600
42295  -0.219500
42296  -0.219700
42297  -0.219500
42298  -0.218800
42299  -0.219200
42300  -0.218900
42301  -0.219000
42302  -0.218700
42303  -0.218600
42304  -0.218700
42305  -0.218400
42306  -0.218600
42307  -0.218700
42308  -0.217300
42309  -0.217000
42310  -0.216600
42311  -0.216500
42312  -0.216800
42313  -0.217300
42314  -0.217800
42315  -0.217200
42316  -0.216600
42317  -0.216900
42318  -0.217000
42319  -0.217100
42320  -0.217900
42321  -0.217600
42322  -0.218400
42323  -0.218300
42324  -0.218100
42325  -0.218800
42326  -0.218600
42327  -0.218700
42328  -0.218700
42329  -0.218500
42330  -0.218600
42331  -0.218500
42332  -0.218800
42333  -0.217600
42334  -0.217900
42335  -0.217900
42336  -0.217700
42337  -0.217100
42338  -0.216900
42339  -0.217200
42340  -0.217400
42341  -0.217300
42342  -0.216400
42343  -0.216100
42344  -0.216000
42345  -0.217000
42346  -0.217400
42347  -0.218000
42348  -0.217600
42349  -0.217000
42350  -0.216800
42351  -0.217400
42352  -0.217200
42353  -0.217200
42354  -0.217100
42355  -0.216000
42356  -0.215900
42357  -0.216000
42358  -0.215300
42359  -0.215400
42360  -0.215400
42361  -0.215000
42362  -0.215400
42363  -0.215700
42364  -0.215700
42365  -0.214900
42366  -0.215200
42367  -0.215300
42368  -0.215100
42369  -0.215100
42370  -0.215800
42371  -0.216300
42372  -0.217100
42373  -0.217500
42374  -0.217300
42375  -0.217600
42376  -0.217700
42377  -0.218200
42378  -0.218900
42379  -0.218800
42380  -0.218700
42381  -0.217800
42382  -0.217900
42383  -0.217400
42384  -0.217300
42385  -0.217200
42386  -0.216300
42387  -0.216200
42388  -0.215600
42389  -0.216100
42390  -0.215800
42391  -0.215400
42392  -0.214500
42393  -0.214700
42394  -0.214400
42395  -0.214200
42396  -0.215000
42397  -0.215000
42398  -0.215500
42399  -0.215900
42400  -0.215800
42401  -0.216000
42402  -0.215800
42403  -0.215700
42404  -0.216200
42405  -0.216600
42406  -0.215900
42407  -0.216800
42408  -0.218000
42409  -0.218000
42410  -0.219000
42411  -0.218900
42412  -0.219100
42413  -0.218900
42414  -0.217300
42415  -0.216400
42416  -0.216600
42417  -0.215800
42418  -0.216500
42419  -0.215500
42420  -0.214500
42421  -0.214600
42422  -0.215200
42423  -0.214200
42424  -0.213800
42425  -0.213500
42426  -0.213000
42427  -0.212600
42428  -0.213000
42429  -0.212400
42430  -0.212400
42431  -0.212700
42432  -0.212300
42433  -0.212200
42434  -0.212700
42435  -0.211700
42436  -0.211500
42437  -0.211000
42438  -0.211500
42439  -0.212600
42440  -0.212700
42441  -0.212900
42442  -0.213300
42443  -0.214100
42444  -0.213900
42445  -0.214300
42446  -0.215000
42447  -0.214600
42448  -0.213100
42449  -0.213100
42450  -0.213000
42451  -0.213600
42452  -0.213100
42453  -0.213100
42454  -0.212300
42455  -0.212300
42456  -0.212400
42457  -0.212400
42458  -0.212200
42459  -0.212300
42460  -0.211600
42461  -0.211700
42462  -0.210900
42463  -0.211600
42464  -0.211200
42465  -0.212300
42466  -0.211700
42467  -0.212300
42468  -0.212900
42469  -0.212300
42470  -0.211800
42471  -0.211800
42472  -0.212500
42473  -0.213000
42474  -0.212500
42475  -0.213100
42476  -0.212400
42477  -0.212000
42478  -0.211900
42479  -0.212700
42480  -0.212800
42481  -0.213400
42482  -0.214600
42483  -0.214500
42484  -0.215000
42485  -0.215200
42486  -0.215600
42487  -0.215000
42488  -0.216100
42489  -0.216300
42490  -0.216400
42491  -0.216000
42492  -0.215600
42493  -0.215000
42494  -0.214900
42495  -0.214700
42496  -0.214000
42497  -0.214800
42498  -0.215500
42499  -0.216200
42500  -0.215900
42501  -0.215700
42502  -0.216000
42503  -0.216300
42504  -0.216400
42505  -0.216800
42506  -0.216200
42507  -0.216300
42508  -0.215800
42509  -0.214900
42510  -0.215300
42511  -0.215400
42512  -0.215700
42513  -0.216200
42514  -0.216800
42515  -0.216900
42516  -0.216800
42517  -0.216800
42518  -0.216300
42519  -0.215900
42520  -0.215700
42521  -0.215200
42522  -0.215100
42523  -0.215000
42524  -0.214400
42525  -0.214200
42526  -0.214600
42527  -0.214900
42528  -0.215400
42529  -0.214800
42530  -0.214900
42531  -0.215300
42532  -0.216200
42533  -0.215900
42534  -0.216200
42535  -0.215900
42536  -0.215700
42537  -0.215300
42538  -0.214800
42539  -0.215400
42540  -0.215700
42541  -0.216200
42542  -0.215000
42543  -0.214700
42544  -0.215100
42545  -0.214900
42546  -0.215500
42547  -0.216100
42548  -0.215700
42549  -0.215800
42550  -0.216300
42551  -0.216800
42552  -0.216400
42553  -0.216400
42554  -0.217200
42555  -0.217200
42556  -0.217300
42557  -0.216700
42558  -0.216900
42559  -0.218000
42560  -0.218100
42561  -0.218400
42562  -0.218300
42563  -0.217800
42564  -0.218000
42565  -0.217500
42566  -0.218100
42567  -0.218700
42568  -0.219800
42569  -0.219500
42570  -0.218800
42571  -0.218500
42572  -0.219000
42573  -0.219400
42574  -0.219200
42575  -0.219300
42576  -0.219800
42577  -0.221000
42578  -0.221100
42579  -0.220600
42580  -0.221000
42581  -0.220300
42582  -0.220800
42583  -0.220800
42584  -0.219900
42585  -0.219700
42586  -0.220700
42587  -0.221400
42588  -0.221200
42589  -0.220500
42590  -0.220000
42591  -0.220400
42592  -0.219800
42593  -0.220600
42594  -0.220000
42595  -0.219400
42596  -0.219800
42597  -0.219400
42598  -0.218400
42599  -0.218600
42600  -0.218000
42601  -0.218400
42602  -0.218800
42603  -0.219600
42604  -0.220200
42605  -0.220200
42606  -0.219900
42607  -0.220100
42608  -0.219400
42609  -0.219400
42610  -0.219400
42611  -0.219200
42612  -0.219100
42613  -0.219800
42614  -0.219600
42615  -0.219100
42616  -0.219800
42617  -0.218900
42618  -0.219300
42619  -0.219100
42620  -0.219300
42621  -0.219400
42622  -0.219200
42623  -0.218400
42624  -0.218400
42625  -0.218800
42626  -0.219400
42627  -0.219600
42628  -0.218900
42629  -0.219600
42630  -0.219900
42631  -0.219400
42632  -0.219700
42633  -0.220800
42634  -0.221400
42635  -0.222300
42636  -0.222100
42637  -0.222200
42638  -0.221100
42639  -0.220600
42640  -0.221700
42641  -0.221200
42642  -0.221200
42643  -0.221400
42644  -0.220500
42645  -0.220000
42646  -0.219700
42647  -0.219500
42648  -0.218600
42649  -0.219500
42650  -0.219700
42651  -0.219700
42652  -0.218600
42653  -0.218500
42654  -0.217900
42655  -0.217900
42656  -0.217900
42657  -0.217800
42658  -0.218900
42659  -0.218800
42660  -0.218400
42661  -0.219700
42662  -0.220400
42663  -0.220600
42664  -0.220400
42665  -0.220400
42666  -0.220500
42667  -0.220800
42668  -0.221400
42669  -0.221400
42670  -0.221300
42671  -0.220900
42672  -0.221200
42673  -0.220600
42674  -0.220500
42675  -0.220500
42676  -0.220700
42677  -0.220500
42678  -0.220200
42679  -0.220400
42680  -0.220800
42681  -0.220800
42682  -0.220200
42683  -0.219900
42684  -0.219700
42685  -0.219000
42686  -0.218700
42687  -0.218800
42688  -0.218700
42689  -0.218900
42690  -0.217500
42691  -0.218200
42692  -0.218800
42693  -0.218700
42694  -0.218300
42695  -0.218800
42696  -0.219400
42697  -0.220200
42698  -0.220500
42699  -0.220500
42700  -0.220800
42701  -0.220800
42702  -0.219600
42703  -0.220400
42704  -0.220000
42705  -0.219200
42706  -0.219300
42707  -0.219300
42708  -0.219200
42709  -0.218700
42710  -0.217700
42711  -0.217800
42712  -0.217900
42713  -0.217600
42714  -0.217400
42715  -0.217500
42716  -0.217400
42717  -0.217400
42718  -0.217200
42719  -0.216800
42720  -0.216600
42721  -0.216500
42722  -0.215700
42723  -0.215700
42724  -0.215800
42725  -0.216200
42726  -0.216400
42727  -0.216900
42728  -0.216400
42729  -0.216000
42730  -0.215500
42731  -0.215100
42732  -0.215200
42733  -0.216400
42734  -0.215100
42735  -0.214900
42736  -0.215300
42737  -0.215800
42738  -0.216500
42739  -0.215300
42740  -0.216700
42741  -0.216000
42742  -0.216300
42743  -0.216700
42744  -0.216400
42745  -0.215300
42746  -0.214800
42747  -0.215000
42748  -0.215200
42749  -0.215100
42750  -0.214400
42751  -0.214600
42752  -0.214200
42753  -0.213900
42754  -0.213400
42755  -0.213800
42756  -0.214100
42757  -0.213000
42758  -0.213600
42759  -0.213700
42760  -0.213800
42761  -0.214400
42762  -0.213900
42763  -0.213100
42764  -0.212900
42765  -0.213400
42766  -0.214100
42767  -0.214900
42768  -0.215600
42769  -0.213700
42770  -0.213800
42771  -0.214500
42772  -0.213900
42773  -0.214200
42774  -0.213400
42775  -0.213400
42776  -0.213500
42777  -0.214300
42778  -0.214500
42779  -0.214500
42780  -0.214100
42781  -0.215500
42782  -0.215400
42783  -0.213900
42784  -0.214000
42785  -0.213900
42786  -0.214400
42787  -0.214000
42788  -0.215200
42789  -0.214400
42790  -0.213600
42791  -0.213300
42792  -0.212000
42793  -0.212000
42794  -0.211900
42795  -0.211400
42796  -0.211500
42797  -0.211000
42798  -0.210600
42799  -0.210300
42800  -0.211300
42801  -0.210700
42802  -0.210300
42803  -0.210500
42804  -0.210200
42805  -0.210100
42806  -0.211000
42807  -0.209800
42808  -0.210200
42809  -0.209600
42810  -0.209700
42811  -0.209000
42812  -0.209000
42813  -0.208500
42814  -0.208700
42815  -0.209100
42816  -0.209100
42817  -0.207900
42818  -0.208400
42819  -0.208500
42820  -0.209300
42821  -0.208800
42822  -0.208200
42823  -0.208700
42824  -0.209200
42825  -0.209300
42826  -0.209500
42827  -0.210100
42828  -0.210600
42829  -0.211300
42830  -0.211000
42831  -0.211200
42832  -0.210800
42833  -0.210900
42834  -0.211000
42835  -0.211300
42836  -0.211800
42837  -0.212200
42838  -0.213000
42839  -0.213100
42840  -0.213800
42841  -0.213700
42842  -0.213300
42843  -0.213000
42844  -0.213200
42845  -0.214400
42846  -0.214200
42847  -0.214100
42848  -0.214600
42849  -0.215900
42850  -0.216300
42851  -0.216400
42852  -0.216400
42853  -0.216200
42854  -0.216400
42855  -0.216400
42856  -0.215900
42857  -0.216000
42858  -0.216100
42859  -0.215800
42860  -0.215900
42861  -0.215200
42862  -0.215200
42863  -0.215300
42864  -0.216300
42865  -0.216200
42866  -0.216900
42867  -0.217800
42868  -0.217200
42869  -0.217800
42870  -0.217400
42871  -0.217200
42872  -0.218000
42873  -0.218100
42874  -0.219000
42875  -0.218700
42876  -0.219000
42877  -0.218600
42878  -0.219200
42879  -0.218800
42880  -0.218400
42881  -0.218000
42882  -0.217800
42883  -0.217500
42884  -0.217500
42885  -0.217600
42886  -0.217600
42887  -0.218100
42888  -0.217900
42889  -0.218000
42890  -0.218100
42891  -0.218100
42892  -0.218800
42893  -0.219600
42894  -0.219400
42895  -0.219900
42896  -0.219600
42897  -0.219500
42898  -0.219300
42899  -0.219300
42900  -0.219200
42901  -0.219200
42902  -0.219600
42903  -0.219300
42904  -0.218900
42905  -0.218400
42906  -0.217600
42907  -0.218300
42908  -0.218700
42909  -0.219000
42910  -0.219500
42911  -0.219100
42912  -0.219400
42913  -0.219400
42914  -0.220000
42915  -0.220000
42916  -0.220300
42917  -0.220400
42918  -0.220400
42919  -0.220800
42920  -0.221200
42921  -0.221000
42922  -0.221500
42923  -0.221200
42924  -0.221100
42925  -0.221600
42926  -0.221700
42927  -0.221600
42928  -0.222000
42929  -0.221600
42930  -0.222000
42931  -0.222000
42932  -0.221800
42933  -0.221900
42934  -0.222100
42935  -0.221700
42936  -0.221700
42937  -0.222200
42938  -0.222000
42939  -0.222200
42940  -0.222300
42941  -0.221500
42942  -0.221900
42943  -0.221800
42944  -0.222500
42945  -0.222600
42946  -0.222200
42947  -0.222600
42948  -0.222300
42949  -0.222300
42950  -0.222500
42951  -0.222300
42952  -0.222800
42953  -0.221700
42954  -0.221100
42955  -0.221300
42956  -0.221500
42957  -0.221800
42958  -0.221700
42959  -0.221800
42960  -0.221400
42961  -0.221700
42962  -0.222000
42963  -0.221500
42964  -0.222100
42965  -0.222400
42966  -0.221900
42967  -0.221400
42968  -0.220300
42969  -0.220300
42970  -0.221200
42971  -0.221600
42972  -0.221600
42973  -0.221800
42974  -0.221500
42975  -0.221700
42976  -0.220900
42977  -0.220800
42978  -0.221600
42979  -0.221700
42980  -0.221900
42981  -0.221900
42982  -0.222000
42983  -0.222500
42984  -0.222100
42985  -0.221600
42986  -0.222100
42987  -0.222000
42988  -0.222700
42989  -0.222200
42990  -0.223200
42991  -0.222100
42992  -0.221700
42993  -0.221600
42994  -0.221900
42995  -0.221200
42996  -0.221700
42997  -0.221200
42998  -0.220100
42999  -0.220200
43000  -0.220000
43001  -0.219900
43002  -0.219200
43003  -0.218300
43004  -0.218400
43005  -0.217600
43006  -0.216900
43007  -0.217000
43008  -0.217600
43009  -0.218100
43010  -0.218300
43011  -0.218800
43012  -0.218600
43013  -0.218900
43014  -0.219200
43015  -0.218900
43016  -0.220200
43017  -0.219600
43018  -0.220500
43019  -0.220400
43020  -0.220100
43021  -0.221000
43022  -0.220900
43023  -0.221000
43024  -0.221400
43025  -0.220600
43026  -0.221100
43027  -0.220400
43028  -0.220400
43029  -0.221100
43030  -0.220200
43031  -0.220100
43032  -0.219900
43033  -0.219800
43034  -0.219600
43035  -0.220000
43036  -0.219600
43037  -0.220300
43038  -0.220600
43039  -0.220800
43040  -0.221100
43041  -0.221100
43042  -0.220900
43043  -0.220900
43044  -0.220600
43045  -0.220800
43046  -0.221200
43047  -0.220800
43048  -0.220700
43049  -0.221100
43050  -0.220700
43051  -0.220900
43052  -0.221100
43053  -0.220800
43054  -0.220900
43055  -0.221800
43056  -0.222800
43057  -0.223500
43058  -0.223500
43059  -0.224200
43060  -0.224200
43061  -0.224000
43062  -0.223100
43063  -0.222900
43064  -0.222200
43065  -0.222500
43066  -0.222900
43067  -0.223000
43068  -0.224000
43069  -0.224500
43070  -0.225000
43071  -0.224600
43072  -0.224600
43073  -0.224200
43074  -0.225500
43075  -0.226200
43076  -0.226300
43077  -0.226200
43078  -0.226200
43079  -0.225200
43080  -0.226000
43081  -0.226300
43082  -0.226500
43083  -0.227300
43084  -0.226800
43085  -0.227300
43086  -0.227300
43087  -0.226300
43088  -0.227300
43089  -0.227400
43090  -0.226400
43091  -0.226000
43092  -0.226100
43093  -0.226200
43094  -0.226500
43095  -0.226100
43096  -0.226400
43097  -0.226600
43098  -0.227100
43099  -0.226900
43100  -0.226800
43101  -0.227800
43102  -0.228000
43103  -0.227700
43104  -0.228600
43105  -0.228000
43106  -0.228200
43107  -0.228200
43108  -0.228500
43109  -0.227600
43110  -0.226800
43111  -0.226700
43112  -0.226600
43113  -0.226800
43114  -0.226900
43115  -0.227300
43116  -0.227400
43117  -0.228000
43118  -0.227800
43119  -0.228100
43120  -0.227700
43121  -0.228200
43122  -0.228000
43123  -0.228400
43124  -0.228900
43125  -0.228400
43126  -0.228400
43127  -0.227800
43128  -0.227500
43129  -0.228100
43130  -0.227900
43131  -0.228300
43132  -0.228300
43133  -0.227600
43134  -0.228000
43135  -0.227500
43136  -0.228200
43137  -0.227200
43138  -0.227000
43139  -0.227100
43140  -0.226700
43141  -0.226300
43142  -0.227100
43143  -0.226800
43144  -0.227200
43145  -0.226000
43146  -0.225600
43147  -0.225500
43148  -0.225300
43149  -0.225300
43150  -0.224500
43151  -0.224300
43152  -0.223700
43153  -0.224100
43154  -0.223900
43155  -0.224400
43156  -0.224800
43157  -0.224700
43158  -0.224600
43159  -0.225100
43160  -0.224100
43161  -0.224100
43162  -0.224100
43163  -0.224000
43164  -0.223600
43165  -0.222600
43166  -0.223000
43167  -0.223400
43168  -0.223600
43169  -0.223600
43170  -0.223500
43171  -0.223800
43172  -0.223600
43173  -0.223000
43174  -0.222900
43175  -0.222700
43176  -0.223100
43177  -0.222100
43178  -0.222600
43179  -0.223000
43180  -0.222800
43181  -0.222200
43182  -0.222000
43183  -0.222300
43184  -0.221900
43185  -0.221800
43186  -0.222200
43187  -0.223700
43188  -0.224700
43189  -0.225100
43190  -0.225600
43191  -0.225800
43192  -0.226000
43193  -0.225700
43194  -0.226000
43195  -0.226200
43196  -0.226100
43197  -0.225700
43198  -0.225900
43199  -0.226500
43200  -0.226500
43201  -0.227200
43202  -0.227400
43203  -0.227400
43204  -0.227400
43205  -0.228000
43206  -0.229000
43207  -0.228200
43208  -0.228500
43209  -0.228400
43210  -0.229500
43211  -0.229400
43212  -0.230000
43213  -0.230700
43214  -0.230700
43215  -0.230700
43216  -0.230000
43217  -0.229600
43218  -0.229600
43219  -0.229400
43220  -0.229400
43221  -0.228800
43222  -0.228600
43223  -0.229100
43224  -0.229100
43225  -0.229200
43226  -0.229000
43227  -0.229300
43228  -0.229600
43229  -0.229800
43230  -0.229700
43231  -0.229600
43232  -0.229000
43233  -0.228000
43234  -0.227800
43235  -0.228200
43236  -0.229200
43237  -0.229000
43238  -0.228600
43239  -0.228700
43240  -0.229200
43241  -0.229600
43242  -0.229800
43243  -0.229500
43244  -0.229600
43245  -0.228700
43246  -0.227500
43247  -0.227900
43248  -0.227500
43249  -0.226600
43250  -0.225700
43251  -0.226400
43252  -0.226400
43253  -0.226400
43254  -0.227000
43255  -0.227700
43256  -0.228500
43257  -0.228900
43258  -0.228100
43259  -0.229000
43260  -0.229200
43261  -0.228700
43262  -0.229600
43263  -0.228900
43264  -0.228600
43265  -0.229600
43266  -0.229100
43267  -0.229600
43268  -0.229500
43269  -0.229900
43270  -0.230200
43271  -0.230600
43272  -0.230800
43273  -0.230100
43274  -0.230000
43275  -0.229600
43276  -0.229700
43277  -0.230200
43278  -0.230300
43279  -0.231400
43280  -0.230600
43281  -0.230700
43282  -0.230700
43283  -0.230500
43284  -0.231100
43285  -0.231700
43286  -0.231100
43287  -0.231300
43288  -0.231400
43289  -0.231200
43290  -0.231500
43291  -0.231500
43292  -0.232200
43293  -0.232300
43294  -0.232000
43295  -0.232700
43296  -0.231600
43297  -0.231700
43298  -0.232300
43299  -0.231300
43300  -0.230100
43301  -0.230100
43302  -0.229500
43303  -0.229100
43304  -0.229100
43305  -0.229500
43306  -0.229800
43307  -0.230600
43308  -0.230800
43309  -0.232300
43310  -0.231900
43311  -0.231100
43312  -0.231800
43313  -0.232800
43314  -0.233200
43315  -0.233800
43316  -0.234200
43317  -0.234600
43318  -0.235900
43319  -0.236200
43320  -0.237000
43321  -0.237300
43322  -0.237300
43323  -0.237400
43324  -0.237900
43325  -0.237800
43326  -0.237800
43327  -0.238100
43328  -0.238500
43329  -0.238800
43330  -0.239000
43331  -0.239800
43332  -0.239800
43333  -0.239300
43334  -0.238800
43335  -0.238800
43336  -0.239400
43337  -0.239900
43338  -0.240200
43339  -0.239100
43340  -0.238800
43341  -0.238600
43342  -0.239100
43343  -0.239900
43344  -0.239500
43345  -0.240200
43346  -0.240500
43347  -0.240100
43348  -0.239900
43349  -0.240100
43350  -0.239900
43351  -0.240600
43352  -0.240800
43353  -0.240600
43354  -0.241200
43355  -0.240100
43356  -0.239500
43357  -0.239200
43358  -0.239000
43359  -0.239100
43360  -0.239700
43361  -0.239300
43362  -0.239200
43363  -0.239000
43364  -0.238400
43365  -0.238900
43366  -0.239100
43367  -0.238400
43368  -0.239600
43369  -0.239000
43370  -0.238200
43371  -0.237700
43372  -0.237200
43373  -0.237400
43374  -0.238000
43375  -0.237500
43376  -0.237300
43377  -0.236700
43378  -0.236400
43379  -0.237300
43380  -0.237100
43381  -0.236900
43382  -0.237300
43383  -0.237500
43384  -0.238200
43385  -0.237300
43386  -0.238500
43387  -0.238800
43388  -0.238900
43389  -0.239300
43390  -0.240300
43391  -0.240800
43392  -0.240900
43393  -0.241200
43394  -0.241200
43395  -0.241000
43396  -0.240700
43397  -0.240400
43398  -0.240400
43399  -0.239700
43400  -0.239800
43401  -0.240300
43402  -0.240400
43403  -0.239400
43404  -0.239200
43405  -0.239000
43406  -0.239700
43407  -0.240500
43408  -0.240900
43409  -0.241400
43410  -0.241200
43411  -0.242100
43412  -0.242200
43413  -0.242200
43414  -0.242600
43415  -0.241500
43416  -0.241500
43417  -0.241400
43418  -0.241800
43419  -0.242500
43420  -0.243300
43421  -0.242400
43422  -0.242100
43423  -0.242100
43424  -0.242500
43425  -0.242500
43426  -0.242000
43427  -0.241600
43428  -0.241500
43429  -0.241800
43430  -0.242100
43431  -0.242700
43432  -0.243000
43433  -0.243700
43434  -0.242600
43435  -0.243000
43436  -0.243300
43437  -0.242500
43438  -0.242300
43439  -0.242400
43440  -0.242500
43441  -0.242400
43442  -0.241800
43443  -0.241600
43444  -0.241400
43445  -0.242200
43446  -0.241400
43447  -0.241700
43448  -0.241000
43449  -0.241100
43450  -0.241700
43451  -0.241400
43452  -0.240300
43453  -0.240900
43454  -0.241200
43455  -0.241500
43456  -0.241300
43457  -0.240900
43458  -0.240200
43459  -0.240800
43460  -0.240100
43461  -0.239800
43462  -0.240500
43463  -0.241200
43464  -0.241400
43465  -0.241900
43466  -0.241900
43467  -0.242200
43468  -0.242300
43469  -0.242200
43470  -0.242000
43471  -0.242800
43472  -0.241800
43473  -0.241700
43474  -0.240800
43475  -0.241700
43476  -0.241800
43477  -0.242200
43478  -0.242900
43479  -0.243400
43480  -0.243000
43481  -0.243000
43482  -0.242700
43483  -0.242600
43484  -0.242100
43485  -0.242500
43486  -0.242100
43487  -0.242200
43488  -0.242000
43489  -0.242100
43490  -0.242300
43491  -0.241600
43492  -0.242300
43493  -0.242300
43494  -0.241500
43495  -0.242200
43496  -0.243200
43497  -0.243200
43498  -0.244100
43499  -0.243900
43500  -0.242600
43501  -0.242600
43502  -0.241400
43503  -0.241400
43504  -0.241100
43505  -0.240900
43506  -0.241200
43507  -0.241900
43508  -0.242300
43509  -0.242400
43510  -0.242100
43511  -0.241700
43512  -0.242200
43513  -0.242000
43514  -0.242600
43515  -0.242400
43516  -0.242200
43517  -0.241500
43518  -0.241400
43519  -0.241400
43520  -0.241100
43521  -0.240600
43522  -0.241200
43523  -0.240300
43524  -0.240700
43525  -0.240700
43526  -0.240300
43527  -0.241300
43528  -0.240900
43529  -0.241200
43530  -0.241700
43531  -0.240500
43532  -0.240400
43533  -0.240000
43534  -0.240100
43535  -0.239600
43536  -0.240500
43537  -0.241200
43538  -0.241600
43539  -0.241000
43540  -0.241400
43541  -0.241600
43542  -0.241900
43543  -0.240600
43544  -0.240900
43545  -0.240700
43546  -0.240000
43547  -0.240400
43548  -0.240000
43549  -0.240000
43550  -0.240200
43551  -0.240100
43552  -0.240300
43553  -0.240400
43554  -0.240000
43555  -0.240700
43556  -0.240600
43557  -0.240800
43558  -0.241800
43559  -0.240700
43560  -0.241100
43561  -0.241000
43562  -0.241000
43563  -0.241500
43564  -0.241200
43565  -0.241700
43566  -0.242300
43567  -0.242100
43568  -0.241400
43569  -0.240900
43570  -0.241000
43571  -0.239400
43572  -0.237900
43573  -0.237600
43574  -0.238600
43575  -0.238300
43576  -0.239000
43577  -0.239600
43578  -0.238400
43579  -0.239400
43580  -0.238300
43581  -0.238600
43582  -0.239000
43583  -0.238400
43584  -0.238400
43585  -0.238900
43586  -0.239300
43587  -0.238900
43588  -0.238600
43589  -0.238500
43590  -0.238100
43591  -0.237400
43592  -0.238100
43593  -0.238000
43594  -0.237400
43595  -0.238300
43596  -0.238900
43597  -0.240100
43598  -0.239500
43599  -0.239200
43600  -0.239200
43601  -0.239500
43602  -0.239700
43603  -0.240100
43604  -0.240900
43605  -0.240500
43606  -0.240200
43607  -0.240400
43608  -0.240500
43609  -0.240700
43610  -0.240300
43611  -0.240200
43612  -0.239900
43613  -0.239600
43614  -0.240300
43615  -0.240700
43616  -0.240400
43617  -0.239400
43618  -0.239400
43619  -0.239300
43620  -0.239100
43621  -0.238900
43622  -0.238700
43623  -0.238900
43624  -0.239600
43625  -0.238600
43626  -0.238400
43627  -0.238900
43628  -0.239200
43629  -0.239900
43630  -0.239800
43631  -0.238900
43632  -0.238700
43633  -0.239400
43634  -0.239300
43635  -0.239600
43636  -0.239300
43637  -0.239800
43638  -0.239600
43639  -0.239800
43640  -0.239500
43641  -0.239300
43642  -0.239300
43643  -0.238600
43644  -0.238200
43645  -0.238500
43646  -0.239200
43647  -0.238300
43648  -0.238500
43649  -0.237300
43650  -0.237400
43651  -0.237400
43652  -0.238100
43653  -0.237900
43654  -0.237300
43655  -0.238200
43656  -0.238500
43657  -0.238400
43658  -0.238400
43659  -0.238000
43660  -0.237400
43661  -0.237100
43662  -0.237300
43663  -0.236800
43664  -0.237300
43665  -0.237700
43666  -0.237500
43667  -0.236800
43668  -0.236500
43669  -0.236400
43670  -0.236400
43671  -0.236600
43672  -0.236900
43673  -0.237700
43674  -0.237400
43675  -0.236700
43676  -0.236100
43677  -0.235500
43678  -0.235400
43679  -0.234900
43680  -0.234200
43681  -0.234600
43682  -0.234200
43683  -0.234500
43684  -0.235000
43685  -0.236000
43686  -0.235700
43687  -0.236300
43688  -0.235800
43689  -0.236200
43690  -0.235200
43691  -0.234700
43692  -0.234800
43693  -0.234300
43694  -0.233400
43695  -0.232400
43696  -0.232500
43697  -0.232100
43698  -0.231900
43699  -0.231600
43700  -0.232000
43701  -0.233700
43702  -0.233500
43703  -0.233600
43704  -0.233400
43705  -0.234100
43706  -0.234600
43707  -0.234500
43708  -0.234100
43709  -0.234500
43710  -0.233700
43711  -0.233600
43712  -0.234600
43713  -0.235200
43714  -0.235300
43715  -0.234800
43716  -0.234700
43717  -0.234100
43718  -0.234000
43719  -0.234500
43720  -0.233900
43721  -0.233700
43722  -0.234000
43723  -0.233500
43724  -0.232700
43725  -0.232000
43726  -0.231800
43727  -0.232000
43728  -0.232100
43729  -0.232700
43730  -0.233100
43731  -0.233100
43732  -0.232200
43733  -0.232200
43734  -0.231900
43735  -0.231800
43736  -0.232000
43737  -0.231600
43738  -0.231000
43739  -0.230900
43740  -0.230800
43741  -0.230300
43742  -0.230400
43743  -0.230700
43744  -0.230200
43745  -0.230700
43746  -0.230600
43747  -0.230100
43748  -0.230200
43749  -0.230400
43750  -0.230100
43751  -0.230200
43752  -0.229300
43753  -0.230000
43754  -0.230100
43755  -0.229200
43756  -0.228300
43757  -0.227900
43758  -0.228200
43759  -0.229000
43760  -0.227400
43761  -0.227700
43762  -0.226600
43763  -0.226100
43764  -0.226300
43765  -0.226600
43766  -0.226000
43767  -0.225400
43768  -0.225200
43769  -0.225800
43770  -0.226400
43771  -0.227300
43772  -0.227900
43773  -0.227400
43774  -0.227200
43775  -0.226100
43776  -0.226600
43777  -0.225700
43778  -0.226300
43779  -0.226700
43780  -0.227300
43781  -0.228600
43782  -0.228200
43783  -0.227300
43784  -0.227900
43785  -0.227600
43786  -0.226900
43787  -0.226700
43788  -0.226500
43789  -0.227000
43790  -0.228000
43791  -0.227600
43792  -0.228400
43793  -0.228100
43794  -0.228100
43795  -0.228000
43796  -0.228800
43797  -0.228900
43798  -0.229200
43799  -0.230200
43800  -0.230000
43801  -0.230300
43802  -0.229500
43803  -0.230700
43804  -0.230600
43805  -0.230700
43806  -0.231400
43807  -0.232400
43808  -0.232800
43809  -0.233100
43810  -0.232700
43811  -0.232400
43812  -0.232900
43813  -0.233500
43814  -0.233200
43815  -0.232600
43816  -0.231600
43817  -0.230900
43818  -0.230700
43819  -0.230500
43820  -0.230400
43821  -0.230000
43822  -0.229600
43823  -0.229200
43824  -0.229500
43825  -0.228800
43826  -0.228600
43827  -0.229000
43828  -0.228900
43829  -0.228700
43830  -0.229000
43831  -0.228400
43832  -0.227700
43833  -0.227600
43834  -0.228100
43835  -0.227800
43836  -0.227500
43837  -0.227700
43838  -0.228900
43839  -0.229400
43840  -0.228800
43841  -0.229300
43842  -0.229700
43843  -0.229400
43844  -0.228800
43845  -0.230200
43846  -0.230500
43847  -0.230400
43848  -0.230300
43849  -0.231200
43850  -0.230500
43851  -0.231400
43852  -0.232000
43853  -0.233000
43854  -0.233600
43855  -0.233600
43856  -0.233700
43857  -0.234400
43858  -0.234200
43859  -0.234000
43860  -0.234300
43861  -0.234800
43862  -0.236000
43863  -0.236600
43864  -0.237900
43865  -0.237200
43866  -0.236800
43867  -0.237100
43868  -0.236500
43869  -0.236800
43870  -0.236400
43871  -0.236900
43872  -0.237500
43873  -0.237200
43874  -0.236900
43875  -0.236600
43876  -0.236500
43877  -0.236000
43878  -0.236200
43879  -0.237200
43880  -0.237600
43881  -0.237900
43882  -0.238300
43883  -0.238300
43884  -0.237700
43885  -0.238600
43886  -0.238500
43887  -0.238200
43888  -0.237900
43889  -0.238500
43890  -0.236800
43891  -0.236100
43892  -0.235900
43893  -0.235600
43894  -0.235700
43895  -0.236100
43896  -0.235700
43897  -0.235800
43898  -0.236700
43899  -0.236400
43900  -0.236300
43901  -0.236200
43902  -0.235300
43903  -0.235700
43904  -0.235800
43905  -0.236100
43906  -0.236800
43907  -0.236800
43908  -0.236300
43909  -0.237400
43910  -0.236300
43911  -0.236200
43912  -0.236200
43913  -0.236600
43914  -0.237300
43915  -0.237900
43916  -0.238000
43917  -0.238200
43918  -0.238100
43919  -0.237800
43920  -0.237600
43921  -0.237100
43922  -0.237700
43923  -0.238500
43924  -0.239100
43925  -0.239600
43926  -0.239500
43927  -0.239500
43928  -0.239700
43929  -0.239400
43930  -0.238400
43931  -0.237900
43932  -0.238200
43933  -0.238900
43934  -0.238700
43935  -0.238700
43936  -0.237100
43937  -0.237300
43938  -0.238200
43939  -0.238000
43940  -0.238700
43941  -0.237300
43942  -0.237700
43943  -0.237600
43944  -0.237000
43945  -0.237400
43946  -0.236800
43947  -0.236700
43948  -0.236200
43949  -0.236100
43950  -0.236000
43951  -0.235400
43952  -0.235900
43953  -0.235400
43954  -0.235300
43955  -0.235400
43956  -0.235200
43957  -0.235400
43958  -0.235500
43959  -0.235300
43960  -0.235400
43961  -0.235400
43962  -0.235300
43963  -0.235300
43964  -0.235500
43965  -0.235400
43966  -0.235700
43967  -0.235300
43968  -0.236000
43969  -0.235000
43970  -0.235200
43971  -0.235300
43972  -0.235100
43973  -0.234300
43974  -0.235000
43975  -0.234500
43976  -0.235100
43977  -0.236200
43978  -0.236300
43979  -0.236400
43980  -0.236300
43981  -0.235200
43982  -0.235700
43983  -0.235800
43984  -0.235500
43985  -0.235400
43986  -0.235800
43987  -0.237000
43988  -0.236000
43989  -0.236400
43990  -0.235900
43991  -0.236200
43992  -0.236600
43993  -0.237000
43994  -0.237200
43995  -0.237800
43996  -0.237800
43997  -0.238800
43998  -0.238300
43999  -0.238100
44000  -0.238100
44001  -0.238000
44002  -0.237400
44003  -0.236800
44004  -0.236800
44005  -0.237400
44006  -0.237600
44007  -0.236900
44008  -0.236800
44009  -0.236900
44010  -0.237000
44011  -0.236800
44012  -0.236000
44013  -0.236400
44014  -0.235800
44015  -0.236000
44016  -0.237200
44017  -0.237200
44018  -0.237900
44019  -0.237800
44020  -0.237200
44021  -0.237900
44022  -0.238100
44023  -0.238000
44024  -0.237000
44025  -0.237300
44026  -0.237400
44027  -0.237600
44028  -0.237800
44029  -0.237500
44030  -0.238100
44031  -0.237900
44032  -0.237400
44033  -0.237400
44034  -0.237300
44035  -0.237500
44036  -0.236900
44037  -0.237100
44038  -0.236800
44039  -0.236600
44040  -0.236800
44041  -0.236700
44042  -0.236300
44043  -0.236600
44044  -0.237100
44045  -0.236200
44046  -0.236400
44047  -0.235700
44048  -0.236300
44049  -0.236300
44050  -0.237000
44051  -0.236900
44052  -0.235700
44053  -0.235600
44054  -0.234800
44055  -0.234700
44056  -0.234800
44057  -0.234800
44058  -0.233800
44059  -0.232800
44060  -0.233400
44061  -0.232400
44062  -0.232100
44063  -0.232000
44064  -0.232300
44065  -0.232200
44066  -0.232600
44067  -0.233300
44068  -0.233100
44069  -0.233300
44070  -0.234200
44071  -0.234900
44072  -0.234100
44073  -0.234700
44074  -0.233800
44075  -0.234200
44076  -0.233300
44077  -0.233300
44078  -0.233300
44079  -0.233400
44080  -0.233300
44081  -0.233100
44082  -0.233000
44083  -0.233000
44084  -0.233000
44085  -0.233000
44086  -0.233100
44087  -0.233000
44088  -0.233400
44089  -0.233900
44090  -0.233700
44091  -0.233400
44092  -0.233700
44093  -0.234100
44094  -0.234100
44095  -0.233700
44096  -0.234000
44097  -0.233900
44098  -0.233700
44099  -0.233400
44100  -0.233600
44101  -0.232700
44102  -0.232900
44103  -0.232700
44104  -0.232500
44105  -0.231900
44106  -0.231600
44107  -0.230900
44108  -0.230400
44109  -0.230200
44110  -0.229700
44111  -0.229900
44112  -0.228900
44113  -0.228200
44114  -0.228000
44115  -0.228000
44116  -0.228300
44117  -0.228700
44118  -0.229400
44119  -0.230200
44120  -0.229800
44121  -0.230000
44122  -0.229400
44123  -0.229300
44124  -0.229000
44125  -0.228000
44126  -0.228400
44127  -0.228500
44128  -0.228400
44129  -0.228300
44130  -0.227600
44131  -0.227300
44132  -0.228000
44133  -0.228200
44134  -0.228200
44135  -0.228500
44136  -0.229200
44137  -0.228800
44138  -0.229400
44139  -0.229200
44140  -0.229400
44141  -0.228900
44142  -0.228100
44143  -0.227400
44144  -0.226700
44145  -0.226400
44146  -0.225300
44147  -0.226000
44148  -0.226500
44149  -0.227000
44150  -0.227500
44151  -0.227400
44152  -0.227000
44153  -0.226900
44154  -0.227700
44155  -0.226900
44156  -0.225800
44157  -0.225700
44158  -0.225000
44159  -0.224200
44160  -0.224500
44161  -0.224500
44162  -0.224500
44163  -0.224200
44164  -0.224500
44165  -0.224700
44166  -0.224900
44167  -0.224300
44168  -0.223900
44169  -0.224800
44170  -0.224500
44171  -0.223900
44172  -0.224500
44173  -0.224600
44174  -0.224200
44175  -0.224100
44176  -0.222900
44177  -0.223100
44178  -0.222800
44179  -0.222200
44180  -0.222200
44181  -0.220400
44182  -0.220600
44183  -0.220600
44184  -0.220600
44185  -0.220900
44186  -0.221600
44187  -0.221700
44188  -0.221400
44189  -0.221900
44190  -0.222000
44191  -0.221800
44192  -0.222200
44193  -0.223300
44194  -0.222600
44195  -0.223700
44196  -0.222500
44197  -0.222400
44198  -0.222300
44199  -0.222800
44200  -0.222700
44201  -0.222600
44202  -0.222500
44203  -0.223400
44204  -0.223000
44205  -0.222600
44206  -0.222500
44207  -0.223600
44208  -0.223600
44209  -0.224500
44210  -0.224400
44211  -0.224500
44212  -0.224400
44213  -0.223800
44214  -0.223700
44215  -0.223400
44216  -0.224400
44217  -0.223700
44218  -0.223700
44219  -0.223900
44220  -0.224500
44221  -0.223900
44222  -0.223800
44223  -0.223600
44224  -0.223500
44225  -0.223600
44226  -0.224200
44227  -0.224500
44228  -0.225000
44229  -0.224100
44230  -0.224900
44231  -0.225700
44232  -0.225700
44233  -0.225700
44234  -0.225500
44235  -0.223900
44236  -0.224800
44237  -0.223700
44238  -0.223100
44239  -0.223300
44240  -0.223700
44241  -0.223500
44242  -0.224100
44243  -0.224600
44244  -0.224700
44245  -0.225600
44246  -0.224600
44247  -0.224200
44248  -0.224800
44249  -0.225100
44250  -0.225400
44251  -0.225200
44252  -0.225900
44253  -0.226300
44254  -0.226900
44255  -0.227100
44256  -0.227000
44257  -0.227200
44258  -0.227700
44259  -0.226700
44260  -0.226600
44261  -0.226900
44262  -0.226900
44263  -0.227000
44264  -0.226900
44265  -0.226200
44266  -0.226400
44267  -0.226700
44268  -0.226900
44269  -0.227100
44270  -0.228200
44271  -0.227900
44272  -0.227300
44273  -0.227700
44274  -0.227500
44275  -0.227800
44276  -0.228100
44277  -0.227900
44278  -0.227900
44279  -0.228000
44280  -0.227800
44281  -0.227800
44282  -0.227500
44283  -0.226800
44284  -0.226300
44285  -0.226900
44286  -0.226300
44287  -0.226600
44288  -0.226200
44289  -0.226300
44290  -0.227300
44291  -0.228300
44292  -0.228500
44293  -0.230000
44294  -0.229600
44295  -0.228500
44296  -0.228600
44297  -0.228300
44298  -0.228700
44299  -0.228300
44300  -0.228500
44301  -0.228100
44302  -0.227900
44303  -0.227900
44304  -0.227300
44305  -0.226500
44306  -0.226600
44307  -0.226300
44308  -0.226100
44309  -0.226000
44310  -0.226400
44311  -0.226600
44312  -0.226100
44313  -0.226600
44314  -0.225900
44315  -0.226500
44316  -0.226600
44317  -0.226400
44318  -0.226200
44319  -0.226600
44320  -0.226200
44321  -0.226100
44322  -0.226100
44323  -0.225500
44324  -0.225500
44325  -0.226200
44326  -0.226000
44327  -0.225900
44328  -0.225200
44329  -0.224800
44330  -0.224900
44331  -0.224700
44332  -0.224200
44333  -0.224300
44334  -0.224300
44335  -0.224500
44336  -0.223800
44337  -0.224000
44338  -0.223500
44339  -0.224100
44340  -0.224100
44341  -0.223800
44342  -0.222600
44343  -0.222500
44344  -0.223000
44345  -0.223200
44346  -0.223200
44347  -0.223500
44348  -0.223800
44349  -0.224400
44350  -0.224300
44351  -0.223500
44352  -0.223600
44353  -0.223100
44354  -0.222600
44355  -0.222900
44356  -0.223600
44357  -0.223300
44358  -0.223000
44359  -0.223700
44360  -0.223300
44361  -0.223100
44362  -0.223200
44363  -0.222500
44364  -0.223000
44365  -0.222600
44366  -0.222500
44367  -0.222100
44368  -0.221900
44369  -0.222100
44370  -0.222500
44371  -0.222300
44372  -0.221600
44373  -0.221000
44374  -0.222300
44375  -0.222800
44376  -0.223800
44377  -0.223000
44378  -0.222900
44379  -0.223500
44380  -0.223300
44381  -0.223100
44382  -0.222800
44383  -0.222700
44384  -0.223500
44385  -0.222900
44386  -0.222200
44387  -0.221500
44388  -0.221700
44389  -0.222000
44390  -0.223000
44391  -0.222700
44392  -0.222200
44393  -0.222100
44394  -0.220700
44395  -0.220400
44396  -0.220000
44397  -0.220300
44398  -0.219900
44399  -0.219600
44400  -0.219700
44401  -0.219400
44402  -0.220100
44403  -0.219300
44404  -0.219800
44405  -0.218500
44406  -0.219000
44407  -0.219600
44408  -0.219900
44409  -0.219200
44410  -0.219600
44411  -0.220000
44412  -0.220900
44413  -0.221400
44414  -0.221900
44415  -0.222700
44416  -0.222700
44417  -0.223000
44418  -0.223000
44419  -0.223800
44420  -0.224300
44421  -0.223600
44422  -0.223000
44423  -0.223300
44424  -0.222800
44425  -0.223700
44426  -0.223100
44427  -0.223600
44428  -0.223800
44429  -0.223800
44430  -0.223600
44431  -0.224300
44432  -0.224400
44433  -0.224700
44434  -0.225100
44435  -0.224800
44436  -0.225500
44437  -0.226300
44438  -0.225700
44439  -0.225200
44440  -0.225400
44441  -0.225400
44442  -0.224600
44443  -0.224200
44444  -0.224400
44445  -0.225000
44446  -0.225400
44447  -0.224700
44448  -0.223800
44449  -0.224200
44450  -0.223200
44451  -0.223700
44452  -0.222800
44453  -0.223300
44454  -0.222800
44455  -0.223100
44456  -0.223300
44457  -0.223400
44458  -0.223700
44459  -0.224000
44460  -0.223600
44461  -0.223300
44462  -0.223800
44463  -0.223700
44464  -0.224000
44465  -0.223800
44466  -0.224000
44467  -0.225100
44468  -0.225300
44469  -0.225000
44470  -0.225500
44471  -0.224600
44472  -0.225000
44473  -0.224500
44474  -0.224800
44475  -0.225000
44476  -0.224400
44477  -0.224200
44478  -0.223200
44479  -0.222300
44480  -0.221100
44481  -0.220100
44482  -0.220100
44483  -0.219400
44484  -0.220200
44485  -0.220600
44486  -0.220000
44487  -0.220000
44488  -0.219100
44489  -0.218900
44490  -0.218800
44491  -0.219700
44492  -0.219100
44493  -0.219400
44494  -0.219600
44495  -0.220600
44496  -0.220100
44497  -0.219300
44498  -0.219200
44499  -0.218800
44500  -0.218200
44501  -0.218100
44502  -0.217800
44503  -0.217600
44504  -0.217100
44505  -0.216900
44506  -0.217500
44507  -0.217400
44508  -0.216200
44509  -0.217100
44510  -0.217600
44511  -0.218400
44512  -0.219200
44513  -0.218100
44514  -0.217400
44515  -0.218300
44516  -0.219200
44517  -0.219100
44518  -0.219500
44519  -0.219900
44520  -0.219300
44521  -0.219500
44522  -0.219900
44523  -0.219900
44524  -0.220000
44525  -0.220100
44526  -0.219600
44527  -0.219400
44528  -0.220100
44529  -0.220700
44530  -0.221000
44531  -0.220800
44532  -0.221400
44533  -0.222000
44534  -0.221200
44535  -0.221600
44536  -0.222400
44537  -0.222600
44538  -0.223500
44539  -0.222800
44540  -0.222000
44541  -0.222800
44542  -0.222900
44543  -0.222400
44544  -0.221900
44545  -0.222500
44546  -0.222500
44547  -0.222900
44548  -0.223100
44549  -0.223700
44550  -0.223000
44551  -0.223100
44552  -0.223000
44553  -0.223200
44554  -0.222200
44555  -0.223300
44556  -0.223700
44557  -0.223900
44558  -0.224200
44559  -0.224800
44560  -0.224400
44561  -0.224300
44562  -0.224500
44563  -0.223800
44564  -0.223300
44565  -0.224300
44566  -0.225000
44567  -0.225700
44568  -0.225500
44569  -0.225800
44570  -0.226000
44571  -0.225400
44572  -0.225400
44573  -0.224800
44574  -0.225200
44575  -0.225300
44576  -0.225800
44577  -0.225700
44578  -0.225400
44579  -0.225600
44580  -0.226100
44581  -0.225900
44582  -0.225600
44583  -0.224600
44584  -0.224300
44585  -0.224400
44586  -0.224800
44587  -0.224800
44588  -0.225200
44589  -0.225100
44590  -0.224800
44591  -0.224200
44592  -0.224700
44593  -0.224300
44594  -0.223800
44595  -0.224100
44596  -0.225000
44597  -0.224600
44598  -0.224300
44599  -0.225000
44600  -0.224600
44601  -0.224400
44602  -0.224300
44603  -0.224600
44604  -0.224700
44605  -0.225700
44606  -0.226200
44607  -0.226400
44608  -0.225800
44609  -0.225000
44610  -0.224300
44611  -0.224100
44612  -0.224400
44613  -0.225400
44614  -0.225900
44615  -0.225800
44616  -0.225700
44617  -0.226500
44618  -0.226700
44619  -0.226600
44620  -0.226400
44621  -0.225700
44622  -0.225700
44623  -0.225200
44624  -0.225600
44625  -0.224800
44626  -0.224000
44627  -0.224700
44628  -0.224400
44629  -0.225000
44630  -0.225400
44631  -0.224900
44632  -0.224700
44633  -0.224500
44634  -0.224100
44635  -0.224000
44636  -0.224200
44637  -0.225000
44638  -0.225600
44639  -0.225200
44640  -0.224700
44641  -0.225400
44642  -0.225000
44643  -0.224600
44644  -0.224600
44645  -0.224300
44646  -0.223800
44647  -0.223000
44648  -0.223400
44649  -0.223700
44650  -0.223600
44651  -0.224000
44652  -0.224900
44653  -0.224900
44654  -0.224900
44655  -0.224600
44656  -0.224500
44657  -0.223600
44658  -0.223800
44659  -0.222700
44660  -0.221400
44661  -0.221100
44662  -0.221400
44663  -0.220500
44664  -0.221400
44665  -0.222500
44666  -0.222400
44667  -0.222600
44668  -0.222300
44669  -0.223200
44670  -0.223700
44671  -0.224300
44672  -0.225000
44673  -0.225800
44674  -0.226300
44675  -0.226000
44676  -0.226000
44677  -0.225000
44678  -0.225500
44679  -0.225000
44680  -0.225500
44681  -0.226100
44682  -0.226100
44683  -0.225700
44684  -0.225200
44685  -0.224500
44686  -0.223700
44687  -0.223400
44688  -0.223500
44689  -0.224500
44690  -0.224100
44691  -0.223100
44692  -0.223100
44693  -0.223300
44694  -0.222600
44695  -0.222900
44696  -0.223300
44697  -0.223300
44698  -0.223700
44699  -0.222800
44700  -0.222800
44701  -0.222900
44702  -0.222900
44703  -0.222400
44704  -0.222600
44705  -0.223600
44706  -0.223400
44707  -0.223300
44708  -0.223600
44709  -0.224200
44710  -0.223600
44711  -0.223700
44712  -0.223700
44713  -0.223800
44714  -0.224000
44715  -0.223900
44716  -0.223900
44717  -0.223300
44718  -0.223800
44719  -0.224200
44720  -0.224300
44721  -0.224800
44722  -0.225100
44723  -0.224900
44724  -0.225200
44725  -0.225400
44726  -0.226000
44727  -0.225600
44728  -0.225600
44729  -0.226000
44730  -0.225900
44731  -0.225900
44732  -0.225900
44733  -0.225900
44734  -0.225700
44735  -0.225700
44736  -0.225500
44737  -0.225900
44738  -0.225600
44739  -0.226300
44740  -0.226600
44741  -0.225900
44742  -0.226200
44743  -0.226200
44744  -0.226500
44745  -0.226500
44746  -0.226500
44747  -0.226600
44748  -0.227000
44749  -0.226700
44750  -0.226900
44751  -0.225700
44752  -0.226200
44753  -0.225900
44754  -0.226000
44755  -0.226300
44756  -0.226400
44757  -0.226000
44758  -0.226200
44759  -0.226200
44760  -0.225900
44761  -0.225500
44762  -0.226100
44763  -0.226500
44764  -0.225800
44765  -0.225600
44766  -0.226100
44767  -0.226300
44768  -0.225900
44769  -0.226500
44770  -0.226600
44771  -0.227100
44772  -0.227400
44773  -0.226700
44774  -0.227400
44775  -0.226900
44776  -0.226900
44777  -0.227400
44778  -0.227800
44779  -0.227700
44780  -0.228000
44781  -0.228000
44782  -0.227700
44783  -0.227700
44784  -0.227400
44785  -0.226600
44786  -0.226900
44787  -0.226800
44788  -0.227400
44789  -0.227100
44790  -0.225900
44791  -0.225200
44792  -0.225300
44793  -0.225100
44794  -0.224000
44795  -0.223300
44796  -0.224400
44797  -0.223700
44798  -0.223400
44799  -0.223100
44800  -0.224000
44801  -0.224100
44802  -0.224700
44803  -0.224900
44804  -0.224800
44805  -0.224300
44806  -0.224600
44807  -0.225800
44808  -0.225700
44809  -0.225600
44810  -0.224900
44811  -0.225300
44812  -0.226300
44813  -0.226400
44814  -0.225500
44815  -0.225100
44816  -0.224500
44817  -0.225600
44818  -0.224700
44819  -0.224900
44820  -0.224300
44821  -0.223500
44822  -0.223400
44823  -0.223200
44824  -0.223700
44825  -0.223000
44826  -0.223700
44827  -0.224300
44828  -0.223000
44829  -0.223600
44830  -0.222900
44831  -0.222700
44832  -0.223200
44833  -0.222800
44834  -0.223500
44835  -0.222900
44836  -0.222700
44837  -0.222500
44838  -0.222500
44839  -0.221900
44840  -0.221400
44841  -0.221900
44842  -0.222600
44843  -0.221200
44844  -0.222300
44845  -0.222600
44846  -0.222900
44847  -0.222500
44848  -0.222300
44849  -0.223500
44850  -0.224100
44851  -0.224500
44852  -0.224200
44853  -0.224000
44854  -0.224100
44855  -0.223800
44856  -0.224300
44857  -0.223900
44858  -0.224000
44859  -0.224300
44860  -0.224000
44861  -0.224200
44862  -0.223300
44863  -0.223600
44864  -0.224000
44865  -0.224100
44866  -0.222500
44867  -0.222400
44868  -0.222700
44869  -0.223000
44870  -0.222400
44871  -0.222500
44872  -0.221500
44873  -0.221300
44874  -0.222000
44875  -0.220900
44876  -0.221200
44877  -0.220900
44878  -0.221700
44879  -0.221400
44880  -0.221900
44881  -0.221700
44882  -0.221400
44883  -0.221300
44884  -0.220900
44885  -0.221200
44886  -0.221300
44887  -0.221400
44888  -0.222600
44889  -0.222700
44890  -0.222600
44891  -0.222700
44892  -0.223200
44893  -0.222500
44894  -0.222800
44895  -0.223400
44896  -0.223700
44897  -0.223000
44898  -0.223200
44899  -0.222300
44900  -0.221500
44901  -0.221400
44902  -0.222100
44903  -0.222600
44904  -0.223400
44905  -0.223600
44906  -0.223600
44907  -0.223800
44908  -0.224100
44909  -0.224100
44910  -0.223600
44911  -0.223200
44912  -0.222500
44913  -0.222700
44914  -0.222100
44915  -0.223400
44916  -0.223300
44917  -0.222600
44918  -0.221900
44919  -0.221500
44920  -0.220400
44921  -0.220500
44922  -0.220900
44923  -0.220300
44924  -0.220300
44925  -0.220000
44926  -0.220000
44927  -0.220300
44928  -0.220200
44929  -0.218700
44930  -0.219100
44931  -0.218900
44932  -0.219300
44933  -0.219300
44934  -0.219500
44935  -0.219800
44936  -0.220000
44937  -0.219700
44938  -0.219200
44939  -0.219400
44940  -0.218700
44941  -0.218300
44942  -0.218700
44943  -0.218100
44944  -0.218000
44945  -0.218100
44946  -0.218500
44947  -0.218900
44948  -0.218600
44949  -0.218400
44950  -0.218500
44951  -0.218500
44952  -0.219100
44953  -0.219200
44954  -0.219900
44955  -0.220100
44956  -0.219100
44957  -0.218700
44958  -0.218200
44959  -0.217900
44960  -0.218100
44961  -0.217600
44962  -0.216600
44963  -0.216900
44964  -0.217100
44965  -0.217200
44966  -0.218000
44967  -0.217300
44968  -0.217500
44969  -0.218000
44970  -0.217000
44971  -0.216900
44972  -0.217300
44973  -0.217200
44974  -0.216700
44975  -0.216000
44976  -0.215600
44977  -0.215500
44978  -0.216000
44979  -0.215300
44980  -0.215500
44981  -0.216400
44982  -0.216200
44983  -0.216600
44984  -0.216800
44985  -0.217200
44986  -0.217700
44987  -0.218000
44988  -0.217800
44989  -0.217200
44990  -0.217400
44991  -0.217000
44992  -0.216900
44993  -0.217100
44994  -0.216100
44995  -0.216800
44996  -0.217000
44997  -0.217300
44998  -0.217100
44999  -0.217000
45000  -0.216200
45001  -0.215500
45002  -0.215500
45003  -0.215300
45004  -0.216000
45005  -0.215800
45006  -0.216300
45007  -0.215900
45008  -0.216100
45009  -0.215000
45010  -0.214900
45011  -0.215500
45012  -0.215800
45013  -0.216000
45014  -0.215900
45015  -0.216000
45016  -0.215900
45017  -0.216600
45018  -0.215600
45019  -0.215300
45020  -0.214400
45021  -0.214500
45022  -0.212900
45023  -0.212700
45024  -0.212400
45025  -0.212000
45026  -0.212800
45027  -0.213400
45028  -0.214000
45029  -0.212900
45030  -0.213000
45031  -0.213600
45032  -0.213400
45033  -0.213400
45034  -0.212900
45035  -0.212600
45036  -0.211900
45037  -0.211700
45038  -0.211400
45039  -0.211100
45040  -0.210800
45041  -0.210700
45042  -0.211600
45043  -0.211800
45044  -0.211900
45045  -0.212400
45046  -0.212600
45047  -0.212800
45048  -0.212600
45049  -0.212300
45050  -0.212000
45051  -0.212400
45052  -0.211900
45053  -0.211900
45054  -0.212300
45055  -0.212000
45056  -0.212000
45057  -0.210700
45058  -0.210600
45059  -0.209900
45060  -0.209800
45061  -0.208800
45062  -0.209600
45063  -0.210300
45064  -0.210200
45065  -0.210700
45066  -0.210400
45067  -0.210600
45068  -0.210600
45069  -0.211400
45070  -0.211500
45071  -0.210900
45072  -0.211600
45073  -0.210900
45074  -0.211100
45075  -0.211100
45076  -0.211700
45077  -0.212000
45078  -0.212000
45079  -0.213100
45080  -0.212800
45081  -0.213100
45082  -0.214000
45083  -0.214400
45084  -0.214500
45085  -0.214600
45086  -0.213500
45087  -0.213800
45088  -0.213400
45089  -0.214100
45090  -0.213500
45091  -0.213400
45092  -0.212800
45093  -0.214300
45094  -0.214000
45095  -0.213000
45096  -0.213500
45097  -0.213000
45098  -0.212400
45099  -0.212800
45100  -0.212400
45101  -0.213300
45102  -0.212800
45103  -0.212800
45104  -0.212000
45105  -0.212500
45106  -0.212200
45107  -0.211900
45108  -0.211900
45109  -0.211800
45110  -0.211800
45111  -0.211600
45112  -0.211400
45113  -0.212300
45114  -0.211100
45115  -0.211100
45116  -0.211000
45117  -0.211100
45118  -0.211800
45119  -0.212300
45120  -0.212000
45121  -0.212100
45122  -0.210900
45123  -0.211400
45124  -0.211700
45125  -0.211800
45126  -0.212500
45127  -0.212800
45128  -0.212300
45129  -0.211300
45130  -0.211800
45131  -0.211100
45132  -0.211900
45133  -0.211800
45134  -0.212200
45135  -0.211200
45136  -0.211600
45137  -0.211600
45138  -0.210800
45139  -0.210600
45140  -0.211700
45141  -0.212600
45142  -0.213400
45143  -0.213400
45144  -0.213500
45145  -0.212900
45146  -0.211800
45147  -0.211500
45148  -0.210600
45149  -0.210500
45150  -0.210900
45151  -0.211400
45152  -0.211200
45153  -0.211300
45154  -0.211400
45155  -0.211400
45156  -0.211700
45157  -0.212700
45158  -0.212800
45159  -0.213100
45160  -0.212700
45161  -0.212300
45162  -0.213200
45163  -0.212700
45164  -0.212700
45165  -0.212700
45166  -0.213000
45167  -0.213400
45168  -0.213000
45169  -0.213100
45170  -0.213200
45171  -0.213300
45172  -0.212700
45173  -0.212300
45174  -0.212500
45175  -0.212400
45176  -0.213300
45177  -0.213800
45178  -0.214200
45179  -0.214100
45180  -0.213800
45181  -0.214000
45182  -0.214900
45183  -0.214200
45184  -0.213500
45185  -0.213300
45186  -0.212600
45187  -0.212900
45188  -0.213500
45189  -0.212700
45190  -0.212600
45191  -0.212600
45192  -0.212600
45193  -0.212300
45194  -0.212400
45195  -0.212100
45196  -0.211400
45197  -0.211300
45198  -0.211000
45199  -0.211300
45200  -0.211000
45201  -0.211000
45202  -0.210900
45203  -0.211100
45204  -0.210400
45205  -0.210400
45206  -0.210900
45207  -0.211200
45208  -0.211700
45209  -0.212100
45210  -0.211900
45211  -0.211700
45212  -0.210600
45213  -0.209800
45214  -0.209500
45215  -0.209600
45216  -0.208900
45217  -0.209700
45218  -0.209600
45219  -0.209600
45220  -0.210100
45221  -0.210100
45222  -0.210000
45223  -0.210000
45224  -0.209700
45225  -0.209200
45226  -0.208600
45227  -0.209300
45228  -0.210200
45229  -0.210500
45230  -0.210500
45231  -0.210400
45232  -0.210300
45233  -0.210300
45234  -0.210000
45235  -0.211200
45236  -0.210800
45237  -0.210300
45238  -0.210700
45239  -0.210700
45240  -0.210600
45241  -0.211000
45242  -0.211100
45243  -0.210900
45244  -0.210800
45245  -0.210700
45246  -0.210400
45247  -0.210800
45248  -0.210700
45249  -0.210300
45250  -0.210300
45251  -0.209300
45252  -0.209500
45253  -0.209300
45254  -0.209000
45255  -0.209200
45256  -0.209100
45257  -0.210600
45258  -0.210800
45259  -0.211000
45260  -0.210900
45261  -0.210700
45262  -0.210700
45263  -0.211200
45264  -0.210700
45265  -0.210500
45266  -0.209900
45267  -0.210500
45268  -0.211300
45269  -0.212100
45270  -0.212800
45271  -0.213200
45272  -0.214000
45273  -0.213500
45274  -0.213700
45275  -0.213400
45276  -0.213800
45277  -0.214200
45278  -0.213800
45279  -0.212900
45280  -0.213500
45281  -0.213000
45282  -0.213400
45283  -0.213200
45284  -0.212900
45285  -0.212200
45286  -0.212500
45287  -0.212400
45288  -0.211900
45289  -0.211900
45290  -0.212600
45291  -0.213000
45292  -0.213300
45293  -0.213700
45294  -0.214600
45295  -0.215700
45296  -0.215800
45297  -0.215800
45298  -0.215500
45299  -0.215700
45300  -0.215700
45301  -0.215800
45302  -0.215700
45303  -0.215400
45304  -0.214500
45305  -0.215200
45306  -0.215300
45307  -0.215000
45308  -0.214900
45309  -0.214000
45310  -0.214100
45311  -0.215100
45312  -0.215700
45313  -0.215600
45314  -0.215700
45315  -0.216000
45316  -0.216300
45317  -0.217400
45318  -0.217100
45319  -0.216400
45320  -0.216300
45321  -0.216100
45322  -0.216700
45323  -0.216800
45324  -0.216700
45325  -0.217000
45326  -0.217700
45327  -0.217500
45328  -0.218000
45329  -0.217900
45330  -0.217700
45331  -0.216800
45332  -0.216600
45333  -0.216800
45334  -0.216900
45335  -0.217000
45336  -0.216700
45337  -0.217700
45338  -0.218300
45339  -0.219400
45340  -0.219600
45341  -0.219800
45342  -0.219600
45343  -0.220600
45344  -0.221300
45345  -0.221500
45346  -0.221600
45347  -0.222100
45348  -0.222300
45349  -0.222300
45350  -0.221800
45351  -0.221700
45352  -0.221200
45353  -0.221100
45354  -0.220900
45355  -0.220600
45356  -0.220700
45357  -0.219600
45358  -0.219100
45359  -0.219300
45360  -0.219200
45361  -0.218800
45362  -0.218900
45363  -0.219000
45364  -0.219600
45365  -0.219500
45366  -0.219900
45367  -0.219900
45368  -0.220100
45369  -0.219900
45370  -0.219200
45371  -0.218800
45372  -0.218800
45373  -0.218400
45374  -0.217600
45375  -0.217200
45376  -0.217200
45377  -0.217700
45378  -0.217100
45379  -0.217800
45380  -0.217900
45381  -0.217400
45382  -0.217100
45383  -0.216400
45384  -0.216400
45385  -0.216100
45386  -0.216700
45387  -0.216700
45388  -0.216500
45389  -0.216000
45390  -0.216600
45391  -0.217100
45392  -0.216300
45393  -0.215900
45394  -0.215600
45395  -0.215200
45396  -0.214000
45397  -0.213800
45398  -0.214500
45399  -0.214100
45400  -0.213800
45401  -0.213800
45402  -0.213300
45403  -0.213300
45404  -0.213100
45405  -0.213500
45406  -0.213700
45407  -0.213400
45408  -0.213700
45409  -0.212800
45410  -0.212800
45411  -0.213000
45412  -0.212400
45413  -0.211700
45414  -0.211800
45415  -0.211300
45416  -0.211500
45417  -0.211700
45418  -0.212100
45419  -0.212300
45420  -0.212100
45421  -0.212200
45422  -0.211800
45423  -0.211600
45424  -0.211700
45425  -0.211600
45426  -0.211300
45427  -0.210900
45428  -0.210500
45429  -0.209900
45430  -0.209300
45431  -0.209700
45432  -0.210100
45433  -0.209900
45434  -0.209400
45435  -0.209200
45436  -0.209300
45437  -0.208900
45438  -0.209400
45439  -0.209500
45440  -0.209400
45441  -0.208500
45442  -0.208200
45443  -0.207500
45444  -0.207600
45445  -0.207100
45446  -0.207600
45447  -0.207600
45448  -0.207100
45449  -0.207100
45450  -0.206500
45451  -0.207200
45452  -0.206700
45453  -0.206300
45454  -0.206000
45455  -0.206500
45456  -0.205300
45457  -0.204800
45458  -0.205000
45459  -0.204900
45460  -0.205900
45461  -0.206300
45462  -0.207000
45463  -0.208000
45464  -0.208300
45465  -0.208300
45466  -0.208300
45467  -0.208000
45468  -0.208300
45469  -0.208100
45470  -0.208000
45471  -0.208400
45472  -0.208300
45473  -0.208300
45474  -0.209600
45475  -0.209200
45476  -0.209700
45477  -0.209800
45478  -0.209700
45479  -0.208700
45480  -0.209000
45481  -0.209200
45482  -0.208700
45483  -0.208100
45484  -0.209000
45485  -0.209000
45486  -0.208100
45487  -0.207900
45488  -0.208300
45489  -0.208400
45490  -0.208600
45491  -0.208700
45492  -0.208300
45493  -0.209000
45494  -0.209300
45495  -0.208900
45496  -0.208900
45497  -0.209600
45498  -0.209200
45499  -0.209100
45500  -0.208000
45501  -0.208000
45502  -0.207800
45503  -0.207500
45504  -0.206900
45505  -0.206500
45506  -0.206200
45507  -0.206000
45508  -0.205500
45509  -0.205700
45510  -0.206700
45511  -0.207000
45512  -0.206400
45513  -0.206600
45514  -0.206300
45515  -0.205700
45516  -0.205800
45517  -0.205100
45518  -0.204600
45519  -0.204400
45520  -0.204600
45521  -0.204200
45522  -0.204000
45523  -0.204300
45524  -0.204900
45525  -0.205700
45526  -0.205800
45527  -0.206400
45528  -0.207100
45529  -0.207200
45530  -0.207600
45531  -0.206900
45532  -0.207600
45533  -0.206900
45534  -0.208100
45535  -0.208700
45536  -0.209900
45537  -0.210100
45538  -0.210200
45539  -0.210000
45540  -0.209500
45541  -0.209000
45542  -0.207900
45543  -0.207600
45544  -0.206900
45545  -0.206800
45546  -0.206500
45547  -0.206800
45548  -0.207600
45549  -0.207600
45550  -0.208000
45551  -0.207600
45552  -0.207600
45553  -0.208400
45554  -0.207600
45555  -0.207700
45556  -0.208400
45557  -0.208800
45558  -0.209900
45559  -0.209400
45560  -0.210000
45561  -0.210400
45562  -0.210700
45563  -0.210100
45564  -0.209900
45565  -0.210100
45566  -0.210600
45567  -0.209800
45568  -0.209500
45569  -0.208900
45570  -0.208800
45571  -0.208800
45572  -0.208500
45573  -0.208500
45574  -0.208300
45575  -0.208500
45576  -0.207300
45577  -0.206900
45578  -0.206700
45579  -0.207800
45580  -0.207800
45581  -0.208200
45582  -0.208500
45583  -0.208900
45584  -0.208400
45585  -0.209300
45586  -0.208800
45587  -0.208500
45588  -0.208600
45589  -0.207700
45590  -0.207200
45591  -0.207900
45592  -0.208300
45593  -0.208400
45594  -0.208100
45595  -0.207700
45596  -0.208200
45597  -0.208300
45598  -0.207900
45599  -0.207900
45600  -0.208200
45601  -0.208700
45602  -0.208300
45603  -0.208100
45604  -0.208300
45605  -0.208600
45606  -0.208600
45607  -0.208500
45608  -0.208500
45609  -0.208600
45610  -0.208700
45611  -0.208400
45612  -0.209200
45613  -0.210000
45614  -0.211100
45615  -0.211100
45616  -0.212200
45617  -0.211300
45618  -0.212000
45619  -0.212300
45620  -0.212100
45621  -0.212300
45622  -0.212700
45623  -0.212600
45624  -0.211900
45625  -0.211600
45626  -0.212200
45627  -0.211700
45628  -0.212000
45629  -0.211600
45630  -0.212000
45631  -0.211700
45632  -0.210900
45633  -0.211000
45634  -0.211800
45635  -0.211100
45636  -0.211000
45637  -0.210600
45638  -0.210500
45639  -0.210100
45640  -0.209700
45641  -0.210000
45642  -0.210600
45643  -0.210100
45644  -0.210600
45645  -0.211100
45646  -0.210700
45647  -0.211000
45648  -0.210900
45649  -0.211000
45650  -0.211300
45651  -0.212000
45652  -0.211500
45653  -0.212100
45654  -0.212500
45655  -0.212200
45656  -0.212900
45657  -0.213000
45658  -0.213000
45659  -0.213200
45660  -0.213300
45661  -0.213500
45662  -0.214000
45663  -0.213200
45664  -0.212600
45665  -0.213000
45666  -0.212900
45667  -0.212900
45668  -0.212800
45669  -0.212500
45670  -0.212000
45671  -0.212100
45672  -0.211800
45673  -0.210700
45674  -0.210800
45675  -0.211000
45676  -0.211700
45677  -0.212000
45678  -0.211700
45679  -0.211900
45680  -0.212200
45681  -0.211900
45682  -0.213000
45683  -0.213700
45684  -0.213900
45685  -0.213000
45686  -0.213000
45687  -0.213300
45688  -0.214500
45689  -0.215000
45690  -0.214400
45691  -0.214300
45692  -0.214500
45693  -0.215000
45694  -0.214900
45695  -0.215500
45696  -0.215600
45697  -0.215100
45698  -0.215900
45699  -0.215400
45700  -0.216200
45701  -0.217000
45702  -0.217400
45703  -0.216400
45704  -0.216200
45705  -0.216000
45706  -0.216700
45707  -0.216800
45708  -0.215800
45709  -0.216000
45710  -0.215800
45711  -0.217200
45712  -0.217000
45713  -0.216800
45714  -0.216000
45715  -0.215600
45716  -0.215700
45717  -0.216800
45718  -0.216800
45719  -0.217000
45720  -0.217400
45721  -0.217200
45722  -0.217200
45723  -0.215900
45724  -0.215500
45725  -0.215300
45726  -0.215200
45727  -0.213400
45728  -0.213000
45729  -0.213200
45730  -0.213200
45731  -0.212400
45732  -0.211800
45733  -0.211000
45734  -0.211300
45735  -0.210600
45736  -0.210500
45737  -0.211500
45738  -0.211900
45739  -0.212200
45740  -0.212600
45741  -0.212900
45742  -0.213500
45743  -0.213600
45744  -0.214300
45745  -0.214600
45746  -0.214100
45747  -0.214300
45748  -0.214400
45749  -0.213800
45750  -0.214500
45751  -0.214700
45752  -0.214700
45753  -0.215200
45754  -0.215500
45755  -0.215300
45756  -0.215900
45757  -0.215900
45758  -0.215400
45759  -0.215100
45760  -0.215200
45761  -0.215200
45762  -0.215300
45763  -0.214400
45764  -0.213600
45765  -0.213100
45766  -0.213500
45767  -0.213800
45768  -0.213900
45769  -0.214200
45770  -0.213600
45771  -0.213800
45772  -0.213800
45773  -0.213300
45774  -0.213200
45775  -0.213700
45776  -0.212900
45777  -0.213500
45778  -0.213500
45779  -0.214000
45780  -0.214000
45781  -0.214300
45782  -0.214500
45783  -0.214300
45784  -0.214000
45785  -0.214600
45786  -0.214900
45787  -0.215000
45788  -0.215500
45789  -0.216400
45790  -0.216900
45791  -0.217000
45792  -0.216900
45793  -0.217200
45794  -0.216800
45795  -0.216400
45796  -0.217300
45797  -0.218100
45798  -0.218200
45799  -0.218100
45800  -0.218400
45801  -0.218900
45802  -0.218800
45803  -0.218800
45804  -0.218900
45805  -0.219400
45806  -0.219600
45807  -0.219200
45808  -0.219100
45809  -0.220100
45810  -0.220200
45811  -0.220100
45812  -0.220000
45813  -0.219600
45814  -0.220100
45815  -0.220400
45816  -0.220300
45817  -0.219500
45818  -0.219600
45819  -0.219100
45820  -0.219100
45821  -0.219500
45822  -0.220500
45823  -0.221400
45824  -0.222400
45825  -0.222300
45826  -0.222700
45827  -0.222600
45828  -0.223300
45829  -0.222700
45830  -0.222300
45831  -0.221900
45832  -0.222300
45833  -0.223000
45834  -0.223700
45835  -0.223500
45836  -0.223300
45837  -0.223000
45838  -0.223600
45839  -0.223500
45840  -0.223600
45841  -0.224700
45842  -0.225800
45843  -0.225800
45844  -0.224900
45845  -0.225600
45846  -0.225100
45847  -0.225300
45848  -0.225700
45849  -0.225300
45850  -0.224300
45851  -0.225100
45852  -0.224500
45853  -0.225700
45854  -0.225600
45855  -0.225800
45856  -0.225900
45857  -0.226400
45858  -0.226700
45859  -0.226700
45860  -0.226800
45861  -0.227400
45862  -0.227100
45863  -0.227300
45864  -0.227400
45865  -0.227800
45866  -0.228000
45867  -0.229000
45868  -0.229500
45869  -0.230000
45870  -0.229600
45871  -0.230400
45872  -0.229700
45873  -0.230300
45874  -0.230100
45875  -0.230300
45876  -0.230800
45877  -0.231700
45878  -0.231500
45879  -0.232000
45880  -0.232700
45881  -0.233300
45882  -0.233700
45883  -0.233300
45884  -0.233600
45885  -0.233700
45886  -0.234600
45887  -0.235000
45888  -0.235900
45889  -0.236300
45890  -0.236000
45891  -0.235600
45892  -0.235100
45893  -0.234800
45894  -0.234100
45895  -0.233300
45896  -0.233800
45897  -0.234400
45898  -0.235000
45899  -0.234700
45900  -0.235000
45901  -0.235300
45902  -0.235800
45903  -0.235300
45904  -0.235700
45905  -0.235400
45906  -0.235600
45907  -0.235000
45908  -0.234700
45909  -0.234700
45910  -0.234500
45911  -0.235000
45912  -0.234400
45913  -0.234600
45914  -0.234900
45915  -0.234900
45916  -0.235400
45917  -0.235400
45918  -0.234900
45919  -0.234200
45920  -0.234900
45921  -0.235500
45922  -0.235600
45923  -0.236100
45924  -0.236200
45925  -0.236200
45926  -0.236000
45927  -0.236000
45928  -0.235500
45929  -0.236800
45930  -0.236600
45931  -0.236100
45932  -0.236000
45933  -0.236100
45934  -0.235900
45935  -0.235700
45936  -0.236000
45937  -0.237100
45938  -0.237300
45939  -0.236900
45940  -0.237100
45941  -0.238100
45942  -0.237400
45943  -0.237500
45944  -0.237800
45945  -0.237800
45946  -0.238600
45947  -0.238300
45948  -0.237700
45949  -0.237000
45950  -0.237100
45951  -0.237200
45952  -0.238000
45953  -0.238200
45954  -0.238900
45955  -0.238500
45956  -0.237400
45957  -0.237000
45958  -0.237300
45959  -0.236900
45960  -0.236800
45961  -0.236800
45962  -0.237500
45963  -0.237300
45964  -0.237000
45965  -0.236600
45966  -0.236400
45967  -0.236100
45968  -0.236100
45969  -0.236500
45970  -0.237000
45971  -0.237400
45972  -0.237100
45973  -0.237100
45974  -0.238300
45975  -0.239200
45976  -0.238400
45977  -0.238600
45978  -0.238400
45979  -0.239200
45980  -0.239400
45981  -0.238900
45982  -0.238100
45983  -0.238100
45984  -0.238000
45985  -0.238000
45986  -0.237300
45987  -0.237200
45988  -0.237200
45989  -0.236700
45990  -0.237500
45991  -0.237900
45992  -0.237600
45993  -0.237900
45994  -0.238400
45995  -0.238700
45996  -0.237700
45997  -0.237400
45998  -0.237500
45999  -0.237000
46000  -0.235800
46001  -0.235600
46002  -0.235200
46003  -0.235700
46004  -0.234600
46005  -0.235100
46006  -0.235200
46007  -0.235100
46008  -0.235600
46009  -0.235200
46010  -0.235700
46011  -0.235900
46012  -0.235200
46013  -0.236100
46014  -0.235700
46015  -0.235600
46016  -0.236000
46017  -0.235700
46018  -0.235100
46019  -0.235100
46020  -0.235700
46021  -0.236000
46022  -0.237000
46023  -0.236100
46024  -0.235400
46025  -0.235600
46026  -0.234700
46027  -0.235500
46028  -0.234900
46029  -0.235200
46030  -0.234700
46031  -0.234700
46032  -0.234400
46033  -0.235800
46034  -0.235200
46035  -0.234700
46036  -0.235100
46037  -0.236300
46038  -0.236400
46039  -0.236900
46040  -0.237000
46041  -0.236400
46042  -0.236500
46043  -0.236400
46044  -0.236700
46045  -0.236100
46046  -0.236800
46047  -0.237700
46048  -0.237900
46049  -0.238200
46050  -0.238400
46051  -0.238800
46052  -0.238900
46053  -0.238800
46054  -0.238300
46055  -0.238400
46056  -0.239500
46057  -0.240300
46058  -0.240500
46059  -0.241100
46060  -0.241300
46061  -0.241400
46062  -0.241300
46063  -0.241400
46064  -0.240500
46065  -0.241300
46066  -0.240900
46067  -0.240100
46068  -0.239700
46069  -0.238700
46070  -0.238800
46071  -0.239500
46072  -0.240100
46073  -0.239400
46074  -0.239200
46075  -0.239500
46076  -0.239400
46077  -0.238300
46078  -0.238400
46079  -0.237800
46080  -0.237800
46081  -0.237300
46082  -0.236800
46083  -0.235900
46084  -0.235300
46085  -0.235300
46086  -0.234800
46087  -0.234800
46088  -0.235600
46089  -0.235300
46090  -0.234700
46091  -0.234700
46092  -0.235000
46093  -0.234400
46094  -0.235100
46095  -0.235000
46096  -0.235700
46097  -0.235500
46098  -0.236000
46099  -0.236400
46100  -0.236300
46101  -0.236000
46102  -0.235600
46103  -0.235300
46104  -0.236200
46105  -0.236700
46106  -0.237100
46107  -0.236400
46108  -0.236100
46109  -0.235600
46110  -0.234900
46111  -0.235700
46112  -0.235300
46113  -0.235500
46114  -0.235800
46115  -0.235900
46116  -0.235100
46117  -0.234900
46118  -0.234900
46119  -0.235200
46120  -0.235700
46121  -0.235800
46122  -0.235900
46123  -0.236000
46124  -0.236300
46125  -0.236300
46126  -0.236200
46127  -0.235900
46128  -0.235900
46129  -0.235700
46130  -0.236000
46131  -0.236100
46132  -0.235400
46133  -0.236200
46134  -0.236300
46135  -0.235400
46136  -0.234700
46137  -0.234900
46138  -0.234400
46139  -0.235300
46140  -0.235000
46141  -0.235300
46142  -0.235400
46143  -0.235600
46144  -0.236700
46145  -0.236700
46146  -0.236800
46147  -0.236600
46148  -0.235800
46149  -0.236200
46150  -0.236200
46151  -0.235600
46152  -0.235800
46153  -0.236200
46154  -0.236200
46155  -0.236300
46156  -0.237200
46157  -0.237100
46158  -0.237100
46159  -0.237800
46160  -0.236900
46161  -0.236100
46162  -0.236000
46163  -0.235700
46164  -0.235600
46165  -0.235800
46166  -0.236100
46167  -0.235100
46168  -0.236400
46169  -0.236000
46170  -0.236200
46171  -0.236100
46172  -0.235400
46173  -0.236000
46174  -0.236100
46175  -0.235700
46176  -0.235200
46177  -0.235800
46178  -0.236500
46179  -0.236600
46180  -0.236900
46181  -0.236800
46182  -0.237200
46183  -0.236800
46184  -0.238100
46185  -0.238200
46186  -0.238000
46187  -0.238800
46188  -0.239400
46189  -0.239700
46190  -0.239600
46191  -0.239000
46192  -0.238300
46193  -0.237900
46194  -0.237300
46195  -0.236700
46196  -0.236300
46197  -0.236600
46198  -0.236200
46199  -0.236000
46200  -0.236200
46201  -0.235400
46202  -0.235100
46203  -0.235300
46204  -0.235700
46205  -0.236200
46206  -0.235400
46207  -0.235100
46208  -0.235300
46209  -0.235200
46210  -0.235100
46211  -0.234900
46212  -0.235200
46213  -0.234800
46214  -0.235600
46215  -0.235700
46216  -0.236000
46217  -0.236100
46218  -0.236500
46219  -0.237100
46220  -0.236500
46221  -0.236400
46222  -0.235700
46223  -0.236600
46224  -0.236100
46225  -0.235600
46226  -0.235100
46227  -0.235300
46228  -0.235300
46229  -0.235600
46230  -0.235500
46231  -0.233900
46232  -0.233100
46233  -0.233700
46234  -0.234000
46235  -0.233400
46236  -0.233600
46237  -0.234300
46238  -0.233900
46239  -0.233600
46240  -0.233500
46241  -0.234300
46242  -0.233000
46243  -0.233300
46244  -0.232800
46245  -0.232000
46246  -0.230100
46247  -0.230100
46248  -0.229800
46249  -0.228400
46250  -0.228200
46251  -0.227800
46252  -0.227500
46253  -0.227200
46254  -0.226300
46255  -0.227200
46256  -0.227800
46257  -0.228400
46258  -0.228600
46259  -0.228900
46260  -0.230400
46261  -0.230600
46262  -0.231600
46263  -0.230900
46264  -0.230400
46265  -0.230800
46266  -0.230300
46267  -0.230600
46268  -0.230800
46269  -0.230100
46270  -0.229600
46271  -0.229700
46272  -0.230700
46273  -0.230600
46274  -0.231000
46275  -0.232200
46276  -0.232500
46277  -0.232700
46278  -0.232200
46279  -0.232500
46280  -0.232000
46281  -0.231500
46282  -0.231000
46283  -0.231400
46284  -0.231200
46285  -0.231200
46286  -0.231300
46287  -0.231900
46288  -0.231200
46289  -0.231200
46290  -0.230800
46291  -0.231100
46292  -0.231900
46293  -0.232600
46294  -0.232300
46295  -0.231900
46296  -0.232100
46297  -0.232200
46298  -0.232400
46299  -0.232100
46300  -0.231600
46301  -0.231900
46302  -0.231600
46303  -0.231300
46304  -0.231000
46305  -0.229700
46306  -0.229800
46307  -0.229800
46308  -0.229300
46309  -0.228900
46310  -0.228100
46311  -0.227900
46312  -0.227700
46313  -0.227700
46314  -0.227800
46315  -0.227700
46316  -0.226800
46317  -0.226500
46318  -0.226100
46319  -0.227000
46320  -0.227000
46321  -0.226100
46322  -0.226100
46323  -0.226200
46324  -0.225800
46325  -0.225400
46326  -0.225800
46327  -0.225400
46328  -0.224700
46329  -0.225600
46330  -0.225000
46331  -0.224200
46332  -0.224900
46333  -0.224700
46334  -0.224300
46335  -0.225000
46336  -0.223700
46337  -0.224400
46338  -0.224100
46339  -0.224800
46340  -0.225100
46341  -0.224600
46342  -0.224000
46343  -0.224100
46344  -0.223800
46345  -0.223800
46346  -0.224100
46347  -0.224400
46348  -0.224300
46349  -0.224600
46350  -0.224400
46351  -0.224400
46352  -0.224400
46353  -0.223900
46354  -0.223800
46355  -0.223300
46356  -0.223200
46357  -0.222500
46358  -0.223000
46359  -0.222200
46360  -0.222500
46361  -0.223100
46362  -0.223400
46363  -0.223100
46364  -0.222800
46365  -0.223800
46366  -0.223500
46367  -0.224300
46368  -0.223900
46369  -0.224000
46370  -0.225000
46371  -0.224600
46372  -0.224500
46373  -0.224700
46374  -0.225200
46375  -0.226200
46376  -0.226400
46377  -0.226400
46378  -0.226600
46379  -0.226200
46380  -0.225800
46381  -0.225900
46382  -0.226200
46383  -0.226500
46384  -0.226800
46385  -0.226500
46386  -0.227000
46387  -0.227100
46388  -0.227000
46389  -0.227700
46390  -0.227700
46391  -0.227200
46392  -0.226400
46393  -0.226800
46394  -0.227000
46395  -0.226400
46396  -0.227000
46397  -0.227400
46398  -0.228100
46399  -0.228100
46400  -0.228100
46401  -0.228100
46402  -0.228900
46403  -0.228500
46404  -0.228700
46405  -0.228500
46406  -0.228700
46407  -0.228700
46408  -0.227900
46409  -0.227400
46410  -0.227600
46411  -0.227700
46412  -0.227900
46413  -0.228600
46414  -0.229300
46415  -0.229800
46416  -0.229900
46417  -0.229900
46418  -0.229600
46419  -0.229500
46420  -0.229300
46421  -0.229300
46422  -0.229300
46423  -0.229400
46424  -0.230000
46425  -0.230200
46426  -0.230500
46427  -0.230600
46428  -0.229400
46429  -0.229100
46430  -0.229400
46431  -0.229400
46432  -0.230200
46433  -0.230100
46434  -0.230400
46435  -0.230700
46436  -0.230100
46437  -0.230700
46438  -0.231000
46439  -0.231000
46440  -0.231800
46441  -0.231400
46442  -0.232000
46443  -0.232100
46444  -0.231800
46445  -0.232900
46446  -0.232900
46447  -0.232300
46448  -0.231900
46449  -0.231600
46450  -0.229800
46451  -0.229300
46452  -0.230000
46453  -0.229100
46454  -0.230000
46455  -0.229900
46456  -0.231400
46457  -0.230900
46458  -0.230800
46459  -0.230500
46460  -0.231100
46461  -0.231400
46462  -0.231300
46463  -0.231100
46464  -0.230900
46465  -0.230900
46466  -0.230600
46467  -0.230000
46468  -0.230000
46469  -0.230200
46470  -0.231000
46471  -0.230800
46472  -0.230600
46473  -0.230700
46474  -0.231100
46475  -0.230600
46476  -0.230000
46477  -0.229700
46478  -0.230400
46479  -0.230600
46480  -0.231500
46481  -0.231900
46482  -0.231900
46483  -0.232000
46484  -0.232400
46485  -0.232000
46486  -0.231000
46487  -0.231600
46488  -0.232300
46489  -0.232200
46490  -0.232200
46491  -0.232600
46492  -0.233100
46493  -0.233300
46494  -0.234000
46495  -0.233900
46496  -0.234300
46497  -0.233900
46498  -0.234200
46499  -0.234500
46500  -0.234400
46501  -0.234800
46502  -0.233700
46503  -0.233200
46504  -0.232200
46505  -0.231900
46506  -0.232300
46507  -0.231900
46508  -0.232500
46509  -0.232300
46510  -0.231500
46511  -0.231100
46512  -0.231600
46513  -0.231600
46514  -0.231000
46515  -0.230600
46516  -0.230800
46517  -0.230100
46518  -0.230600
46519  -0.230700
46520  -0.230200
46521  -0.230700
46522  -0.231300
46523  -0.231600
46524  -0.231600
46525  -0.231400
46526  -0.230600
46527  -0.230600
46528  -0.230200
46529  -0.230300
46530  -0.229800
46531  -0.230100
46532  -0.229800
46533  -0.230100
46534  -0.229700
46535  -0.228800
46536  -0.228000
46537  -0.227900
46538  -0.227900
46539  -0.228900
46540  -0.228000
46541  -0.228000
46542  -0.227800
46543  -0.227500
46544  -0.227200
46545  -0.227300
46546  -0.227200
46547  -0.227400
46548  -0.227500
46549  -0.227600
46550  -0.227100
46551  -0.227100
46552  -0.227300
46553  -0.227400
46554  -0.227700
46555  -0.228000
46556  -0.228300
46557  -0.228200
46558  -0.227900
46559  -0.226900
46560  -0.225400
46561  -0.225700
46562  -0.225800
46563  -0.225700
46564  -0.225800
46565  -0.225200
46566  -0.225700
46567  -0.226700
46568  -0.226500
46569  -0.225900
46570  -0.226300
46571  -0.225900
46572  -0.225200
46573  -0.225300
46574  -0.225300
46575  -0.225200
46576  -0.226600
46577  -0.227200
46578  -0.227500
46579  -0.227200
46580  -0.227300
46581  -0.227000
46582  -0.227000
46583  -0.226800
46584  -0.228000
46585  -0.227500
46586  -0.227600
46587  -0.227900
46588  -0.228800
46589  -0.229200
46590  -0.229600
46591  -0.228800
46592  -0.228200
46593  -0.228600
46594  -0.228500
46595  -0.228400
46596  -0.228700
46597  -0.229500
46598  -0.229600
46599  -0.230500
46600  -0.230700
46601  -0.230200
46602  -0.229700
46603  -0.229600
46604  -0.229600
46605  -0.229600
46606  -0.229900
46607  -0.229400
46608  -0.229800
46609  -0.230200
46610  -0.230300
46611  -0.230100
46612  -0.231100
46613  -0.231500
46614  -0.231100
46615  -0.231100
46616  -0.232200
46617  -0.232300
46618  -0.232300
46619  -0.232200
46620  -0.232300
46621  -0.232400
46622  -0.232600
46623  -0.232800
46624  -0.233200
46625  -0.234400
46626  -0.234200
46627  -0.234500
46628  -0.234300
46629  -0.234100
46630  -0.234000
46631  -0.234500
46632  -0.234500
46633  -0.234800
46634  -0.233900
46635  -0.233200
46636  -0.232600
46637  -0.232600
46638  -0.232400
46639  -0.233100
46640  -0.233500
46641  -0.233500
46642  -0.232300
46643  -0.230900
46644  -0.230700
46645  -0.230600
46646  -0.231300
46647  -0.231700
46648  -0.232000
46649  -0.232000
46650  -0.232400
46651  -0.233100
46652  -0.233000
46653  -0.232300
46654  -0.231900
46655  -0.231900
46656  -0.231300
46657  -0.231100
46658  -0.232100
46659  -0.232600
46660  -0.233200
46661  -0.233200
46662  -0.232800
46663  -0.232600
46664  -0.232100
46665  -0.232200
46666  -0.232100
46667  -0.232700
46668  -0.232100
46669  -0.232300
46670  -0.232500
46671  -0.232300
46672  -0.233000
46673  -0.232900
46674  -0.232700
46675  -0.232800
46676  -0.233700
46677  -0.233500
46678  -0.232900
46679  -0.232600
46680  -0.233200
46681  -0.233200
46682  -0.233500
46683  -0.233900
46684  -0.233500
46685  -0.233400
46686  -0.232800
46687  -0.232600
46688  -0.232000
46689  -0.232100
46690  -0.232300
46691  -0.232400
46692  -0.231300
46693  -0.231600
46694  -0.231300
46695  -0.231800
46696  -0.231900
46697  -0.231800
46698  -0.231400
46699  -0.232000
46700  -0.232400
46701  -0.231900
46702  -0.231300
46703  -0.232100
46704  -0.232600
46705  -0.233400
46706  -0.233700
46707  -0.234200
46708  -0.234600
46709  -0.234500
46710  -0.235400
46711  -0.235300
46712  -0.235000
46713  -0.235100
46714  -0.234800
46715  -0.235200
46716  -0.235300
46717  -0.234900
46718  -0.234600
46719  -0.235200
46720  -0.233900
46721  -0.233800
46722  -0.234200
46723  -0.234300
46724  -0.234600
46725  -0.234800
46726  -0.235200
46727  -0.235400
46728  -0.235800
46729  -0.235500
46730  -0.236300
46731  -0.235200
46732  -0.234500
46733  -0.234100
46734  -0.234500
46735  -0.234600
46736  -0.234200
46737  -0.234300
46738  -0.233300
46739  -0.233800
46740  -0.234100
46741  -0.234000
46742  -0.233800
46743  -0.233600
46744  -0.232700
46745  -0.233500
46746  -0.234500
46747  -0.234000
46748  -0.234000
46749  -0.234800
46750  -0.234400
46751  -0.234100
46752  -0.233900
46753  -0.233400
46754  -0.233600
46755  -0.234900
46756  -0.234500
46757  -0.234600
46758  -0.233900
46759  -0.233900
46760  -0.233900
46761  -0.234000
46762  -0.233600
46763  -0.233500
46764  -0.233500
46765  -0.233000
46766  -0.232600
46767  -0.231700
46768  -0.232200
46769  -0.233300
46770  -0.234300
46771  -0.234500
46772  -0.235000
46773  -0.235400
46774  -0.235200
46775  -0.234600
46776  -0.234700
46777  -0.235000
46778  -0.236000
46779  -0.235900
46780  -0.236800
46781  -0.235800
46782  -0.235700
46783  -0.235200
46784  -0.235000
46785  -0.235300
46786  -0.235000
46787  -0.234900
46788  -0.234000
46789  -0.234200
46790  -0.233900
46791  -0.234100
46792  -0.233700
46793  -0.233700
46794  -0.234400
46795  -0.235000
46796  -0.234700
46797  -0.234900
46798  -0.234800
46799  -0.235100
46800  -0.236000
46801  -0.237400
46802  -0.238400
46803  -0.238200
46804  -0.238500
46805  -0.237200
46806  -0.237100
46807  -0.237700
46808  -0.237100
46809  -0.237600
46810  -0.237200
46811  -0.237500
46812  -0.237600
46813  -0.238000
46814  -0.237900
46815  -0.237100
46816  -0.236800
46817  -0.236500
46818  -0.235800
46819  -0.234900
46820  -0.235100
46821  -0.234900
46822  -0.235400
46823  -0.235700
46824  -0.235600
46825  -0.234800
46826  -0.234800
46827  -0.234500
46828  -0.234400
46829  -0.234500
46830  -0.234600
46831  -0.234800
46832  -0.234700
46833  -0.234100
46834  -0.234600
46835  -0.235100
46836  -0.234900
46837  -0.234200
46838  -0.234500
46839  -0.234600
46840  -0.233900
46841  -0.234100
46842  -0.234200
46843  -0.234000
46844  -0.233700
46845  -0.233200
46846  -0.233200
46847  -0.233800
46848  -0.234500
46849  -0.234600
46850  -0.234800
46851  -0.235100
46852  -0.234900
46853  -0.234800
46854  -0.235100
46855  -0.234900
46856  -0.235200
46857  -0.234600
46858  -0.234700
46859  -0.234700
46860  -0.234400
46861  -0.234000
46862  -0.234800
46863  -0.234400
46864  -0.235100
46865  -0.235200
46866  -0.234300
46867  -0.234400
46868  -0.234000
46869  -0.234000
46870  -0.233800
46871  -0.234600
46872  -0.234300
46873  -0.234100
46874  -0.234400
46875  -0.234200
46876  -0.234300
46877  -0.234000
46878  -0.234200
46879  -0.234100
46880  -0.234900
46881  -0.234800
46882  -0.235200
46883  -0.235400
46884  -0.235600
46885  -0.235400
46886  -0.235800
46887  -0.235300
46888  -0.235900
46889  -0.236400
46890  -0.235800
46891  -0.235000
46892  -0.235200
46893  -0.234000
46894  -0.233900
46895  -0.233800
46896  -0.233900
46897  -0.233900
46898  -0.234000
46899  -0.235600
46900  -0.236300
46901  -0.237200
46902  -0.236700
46903  -0.236500
46904  -0.236500
46905  -0.236400
46906  -0.236800
46907  -0.237400
46908  -0.237300
46909  -0.236400
46910  -0.236700
46911  -0.236500
46912  -0.237300
46913  -0.237900
46914  -0.237100
46915  -0.236200
46916  -0.236300
46917  -0.236800
46918  -0.236700
46919  -0.236600
46920  -0.237400
46921  -0.236500
46922  -0.236000
46923  -0.235600
46924  -0.235300
46925  -0.235500
46926  -0.235500
46927  -0.235700
46928  -0.235300
46929  -0.236100
46930  -0.236500
46931  -0.236600
46932  -0.236400
46933  -0.237000
46934  -0.237200
46935  -0.237000
46936  -0.238000
46937  -0.238300
46938  -0.238300
46939  -0.238700
46940  -0.239200
46941  -0.239700
46942  -0.239000
46943  -0.237500
46944  -0.237700
46945  -0.237400
46946  -0.237800
46947  -0.238400
46948  -0.239000
46949  -0.240000
46950  -0.239400
46951  -0.239400
46952  -0.239200
46953  -0.238600
46954  -0.238500
46955  -0.238600
46956  -0.238800
46957  -0.239300
46958  -0.239500
46959  -0.239700
46960  -0.240200
46961  -0.239500
46962  -0.238900
46963  -0.239900
46964  -0.240700
46965  -0.240500
46966  -0.239900
46967  -0.239800
46968  -0.239500
46969  -0.239400
46970  -0.238600
46971  -0.239100
46972  -0.239300
46973  -0.239800
46974  -0.239500
46975  -0.240000
46976  -0.239700
46977  -0.238700
46978  -0.237900
46979  -0.238600
46980  -0.237700
46981  -0.237200
46982  -0.237300
46983  -0.237000
46984  -0.237300
46985  -0.237600
46986  -0.237700
46987  -0.236400
46988  -0.236000
46989  -0.235800
46990  -0.236000
46991  -0.234600
46992  -0.233900
46993  -0.233400
46994  -0.232600
46995  -0.233000
46996  -0.232000
46997  -0.231800
46998  -0.231500
46999  -0.232100
47000  -0.231700
47001  -0.231300
47002  -0.231000
47003  -0.230800
47004  -0.230800
47005  -0.230900
47006  -0.231000
47007  -0.231100
47008  -0.231100
47009  -0.230800
47010  -0.231000
47011  -0.230300
47012  -0.230300
47013  -0.229800
47014  -0.228200
47015  -0.228700
47016  -0.228300
47017  -0.227100
47018  -0.227400
47019  -0.227900
47020  -0.228000
47021  -0.228000
47022  -0.228000
47023  -0.228300
47024  -0.228200
47025  -0.227300
47026  -0.227500
47027  -0.226600
47028  -0.226200
47029  -0.227200
47030  -0.228000
47031  -0.227900
47032  -0.227600
47033  -0.227200
47034  -0.226900
47035  -0.227100
47036  -0.227800
47037  -0.227900
47038  -0.228200
47039  -0.227800
47040  -0.228300
47041  -0.228300
47042  -0.228600
47043  -0.228400
47044  -0.229000
47045  -0.228700
47046  -0.229000
47047  -0.229000
47048  -0.228500
47049  -0.228100
47050  -0.227200
47051  -0.226600
47052  -0.226800
47053  -0.225900
47054  -0.225700
47055  -0.225600
47056  -0.226200
47057  -0.226000
47058  -0.226800
47059  -0.227600
47060  -0.227000
47061  -0.226100
47062  -0.226000
47063  -0.225500
47064  -0.225200
47065  -0.225600
47066  -0.225500
47067  -0.225000
47068  -0.224400
47069  -0.223100
47070  -0.222900
47071  -0.223300
47072  -0.222800
47073  -0.222200
47074  -0.222100
47075  -0.221500
47076  -0.221800
47077  -0.221800
47078  -0.221200
47079  -0.220700
47080  -0.221100
47081  -0.221700
47082  -0.221400
47083  -0.221300
47084  -0.221300
47085  -0.221200
47086  -0.220900
47087  -0.221000
47088  -0.221100
47089  -0.221400
47090  -0.221800
47091  -0.222200
47092  -0.222600
47093  -0.222500
47094  -0.222700
47095  -0.222100
47096  -0.222100
47097  -0.222100
47098  -0.221700
47099  -0.220800
47100  -0.221500
47101  -0.221000
47102  -0.221000
47103  -0.220600
47104  -0.221500
47105  -0.221100
47106  -0.221000
47107  -0.220900
47108  -0.220500
47109  -0.220000
47110  -0.220500
47111  -0.220400
47112  -0.221100
47113  -0.221900
47114  -0.222500
47115  -0.222100
47116  -0.221400
47117  -0.221800
47118  -0.222100
47119  -0.222600
47120  -0.222900
47121  -0.222600
47122  -0.222300
47123  -0.222500
47124  -0.222300
47125  -0.221700
47126  -0.221300
47127  -0.220900
47128  -0.221300
47129  -0.220400
47130  -0.220300
47131  -0.220500
47132  -0.219900
47133  -0.219900
47134  -0.220300
47135  -0.219500
47136  -0.218800
47137  -0.219200
47138  -0.219600
47139  -0.220300
47140  -0.220900
47141  -0.220400
47142  -0.220800
47143  -0.220400
47144  -0.220100
47145  -0.220300
47146  -0.219200
47147  -0.218800
47148  -0.218600
47149  -0.218700
47150  -0.218300
47151  -0.218100
47152  -0.217700
47153  -0.217800
47154  -0.218000
47155  -0.218100
47156  -0.218000
47157  -0.217900
47158  -0.217900
47159  -0.218200
47160  -0.218700
47161  -0.219300
47162  -0.218800
47163  -0.218100
47164  -0.217700
47165  -0.216900
47166  -0.217000
47167  -0.216900
47168  -0.217100
47169  -0.216600
47170  -0.216000
47171  -0.215100
47172  -0.214500
47173  -0.214100
47174  -0.213900
47175  -0.214200
47176  -0.215500
47177  -0.214900
47178  -0.215000
47179  -0.215300
47180  -0.215300
47181  -0.216100
47182  -0.215200
47183  -0.215500
47184  -0.215700
47185  -0.215100
47186  -0.215800
47187  -0.215800
47188  -0.215600
47189  -0.216100
47190  -0.216300
47191  -0.216800
47192  -0.217200
47193  -0.217200
47194  -0.217600
47195  -0.217600
47196  -0.218200
47197  -0.218700
47198  -0.218400
47199  -0.218500
47200  -0.219300
47201  -0.219600
47202  -0.218700
47203  -0.218300
47204  -0.217900
47205  -0.217600
47206  -0.217500
47207  -0.217600
47208  -0.217300
47209  -0.217900
47210  -0.219200
47211  -0.219400
47212  -0.219700
47213  -0.220100
47214  -0.220000
47215  -0.219700
47216  -0.219100
47217  -0.219800
47218  -0.219900
47219  -0.218700
47220  -0.219100
47221  -0.218800
47222  -0.218700
47223  -0.219200
47224  -0.220300
47225  -0.220600
47226  -0.220600
47227  -0.220200
47228  -0.220200
47229  -0.220400
47230  -0.220600
47231  -0.220300
47232  -0.220700
47233  -0.220900
47234  -0.220900
47235  -0.222200
47236  -0.222600
47237  -0.222700
47238  -0.222000
47239  -0.222000
47240  -0.222100
47241  -0.223600
47242  -0.223100
47243  -0.223900
47244  -0.222900
47245  -0.222800
47246  -0.222200
47247  -0.222000
47248  -0.221700
47249  -0.221100
47250  -0.221000
47251  -0.221100
47252  -0.221000
47253  -0.220700
47254  -0.220800
47255  -0.220100
47256  -0.220200
47257  -0.220300
47258  -0.219900
47259  -0.220800
47260  -0.220800
47261  -0.221300
47262  -0.221100
47263  -0.221500
47264  -0.221400
47265  -0.221500
47266  -0.220900
47267  -0.220500
47268  -0.220600
47269  -0.220300
47270  -0.220300
47271  -0.220200
47272  -0.219700
47273  -0.220300
47274  -0.220000
47275  -0.221100
47276  -0.221300
47277  -0.222200
47278  -0.222500
47279  -0.222400
47280  -0.222400
47281  -0.222700
47282  -0.222400
47283  -0.222600
47284  -0.222100
47285  -0.221900
47286  -0.221400
47287  -0.221600
47288  -0.222400
47289  -0.222300
47290  -0.222000
47291  -0.221500
47292  -0.221700
47293  -0.220900
47294  -0.220700
47295  -0.220800
47296  -0.221200
47297  -0.220800
47298  -0.221100
47299  -0.221400
47300  -0.220700
47301  -0.220600
47302  -0.220500
47303  -0.220100
47304  -0.219700
47305  -0.219700
47306  -0.220200
47307  -0.220600
47308  -0.219800
47309  -0.219400
47310  -0.219600
47311  -0.219900
47312  -0.219500
47313  -0.220300
47314  -0.219900
47315  -0.220100
47316  -0.220400
47317  -0.220000
47318  -0.220100
47319  -0.220300
47320  -0.220700
47321  -0.220600
47322  -0.220500
47323  -0.220500
47324  -0.220000
47325  -0.218800
47326  -0.218800
47327  -0.218700
47328  -0.218600
47329  -0.218300
47330  -0.218400
47331  -0.218400
47332  -0.218800
47333  -0.218600
47334  -0.217800
47335  -0.219000
47336  -0.219100
47337  -0.218100
47338  -0.218300
47339  -0.218700
47340  -0.218900
47341  -0.219600
47342  -0.219800
47343  -0.220400
47344  -0.220000
47345  -0.220600
47346  -0.220200
47347  -0.219600
47348  -0.220000
47349  -0.219900
47350  -0.220100
47351  -0.219500
47352  -0.219300
47353  -0.219100
47354  -0.219100
47355  -0.218300
47356  -0.217800
47357  -0.218200
47358  -0.218200
47359  -0.217800
47360  -0.217100
47361  -0.216800
47362  -0.216400
47363  -0.215500
47364  -0.215200
47365  -0.215400
47366  -0.215800
47367  -0.216100
47368  -0.216200
47369  -0.215800
47370  -0.216000
47371  -0.216200
47372  -0.217200
47373  -0.216900
47374  -0.216600
47375  -0.217300
47376  -0.217000
47377  -0.216800
47378  -0.216100
47379  -0.216100
47380  -0.215700
47381  -0.215900
47382  -0.215600
47383  -0.216200
47384  -0.216700
47385  -0.216500
47386  -0.216500
47387  -0.216700
47388  -0.217200
47389  -0.217800
47390  -0.217400
47391  -0.217100
47392  -0.216400
47393  -0.216200
47394  -0.216400
47395  -0.216600
47396  -0.216700
47397  -0.216900
47398  -0.217100
47399  -0.216900
47400  -0.217200
47401  -0.216100
47402  -0.216100
47403  -0.216000
47404  -0.215800
47405  -0.215700
47406  -0.216800
47407  -0.217200
47408  -0.216900
47409  -0.216800
47410  -0.216900
47411  -0.217800
47412  -0.217900
47413  -0.217600
47414  -0.217800
47415  -0.218500
47416  -0.218500
47417  -0.218200
47418  -0.217700
47419  -0.218400
47420  -0.218000
47421  -0.218100
47422  -0.218400
47423  -0.219200
47424  -0.219100
47425  -0.219400
47426  -0.219300
47427  -0.219700
47428  -0.219200
47429  -0.218400
47430  -0.217700
47431  -0.218200
47432  -0.217800
47433  -0.218400
47434  -0.219400
47435  -0.219800
47436  -0.220500
47437  -0.220600
47438  -0.221000
47439  -0.220700
47440  -0.220700
47441  -0.221100
47442  -0.222000
47443  -0.222300
47444  -0.222800
47445  -0.222800
47446  -0.222100
47447  -0.223100
47448  -0.222800
47449  -0.223300
47450  -0.223700
47451  -0.224300
47452  -0.225000
47453  -0.225200
47454  -0.225000
47455  -0.224300
47456  -0.224000
47457  -0.224800
47458  -0.224200
47459  -0.223700
47460  -0.223400
47461  -0.223400
47462  -0.223100
47463  -0.224000
47464  -0.224600
47465  -0.224600
47466  -0.224500
47467  -0.224400
47468  -0.224800
47469  -0.224900
47470  -0.224300
47471  -0.223800
47472  -0.223500
47473  -0.223500
47474  -0.224300
47475  -0.224800
47476  -0.223500
47477  -0.224100
47478  -0.224300
47479  -0.224300
47480  -0.224200
47481  -0.224000
47482  -0.224400
47483  -0.225200
47484  -0.224900
47485  -0.223900
47486  -0.223800
47487  -0.223800
47488  -0.223500
47489  -0.223800
47490  -0.224400
47491  -0.224100
47492  -0.223000
47493  -0.222900
47494  -0.222600
47495  -0.223000
47496  -0.223000
47497  -0.223200
47498  -0.223600
47499  -0.223800
47500  -0.223200
47501  -0.223400
47502  -0.223100
47503  -0.222900
47504  -0.222900
47505  -0.223200
47506  -0.223600
47507  -0.223700
47508  -0.223500
47509  -0.224200
47510  -0.223900
47511  -0.224100
47512  -0.224000
47513  -0.223200
47514  -0.223300
47515  -0.223300
47516  -0.223200
47517  -0.223700
47518  -0.223400
47519  -0.223600
47520  -0.222800
47521  -0.222100
47522  -0.222500
47523  -0.222500
47524  -0.222500
47525  -0.222700
47526  -0.223100
47527  -0.223200
47528  -0.223400
47529  -0.222700
47530  -0.223000
47531  -0.222300
47532  -0.221800
47533  -0.222000
47534  -0.221200
47535  -0.221800
47536  -0.221800
47537  -0.221900
47538  -0.221800
47539  -0.221800
47540  -0.221300
47541  -0.222100
47542  -0.221300
47543  -0.222000
47544  -0.222100
47545  -0.221500
47546  -0.221500
47547  -0.221600
47548  -0.222800
47549  -0.223300
47550  -0.223300
47551  -0.222800
47552  -0.223300
47553  -0.223200
47554  -0.222900
47555  -0.223300
47556  -0.223000
47557  -0.222800
47558  -0.222500
47559  -0.222100
47560  -0.221500
47561  -0.221500
47562  -0.220500
47563  -0.220100
47564  -0.220500
47565  -0.221200
47566  -0.221000
47567  -0.220900
47568  -0.221000
47569  -0.221100
47570  -0.220900
47571  -0.220800
47572  -0.221200
47573  -0.220900
47574  -0.221200
47575  -0.221900
47576  -0.222300
47577  -0.222300
47578  -0.221900
47579  -0.222000
47580  -0.221000
47581  -0.221000
47582  -0.220000
47583  -0.219700
47584  -0.219000
47585  -0.219300
47586  -0.218900
47587  -0.218000
47588  -0.218300
47589  -0.217800
47590  -0.217900
47591  -0.218200
47592  -0.218100
47593  -0.218100
47594  -0.218500
47595  -0.219200
47596  -0.218700
47597  -0.219300
47598  -0.219300
47599  -0.218700
47600  -0.219200
47601  -0.219000
47602  -0.219000
47603  -0.219100
47604  -0.218700
47605  -0.219100
47606  -0.219300
47607  -0.219700
47608  -0.219200
47609  -0.219000
47610  -0.219900
47611  -0.219700
47612  -0.219800
47613  -0.219200
47614  -0.218400
47615  -0.217600
47616  -0.218300
47617  -0.217700
47618  -0.216600
47619  -0.216700
47620  -0.216000
47621  -0.215700
47622  -0.215400
47623  -0.215200
47624  -0.214300
47625  -0.214100
47626  -0.214300
47627  -0.214600
47628  -0.215700
47629  -0.216000
47630  -0.215600
47631  -0.215700
47632  -0.215900
47633  -0.215800
47634  -0.215500
47635  -0.215700
47636  -0.216400
47637  -0.216900
47638  -0.216800
47639  -0.216100
47640  -0.216100
47641  -0.216100
47642  -0.215900
47643  -0.215100
47644  -0.214400
47645  -0.214000
47646  -0.214200
47647  -0.213500
47648  -0.213600
47649  -0.213700
47650  -0.213200
47651  -0.213800
47652  -0.214200
47653  -0.213600
47654  -0.212600
47655  -0.212000
47656  -0.211900
47657  -0.212500
47658  -0.212800
47659  -0.211800
47660  -0.211900
47661  -0.211400
47662  -0.212200
47663  -0.212400
47664  -0.212400
47665  -0.211600
47666  -0.211200
47667  -0.211700
47668  -0.211900
47669  -0.211800
47670  -0.211500
47671  -0.211400
47672  -0.211000
47673  -0.211900
47674  -0.211400
47675  -0.212000
47676  -0.211800
47677  -0.212200
47678  -0.212000
47679  -0.211500
47680  -0.210900
47681  -0.211200
47682  -0.211500
47683  -0.211100
47684  -0.211500
47685  -0.212000
47686  -0.212100
47687  -0.211700
47688  -0.211800
47689  -0.211800
47690  -0.211200
47691  -0.210500
47692  -0.210700
47693  -0.210900
47694  -0.210500
47695  -0.211400
47696  -0.211100
47697  -0.210700
47698  -0.211100
47699  -0.211700
47700  -0.212800
47701  -0.213000
47702  -0.212500
47703  -0.212200
47704  -0.213000
47705  -0.212800
47706  -0.212500
47707  -0.212100
47708  -0.212300
47709  -0.212800
47710  -0.212900
47711  -0.213500
47712  -0.213300
47713  -0.212600
47714  -0.213200
47715  -0.212700
47716  -0.212700
47717  -0.212200
47718  -0.211900
47719  -0.212000
47720  -0.213100
47721  -0.213200
47722  -0.213100
47723  -0.212600
47724  -0.212900
47725  -0.212400
47726  -0.212100
47727  -0.211400
47728  -0.211200
47729  -0.211500
47730  -0.210500
47731  -0.210300
47732  -0.210200
47733  -0.210400
47734  -0.211200
47735  -0.210800
47736  -0.210300
47737  -0.211200
47738  -0.212000
47739  -0.212100
47740  -0.211200
47741  -0.211300
47742  -0.212100
47743  -0.211500
47744  -0.211700
47745  -0.211700
47746  -0.210800
47747  -0.211800
47748  -0.212000
47749  -0.212200
47750  -0.213300
47751  -0.213600
47752  -0.213800
47753  -0.214400
47754  -0.214100
47755  -0.214500
47756  -0.214200
47757  -0.214400
47758  -0.214200
47759  -0.214300
47760  -0.214100
47761  -0.213800
47762  -0.213600
47763  -0.213200
47764  -0.213000
47765  -0.213100
47766  -0.213000
47767  -0.212500
47768  -0.212600
47769  -0.212200
47770  -0.212500
47771  -0.212800
47772  -0.213100
47773  -0.213100
47774  -0.213100
47775  -0.213200
47776  -0.213000
47777  -0.213300
47778  -0.213400
47779  -0.213400
47780  -0.214100
47781  -0.213600
47782  -0.213200
47783  -0.213100
47784  -0.213200
47785  -0.212300
47786  -0.211900
47787  -0.211400
47788  -0.212200
47789  -0.212200
47790  -0.212800
47791  -0.211800
47792  -0.211800
47793  -0.212300
47794  -0.212600
47795  -0.213100
47796  -0.212300
47797  -0.212000
47798  -0.211500
47799  -0.211700
47800  -0.212000
47801  -0.212100
47802  -0.212200
47803  -0.212000
47804  -0.212200
47805  -0.212300
47806  -0.212200
47807  -0.212800
47808  -0.212700
47809  -0.212400
47810  -0.212100
47811  -0.210600
47812  -0.210200
47813  -0.210400
47814  -0.210100
47815  -0.210200
47816  -0.210300
47817  -0.209800
47818  -0.209500
47819  -0.209300
47820  -0.208600
47821  -0.209000
47822  -0.209600
47823  -0.209600
47824  -0.209800
47825  -0.209400
47826  -0.208900
47827  -0.209100
47828  -0.209600
47829  -0.210200
47830  -0.210100
47831  -0.210600
47832  -0.210100
47833  -0.210800
47834  -0.210800
47835  -0.210500
47836  -0.210500
47837  -0.210200
47838  -0.210200
47839  -0.209700
47840  -0.209600
47841  -0.209500
47842  -0.209600
47843  -0.209800
47844  -0.209100
47845  -0.209700
47846  -0.210300
47847  -0.210400
47848  -0.210300
47849  -0.210600
47850  -0.210100
47851  -0.210500
47852  -0.210800
47853  -0.211100
47854  -0.210300
47855  -0.210100
47856  -0.210600
47857  -0.211000
47858  -0.211300
47859  -0.210900
47860  -0.210500
47861  -0.210200
47862  -0.210300
47863  -0.210300
47864  -0.210300
47865  -0.210400
47866  -0.209800
47867  -0.209600
47868  -0.208700
47869  -0.208500
47870  -0.208600
47871  -0.209100
47872  -0.208300
47873  -0.208700
47874  -0.208400
47875  -0.208600
47876  -0.208900
47877  -0.209000
47878  -0.209300
47879  -0.210100
47880  -0.209900
47881  -0.210000
47882  -0.211000
47883  -0.211800
47884  -0.211900
47885  -0.211300
47886  -0.210600
47887  -0.210600
47888  -0.210500
47889  -0.210100
47890  -0.210700
47891  -0.210400
47892  -0.209800
47893  -0.209500
47894  -0.209600
47895  -0.209700
47896  -0.210700
47897  -0.210100
47898  -0.210400
47899  -0.210500
47900  -0.209700
47901  -0.210200
47902  -0.209800
47903  -0.210000
47904  -0.210000
47905  -0.210100
47906  -0.209600
47907  -0.210600
47908  -0.210700
47909  -0.210000
47910  -0.209400
47911  -0.209000
47912  -0.207800
47913  -0.207100
47914  -0.208000
47915  -0.208500
47916  -0.207100
47917  -0.206600
47918  -0.205600
47919  -0.205400
47920  -0.205800
47921  -0.205700
47922  -0.205500
47923  -0.206100
47924  -0.206400
47925  -0.206000
47926  -0.206200
47927  -0.206100
47928  -0.206300
47929  -0.206900
47930  -0.206900
47931  -0.207300
47932  -0.206600
47933  -0.207000
47934  -0.207100
47935  -0.206100
47936  -0.205500
47937  -0.205900
47938  -0.205500
47939  -0.205700
47940  -0.205400
47941  -0.205000
47942  -0.205900
47943  -0.205200
47944  -0.205700
47945  -0.206000
47946  -0.205500
47947  -0.205500
47948  -0.205800
47949  -0.206200
47950  -0.205900
47951  -0.205000
47952  -0.204800
47953  -0.203500
47954  -0.202900
47955  -0.203400
47956  -0.204400
47957  -0.204100
47958  -0.204200
47959  -0.203900
47960  -0.203800
47961  -0.203100
47962  -0.202900
47963  -0.203200
47964  -0.204100
47965  -0.204400
47966  -0.204200
47967  -0.205000
47968  -0.205000
47969  -0.205400
47970  -0.204900
47971  -0.204900
47972  -0.205200
47973  -0.204500
47974  -0.204800
47975  -0.204600
47976  -0.203800
47977  -0.203500
47978  -0.203600
47979  -0.203700
47980  -0.202800
47981  -0.202500
47982  -0.202600
47983  -0.202500
47984  -0.202800
47985  -0.202800
47986  -0.203800
47987  -0.204300
47988  -0.204900
47989  -0.205500
47990  -0.206300
47991  -0.205400
47992  -0.205200
47993  -0.204700
47994  -0.205400
47995  -0.203900
47996  -0.203900
47997  -0.204600
47998  -0.204800
47999  -0.205100
48000  -0.205300
48001  -0.205600
48002  -0.205700
48003  -0.205800
48004  -0.205800
48005  -0.205100
48006  -0.204700
48007  -0.205200
48008  -0.205500
48009  -0.204700
48010  -0.204100
48011  -0.204200
48012  -0.204300
48013  -0.204000
48014  -0.204800
48015  -0.204800
48016  -0.205400
48017  -0.204800
48018  -0.205000
48019  -0.206000
48020  -0.206300
48021  -0.205300
48022  -0.205400
48023  -0.205000
48024  -0.205600
48025  -0.206300
48026  -0.206000
48027  -0.207000
48028  -0.207300
48029  -0.206800
48030  -0.205900
48031  -0.205700
48032  -0.206100
48033  -0.206300
48034  -0.206800
48035  -0.207000
48036  -0.207800
48037  -0.207800
48038  -0.207100
48039  -0.207700
48040  -0.207400
48041  -0.207600
48042  -0.208200
48043  -0.208600
48044  -0.208700
48045  -0.208700
48046  -0.208400
48047  -0.208100
48048  -0.208500
48049  -0.208000
48050  -0.207700
48051  -0.207800
48052  -0.207500
48053  -0.207200
48054  -0.206200
48055  -0.206400
48056  -0.206000
48057  -0.206300
48058  -0.205700
48059  -0.205200
48060  -0.204700
48061  -0.205500
48062  -0.205800
48063  -0.205700
48064  -0.205300
48065  -0.206000
48066  -0.205500
48067  -0.205400
48068  -0.204700
48069  -0.205200
48070  -0.205900
48071  -0.206600
48072  -0.206300
48073  -0.206000
48074  -0.207000
48075  -0.207700
48076  -0.207800
48077  -0.207800
48078  -0.207400
48079  -0.206900
48080  -0.206100
48081  -0.205600
48082  -0.205600
48083  -0.205900
48084  -0.206400
48085  -0.205500
48086  -0.206300
48087  -0.206900
48088  -0.206700
48089  -0.206800
48090  -0.206500
48091  -0.207200
48092  -0.206900
48093  -0.206400
48094  -0.206600
48095  -0.206500
48096  -0.206300
48097  -0.206700
48098  -0.205900
48099  -0.206100
48100  -0.206200
48101  -0.206100
48102  -0.206800
48103  -0.206500
48104  -0.206700
48105  -0.206800
48106  -0.206000
48107  -0.206000
48108  -0.206000
48109  -0.206300
48110  -0.207000
48111  -0.206700
48112  -0.206900
48113  -0.206800
48114  -0.206900
48115  -0.206800
48116  -0.206200
48117  -0.205300
48118  -0.204800
48119  -0.205900
48120  -0.206100
48121  -0.206100
48122  -0.205800
48123  -0.205500
48124  -0.206000
48125  -0.206500
48126  -0.206100
48127  -0.205200
48128  -0.205500
48129  -0.205600
48130  -0.205900
48131  -0.206400
48132  -0.206000
48133  -0.205800
48134  -0.205500
48135  -0.205800
48136  -0.205800
48137  -0.205000
48138  -0.204900
48139  -0.204600
48140  -0.204000
48141  -0.204100
48142  -0.204400
48143  -0.204900
48144  -0.204200
48145  -0.205100
48146  -0.205300
48147  -0.204800
48148  -0.205300
48149  -0.205300
48150  -0.205600
48151  -0.206000
48152  -0.206000
48153  -0.205800
48154  -0.205700
48155  -0.206000
48156  -0.206400
48157  -0.206800
48158  -0.206700
48159  -0.207300
48160  -0.208200
48161  -0.209100
48162  -0.209400
48163  -0.210000
48164  -0.210000
48165  -0.209400
48166  -0.209700
48167  -0.209900
48168  -0.209800
48169  -0.209400
48170  -0.208800
48171  -0.208700
48172  -0.208400
48173  -0.208600
48174  -0.207900
48175  -0.208600
48176  -0.209600
48177  -0.210000
48178  -0.210000
48179  -0.209500
48180  -0.209200
48181  -0.209000
48182  -0.208900
48183  -0.209200
48184  -0.208800
48185  -0.209300
48186  -0.209900
48187  -0.210200
48188  -0.210800
48189  -0.210200
48190  -0.211200
48191  -0.211500
48192  -0.211100
48193  -0.211800
48194  -0.211400
48195  -0.211200
48196  -0.211300
48197  -0.210500
48198  -0.210700
48199  -0.210400
48200  -0.209300
48201  -0.209000
48202  -0.209200
48203  -0.209100
48204  -0.209300
48205  -0.208700
48206  -0.208900
48207  -0.209500
48208  -0.209900
48209  -0.209900
48210  -0.210000
48211  -0.208800
48212  -0.208800
48213  -0.208500
48214  -0.209100
48215  -0.209100
48216  -0.208800
48217  -0.208700
48218  -0.209100
48219  -0.209500
48220  -0.210100
48221  -0.210700
48222  -0.210300
48223  -0.210000
48224  -0.209500
48225  -0.209300
48226  -0.209400
48227  -0.209400
48228  -0.208300
48229  -0.208600
48230  -0.209800
48231  -0.209600
48232  -0.210100
48233  -0.209300
48234  -0.209700
48235  -0.209500
48236  -0.209200
48237  -0.208900
48238  -0.209300
48239  -0.209600
48240  -0.209600
48241  -0.210500
48242  -0.210500
48243  -0.210100
48244  -0.210300
48245  -0.210400
48246  -0.210200
48247  -0.209900
48248  -0.210400
48249  -0.210700
48250  -0.210400
48251  -0.210100
48252  -0.210600
48253  -0.210800
48254  -0.210600
48255  -0.210800
48256  -0.211500
48257  -0.211000
48258  -0.210100
48259  -0.209800
48260  -0.209400
48261  -0.209000
48262  -0.209900
48263  -0.209900
48264  -0.210300
48265  -0.210800
48266  -0.210500
48267  -0.211000
48268  -0.210700
48269  -0.210500
48270  -0.210600
48271  -0.210100
48272  -0.210200
48273  -0.209700
48274  -0.210000
48275  -0.210200
48276  -0.210200
48277  -0.210000
48278  -0.210300
48279  -0.211800
48280  -0.211600
48281  -0.211500
48282  -0.211800
48283  -0.211700
48284  -0.211900
48285  -0.211100
48286  -0.210300
48287  -0.209900
48288  -0.209700
48289  -0.209600
48290  -0.209900
48291  -0.209700
48292  -0.210100
48293  -0.210300
48294  -0.209800
48295  -0.209400
48296  -0.208900
48297  -0.208900
48298  -0.209600
48299  -0.210300
48300  -0.209400
48301  -0.208600
48302  -0.208600
48303  -0.208800
48304  -0.209100
48305  -0.209000
48306  -0.208700
48307  -0.208800
48308  -0.208800
48309  -0.208800
48310  -0.208400
48311  -0.209200
48312  -0.208900
48313  -0.210100
48314  -0.210200
48315  -0.209800
48316  -0.210000
48317  -0.210000
48318  -0.210900
48319  -0.210600
48320  -0.211800
48321  -0.211200
48322  -0.211400
48323  -0.211500
48324  -0.211400
48325  -0.210900
48326  -0.211300
48327  -0.211700
48328  -0.211300
48329  -0.210700
48330  -0.210600
48331  -0.210400
48332  -0.209800
48333  -0.210600
48334  -0.210600
48335  -0.210900
48336  -0.210900
48337  -0.211600
48338  -0.212000
48339  -0.211200
48340  -0.211200
48341  -0.210500
48342  -0.211100
48343  -0.210000
48344  -0.210000
48345  -0.210800
48346  -0.211000
48347  -0.212200
48348  -0.213100
48349  -0.212500
48350  -0.212400
48351  -0.212600
48352  -0.213200
48353  -0.212800
48354  -0.213400
48355  -0.212800
48356  -0.213300
48357  -0.213700
48358  -0.213400
48359  -0.213800
48360  -0.213700
48361  -0.214300
48362  -0.214300
48363  -0.214100
48364  -0.214200
48365  -0.214300
48366  -0.213600
48367  -0.213900
48368  -0.214600
48369  -0.215000
48370  -0.216000
48371  -0.215600
48372  -0.215900
48373  -0.216000
48374  -0.217400
48375  -0.217700
48376  -0.217300
48377  -0.217100
48378  -0.217400
48379  -0.217700
48380  -0.218300
48381  -0.218000
48382  -0.217800
48383  -0.217600
48384  -0.217500
48385  -0.217200
48386  -0.216100
48387  -0.215600
48388  -0.216300
48389  -0.215700
48390  -0.215400
48391  -0.215400
48392  -0.215700
48393  -0.216200
48394  -0.215800
48395  -0.216000
48396  -0.215700
48397  -0.216200
48398  -0.216400
48399  -0.216900
48400  -0.216300
48401  -0.216300
48402  -0.216400
48403  -0.216100
48404  -0.217300
48405  -0.216900
48406  -0.216400
48407  -0.216700
48408  -0.216600
48409  -0.216200
48410  -0.216200
48411  -0.216600
48412  -0.216300
48413  -0.216500
48414  -0.217300
48415  -0.218100
48416  -0.217100
48417  -0.217200
48418  -0.217100
48419  -0.216200
48420  -0.215800
48421  -0.215600
48422  -0.215700
48423  -0.215500
48424  -0.216100
48425  -0.216100
48426  -0.216100
48427  -0.216300
48428  -0.216100
48429  -0.215900
48430  -0.216200
48431  -0.216400
48432  -0.215900
48433  -0.216400
48434  -0.216800
48435  -0.216800
48436  -0.217300
48437  -0.218200
48438  -0.218000
48439  -0.218700
48440  -0.218500
48441  -0.218300
48442  -0.217600
48443  -0.217100
48444  -0.216900
48445  -0.217200
48446  -0.217700
48447  -0.217100
48448  -0.216800
48449  -0.216300
48450  -0.217000
48451  -0.217400
48452  -0.217100
48453  -0.218000
48454  -0.218700
48455  -0.218600
48456  -0.218600
48457  -0.219700
48458  -0.220700
48459  -0.220500
48460  -0.220700
48461  -0.220900
48462  -0.220700
48463  -0.220900
48464  -0.220800
48465  -0.221400
48466  -0.221400
48467  -0.221300
48468  -0.220700
48469  -0.221200
48470  -0.220400
48471  -0.220200
48472  -0.220000
48473  -0.220100
48474  -0.220600
48475  -0.220700
48476  -0.220800
48477  -0.221000
48478  -0.220600
48479  -0.220200
48480  -0.220000
48481  -0.219500
48482  -0.220100
48483  -0.219900
48484  -0.220300
48485  -0.219000
48486  -0.219400
48487  -0.219500
48488  -0.220000
48489  -0.219300
48490  -0.219200
48491  -0.221000
48492  -0.221600
48493  -0.222000
48494  -0.221900
48495  -0.222200
48496  -0.221700
48497  -0.221300
48498  -0.221600
48499  -0.221700
48500  -0.222200
48501  -0.222800
48502  -0.222300
48503  -0.221800
48504  -0.220700
48505  -0.220300
48506  -0.220200
48507  -0.220300
48508  -0.220100
48509  -0.220000
48510  -0.219900
48511  -0.220400
48512  -0.219800
48513  -0.219400
48514  -0.220100
48515  -0.220400
48516  -0.221800
48517  -0.221700
48518  -0.221500
48519  -0.221300
48520  -0.220700
48521  -0.219600
48522  -0.219300
48523  -0.219000
48524  -0.219400
48525  -0.219300
48526  -0.220100
48527  -0.221000
48528  -0.221100
48529  -0.220200
48530  -0.220100
48531  -0.220000
48532  -0.219400
48533  -0.218800
48534  -0.218300
48535  -0.217100
48536  -0.217300
48537  -0.217900
48538  -0.217700
48539  -0.216700
48540  -0.216100
48541  -0.216200
48542  -0.217200
48543  -0.217400
48544  -0.216800
48545  -0.216600
48546  -0.216200
48547  -0.215600
48548  -0.215900
48549  -0.216400
48550  -0.216900
48551  -0.217400
48552  -0.216700
48553  -0.216900
48554  -0.216600
48555  -0.216900
48556  -0.216900
48557  -0.216600
48558  -0.216500
48559  -0.215400
48560  -0.215100
48561  -0.215400
48562  -0.214600
48563  -0.214600
48564  -0.214300
48565  -0.213500
48566  -0.213100
48567  -0.213100
48568  -0.212900
48569  -0.213200
48570  -0.212700
48571  -0.211500
48572  -0.211100
48573  -0.210500
48574  -0.211400
48575  -0.211800
48576  -0.212200
48577  -0.213200
48578  -0.212800
48579  -0.212500
48580  -0.212300
48581  -0.212200
48582  -0.212300
48583  -0.212300
48584  -0.212300
48585  -0.212300
48586  -0.211900
48587  -0.211100
48588  -0.210200
48589  -0.210700
48590  -0.210500
48591  -0.210600
48592  -0.210800
48593  -0.210800
48594  -0.210600
48595  -0.211100
48596  -0.210700
48597  -0.210500
48598  -0.210300
48599  -0.210600
48600  -0.209800
48601  -0.208900
48602  -0.208900
48603  -0.209500
48604  -0.209100
48605  -0.209600
48606  -0.208600
48607  -0.208400
48608  -0.208400
48609  -0.208400
48610  -0.209200
48611  -0.208500
48612  -0.208300
48613  -0.208900
48614  -0.208000
48615  -0.208200
48616  -0.208500
48617  -0.208800
48618  -0.209100
48619  -0.209100
48620  -0.209200
48621  -0.208400
48622  -0.208800
48623  -0.208400
48624  -0.208000
48625  -0.208700
48626  -0.208700
48627  -0.208700
48628  -0.208300
48629  -0.208400
48630  -0.208000
48631  -0.208700
48632  -0.208700
48633  -0.208600
48634  -0.208200
48635  -0.208000
48636  -0.206600
48637  -0.206500
48638  -0.205900
48639  -0.205600
48640  -0.206000
48641  -0.205500
48642  -0.206000
48643  -0.205800
48644  -0.204900
48645  -0.205000
48646  -0.205600
48647  -0.205600
48648  -0.205500
48649  -0.205700
48650  -0.205300
48651  -0.204800
48652  -0.204200
48653  -0.203500
48654  -0.204100
48655  -0.204200
48656  -0.204500
48657  -0.204500
48658  -0.205400
48659  -0.204900
48660  -0.205200
48661  -0.204700
48662  -0.204500
48663  -0.204700
48664  -0.205300
48665  -0.205700
48666  -0.206000
48667  -0.205400
48668  -0.205900
48669  -0.206000
48670  -0.205800
48671  -0.205600
48672  -0.205300
48673  -0.204600
48674  -0.204500
48675  -0.204400
48676  -0.204700
48677  -0.204900
48678  -0.205100
48679  -0.205800
48680  -0.205600
48681  -0.205900
48682  -0.207300
48683  -0.206800
48684  -0.207300
48685  -0.207300
48686  -0.206900
48687  -0.208000
48688  -0.207700
48689  -0.206600
48690  -0.206500
48691  -0.206400
48692  -0.206600
48693  -0.206100
48694  -0.206700
48695  -0.207000
48696  -0.206800
48697  -0.206300
48698  -0.206300
48699  -0.206400
48700  -0.206500
48701  -0.206200
48702  -0.206100
48703  -0.206400
48704  -0.206400
48705  -0.205800
48706  -0.205500
48707  -0.205500
48708  -0.206000
48709  -0.206300
48710  -0.207100
48711  -0.207600
48712  -0.207200
48713  -0.206900
48714  -0.206500
48715  -0.206200
48716  -0.206500
48717  -0.206800
48718  -0.206700
48719  -0.206400
48720  -0.206300
48721  -0.206500
48722  -0.206800
48723  -0.206300
48724  -0.205900
48725  -0.206300
48726  -0.206500
48727  -0.205500
48728  -0.205500
48729  -0.204700
48730  -0.204400
48731  -0.204400
48732  -0.205000
48733  -0.205000
48734  -0.204600
48735  -0.204400
48736  -0.204200
48737  -0.204300
48738  -0.204100
48739  -0.203600
48740  -0.203700
48741  -0.204000
48742  -0.204300
48743  -0.205300
48744  -0.205000
48745  -0.204800
48746  -0.205200
48747  -0.205400
48748  -0.205000
48749  -0.204500
48750  -0.203900
48751  -0.203900
48752  -0.204500
48753  -0.204000
48754  -0.204300
48755  -0.204600
48756  -0.204400
48757  -0.204600
48758  -0.204100
48759  -0.204200
48760  -0.204100
48761  -0.202900
48762  -0.202600
48763  -0.202200
48764  -0.202300
48765  -0.202800
48766  -0.203400
48767  -0.203400
48768  -0.202400
48769  -0.202700
48770  -0.203000
48771  -0.203000
48772  -0.203400
48773  -0.203800
48774  -0.204300
48775  -0.203700
48776  -0.204600
48777  -0.205200
48778  -0.205500
48779  -0.205400
48780  -0.205400
48781  -0.205500
48782  -0.205000
48783  -0.205400
48784  -0.205200
48785  -0.206500
48786  -0.206000
48787  -0.206500
48788  -0.206800
48789  -0.207500
48790  -0.207300
48791  -0.207100
48792  -0.206500
48793  -0.206100
48794  -0.205600
48795  -0.205700
48796  -0.206100
48797  -0.206500
48798  -0.206100
48799  -0.206100
48800  -0.205400
48801  -0.205000
48802  -0.203500
48803  -0.203600
48804  -0.203200
48805  -0.202900
48806  -0.202800
48807  -0.203800
48808  -0.203500
48809  -0.204100
48810  -0.203800
48811  -0.204700
48812  -0.204100
48813  -0.203300
48814  -0.204100
48815  -0.204500
48816  -0.204100
48817  -0.204200
48818  -0.203900
48819  -0.203900
48820  -0.203800
48821  -0.203600
48822  -0.203100
48823  -0.203600
48824  -0.203600
48825  -0.203700
48826  -0.203400
48827  -0.202200
48828  -0.202000
48829  -0.201600
48830  -0.201600
48831  -0.201600
48832  -0.201700
48833  -0.201200
48834  -0.201400
48835  -0.201200
48836  -0.201500
48837  -0.200700
48838  -0.200600
48839  -0.200200
48840  -0.200400
48841  -0.201300
48842  -0.200300
48843  -0.199900
48844  -0.199900
48845  -0.200400
48846  -0.200500
48847  -0.200900
48848  -0.200900
48849  -0.200100
48850  -0.200400
48851  -0.200700
48852  -0.200400
48853  -0.199600
48854  -0.199100
48855  -0.198100
48856  -0.198300
48857  -0.197600
48858  -0.197400
48859  -0.197100
48860  -0.197800
48861  -0.197200
48862  -0.196900
48863  -0.197300
48864  -0.197500
48865  -0.197900
48866  -0.197400
48867  -0.197300
48868  -0.197100
48869  -0.197500
48870  -0.197800
48871  -0.198800
48872  -0.196800
48873  -0.196500
48874  -0.196800
48875  -0.197100
48876  -0.196800
48877  -0.195900
48878  -0.195500
48879  -0.195800
48880  -0.195500
48881  -0.195500
48882  -0.196300
48883  -0.196000
48884  -0.196300
48885  -0.196300
48886  -0.196000
48887  -0.196100
48888  -0.195400
48889  -0.194900
48890  -0.194300
48891  -0.194000
48892  -0.193700
48893  -0.193800
48894  -0.193700
48895  -0.193500
48896  -0.193500
48897  -0.193700
48898  -0.193700
48899  -0.194100
48900  -0.194700
48901  -0.194800
48902  -0.195400
48903  -0.195200
48904  -0.195200
48905  -0.195400
48906  -0.195200
48907  -0.195000
48908  -0.195300
48909  -0.194900
48910  -0.194000
48911  -0.193500
48912  -0.193300
48913  -0.193600
48914  -0.194200
48915  -0.194000
48916  -0.194200
48917  -0.193300
48918  -0.192700
48919  -0.193800
48920  -0.194700
48921  -0.194800
48922  -0.195300
48923  -0.195200
48924  -0.195400
48925  -0.194700
48926  -0.194900
48927  -0.194200
48928  -0.194500
48929  -0.194500
48930  -0.194300
48931  -0.194200
48932  -0.194300
48933  -0.193600
48934  -0.194000
48935  -0.194100
48936  -0.193700
48937  -0.193600
48938  -0.193400
48939  -0.193400
48940  -0.194100
48941  -0.193200
48942  -0.193000
48943  -0.192900
48944  -0.193500
48945  -0.193700
48946  -0.193200
48947  -0.192800
48948  -0.192000
48949  -0.192600
48950  -0.193200
48951  -0.193200
48952  -0.193500
48953  -0.193500
48954  -0.193300
48955  -0.192700
48956  -0.193100
48957  -0.193000
48958  -0.192700
48959  -0.192400
48960  -0.193200
48961  -0.192600
48962  -0.192700
48963  -0.193300
48964  -0.193200
48965  -0.193200
48966  -0.192800
48967  -0.193400
48968  -0.193800
48969  -0.193600
48970  -0.194100
48971  -0.194800
48972  -0.194400
48973  -0.194700
48974  -0.194700
48975  -0.195600
48976  -0.195700
48977  -0.195700
48978  -0.195800
48979  -0.196000
48980  -0.195900
48981  -0.194900
48982  -0.196000
48983  -0.195400
48984  -0.195000
48985  -0.194500
48986  -0.194600
48987  -0.195000
48988  -0.194300
48989  -0.194800
48990  -0.194300
48991  -0.193900
48992  -0.193500
48993  -0.194000
48994  -0.194500
48995  -0.194000
48996  -0.193900
48997  -0.193600
48998  -0.193700
48999  -0.193800
49000  -0.194200
49001  -0.194300
49002  -0.193900
49003  -0.194000
49004  -0.195100
49005  -0.195300
49006  -0.194600
49007  -0.195200
49008  -0.196000
49009  -0.195500
49010  -0.196000
49011  -0.196300
49012  -0.196700
49013  -0.196700
49014  -0.197000
49015  -0.196800
49016  -0.197400
49017  -0.196500
49018  -0.196000
49019  -0.196200
49020  -0.196600
49021  -0.196700
49022  -0.196700
49023  -0.197100
49024  -0.197600
49025  -0.198000
49026  -0.198200
49027  -0.198500
49028  -0.198400
49029  -0.198400
49030  -0.198300
49031  -0.198300
49032  -0.198400
49033  -0.198800
49034  -0.198700
49035  -0.199000
49036  -0.199000
49037  -0.199100
49038  -0.198900
49039  -0.198400
49040  -0.198700
49041  -0.198400
49042  -0.198700
49043  -0.198400
49044  -0.198700
49045  -0.198300
49046  -0.199300
49047  -0.199100
49048  -0.199200
49049  -0.198900
49050  -0.199400
49051  -0.199800
49052  -0.200100
49053  -0.199100
49054  -0.199600
49055  -0.200200
49056  -0.199100
49057  -0.198900
49058  -0.198600
49059  -0.198700
49060  -0.198900
49061  -0.198600
49062  -0.198600
49063  -0.198700
49064  -0.198100
49065  -0.198300
49066  -0.198700
49067  -0.198500
49068  -0.198000
49069  -0.198100
49070  -0.198300
49071  -0.198500
49072  -0.198400
49073  -0.198600
49074  -0.199100
49075  -0.199700
49076  -0.200800
49077  -0.201600
49078  -0.201500
49079  -0.202500
49080  -0.202700
49081  -0.203200
49082  -0.202900
49083  -0.202100
49084  -0.202100
49085  -0.202300
49086  -0.202600
49087  -0.203200
49088  -0.203300
49089  -0.203700
49090  -0.202500
49091  -0.202500
49092  -0.202500
49093  -0.202200
49094  -0.202700
49095  -0.202000
49096  -0.201600
49097  -0.201200
49098  -0.201200
49099  -0.202000
49100  -0.201600
49101  -0.201300
49102  -0.200600
49103  -0.200700
49104  -0.201200
49105  -0.201000
49106  -0.201100
49107  -0.200600
49108  -0.201000
49109  -0.201100
49110  -0.201000
49111  -0.200700
49112  -0.200600
49113  -0.200100
49114  -0.199800
49115  -0.199600
49116  -0.200100
49117  -0.200600
49118  -0.201600
49119  -0.201100
49120  -0.200100
49121  -0.200100
49122  -0.199900
49123  -0.200200
49124  -0.199700
49125  -0.199500
49126  -0.199400
49127  -0.198700
49128  -0.198200
49129  -0.197900
49130  -0.198200
49131  -0.198100
49132  -0.198200
49133  -0.198600
49134  -0.198900
49135  -0.199000
49136  -0.198500
49137  -0.198700
49138  -0.198300
49139  -0.197600
49140  -0.197500
49141  -0.196800
49142  -0.196900
49143  -0.197100
49144  -0.197100
49145  -0.197300
49146  -0.197200
49147  -0.197600
49148  -0.197800
49149  -0.198300
49150  -0.198900
49151  -0.199500
49152  -0.199300
49153  -0.199600
49154  -0.199800
49155  -0.199400
49156  -0.199100
49157  -0.198700
49158  -0.199200
49159  -0.198700
49160  -0.199200
49161  -0.199000
49162  -0.198500
49163  -0.198100
49164  -0.198100
49165  -0.198300
49166  -0.197900
49167  -0.198800
49168  -0.198300
49169  -0.198000
49170  -0.197700
49171  -0.197700
49172  -0.198100
49173  -0.197800
49174  -0.197900
49175  -0.199000
49176  -0.198900
49177  -0.198400
49178  -0.198200
49179  -0.198500
49180  -0.199500
49181  -0.199500
49182  -0.199100
49183  -0.199000
49184  -0.198800
49185  -0.198200
49186  -0.198000
49187  -0.197500
49188  -0.197900
49189  -0.198500
49190  -0.197800
49191  -0.198100
49192  -0.198200
49193  -0.198300
49194  -0.198400
49195  -0.198200
49196  -0.198500
49197  -0.198000
49198  -0.198100
49199  -0.197900
49200  -0.197200
49201  -0.197500
49202  -0.197400
49203  -0.197000
49204  -0.197300
49205  -0.197300
49206  -0.196800
49207  -0.196800
49208  -0.196600
49209  -0.196400
49210  -0.197000
49211  -0.195900
49212  -0.196100
49213  -0.196500
49214  -0.196900
49215  -0.196600
49216  -0.196100
49217  -0.195800
49218  -0.196100
49219  -0.196600
49220  -0.196900
49221  -0.196900
49222  -0.196900
49223  -0.196800
49224  -0.196500
49225  -0.197100
49226  -0.196700
49227  -0.196400
49228  -0.195500
49229  -0.196000
49230  -0.195900
49231  -0.195900
49232  -0.195200
49233  -0.194900
49234  -0.194700
49235  -0.194500
49236  -0.194300
49237  -0.194300
49238  -0.195000
49239  -0.193700
49240  -0.194400
49241  -0.194200
49242  -0.193400
49243  -0.193400
49244  -0.193500
49245  -0.193500
49246  -0.193500
49247  -0.193800
49248  -0.193700
49249  -0.193600
49250  -0.193500
49251  -0.193900
49252  -0.193700
49253  -0.193500
49254  -0.193600
49255  -0.193400
49256  -0.193200
49257  -0.193400
49258  -0.193300
49259  -0.193400
49260  -0.193900
49261  -0.193800
49262  -0.193500
49263  -0.193300
49264  -0.193200
49265  -0.192700
49266  -0.192300
49267  -0.192900
49268  -0.193400
49269  -0.193700
49270  -0.194400
49271  -0.194000
49272  -0.194100
49273  -0.193600
49274  -0.193300
49275  -0.193200
49276  -0.193500
49277  -0.192900
49278  -0.192700
49279  -0.192100
49280  -0.192200
49281  -0.191400
49282  -0.192000
49283  -0.192200
49284  -0.192800
49285  -0.192600
49286  -0.192500
49287  -0.192100
49288  -0.192000
49289  -0.192300
49290  -0.193300
49291  -0.193300
49292  -0.193200
49293  -0.193400
49294  -0.193500
49295  -0.193400
49296  -0.194100
49297  -0.194300
49298  -0.194200
49299  -0.194100
49300  -0.194600
49301  -0.195100
49302  -0.195100
49303  -0.194700
49304  -0.194300
49305  -0.194400
49306  -0.194600
49307  -0.194200
49308  -0.194200
49309  -0.194600
49310  -0.194800
49311  -0.195800
49312  -0.196000
49313  -0.196300
49314  -0.196300
49315  -0.195900
49316  -0.195100
49317  -0.195600
49318  -0.196100
49319  -0.196000
49320  -0.196000
49321  -0.196400
49322  -0.196200
49323  -0.196000
49324  -0.195900
49325  -0.195900
49326  -0.195700
49327  -0.195600
49328  -0.195500
49329  -0.196100
49330  -0.195800
49331  -0.195400
49332  -0.195600
49333  -0.195000
49334  -0.195500
49335  -0.195000
49336  -0.195200
49337  -0.194700
49338  -0.194900
49339  -0.194800
49340  -0.194700
49341  -0.195200
49342  -0.194900
49343  -0.194600
49344  -0.195100
49345  -0.195200
49346  -0.195100
49347  -0.195500
49348  -0.195900
49349  -0.195800
49350  -0.196200
49351  -0.196300
49352  -0.195900
49353  -0.195200
49354  -0.195600
49355  -0.195600
49356  -0.196400
49357  -0.195500
49358  -0.196300
49359  -0.195800
49360  -0.195700
49361  -0.196400
49362  -0.196600
49363  -0.196700
49364  -0.196600
49365  -0.196000
49366  -0.195900
49367  -0.195900
49368  -0.195500
49369  -0.195800
49370  -0.195800
49371  -0.196100
49372  -0.196000
49373  -0.196400
49374  -0.196100
49375  -0.195500
49376  -0.195300
49377  -0.195900
49378  -0.194400
49379  -0.194000
49380  -0.193800
49381  -0.193800
49382  -0.194200
49383  -0.193900
49384  -0.193400
49385  -0.194100
49386  -0.193000
49387  -0.193000
49388  -0.192700
49389  -0.192700
49390  -0.193300
49391  -0.193100
49392  -0.192800
49393  -0.193000
49394  -0.193000
49395  -0.192100
49396  -0.192100
49397  -0.191400
49398  -0.190800
49399  -0.191200
49400  -0.190300
49401  -0.190200
49402  -0.190500
49403  -0.191000
49404  -0.190700
49405  -0.191200
49406  -0.190900
49407  -0.190900
49408  -0.190500
49409  -0.190200
49410  -0.190200
49411  -0.191300
49412  -0.190800
49413  -0.190500
49414  -0.189400
49415  -0.188700
49416  -0.188300
49417  -0.189200
49418  -0.189300
49419  -0.189400
49420  -0.189700
49421  -0.189700
49422  -0.189800
49423  -0.190400
49424  -0.190400
49425  -0.190400
49426  -0.191100
49427  -0.191200
49428  -0.191200
49429  -0.191700
49430  -0.192000
49431  -0.191100
49432  -0.190800
49433  -0.190300
49434  -0.189900
49435  -0.189400
49436  -0.188800
49437  -0.189200
49438  -0.190100
49439  -0.190000
49440  -0.189700
49441  -0.189700
49442  -0.189900
49443  -0.189500
49444  -0.189300
49445  -0.189000
49446  -0.189700
49447  -0.189400
49448  -0.189400
49449  -0.188900
49450  -0.189300
49451  -0.189600
49452  -0.189700
49453  -0.189700
49454  -0.190100
49455  -0.189700
49456  -0.189800
49457  -0.189300
49458  -0.189300
49459  -0.188900
49460  -0.189400
49461  -0.189000
49462  -0.189400
49463  -0.189700
49464  -0.188900
49465  -0.189000
49466  -0.188600
49467  -0.188600
49468  -0.189000
49469  -0.188900
49470  -0.189000
49471  -0.189300
49472  -0.190000
49473  -0.189800
49474  -0.190000
49475  -0.190300
49476  -0.190600
49477  -0.190200
49478  -0.190100
49479  -0.190100
49480  -0.189300
49481  -0.189500
49482  -0.188900
49483  -0.189200
49484  -0.189000
49485  -0.189300
49486  -0.189100
49487  -0.189100
49488  -0.188800
49489  -0.188900
49490  -0.188600
49491  -0.188700
49492  -0.189600
49493  -0.189400
49494  -0.189400
49495  -0.189500
49496  -0.189500
49497  -0.188600
49498  -0.188200
49499  -0.189000
49500  -0.189000
49501  -0.189800
49502  -0.189600
49503  -0.189000
49504  -0.189600
49505  -0.190300
49506  -0.191400
49507  -0.191200
49508  -0.191500
49509  -0.191000
49510  -0.191200
49511  -0.191100
49512  -0.191300
49513  -0.191300
49514  -0.191800
49515  -0.192100
49516  -0.192300
49517  -0.191700
49518  -0.191100
49519  -0.191600
49520  -0.192100
49521  -0.192000
49522  -0.191400
49523  -0.191500
49524  -0.190900
49525  -0.190700
49526  -0.190600
49527  -0.190300
49528  -0.190500
49529  -0.190800
49530  -0.190500
49531  -0.190700
49532  -0.191100
49533  -0.190600
49534  -0.190400
49535  -0.191200
49536  -0.191500
49537  -0.191400
49538  -0.191900
49539  -0.191200
49540  -0.190300
49541  -0.190300
49542  -0.189600
49543  -0.190300
49544  -0.190200
49545  -0.190000
49546  -0.188800
49547  -0.188500
49548  -0.188200
49549  -0.188600
49550  -0.189700
49551  -0.189600
49552  -0.189300
49553  -0.189400
49554  -0.189700
49555  -0.190200
49556  -0.189700
49557  -0.189300
49558  -0.189400
49559  -0.188900
49560  -0.188300
49561  -0.188000
49562  -0.187900
49563  -0.187300
49564  -0.187600
49565  -0.187700
49566  -0.186900
49567  -0.187200
49568  -0.186300
49569  -0.186600
49570  -0.186500
49571  -0.185700
49572  -0.185200
49573  -0.184600
49574  -0.184900
49575  -0.185100
49576  -0.185100
49577  -0.185800
49578  -0.184800
49579  -0.185000
49580  -0.185100
49581  -0.185200
49582  -0.185100
49583  -0.184800
49584  -0.184800
49585  -0.185400
49586  -0.185400
49587  -0.185300
49588  -0.185300
49589  -0.185400
49590  -0.185300
49591  -0.184800
49592  -0.185000
49593  -0.186100
49594  -0.186000
49595  -0.186100
49596  -0.185700
49597  -0.185900
49598  -0.186100
49599  -0.185900
49600  -0.186500
49601  -0.186500
49602  -0.186500
49603  -0.187100
49604  -0.187300
49605  -0.186500
49606  -0.187200
49607  -0.188100
49608  -0.188300
49609  -0.188100
49610  -0.187700
49611  -0.187900
49612  -0.187100
49613  -0.186400
49614  -0.186700
49615  -0.187000
49616  -0.187300
49617  -0.186900
49618  -0.186800
49619  -0.186300
49620  -0.186300
49621  -0.186600
49622  -0.187200
49623  -0.187300
49624  -0.187400
49625  -0.187800
49626  -0.187200
49627  -0.187400
49628  -0.187400
49629  -0.186800
49630  -0.186600
49631  -0.186300
49632  -0.186700
49633  -0.186500
49634  -0.186200
49635  -0.186900
49636  -0.186800
49637  -0.187300
49638  -0.187200
49639  -0.187600
49640  -0.187700
49641  -0.188200
49642  -0.188500
49643  -0.188500
49644  -0.189000
49645  -0.189300
49646  -0.189300
49647  -0.188900
49648  -0.188500
49649  -0.189000
49650  -0.189200
49651  -0.188200
49652  -0.188600
49653  -0.189300
49654  -0.189600
49655  -0.189000
49656  -0.189800
49657  -0.189400
49658  -0.190100
49659  -0.190700
49660  -0.190600
49661  -0.191900
49662  -0.191200
49663  -0.191200
49664  -0.190900
49665  -0.191300
49666  -0.190900
49667  -0.190600
49668  -0.189700
49669  -0.189400
49670  -0.188000
49671  -0.188100
49672  -0.188200
49673  -0.188800
49674  -0.188600
49675  -0.189100
49676  -0.189400
49677  -0.188800
49678  -0.188500
49679  -0.188400
49680  -0.188600
49681  -0.189300
49682  -0.189000
49683  -0.189000
49684  -0.188600
49685  -0.188200
49686  -0.187800
49687  -0.186800
49688  -0.186900
49689  -0.187100
49690  -0.186800
49691  -0.186200
49692  -0.185700
49693  -0.185800
49694  -0.185700
49695  -0.185200
49696  -0.185300
49697  -0.185300
49698  -0.185900
49699  -0.185900
49700  -0.186500
49701  -0.186500
49702  -0.186400
49703  -0.186000
49704  -0.186800
49705  -0.186600
49706  -0.187500
49707  -0.187300
49708  -0.187800
49709  -0.187800
49710  -0.186900
49711  -0.186200
49712  -0.185900
49713  -0.185600
49714  -0.185900
49715  -0.186400
49716  -0.186400
49717  -0.186200
49718  -0.186700
49719  -0.186500
49720  -0.185400
49721  -0.184800
49722  -0.185400
49723  -0.185400
49724  -0.185800
49725  -0.185800
49726  -0.185800
49727  -0.186400
49728  -0.187000
49729  -0.187400
49730  -0.187900
49731  -0.187400
49732  -0.187100
49733  -0.186900
49734  -0.186300
49735  -0.186400
49736  -0.187000
49737  -0.186600
49738  -0.186500
49739  -0.186700
49740  -0.186900
49741  -0.187500
49742  -0.187700
49743  -0.187700
49744  -0.187600
49745  -0.187900
49746  -0.187300
49747  -0.187500
49748  -0.187700
49749  -0.188100
49750  -0.187800
49751  -0.187600
49752  -0.187400
49753  -0.187200
49754  -0.187400
49755  -0.187700
49756  -0.187600
49757  -0.187600
49758  -0.188000
49759  -0.188600
49760  -0.188200
49761  -0.187900
49762  -0.188800
49763  -0.189700
49764  -0.190000
49765  -0.189800
49766  -0.189000
49767  -0.189100
49768  -0.189100
49769  -0.188700
49770  -0.188800
49771  -0.190000
49772  -0.190000
49773  -0.189400
49774  -0.189100
49775  -0.188600
49776  -0.188500
49777  -0.187500
49778  -0.186600
49779  -0.186300
49780  -0.185900
49781  -0.185500
49782  -0.185600
49783  -0.185700
49784  -0.185600
49785  -0.186200
49786  -0.185500
49787  -0.186100
49788  -0.186500
49789  -0.186500
49790  -0.187200
49791  -0.186400
49792  -0.187100
49793  -0.187000
49794  -0.187300
49795  -0.186500
49796  -0.186100
49797  -0.186100
49798  -0.185900
49799  -0.185600
49800  -0.185600
49801  -0.185500
49802  -0.185400
49803  -0.184900
49804  -0.184600
49805  -0.184100
49806  -0.184200
49807  -0.184200
49808  -0.184600
49809  -0.184900
49810  -0.184100
49811  -0.183900
49812  -0.183500
49813  -0.182900
49814  -0.183200
49815  -0.182500
49816  -0.182800
49817  -0.182600
49818  -0.182400
49819  -0.183000
49820  -0.182500
49821  -0.182700
49822  -0.183000
49823  -0.183800
49824  -0.183700
49825  -0.183100
49826  -0.182900
49827  -0.182200
49828  -0.182200
49829  -0.182600
49830  -0.182000
49831  -0.182600
49832  -0.182600
49833  -0.183200
49834  -0.183000
49835  -0.183000
49836  -0.182900
49837  -0.182500
49838  -0.182900
49839  -0.183300
49840  -0.183800
49841  -0.184800
49842  -0.184300
49843  -0.184200
49844  -0.183400
49845  -0.183800
49846  -0.184100
49847  -0.184000
49848  -0.184400
49849  -0.184600
49850  -0.184900
49851  -0.184400
49852  -0.184700
49853  -0.183900
49854  -0.183700
49855  -0.183600
49856  -0.183300
49857  -0.183000
49858  -0.183100
49859  -0.183900
49860  -0.184700
49861  -0.184800
49862  -0.184600
49863  -0.184300
49864  -0.184100
49865  -0.183400
49866  -0.182800
49867  -0.182700
49868  -0.182300
49869  -0.181700
49870  -0.182500
49871  -0.183000
49872  -0.183000
49873  -0.182700
49874  -0.182500
49875  -0.182700
49876  -0.182100
49877  -0.181300
49878  -0.181700
49879  -0.181700
49880  -0.182300
49881  -0.181600
49882  -0.181600
49883  -0.181700
49884  -0.181700
49885  -0.181400
49886  -0.181000
49887  -0.181000
49888  -0.181000
49889  -0.180900
49890  -0.180900
49891  -0.182100
49892  -0.182200
49893  -0.182000
49894  -0.181900
49895  -0.182100
49896  -0.181900
49897  -0.182900
49898  -0.182800
49899  -0.182800
49900  -0.182900
49901  -0.183000
49902  -0.183300
49903  -0.182900
49904  -0.183600
49905  -0.183200
49906  -0.184100
49907  -0.184100
49908  -0.183900
49909  -0.183600
49910  -0.183100
49911  -0.182500
49912  -0.182100
49913  -0.181800
49914  -0.182000
49915  -0.182500
49916  -0.182200
49917  -0.181400
49918  -0.181100
49919  -0.181000
49920  -0.181800
49921  -0.182200
49922  -0.182200
49923  -0.182200
49924  -0.182000
49925  -0.182600
49926  -0.183100
49927  -0.182200
49928  -0.182000
49929  -0.182200
49930  -0.182400
49931  -0.183100
49932  -0.183400
49933  -0.183600
49934  -0.183700
49935  -0.183000
49936  -0.184200
49937  -0.184100
49938  -0.184100
49939  -0.183400
49940  -0.183300
49941  -0.183900
49942  -0.184000
49943  -0.184500
49944  -0.184600
49945  -0.184100
49946  -0.183400
49947  -0.182900
49948  -0.182300
49949  -0.182200
49950  -0.182000
49951  -0.181700
49952  -0.182500
49953  -0.182100
49954  -0.181800
49955  -0.181700
49956  -0.181700
49957  -0.182000
49958  -0.182200
49959  -0.182300
49960  -0.181800
49961  -0.181500
49962  -0.181200
49963  -0.180800
49964  -0.180300
49965  -0.180300
49966  -0.181000
49967  -0.180800
49968  -0.180600
49969  -0.180500
49970  -0.180500
49971  -0.180100
49972  -0.180300
49973  -0.180400
49974  -0.180300
49975  -0.179900
49976  -0.179800
49977  -0.179800
49978  -0.179500
49979  -0.179300
49980  -0.179800
49981  -0.180000
49982  -0.179900
49983  -0.180500
49984  -0.180700
49985  -0.180400
49986  -0.180400
49987  -0.180500
49988  -0.180100
49989  -0.179400
49990  -0.178700
49991  -0.178200
49992  -0.178000
49993  -0.178000
49994  -0.177900
49995  -0.178700
49996  -0.178700
49997  -0.178200
49998  -0.178400
49999  -0.178100
