0  -0.003600
1  -0.003300
2  -0.008100
3  -0.008200
4  -0.003000
5  -0.006500
6  -0.014700
7  -0.012400
8  -0.003400
9   0.001100
10   0.002100
11   0.006600
12   0.002800
13   0.009000
14   0.009500
15   0.011400
16   0.012300
17   0.003900
18  -0.001500
19  -0.000600
20   0.001200
21   0.006400
22   0.007700
23   0.009400
24   0.011800
25   0.015700
26   0.011800
27   0.008200
28   0.009500
29   0.010400
30   0.009300
31   0.011800
32   0.009900
33   0.015300
34   0.013600
35   0.012000
36   0.014500
37   0.024600
38   0.018100
39   0.020600
40   0.016100
41   0.012800
42   0.011100
43   0.010100
44   0.008300
45   0.009400
46   0.011100
47   0.010600
48   0.011100
49   0.005700
50  -0.002500
51   0.001100
52   0.007900
53   0.008000
54   0.006000
55   0.003700
56  -0.001800
57  -0.000600
58   0.000700
59  -0.003000
60   0.000500
61   0.004300
62   0.011200
63   0.019700
64   0.018400
65   0.016500
66   0.009700
67   0.009900
68   0.002200
69   0.001800
70   0.000600
71   0.006100
72   0.001800
73   0.001800
74   0.009500
75   0.013000
76   0.015800
77   0.015300
78   0.008000
79   0.002500
80   0.005500
81   0.005400
82   0.005600
83   0.010600
84   0.009300
85   0.004800
86   0.005100
87  -0.004000
88  -0.004800
89  -0.005500
90  -0.003200
91  -0.008300
92  -0.007000
93  -0.008900
94  -0.011400
95  -0.005500
96  -0.000700
97  -0.009100
98  -0.009900
99  -0.008500
100  -0.012800
101  -0.011500
102  -0.010800
103  -0.008100
104  -0.005900
105  -0.002900
106  -0.001400
107  -0.011700
108  -0.003800
109  -0.007600
110  -0.000900
111  -0.000400
112  -0.001800
113  -0.006800
114  -0.003100
115  -0.002700
116   0.002300
117  -0.003200
118  -0.009600
119  -0.004800
120  -0.006300
121  -0.004900
122  -0.006600
123  -0.009800
124  -0.012200
125  -0.015400
126  -0.013700
127  -0.019900
128  -0.016400
129  -0.013500
130  -0.004500
131   0.001200
132  -0.000500
133   0.004600
134   0.001300
135  -0.006000
136   0.002900
137   0.011600
138   0.012200
139   0.018900
140   0.018700
141   0.023400
142   0.023700
143   0.022900
144   0.026100
145   0.028100
146   0.027100
147   0.031500
148   0.026200
149   0.026100
150   0.030200
151   0.029000
152   0.028600
153   0.030400
154   0.031200
155   0.033600
156   0.034200
157   0.031100
158   0.021300
159   0.022600
160   0.024900
161   0.024300
162   0.018300
163   0.016800
164   0.012300
165   0.012300
166   0.019800
167   0.022300
168   0.019500
169   0.020600
170   0.020700
171   0.024500
172   0.025500
173   0.026400
174   0.023100
175   0.020700
176   0.024200
177   0.019400
178   0.018100
179   0.018800
180   0.016900
181   0.015700
182   0.019400
183   0.011100
184   0.006300
185   0.003000
186   0.000400
187  -0.000800
188   0.003100
189  -0.001400
190  -0.003600
191  -0.004200
192  -0.004200
193  -0.010000
194  -0.008400
195  -0.014200
196  -0.012700
197  -0.013200
198  -0.011200
199  -0.012200
200  -0.014200
201  -0.012600
202  -0.013000
203  -0.012200
204  -0.007800
205  -0.007200
206  -0.008000
207  -0.006300
208  -0.007300
209  -0.009700
210  -0.007200
211  -0.012900
212  -0.006700
213  -0.006200
214  -0.007000
215  -0.007100
216  -0.003900
217  -0.005000
218   0.003300
219   0.006900
220   0.010400
221   0.019600
222   0.019400
223   0.023600
224   0.018200
225   0.011300
226   0.015000
227   0.015600
228   0.003400
229   0.002300
230   0.008900
231   0.004100
232   0.010900
233   0.016100
234   0.009300
235   0.012900
236   0.012100
237   0.007100
238   0.004000
239   0.005500
240   0.003500
241   0.008200
242   0.014600
243   0.017100
244   0.019800
245   0.020600
246   0.017500
247   0.014700
248   0.013100
249   0.013900
250   0.013000
251   0.011600
252   0.010600
253   0.009800
254   0.010900
255   0.004800
256   0.001700
257   0.005100
258   0.008200
259   0.007400
260   0.010700
261   0.010200
262   0.011200
263   0.018000
264   0.013600
265   0.019400
266   0.019800
267   0.024600
268   0.027200
269   0.021600
270   0.019400
271   0.021100
272   0.017000
273   0.021600
274   0.027000
275   0.027700
276   0.027100
277   0.024300
278   0.022300
279   0.022400
280   0.023400
281   0.026500
282   0.022800
283   0.030600
284   0.027200
285   0.022700
286   0.022800
287   0.030400
288   0.037800
289   0.035800
290   0.039600
291   0.039300
292   0.043300
293   0.049300
294   0.059100
295   0.060100
296   0.062100
297   0.056700
298   0.058800
299   0.055400
300   0.060100
301   0.058500
302   0.063200
303   0.067400
304   0.065100
305   0.067300
306   0.062100
307   0.063600
308   0.063600
309   0.067100
310   0.068300
311   0.080600
312   0.080700
313   0.078200
314   0.087500
315   0.090100
316   0.086100
317   0.079400
318   0.075700
319   0.079100
320   0.074800
321   0.076400
322   0.076900
323   0.070900
324   0.069000
325   0.066700
326   0.074000
327   0.071700
328   0.069100
329   0.063800
330   0.067900
331   0.062600
332   0.063500
333   0.064300
334   0.060800
335   0.065600
336   0.058700
337   0.064500
338   0.071000
339   0.066500
340   0.070100
341   0.072800
342   0.072000
343   0.076100
344   0.080200
345   0.082100
346   0.083600
347   0.083900
348   0.083400
349   0.085700
350   0.082100
351   0.075700
352   0.070000
353   0.065200
354   0.058700
355   0.054800
356   0.051100
357   0.048800
358   0.054300
359   0.058500
360   0.062800
361   0.060100
362   0.055400
363   0.056000
364   0.057000
365   0.050000
366   0.049800
367   0.047900
368   0.046700
369   0.053800
370   0.053600
371   0.048600
372   0.052100
373   0.052500
374   0.054500
375   0.054200
376   0.047400
377   0.049700
378   0.044400
379   0.049100
380   0.053900
381   0.059800
382   0.065900
383   0.068300
384   0.073600
385   0.073700
386   0.067500
387   0.069000
388   0.073400
389   0.073300
390   0.071700
391   0.068600
392   0.063200
393   0.066600
394   0.073000
395   0.077200
396   0.061400
397   0.057600
398   0.058600
399   0.056400
400   0.055200
401   0.052600
402   0.055700
403   0.051000
404   0.057200
405   0.056700
406   0.060600
407   0.067700
408   0.064300
409   0.063500
410   0.065100
411   0.078000
412   0.075600
413   0.069600
414   0.061600
415   0.056900
416   0.053700
417   0.056500
418   0.056700
419   0.062300
420   0.061800
421   0.061500
422   0.058600
423   0.059000
424   0.059600
425   0.058900
426   0.053300
427   0.051400
428   0.054500
429   0.045700
430   0.043900
431   0.040000
432   0.038800
433   0.041400
434   0.038500
435   0.033900
436   0.031900
437   0.029700
438   0.030200
439   0.033900
440   0.034200
441   0.037000
442   0.041900
443   0.045700
444   0.044400
445   0.046700
446   0.045200
447   0.045300
448   0.048000
449   0.050200
450   0.050600
451   0.045700
452   0.047000
453   0.043000
454   0.043900
455   0.036800
456   0.041700
457   0.041500
458   0.043600
459   0.045800
460   0.041200
461   0.039400
462   0.042200
463   0.038800
464   0.039400
465   0.038500
466   0.038400
467   0.039200
468   0.045000
469   0.046400
470   0.041800
471   0.041700
472   0.042500
473   0.042100
474   0.040200
475   0.047100
476   0.048000
477   0.050400
478   0.054700
479   0.047300
480   0.047500
481   0.045500
482   0.050900
483   0.054700
484   0.055500
485   0.058500
486   0.060500
487   0.055700
488   0.048800
489   0.045000
490   0.042900
491   0.042300
492   0.040100
493   0.037200
494   0.038900
495   0.042400
496   0.043200
497   0.039900
498   0.037300
499   0.032000
500   0.025500
501   0.026800
502   0.029300
503   0.029500
504   0.027500
505   0.031400
506   0.029100
507   0.028300
508   0.031600
509   0.029100
510   0.025700
511   0.021000
512   0.022700
513   0.022500
514   0.029100
515   0.028100
516   0.028100
517   0.031500
518   0.028600
519   0.033100
520   0.032900
521   0.035300
522   0.026800
523   0.022400
524   0.030600
525   0.032500
526   0.032900
527   0.028600
528   0.035300
529   0.032500
530   0.028600
531   0.026000
532   0.026000
533   0.028300
534   0.022500
535   0.025100
536   0.029400
537   0.029200
538   0.034200
539   0.034300
540   0.029800
541   0.028700
542   0.029300
543   0.034000
544   0.034000
545   0.032100
546   0.031800
547   0.031800
548   0.024200
549   0.024200
550   0.026200
551   0.028600
552   0.029000
553   0.029300
554   0.028500
555   0.027400
556   0.029600
557   0.029600
558   0.038500
559   0.034600
560   0.035000
561   0.035800
562   0.033200
563   0.035200
564   0.038600
565   0.033700
566   0.033600
567   0.033300
568   0.035900
569   0.037400
570   0.032600
571   0.037600
572   0.039500
573   0.045700
574   0.043000
575   0.043200
576   0.042200
577   0.043300
578   0.045900
579   0.052400
580   0.047600
581   0.045000
582   0.039600
583   0.041300
584   0.041700
585   0.041700
586   0.040400
587   0.045300
588   0.043100
589   0.043200
590   0.036300
591   0.034900
592   0.033300
593   0.034800
594   0.031500
595   0.029500
596   0.036800
597   0.034300
598   0.036300
599   0.035900
600   0.032200
601   0.036000
602   0.042700
603   0.046000
604   0.042400
605   0.039200
606   0.043100
607   0.047600
608   0.048300
609   0.045700
610   0.048600
611   0.048600
612   0.045700
613   0.043100
614   0.047100
615   0.042600
616   0.035500
617   0.034000
618   0.036000
619   0.034800
620   0.033300
621   0.032300
622   0.026700
623   0.035500
624   0.036100
625   0.028800
626   0.029100
627   0.030300
628   0.033300
629   0.031000
630   0.035600
631   0.034300
632   0.034600
633   0.031600
634   0.039800
635   0.036600
636   0.031700
637   0.029100
638   0.028800
639   0.027900
640   0.035100
641   0.035900
642   0.030400
643   0.038500
644   0.032700
645   0.035100
646   0.028400
647   0.031900
648   0.029700
649   0.027400
650   0.029900
651   0.026100
652   0.025700
653   0.030700
654   0.033400
655   0.035300
656   0.037700
657   0.033100
658   0.035000
659   0.035800
660   0.034900
661   0.033500
662   0.037200
663   0.040900
664   0.040900
665   0.043600
666   0.044600
667   0.048300
668   0.048600
669   0.046100
670   0.045600
671   0.039600
672   0.038200
673   0.033200
674   0.036500
675   0.041500
676   0.037000
677   0.034000
678   0.032300
679   0.035500
680   0.035800
681   0.035700
682   0.037000
683   0.037900
684   0.035500
685   0.041000
686   0.032800
687   0.027800
688   0.032900
689   0.032100
690   0.034900
691   0.031600
692   0.029300
693   0.028200
694   0.023500
695   0.028900
696   0.029400
697   0.029600
698   0.028900
699   0.033900
700   0.028000
701   0.030500
702   0.027200
703   0.028500
704   0.027300
705   0.032700
706   0.031600
707   0.038400
708   0.033700
709   0.022900
710   0.018000
711   0.018800
712   0.011800
713   0.012100
714   0.008100
715   0.002900
716  -0.002100
717   0.002300
718   0.004800
719   0.005100
720   0.001900
721   0.008300
722   0.008400
723   0.000400
724   0.002700
725   0.001700
726   0.008100
727   0.004600
728   0.003400
729  -0.005400
730  -0.004800
731  -0.002900
732  -0.001200
733  -0.004000
734  -0.010300
735  -0.016600
736  -0.020200
737  -0.021600
738  -0.021200
739  -0.021900
740  -0.016400
741  -0.015400
742  -0.010800
743  -0.013300
744  -0.013300
745  -0.012600
746  -0.010600
747  -0.012900
748  -0.008300
749  -0.005700
750  -0.006900
751  -0.003100
752  -0.001300
753   0.000700
754  -0.001100
755  -0.000900
756   0.001300
757  -0.002600
758   0.000200
759   0.002900
760   0.002500
761   0.008300
762   0.010200
763   0.013000
764   0.012100
765   0.006700
766   0.010000
767   0.005900
768   0.011100
769   0.011400
770   0.016600
771   0.017000
772   0.017100
773   0.017400
774   0.020100
775   0.019800
776   0.021900
777   0.017100
778   0.018000
779   0.019000
780   0.022800
781   0.024600
782   0.030700
783   0.029800
784   0.030300
785   0.029500
786   0.032500
787   0.032400
788   0.034100
789   0.032800
790   0.031800
791   0.034500
792   0.034700
793   0.034600
794   0.036900
795   0.038300
796   0.039700
797   0.039800
798   0.040600
799   0.050500
800   0.050100
801   0.054800
802   0.054900
803   0.054800
804   0.051100
805   0.053100
806   0.054200
807   0.057800
808   0.048400
809   0.050400
810   0.052700
811   0.054800
812   0.057000
813   0.060900
814   0.058500
815   0.060500
816   0.062300
817   0.057900
818   0.061900
819   0.063300
820   0.060600
821   0.060800
822   0.052000
823   0.056100
824   0.056700
825   0.055800
826   0.058700
827   0.057500
828   0.056700
829   0.056900
830   0.052300
831   0.048800
832   0.051400
833   0.052000
834   0.051600
835   0.055700
836   0.051400
837   0.052200
838   0.055700
839   0.055000
840   0.052800
841   0.053600
842   0.055900
843   0.054200
844   0.048700
845   0.046800
846   0.045300
847   0.046900
848   0.049900
849   0.043900
850   0.038400
851   0.043600
852   0.043900
853   0.048900
854   0.043700
855   0.043700
856   0.045600
857   0.051300
858   0.059300
859   0.054500
860   0.049000
861   0.049400
862   0.045500
863   0.046700
864   0.048100
865   0.042100
866   0.050500
867   0.053800
868   0.057500
869   0.052700
870   0.052500
871   0.052900
872   0.054300
873   0.052300
874   0.052300
875   0.050500
876   0.044500
877   0.040300
878   0.041600
879   0.046700
880   0.048000
881   0.054800
882   0.052400
883   0.051400
884   0.051300
885   0.048500
886   0.044800
887   0.046100
888   0.048800
889   0.034700
890   0.035100
891   0.034600
892   0.036600
893   0.035900
894   0.032600
895   0.030400
896   0.032100
897   0.042300
898   0.038800
899   0.035100
900   0.042400
901   0.040200
902   0.041300
903   0.048600
904   0.043100
905   0.054400
906   0.054000
907   0.044700
908   0.047500
909   0.056200
910   0.055500
911   0.059600
912   0.057600
913   0.057400
914   0.064800
915   0.060800
916   0.059600
917   0.058100
918   0.056700
919   0.055900
920   0.056700
921   0.059800
922   0.063800
923   0.063100
924   0.062000
925   0.067600
926   0.070800
927   0.070100
928   0.069200
929   0.063200
930   0.066400
931   0.066200
932   0.062700
933   0.068700
934   0.066500
935   0.070100
936   0.070600
937   0.070200
938   0.072300
939   0.072200
940   0.070000
941   0.072600
942   0.074800
943   0.069300
944   0.072400
945   0.073900
946   0.074600
947   0.072400
948   0.076300
949   0.071300
950   0.071700
951   0.069100
952   0.066800
953   0.067500
954   0.068200
955   0.061600
956   0.061100
957   0.063400
958   0.064000
959   0.054100
960   0.050500
961   0.054400
962   0.054800
963   0.046900
964   0.051500
965   0.051300
966   0.054200
967   0.052200
968   0.053300
969   0.054000
970   0.053800
971   0.040400
972   0.035400
973   0.035400
974   0.045700
975   0.047200
976   0.047700
977   0.049500
978   0.050400
979   0.054300
980   0.053200
981   0.052600
982   0.050900
983   0.045200
984   0.046100
985   0.049400
986   0.052300
987   0.054500
988   0.057900
989   0.066000
990   0.059300
991   0.057900
992   0.056400
993   0.053100
994   0.054100
995   0.053700
996   0.053300
997   0.055000
998   0.060300
999   0.054300
1000   0.057300
1001   0.048600
1002   0.049100
1003   0.053500
1004   0.053000
1005   0.052300
1006   0.054100
1007   0.056400
1008   0.059100
1009   0.058400
1010   0.059400
1011   0.055000
1012   0.058600
1013   0.056600
1014   0.061200
1015   0.053800
1016   0.050200
1017   0.051900
1018   0.056500
1019   0.053600
1020   0.051600
1021   0.052700
1022   0.051700
1023   0.049700
1024   0.052000
1025   0.047000
1026   0.046100
1027   0.041800
1028   0.032300
1029   0.034500
1030   0.033000
1031   0.039100
1032   0.033100
1033   0.028000
1034   0.035300
1035   0.036700
1036   0.031200
1037   0.033100
1038   0.028900
1039   0.023600
1040   0.030900
1041   0.037400
1042   0.037400
1043   0.033900
1044   0.031700
1045   0.036400
1046   0.038700
1047   0.043200
1048   0.041000
1049   0.038700
1050   0.043100
1051   0.045300
1052   0.043500
1053   0.043200
1054   0.046800
1055   0.056000
1056   0.052300
1057   0.051300
1058   0.052700
1059   0.049000
1060   0.054200
1061   0.051000
1062   0.051200
1063   0.048200
1064   0.047700
1065   0.046100
1066   0.043300
1067   0.043000
1068   0.046400
1069   0.047200
1070   0.045300
1071   0.043700
1072   0.035000
1073   0.034000
1074   0.039300
1075   0.034300
1076   0.036800
1077   0.034800
1078   0.030200
1079   0.031700
1080   0.033300
1081   0.038600
1082   0.032900
1083   0.037500
1084   0.038900
1085   0.044600
1086   0.044100
1087   0.043100
1088   0.047200
1089   0.053100
1090   0.048400
1091   0.047700
1092   0.049200
1093   0.051700
1094   0.044600
1095   0.047100
1096   0.042500
1097   0.042900
1098   0.038600
1099   0.030700
1100   0.032700
1101   0.033800
1102   0.037600
1103   0.037300
1104   0.038500
1105   0.039300
1106   0.041700
1107   0.041800
1108   0.045900
1109   0.045100
1110   0.044400
1111   0.057100
1112   0.061600
1113   0.062300
1114   0.059600
1115   0.051200
1116   0.055200
1117   0.052500
1118   0.052800
1119   0.054600
1120   0.046400
1121   0.042400
1122   0.044100
1123   0.043900
1124   0.046000
1125   0.041000
1126   0.038200
1127   0.044000
1128   0.039000
1129   0.037600
1130   0.031100
1131   0.021000
1132   0.023000
1133   0.021500
1134   0.026400
1135   0.026900
1136   0.022700
1137   0.017200
1138   0.025400
1139   0.028200
1140   0.031000
1141   0.035600
1142   0.034500
1143   0.034400
1144   0.041400
1145   0.045300
1146   0.042600
1147   0.044000
1148   0.049600
1149   0.050500
1150   0.050300
1151   0.047000
1152   0.051800
1153   0.046300
1154   0.043000
1155   0.044600
1156   0.039400
1157   0.034700
1158   0.033500
1159   0.028400
1160   0.024300
1161   0.022400
1162   0.019500
1163   0.023600
1164   0.022500
1165   0.019700
1166   0.018700
1167   0.016800
1168   0.012800
1169   0.011000
1170   0.012000
1171   0.007100
1172   0.003800
1173   0.008200
1174   0.005500
1175   0.007400
1176   0.012900
1177   0.020900
1178   0.017700
1179   0.009600
1180   0.010900
1181   0.009900
1182   0.010100
1183   0.008100
1184   0.011500
1185   0.011100
1186   0.014900
1187   0.019200
1188   0.017500
1189   0.021600
1190   0.022300
1191   0.021200
1192   0.024100
1193   0.016100
1194   0.016200
1195   0.018100
1196   0.020200
1197   0.019100
1198   0.017800
1199   0.017600
1200   0.021800
1201   0.023600
1202   0.019100
1203   0.023000
1204   0.021700
1205   0.015600
1206   0.023300
1207   0.014000
1208   0.016900
1209   0.012700
1210   0.018800
1211   0.019700
1212   0.017400
1213   0.015200
1214   0.018800
1215   0.017800
1216   0.024000
1217   0.019400
1218   0.018100
1219   0.023000
1220   0.015500
1221   0.017500
1222   0.021700
1223   0.024900
1224   0.022400
1225   0.019900
1226   0.021600
1227   0.023700
1228   0.026900
1229   0.021300
1230   0.022600
1231   0.020000
1232   0.021100
1233   0.024700
1234   0.027100
1235   0.029800
1236   0.029300
1237   0.024300
1238   0.025300
1239   0.034000
1240   0.035100
1241   0.041700
1242   0.041300
1243   0.037500
1244   0.039900
1245   0.043000
1246   0.037700
1247   0.031700
1248   0.030300
1249   0.030900
1250   0.023200
1251   0.025200
1252   0.021900
1253   0.022900
1254   0.025500
1255   0.020600
1256   0.019400
1257   0.024400
1258   0.013600
1259   0.008100
1260   0.003500
1261   0.006800
1262   0.006300
1263   0.005100
1264  -0.001000
1265   0.004200
1266   0.001900
1267   0.004900
1268   0.005900
1269   0.005600
1270   0.006400
1271   0.001700
1272   0.002100
1273   0.005100
1274   0.010600
1275   0.007000
1276   0.016400
1277   0.016800
1278   0.016300
1279   0.017500
1280   0.014300
1281   0.006100
1282   0.006300
1283   0.003200
1284   0.004600
1285   0.004400
1286   0.007600
1287  -0.000000
1288  -0.003100
1289  -0.004700
1290  -0.001700
1291  -0.000500
1292  -0.006900
1293  -0.004600
1294  -0.008600
1295  -0.007900
1296  -0.005300
1297  -0.002400
1298  -0.001800
1299   0.001500
1300   0.000200
1301   0.000500
1302   0.003500
1303   0.005100
1304   0.006100
1305   0.004600
1306   0.005600
1307   0.008200
1308   0.003600
1309   0.010600
1310   0.005000
1311   0.007800
1312   0.007100
1313   0.011300
1314   0.009800
1315   0.004200
1316   0.009200
1317   0.011800
1318   0.010400
1319   0.005700
1320   0.005600
1321   0.003500
1322   0.007800
1323   0.015700
1324   0.017900
1325   0.018700
1326   0.019400
1327   0.015000
1328   0.011000
1329   0.010400
1330   0.009700
1331   0.007200
1332   0.001100
1333   0.008700
1334   0.011300
1335   0.011200
1336   0.020100
1337   0.020100
1338   0.020000
1339   0.013000
1340   0.007500
1341   0.008100
1342   0.008700
1343   0.014400
1344   0.012000
1345   0.011600
1346   0.010800
1347   0.008200
1348   0.007800
1349   0.007000
1350   0.004200
1351   0.000800
1352   0.001900
1353   0.002500
1354   0.008800
1355   0.007900
1356   0.006900
1357   0.003900
1358  -0.000900
1359  -0.006000
1360   0.002800
1361   0.005100
1362   0.005500
1363   0.000800
1364   0.001100
1365   0.000400
1366   0.003600
1367   0.004800
1368   0.009800
1369   0.013100
1370   0.005000
1371   0.012100
1372   0.011800
1373   0.008200
1374   0.013100
1375   0.018000
1376   0.017200
1377   0.017500
1378   0.019900
1379   0.019100
1380   0.018600
1381   0.016100
1382   0.018300
1383   0.015100
1384   0.009900
1385   0.006900
1386   0.012200
1387   0.004500
1388   0.004100
1389   0.000900
1390  -0.003600
1391   0.000100
1392   0.000600
1393  -0.001200
1394  -0.006000
1395  -0.012800
1396  -0.013200
1397  -0.010300
1398  -0.009200
1399  -0.006700
1400  -0.001900
1401   0.004500
1402   0.014100
1403   0.013800
1404   0.014900
1405   0.010600
1406   0.008000
1407   0.006200
1408   0.006600
1409   0.003500
1410   0.001200
1411  -0.002900
1412   0.002700
1413   0.005500
1414   0.011000
1415   0.010000
1416   0.008900
1417   0.010800
1418   0.008700
1419   0.008800
1420   0.009100
1421   0.003300
1422   0.006400
1423   0.012000
1424   0.007600
1425   0.009600
1426   0.014900
1427   0.018900
1428   0.021000
1429   0.019100
1430   0.016800
1431   0.012800
1432   0.015200
1433   0.016800
1434   0.017900
1435   0.022700
1436   0.022000
1437   0.017100
1438   0.023500
1439   0.026800
1440   0.031400
1441   0.025500
1442   0.026100
1443   0.027900
1444   0.030400
1445   0.033400
1446   0.029900
1447   0.026100
1448   0.033500
1449   0.036400
1450   0.039500
1451   0.042300
1452   0.041600
1453   0.047800
1454   0.046300
1455   0.050100
1456   0.054300
1457   0.055500
1458   0.052800
1459   0.058700
1460   0.051900
1461   0.050600
1462   0.055000
1463   0.053700
1464   0.050600
1465   0.047900
1466   0.044200
1467   0.050000
1468   0.045100
1469   0.042700
1470   0.048400
1471   0.049200
1472   0.055500
1473   0.051800
1474   0.053200
1475   0.046700
1476   0.049500
1477   0.042900
1478   0.040600
1479   0.043900
1480   0.043300
1481   0.046200
1482   0.038400
1483   0.038500
1484   0.033000
1485   0.025000
1486   0.019500
1487   0.017600
1488   0.009300
1489   0.007400
1490   0.003100
1491   0.007300
1492   0.002900
1493   0.001600
1494  -0.000600
1495   0.003500
1496  -0.003700
1497  -0.001700
1498  -0.000600
1499   0.008700
1500   0.013900
1501   0.012400
1502   0.013600
1503   0.015600
1504   0.013200
1505   0.013400
1506   0.011800
1507   0.012500
1508   0.015800
1509   0.015500
1510   0.009800
1511   0.009100
1512   0.011900
1513   0.012100
1514   0.009700
1515   0.006700
1516   0.007200
1517   0.013700
1518   0.016400
1519   0.014900
1520   0.016200
1521   0.022100
1522   0.020400
1523   0.020400
1524   0.020700
1525   0.020400
1526   0.021100
1527   0.028000
1528   0.033400
1529   0.031900
1530   0.035600
1531   0.037100
1532   0.042900
1533   0.041900
1534   0.044600
1535   0.039700
1536   0.045800
1537   0.042500
1538   0.039500
1539   0.041200
1540   0.038300
1541   0.045100
1542   0.047700
1543   0.050700
1544   0.050900
1545   0.053300
1546   0.052800
1547   0.058000
1548   0.055600
1549   0.056400
1550   0.057700
1551   0.058300
1552   0.053400
1553   0.052100
1554   0.050100
1555   0.050000
1556   0.049100
1557   0.043100
1558   0.038000
1559   0.030900
1560   0.031700
1561   0.018800
1562   0.024800
1563   0.027400
1564   0.030000
1565   0.024200
1566   0.015300
1567   0.014200
1568   0.016400
1569   0.023400
1570   0.024200
1571   0.040100
1572   0.036600
1573   0.034500
1574   0.036700
1575   0.045200
1576   0.044800
1577   0.042100
1578   0.045000
1579   0.038000
1580   0.045400
1581   0.046300
1582   0.053800
1583   0.057000
1584   0.059900
1585   0.056700
1586   0.054300
1587   0.061000
1588   0.059900
1589   0.051500
1590   0.051400
1591   0.049200
1592   0.051900
1593   0.048700
1594   0.045900
1595   0.049300
1596   0.047300
1597   0.049800
1598   0.046500
1599   0.046800
1600   0.051000
1601   0.052700
1602   0.048200
1603   0.052000
1604   0.041400
1605   0.037400
1606   0.037500
1607   0.031700
1608   0.026500
1609   0.022900
1610   0.020600
1611   0.022000
1612   0.024700
1613   0.027900
1614   0.026100
1615   0.025700
1616   0.034000
1617   0.024600
1618   0.025200
1619   0.017900
1620   0.014300
1621   0.013500
1622   0.016000
1623   0.015500
1624   0.016300
1625   0.006500
1626   0.004400
1627   0.006500
1628   0.001300
1629   0.000200
1630   0.005200
1631   0.006400
1632   0.002200
1633   0.011400
1634   0.012300
1635   0.009300
1636   0.009300
1637   0.016900
1638   0.017500
1639   0.020200
1640   0.026900
1641   0.029100
1642   0.031200
1643   0.031200
1644   0.027500
1645   0.023900
1646   0.022300
1647   0.024100
1648   0.028100
1649   0.021500
1650   0.022800
1651   0.025600
1652   0.028200
1653   0.027500
1654   0.024200
1655   0.026700
1656   0.026500
1657   0.026100
1658   0.024600
1659   0.025700
1660   0.032700
1661   0.033500
1662   0.037500
1663   0.043200
1664   0.040600
1665   0.040600
1666   0.036500
1667   0.037200
1668   0.037200
1669   0.036900
1670   0.037500
1671   0.034600
1672   0.031700
1673   0.028900
1674   0.032500
1675   0.035500
1676   0.031500
1677   0.027700
1678   0.026800
1679   0.030600
1680   0.030800
1681   0.030900
1682   0.029600
1683   0.029900
1684   0.028800
1685   0.036300
1686   0.036300
1687   0.029800
1688   0.032900
1689   0.024700
1690   0.020900
1691   0.022500
1692   0.027800
1693   0.032800
1694   0.036700
1695   0.031000
1696   0.031800
1697   0.033500
1698   0.036500
1699   0.037900
1700   0.036800
1701   0.038300
1702   0.035000
1703   0.032000
1704   0.028100
1705   0.024300
1706   0.023400
1707   0.034000
1708   0.036500
1709   0.034200
1710   0.026900
1711   0.025000
1712   0.026100
1713   0.032100
1714   0.033100
1715   0.031800
1716   0.033000
1717   0.032500
1718   0.032700
1719   0.029600
1720   0.032000
1721   0.029600
1722   0.034200
1723   0.035900
1724   0.038800
1725   0.042100
1726   0.042300
1727   0.035600
1728   0.040900
1729   0.039100
1730   0.041400
1731   0.046000
1732   0.048400
1733   0.047100
1734   0.045300
1735   0.050200
1736   0.054300
1737   0.052600
1738   0.050000
1739   0.046000
1740   0.048400
1741   0.047800
1742   0.049600
1743   0.051000
1744   0.051100
1745   0.051600
1746   0.054100
1747   0.054300
1748   0.061300
1749   0.064600
1750   0.061900
1751   0.061600
1752   0.066900
1753   0.069900
1754   0.068400
1755   0.071300
1756   0.067400
1757   0.066900
1758   0.065900
1759   0.066300
1760   0.068600
1761   0.065100
1762   0.063700
1763   0.063900
1764   0.062600
1765   0.064800
1766   0.064300
1767   0.059900
1768   0.055700
1769   0.054900
1770   0.058800
1771   0.060600
1772   0.056500
1773   0.053300
1774   0.057000
1775   0.065900
1776   0.067700
1777   0.068000
1778   0.067500
1779   0.066800
1780   0.066200
1781   0.070400
1782   0.066100
1783   0.071600
1784   0.068300
1785   0.070200
1786   0.065800
1787   0.066800
1788   0.073400
1789   0.072800
1790   0.072500
1791   0.071200
1792   0.070700
1793   0.072200
1794   0.076400
1795   0.077500
1796   0.073500
1797   0.075900
1798   0.074100
1799   0.073200
1800   0.073200
1801   0.068000
1802   0.062100
1803   0.064700
1804   0.065600
1805   0.068200
1806   0.070100
1807   0.067900
1808   0.070300
1809   0.068700
1810   0.065100
1811   0.065000
1812   0.062200
1813   0.059200
1814   0.061500
1815   0.056300
1816   0.059300
1817   0.055300
1818   0.059200
1819   0.056500
1820   0.058600
1821   0.059100
1822   0.055600
1823   0.062500
1824   0.062600
1825   0.054400
1826   0.061600
1827   0.059300
1828   0.051700
1829   0.053400
1830   0.047700
1831   0.043900
1832   0.045600
1833   0.040500
1834   0.036100
1835   0.033500
1836   0.033100
1837   0.028000
1838   0.026200
1839   0.026700
1840   0.029600
1841   0.031400
1842   0.028500
1843   0.028100
1844   0.023200
1845   0.024000
1846   0.030000
1847   0.026500
1848   0.020600
1849   0.024900
1850   0.019900
1851   0.017400
1852   0.019000
1853   0.020800
1854   0.015300
1855   0.013100
1856   0.010100
1857   0.020200
1858   0.020600
1859   0.021400
1860   0.033000
1861   0.029500
1862   0.031600
1863   0.034300
1864   0.028700
1865   0.027500
1866   0.029400
1867   0.027800
1868   0.021300
1869   0.025900
1870   0.033200
1871   0.036000
1872   0.035100
1873   0.040800
1874   0.041300
1875   0.037600
1876   0.043100
1877   0.042200
1878   0.034000
1879   0.040800
1880   0.044700
1881   0.043200
1882   0.042300
1883   0.044300
1884   0.047600
1885   0.054800
1886   0.054700
1887   0.057000
1888   0.052000
1889   0.049900
1890   0.053400
1891   0.059500
1892   0.054600
1893   0.051800
1894   0.055100
1895   0.057900
1896   0.054000
1897   0.049800
1898   0.051400
1899   0.051400
1900   0.044500
1901   0.042000
1902   0.038800
1903   0.041100
1904   0.041500
1905   0.044100
1906   0.042800
1907   0.040200
1908   0.044400
1909   0.049700
1910   0.051900
1911   0.055100
1912   0.064100
1913   0.063900
1914   0.063200
1915   0.060100
1916   0.057300
1917   0.059900
1918   0.063200
1919   0.066500
1920   0.062700
1921   0.062200
1922   0.062600
1923   0.060400
1924   0.056000
1925   0.058100
1926   0.051200
1927   0.051700
1928   0.052400
1929   0.051700
1930   0.055000
1931   0.053800
1932   0.054300
1933   0.052700
1934   0.050900
1935   0.046000
1936   0.040500
1937   0.039200
1938   0.041600
1939   0.045100
1940   0.040700
1941   0.038300
1942   0.032800
1943   0.035600
1944   0.041500
1945   0.040400
1946   0.034400
1947   0.035000
1948   0.031900
1949   0.027800
1950   0.040800
1951   0.044300
1952   0.043700
1953   0.047100
1954   0.045200
1955   0.040700
1956   0.045200
1957   0.049900
1958   0.048600
1959   0.049800
1960   0.054900
1961   0.053500
1962   0.059700
1963   0.060600
1964   0.053800
1965   0.051200
1966   0.046500
1967   0.047200
1968   0.048600
1969   0.055400
1970   0.053800
1971   0.049100
1972   0.045500
1973   0.051600
1974   0.050000
1975   0.055500
1976   0.056900
1977   0.052900
1978   0.055900
1979   0.049800
1980   0.045100
1981   0.046000
1982   0.039700
1983   0.038800
1984   0.036500
1985   0.035000
1986   0.034200
1987   0.034800
1988   0.034600
1989   0.037300
1990   0.040300
1991   0.037900
1992   0.040800
1993   0.038300
1994   0.040400
1995   0.035200
1996   0.035600
1997   0.035800
1998   0.031800
1999   0.027200
2000   0.025000
2001   0.025400
2002   0.027100
2003   0.023200
2004   0.026400
2005   0.023900
2006   0.030500
2007   0.030400
2008   0.030600
2009   0.025900
2010   0.030800
2011   0.038700
2012   0.044300
2013   0.050500
2014   0.050500
2015   0.049600
2016   0.053000
2017   0.049700
2018   0.044000
2019   0.041400
2020   0.035200
2021   0.038900
2022   0.040500
2023   0.038700
2024   0.037500
2025   0.032900
2026   0.033300
2027   0.033000
2028   0.036900
2029   0.037800
2030   0.040000
2031   0.045600
2032   0.047000
2033   0.045400
2034   0.044300
2035   0.046000
2036   0.045700
2037   0.052400
2038   0.050200
2039   0.049800
2040   0.051600
2041   0.052600
2042   0.052900
2043   0.047700
2044   0.050500
2045   0.046300
2046   0.043400
2047   0.039600
2048   0.038400
2049   0.038000
2050   0.036700
2051   0.032300
2052   0.032400
2053   0.025800
2054   0.020700
2055   0.021700
2056   0.019200
2057   0.015400
2058   0.010200
2059   0.013300
2060   0.011200
2061   0.011000
2062   0.012900
2063   0.013200
2064   0.012400
2065   0.004900
2066   0.008000
2067   0.010000
2068   0.011200
2069   0.013200
2070   0.018000
2071   0.017700
2072   0.015000
2073   0.016300
2074   0.020300
2075   0.023800
2076   0.025600
2077   0.027800
2078   0.026200
2079   0.032100
2080   0.027700
2081   0.033300
2082   0.036500
2083   0.033200
2084   0.034100
2085   0.033900
2086   0.031800
2087   0.037400
2088   0.034800
2089   0.040000
2090   0.037900
2091   0.038400
2092   0.039800
2093   0.036500
2094   0.030100
2095   0.036100
2096   0.035400
2097   0.033500
2098   0.032100
2099   0.023700
2100   0.028800
2101   0.028600
2102   0.029900
2103   0.038400
2104   0.039300
2105   0.038300
2106   0.038900
2107   0.041900
2108   0.040300
2109   0.035100
2110   0.037000
2111   0.038200
2112   0.040000
2113   0.037000
2114   0.032600
2115   0.032900
2116   0.025500
2117   0.025100
2118   0.033400
2119   0.032500
2120   0.028100
2121   0.031400
2122   0.038100
2123   0.041300
2124   0.034900
2125   0.039300
2126   0.038800
2127   0.045100
2128   0.046400
2129   0.046100
2130   0.048600
2131   0.046500
2132   0.049200
2133   0.049300
2134   0.055000
2135   0.055500
2136   0.066100
2137   0.064000
2138   0.061200
2139   0.063100
2140   0.063300
2141   0.064900
2142   0.061900
2143   0.057800
2144   0.054900
2145   0.047400
2146   0.049500
2147   0.052900
2148   0.056800
2149   0.050000
2150   0.054200
2151   0.050200
2152   0.055900
2153   0.051000
2154   0.050200
2155   0.051000
2156   0.048300
2157   0.046400
2158   0.039700
2159   0.037800
2160   0.029200
2161   0.023200
2162   0.026000
2163   0.021300
2164   0.024900
2165   0.024500
2166   0.021900
2167   0.023100
2168   0.021300
2169   0.018400
2170   0.015500
2171   0.015600
2172   0.017700
2173   0.018300
2174   0.015500
2175   0.017200
2176   0.027800
2177   0.027600
2178   0.021200
2179   0.016100
2180   0.015300
2181   0.011300
2182   0.014000
2183   0.013300
2184   0.009800
2185   0.010800
2186   0.010500
2187   0.011700
2188   0.015100
2189   0.009500
2190   0.004700
2191   0.005000
2192   0.008700
2193   0.005200
2194   0.005300
2195   0.004000
2196   0.006600
2197  -0.002700
2198  -0.001500
2199  -0.002000
2200  -0.008700
2201  -0.011400
2202  -0.013600
2203  -0.011800
2204  -0.010700
2205  -0.011900
2206  -0.009700
2207  -0.005300
2208  -0.001700
2209   0.002800
2210   0.006200
2211   0.008800
2212   0.004200
2213   0.007200
2214   0.006700
2215   0.008700
2216   0.004800
2217   0.012200
2218   0.008800
2219   0.012600
2220   0.012400
2221   0.012400
2222   0.012500
2223   0.017600
2224   0.017700
2225   0.010600
2226   0.015500
2227   0.014800
2228   0.017400
2229   0.013800
2230   0.012800
2231   0.008900
2232   0.000900
2233   0.001900
2234   0.006500
2235   0.003700
2236   0.006500
2237   0.005300
2238   0.011100
2239   0.008200
2240   0.005800
2241   0.003100
2242  -0.001500
2243  -0.000700
2244  -0.001500
2245   0.000800
2246   0.001300
2247  -0.004000
2248  -0.005600
2249  -0.005800
2250  -0.004200
2251  -0.009600
2252   0.001200
2253  -0.006500
2254  -0.005300
2255  -0.003800
2256  -0.003900
2257  -0.001900
2258   0.004900
2259   0.009400
2260   0.008900
2261   0.013200
2262   0.005600
2263   0.000600
2264  -0.001100
2265  -0.002600
2266  -0.000300
2267  -0.001800
2268  -0.001700
2269  -0.002800
2270   0.006600
2271   0.012200
2272   0.017900
2273   0.012800
2274   0.015200
2275   0.011000
2276   0.008700
2277   0.011100
2278   0.014400
2279   0.010000
2280   0.018800
2281   0.023100
2282   0.026800
2283   0.027700
2284   0.036200
2285   0.032600
2286   0.033600
2287   0.039600
2288   0.039800
2289   0.043200
2290   0.035700
2291   0.032200
2292   0.029600
2293   0.032700
2294   0.027900
2295   0.029700
2296   0.031700
2297   0.030200
2298   0.031300
2299   0.027500
2300   0.020300
2301   0.025500
2302   0.025200
2303   0.024000
2304   0.023800
2305   0.033700
2306   0.035500
2307   0.032000
2308   0.032100
2309   0.032700
2310   0.034900
2311   0.042900
2312   0.039200
2313   0.037400
2314   0.034400
2315   0.031300
2316   0.036700
2317   0.040700
2318   0.038000
2319   0.041700
2320   0.044300
2321   0.043600
2322   0.040600
2323   0.039600
2324   0.038900
2325   0.041300
2326   0.040700
2327   0.043300
2328   0.047300
2329   0.047800
2330   0.053700
2331   0.058800
2332   0.058400
2333   0.059700
2334   0.058900
2335   0.062800
2336   0.062400
2337   0.061100
2338   0.061100
2339   0.057500
2340   0.061300
2341   0.056200
2342   0.050300
2343   0.054100
2344   0.056000
2345   0.056800
2346   0.057900
2347   0.053400
2348   0.058500
2349   0.062600
2350   0.068300
2351   0.073300
2352   0.064100
2353   0.062900
2354   0.057800
2355   0.060500
2356   0.058300
2357   0.061000
2358   0.057300
2359   0.049500
2360   0.044500
2361   0.052800
2362   0.048100
2363   0.047300
2364   0.045700
2365   0.047700
2366   0.046400
2367   0.045900
2368   0.047900
2369   0.048400
2370   0.045400
2371   0.045800
2372   0.052500
2373   0.045600
2374   0.046200
2375   0.044500
2376   0.049600
2377   0.046200
2378   0.043400
2379   0.040900
2380   0.040300
2381   0.036400
2382   0.036600
2383   0.034800
2384   0.028500
2385   0.029700
2386   0.025200
2387   0.020100
2388   0.020100
2389   0.018600
2390   0.020000
2391   0.018200
2392   0.015100
2393   0.012200
2394   0.017700
2395   0.028500
2396   0.031500
2397   0.030500
2398   0.037300
2399   0.038700
2400   0.040200
2401   0.035700
2402   0.035900
2403   0.032600
2404   0.033400
2405   0.032800
2406   0.028700
2407   0.029100
2408   0.024000
2409   0.022700
2410   0.019800
2411   0.019000
2412   0.019900
2413   0.021100
2414   0.016900
2415   0.022000
2416   0.021500
2417   0.022200
2418   0.026300
2419   0.025400
2420   0.026300
2421   0.032900
2422   0.032000
2423   0.035600
2424   0.042300
2425   0.040800
2426   0.043800
2427   0.038100
2428   0.037400
2429   0.037600
2430   0.035100
2431   0.037000
2432   0.036200
2433   0.050200
2434   0.046800
2435   0.044200
2436   0.046600
2437   0.046600
2438   0.047100
2439   0.045800
2440   0.039200
2441   0.035500
2442   0.037500
2443   0.038200
2444   0.038900
2445   0.036500
2446   0.032000
2447   0.031800
2448   0.032400
2449   0.042600
2450   0.044800
2451   0.045700
2452   0.045000
2453   0.048100
2454   0.052100
2455   0.053100
2456   0.052300
2457   0.053600
2458   0.052700
2459   0.046300
2460   0.037900
2461   0.029900
2462   0.025100
2463   0.025100
2464   0.028300
2465   0.023000
2466   0.022900
2467   0.023000
2468   0.025400
2469   0.025600
2470   0.027400
2471   0.023900
2472   0.024200
2473   0.021500
2474   0.021000
2475   0.020300
2476   0.022900
2477   0.027200
2478   0.028800
2479   0.025500
2480   0.026700
2481   0.026300
2482   0.030200
2483   0.028600
2484   0.032200
2485   0.030400
2486   0.028700
2487   0.028700
2488   0.026000
2489   0.031400
2490   0.030700
2491   0.029600
2492   0.036200
2493   0.033400
2494   0.030800
2495   0.032100
2496   0.038000
2497   0.041500
2498   0.049300
2499   0.043600
2500   0.043500
2501   0.039400
2502   0.037600
2503   0.035700
2504   0.041900
2505   0.041800
2506   0.047800
2507   0.041400
2508   0.045200
2509   0.040800
2510   0.037700
2511   0.042300
2512   0.042200
2513   0.044800
2514   0.044900
2515   0.044200
2516   0.046300
2517   0.051100
2518   0.048200
2519   0.048100
2520   0.047200
2521   0.047400
2522   0.047300
2523   0.045000
2524   0.042700
2525   0.041700
2526   0.042500
2527   0.044700
2528   0.041700
2529   0.034800
2530   0.033700
2531   0.031900
2532   0.031600
2533   0.033000
2534   0.035900
2535   0.034300
2536   0.037400
2537   0.040300
2538   0.045000
2539   0.043600
2540   0.044500
2541   0.051500
2542   0.054100
2543   0.050600
2544   0.055600
2545   0.053100
2546   0.059900
2547   0.063100
2548   0.075500
2549   0.075300
2550   0.075400
2551   0.069100
2552   0.068200
2553   0.065800
2554   0.075700
2555   0.080800
2556   0.079100
2557   0.081900
2558   0.080100
2559   0.082500
2560   0.082000
2561   0.077400
2562   0.078500
2563   0.079100
2564   0.081000
2565   0.082100
2566   0.077300
2567   0.071800
2568   0.071700
2569   0.072500
2570   0.071600
2571   0.079700
2572   0.077200
2573   0.071000
2574   0.070300
2575   0.074000
2576   0.079700
2577   0.080300
2578   0.077400
2579   0.073800
2580   0.075300
2581   0.074700
2582   0.075300
2583   0.081100
2584   0.083200
2585   0.078800
2586   0.076100
2587   0.071800
2588   0.069300
2589   0.065400
2590   0.066500
2591   0.063000
2592   0.063000
2593   0.066100
2594   0.063800
2595   0.065700
2596   0.060600
2597   0.059200
2598   0.063500
2599   0.064100
2600   0.063900
2601   0.063400
2602   0.065000
2603   0.062500
2604   0.061600
2605   0.061300
2606   0.063500
2607   0.062900
2608   0.057500
2609   0.056500
2610   0.057000
2611   0.055300
2612   0.057900
2613   0.062000
2614   0.066000
2615   0.066100
2616   0.058700
2617   0.057800
2618   0.061500
2619   0.070400
2620   0.067300
2621   0.062900
2622   0.060100
2623   0.054900
2624   0.061600
2625   0.063200
2626   0.062100
2627   0.059300
2628   0.065200
2629   0.065200
2630   0.062600
2631   0.063800
2632   0.065400
2633   0.064100
2634   0.060400
2635   0.052400
2636   0.048200
2637   0.044500
2638   0.041700
2639   0.040300
2640   0.042100
2641   0.040200
2642   0.040500
2643   0.041700
2644   0.039600
2645   0.032600
2646   0.036100
2647   0.037300
2648   0.037700
2649   0.039400
2650   0.039000
2651   0.046500
2652   0.048000
2653   0.043400
2654   0.037000
2655   0.046700
2656   0.049000
2657   0.047000
2658   0.039300
2659   0.042500
2660   0.046000
2661   0.048500
2662   0.051000
2663   0.048100
2664   0.049600
2665   0.051300
2666   0.051200
2667   0.045500
2668   0.049300
2669   0.052400
2670   0.046400
2671   0.044100
2672   0.045700
2673   0.048500
2674   0.047000
2675   0.048800
2676   0.054400
2677   0.055200
2678   0.051900
2679   0.051400
2680   0.055500
2681   0.049800
2682   0.049600
2683   0.049300
2684   0.051800
2685   0.054700
2686   0.060000
2687   0.061400
2688   0.063900
2689   0.062400
2690   0.064500
2691   0.063200
2692   0.066400
2693   0.069000
2694   0.063100
2695   0.062100
2696   0.060000
2697   0.056200
2698   0.060600
2699   0.060000
2700   0.076500
2701   0.075200
2702   0.081300
2703   0.080400
2704   0.077000
2705   0.069900
2706   0.073100
2707   0.071500
2708   0.071500
2709   0.074500
2710   0.075200
2711   0.079200
2712   0.078000
2713   0.080800
2714   0.076300
2715   0.075400
2716   0.082000
2717   0.088900
2718   0.092100
2719   0.089600
2720   0.091800
2721   0.088200
2722   0.086600
2723   0.085000
2724   0.088500
2725   0.090000
2726   0.084200
2727   0.081400
2728   0.080900
2729   0.078100
2730   0.088000
2731   0.090500
2732   0.087300
2733   0.087700
2734   0.088800
2735   0.087500
2736   0.088700
2737   0.090300
2738   0.082600
2739   0.081200
2740   0.082100
2741   0.081600
2742   0.084400
2743   0.090500
2744   0.087400
2745   0.085000
2746   0.080700
2747   0.080900
2748   0.075700
2749   0.074600
2750   0.066000
2751   0.065800
2752   0.060500
2753   0.062900
2754   0.059100
2755   0.059300
2756   0.059500
2757   0.061300
2758   0.065000
2759   0.065700
2760   0.063200
2761   0.063100
2762   0.065500
2763   0.058500
2764   0.063000
2765   0.064000
2766   0.059700
2767   0.056800
2768   0.056300
2769   0.051800
2770   0.051000
2771   0.054700
2772   0.053500
2773   0.055800
2774   0.056600
2775   0.058200
2776   0.062000
2777   0.058400
2778   0.059600
2779   0.053900
2780   0.048800
2781   0.045800
2782   0.046700
2783   0.045200
2784   0.048000
2785   0.056200
2786   0.058800
2787   0.059200
2788   0.060200
2789   0.065600
2790   0.061600
2791   0.061000
2792   0.057900
2793   0.053500
2794   0.052200
2795   0.053200
2796   0.054800
2797   0.056600
2798   0.058800
2799   0.059600
2800   0.059800
2801   0.056300
2802   0.059300
2803   0.059100
2804   0.062200
2805   0.065500
2806   0.071100
2807   0.072100
2808   0.072800
2809   0.073300
2810   0.075900
2811   0.074500
2812   0.071100
2813   0.069900
2814   0.065700
2815   0.062800
2816   0.058100
2817   0.055100
2818   0.056600
2819   0.057700
2820   0.066200
2821   0.067700
2822   0.063800
2823   0.072900
2824   0.078600
2825   0.082700
2826   0.083300
2827   0.086200
2828   0.079000
2829   0.079100
2830   0.077100
2831   0.077400
2832   0.073200
2833   0.071700
2834   0.073800
2835   0.075400
2836   0.074900
2837   0.077400
2838   0.084000
2839   0.089900
2840   0.086500
2841   0.083300
2842   0.085700
2843   0.081400
2844   0.081700
2845   0.081500
2846   0.089000
2847   0.089400
2848   0.091800
2849   0.089000
2850   0.089500
2851   0.084400
2852   0.086500
2853   0.082100
2854   0.082400
2855   0.086800
2856   0.084800
2857   0.085700
2858   0.093000
2859   0.085900
2860   0.092800
2861   0.091100
2862   0.090200
2863   0.087000
2864   0.088100
2865   0.086600
2866   0.089400
2867   0.092500
2868   0.088300
2869   0.084900
2870   0.085700
2871   0.085200
2872   0.088200
2873   0.094900
2874   0.097200
2875   0.096300
2876   0.097800
2877   0.099100
2878   0.098700
2879   0.096300
2880   0.097200
2881   0.088600
2882   0.088000
2883   0.085800
2884   0.084400
2885   0.080800
2886   0.079000
2887   0.080100
2888   0.082400
2889   0.087400
2890   0.085000
2891   0.087400
2892   0.083000
2893   0.084800
2894   0.084900
2895   0.083600
2896   0.083900
2897   0.080600
2898   0.079300
2899   0.080500
2900   0.081700
2901   0.085300
2902   0.092200
2903   0.092700
2904   0.090900
2905   0.088400
2906   0.089300
2907   0.085600
2908   0.080000
2909   0.086600
2910   0.092500
2911   0.097900
2912   0.091200
2913   0.087900
2914   0.092500
2915   0.097700
2916   0.097300
2917   0.097200
2918   0.088700
2919   0.088600
2920   0.087200
2921   0.084300
2922   0.096700
2923   0.094400
2924   0.091300
2925   0.089500
2926   0.092200
2927   0.094200
2928   0.097000
2929   0.092800
2930   0.089800
2931   0.088100
2932   0.086500
2933   0.082900
2934   0.084500
2935   0.086600
2936   0.084400
2937   0.086400
2938   0.087900
2939   0.085100
2940   0.079900
2941   0.083100
2942   0.084900
2943   0.082800
2944   0.080000
2945   0.077900
2946   0.079100
2947   0.079100
2948   0.081800
2949   0.083500
2950   0.087600
2951   0.083900
2952   0.081000
2953   0.078400
2954   0.077000
2955   0.078500
2956   0.076400
2957   0.084100
2958   0.077000
2959   0.086100
2960   0.088000
2961   0.081100
2962   0.081200
2963   0.079600
2964   0.081300
2965   0.080800
2966   0.078500
2967   0.073500
2968   0.072200
2969   0.069900
2970   0.068300
2971   0.072600
2972   0.074300
2973   0.072400
2974   0.075400
2975   0.073200
2976   0.071400
2977   0.071400
2978   0.080200
2979   0.083700
2980   0.082000
2981   0.080400
2982   0.069600
2983   0.067200
2984   0.074700
2985   0.077400
2986   0.072700
2987   0.075600
2988   0.071300
2989   0.072200
2990   0.075900
2991   0.072300
2992   0.068500
2993   0.060300
2994   0.058100
2995   0.056500
2996   0.059000
2997   0.062300
2998   0.060100
2999   0.055400
3000   0.053800
3001   0.053300
3002   0.057000
3003   0.063900
3004   0.059800
3005   0.064200
3006   0.065300
3007   0.060100
3008   0.059800
3009   0.059000
3010   0.058700
3011   0.059000
3012   0.059400
3013   0.059800
3014   0.058900
3015   0.058200
3016   0.059500
3017   0.055600
3018   0.060300
3019   0.063800
3020   0.059600
3021   0.054400
3022   0.044900
3023   0.038700
3024   0.037000
3025   0.037600
3026   0.040000
3027   0.040700
3028   0.040600
3029   0.039800
3030   0.044000
3031   0.038800
3032   0.037900
3033   0.037200
3034   0.032600
3035   0.036600
3036   0.035600
3037   0.033800
3038   0.030800
3039   0.029900
3040   0.032400
3041   0.031100
3042   0.025600
3043   0.026900
3044   0.024200
3045   0.013100
3046   0.016000
3047   0.021500
3048   0.028400
3049   0.034500
3050   0.030500
3051   0.034300
3052   0.034100
3053   0.036800
3054   0.038700
3055   0.041200
3056   0.040500
3057   0.037800
3058   0.037100
3059   0.032500
3060   0.030000
3061   0.026100
3062   0.022700
3063   0.022000
3064   0.027900
3065   0.028300
3066   0.024900
3067   0.028500
3068   0.028800
3069   0.031300
3070   0.028400
3071   0.022800
3072   0.022200
3073   0.021300
3074   0.017700
3075   0.014900
3076   0.013300
3077   0.012700
3078   0.012000
3079   0.008000
3080   0.014200
3081   0.019200
3082   0.021900
3083   0.024600
3084   0.024500
3085   0.018000
3086   0.014400
3087   0.018400
3088   0.018000
3089   0.022500
3090   0.025000
3091   0.026500
3092   0.030100
3093   0.029100
3094   0.032600
3095   0.030800
3096   0.033200
3097   0.031600
3098   0.032300
3099   0.029400
3100   0.033600
3101   0.034900
3102   0.030400
3103   0.028000
3104   0.025700
3105   0.027500
3106   0.032600
3107   0.033000
3108   0.034100
3109   0.039400
3110   0.040800
3111   0.042400
3112   0.038900
3113   0.044200
3114   0.044900
3115   0.044300
3116   0.041400
3117   0.039500
3118   0.039600
3119   0.042700
3120   0.039900
3121   0.035800
3122   0.039800
3123   0.043300
3124   0.046000
3125   0.044000
3126   0.038700
3127   0.031700
3128   0.034300
3129   0.033800
3130   0.032100
3131   0.030300
3132   0.037200
3133   0.040000
3134   0.038900
3135   0.036600
3136   0.028000
3137   0.022100
3138   0.027700
3139   0.026300
3140   0.032900
3141   0.036000
3142   0.044400
3143   0.052700
3144   0.052400
3145   0.058200
3146   0.058000
3147   0.061500
3148   0.053700
3149   0.058000
3150   0.051600
3151   0.054500
3152   0.061200
3153   0.060800
3154   0.055800
3155   0.053700
3156   0.046700
3157   0.046900
3158   0.045900
3159   0.042800
3160   0.040100
3161   0.041600
3162   0.038500
3163   0.035600
3164   0.030900
3165   0.033700
3166   0.037500
3167   0.038200
3168   0.041900
3169   0.043500
3170   0.047500
3171   0.053300
3172   0.050800
3173   0.051500
3174   0.052700
3175   0.051300
3176   0.048800
3177   0.042300
3178   0.036600
3179   0.035300
3180   0.035000
3181   0.029600
3182   0.033500
3183   0.035100
3184   0.033100
3185   0.023700
3186   0.024600
3187   0.036400
3188   0.032400
3189   0.035600
3190   0.039400
3191   0.040900
3192   0.037200
3193   0.029400
3194   0.025000
3195   0.029900
3196   0.027200
3197   0.018800
3198   0.017300
3199   0.021800
3200   0.019500
3201   0.022300
3202   0.020700
3203   0.021000
3204   0.019200
3205   0.022300
3206   0.030700
3207   0.033900
3208   0.036900
3209   0.037000
3210   0.038400
3211   0.033700
3212   0.026100
3213   0.021700
3214   0.024800
3215   0.026300
3216   0.020900
3217   0.020300
3218   0.024000
3219   0.023600
3220   0.019800
3221   0.015900
3222   0.010900
3223   0.011800
3224   0.011400
3225   0.014900
3226   0.016100
3227   0.015000
3228   0.017400
3229   0.017500
3230   0.010000
3231   0.011900
3232   0.009900
3233   0.008600
3234   0.006400
3235   0.002000
3236   0.004700
3237   0.004700
3238   0.006300
3239   0.002100
3240   0.002700
3241  -0.000900
3242   0.000200
3243   0.003700
3244   0.011500
3245   0.012100
3246   0.007100
3247   0.008100
3248   0.009100
3249   0.003900
3250  -0.000900
3251  -0.003400
3252  -0.005400
3253  -0.009200
3254  -0.011500
3255  -0.011900
3256  -0.012200
3257  -0.016900
3258  -0.015700
3259  -0.015000
3260  -0.012600
3261  -0.015200
3262  -0.018400
3263  -0.021500
3264  -0.024800
3265  -0.020900
3266  -0.029800
3267  -0.027400
3268  -0.024800
3269  -0.024100
3270  -0.028200
3271  -0.022800
3272  -0.022500
3273  -0.025100
3274  -0.024400
3275  -0.020400
3276  -0.018100
3277  -0.023300
3278  -0.030400
3279  -0.034100
3280  -0.038000
3281  -0.044100
3282  -0.048700
3283  -0.044700
3284  -0.043700
3285  -0.044700
3286  -0.046400
3287  -0.049500
3288  -0.054100
3289  -0.055100
3290  -0.059200
3291  -0.055700
3292  -0.059400
3293  -0.057900
3294  -0.058000
3295  -0.054500
3296  -0.052400
3297  -0.048600
3298  -0.046400
3299  -0.048200
3300  -0.045800
3301  -0.046500
3302  -0.048000
3303  -0.044900
3304  -0.046000
3305  -0.044900
3306  -0.046400
3307  -0.044400
3308  -0.047300
3309  -0.041100
3310  -0.043800
3311  -0.045700
3312  -0.048700
3313  -0.046400
3314  -0.043800
3315  -0.044400
3316  -0.039900
3317  -0.043900
3318  -0.044900
3319  -0.041500
3320  -0.043400
3321  -0.046000
3322  -0.037900
3323  -0.035900
3324  -0.039500
3325  -0.033000
3326  -0.031700
3327  -0.033200
3328  -0.037300
3329  -0.031100
3330  -0.028000
3331  -0.027300
3332  -0.031800
3333  -0.033100
3334  -0.037700
3335  -0.035600
3336  -0.034000
3337  -0.036500
3338  -0.035300
3339  -0.032600
3340  -0.029400
3341  -0.026900
3342  -0.024500
3343  -0.025200
3344  -0.027500
3345  -0.022300
3346  -0.024700
3347  -0.023100
3348  -0.026000
3349  -0.018400
3350  -0.017600
3351  -0.012700
3352  -0.014100
3353  -0.022400
3354  -0.024000
3355  -0.016800
3356  -0.013700
3357  -0.015300
3358  -0.021400
3359  -0.017900
3360  -0.025100
3361  -0.025400
3362  -0.024000
3363  -0.024100
3364  -0.021200
3365  -0.015700
3366  -0.016000
3367  -0.019500
3368  -0.023800
3369  -0.024600
3370  -0.018600
3371  -0.025200
3372  -0.028000
3373  -0.026100
3374  -0.017000
3375  -0.014600
3376  -0.016500
3377  -0.014800
3378  -0.015900
3379  -0.015400
3380  -0.022800
3381  -0.025300
3382  -0.028500
3383  -0.030000
3384  -0.024800
3385  -0.016600
3386  -0.017200
3387  -0.015200
3388  -0.013400
3389  -0.011000
3390  -0.006700
3391  -0.006300
3392  -0.002800
3393  -0.014800
3394  -0.008400
3395  -0.007600
3396  -0.008900
3397   0.002200
3398   0.001600
3399   0.002800
3400  -0.002200
3401  -0.001600
3402   0.000800
3403  -0.007400
3404  -0.005400
3405  -0.001700
3406  -0.001800
3407   0.001900
3408   0.002100
3409   0.000200
3410  -0.006900
3411  -0.008000
3412  -0.008900
3413  -0.007200
3414  -0.003100
3415  -0.001000
3416  -0.002700
3417   0.001700
3418   0.004000
3419   0.007700
3420   0.012200
3421   0.016400
3422   0.014300
3423   0.017000
3424   0.007100
3425   0.010200
3426   0.006900
3427   0.009600
3428   0.005000
3429   0.010100
3430   0.014900
3431   0.012900
3432   0.012500
3433   0.014400
3434   0.017500
3435   0.017300
3436   0.016100
3437   0.017300
3438   0.016300
3439   0.016700
3440   0.020800
3441   0.030100
3442   0.021200
3443   0.022900
3444   0.022200
3445   0.022400
3446   0.019100
3447   0.018900
3448   0.013600
3449   0.019000
3450   0.021200
3451   0.023600
3452   0.026400
3453   0.031300
3454   0.031900
3455   0.029000
3456   0.027500
3457   0.026500
3458   0.030400
3459   0.024300
3460   0.030200
3461   0.031900
3462   0.032200
3463   0.038400
3464   0.033400
3465   0.033500
3466   0.042000
3467   0.041600
3468   0.038100
3469   0.035800
3470   0.035400
3471   0.035100
3472   0.034900
3473   0.032200
3474   0.027400
3475   0.033400
3476   0.034600
3477   0.042500
3478   0.048400
3479   0.047700
3480   0.050400
3481   0.060400
3482   0.054600
3483   0.052000
3484   0.042300
3485   0.044500
3486   0.047700
3487   0.041400
3488   0.039800
3489   0.043300
3490   0.044900
3491   0.044900
3492   0.041100
3493   0.040000
3494   0.037700
3495   0.041200
3496   0.036400
3497   0.043800
3498   0.040300
3499   0.033800
3500   0.030800
3501   0.027400
3502   0.029800
3503   0.034900
3504   0.030600
3505   0.026900
3506   0.025900
3507   0.026000
3508   0.020300
3509   0.018000
3510   0.020200
3511   0.020700
3512   0.023600
3513   0.029000
3514   0.037300
3515   0.039400
3516   0.040900
3517   0.043200
3518   0.046300
3519   0.053400
3520   0.049800
3521   0.048900
3522   0.045300
3523   0.048700
3524   0.049000
3525   0.048100
3526   0.045600
3527   0.043500
3528   0.046400
3529   0.047200
3530   0.047600
3531   0.052300
3532   0.056800
3533   0.055000
3534   0.050100
3535   0.054500
3536   0.047000
3537   0.052300
3538   0.049800
3539   0.051300
3540   0.051400
3541   0.047800
3542   0.053800
3543   0.057800
3544   0.050500
3545   0.046500
3546   0.053100
3547   0.055500
3548   0.052200
3549   0.057100
3550   0.058100
3551   0.051600
3552   0.054000
3553   0.045400
3554   0.048600
3555   0.044900
3556   0.047900
3557   0.039600
3558   0.031700
3559   0.038900
3560   0.040900
3561   0.038000
3562   0.037400
3563   0.037400
3564   0.040200
3565   0.043600
3566   0.045800
3567   0.044800
3568   0.045000
3569   0.048300
3570   0.045100
3571   0.046900
3572   0.054300
3573   0.050500
3574   0.050700
3575   0.056400
3576   0.053300
3577   0.056700
3578   0.055700
3579   0.062800
3580   0.062900
3581   0.060800
3582   0.059000
3583   0.056400
3584   0.063100
3585   0.064700
3586   0.063000
3587   0.067000
3588   0.072600
3589   0.078700
3590   0.077300
3591   0.076300
3592   0.078700
3593   0.077500
3594   0.078500
3595   0.079100
3596   0.080500
3597   0.076900
3598   0.074500
3599   0.074900
3600   0.080300
3601   0.080400
3602   0.082100
3603   0.075900
3604   0.075300
3605   0.077500
3606   0.075900
3607   0.072600
3608   0.074500
3609   0.074400
3610   0.069300
3611   0.069100
3612   0.069900
3613   0.067500
3614   0.063700
3615   0.061800
3616   0.063600
3617   0.064900
3618   0.058700
3619   0.059200
3620   0.065900
3621   0.065900
3622   0.070400
3623   0.067900
3624   0.067100
3625   0.062000
3626   0.060000
3627   0.059500
3628   0.059100
3629   0.051300
3630   0.049300
3631   0.052200
3632   0.048300
3633   0.050800
3634   0.049600
3635   0.054100
3636   0.047900
3637   0.047000
3638   0.042800
3639   0.042900
3640   0.044100
3641   0.041000
3642   0.035100
3643   0.037900
3644   0.034400
3645   0.029600
3646   0.026700
3647   0.022100
3648   0.016600
3649   0.018100
3650   0.018600
3651   0.019000
3652   0.017600
3653   0.016900
3654   0.017700
3655   0.018000
3656   0.018500
3657   0.017000
3658   0.025500
3659   0.022700
3660   0.019200
3661   0.023900
3662   0.024000
3663   0.025200
3664   0.023600
3665   0.019600
3666   0.013100
3667   0.012700
3668   0.013500
3669   0.001900
3670   0.005600
3671   0.007500
3672   0.006500
3673   0.006400
3674   0.006800
3675   0.010800
3676   0.012500
3677   0.007100
3678   0.011700
3679   0.011400
3680   0.015500
3681   0.015400
3682   0.006400
3683   0.006100
3684   0.002300
3685   0.004100
3686   0.003100
3687   0.006200
3688   0.016100
3689   0.011200
3690   0.014600
3691   0.014400
3692   0.011300
3693   0.016800
3694   0.007600
3695   0.003700
3696   0.010800
3697   0.005200
3698   0.005000
3699   0.005100
3700   0.001500
3701  -0.001300
3702  -0.001600
3703   0.004600
3704   0.000900
3705   0.006200
3706   0.006800
3707   0.012100
3708   0.008700
3709   0.010100
3710   0.006400
3711   0.004200
3712  -0.001500
3713   0.002700
3714  -0.000400
3715   0.006400
3716   0.011100
3717   0.009800
3718   0.006900
3719   0.005200
3720   0.007900
3721   0.013800
3722   0.009000
3723   0.005000
3724   0.002600
3725   0.005300
3726   0.002300
3727   0.003400
3728  -0.003100
3729  -0.007900
3730  -0.007400
3731  -0.000300
3732  -0.000300
3733  -0.005400
3734  -0.011800
3735  -0.018300
3736  -0.023000
3737  -0.024200
3738  -0.019900
3739  -0.017900
3740  -0.021300
3741  -0.022000
3742  -0.031600
3743  -0.027300
3744  -0.027100
3745  -0.027300
3746  -0.021600
3747  -0.030700
3748  -0.029000
3749  -0.031600
3750  -0.026400
3751  -0.031700
3752  -0.032300
3753  -0.027000
3754  -0.024300
3755  -0.025600
3756  -0.030400
3757  -0.030600
3758  -0.035200
3759  -0.030300
3760  -0.025600
3761  -0.026900
3762  -0.023600
3763  -0.021900
3764  -0.025300
3765  -0.031500
3766  -0.034200
3767  -0.029900
3768  -0.029600
3769  -0.028800
3770  -0.024500
3771  -0.029500
3772  -0.027700
3773  -0.030700
3774  -0.027600
3775  -0.022500
3776  -0.021100
3777  -0.017900
3778  -0.014600
3779  -0.007800
3780  -0.008100
3781  -0.009700
3782  -0.010000
3783  -0.010400
3784  -0.010200
3785  -0.017200
3786  -0.021200
3787  -0.021700
3788  -0.020600
3789  -0.017300
3790  -0.012800
3791  -0.013900
3792  -0.011100
3793  -0.014800
3794  -0.015100
3795  -0.012300
3796  -0.013600
3797  -0.009600
3798  -0.011000
3799  -0.010600
3800  -0.010500
3801  -0.015900
3802  -0.016100
3803  -0.015200
3804  -0.017400
3805  -0.013100
3806  -0.008200
3807  -0.011800
3808  -0.006600
3809  -0.006700
3810  -0.009500
3811  -0.005400
3812  -0.012500
3813  -0.015600
3814  -0.010500
3815  -0.011500
3816  -0.013600
3817  -0.013700
3818  -0.016800
3819  -0.011900
3820  -0.007700
3821  -0.011300
3822  -0.008900
3823  -0.007300
3824  -0.004700
3825  -0.001500
3826   0.006600
3827   0.002100
3828   0.007500
3829   0.007700
3830   0.007000
3831   0.006500
3832   0.011000
3833   0.016000
3834   0.018400
3835   0.018900
3836   0.014300
3837   0.014200
3838   0.013700
3839   0.014100
3840   0.021800
3841   0.026300
3842   0.017500
3843   0.014000
3844   0.013600
3845   0.016500
3846   0.011900
3847   0.018200
3848   0.020500
3849   0.020200
3850   0.014100
3851   0.017200
3852   0.018300
3853   0.020000
3854   0.020900
3855   0.020900
3856   0.015400
3857   0.010200
3858   0.012300
3859   0.009000
3860   0.014700
3861   0.013900
3862   0.014600
3863   0.013100
3864   0.009600
3865  -0.002200
3866  -0.003100
3867   0.002400
3868  -0.002500
3869  -0.000400
3870  -0.004700
3871  -0.007600
3872  -0.009000
3873  -0.004400
3874  -0.009200
3875  -0.012200
3876  -0.015900
3877  -0.012900
3878  -0.006800
3879  -0.004400
3880  -0.005200
3881  -0.011000
3882  -0.010700
3883  -0.009000
3884  -0.009300
3885  -0.006500
3886   0.000400
3887   0.004000
3888   0.003000
3889   0.003100
3890   0.001900
3891  -0.004600
3892  -0.006300
3893  -0.002900
3894  -0.012600
3895  -0.015200
3896  -0.018000
3897  -0.022300
3898  -0.017700
3899  -0.028500
3900  -0.029000
3901  -0.030600
3902  -0.032500
3903  -0.034000
3904  -0.031900
3905  -0.033500
3906  -0.025600
3907  -0.027800
3908  -0.027500
3909  -0.024500
3910  -0.030500
3911  -0.030800
3912  -0.026800
3913  -0.035800
3914  -0.029100
3915  -0.020800
3916  -0.018000
3917  -0.017900
3918  -0.017300
3919  -0.011700
3920  -0.018700
3921  -0.011100
3922  -0.007500
3923  -0.005800
3924  -0.009400
3925  -0.009300
3926  -0.010000
3927  -0.010800
3928  -0.012700
3929  -0.017900
3930  -0.010600
3931  -0.013600
3932  -0.016100
3933  -0.017900
3934  -0.017400
3935  -0.018300
3936  -0.015000
3937  -0.015800
3938  -0.016300
3939  -0.017700
3940  -0.014200
3941  -0.016900
3942  -0.015300
3943  -0.011700
3944  -0.009400
3945  -0.005200
3946  -0.009300
3947  -0.009500
3948  -0.015300
3949  -0.020500
3950  -0.019400
3951  -0.017600
3952  -0.016900
3953  -0.023300
3954  -0.024100
3955  -0.020600
3956  -0.021400
3957  -0.017400
3958  -0.019900
3959  -0.018500
3960  -0.015500
3961  -0.022100
3962  -0.020300
3963  -0.018400
3964  -0.014900
3965  -0.016000
3966  -0.018300
3967  -0.015000
3968  -0.014300
3969  -0.010800
3970  -0.009900
3971  -0.008000
3972  -0.005300
3973  -0.004500
3974  -0.006000
3975  -0.008200
3976  -0.006400
3977  -0.006900
3978  -0.008000
3979  -0.003200
3980  -0.004100
3981  -0.002200
3982   0.001100
3983  -0.000100
3984  -0.000500
3985   0.002800
3986   0.002500
3987   0.004100
3988   0.002500
3989   0.004000
3990   0.005800
3991   0.009700
3992   0.011600
3993   0.013000
3994   0.015600
3995   0.007500
3996   0.006500
3997   0.011400
3998   0.010100
3999   0.008400
4000   0.011500
4001   0.010300
4002   0.015100
4003   0.017300
4004   0.013300
4005   0.010800
4006   0.017700
4007   0.016700
4008   0.014500
4009   0.015600
4010   0.025700
4011   0.030200
4012   0.032100
4013   0.034500
4014   0.030900
4015   0.034300
4016   0.037500
4017   0.042800
4018   0.046300
4019   0.050100
4020   0.045200
4021   0.044500
4022   0.039500
4023   0.035400
4024   0.042500
4025   0.043900
4026   0.042600
4027   0.041500
4028   0.041800
4029   0.046200
4030   0.039900
4031   0.039800
4032   0.045900
4033   0.050100
4034   0.039500
4035   0.041100
4036   0.047200
4037   0.047600
4038   0.046200
4039   0.045300
4040   0.048100
4041   0.048200
4042   0.047200
4043   0.041600
4044   0.041000
4045   0.044800
4046   0.050100
4047   0.051800
4048   0.049400
4049   0.054000
4050   0.056000
4051   0.051900
4052   0.052000
4053   0.048700
4054   0.049500
4055   0.046000
4056   0.045800
4057   0.043700
4058   0.038400
4059   0.032700
4060   0.034500
4061   0.034300
4062   0.038200
4063   0.043500
4064   0.042800
4065   0.042000
4066   0.042700
4067   0.039800
4068   0.038100
4069   0.035300
4070   0.038300
4071   0.041000
4072   0.039700
4073   0.043800
4074   0.037900
4075   0.041200
4076   0.040900
4077   0.039200
4078   0.041200
4079   0.040000
4080   0.038800
4081   0.039100
4082   0.033200
4083   0.033000
4084   0.027100
4085   0.034000
4086   0.038600
4087   0.031900
4088   0.027700
4089   0.026900
4090   0.029100
4091   0.025800
4092   0.036300
4093   0.035800
4094   0.038400
4095   0.033600
4096   0.031800
4097   0.028900
4098   0.033900
4099   0.037600
4100   0.037900
4101   0.038500
4102   0.043500
4103   0.048300
4104   0.051800
4105   0.051700
4106   0.049000
4107   0.047800
4108   0.050200
4109   0.054500
4110   0.059500
4111   0.062600
4112   0.061700
4113   0.060700
4114   0.060500
4115   0.062700
4116   0.065900
4117   0.062100
4118   0.055700
4119   0.052000
4120   0.054000
4121   0.057500
4122   0.051500
4123   0.050800
4124   0.052600
4125   0.045500
4126   0.043200
4127   0.045300
4128   0.045300
4129   0.047400
4130   0.043000
4131   0.044500
4132   0.049100
4133   0.053100
4134   0.051600
4135   0.050000
4136   0.049600
4137   0.054600
4138   0.049700
4139   0.049000
4140   0.051500
4141   0.053400
4142   0.054600
4143   0.057200
4144   0.055300
4145   0.056000
4146   0.053800
4147   0.049000
4148   0.047300
4149   0.051600
4150   0.051200
4151   0.053100
4152   0.053100
4153   0.054300
4154   0.054500
4155   0.058500
4156   0.064000
4157   0.061500
4158   0.060600
4159   0.056800
4160   0.056300
4161   0.054400
4162   0.057600
4163   0.061800
4164   0.059300
4165   0.061200
4166   0.066000
4167   0.066700
4168   0.067200
4169   0.066500
4170   0.071700
4171   0.076000
4172   0.075200
4173   0.067700
4174   0.069000
4175   0.071200
4176   0.073600
4177   0.075900
4178   0.071000
4179   0.066500
4180   0.063500
4181   0.068800
4182   0.069100
4183   0.070600
4184   0.072000
4185   0.074800
4186   0.075400
4187   0.071400
4188   0.071400
4189   0.072500
4190   0.074300
4191   0.071800
4192   0.068500
4193   0.065500
4194   0.064700
4195   0.065700
4196   0.061700
4197   0.062400
4198   0.060100
4199   0.057300
4200   0.052100
4201   0.053600
4202   0.049000
4203   0.050400
4204   0.047100
4205   0.042100
4206   0.045000
4207   0.050200
4208   0.056000
4209   0.055600
4210   0.050800
4211   0.049100
4212   0.046100
4213   0.041200
4214   0.040200
4215   0.040300
4216   0.047300
4217   0.040300
4218   0.040500
4219   0.043400
4220   0.046700
4221   0.050700
4222   0.053900
4223   0.056500
4224   0.051200
4225   0.052900
4226   0.049400
4227   0.050300
4228   0.047600
4229   0.043000
4230   0.042200
4231   0.046000
4232   0.052000
4233   0.056400
4234   0.058500
4235   0.055800
4236   0.056500
4237   0.060300
4238   0.056100
4239   0.061300
4240   0.058700
4241   0.054700
4242   0.052400
4243   0.054800
4244   0.055100
4245   0.057800
4246   0.059700
4247   0.059400
4248   0.063200
4249   0.062900
4250   0.065500
4251   0.064300
4252   0.064300
4253   0.063800
4254   0.066200
4255   0.064500
4256   0.058700
4257   0.060500
4258   0.063100
4259   0.063100
4260   0.060600
4261   0.064700
4262   0.060500
4263   0.060000
4264   0.059900
4265   0.061300
4266   0.055700
4267   0.064500
4268   0.072200
4269   0.079100
4270   0.076000
4271   0.077000
4272   0.077600
4273   0.082600
4274   0.085800
4275   0.081000
4276   0.082900
4277   0.075000
4278   0.080700
4279   0.077500
4280   0.085500
4281   0.088200
4282   0.087200
4283   0.087700
4284   0.090300
4285   0.092500
4286   0.093400
4287   0.087900
4288   0.089200
4289   0.094700
4290   0.095900
4291   0.098900
4292   0.092300
4293   0.087800
4294   0.089200
4295   0.085500
4296   0.082000
4297   0.074800
4298   0.078400
4299   0.078000
4300   0.082300
4301   0.079100
4302   0.075600
4303   0.066700
4304   0.065400
4305   0.069400
4306   0.071600
4307   0.075900
4308   0.072900
4309   0.073100
4310   0.070700
4311   0.070200
4312   0.071400
4313   0.076600
4314   0.074400
4315   0.074700
4316   0.073600
4317   0.074600
4318   0.066400
4319   0.067000
4320   0.066100
4321   0.067300
4322   0.069800
4323   0.067700
4324   0.071700
4325   0.071500
4326   0.072200
4327   0.074800
4328   0.073500
4329   0.073700
4330   0.068400
4331   0.069100
4332   0.068600
4333   0.066100
4334   0.064100
4335   0.063500
4336   0.068300
4337   0.075000
4338   0.076700
4339   0.074400
4340   0.073200
4341   0.069200
4342   0.065700
4343   0.065000
4344   0.059400
4345   0.054100
4346   0.063400
4347   0.066800
4348   0.067400
4349   0.067000
4350   0.067700
4351   0.065200
4352   0.058600
4353   0.055100
4354   0.065500
4355   0.065100
4356   0.068600
4357   0.068200
4358   0.068500
4359   0.072900
4360   0.073500
4361   0.081900
4362   0.086100
4363   0.082600
4364   0.085800
4365   0.087400
4366   0.091500
4367   0.089100
4368   0.089500
4369   0.091600
4370   0.096600
4371   0.101600
4372   0.091800
4373   0.093000
4374   0.096000
4375   0.098900
4376   0.099900
4377   0.100600
4378   0.098600
4379   0.101900
4380   0.097900
4381   0.090600
4382   0.088000
4383   0.091700
4384   0.093900
4385   0.087200
4386   0.081800
4387   0.082200
4388   0.084900
4389   0.090500
4390   0.087900
4391   0.089200
4392   0.087300
4393   0.084400
4394   0.080800
4395   0.078700
4396   0.072700
4397   0.068400
4398   0.072700
4399   0.074300
4400   0.083200
4401   0.077400
4402   0.075900
4403   0.076500
4404   0.073900
4405   0.074400
4406   0.071100
4407   0.069700
4408   0.067300
4409   0.064000
4410   0.061100
4411   0.056100
4412   0.057800
4413   0.057900
4414   0.050700
4415   0.058900
4416   0.052300
4417   0.056300
4418   0.063800
4419   0.064400
4420   0.064100
4421   0.070400
4422   0.073300
4423   0.081700
4424   0.081300
4425   0.076400
4426   0.079200
4427   0.076200
4428   0.074700
4429   0.068200
4430   0.072700
4431   0.069800
4432   0.072100
4433   0.071500
4434   0.064000
4435   0.061600
4436   0.062900
4437   0.060700
4438   0.061400
4439   0.058900
4440   0.053800
4441   0.057300
4442   0.056600
4443   0.054900
4444   0.051200
4445   0.052600
4446   0.053400
4447   0.047300
4448   0.048200
4449   0.049700
4450   0.043500
4451   0.042200
4452   0.040100
4453   0.040100
4454   0.039600
4455   0.035300
4456   0.037700
4457   0.035300
4458   0.040400
4459   0.036400
4460   0.034400
4461   0.029000
4462   0.035200
4463   0.034100
4464   0.036400
4465   0.030900
4466   0.034000
4467   0.038200
4468   0.037600
4469   0.032200
4470   0.036700
4471   0.029300
4472   0.031300
4473   0.034800
4474   0.039300
4475   0.034300
4476   0.032200
4477   0.034800
4478   0.037500
4479   0.034900
4480   0.037200
4481   0.043700
4482   0.045600
4483   0.042600
4484   0.045600
4485   0.043200
4486   0.044900
4487   0.050200
4488   0.052800
4489   0.047200
4490   0.051000
4491   0.047200
4492   0.050700
4493   0.050900
4494   0.048100
4495   0.045700
4496   0.044200
4497   0.039700
4498   0.042400
4499   0.044500
4500   0.042300
4501   0.047200
4502   0.047200
4503   0.048300
4504   0.045500
4505   0.046200
4506   0.044800
4507   0.046700
4508   0.045800
4509   0.047000
4510   0.050000
4511   0.045500
4512   0.042200
4513   0.045100
4514   0.045100
4515   0.048600
4516   0.047100
4517   0.049500
4518   0.057900
4519   0.056000
4520   0.052800
4521   0.051200
4522   0.050000
4523   0.049100
4524   0.050800
4525   0.050000
4526   0.056900
4527   0.059200
4528   0.061000
4529   0.064600
4530   0.065100
4531   0.067200
4532   0.067200
4533   0.070100
4534   0.066100
4535   0.063300
4536   0.063800
4537   0.060000
4538   0.057500
4539   0.056200
4540   0.051500
4541   0.050400
4542   0.049600
4543   0.050500
4544   0.055200
4545   0.051800
4546   0.054700
4547   0.058200
4548   0.059800
4549   0.064900
4550   0.061200
4551   0.058200
4552   0.057700
4553   0.054800
4554   0.056700
4555   0.062100
4556   0.060600
4557   0.058900
4558   0.059400
4559   0.067300
4560   0.071100
4561   0.065400
4562   0.068500
4563   0.070900
4564   0.069600
4565   0.071600
4566   0.073700
4567   0.069900
4568   0.072400
4569   0.072800
4570   0.066700
4571   0.065000
4572   0.064300
4573   0.065600
4574   0.070100
4575   0.069200
4576   0.066600
4577   0.066000
4578   0.070300
4579   0.069400
4580   0.068400
4581   0.071300
4582   0.068400
4583   0.067700
4584   0.057400
4585   0.065600
4586   0.067500
4587   0.060200
4588   0.055900
4589   0.059900
4590   0.061700
4591   0.057300
4592   0.056700
4593   0.059600
4594   0.060600
4595   0.067200
4596   0.069400
4597   0.070800
4598   0.065600
4599   0.065200
4600   0.068600
4601   0.070100
4602   0.068700
4603   0.063100
4604   0.060300
4605   0.063000
4606   0.067100
4607   0.061900
4608   0.065800
4609   0.061900
4610   0.062400
4611   0.059900
4612   0.063500
4613   0.058300
4614   0.059400
4615   0.061900
4616   0.058000
4617   0.056000
4618   0.058800
4619   0.063700
4620   0.064400
4621   0.063300
4622   0.061100
4623   0.065400
4624   0.062900
4625   0.061500
4626   0.064600
4627   0.059400
4628   0.067600
4629   0.071000
4630   0.075200
4631   0.077400
4632   0.074700
4633   0.075300
4634   0.073100
4635   0.080300
4636   0.084800
4637   0.075600
4638   0.074700
4639   0.081700
4640   0.083000
4641   0.076900
4642   0.085200
4643   0.087500
4644   0.081600
4645   0.084400
4646   0.079200
4647   0.081300
4648   0.080100
4649   0.083500
4650   0.080500
4651   0.080400
4652   0.077300
4653   0.076000
4654   0.083700
4655   0.081300
4656   0.084800
4657   0.088900
4658   0.082900
4659   0.082500
4660   0.083100
4661   0.084100
4662   0.082900
4663   0.084900
4664   0.087500
4665   0.086800
4666   0.083600
4667   0.091000
4668   0.090000
4669   0.088500
4670   0.089400
4671   0.086200
4672   0.085900
4673   0.083900
4674   0.083400
4675   0.080500
4676   0.081800
4677   0.074800
4678   0.077700
4679   0.073600
4680   0.074400
4681   0.076600
4682   0.075800
4683   0.072200
4684   0.074600
4685   0.069000
4686   0.067100
4687   0.063500
4688   0.064600
4689   0.060900
4690   0.059300
4691   0.052300
4692   0.054500
4693   0.054900
4694   0.056200
4695   0.054200
4696   0.056900
4697   0.061700
4698   0.064000
4699   0.064700
4700   0.063800
4701   0.067800
4702   0.072200
4703   0.070700
4704   0.071300
4705   0.063600
4706   0.068500
4707   0.066000
4708   0.058400
4709   0.062800
4710   0.060900
4711   0.068700
4712   0.068500
4713   0.065200
4714   0.065200
4715   0.065100
4716   0.069200
4717   0.076600
4718   0.078300
4719   0.079600
4720   0.080500
4721   0.082000
4722   0.085700
4723   0.083000
4724   0.081000
4725   0.080100
4726   0.072300
4727   0.072500
4728   0.070800
4729   0.073200
4730   0.078100
4731   0.081300
4732   0.083800
4733   0.080000
4734   0.072100
4735   0.075900
4736   0.079000
4737   0.081600
4738   0.083400
4739   0.086900
4740   0.087800
4741   0.086800
4742   0.093000
4743   0.097300
4744   0.096200
4745   0.094200
4746   0.096800
4747   0.103000
4748   0.103900
4749   0.099000
4750   0.097500
4751   0.095500
4752   0.086700
4753   0.091800
4754   0.083000
4755   0.085400
4756   0.083800
4757   0.081000
4758   0.074200
4759   0.075400
4760   0.073800
4761   0.076800
4762   0.076300
4763   0.080400
4764   0.090200
4765   0.083100
4766   0.083200
4767   0.077400
4768   0.078000
4769   0.079500
4770   0.081500
4771   0.079600
4772   0.076500
4773   0.077000
4774   0.068000
4775   0.073200
4776   0.070800
4777   0.071800
4778   0.066500
4779   0.068700
4780   0.064500
4781   0.067500
4782   0.066300
4783   0.071400
4784   0.077600
4785   0.073900
4786   0.074800
4787   0.078400
4788   0.085700
4789   0.086400
4790   0.089400
4791   0.091500
4792   0.089300
4793   0.092500
4794   0.090000
4795   0.085700
4796   0.085300
4797   0.081900
4798   0.084300
4799   0.090100
4800   0.088200
4801   0.096100
4802   0.093400
4803   0.091700
4804   0.089000
4805   0.088300
4806   0.087900
4807   0.089600
4808   0.090500
4809   0.089300
4810   0.089300
4811   0.088300
4812   0.087100
4813   0.078400
4814   0.081200
4815   0.083300
4816   0.080900
4817   0.076900
4818   0.072500
4819   0.070400
4820   0.072400
4821   0.073700
4822   0.078600
4823   0.081700
4824   0.080800
4825   0.079500
4826   0.072300
4827   0.068800
4828   0.061400
4829   0.060300
4830   0.060000
4831   0.064800
4832   0.067700
4833   0.060800
4834   0.059200
4835   0.065600
4836   0.068900
4837   0.074600
4838   0.071100
4839   0.066900
4840   0.067000
4841   0.062300
4842   0.050400
4843   0.048300
4844   0.049300
4845   0.040300
4846   0.045100
4847   0.041500
4848   0.042900
4849   0.037200
4850   0.037200
4851   0.041300
4852   0.034100
4853   0.036800
4854   0.039100
4855   0.045200
4856   0.045800
4857   0.050700
4858   0.053800
4859   0.052400
4860   0.055900
4861   0.059600
4862   0.064400
4863   0.067700
4864   0.067100
4865   0.069200
4866   0.065900
4867   0.063400
4868   0.057300
4869   0.054600
4870   0.059700
4871   0.061200
4872   0.059900
4873   0.065700
4874   0.063200
4875   0.065400
4876   0.068900
4877   0.069300
4878   0.068700
4879   0.074300
4880   0.072400
4881   0.075200
4882   0.076100
4883   0.074400
4884   0.072300
4885   0.068000
4886   0.065300
4887   0.070500
4888   0.070200
4889   0.072000
4890   0.067100
4891   0.067300
4892   0.067300
4893   0.071900
4894   0.071000
4895   0.072500
4896   0.070700
4897   0.077600
4898   0.076500
4899   0.072000
4900   0.072300
4901   0.075100
4902   0.069200
4903   0.061600
4904   0.061600
4905   0.061400
4906   0.066800
4907   0.063300
4908   0.056400
4909   0.056400
4910   0.057200
4911   0.055000
4912   0.055200
4913   0.050300
4914   0.052300
4915   0.049500
4916   0.044700
4917   0.044300
4918   0.039400
4919   0.042500
4920   0.040500
4921   0.043300
4922   0.048600
4923   0.046500
4924   0.042000
4925   0.042700
4926   0.037300
4927   0.043200
4928   0.042100
4929   0.036000
4930   0.033800
4931   0.035100
4932   0.043000
4933   0.039000
4934   0.039800
4935   0.041800
4936   0.035800
4937   0.038100
4938   0.037800
4939   0.030100
4940   0.034700
4941   0.035200
4942   0.029600
4943   0.030800
4944   0.028700
4945   0.024900
4946   0.025900
4947   0.028100
4948   0.025900
4949   0.026700
4950   0.031000
4951   0.032500
4952   0.031000
4953   0.031000
4954   0.026900
4955   0.022900
4956   0.020200
4957   0.020000
4958   0.009000
4959   0.014000
4960   0.012600
4961   0.008100
4962   0.011000
4963   0.011100
4964   0.012100
4965   0.007700
4966   0.011900
4967   0.012300
4968   0.016500
4969   0.016200
4970   0.019100
4971   0.017900
4972   0.017800
4973   0.015900
4974   0.016400
4975   0.013800
4976   0.005700
4977  -0.001500
4978   0.002400
4979   0.000600
4980   0.000600
4981  -0.000100
4982  -0.004200
4983  -0.007600
4984  -0.008000
4985  -0.002300
4986  -0.001700
4987   0.002600
4988  -0.000900
4989   0.003900
4990   0.004400
4991   0.007000
4992   0.006800
4993   0.009300
4994   0.006200
4995  -0.001100
4996  -0.003000
4997  -0.006300
4998  -0.002800
4999  -0.001700
5000  -0.006900
5001  -0.002800
5002   0.000200
5003   0.001300
5004  -0.005200
5005   0.004200
5006   0.014900
5007   0.015200
5008   0.020100
5009   0.015800
5010   0.018200
5011   0.015700
5012   0.009600
5013   0.003800
5014   0.006100
5015   0.006100
5016   0.008700
5017   0.008000
5018   0.013700
5019   0.011700
5020   0.016100
5021   0.014200
5022   0.015400
5023   0.012900
5024   0.015400
5025   0.015600
5026   0.022200
5027   0.026200
5028   0.025400
5029   0.023700
5030   0.021800
5031   0.016400
5032   0.016400
5033   0.021900
5034   0.018900
5035   0.021300
5036   0.028500
5037   0.029200
5038   0.028300
5039   0.029700
5040   0.023800
5041   0.018900
5042   0.021200
5043   0.022600
5044   0.023700
5045   0.019900
5046   0.018300
5047   0.016700
5048   0.011100
5049   0.015400
5050   0.012900
5051   0.011600
5052   0.012300
5053   0.013800
5054   0.016700
5055   0.019500
5056   0.024300
5057   0.024700
5058   0.019400
5059   0.018900
5060   0.011900
5061   0.016400
5062   0.013300
5063   0.015700
5064   0.014600
5065   0.015200
5066   0.011300
5067   0.019300
5068   0.022300
5069   0.016700
5070   0.006600
5071   0.007500
5072   0.005600
5073   0.003400
5074   0.002000
5075  -0.001500
5076  -0.003900
5077  -0.002900
5078  -0.000600
5079  -0.000000
5080   0.000200
5081  -0.002000
5082  -0.010800
5083  -0.012800
5084  -0.007400
5085   0.001400
5086  -0.002400
5087  -0.008800
5088  -0.009200
5089  -0.005800
5090  -0.011500
5091  -0.009500
5092  -0.012400
5093  -0.008900
5094  -0.010400
5095  -0.006300
5096   0.003500
5097   0.005200
5098  -0.000900
5099  -0.001400
5100   0.006500
5101   0.010900
5102   0.008900
5103   0.010200
5104   0.014900
5105   0.013900
5106   0.015100
5107   0.011700
5108   0.016300
5109   0.016200
5110   0.017400
5111   0.020800
5112   0.017000
5113   0.022500
5114   0.017600
5115   0.017500
5116   0.018000
5117   0.023000
5118   0.019400
5119   0.022700
5120   0.024700
5121   0.024300
5122   0.019600
5123   0.018900
5124   0.017000
5125   0.023400
5126   0.026300
5127   0.025000
5128   0.025300
5129   0.024400
5130   0.024800
5131   0.026700
5132   0.030600
5133   0.031000
5134   0.027500
5135   0.024400
5136   0.025500
5137   0.029300
5138   0.029400
5139   0.030200
5140   0.031200
5141   0.032300
5142   0.033300
5143   0.039700
5144   0.040500
5145   0.045800
5146   0.051600
5147   0.053900
5148   0.053400
5149   0.056900
5150   0.054000
5151   0.049300
5152   0.046400
5153   0.044300
5154   0.047200
5155   0.045900
5156   0.043800
5157   0.045500
5158   0.040300
5159   0.041300
5160   0.045300
5161   0.045900
5162   0.055800
5163   0.059800
5164   0.053000
5165   0.055400
5166   0.057900
5167   0.057600
5168   0.061100
5169   0.064000
5170   0.058700
5171   0.055500
5172   0.060800
5173   0.067500
5174   0.064700
5175   0.074600
5176   0.070000
5177   0.064000
5178   0.064300
5179   0.058300
5180   0.063000
5181   0.059800
5182   0.059800
5183   0.055900
5184   0.055800
5185   0.049000
5186   0.049600
5187   0.048500
5188   0.050400
5189   0.051600
5190   0.054500
5191   0.054500
5192   0.055100
5193   0.051400
5194   0.048900
5195   0.047000
5196   0.047600
5197   0.047000
5198   0.051000
5199   0.052400
5200   0.051300
5201   0.050500
5202   0.044800
5203   0.042600
5204   0.047900
5205   0.053200
5206   0.061100
5207   0.055000
5208   0.053900
5209   0.055000
5210   0.059900
5211   0.058700
5212   0.057000
5213   0.060600
5214   0.063700
5215   0.060700
5216   0.058000
5217   0.057700
5218   0.061300
5219   0.064500
5220   0.063000
5221   0.069500
5222   0.071600
5223   0.074200
5224   0.078700
5225   0.077600
5226   0.076500
5227   0.078100
5228   0.079900
5229   0.076600
5230   0.070600
5231   0.061500
5232   0.065200
5233   0.056600
5234   0.054100
5235   0.054300
5236   0.056600
5237   0.052100
5238   0.057000
5239   0.059900
5240   0.054700
5241   0.056400
5242   0.057200
5243   0.056600
5244   0.056100
5245   0.054200
5246   0.056500
5247   0.054700
5248   0.053900
5249   0.060300
5250   0.059600
5251   0.066100
5252   0.072600
5253   0.080000
5254   0.071300
5255   0.072600
5256   0.076300
5257   0.069600
5258   0.065900
5259   0.069500
5260   0.067800
5261   0.071100
5262   0.067100
5263   0.067900
5264   0.071900
5265   0.068400
5266   0.073900
5267   0.068900
5268   0.064800
5269   0.068100
5270   0.068400
5271   0.061400
5272   0.063700
5273   0.057700
5274   0.057100
5275   0.056800
5276   0.053500
5277   0.049800
5278   0.050300
5279   0.049000
5280   0.050000
5281   0.047400
5282   0.050500
5283   0.046200
5284   0.045600
5285   0.049300
5286   0.044200
5287   0.043300
5288   0.041200
5289   0.039300
5290   0.040100
5291   0.036200
5292   0.040700
5293   0.046500
5294   0.050900
5295   0.050400
5296   0.048900
5297   0.047700
5298   0.050700
5299   0.043500
5300   0.034200
5301   0.041200
5302   0.038200
5303   0.031600
5304   0.024500
5305   0.015400
5306   0.015600
5307   0.019700
5308   0.018800
5309   0.016100
5310   0.012200
5311   0.012200
5312   0.010300
5313   0.011000
5314   0.015500
5315   0.014800
5316   0.016800
5317   0.027000
5318   0.026800
5319   0.027700
5320   0.029500
5321   0.033000
5322   0.030000
5323   0.026500
5324   0.023200
5325   0.024300
5326   0.019400
5327   0.018400
5328   0.016900
5329   0.015400
5330   0.020100
5331   0.033800
5332   0.033100
5333   0.034600
5334   0.031900
5335   0.033700
5336   0.031200
5337   0.032100
5338   0.030500
5339   0.027700
5340   0.021000
5341   0.022200
5342   0.021400
5343   0.026800
5344   0.020900
5345   0.018100
5346   0.018000
5347   0.014800
5348   0.018400
5349   0.018400
5350   0.021700
5351   0.014000
5352   0.012100
5353   0.007200
5354  -0.000100
5355  -0.000400
5356   0.002300
5357   0.001600
5358  -0.003800
5359   0.000800
5360   0.003400
5361  -0.000400
5362   0.000600
5363  -0.005300
5364  -0.002800
5365  -0.005200
5366  -0.000300
5367   0.002300
5368   0.005500
5369   0.008800
5370   0.013000
5371   0.015800
5372   0.008500
5373   0.010600
5374   0.001000
5375  -0.000900
5376  -0.000200
5377   0.002800
5378   0.005100
5379   0.005900
5380  -0.001000
5381  -0.005500
5382  -0.011400
5383  -0.017300
5384  -0.017000
5385  -0.016700
5386  -0.017600
5387  -0.019800
5388  -0.022600
5389  -0.021800
5390  -0.019600
5391  -0.019100
5392  -0.016900
5393  -0.019600
5394  -0.018900
5395  -0.017100
5396  -0.016700
5397  -0.018800
5398  -0.016700
5399  -0.022700
5400  -0.017700
5401  -0.013400
5402  -0.014000
5403  -0.018100
5404  -0.007600
5405  -0.015800
5406  -0.027200
5407  -0.027800
5408  -0.029500
5409  -0.027700
5410  -0.025800
5411  -0.021300
5412  -0.025300
5413  -0.021700
5414  -0.022000
5415  -0.029000
5416  -0.028000
5417  -0.027100
5418  -0.024400
5419  -0.022000
5420  -0.022000
5421  -0.020200
5422  -0.019900
5423  -0.015400
5424  -0.011200
5425  -0.008300
5426  -0.012600
5427  -0.013300
5428  -0.014000
5429  -0.015700
5430  -0.017700
5431  -0.019800
5432  -0.019500
5433  -0.017100
5434  -0.015600
5435  -0.007300
5436  -0.001200
5437  -0.002300
5438   0.005000
5439   0.009100
5440   0.011000
5441   0.012400
5442   0.016400
5443   0.011600
5444   0.018900
5445   0.022200
5446   0.022100
5447   0.025400
5448   0.028700
5449   0.024100
5450   0.020900
5451   0.015700
5452   0.018900
5453   0.018900
5454   0.021300
5455   0.025800
5456   0.027200
5457   0.028200
5458   0.028800
5459   0.032500
5460   0.035400
5461   0.037200
5462   0.038200
5463   0.039400
5464   0.040200
5465   0.040300
5466   0.036300
5467   0.036100
5468   0.038300
5469   0.040800
5470   0.042400
5471   0.042100
5472   0.044700
5473   0.048400
5474   0.048000
5475   0.052300
5476   0.050500
5477   0.046900
5478   0.048200
5479   0.043300
5480   0.048500
5481   0.049900
5482   0.043300
5483   0.041900
5484   0.040100
5485   0.036700
5486   0.044700
5487   0.041800
5488   0.047600
5489   0.045100
5490   0.047100
5491   0.043300
5492   0.044800
5493   0.042200
5494   0.042400
5495   0.044600
5496   0.043800
5497   0.046500
5498   0.045800
5499   0.039100
5500   0.037000
5501   0.040300
5502   0.038200
5503   0.029600
5504   0.027400
5505   0.027700
5506   0.024400
5507   0.030300
5508   0.040200
5509   0.041900
5510   0.040600
5511   0.049000
5512   0.044300
5513   0.050100
5514   0.052000
5515   0.053500
5516   0.052100
5517   0.044800
5518   0.046200
5519   0.042000
5520   0.043100
5521   0.034100
5522   0.034500
5523   0.037000
5524   0.036600
5525   0.034700
5526   0.035700
5527   0.035800
5528   0.030700
5529   0.032500
5530   0.040600
5531   0.033600
5532   0.039000
5533   0.034800
5534   0.040300
5535   0.048000
5536   0.046100
5537   0.043200
5538   0.046300
5539   0.048400
5540   0.058500
5541   0.058600
5542   0.062100
5543   0.065700
5544   0.060400
5545   0.058300
5546   0.060100
5547   0.065300
5548   0.065000
5549   0.070000
5550   0.067400
5551   0.070500
5552   0.073300
5553   0.067400
5554   0.061800
5555   0.057300
5556   0.057900
5557   0.055900
5558   0.056600
5559   0.058500
5560   0.054700
5561   0.055500
5562   0.058100
5563   0.052800
5564   0.050400
5565   0.048300
5566   0.045900
5567   0.040800
5568   0.041000
5569   0.039000
5570   0.034000
5571   0.030700
5572   0.027200
5573   0.031100
5574   0.027200
5575   0.024400
5576   0.027600
5577   0.025900
5578   0.021900
5579   0.018300
5580   0.021000
5581   0.021800
5582   0.023000
5583   0.023100
5584   0.029400
5585   0.028200
5586   0.031600
5587   0.032000
5588   0.031500
5589   0.029200
5590   0.029700
5591   0.033100
5592   0.033600
5593   0.032700
5594   0.034900
5595   0.034400
5596   0.034600
5597   0.034700
5598   0.028400
5599   0.026300
5600   0.017800
5601   0.020800
5602   0.021300
5603   0.022800
5604   0.021600
5605   0.017800
5606   0.025800
5607   0.024500
5608   0.029200
5609   0.028200
5610   0.030800
5611   0.031500
5612   0.030500
5613   0.031300
5614   0.031500
5615   0.033500
5616   0.036200
5617   0.034900
5618   0.031700
5619   0.031800
5620   0.032900
5621   0.033400
5622   0.033600
5623   0.033800
5624   0.034700
5625   0.034800
5626   0.038800
5627   0.037200
5628   0.031800
5629   0.029000
5630   0.029900
5631   0.027900
5632   0.035100
5633   0.033200
5634   0.035300
5635   0.027500
5636   0.025900
5637   0.022800
5638   0.022600
5639   0.015900
5640   0.011800
5641   0.019000
5642   0.020200
5643   0.023400
5644   0.019800
5645   0.024300
5646   0.021800
5647   0.024800
5648   0.025800
5649   0.024500
5650   0.031900
5651   0.028600
5652   0.034400
5653   0.028900
5654   0.031800
5655   0.039200
5656   0.032100
5657   0.028600
5658   0.022200
5659   0.022800
5660   0.022900
5661   0.024800
5662   0.020100
5663   0.020800
5664   0.015700
5665   0.008800
5666   0.006900
5667   0.005000
5668   0.004800
5669  -0.000900
5670  -0.000100
5671   0.000300
5672   0.005800
5673   0.013500
5674   0.009700
5675   0.008500
5676   0.011100
5677   0.010600
5678   0.014200
5679   0.014000
5680   0.015400
5681   0.015500
5682   0.010800
5683   0.010500
5684   0.015400
5685   0.021600
5686   0.018700
5687   0.017700
5688   0.013500
5689   0.013300
5690   0.012300
5691   0.014900
5692   0.012700
5693   0.015000
5694   0.016200
5695   0.019900
5696   0.024500
5697   0.028900
5698   0.025400
5699   0.024000
5700   0.024800
5701   0.027300
5702   0.025800
5703   0.025900
5704   0.022400
5705   0.020200
5706   0.024300
5707   0.025700
5708   0.027300
5709   0.033500
5710   0.039000
5711   0.038000
5712   0.036600
5713   0.042300
5714   0.046200
5715   0.044000
5716   0.047600
5717   0.049500
5718   0.040800
5719   0.038000
5720   0.030800
5721   0.031800
5722   0.031700
5723   0.028500
5724   0.025800
5725   0.029000
5726   0.030100
5727   0.028300
5728   0.030600
5729   0.026100
5730   0.025700
5731   0.027600
5732   0.031400
5733   0.032800
5734   0.034400
5735   0.035800
5736   0.030300
5737   0.033700
5738   0.031900
5739   0.024600
5740   0.014600
5741   0.012100
5742   0.011000
5743   0.015600
5744   0.015500
5745   0.024400
5746   0.024600
5747   0.021500
5748   0.020300
5749   0.013600
5750   0.013000
5751   0.017300
5752   0.020300
5753   0.021300
5754   0.026500
5755   0.022700
5756   0.020700
5757   0.020600
5758   0.018500
5759   0.017300
5760   0.013500
5761   0.012700
5762   0.017700
5763   0.015700
5764   0.010200
5765   0.013400
5766   0.004300
5767   0.003400
5768   0.003700
5769   0.006300
5770   0.000100
5771   0.009800
5772   0.006700
5773   0.005800
5774  -0.001800
5775   0.002800
5776  -0.001800
5777  -0.007100
5778  -0.009400
5779  -0.013800
5780  -0.013700
5781  -0.014200
5782  -0.020600
5783  -0.014300
5784  -0.013100
5785  -0.013100
5786  -0.015700
5787  -0.011700
5788  -0.009200
5789  -0.011100
5790  -0.015000
5791  -0.014700
5792  -0.016600
5793  -0.012400
5794  -0.013800
5795  -0.010600
5796  -0.007200
5797  -0.005300
5798  -0.007600
5799  -0.014600
5800  -0.016300
5801  -0.017200
5802  -0.021500
5803  -0.022200
5804  -0.020700
5805  -0.018400
5806  -0.018300
5807  -0.015700
5808  -0.011500
5809  -0.003500
5810  -0.008600
5811  -0.001800
5812   0.000200
5813   0.004400
5814   0.003100
5815  -0.000600
5816  -0.003000
5817  -0.005400
5818  -0.004100
5819  -0.005200
5820  -0.002800
5821  -0.002700
5822  -0.003900
5823  -0.008700
5824  -0.010600
5825  -0.014900
5826  -0.019200
5827  -0.025300
5828  -0.027100
5829  -0.025100
5830  -0.028700
5831  -0.029300
5832  -0.027100
5833  -0.023700
5834  -0.019400
5835  -0.015800
5836  -0.020800
5837  -0.020500
5838  -0.016100
5839  -0.015900
5840  -0.016500
5841  -0.014800
5842  -0.016900
5843  -0.020400
5844  -0.025000
5845  -0.023600
5846  -0.020200
5847  -0.019400
5848  -0.017600
5849  -0.017900
5850  -0.016400
5851  -0.012400
5852  -0.011200
5853  -0.009900
5854  -0.009400
5855  -0.006100
5856  -0.009700
5857  -0.013800
5858  -0.017900
5859  -0.022900
5860  -0.019900
5861  -0.023500
5862  -0.023500
5863  -0.023800
5864  -0.027100
5865  -0.032000
5866  -0.033900
5867  -0.030800
5868  -0.034900
5869  -0.026700
5870  -0.022900
5871  -0.020200
5872  -0.016700
5873  -0.017800
5874  -0.019500
5875  -0.019500
5876  -0.019000
5877  -0.014300
5878  -0.018600
5879  -0.018300
5880  -0.014700
5881  -0.016200
5882  -0.009300
5883  -0.007100
5884  -0.006500
5885  -0.002900
5886  -0.002100
5887   0.002200
5888   0.004000
5889   0.005600
5890   0.009700
5891   0.009100
5892   0.007400
5893   0.006600
5894   0.009000
5895   0.006500
5896   0.006300
5897   0.000600
5898   0.004500
5899  -0.001200
5900   0.002200
5901   0.004000
5902   0.006500
5903   0.008000
5904   0.006300
5905   0.011400
5906   0.009600
5907   0.010700
5908   0.006000
5909   0.006200
5910  -0.001000
5911   0.005900
5912  -0.000300
5913   0.001500
5914   0.001000
5915   0.002400
5916   0.001000
5917  -0.002200
5918  -0.001300
5919  -0.002900
5920  -0.000600
5921  -0.000000
5922   0.001400
5923  -0.005000
5924  -0.002700
5925  -0.001800
5926   0.000000
5927  -0.002900
5928  -0.007600
5929  -0.007000
5930   0.001900
5931   0.000000
5932  -0.004100
5933  -0.006400
5934  -0.004000
5935  -0.000700
5936   0.000300
5937   0.000200
5938   0.001300
5939   0.003200
5940  -0.002100
5941  -0.001200
5942  -0.001900
5943  -0.000000
5944   0.005200
5945   0.008900
5946   0.006200
5947   0.010100
5948   0.010800
5949   0.007900
5950   0.007100
5951   0.002600
5952  -0.000500
5953   0.001200
5954   0.005300
5955   0.008300
5956   0.008100
5957   0.006600
5958   0.010500
5959   0.009300
5960   0.014600
5961   0.015800
5962   0.015500
5963   0.018100
5964   0.020300
5965   0.019800
5966   0.012300
5967   0.013800
5968   0.022000
5969   0.018400
5970   0.025300
5971   0.010300
5972   0.006800
5973   0.010700
5974   0.010900
5975   0.014800
5976   0.015400
5977   0.009700
5978   0.008700
5979   0.006400
5980   0.011000
5981   0.016000
5982   0.009900
5983   0.008200
5984   0.004600
5985   0.010100
5986   0.006600
5987   0.008100
5988   0.003500
5989   0.004100
5990   0.006600
5991   0.007900
5992   0.003800
5993  -0.000200
5994   0.007800
5995   0.011600
5996   0.014200
5997   0.014300
5998   0.019800
5999   0.024200
6000   0.019000
6001   0.016700
6002   0.019200
6003   0.024800
6004   0.018200
6005   0.023700
6006   0.024300
6007   0.023500
6008   0.024200
6009   0.022600
6010   0.025100
6011   0.020700
6012   0.018500
6013   0.016000
6014   0.009500
6015   0.002000
6016   0.009100
6017   0.008000
6018   0.006700
6019  -0.000900
6020  -0.005700
6021  -0.016400
6022  -0.010500
6023  -0.012500
6024  -0.016100
6025  -0.019500
6026  -0.018200
6027  -0.014400
6028  -0.017200
6029  -0.016300
6030  -0.016100
6031  -0.005500
6032  -0.003600
6033  -0.004300
6034  -0.000600
6035   0.003800
6036  -0.001700
6037  -0.001100
6038  -0.006200
6039  -0.007900
6040  -0.006800
6041  -0.002300
6042  -0.004300
6043  -0.005800
6044  -0.001800
6045  -0.000800
6046   0.004100
6047   0.004200
6048   0.004000
6049   0.000400
6050   0.010400
6051   0.017100
6052   0.015000
6053   0.014000
6054   0.016400
6055   0.020300
6056   0.022800
6057   0.017700
6058   0.013200
6059   0.014900
6060   0.002500
6061   0.001300
6062   0.005000
6063   0.006800
6064   0.005400
6065   0.009300
6066   0.003200
6067   0.003500
6068   0.002500
6069  -0.004600
6070   0.000700
6071   0.000500
6072   0.005300
6073  -0.000400
6074   0.001200
6075  -0.000400
6076   0.001000
6077  -0.000200
6078  -0.001700
6079  -0.004800
6080  -0.008900
6081  -0.008600
6082  -0.006900
6083  -0.006700
6084  -0.001700
6085   0.002100
6086   0.001900
6087  -0.006400
6088   0.001900
6089   0.004100
6090   0.004900
6091   0.003000
6092   0.002800
6093   0.005400
6094   0.008600
6095   0.009300
6096   0.013300
6097   0.015800
6098   0.014500
6099   0.007300
6100   0.002500
6101   0.006300
6102   0.007900
6103   0.011200
6104   0.011900
6105   0.013600
6106   0.021600
6107   0.019900
6108   0.021800
6109   0.025300
6110   0.021200
6111   0.010000
6112   0.005500
6113   0.005200
6114   0.002100
6115   0.001500
6116   0.008700
6117   0.004500
6118   0.007300
6119   0.006800
6120   0.004900
6121  -0.000400
6122  -0.000100
6123   0.003000
6124  -0.000100
6125  -0.003600
6126   0.000400
6127  -0.003200
6128  -0.008700
6129  -0.006800
6130  -0.003400
6131   0.000800
6132   0.001300
6133   0.005800
6134   0.005900
6135   0.002100
6136  -0.006000
6137  -0.001800
6138   0.001300
6139   0.001800
6140  -0.000800
6141  -0.000300
6142   0.000500
6143  -0.002800
6144   0.003200
6145  -0.003500
6146  -0.001400
6147  -0.006900
6148  -0.006000
6149  -0.010400
6150  -0.009100
6151  -0.010200
6152  -0.010200
6153  -0.012600
6154  -0.008600
6155  -0.007600
6156  -0.003500
6157   0.000400
6158  -0.001000
6159   0.003200
6160   0.000900
6161   0.000400
6162  -0.000500
6163  -0.005100
6164   0.003500
6165   0.001300
6166   0.005300
6167   0.005700
6168   0.004500
6169   0.008100
6170   0.008200
6171   0.008000
6172   0.006200
6173   0.006600
6174   0.011900
6175   0.013900
6176   0.009900
6177   0.011900
6178   0.018200
6179   0.016800
6180   0.023900
6181   0.026100
6182   0.025100
6183   0.026800
6184   0.024200
6185   0.015200
6186   0.017700
6187   0.021100
6188   0.027600
6189   0.033700
6190   0.035300
6191   0.040300
6192   0.040100
6193   0.038000
6194   0.036700
6195   0.041200
6196   0.043900
6197   0.040200
6198   0.042300
6199   0.039300
6200   0.039700
6201   0.037300
6202   0.042400
6203   0.048500
6204   0.048700
6205   0.046600
6206   0.037900
6207   0.034600
6208   0.040700
6209   0.041800
6210   0.044700
6211   0.045700
6212   0.044300
6213   0.047300
6214   0.044700
6215   0.043600
6216   0.046400
6217   0.035400
6218   0.041000
6219   0.041800
6220   0.044700
6221   0.044700
6222   0.049300
6223   0.044300
6224   0.052200
6225   0.048500
6226   0.053900
6227   0.057600
6228   0.052700
6229   0.051400
6230   0.055600
6231   0.053200
6232   0.055600
6233   0.051400
6234   0.052700
6235   0.050000
6236   0.047700
6237   0.045200
6238   0.047300
6239   0.049900
6240   0.049100
6241   0.053000
6242   0.051400
6243   0.048100
6244   0.050100
6245   0.047800
6246   0.049700
6247   0.045800
6248   0.050700
6249   0.053700
6250   0.047000
6251   0.046900
6252   0.045000
6253   0.045800
6254   0.047600
6255   0.053800
6256   0.060700
6257   0.062400
6258   0.060800
6259   0.060200
6260   0.058800
6261   0.062300
6262   0.052400
6263   0.052000
6264   0.053100
6265   0.056300
6266   0.061200
6267   0.066400
6268   0.062100
6269   0.056300
6270   0.062800
6271   0.062400
6272   0.057900
6273   0.053200
6274   0.053800
6275   0.052800
6276   0.054200
6277   0.053700
6278   0.052400
6279   0.043500
6280   0.045000
6281   0.041300
6282   0.042500
6283   0.034000
6284   0.033600
6285   0.029500
6286   0.030400
6287   0.033600
6288   0.036500
6289   0.030900
6290   0.037500
6291   0.030200
6292   0.025800
6293   0.029300
6294   0.027100
6295   0.027800
6296   0.033400
6297   0.035500
6298   0.029200
6299   0.027700
6300   0.025700
6301   0.021300
6302   0.012500
6303   0.013800
6304   0.008200
6305   0.011300
6306   0.011900
6307   0.017100
6308   0.015700
6309   0.014000
6310   0.015900
6311   0.024900
6312   0.022300
6313   0.028900
6314   0.026600
6315   0.027100
6316   0.020600
6317   0.011600
6318   0.017900
6319   0.024800
6320   0.029600
6321   0.029600
6322   0.025300
6323   0.025900
6324   0.030700
6325   0.028900
6326   0.025200
6327   0.031700
6328   0.029100
6329   0.030700
6330   0.035100
6331   0.038200
6332   0.037400
6333   0.035400
6334   0.030100
6335   0.024800
6336   0.023600
6337   0.026300
6338   0.025800
6339   0.027500
6340   0.022000
6341   0.025100
6342   0.021600
6343   0.020600
6344   0.017500
6345   0.022900
6346   0.025300
6347   0.026900
6348   0.025800
6349   0.025700
6350   0.027800
6351   0.032200
6352   0.034600
6353   0.032800
6354   0.037300
6355   0.040600
6356   0.036000
6357   0.035200
6358   0.039400
6359   0.036700
6360   0.035000
6361   0.035600
6362   0.033600
6363   0.042900
6364   0.047200
6365   0.044100
6366   0.047500
6367   0.042900
6368   0.047000
6369   0.046100
6370   0.046400
6371   0.042700
6372   0.044100
6373   0.047200
6374   0.039400
6375   0.041400
6376   0.040400
6377   0.045300
6378   0.041700
6379   0.042600
6380   0.040300
6381   0.037500
6382   0.039900
6383   0.038500
6384   0.039200
6385   0.038300
6386   0.038800
6387   0.036200
6388   0.035400
6389   0.039700
6390   0.038700
6391   0.042100
6392   0.042000
6393   0.041300
6394   0.042900
6395   0.038700
6396   0.035200
6397   0.028700
6398   0.029500
6399   0.032900
6400   0.027200
6401   0.026700
6402   0.025400
6403   0.026400
6404   0.027800
6405   0.028800
6406   0.027900
6407   0.026100
6408   0.033800
6409   0.039500
6410   0.041400
6411   0.038400
6412   0.042100
6413   0.049800
6414   0.047700
6415   0.050000
6416   0.053400
6417   0.054000
6418   0.055100
6419   0.057600
6420   0.054700
6421   0.048500
6422   0.044900
6423   0.052600
6424   0.051400
6425   0.050500
6426   0.047500
6427   0.050600
6428   0.046100
6429   0.048300
6430   0.048800
6431   0.051100
6432   0.057700
6433   0.055000
6434   0.050700
6435   0.056200
6436   0.054100
6437   0.061100
6438   0.066300
6439   0.071200
6440   0.075100
6441   0.071500
6442   0.070200
6443   0.071000
6444   0.072400
6445   0.078000
6446   0.073500
6447   0.068200
6448   0.069600
6449   0.077400
6450   0.080100
6451   0.078000
6452   0.079000
6453   0.077200
6454   0.073500
6455   0.069800
6456   0.070500
6457   0.071400
6458   0.073900
6459   0.075900
6460   0.073900
6461   0.078900
6462   0.078600
6463   0.078400
6464   0.084600
6465   0.085500
6466   0.093100
6467   0.085400
6468   0.089800
6469   0.080700
6470   0.080600
6471   0.077100
6472   0.070900
6473   0.072000
6474   0.075300
6475   0.074800
6476   0.074500
6477   0.064800
6478   0.059100
6479   0.063600
6480   0.062200
6481   0.065900
6482   0.067800
6483   0.069200
6484   0.067500
6485   0.066800
6486   0.064600
6487   0.067100
6488   0.068300
6489   0.062300
6490   0.061200
6491   0.061400
6492   0.067800
6493   0.067500
6494   0.068900
6495   0.068700
6496   0.070000
6497   0.072500
6498   0.074200
6499   0.073600
6500   0.073000
6501   0.072200
6502   0.078500
6503   0.079900
6504   0.086600
6505   0.085200
6506   0.089600
6507   0.089100
6508   0.087900
6509   0.086400
6510   0.090300
6511   0.089000
6512   0.088400
6513   0.086800
6514   0.088800
6515   0.089500
6516   0.091600
6517   0.090100
6518   0.094300
6519   0.095700
6520   0.087200
6521   0.087900
6522   0.089200
6523   0.094400
6524   0.089000
6525   0.091700
6526   0.092600
6527   0.094100
6528   0.095400
6529   0.102300
6530   0.102900
6531   0.097500
6532   0.102700
6533   0.103200
6534   0.105600
6535   0.103600
6536   0.099400
6537   0.097800
6538   0.092400
6539   0.088100
6540   0.089400
6541   0.085600
6542   0.088500
6543   0.084900
6544   0.082200
6545   0.082900
6546   0.083500
6547   0.085100
6548   0.088600
6549   0.084800
6550   0.083500
6551   0.076900
6552   0.072400
6553   0.068100
6554   0.067600
6555   0.062700
6556   0.067000
6557   0.066800
6558   0.071600
6559   0.067700
6560   0.070800
6561   0.068000
6562   0.063300
6563   0.065200
6564   0.063100
6565   0.067500
6566   0.065000
6567   0.070000
6568   0.066900
6569   0.068300
6570   0.065500
6571   0.066300
6572   0.066600
6573   0.073900
6574   0.075500
6575   0.076800
6576   0.078500
6577   0.079000
6578   0.079300
6579   0.085600
6580   0.090900
6581   0.092300
6582   0.089200
6583   0.086600
6584   0.087800
6585   0.090600
6586   0.090700
6587   0.089100
6588   0.092600
6589   0.090600
6590   0.086300
6591   0.081800
6592   0.080400
6593   0.079100
6594   0.079800
6595   0.087800
6596   0.093500
6597   0.088600
6598   0.092000
6599   0.092400
6600   0.091300
6601   0.092800
6602   0.096800
6603   0.098600
6604   0.094400
6605   0.099900
6606   0.099200
6607   0.096400
6608   0.093200
6609   0.093000
6610   0.088400
6611   0.087500
6612   0.088600
6613   0.083400
6614   0.082000
6615   0.083500
6616   0.085100
6617   0.081300
6618   0.081100
6619   0.078800
6620   0.073100
6621   0.069800
6622   0.064500
6623   0.064000
6624   0.065900
6625   0.056900
6626   0.053100
6627   0.054600
6628   0.057400
6629   0.059500
6630   0.061000
6631   0.060500
6632   0.058300
6633   0.056600
6634   0.065500
6635   0.065300
6636   0.064500
6637   0.066600
6638   0.068200
6639   0.070400
6640   0.067500
6641   0.068800
6642   0.072000
6643   0.070000
6644   0.069800
6645   0.065700
6646   0.068500
6647   0.066800
6648   0.064400
6649   0.065900
6650   0.065400
6651   0.062700
6652   0.055800
6653   0.053600
6654   0.060900
6655   0.063000
6656   0.058600
6657   0.054400
6658   0.055900
6659   0.055300
6660   0.058100
6661   0.055200
6662   0.048800
6663   0.057600
6664   0.058100
6665   0.067100
6666   0.064100
6667   0.061300
6668   0.062900
6669   0.055200
6670   0.053400
6671   0.053900
6672   0.056400
6673   0.056700
6674   0.054800
6675   0.054300
6676   0.053500
6677   0.055600
6678   0.053400
6679   0.048600
6680   0.045800
6681   0.051200
6682   0.054300
6683   0.054500
6684   0.058000
6685   0.060400
6686   0.058400
6687   0.057900
6688   0.064400
6689   0.062600
6690   0.063700
6691   0.072100
6692   0.075700
6693   0.071200
6694   0.065600
6695   0.066900
6696   0.066000
6697   0.068000
6698   0.064300
6699   0.061100
6700   0.058600
6701   0.061700
6702   0.065100
6703   0.064100
6704   0.060200
6705   0.069800
6706   0.071600
6707   0.074400
6708   0.074300
6709   0.066200
6710   0.065100
6711   0.065100
6712   0.066700
6713   0.066400
6714   0.069700
6715   0.069500
6716   0.065400
6717   0.061300
6718   0.063400
6719   0.059300
6720   0.056900
6721   0.065800
6722   0.070600
6723   0.070700
6724   0.070100
6725   0.067700
6726   0.059000
6727   0.057800
6728   0.061300
6729   0.064600
6730   0.061400
6731   0.057400
6732   0.054500
6733   0.057000
6734   0.058000
6735   0.052600
6736   0.052400
6737   0.052400
6738   0.055500
6739   0.050700
6740   0.054500
6741   0.054300
6742   0.054000
6743   0.059400
6744   0.062500
6745   0.060900
6746   0.054900
6747   0.054100
6748   0.055900
6749   0.052900
6750   0.054300
6751   0.058900
6752   0.057000
6753   0.060800
6754   0.058800
6755   0.054400
6756   0.058300
6757   0.061100
6758   0.063600
6759   0.072100
6760   0.070300
6761   0.069300
6762   0.070400
6763   0.063400
6764   0.058200
6765   0.058300
6766   0.056000
6767   0.052300
6768   0.049400
6769   0.049400
6770   0.051300
6771   0.051200
6772   0.047700
6773   0.048800
6774   0.050300
6775   0.049100
6776   0.049700
6777   0.051000
6778   0.047300
6779   0.048200
6780   0.048700
6781   0.050800
6782   0.049300
6783   0.048200
6784   0.052900
6785   0.059700
6786   0.056200
6787   0.054300
6788   0.051200
6789   0.053800
6790   0.048600
6791   0.044000
6792   0.042500
6793   0.043100
6794   0.043300
6795   0.047400
6796   0.050600
6797   0.052700
6798   0.045900
6799   0.054800
6800   0.050000
6801   0.055300
6802   0.055500
6803   0.061400
6804   0.062200
6805   0.060600
6806   0.062400
6807   0.062300
6808   0.058900
6809   0.054400
6810   0.050000
6811   0.044400
6812   0.041900
6813   0.044000
6814   0.044700
6815   0.035100
6816   0.038000
6817   0.042300
6818   0.032400
6819   0.030400
6820   0.036500
6821   0.046800
6822   0.046600
6823   0.044100
6824   0.046200
6825   0.040300
6826   0.041200
6827   0.050300
6828   0.046500
6829   0.051900
6830   0.052900
6831   0.057800
6832   0.060100
6833   0.057900
6834   0.056300
6835   0.058400
6836   0.056000
6837   0.059000
6838   0.055700
6839   0.066500
6840   0.060100
6841   0.058100
6842   0.053300
6843   0.052800
6844   0.049000
6845   0.051100
6846   0.045800
6847   0.047500
6848   0.048100
6849   0.050200
6850   0.052400
6851   0.054700
6852   0.058300
6853   0.058300
6854   0.055900
6855   0.056000
6856   0.057900
6857   0.060000
6858   0.060900
6859   0.067100
6860   0.066700
6861   0.067500
6862   0.065500
6863   0.065100
6864   0.063400
6865   0.064800
6866   0.068700
6867   0.072800
6868   0.064400
6869   0.060700
6870   0.064200
6871   0.065500
6872   0.060900
6873   0.059900
6874   0.060800
6875   0.057900
6876   0.051700
6877   0.057400
6878   0.052200
6879   0.056000
6880   0.057500
6881   0.059900
6882   0.055800
6883   0.054900
6884   0.050600
6885   0.061100
6886   0.058200
6887   0.063200
6888   0.058900
6889   0.057100
6890   0.058000
6891   0.057700
6892   0.053400
6893   0.054200
6894   0.049400
6895   0.050600
6896   0.041700
6897   0.035900
6898   0.040600
6899   0.041400
6900   0.042600
6901   0.048600
6902   0.041700
6903   0.043400
6904   0.042300
6905   0.041900
6906   0.043400
6907   0.046500
6908   0.043200
6909   0.037500
6910   0.038300
6911   0.026400
6912   0.027900
6913   0.027000
6914   0.028400
6915   0.028200
6916   0.027700
6917   0.025900
6918   0.031300
6919   0.033500
6920   0.034100
6921   0.036100
6922   0.038700
6923   0.032700
6924   0.034200
6925   0.033600
6926   0.030100
6927   0.026900
6928   0.023500
6929   0.028200
6930   0.030000
6931   0.028200
6932   0.025100
6933   0.029800
6934   0.029600
6935   0.031100
6936   0.028000
6937   0.028700
6938   0.022100
6939   0.020200
6940   0.023400
6941   0.021000
6942   0.026700
6943   0.030000
6944   0.025600
6945   0.024300
6946   0.022700
6947   0.025400
6948   0.028600
6949   0.037000
6950   0.033900
6951   0.029700
6952   0.034000
6953   0.030200
6954   0.036200
6955   0.040100
6956   0.040500
6957   0.044300
6958   0.046700
6959   0.041300
6960   0.041300
6961   0.041000
6962   0.042200
6963   0.047300
6964   0.049200
6965   0.045600
6966   0.046600
6967   0.052000
6968   0.050600
6969   0.049500
6970   0.043400
6971   0.042800
6972   0.042600
6973   0.043000
6974   0.044100
6975   0.043200
6976   0.047100
6977   0.046600
6978   0.049400
6979   0.054500
6980   0.055700
6981   0.052400
6982   0.048700
6983   0.053900
6984   0.048600
6985   0.048200
6986   0.053300
6987   0.057900
6988   0.061300
6989   0.066700
6990   0.065300
6991   0.064700
6992   0.066800
6993   0.069500
6994   0.066600
6995   0.060400
6996   0.061900
6997   0.059300
6998   0.061600
6999   0.068400
7000   0.069700
7001   0.070100
7002   0.071600
7003   0.073000
7004   0.079000
7005   0.077900
7006   0.073800
7007   0.078400
7008   0.076900
7009   0.079000
7010   0.080900
7011   0.089700
7012   0.080600
7013   0.082200
7014   0.081100
7015   0.078900
7016   0.078600
7017   0.074600
7018   0.074100
7019   0.073400
7020   0.070100
7021   0.069500
7022   0.067300
7023   0.063700
7024   0.068900
7025   0.068800
7026   0.066800
7027   0.075600
7028   0.080700
7029   0.081700
7030   0.083200
7031   0.089200
7032   0.084700
7033   0.090400
7034   0.090800
7035   0.087700
7036   0.093100
7037   0.096000
7038   0.094800
7039   0.091700
7040   0.093800
7041   0.096000
7042   0.099100
7043   0.107500
7044   0.099400
7045   0.091800
7046   0.091400
7047   0.093200
7048   0.090300
7049   0.095500
7050   0.089000
7051   0.093900
7052   0.092500
7053   0.092600
7054   0.088400
7055   0.090200
7056   0.085300
7057   0.088800
7058   0.092600
7059   0.085300
7060   0.087000
7061   0.088600
7062   0.086000
7063   0.085300
7064   0.086200
7065   0.083200
7066   0.077100
7067   0.081600
7068   0.079500
7069   0.076500
7070   0.076800
7071   0.083200
7072   0.085900
7073   0.086400
7074   0.084400
7075   0.083300
7076   0.084600
7077   0.084400
7078   0.083200
7079   0.085200
7080   0.082400
7081   0.085500
7082   0.089500
7083   0.091900
7084   0.094400
7085   0.094700
7086   0.101100
7087   0.096500
7088   0.092400
7089   0.095600
7090   0.099000
7091   0.102500
7092   0.102200
7093   0.102100
7094   0.107500
7095   0.112600
7096   0.114300
7097   0.116000
7098   0.111900
7099   0.117400
7100   0.118900
7101   0.111700
7102   0.111000
7103   0.111900
7104   0.103000
7105   0.096600
7106   0.097200
7107   0.085500
7108   0.090600
7109   0.085200
7110   0.087800
7111   0.085900
7112   0.085100
7113   0.085500
7114   0.093300
7115   0.091000
7116   0.100200
7117   0.096700
7118   0.092800
7119   0.088000
7120   0.088000
7121   0.087400
7122   0.082000
7123   0.072400
7124   0.079100
7125   0.080200
7126   0.079800
7127   0.077200
7128   0.073200
7129   0.071200
7130   0.068000
7131   0.064100
7132   0.069100
7133   0.069800
7134   0.071400
7135   0.067900
7136   0.068000
7137   0.069400
7138   0.071500
7139   0.069400
7140   0.067800
7141   0.073000
7142   0.071400
7143   0.075500
7144   0.072700
7145   0.071300
7146   0.076900
7147   0.079300
7148   0.079400
7149   0.079900
7150   0.076800
7151   0.072000
7152   0.064200
7153   0.064800
7154   0.063800
7155   0.063100
7156   0.061300
7157   0.063500
7158   0.062600
7159   0.064100
7160   0.071700
7161   0.071300
7162   0.070300
7163   0.066800
7164   0.071500
7165   0.067900
7166   0.066400
7167   0.065700
7168   0.069500
7169   0.068300
7170   0.075300
7171   0.073400
7172   0.067900
7173   0.069300
7174   0.067800
7175   0.071000
7176   0.071200
7177   0.074600
7178   0.074200
7179   0.076200
7180   0.081200
7181   0.081000
7182   0.082400
7183   0.084000
7184   0.084800
7185   0.083900
7186   0.081900
7187   0.087700
7188   0.086500
7189   0.084000
7190   0.078200
7191   0.080700
7192   0.073500
7193   0.072200
7194   0.076000
7195   0.082900
7196   0.085300
7197   0.084500
7198   0.092900
7199   0.087700
7200   0.088300
7201   0.084200
7202   0.081000
7203   0.076100
7204   0.071200
7205   0.072000
7206   0.070200
7207   0.076400
7208   0.069800
7209   0.069700
7210   0.068000
7211   0.075400
7212   0.074900
7213   0.077000
7214   0.081700
7215   0.083100
7216   0.085300
7217   0.086100
7218   0.084600
7219   0.082900
7220   0.078000
7221   0.080200
7222   0.077000
7223   0.081100
7224   0.081100
7225   0.075300
7226   0.076500
7227   0.075500
7228   0.073500
7229   0.071500
7230   0.069100
7231   0.072000
7232   0.069200
7233   0.069900
7234   0.064500
7235   0.066800
7236   0.069800
7237   0.073700
7238   0.071300
7239   0.068600
7240   0.064400
7241   0.065800
7242   0.064100
7243   0.063600
7244   0.062600
7245   0.062800
7246   0.058400
7247   0.050800
7248   0.051000
7249   0.050800
7250   0.052200
7251   0.055100
7252   0.050700
7253   0.043800
7254   0.043100
7255   0.040800
7256   0.040200
7257   0.039900
7258   0.045600
7259   0.041500
7260   0.048100
7261   0.047600
7262   0.044400
7263   0.044100
7264   0.041300
7265   0.041800
7266   0.042100
7267   0.043900
7268   0.035300
7269   0.032100
7270   0.034400
7271   0.034400
7272   0.038700
7273   0.043100
7274   0.044200
7275   0.036700
7276   0.032400
7277   0.033100
7278   0.031200
7279   0.034800
7280   0.039500
7281   0.036900
7282   0.040900
7283   0.042000
7284   0.043800
7285   0.040400
7286   0.044400
7287   0.040600
7288   0.037900
7289   0.042400
7290   0.039300
7291   0.035700
7292   0.037000
7293   0.037500
7294   0.039000
7295   0.043900
7296   0.040500
7297   0.045300
7298   0.046700
7299   0.047500
7300   0.045200
7301   0.050600
7302   0.050000
7303   0.047200
7304   0.046500
7305   0.047000
7306   0.041500
7307   0.047700
7308   0.050500
7309   0.053600
7310   0.052800
7311   0.049200
7312   0.052300
7313   0.056400
7314   0.051500
7315   0.038000
7316   0.042100
7317   0.039500
7318   0.038000
7319   0.031500
7320   0.032600
7321   0.029500
7322   0.026700
7323   0.024200
7324   0.028900
7325   0.026400
7326   0.024500
7327   0.029700
7328   0.031200
7329   0.033300
7330   0.038900
7331   0.043600
7332   0.039900
7333   0.036100
7334   0.032900
7335   0.029600
7336   0.027800
7337   0.033900
7338   0.037700
7339   0.037900
7340   0.033600
7341   0.031900
7342   0.027100
7343   0.031600
7344   0.024400
7345   0.028300
7346   0.026300
7347   0.025100
7348   0.021500
7349   0.019800
7350   0.016400
7351   0.013200
7352   0.004400
7353   0.004000
7354   0.008300
7355   0.011300
7356   0.004700
7357   0.000500
7358   0.002400
7359   0.005200
7360   0.004500
7361   0.004300
7362   0.012600
7363   0.007000
7364   0.013300
7365   0.019600
7366   0.023200
7367   0.028600
7368   0.030900
7369   0.035200
7370   0.034400
7371   0.032100
7372   0.029100
7373   0.026900
7374   0.031200
7375   0.033200
7376   0.031800
7377   0.029400
7378   0.031500
7379   0.027300
7380   0.030600
7381   0.028700
7382   0.025600
7383   0.027700
7384   0.023100
7385   0.024000
7386   0.027600
7387   0.027100
7388   0.022700
7389   0.026700
7390   0.027100
7391   0.027500
7392   0.027800
7393   0.026200
7394   0.029200
7395   0.033200
7396   0.029900
7397   0.031100
7398   0.033000
7399   0.034800
7400   0.036100
7401   0.038600
7402   0.032400
7403   0.035900
7404   0.036100
7405   0.039800
7406   0.039300
7407   0.041200
7408   0.047000
7409   0.050900
7410   0.047000
7411   0.041400
7412   0.045000
7413   0.044500
7414   0.045400
7415   0.046800
7416   0.044600
7417   0.043600
7418   0.046900
7419   0.045900
7420   0.040000
7421   0.042700
7422   0.033400
7423   0.034500
7424   0.034800
7425   0.039200
7426   0.040900
7427   0.041300
7428   0.042300
7429   0.042100
7430   0.048300
7431   0.048300
7432   0.044400
7433   0.040200
7434   0.047300
7435   0.046800
7436   0.052400
7437   0.050600
7438   0.053800
7439   0.051300
7440   0.048600
7441   0.048300
7442   0.050600
7443   0.051700
7444   0.057400
7445   0.049500
7446   0.052000
7447   0.060900
7448   0.066900
7449   0.070200
7450   0.064500
7451   0.070300
7452   0.071100
7453   0.068300
7454   0.071500
7455   0.067900
7456   0.070400
7457   0.074400
7458   0.078100
7459   0.075300
7460   0.073500
7461   0.074600
7462   0.080500
7463   0.081300
7464   0.088000
7465   0.095400
7466   0.102100
7467   0.102200
7468   0.102900
7469   0.097800
7470   0.104500
7471   0.108200
7472   0.112800
7473   0.108200
7474   0.109800
7475   0.104800
7476   0.104900
7477   0.102700
7478   0.103400
7479   0.101000
7480   0.108900
7481   0.108300
7482   0.102500
7483   0.104400
7484   0.104100
7485   0.109000
7486   0.105300
7487   0.105200
7488   0.100200
7489   0.095000
7490   0.098000
7491   0.094200
7492   0.100600
7493   0.099500
7494   0.107400
7495   0.097800
7496   0.098900
7497   0.096700
7498   0.093100
7499   0.087100
7500   0.082800
7501   0.086200
7502   0.090500
7503   0.087500
7504   0.091000
7505   0.095300
7506   0.093800
7507   0.093000
7508   0.087800
7509   0.084800
7510   0.082000
7511   0.083200
7512   0.093800
7513   0.096600
7514   0.094500
7515   0.094800
7516   0.101100
7517   0.100000
7518   0.102700
7519   0.099600
7520   0.102100
7521   0.100500
7522   0.104400
7523   0.102000
7524   0.100900
7525   0.103200
7526   0.108000
7527   0.111600
7528   0.114900
7529   0.121200
7530   0.123900
7531   0.121600
7532   0.120600
7533   0.115000
7534   0.113900
7535   0.116400
7536   0.107700
7537   0.107400
7538   0.112500
7539   0.109800
7540   0.107400
7541   0.105500
7542   0.107800
7543   0.106600
7544   0.102900
7545   0.100500
7546   0.105000
7547   0.097500
7548   0.091200
7549   0.094600
7550   0.099000
7551   0.093900
7552   0.088400
7553   0.086300
7554   0.081100
7555   0.079400
7556   0.080600
7557   0.076300
7558   0.077700
7559   0.078500
7560   0.073000
7561   0.067100
7562   0.067600
7563   0.069600
7564   0.076700
7565   0.070500
7566   0.070200
7567   0.072400
7568   0.071200
7569   0.067800
7570   0.072200
7571   0.073000
7572   0.073200
7573   0.072900
7574   0.068100
7575   0.064600
7576   0.070100
7577   0.075200
7578   0.082600
7579   0.087300
7580   0.085300
7581   0.087600
7582   0.086800
7583   0.081400
7584   0.076600
7585   0.075700
7586   0.077600
7587   0.067200
7588   0.067900
7589   0.070800
7590   0.076400
7591   0.075200
7592   0.074400
7593   0.076000
7594   0.079300
7595   0.082600
7596   0.080300
7597   0.074200
7598   0.081500
7599   0.082900
7600   0.088600
7601   0.092800
7602   0.094700
7603   0.100400
7604   0.101400
7605   0.098500
7606   0.104700
7607   0.106700
7608   0.110100
7609   0.107200
7610   0.106100
7611   0.102700
7612   0.102700
7613   0.103400
7614   0.103900
7615   0.107200
7616   0.106300
7617   0.099700
7618   0.096900
7619   0.099500
7620   0.108500
7621   0.104500
7622   0.103600
7623   0.102000
7624   0.101000
7625   0.098000
7626   0.094200
7627   0.091100
7628   0.093000
7629   0.090700
7630   0.093000
7631   0.097000
7632   0.100700
7633   0.102500
7634   0.099200
7635   0.101700
7636   0.105600
7637   0.105200
7638   0.111500
7639   0.110800
7640   0.102600
7641   0.103400
7642   0.113700
7643   0.109700
7644   0.109700
7645   0.107100
7646   0.107000
7647   0.114000
7648   0.114800
7649   0.114300
7650   0.115700
7651   0.110400
7652   0.114500
7653   0.116700
7654   0.113900
7655   0.116000
7656   0.118500
7657   0.122300
7658   0.121600
7659   0.121300
7660   0.117200
7661   0.113600
7662   0.110600
7663   0.115100
7664   0.114900
7665   0.118900
7666   0.114300
7667   0.110800
7668   0.115400
7669   0.119500
7670   0.118500
7671   0.115000
7672   0.108200
7673   0.104700
7674   0.105200
7675   0.100600
7676   0.107400
7677   0.108400
7678   0.110700
7679   0.108100
7680   0.108100
7681   0.107900
7682   0.110000
7683   0.104500
7684   0.105900
7685   0.110900
7686   0.115600
7687   0.111400
7688   0.111600
7689   0.107000
7690   0.106100
7691   0.110500
7692   0.107000
7693   0.112600
7694   0.116600
7695   0.119600
7696   0.119400
7697   0.123500
7698   0.119600
7699   0.120400
7700   0.119100
7701   0.119400
7702   0.120300
7703   0.120600
7704   0.124400
7705   0.130600
7706   0.129200
7707   0.136300
7708   0.139800
7709   0.139500
7710   0.135100
7711   0.138500
7712   0.140700
7713   0.143800
7714   0.150100
7715   0.144600
7716   0.138200
7717   0.136600
7718   0.140000
7719   0.136700
7720   0.137100
7721   0.138800
7722   0.143100
7723   0.146600
7724   0.150800
7725   0.148800
7726   0.150900
7727   0.146300
7728   0.141200
7729   0.141900
7730   0.142300
7731   0.146000
7732   0.153500
7733   0.159300
7734   0.153700
7735   0.154000
7736   0.151800
7737   0.154200
7738   0.155800
7739   0.157400
7740   0.160200
7741   0.159200
7742   0.158500
7743   0.157000
7744   0.164300
7745   0.163800
7746   0.163700
7747   0.161000
7748   0.166700
7749   0.175100
7750   0.178900
7751   0.174700
7752   0.174100
7753   0.171200
7754   0.164500
7755   0.171400
7756   0.170600
7757   0.167300
7758   0.170400
7759   0.165700
7760   0.158800
7761   0.157300
7762   0.157000
7763   0.159200
7764   0.157700
7765   0.156200
7766   0.160700
7767   0.155400
7768   0.155400
7769   0.154100
7770   0.152200
7771   0.145900
7772   0.145300
7773   0.150700
7774   0.147100
7775   0.145800
7776   0.140300
7777   0.135700
7778   0.130300
7779   0.131300
7780   0.123200
7781   0.128700
7782   0.130800
7783   0.130200
7784   0.129300
7785   0.125000
7786   0.127900
7787   0.129200
7788   0.122600
7789   0.120200
7790   0.121400
7791   0.121400
7792   0.124100
7793   0.128100
7794   0.131900
7795   0.130100
7796   0.127800
7797   0.129400
7798   0.126700
7799   0.130200
7800   0.130900
7801   0.135200
7802   0.130800
7803   0.130000
7804   0.131900
7805   0.138300
7806   0.145100
7807   0.142500
7808   0.147300
7809   0.150000
7810   0.150300
7811   0.148500
7812   0.146800
7813   0.149500
7814   0.140900
7815   0.140200
7816   0.143200
7817   0.146700
7818   0.145500
7819   0.149600
7820   0.152900
7821   0.150400
7822   0.148000
7823   0.143700
7824   0.139300
7825   0.138300
7826   0.135300
7827   0.136700
7828   0.135100
7829   0.129300
7830   0.129000
7831   0.128100
7832   0.135200
7833   0.139500
7834   0.134900
7835   0.130100
7836   0.130600
7837   0.126900
7838   0.129800
7839   0.129800
7840   0.125100
7841   0.124600
7842   0.128000
7843   0.127900
7844   0.129200
7845   0.135500
7846   0.131600
7847   0.135100
7848   0.136000
7849   0.134000
7850   0.131500
7851   0.127600
7852   0.129600
7853   0.131600
7854   0.134900
7855   0.130600
7856   0.120700
7857   0.118800
7858   0.113600
7859   0.109300
7860   0.113300
7861   0.108500
7862   0.106800
7863   0.100600
7864   0.101600
7865   0.104500
7866   0.100600
7867   0.103500
7868   0.103500
7869   0.102300
7870   0.094100
7871   0.096100
7872   0.090400
7873   0.089300
7874   0.091400
7875   0.092200
7876   0.090300
7877   0.089300
7878   0.088300
7879   0.088500
7880   0.084800
7881   0.085900
7882   0.090700
7883   0.089800
7884   0.084100
7885   0.087300
7886   0.081300
7887   0.086400
7888   0.085900
7889   0.082400
7890   0.085600
7891   0.082100
7892   0.081100
7893   0.078100
7894   0.077200
7895   0.078900
7896   0.078600
7897   0.076000
7898   0.071400
7899   0.071000
7900   0.069000
7901   0.068300
7902   0.064000
7903   0.056600
7904   0.058400
7905   0.061700
7906   0.060800
7907   0.060700
7908   0.064000
7909   0.059500
7910   0.062500
7911   0.061200
7912   0.058000
7913   0.060400
7914   0.059500
7915   0.057600
7916   0.056800
7917   0.057800
7918   0.051200
7919   0.049800
7920   0.054400
7921   0.053700
7922   0.050500
7923   0.057700
7924   0.056700
7925   0.063200
7926   0.061300
7927   0.055500
7928   0.059300
7929   0.052700
7930   0.050300
7931   0.049500
7932   0.048700
7933   0.045600
7934   0.042200
7935   0.043000
7936   0.037700
7937   0.040000
7938   0.042300
7939   0.043000
7940   0.044800
7941   0.045500
7942   0.045100
7943   0.051500
7944   0.048800
7945   0.052600
7946   0.047700
7947   0.041100
7948   0.039400
7949   0.042900
7950   0.046800
7951   0.048300
7952   0.048500
7953   0.047700
7954   0.046000
7955   0.046000
7956   0.041700
7957   0.043500
7958   0.042900
7959   0.046000
7960   0.046900
7961   0.049000
7962   0.055500
7963   0.058200
7964   0.055000
7965   0.052000
7966   0.053000
7967   0.061900
7968   0.059500
7969   0.057400
7970   0.054500
7971   0.056500
7972   0.056600
7973   0.065300
7974   0.059000
7975   0.057300
7976   0.055400
7977   0.051100
7978   0.050900
7979   0.051800
7980   0.051700
7981   0.046700
7982   0.042600
7983   0.043000
7984   0.047000
7985   0.043200
7986   0.042700
7987   0.051600
7988   0.047400
7989   0.050500
7990   0.048900
7991   0.058400
7992   0.056400
7993   0.053700
7994   0.053400
7995   0.049300
7996   0.053700
7997   0.052200
7998   0.049600
7999   0.046100
8000   0.043100
8001   0.044100
8002   0.048000
8003   0.050100
8004   0.046600
8005   0.045000
8006   0.048400
8007   0.041700
8008   0.039600
8009   0.039100
8010   0.041900
8011   0.039500
8012   0.035000
8013   0.040700
8014   0.041300
8015   0.043600
8016   0.039200
8017   0.043600
8018   0.039400
8019   0.043100
8020   0.047800
8021   0.044200
8022   0.041900
8023   0.038900
8024   0.037400
8025   0.041200
8026   0.038800
8027   0.039200
8028   0.044300
8029   0.049900
8030   0.050200
8031   0.054100
8032   0.051200
8033   0.049300
8034   0.040500
8035   0.045000
8036   0.044600
8037   0.044500
8038   0.042100
8039   0.042400
8040   0.040200
8041   0.040900
8042   0.036900
8043   0.035200
8044   0.032900
8045   0.030800
8046   0.037900
8047   0.039500
8048   0.041800
8049   0.040900
8050   0.038700
8051   0.035900
8052   0.034400
8053   0.033600
8054   0.036100
8055   0.037800
8056   0.037300
8057   0.034200
8058   0.034900
8059   0.035900
8060   0.040100
8061   0.034600
8062   0.036200
8063   0.028000
8064   0.023200
8065   0.019400
8066   0.019800
8067   0.017200
8068   0.017000
8069   0.021500
8070   0.018700
8071   0.015700
8072   0.013000
8073   0.011100
8074   0.011100
8075   0.004500
8076   0.005800
8077  -0.000800
8078   0.004000
8079   0.002700
8080   0.009200
8081   0.011500
8082   0.008000
8083   0.002800
8084   0.007300
8085   0.002700
8086  -0.000600
8087   0.000900
8088   0.003900
8089   0.001000
8090  -0.000800
8091   0.000800
8092   0.000700
8093   0.004400
8094   0.003600
8095   0.002800
8096   0.004600
8097   0.005700
8098   0.006600
8099   0.007700
8100   0.003000
8101  -0.000500
8102  -0.005500
8103  -0.000800
8104  -0.005400
8105  -0.007100
8106  -0.002100
8107  -0.002600
8108  -0.000600
8109  -0.002900
8110  -0.005600
8111  -0.013100
8112  -0.014500
8113  -0.017700
8114  -0.019200
8115  -0.022500
8116  -0.022200
8117  -0.016500
8118  -0.017900
8119  -0.017500
8120  -0.019200
8121  -0.025700
8122  -0.024700
8123  -0.026900
8124  -0.025900
8125  -0.024500
8126  -0.027900
8127  -0.029400
8128  -0.020300
8129  -0.023500
8130  -0.023600
8131  -0.024900
8132  -0.024500
8133  -0.026200
8134  -0.020300
8135  -0.015800
8136  -0.015600
8137  -0.018400
8138  -0.009800
8139  -0.010500
8140  -0.014200
8141  -0.013300
8142  -0.017000
8143  -0.017800
8144  -0.015200
8145  -0.017800
8146  -0.018400
8147  -0.012800
8148  -0.012200
8149  -0.012500
8150  -0.005300
8151  -0.009500
8152  -0.003200
8153  -0.000800
8154   0.001800
8155   0.001000
8156   0.000500
8157   0.004000
8158   0.007100
8159   0.014600
8160   0.017400
8161   0.020400
8162   0.014200
8163   0.011300
8164   0.015000
8165   0.018000
8166   0.022200
8167   0.022100
8168   0.017900
8169   0.018100
8170   0.015600
8171   0.005000
8172   0.006500
8173   0.009200
8174   0.012100
8175   0.016100
8176   0.013800
8177   0.012700
8178   0.009500
8179   0.008500
8180   0.010700
8181   0.007000
8182   0.005900
8183   0.002700
8184   0.003600
8185   0.006200
8186   0.001300
8187  -0.001800
8188  -0.000900
8189  -0.001000
8190  -0.003100
8191  -0.003700
8192  -0.004800
8193  -0.005600
8194  -0.003800
8195  -0.006600
8196  -0.012700
8197  -0.011600
8198  -0.012100
8199  -0.004000
8200  -0.002800
8201   0.001600
8202  -0.001800
8203  -0.000900
8204  -0.001900
8205  -0.003600
8206  -0.000900
8207   0.004600
8208  -0.001100
8209  -0.002300
8210  -0.011700
8211  -0.005600
8212  -0.002000
8213  -0.000400
8214   0.001300
8215   0.003000
8216   0.003100
8217   0.009300
8218   0.006800
8219   0.001500
8220  -0.004700
8221  -0.000700
8222  -0.002400
8223  -0.003600
8224  -0.006500
8225  -0.009500
8226  -0.005600
8227  -0.005200
8228  -0.007300
8229  -0.001200
8230   0.002900
8231   0.001100
8232  -0.003500
8233  -0.003200
8234  -0.006300
8235  -0.008800
8236  -0.016800
8237  -0.022000
8238  -0.021300
8239  -0.021400
8240  -0.023900
8241  -0.013600
8242  -0.016700
8243  -0.017500
8244  -0.017100
8245  -0.019100
8246  -0.011100
8247  -0.012700
8248  -0.014200
8249  -0.018200
8250  -0.017400
8251  -0.017400
8252  -0.017700
8253  -0.014300
8254  -0.019300
8255  -0.021700
8256  -0.021600
8257  -0.027500
8258  -0.025500
8259  -0.021600
8260  -0.025200
8261  -0.020300
8262  -0.020600
8263  -0.020300
8264  -0.018300
8265  -0.017900
8266  -0.012700
8267  -0.013100
8268  -0.013400
8269  -0.004300
8270  -0.006600
8271  -0.006400
8272  -0.006300
8273  -0.007600
8274  -0.006500
8275  -0.009100
8276  -0.008800
8277  -0.005500
8278  -0.006800
8279  -0.009400
8280  -0.007800
8281  -0.009300
8282  -0.005500
8283  -0.011600
8284  -0.009200
8285  -0.008300
8286  -0.011100
8287  -0.009400
8288  -0.002700
8289  -0.001400
8290  -0.000600
8291   0.003400
8292   0.006700
8293   0.003000
8294   0.003900
8295   0.002200
8296   0.007300
8297   0.007500
8298   0.012800
8299   0.010800
8300   0.009900
8301   0.012700
8302   0.009700
8303   0.007200
8304   0.003900
8305   0.003400
8306   0.006300
8307   0.001000
8308   0.003000
8309   0.001100
8310   0.004400
8311   0.005200
8312   0.003100
8313  -0.002400
8314   0.005500
8315   0.008500
8316   0.010400
8317   0.011600
8318   0.010100
8319   0.009100
8320   0.011500
8321   0.015100
8322   0.013300
8323   0.012100
8324   0.006000
8325   0.006200
8326   0.000200
8327  -0.000700
8328   0.005900
8329   0.001900
8330  -0.003100
8331  -0.001400
8332  -0.005600
8333  -0.011400
8334  -0.012000
8335  -0.014200
8336  -0.011700
8337  -0.013400
8338  -0.013600
8339  -0.014600
8340  -0.016000
8341  -0.011300
8342  -0.011600
8343  -0.013100
8344  -0.014000
8345  -0.009900
8346  -0.007200
8347  -0.005500
8348  -0.000100
8349  -0.005700
8350   0.001300
8351  -0.005800
8352  -0.005000
8353  -0.001600
8354  -0.003000
8355   0.001800
8356   0.004000
8357   0.006300
8358   0.004300
8359   0.003500
8360   0.007100
8361   0.005600
8362   0.000900
8363   0.001000
8364   0.000300
8365  -0.004200
8366  -0.004500
8367  -0.004900
8368  -0.003400
8369  -0.003700
8370  -0.002400
8371  -0.002200
8372  -0.001300
8373  -0.002700
8374  -0.005200
8375   0.001300
8376   0.002900
8377   0.001500
8378  -0.003100
8379  -0.004500
8380  -0.004600
8381  -0.012800
8382  -0.009500
8383  -0.013100
8384  -0.013200
8385  -0.007400
8386  -0.003600
8387  -0.002100
8388   0.003800
8389   0.001600
8390   0.001300
8391  -0.003400
8392  -0.006500
8393  -0.009600
8394  -0.015000
8395  -0.016800
8396  -0.018700
8397  -0.023200
8398  -0.028100
8399  -0.025800
8400  -0.028600
8401  -0.039200
8402  -0.038700
8403  -0.041000
8404  -0.044400
8405  -0.040400
8406  -0.031700
8407  -0.029400
8408  -0.031900
8409  -0.035100
8410  -0.032600
8411  -0.033200
8412  -0.028400
8413  -0.025400
8414  -0.024800
8415  -0.028400
8416  -0.035700
8417  -0.032300
8418  -0.031900
8419  -0.031200
8420  -0.027900
8421  -0.029400
8422  -0.028400
8423  -0.024600
8424  -0.026000
8425  -0.031900
8426  -0.028200
8427  -0.029000
8428  -0.028700
8429  -0.026000
8430  -0.022700
8431  -0.023700
8432  -0.024300
8433  -0.020200
8434  -0.012300
8435  -0.015800
8436  -0.020600
8437  -0.021100
8438  -0.020900
8439  -0.016700
8440  -0.004300
8441  -0.006900
8442   0.000300
8443   0.001300
8444   0.002800
8445   0.003400
8446  -0.002200
8447   0.007100
8448   0.008600
8449   0.002500
8450  -0.000200
8451   0.002200
8452   0.005700
8453   0.008800
8454   0.009000
8455   0.007000
8456   0.003300
8457   0.001300
8458   0.001900
8459   0.002500
8460   0.000900
8461  -0.000000
8462  -0.010500
8463  -0.010400
8464  -0.012800
8465  -0.012800
8466  -0.015500
8467  -0.019600
8468  -0.016800
8469  -0.015300
8470  -0.010300
8471  -0.009900
8472  -0.014200
8473  -0.017900
8474  -0.018900
8475  -0.019600
8476  -0.017900
8477  -0.017900
8478  -0.016600
8479  -0.020300
8480  -0.019000
8481  -0.022000
8482  -0.021400
8483  -0.019800
8484  -0.022000
8485  -0.024200
8486  -0.029200
8487  -0.029100
8488  -0.027500
8489  -0.021900
8490  -0.026000
8491  -0.028200
8492  -0.027600
8493  -0.023800
8494  -0.020200
8495  -0.015400
8496  -0.011700
8497  -0.012100
8498  -0.006600
8499  -0.010200
8500  -0.014600
8501  -0.017400
8502  -0.016500
8503  -0.015000
8504  -0.015400
8505  -0.011700
8506  -0.017900
8507  -0.018000
8508  -0.021100
8509  -0.013400
8510  -0.006700
8511  -0.005000
8512   0.004600
8513   0.008400
8514   0.010400
8515   0.011600
8516   0.016800
8517   0.021600
8518   0.018800
8519   0.014200
8520   0.011300
8521   0.007100
8522   0.006900
8523   0.001000
8524   0.007700
8525   0.002700
8526   0.007100
8527   0.005000
8528   0.009100
8529   0.012300
8530   0.008800
8531   0.010000
8532   0.012200
8533   0.009700
8534   0.016800
8535   0.018200
8536   0.021500
8537   0.018700
8538   0.018700
8539   0.011700
8540   0.011700
8541   0.013200
8542   0.014700
8543   0.009000
8544   0.002200
8545   0.007200
8546   0.004700
8547   0.000900
8548   0.005800
8549   0.008500
8550   0.006300
8551   0.004300
8552   0.001700
8553   0.004300
8554   0.007300
8555   0.015200
8556   0.006200
8557   0.010000
8558   0.011600
8559   0.008400
8560   0.013200
8561   0.008800
8562   0.019300
8563   0.013400
8564   0.012000
8565   0.012300
8566   0.014800
8567   0.014700
8568   0.016300
8569   0.016200
8570   0.020000
8571   0.023900
8572   0.022500
8573   0.026300
8574   0.025500
8575   0.028000
8576   0.033000
8577   0.032900
8578   0.031800
8579   0.035400
8580   0.033700
8581   0.038800
8582   0.037400
8583   0.043900
8584   0.040900
8585   0.038700
8586   0.038200
8587   0.038800
8588   0.041300
8589   0.047600
8590   0.047500
8591   0.048000
8592   0.049900
8593   0.049900
8594   0.049100
8595   0.047200
8596   0.051400
8597   0.046400
8598   0.044200
8599   0.047200
8600   0.040200
8601   0.042900
8602   0.049200
8603   0.051400
8604   0.055000
8605   0.047700
8606   0.050800
8607   0.055400
8608   0.045000
8609   0.048100
8610   0.041800
8611   0.044400
8612   0.044400
8613   0.039500
8614   0.045300
8615   0.044200
8616   0.042700
8617   0.046000
8618   0.046600
8619   0.046900
8620   0.056300
8621   0.059200
8622   0.055900
8623   0.056400
8624   0.053800
8625   0.053100
8626   0.048100
8627   0.049100
8628   0.052400
8629   0.055900
8630   0.057700
8631   0.057800
8632   0.065000
8633   0.062500
8634   0.066000
8635   0.066300
8636   0.071300
8637   0.072000
8638   0.073400
8639   0.074200
8640   0.072200
8641   0.073000
8642   0.074500
8643   0.076300
8644   0.070800
8645   0.074600
8646   0.069800
8647   0.067900
8648   0.069300
8649   0.070700
8650   0.070200
8651   0.073800
8652   0.072600
8653   0.078500
8654   0.081700
8655   0.082200
8656   0.086000
8657   0.091200
8658   0.089400
8659   0.086700
8660   0.089800
8661   0.092500
8662   0.089500
8663   0.091300
8664   0.094200
8665   0.093500
8666   0.089700
8667   0.091600
8668   0.096100
8669   0.100300
8670   0.101000
8671   0.107300
8672   0.106300
8673   0.107500
8674   0.107400
8675   0.109600
8676   0.116700
8677   0.115800
8678   0.113000
8679   0.113800
8680   0.116600
8681   0.118000
8682   0.119600
8683   0.118100
8684   0.108300
8685   0.111600
8686   0.115000
8687   0.118800
8688   0.117200
8689   0.118500
8690   0.128300
8691   0.135500
8692   0.134900
8693   0.136000
8694   0.143600
8695   0.137300
8696   0.138200
8697   0.138000
8698   0.135700
8699   0.132300
8700   0.132700
8701   0.133400
8702   0.139300
8703   0.134600
8704   0.134500
8705   0.135800
8706   0.135000
8707   0.137800
8708   0.137000
8709   0.141100
8710   0.141700
8711   0.141100
8712   0.148600
8713   0.148900
8714   0.151900
8715   0.155600
8716   0.156800
8717   0.156400
8718   0.148700
8719   0.150900
8720   0.147400
8721   0.148000
8722   0.151400
8723   0.150300
8724   0.139800
8725   0.136000
8726   0.133600
8727   0.132700
8728   0.134600
8729   0.132200
8730   0.128700
8731   0.131300
8732   0.123700
8733   0.123800
8734   0.121300
8735   0.112100
8736   0.113000
8737   0.116200
8738   0.116000
8739   0.113800
8740   0.105800
8741   0.106300
8742   0.115000
8743   0.117000
8744   0.119700
8745   0.112100
8746   0.109700
8747   0.109700
8748   0.107000
8749   0.102900
8750   0.098500
8751   0.097700
8752   0.099600
8753   0.105200
8754   0.098700
8755   0.107100
8756   0.109800
8757   0.101000
8758   0.104300
8759   0.110700
8760   0.105100
8761   0.106000
8762   0.104800
8763   0.101600
8764   0.097900
8765   0.097900
8766   0.100600
8767   0.103300
8768   0.111100
8769   0.113300
8770   0.112900
8771   0.106300
8772   0.107700
8773   0.113000
8774   0.118700
8775   0.113800
8776   0.108200
8777   0.108800
8778   0.105100
8779   0.100300
8780   0.105000
8781   0.095200
8782   0.101600
8783   0.100000
8784   0.100000
8785   0.097900
8786   0.098700
8787   0.108400
8788   0.105500
8789   0.102100
8790   0.103400
8791   0.109500
8792   0.104400
8793   0.103200
8794   0.105000
8795   0.103500
8796   0.108300
8797   0.102500
8798   0.103600
8799   0.103000
8800   0.102900
8801   0.106900
8802   0.108800
8803   0.115000
8804   0.114400
8805   0.112600
8806   0.111300
8807   0.108700
8808   0.113500
8809   0.122200
8810   0.120800
8811   0.124900
8812   0.120400
8813   0.122900
8814   0.125800
8815   0.124800
8816   0.125700
8817   0.125700
8818   0.120500
8819   0.117600
8820   0.118400
8821   0.122900
8822   0.124100
8823   0.123900
8824   0.125200
8825   0.132300
8826   0.128600
8827   0.127600
8828   0.120700
8829   0.121000
8830   0.123300
8831   0.121100
8832   0.123100
8833   0.116900
8834   0.118400
8835   0.126700
8836   0.123000
8837   0.126700
8838   0.125500
8839   0.124000
8840   0.118800
8841   0.124400
8842   0.117200
8843   0.117000
8844   0.111800
8845   0.108600
8846   0.106900
8847   0.112700
8848   0.110700
8849   0.117500
8850   0.118200
8851   0.118600
8852   0.119400
8853   0.125500
8854   0.125300
8855   0.123500
8856   0.125600
8857   0.127400
8858   0.124100
8859   0.120700
8860   0.118800
8861   0.118500
8862   0.117600
8863   0.116200
8864   0.124600
8865   0.132700
8866   0.127000
8867   0.124900
8868   0.133700
8869   0.129600
8870   0.126500
8871   0.124600
8872   0.127300
8873   0.123400
8874   0.126600
8875   0.126100
8876   0.124600
8877   0.127200
8878   0.119800
8879   0.123600
8880   0.130500
8881   0.129000
8882   0.126800
8883   0.123900
8884   0.128100
8885   0.130800
8886   0.130900
8887   0.122600
8888   0.124800
8889   0.123700
8890   0.121100
8891   0.117600
8892   0.120100
8893   0.116900
8894   0.114000
8895   0.119300
8896   0.120400
8897   0.126100
8898   0.120700
8899   0.119200
8900   0.112500
8901   0.113000
8902   0.110500
8903   0.115500
8904   0.114600
8905   0.122800
8906   0.116300
8907   0.114700
8908   0.112100
8909   0.113000
8910   0.108600
8911   0.114200
8912   0.110900
8913   0.109100
8914   0.110800
8915   0.109600
8916   0.101100
8917   0.095600
8918   0.099300
8919   0.097400
8920   0.100200
8921   0.095200
8922   0.093600
8923   0.095000
8924   0.097200
8925   0.098000
8926   0.099500
8927   0.101000
8928   0.099200
8929   0.093600
8930   0.094900
8931   0.097700
8932   0.094600
8933   0.098900
8934   0.101400
8935   0.097200
8936   0.101400
8937   0.106400
8938   0.109200
8939   0.107600
8940   0.107200
8941   0.109300
8942   0.109600
8943   0.105700
8944   0.104300
8945   0.104300
8946   0.099000
8947   0.096000
8948   0.093100
8949   0.093900
8950   0.090800
8951   0.090800
8952   0.092300
8953   0.098800
8954   0.093000
8955   0.092700
8956   0.092400
8957   0.097900
8958   0.097000
8959   0.093500
8960   0.093500
8961   0.094200
8962   0.094500
8963   0.089500
8964   0.090700
8965   0.092900
8966   0.093700
8967   0.096800
8968   0.098100
8969   0.101900
8970   0.105100
8971   0.105800
8972   0.104600
8973   0.110400
8974   0.107500
8975   0.107200
8976   0.106400
8977   0.113800
8978   0.119000
8979   0.117300
8980   0.116700
8981   0.112000
8982   0.114400
8983   0.115800
8984   0.116300
8985   0.119400
8986   0.119300
8987   0.113200
8988   0.110700
8989   0.113700
8990   0.109400
8991   0.114600
8992   0.119500
8993   0.123500
8994   0.127900
8995   0.134500
8996   0.133400
8997   0.125800
8998   0.123700
8999   0.127200
9000   0.121400
9001   0.119700
9002   0.119000
9003   0.128400
9004   0.118100
9005   0.109100
9006   0.110300
9007   0.108700
9008   0.107300
9009   0.109600
9010   0.108700
9011   0.102400
9012   0.103200
9013   0.101700
9014   0.105100
9015   0.101700
9016   0.101000
9017   0.101900
9018   0.099700
9019   0.093800
9020   0.092000
9021   0.097000
9022   0.093100
9023   0.095200
9024   0.085600
9025   0.083100
9026   0.086400
9027   0.087500
9028   0.086800
9029   0.090700
9030   0.093800
9031   0.097000
9032   0.092500
9033   0.099600
9034   0.096100
9035   0.098100
9036   0.102500
9037   0.106800
9038   0.100200
9039   0.099300
9040   0.102400
9041   0.103500
9042   0.110300
9043   0.106600
9044   0.112500
9045   0.110000
9046   0.115500
9047   0.119500
9048   0.125100
9049   0.121300
9050   0.119200
9051   0.122800
9052   0.119000
9053   0.118800
9054   0.120700
9055   0.115300
9056   0.109700
9057   0.102200
9058   0.098200
9059   0.097700
9060   0.092700
9061   0.087000
9062   0.092300
9063   0.090200
9064   0.087600
9065   0.085800
9066   0.080000
9067   0.077500
9068   0.082200
9069   0.089000
9070   0.095000
9071   0.092000
9072   0.088400
9073   0.092900
9074   0.093100
9075   0.095100
9076   0.082300
9077   0.085100
9078   0.088700
9079   0.083600
9080   0.085600
9081   0.091600
9082   0.091700
9083   0.095500
9084   0.095800
9085   0.101800
9086   0.103100
9087   0.105400
9088   0.109500
9089   0.115800
9090   0.115100
9091   0.116300
9092   0.116300
9093   0.110500
9094   0.109500
9095   0.111400
9096   0.108600
9097   0.107500
9098   0.111200
9099   0.118200
9100   0.115100
9101   0.121800
9102   0.117800
9103   0.121400
9104   0.122400
9105   0.122000
9106   0.122800
9107   0.126000
9108   0.128300
9109   0.126400
9110   0.130600
9111   0.133000
9112   0.130300
9113   0.127200
9114   0.125900
9115   0.124300
9116   0.122300
9117   0.118700
9118   0.118900
9119   0.119900
9120   0.116700
9121   0.110200
9122   0.107100
9123   0.108900
9124   0.116800
9125   0.118300
9126   0.115800
9127   0.116800
9128   0.115100
9129   0.111200
9130   0.104800
9131   0.105500
9132   0.108900
9133   0.101500
9134   0.099200
9135   0.099800
9136   0.096400
9137   0.095500
9138   0.090200
9139   0.082500
9140   0.077700
9141   0.083400
9142   0.081000
9143   0.079400
9144   0.077600
9145   0.072800
9146   0.073200
9147   0.076900
9148   0.071500
9149   0.073400
9150   0.078600
9151   0.078000
9152   0.082500
9153   0.077000
9154   0.077600
9155   0.076200
9156   0.080100
9157   0.068500
9158   0.069700
9159   0.067800
9160   0.064800
9161   0.062700
9162   0.070100
9163   0.070900
9164   0.082700
9165   0.081600
9166   0.083400
9167   0.087200
9168   0.085500
9169   0.085300
9170   0.079400
9171   0.080400
9172   0.082100
9173   0.085800
9174   0.089400
9175   0.088300
9176   0.084000
9177   0.082900
9178   0.085100
9179   0.092400
9180   0.090000
9181   0.091100
9182   0.090800
9183   0.094900
9184   0.092400
9185   0.094000
9186   0.098100
9187   0.099600
9188   0.096900
9189   0.093400
9190   0.095400
9191   0.094400
9192   0.093200
9193   0.093200
9194   0.100000
9195   0.105500
9196   0.101800
9197   0.103900
9198   0.102900
9199   0.095500
9200   0.097100
9201   0.092100
9202   0.093900
9203   0.100000
9204   0.095000
9205   0.095700
9206   0.092300
9207   0.088200
9208   0.095900
9209   0.096600
9210   0.092400
9211   0.092500
9212   0.094200
9213   0.098100
9214   0.106000
9215   0.107400
9216   0.107600
9217   0.104300
9218   0.102700
9219   0.102200
9220   0.103200
9221   0.108600
9222   0.104000
9223   0.113700
9224   0.117000
9225   0.122900
9226   0.126000
9227   0.126200
9228   0.123700
9229   0.120800
9230   0.122200
9231   0.121400
9232   0.114400
9233   0.110100
9234   0.118800
9235   0.114700
9236   0.120700
9237   0.123900
9238   0.123200
9239   0.132800
9240   0.133900
9241   0.127300
9242   0.138200
9243   0.140700
9244   0.141200
9245   0.145600
9246   0.144700
9247   0.147200
9248   0.144700
9249   0.148000
9250   0.153100
9251   0.156500
9252   0.153600
9253   0.150800
9254   0.140200
9255   0.139500
9256   0.136900
9257   0.140200
9258   0.129800
9259   0.123000
9260   0.127300
9261   0.120900
9262   0.115900
9263   0.122000
9264   0.124800
9265   0.127500
9266   0.120400
9267   0.128300
9268   0.122500
9269   0.130400
9270   0.129000
9271   0.139300
9272   0.130600
9273   0.130100
9274   0.134400
9275   0.135400
9276   0.135400
9277   0.133200
9278   0.130200
9279   0.133300
9280   0.137900
9281   0.144700
9282   0.139800
9283   0.138500
9284   0.139300
9285   0.143300
9286   0.144300
9287   0.143600
9288   0.139500
9289   0.142500
9290   0.140600
9291   0.144800
9292   0.146600
9293   0.151500
9294   0.149500
9295   0.149300
9296   0.153000
9297   0.153400
9298   0.145200
9299   0.146100
9300   0.147800
9301   0.150200
9302   0.147400
9303   0.140800
9304   0.138800
9305   0.134000
9306   0.130100
9307   0.129000
9308   0.133000
9309   0.137500
9310   0.140300
9311   0.141800
9312   0.139500
9313   0.138100
9314   0.137100
9315   0.131800
9316   0.134300
9317   0.128400
9318   0.128700
9319   0.126300
9320   0.121600
9321   0.122200
9322   0.119300
9323   0.122000
9324   0.120700
9325   0.119700
9326   0.118800
9327   0.122400
9328   0.120300
9329   0.114900
9330   0.116400
9331   0.118700
9332   0.117300
9333   0.112800
9334   0.113600
9335   0.111900
9336   0.110700
9337   0.107400
9338   0.106000
9339   0.105200
9340   0.105100
9341   0.109500
9342   0.108500
9343   0.106200
9344   0.103700
9345   0.101000
9346   0.098300
9347   0.099500
9348   0.110600
9349   0.112500
9350   0.110800
9351   0.111200
9352   0.107800
9353   0.105400
9354   0.097500
9355   0.092100
9356   0.096100
9357   0.101300
9358   0.092500
9359   0.096100
9360   0.097900
9361   0.094600
9362   0.096700
9363   0.101600
9364   0.099500
9365   0.100100
9366   0.102600
9367   0.105100
9368   0.113600
9369   0.111900
9370   0.110300
9371   0.105800
9372   0.108800
9373   0.110700
9374   0.111300
9375   0.109400
9376   0.108600
9377   0.111400
9378   0.109000
9379   0.107200
9380   0.118400
9381   0.115200
9382   0.112900
9383   0.117300
9384   0.117600
9385   0.116900
9386   0.120500
9387   0.117700
9388   0.115600
9389   0.121400
9390   0.125200
9391   0.114900
9392   0.113500
9393   0.115300
9394   0.110000
9395   0.104700
9396   0.106800
9397   0.111000
9398   0.117100
9399   0.124600
9400   0.128100
9401   0.123400
9402   0.127800
9403   0.126100
9404   0.131400
9405   0.130900
9406   0.135800
9407   0.130800
9408   0.131900
9409   0.133200
9410   0.133800
9411   0.132000
9412   0.131600
9413   0.130500
9414   0.125700
9415   0.121700
9416   0.117200
9417   0.111600
9418   0.113300
9419   0.111900
9420   0.111000
9421   0.111300
9422   0.114700
9423   0.125300
9424   0.131500
9425   0.129600
9426   0.129600
9427   0.126800
9428   0.122400
9429   0.125100
9430   0.124500
9431   0.129300
9432   0.127300
9433   0.126200
9434   0.128500
9435   0.125300
9436   0.123000
9437   0.126800
9438   0.132000
9439   0.127400
9440   0.132300
9441   0.132000
9442   0.131700
9443   0.128000
9444   0.129800
9445   0.132500
9446   0.135100
9447   0.132800
9448   0.127000
9449   0.130300
9450   0.134100
9451   0.128900
9452   0.127400
9453   0.130600
9454   0.133500
9455   0.132100
9456   0.128200
9457   0.124200
9458   0.130500
9459   0.125500
9460   0.124700
9461   0.116300
9462   0.115000
9463   0.112400
9464   0.111400
9465   0.119500
9466   0.119300
9467   0.118500
9468   0.114700
9469   0.122400
9470   0.123200
9471   0.121800
9472   0.122800
9473   0.125400
9474   0.117700
9475   0.119500
9476   0.112100
9477   0.110800
9478   0.115900
9479   0.115200
9480   0.118800
9481   0.117600
9482   0.116900
9483   0.121600
9484   0.127300
9485   0.121800
9486   0.118900
9487   0.111300
9488   0.112500
9489   0.108600
9490   0.114400
9491   0.111900
9492   0.104800
9493   0.104200
9494   0.100700
9495   0.101900
9496   0.103200
9497   0.097000
9498   0.092400
9499   0.098800
9500   0.103200
9501   0.101600
9502   0.101300
9503   0.099500
9504   0.103900
9505   0.099400
9506   0.096300
9507   0.097800
9508   0.105200
9509   0.096200
9510   0.098100
9511   0.096400
9512   0.096200
9513   0.099100
9514   0.106100
9515   0.108500
9516   0.106400
9517   0.109600
9518   0.109200
9519   0.111900
9520   0.115900
9521   0.118500
9522   0.118100
9523   0.116100
9524   0.116400
9525   0.115900
9526   0.113400
9527   0.116600
9528   0.111300
9529   0.113200
9530   0.110800
9531   0.104400
9532   0.105000
9533   0.103900
9534   0.101900
9535   0.094300
9536   0.094500
9537   0.095100
9538   0.098800
9539   0.100900
9540   0.101400
9541   0.097500
9542   0.096800
9543   0.094900
9544   0.091500
9545   0.091600
9546   0.094300
9547   0.088400
9548   0.084700
9549   0.082800
9550   0.085600
9551   0.080900
9552   0.076500
9553   0.077000
9554   0.076100
9555   0.082400
9556   0.074700
9557   0.070400
9558   0.078000
9559   0.075400
9560   0.074900
9561   0.076700
9562   0.073100
9563   0.069000
9564   0.068500
9565   0.072700
9566   0.074600
9567   0.068300
9568   0.061500
9569   0.066300
9570   0.060700
9571   0.065100
9572   0.067400
9573   0.066200
9574   0.070200
9575   0.066500
9576   0.065300
9577   0.062600
9578   0.064700
9579   0.063000
9580   0.063700
9581   0.070800
9582   0.073000
9583   0.072400
9584   0.074000
9585   0.076100
9586   0.074200
9587   0.067200
9588   0.069700
9589   0.068000
9590   0.072200
9591   0.068400
9592   0.068600
9593   0.070200
9594   0.074400
9595   0.074400
9596   0.070300
9597   0.063500
9598   0.067400
9599   0.072600
9600   0.071200
9601   0.065300
9602   0.065700
9603   0.067400
9604   0.066700
9605   0.063500
9606   0.057100
9607   0.057100
9608   0.060700
9609   0.066700
9610   0.064900
9611   0.066700
9612   0.057800
9613   0.055700
9614   0.055700
9615   0.059200
9616   0.055800
9617   0.058600
9618   0.056400
9619   0.055000
9620   0.055800
9621   0.053800
9622   0.052400
9623   0.052200
9624   0.050800
9625   0.052100
9626   0.052100
9627   0.044100
9628   0.047700
9629   0.047000
9630   0.046800
9631   0.041200
9632   0.037200
9633   0.031400
9634   0.029900
9635   0.040300
9636   0.035200
9637   0.035700
9638   0.036100
9639   0.036900
9640   0.042100
9641   0.044400
9642   0.049700
9643   0.043700
9644   0.041000
9645   0.042100
9646   0.044300
9647   0.044400
9648   0.047400
9649   0.042500
9650   0.038200
9651   0.040700
9652   0.043200
9653   0.047100
9654   0.053400
9655   0.048100
9656   0.047500
9657   0.050600
9658   0.047900
9659   0.047400
9660   0.044200
9661   0.041300
9662   0.042500
9663   0.043400
9664   0.043700
9665   0.041000
9666   0.043600
9667   0.042600
9668   0.046600
9669   0.045400
9670   0.040200
9671   0.040400
9672   0.037700
9673   0.039700
9674   0.038000
9675   0.037200
9676   0.041200
9677   0.035500
9678   0.036100
9679   0.031400
9680   0.030100
9681   0.029400
9682   0.026700
9683   0.018100
9684   0.019400
9685   0.016700
9686   0.010200
9687   0.012700
9688   0.011900
9689   0.012000
9690   0.013700
9691   0.014700
9692   0.020700
9693   0.025200
9694   0.024900
9695   0.029500
9696   0.027900
9697   0.027700
9698   0.024500
9699   0.024800
9700   0.024400
9701   0.023300
9702   0.021300
9703   0.016500
9704   0.019700
9705   0.022100
9706   0.020100
9707   0.017500
9708   0.014200
9709   0.008300
9710   0.014100
9711   0.017600
9712   0.023100
9713   0.027600
9714   0.028300
9715   0.030400
9716   0.030900
9717   0.029300
9718   0.029400
9719   0.031100
9720   0.033200
9721   0.035000
9722   0.031800
9723   0.027200
9724   0.029300
9725   0.029600
9726   0.027700
9727   0.020900
9728   0.021700
9729   0.022000
9730   0.017300
9731   0.017800
9732   0.017600
9733   0.010600
9734   0.008900
9735   0.006000
9736   0.007000
9737   0.009500
9738   0.003500
9739   0.013000
9740   0.017100
9741   0.014000
9742   0.008200
9743   0.008700
9744   0.004500
9745   0.001100
9746   0.000200
9747  -0.003000
9748  -0.001700
9749  -0.007400
9750  -0.006700
9751  -0.005200
9752  -0.005900
9753  -0.003100
9754   0.005100
9755   0.009100
9756   0.008200
9757   0.003500
9758  -0.000900
9759  -0.000100
9760  -0.001100
9761   0.001500
9762   0.000300
9763   0.000000
9764   0.005400
9765   0.002200
9766   0.001800
9767   0.001600
9768   0.000700
9769   0.003800
9770   0.008500
9771   0.011900
9772   0.005300
9773   0.007400
9774   0.009600
9775   0.011100
9776   0.011300
9777   0.019100
9778   0.017400
9779   0.022600
9780   0.017900
9781   0.027100
9782   0.022200
9783   0.021000
9784   0.022800
9785   0.026900
9786   0.022600
9787   0.016900
9788   0.022400
9789   0.024200
9790   0.034000
9791   0.032400
9792   0.032000
9793   0.024100
9794   0.022800
9795   0.027500
9796   0.023200
9797   0.027600
9798   0.027200
9799   0.028400
9800   0.029500
9801   0.032500
9802   0.035900
9803   0.037200
9804   0.040000
9805   0.040000
9806   0.038500
9807   0.031200
9808   0.029700
9809   0.032700
9810   0.026200
9811   0.026200
9812   0.029800
9813   0.027300
9814   0.032100
9815   0.029500
9816   0.028000
9817   0.031100
9818   0.032700
9819   0.027300
9820   0.028600
9821   0.023500
9822   0.025100
9823   0.032600
9824   0.032100
9825   0.036000
9826   0.034300
9827   0.035900
9828   0.034500
9829   0.039200
9830   0.037700
9831   0.038900
9832   0.034500
9833   0.041800
9834   0.045900
9835   0.047400
9836   0.050200
9837   0.052700
9838   0.050800
9839   0.054300
9840   0.058000
9841   0.054700
9842   0.054200
9843   0.050400
9844   0.046300
9845   0.051300
9846   0.053600
9847   0.053100
9848   0.050200
9849   0.047800
9850   0.048300
9851   0.045000
9852   0.042500
9853   0.042200
9854   0.039200
9855   0.039400
9856   0.039500
9857   0.036100
9858   0.029200
9859   0.023900
9860   0.019100
9861   0.016900
9862   0.007700
9863   0.013600
9864   0.016200
9865   0.015800
9866   0.018200
9867   0.018500
9868   0.016100
9869   0.025000
9870   0.026700
9871   0.026000
9872   0.030800
9873   0.032400
9874   0.032900
9875   0.037100
9876   0.036400
9877   0.040200
9878   0.041000
9879   0.047100
9880   0.046300
9881   0.044900
9882   0.046300
9883   0.048300
9884   0.044800
9885   0.043100
9886   0.048900
9887   0.042700
9888   0.045900
9889   0.041000
9890   0.044200
9891   0.042400
9892   0.040800
9893   0.040300
9894   0.044500
9895   0.038900
9896   0.038300
9897   0.035600
9898   0.035700
9899   0.036100
9900   0.035300
9901   0.037600
9902   0.045600
9903   0.046000
9904   0.044000
9905   0.042300
9906   0.042100
9907   0.038400
9908   0.038700
9909   0.041100
9910   0.045200
9911   0.049900
9912   0.053900
9913   0.054800
9914   0.055200
9915   0.055000
9916   0.058100
9917   0.059200
9918   0.057700
9919   0.048500
9920   0.047700
9921   0.051500
9922   0.045900
9923   0.051900
9924   0.049400
9925   0.055700
9926   0.055400
9927   0.055100
9928   0.045500
9929   0.052600
9930   0.055200
9931   0.057200
9932   0.057100
9933   0.052400
9934   0.048500
9935   0.050000
9936   0.046400
9937   0.053900
9938   0.050800
9939   0.050900
9940   0.061100
9941   0.059500
9942   0.059400
9943   0.064200
9944   0.062900
9945   0.055500
9946   0.061100
9947   0.058100
9948   0.062000
9949   0.060000
9950   0.057600
9951   0.061500
9952   0.066200
9953   0.063900
9954   0.064900
9955   0.063600
9956   0.062900
9957   0.054200
9958   0.057700
9959   0.060300
9960   0.051000
9961   0.046500
9962   0.051300
9963   0.054500
9964   0.048900
9965   0.050800
9966   0.058900
9967   0.054300
9968   0.052500
9969   0.052000
9970   0.053000
9971   0.053400
9972   0.058800
9973   0.055600
9974   0.052900
9975   0.056500
9976   0.053800
9977   0.055500
9978   0.050600
9979   0.045100
9980   0.047500
9981   0.047400
9982   0.047400
9983   0.048200
9984   0.048700
9985   0.046700
9986   0.039600
9987   0.041000
9988   0.050100
9989   0.050400
9990   0.058000
9991   0.053800
9992   0.053600
9993   0.052600
9994   0.057800
9995   0.064000
9996   0.063500
9997   0.062600
9998   0.064900
9999   0.060200
10000   0.061100
10001   0.069400
10002   0.068000
10003   0.075000
10004   0.077300
10005   0.077500
10006   0.081600
10007   0.079700
10008   0.078900
10009   0.078900
10010   0.082600
10011   0.080900
10012   0.082900
10013   0.084300
10014   0.084900
10015   0.087200
10016   0.088200
10017   0.084800
10018   0.086200
10019   0.081500
10020   0.080000
10021   0.080600
10022   0.083000
10023   0.083400
10024   0.089100
10025   0.082200
10026   0.082600
10027   0.077500
10028   0.080200
10029   0.075100
10030   0.075700
10031   0.077900
10032   0.081200
10033   0.082200
10034   0.080400
10035   0.075700
10036   0.068900
10037   0.072800
10038   0.072000
10039   0.068200
10040   0.075900
10041   0.077800
10042   0.075000
10043   0.079100
10044   0.081600
10045   0.075800
10046   0.082100
10047   0.087300
10048   0.089700
10049   0.087400
10050   0.079700
10051   0.074600
10052   0.073900
10053   0.076400
10054   0.078200
10055   0.077000
10056   0.079800
10057   0.077700
10058   0.081700
10059   0.079300
10060   0.081700
10061   0.082200
10062   0.079400
10063   0.077800
10064   0.079400
10065   0.079600
10066   0.082900
10067   0.082900
10068   0.081300
10069   0.084700
10070   0.077900
10071   0.081500
10072   0.084400
10073   0.084400
10074   0.087100
10075   0.084900
10076   0.086400
10077   0.084600
10078   0.085900
10079   0.079900
10080   0.081200
10081   0.080200
10082   0.088400
10083   0.089700
10084   0.085300
10085   0.089800
10086   0.092300
10087   0.094600
10088   0.091800
10089   0.100700
10090   0.104900
10091   0.106500
10092   0.105200
10093   0.106800
10094   0.106300
10095   0.107700
10096   0.106900
10097   0.101700
10098   0.102400
10099   0.102300
10100   0.101900
10101   0.099100
10102   0.104400
10103   0.096000
10104   0.096300
10105   0.098300
10106   0.096400
10107   0.102100
10108   0.101900
10109   0.090500
10110   0.091300
10111   0.084700
10112   0.079400
10113   0.071500
10114   0.068900
10115   0.064600
10116   0.057200
10117   0.055600
10118   0.065000
10119   0.066000
10120   0.064700
10121   0.059300
10122   0.054500
10123   0.056600
10124   0.056900
10125   0.054400
10126   0.053200
10127   0.055400
10128   0.059700
10129   0.059800
10130   0.060000
10131   0.057500
10132   0.057100
10133   0.055800
10134   0.063600
10135   0.068500
10136   0.072300
10137   0.067900
10138   0.071300
10139   0.080600
10140   0.086800
10141   0.082800
10142   0.080200
10143   0.077600
10144   0.080200
10145   0.083200
10146   0.079900
10147   0.082700
10148   0.080400
10149   0.081300
10150   0.080800
10151   0.080000
10152   0.073000
10153   0.067400
10154   0.061600
10155   0.063400
10156   0.064600
10157   0.068300
10158   0.070600
10159   0.068800
10160   0.067600
10161   0.070800
10162   0.072700
10163   0.076300
10164   0.076300
10165   0.079100
10166   0.083800
10167   0.080700
10168   0.079300
10169   0.081000
10170   0.083200
10171   0.082500
10172   0.082800
10173   0.087700
10174   0.090900
10175   0.095900
10176   0.086200
10177   0.090300
10178   0.087100
10179   0.086100
10180   0.085100
10181   0.078400
10182   0.081100
10183   0.085400
10184   0.084000
10185   0.080200
10186   0.080300
10187   0.076500
10188   0.078800
10189   0.079000
10190   0.075600
10191   0.073600
10192   0.074800
10193   0.078400
10194   0.080700
10195   0.079100
10196   0.083600
10197   0.084700
10198   0.080800
10199   0.084700
10200   0.088300
10201   0.090300
10202   0.094700
10203   0.092900
10204   0.093800
10205   0.095800
10206   0.102400
10207   0.099700
10208   0.099900
10209   0.098000
10210   0.096700
10211   0.097700
10212   0.099600
10213   0.098400
10214   0.098900
10215   0.104800
10216   0.101500
10217   0.103000
10218   0.100300
10219   0.102700
10220   0.106600
10221   0.106800
10222   0.108900
10223   0.112700
10224   0.110900
10225   0.108600
10226   0.104500
10227   0.105400
10228   0.104300
10229   0.106700
10230   0.105900
10231   0.101700
10232   0.102600
10233   0.098800
10234   0.090200
10235   0.085000
10236   0.083400
10237   0.085100
10238   0.084600
10239   0.087700
10240   0.089500
10241   0.087700
10242   0.084300
10243   0.088300
10244   0.086300
10245   0.087100
10246   0.086200
10247   0.086100
10248   0.091600
10249   0.090500
10250   0.085200
10251   0.084600
10252   0.081300
10253   0.080500
10254   0.079300
10255   0.083000
10256   0.089100
10257   0.088600
10258   0.092400
10259   0.099700
10260   0.097800
10261   0.098100
10262   0.096100
10263   0.097900
10264   0.098500
10265   0.101300
10266   0.109900
10267   0.103300
10268   0.103700
10269   0.100000
10270   0.101800
10271   0.099200
10272   0.093600
10273   0.103100
10274   0.100300
10275   0.104300
10276   0.104900
10277   0.101100
10278   0.091800
10279   0.092600
10280   0.096700
10281   0.108600
10282   0.105500
10283   0.106400
10284   0.109100
10285   0.113100
10286   0.109500
10287   0.116200
10288   0.112500
10289   0.118000
10290   0.114000
10291   0.109900
10292   0.110400
10293   0.110700
10294   0.114000
10295   0.110400
10296   0.112100
10297   0.108100
10298   0.102700
10299   0.096000
10300   0.094400
10301   0.095600
10302   0.098800
10303   0.097600
10304   0.095500
10305   0.094900
10306   0.091500
10307   0.085800
10308   0.088400
10309   0.083900
10310   0.078900
10311   0.082200
10312   0.082900
10313   0.075800
10314   0.075100
10315   0.074100
10316   0.071900
10317   0.075600
10318   0.076300
10319   0.077000
10320   0.081100
10321   0.084800
10322   0.081600
10323   0.074800
10324   0.073000
10325   0.065500
10326   0.061600
10327   0.061000
10328   0.064500
10329   0.072500
10330   0.070800
10331   0.071600
10332   0.072300
10333   0.075200
10334   0.077700
10335   0.073400
10336   0.076500
10337   0.078000
10338   0.078400
10339   0.077800
10340   0.083200
10341   0.077000
10342   0.075900
10343   0.079200
10344   0.077000
10345   0.075800
10346   0.073900
10347   0.071300
10348   0.070100
10349   0.072700
10350   0.072300
10351   0.080600
10352   0.082800
10353   0.087500
10354   0.085500
10355   0.084400
10356   0.088200
10357   0.088700
10358   0.090200
10359   0.086700
10360   0.093600
10361   0.095700
10362   0.094200
10363   0.093500
10364   0.099200
10365   0.094800
10366   0.094400
10367   0.091600
10368   0.087600
10369   0.088200
10370   0.088300
10371   0.081300
10372   0.085000
10373   0.083900
10374   0.084000
10375   0.083800
10376   0.087700
10377   0.084300
10378   0.078400
10379   0.079400
10380   0.077700
10381   0.078900
10382   0.079300
10383   0.083000
10384   0.084300
10385   0.087200
10386   0.081600
10387   0.079900
10388   0.088100
10389   0.092600
10390   0.095400
10391   0.097000
10392   0.093800
10393   0.085800
10394   0.082100
10395   0.083700
10396   0.084700
10397   0.086600
10398   0.089600
10399   0.089900
10400   0.098100
10401   0.103400
10402   0.103200
10403   0.106800
10404   0.111500
10405   0.113200
10406   0.112800
10407   0.106700
10408   0.104700
10409   0.110700
10410   0.108400
10411   0.111300
10412   0.112900
10413   0.118100
10414   0.120400
10415   0.111500
10416   0.116800
10417   0.117800
10418   0.122700
10419   0.119600
10420   0.124700
10421   0.121200
10422   0.125500
10423   0.136400
10424   0.130700
10425   0.125500
10426   0.124000
10427   0.118900
10428   0.117600
10429   0.117500
10430   0.119800
10431   0.121400
10432   0.122900
10433   0.128800
10434   0.127700
10435   0.123900
10436   0.128200
10437   0.128100
10438   0.122500
10439   0.124000
10440   0.124500
10441   0.123800
10442   0.115200
10443   0.118500
10444   0.113000
10445   0.119200
10446   0.120500
10447   0.122100
10448   0.123100
10449   0.124400
10450   0.125300
10451   0.126000
10452   0.120900
10453   0.124000
10454   0.121600
10455   0.125500
10456   0.125500
10457   0.127900
10458   0.126400
10459   0.127700
10460   0.127100
10461   0.128300
10462   0.130000
10463   0.131000
10464   0.129200
10465   0.132900
10466   0.128800
10467   0.131600
10468   0.130900
10469   0.131400
10470   0.133000
10471   0.134300
10472   0.139500
10473   0.139700
10474   0.135900
10475   0.139100
10476   0.139600
10477   0.136500
10478   0.136000
10479   0.133700
10480   0.132700
10481   0.130500
10482   0.128700
10483   0.129700
10484   0.124900
10485   0.124900
10486   0.127000
10487   0.122400
10488   0.126300
10489   0.127700
10490   0.127300
10491   0.132300
10492   0.126900
10493   0.122900
10494   0.121600
10495   0.122000
10496   0.121300
10497   0.121700
10498   0.118200
10499   0.116200
10500   0.115000
10501   0.116300
10502   0.120100
10503   0.114200
10504   0.109300
10505   0.108300
10506   0.099100
10507   0.097400
10508   0.097600
10509   0.098100
10510   0.095600
10511   0.094800
10512   0.096400
10513   0.093500
10514   0.097100
10515   0.097000
10516   0.102100
10517   0.108100
10518   0.111200
10519   0.115100
10520   0.110200
10521   0.104800
10522   0.105000
10523   0.105500
10524   0.108800
10525   0.111100
10526   0.110900
10527   0.102400
10528   0.098800
10529   0.092100
10530   0.095800
10531   0.098800
10532   0.094400
10533   0.093600
10534   0.099800
10535   0.101700
10536   0.106400
10537   0.107800
10538   0.113000
10539   0.109600
10540   0.114000
10541   0.114400
10542   0.115800
10543   0.117700
10544   0.117700
10545   0.122100
10546   0.124700
10547   0.123200
10548   0.124500
10549   0.127800
10550   0.130900
10551   0.140000
10552   0.144000
10553   0.145200
10554   0.144000
10555   0.149500
10556   0.148100
10557   0.147600
10558   0.153000
10559   0.153000
10560   0.154300
10561   0.148200
10562   0.149400
10563   0.142500
10564   0.140700
10565   0.139500
10566   0.143300
10567   0.139500
10568   0.130200
10569   0.132400
10570   0.137300
10571   0.133200
10572   0.127700
10573   0.129500
10574   0.131000
10575   0.131100
10576   0.127500
10577   0.131100
10578   0.135300
10579   0.128800
10580   0.131100
10581   0.131100
10582   0.121500
10583   0.123600
10584   0.120500
10585   0.120000
10586   0.120200
10587   0.119500
10588   0.124700
10589   0.121700
10590   0.119800
10591   0.116300
10592   0.109800
10593   0.116900
10594   0.114000
10595   0.117400
10596   0.107200
10597   0.105600
10598   0.112300
10599   0.112400
10600   0.121800
10601   0.120800
10602   0.120600
10603   0.121900
10604   0.115100
10605   0.114600
10606   0.113100
10607   0.110400
10608   0.110100
10609   0.107500
10610   0.108600
10611   0.113400
10612   0.109200
10613   0.113900
10614   0.110400
10615   0.102200
10616   0.106200
10617   0.100300
10618   0.102300
10619   0.101700
10620   0.093200
10621   0.099600
10622   0.096700
10623   0.100400
10624   0.097200
10625   0.092200
10626   0.088500
10627   0.087000
10628   0.089800
10629   0.084000
10630   0.083800
10631   0.082800
10632   0.082000
10633   0.072700
10634   0.073300
10635   0.079600
10636   0.081500
10637   0.080000
10638   0.083200
10639   0.082800
10640   0.080900
10641   0.079400
10642   0.085100
10643   0.090300
10644   0.086400
10645   0.087300
10646   0.096100
10647   0.100700
10648   0.098500
10649   0.095100
10650   0.089700
10651   0.089500
10652   0.092000
10653   0.086700
10654   0.085400
10655   0.088000
10656   0.085500
10657   0.091200
10658   0.080800
10659   0.078900
10660   0.075300
10661   0.071800
10662   0.070400
10663   0.070200
10664   0.074600
10665   0.079900
10666   0.080100
10667   0.086800
10668   0.086100
10669   0.084600
10670   0.082500
10671   0.084100
10672   0.087900
10673   0.086200
10674   0.087900
10675   0.094300
10676   0.096100
10677   0.098500
10678   0.103600
10679   0.105500
10680   0.111500
10681   0.115300
10682   0.122500
10683   0.128000
10684   0.126200
10685   0.124300
10686   0.119900
10687   0.115800
10688   0.117900
10689   0.117300
10690   0.115100
10691   0.114300
10692   0.107900
10693   0.106700
10694   0.104800
10695   0.109700
10696   0.110400
10697   0.109400
10698   0.113100
10699   0.108600
10700   0.102800
10701   0.098600
10702   0.094400
10703   0.096500
10704   0.091400
10705   0.091800
10706   0.092700
10707   0.095200
10708   0.091600
10709   0.092900
10710   0.093700
10711   0.089800
10712   0.087800
10713   0.093100
10714   0.096200
10715   0.096200
10716   0.090600
10717   0.094100
10718   0.095000
10719   0.095000
10720   0.101800
10721   0.101800
10722   0.097000
10723   0.093800
10724   0.091400
10725   0.091800
10726   0.098500
10727   0.097500
10728   0.102800
10729   0.101900
10730   0.097900
10731   0.090000
10732   0.090000
10733   0.086200
10734   0.083800
10735   0.083000
10736   0.081200
10737   0.078200
10738   0.082900
10739   0.087000
10740   0.083800
10741   0.081900
10742   0.079700
10743   0.079900
10744   0.079600
10745   0.079900
10746   0.076600
10747   0.077600
10748   0.077400
10749   0.070900
10750   0.067300
10751   0.064000
10752   0.057100
10753   0.053200
10754   0.054300
10755   0.060600
10756   0.061100
10757   0.060600
10758   0.060400
10759   0.055400
10760   0.054900
10761   0.057000
10762   0.059400
10763   0.066000
10764   0.065000
10765   0.060900
10766   0.057900
10767   0.059200
10768   0.058800
10769   0.062700
10770   0.063500
10771   0.065800
10772   0.061000
10773   0.057800
10774   0.060700
10775   0.069400
10776   0.071200
10777   0.076100
10778   0.074800
10779   0.074900
10780   0.077500
10781   0.077200
10782   0.077800
10783   0.084100
10784   0.088800
10785   0.086600
10786   0.082500
10787   0.080000
10788   0.081600
10789   0.081500
10790   0.074200
10791   0.077300
10792   0.077900
10793   0.082900
10794   0.078300
10795   0.073900
10796   0.078200
10797   0.075400
10798   0.082600
10799   0.083900
10800   0.078000
10801   0.077000
10802   0.080100
10803   0.079600
10804   0.080400
10805   0.078400
10806   0.077600
10807   0.070400
10808   0.077200
10809   0.077400
10810   0.077500
10811   0.084500
10812   0.083900
10813   0.085300
10814   0.081900
10815   0.079200
10816   0.081400
10817   0.087300
10818   0.087300
10819   0.091200
10820   0.094300
10821   0.092100
10822   0.091200
10823   0.084800
10824   0.088300
10825   0.090800
10826   0.098100
10827   0.097800
10828   0.103900
10829   0.104400
10830   0.109500
10831   0.110100
10832   0.112200
10833   0.113000
10834   0.115300
10835   0.111400
10836   0.110900
10837   0.111000
10838   0.107600
10839   0.107900
10840   0.103200
10841   0.106500
10842   0.106000
10843   0.106700
10844   0.110600
10845   0.112300
10846   0.104000
10847   0.101900
10848   0.103300
10849   0.105100
10850   0.105200
10851   0.101700
10852   0.102200
10853   0.100700
10854   0.097400
10855   0.094300
10856   0.093800
10857   0.090900
10858   0.090400
10859   0.091300
10860   0.088200
10861   0.081700
10862   0.080600
10863   0.081200
10864   0.075200
10865   0.073200
10866   0.067300
10867   0.068900
10868   0.068100
10869   0.071900
10870   0.070300
10871   0.068800
10872   0.067300
10873   0.063400
10874   0.064500
10875   0.070900
10876   0.066200
10877   0.063500
10878   0.060500
10879   0.060100
10880   0.053600
10881   0.054100
10882   0.049100
10883   0.050800
10884   0.046100
10885   0.047900
10886   0.046400
10887   0.047100
10888   0.051600
10889   0.054500
10890   0.056600
10891   0.061700
10892   0.065200
10893   0.069100
10894   0.064000
10895   0.071000
10896   0.081200
10897   0.081200
10898   0.082500
10899   0.095900
10900   0.099800
10901   0.096700
10902   0.102000
10903   0.104700
10904   0.101700
10905   0.107200
10906   0.109400
10907   0.117200
10908   0.112600
10909   0.110700
10910   0.110500
10911   0.113200
10912   0.113400
10913   0.115000
10914   0.116300
10915   0.112800
10916   0.121000
10917   0.118100
10918   0.119400
10919   0.124200
10920   0.123800
10921   0.128800
10922   0.129300
10923   0.135700
10924   0.136400
10925   0.131400
10926   0.129900
10927   0.134900
10928   0.134000
10929   0.134500
10930   0.132800
10931   0.126800
10932   0.122000
10933   0.125300
10934   0.127200
10935   0.136500
10936   0.134800
10937   0.132600
10938   0.130900
10939   0.138400
10940   0.134600
10941   0.132100
10942   0.133300
10943   0.130900
10944   0.127800
10945   0.123300
10946   0.116400
10947   0.112000
10948   0.110800
10949   0.110500
10950   0.109800
10951   0.111500
10952   0.112700
10953   0.109500
10954   0.110000
10955   0.104400
10956   0.105000
10957   0.102300
10958   0.099300
10959   0.104400
10960   0.101200
10961   0.095300
10962   0.092700
10963   0.095600
10964   0.087400
10965   0.087500
10966   0.088100
10967   0.089600
10968   0.086100
10969   0.083000
10970   0.085200
10971   0.087000
10972   0.092100
10973   0.092300
10974   0.093500
10975   0.094000
10976   0.090300
10977   0.087400
10978   0.090100
10979   0.091900
10980   0.087800
10981   0.087400
10982   0.084200
10983   0.082500
10984   0.081800
10985   0.080100
10986   0.084600
10987   0.083300
10988   0.084600
10989   0.083100
10990   0.089300
10991   0.092400
10992   0.088100
10993   0.091200
10994   0.089100
10995   0.091900
10996   0.094000
10997   0.096700
10998   0.098200
10999   0.094800
11000   0.088300
11001   0.089900
11002   0.083100
11003   0.087000
11004   0.086300
11005   0.092000
11006   0.094100
11007   0.101600
11008   0.095500
11009   0.105500
11010   0.106000
11011   0.110600
11012   0.108400
11013   0.101100
11014   0.095800
11015   0.095700
11016   0.094300
11017   0.091300
11018   0.092000
11019   0.093300
11020   0.092300
11021   0.087100
11022   0.088800
11023   0.084900
11024   0.090400
11025   0.092600
11026   0.098100
11027   0.098800
11028   0.092600
11029   0.089500
11030   0.090600
11031   0.085700
11032   0.087200
11033   0.083800
11034   0.087800
11035   0.082500
11036   0.093100
11037   0.087200
11038   0.084000
11039   0.086700
11040   0.084300
11041   0.079800
11042   0.077200
11043   0.079700
11044   0.078000
11045   0.069500
11046   0.068300
11047   0.063400
11048   0.057500
11049   0.056900
11050   0.053500
11051   0.057000
11052   0.059500
11053   0.059500
11054   0.062000
11055   0.060700
11056   0.059600
11057   0.063800
11058   0.069200
11059   0.070100
11060   0.075300
11061   0.072500
11062   0.063100
11063   0.056700
11064   0.056900
11065   0.057600
11066   0.061000
11067   0.059600
11068   0.065800
11069   0.067500
11070   0.069400
11071   0.072800
11072   0.075200
11073   0.074500
11074   0.069800
11075   0.061700
11076   0.063600
11077   0.063300
11078   0.065800
11079   0.068200
11080   0.072300
11081   0.074100
11082   0.077200
11083   0.078100
11084   0.079600
11085   0.075300
11086   0.074000
11087   0.083400
11088   0.084000
11089   0.086600
11090   0.080100
11091   0.079200
11092   0.085300
11093   0.084700
11094   0.087200
11095   0.088900
11096   0.094200
11097   0.088200
11098   0.089000
11099   0.094200
11100   0.092600
11101   0.087700
11102   0.088100
11103   0.088700
11104   0.095100
11105   0.094200
11106   0.088300
11107   0.088400
11108   0.098900
11109   0.096000
11110   0.100100
11111   0.099200
11112   0.095800
11113   0.091700
11114   0.090900
11115   0.093700
11116   0.093400
11117   0.096400
11118   0.093000
11119   0.094800
11120   0.090800
11121   0.093800
11122   0.094200
11123   0.093200
11124   0.092000
11125   0.083500
11126   0.085500
11127   0.086700
11128   0.088600
11129   0.091900
11130   0.087100
11131   0.079800
11132   0.081500
11133   0.083600
11134   0.078500
11135   0.079300
11136   0.084400
11137   0.083700
11138   0.081200
11139   0.083600
11140   0.084900
11141   0.080800
11142   0.086400
11143   0.081500
11144   0.076600
11145   0.067700
11146   0.063100
11147   0.061300
11148   0.062800
11149   0.067400
11150   0.066800
11151   0.076000
11152   0.069100
11153   0.066300
11154   0.064400
11155   0.056100
11156   0.059200
11157   0.062100
11158   0.068800
11159   0.066600
11160   0.066000
11161   0.064100
11162   0.062200
11163   0.062600
11164   0.067600
11165   0.070600
11166   0.065800
11167   0.057700
11168   0.057300
11169   0.059500
11170   0.061200
11171   0.064400
11172   0.066800
11173   0.065800
11174   0.066100
11175   0.065900
11176   0.061600
11177   0.065000
11178   0.072700
11179   0.068100
11180   0.065700
11181   0.064000
11182   0.063600
11183   0.063400
11184   0.055000
11185   0.054400
11186   0.048400
11187   0.050200
11188   0.046700
11189   0.048100
11190   0.050500
11191   0.051700
11192   0.049000
11193   0.044000
11194   0.041000
11195   0.039600
11196   0.038400
11197   0.036500
11198   0.031300
11199   0.030700
11200   0.034000
11201   0.025700
11202   0.021100
11203   0.026300
11204   0.027900
11205   0.028700
11206   0.034000
11207   0.036800
11208   0.034700
11209   0.034400
11210   0.032600
11211   0.031500
11212   0.028500
11213   0.030400
11214   0.032800
11215   0.036500
11216   0.029200
11217   0.027500
11218   0.024500
11219   0.017500
11220   0.016900
11221   0.014100
11222   0.019700
11223   0.018400
11224   0.021600
11225   0.022900
11226   0.022200
11227   0.021600
11228   0.024600
11229   0.017700
11230   0.025200
11231   0.026900
11232   0.031000
11233   0.034000
11234   0.040400
11235   0.040200
11236   0.041900
11237   0.040300
11238   0.038600
11239   0.037600
11240   0.035800
11241   0.034100
11242   0.030300
11243   0.029200
11244   0.032000
11245   0.029800
11246   0.031500
11247   0.029100
11248   0.029300
11249   0.029500
11250   0.026200
11251   0.027400
11252   0.025900
11253   0.027200
11254   0.023500
11255   0.023300
11256   0.022900
11257   0.024800
11258   0.022100
11259   0.023200
11260   0.020100
11261   0.021200
11262   0.020100
11263   0.014400
11264   0.015000
11265   0.013300
11266   0.013300
11267   0.015400
11268   0.013900
11269   0.020800
11270   0.021700
11271   0.016300
11272   0.011900
11273   0.010800
11274   0.015500
11275   0.018200
11276   0.018000
11277   0.015400
11278   0.015800
11279   0.019900
11280   0.026600
11281   0.027100
11282   0.028500
11283   0.029200
11284   0.027000
11285   0.023900
11286   0.019400
11287   0.020100
11288   0.016500
11289   0.018200
11290   0.016100
11291   0.018800
11292   0.016400
11293   0.013500
11294   0.005500
11295   0.004300
11296   0.002300
11297   0.002400
11298   0.001000
11299   0.003100
11300   0.005400
11301   0.010200
11302   0.008800
11303   0.015700
11304   0.020600
11305   0.021500
11306   0.026600
11307   0.022800
11308   0.024500
11309   0.024900
11310   0.027600
11311   0.028000
11312   0.031800
11313   0.032100
11314   0.031900
11315   0.033000
11316   0.038600
11317   0.046600
11318   0.043300
11319   0.047900
11320   0.048400
11321   0.052900
11322   0.051600
11323   0.051600
11324   0.055200
11325   0.060600
11326   0.070500
11327   0.066900
11328   0.065800
11329   0.060100
11330   0.061300
11331   0.064500
11332   0.067300
11333   0.067100
11334   0.066800
11335   0.068800
11336   0.064900
11337   0.067800
11338   0.071100
11339   0.075000
11340   0.075700
11341   0.070600
11342   0.062000
11343   0.067800
11344   0.066000
11345   0.066000
11346   0.062700
11347   0.070500
11348   0.066000
11349   0.066400
11350   0.070600
11351   0.072300
11352   0.071700
11353   0.070200
11354   0.069900
11355   0.066800
11356   0.063200
11357   0.063200
11358   0.063000
11359   0.067000
11360   0.066000
11361   0.062600
11362   0.067500
11363   0.068800
11364   0.069000
11365   0.064900
11366   0.067400
11367   0.061000
11368   0.057000
11369   0.055400
11370   0.051500
11371   0.049600
11372   0.051200
11373   0.050200
11374   0.056300
11375   0.057300
11376   0.050500
11377   0.049800
11378   0.049200
11379   0.039800
11380   0.036800
11381   0.041900
11382   0.046900
11383   0.048300
11384   0.047600
11385   0.047900
11386   0.051400
11387   0.057600
11388   0.058400
11389   0.065500
11390   0.061600
11391   0.063300
11392   0.061000
11393   0.061800
11394   0.059600
11395   0.060000
11396   0.059600
11397   0.065300
11398   0.063600
11399   0.057800
11400   0.058500
11401   0.057600
11402   0.057100
11403   0.054600
11404   0.053900
11405   0.052300
11406   0.052200
11407   0.059600
11408   0.049600
11409   0.052500
11410   0.049300
11411   0.046300
11412   0.038400
11413   0.040000
11414   0.046000
11415   0.051900
11416   0.052300
11417   0.059700
11418   0.056300
11419   0.055900
11420   0.059000
11421   0.058500
11422   0.055000
11423   0.057800
11424   0.054800
11425   0.054600
11426   0.058300
11427   0.056900
11428   0.050800
11429   0.048100
11430   0.046300
11431   0.043400
11432   0.048700
11433   0.044900
11434   0.049400
11435   0.053100
11436   0.056300
11437   0.053300
11438   0.048600
11439   0.050100
11440   0.051100
11441   0.044800
11442   0.041300
11443   0.045600
11444   0.048800
11445   0.042500
11446   0.041300
11447   0.044600
11448   0.046300
11449   0.043200
11450   0.046700
11451   0.046900
11452   0.046800
11453   0.041300
11454   0.035000
11455   0.031600
11456   0.030000
11457   0.026600
11458   0.025300
11459   0.026000
11460   0.017700
11461   0.026900
11462   0.023100
11463   0.018500
11464   0.013200
11465   0.009400
11466   0.010500
11467   0.012000
11468   0.013000
11469   0.014600
11470   0.012300
11471   0.009200
11472   0.010200
11473   0.012000
11474   0.016500
11475   0.013100
11476   0.016300
11477   0.017600
11478   0.012400
11479   0.010500
11480   0.006500
11481   0.008200
11482   0.009100
11483   0.008000
11484   0.009100
11485   0.007800
11486   0.005500
11487   0.012000
11488   0.012700
11489   0.009000
11490   0.006000
11491   0.010000
11492   0.008200
11493   0.003800
11494   0.001900
11495   0.007300
11496   0.002900
11497   0.005600
11498   0.009600
11499   0.008300
11500   0.004100
11501   0.001300
11502   0.008800
11503   0.009800
11504   0.006100
11505   0.009500
11506   0.004100
11507  -0.000700
11508   0.008300
11509   0.005900
11510   0.003900
11511   0.002000
11512   0.005600
11513   0.016000
11514   0.009200
11515   0.004800
11516   0.011300
11517   0.009900
11518   0.014300
11519   0.014400
11520   0.016100
11521   0.013800
11522   0.008700
11523   0.005800
11524   0.007700
11525   0.004800
11526   0.005300
11527   0.002500
11528  -0.001800
11529  -0.003100
11530   0.000100
11531  -0.000500
11532   0.006200
11533   0.015000
11534   0.019700
11535   0.021900
11536   0.025400
11537   0.022200
11538   0.016000
11539   0.006500
11540   0.009500
11541   0.007800
11542   0.005400
11543  -0.000200
11544   0.003800
11545   0.004900
11546   0.006800
11547   0.007400
11548   0.011100
11549   0.014500
11550   0.015300
11551   0.010200
11552   0.005200
11553   0.007400
11554   0.013200
11555   0.011100
11556   0.009600
11557   0.010900
11558   0.004100
11559   0.008400
11560   0.009500
11561   0.011900
11562   0.011500
11563   0.003700
11564   0.003900
11565   0.005300
11566  -0.002700
11567  -0.003600
11568  -0.002400
11569   0.000600
11570  -0.002000
11571  -0.003100
11572  -0.006500
11573  -0.007600
11574   0.001100
11575  -0.000600
11576  -0.001600
11577  -0.006800
11578  -0.004300
11579  -0.005600
11580  -0.007300
11581  -0.013400
11582  -0.012300
11583  -0.013400
11584  -0.020200
11585  -0.016100
11586  -0.013400
11587  -0.009200
11588  -0.006200
11589  -0.005600
11590  -0.015200
11591  -0.013400
11592  -0.017600
11593  -0.013600
11594  -0.017100
11595  -0.015900
11596  -0.012600
11597  -0.008800
11598  -0.008800
11599  -0.007300
11600  -0.000800
11601   0.003300
11602   0.001200
11603   0.002300
11604   0.006400
11605   0.004600
11606   0.008800
11607   0.008400
11608   0.005200
11609   0.005100
11610   0.009900
11611   0.016400
11612   0.013100
11613   0.012200
11614   0.012300
11615   0.010700
11616   0.013300
11617   0.017500
11618   0.020700
11619   0.024100
11620   0.025300
11621   0.021500
11622   0.027000
11623   0.020600
11624   0.025600
11625   0.024300
11626   0.024000
11627   0.026000
11628   0.031600
11629   0.038300
11630   0.033900
11631   0.038900
11632   0.029800
11633   0.032300
11634   0.032400
11635   0.031900
11636   0.031600
11637   0.028400
11638   0.026900
11639   0.030500
11640   0.028100
11641   0.025900
11642   0.020900
11643   0.026700
11644   0.019800
11645   0.019700
11646   0.021600
11647   0.021200
11648   0.019700
11649   0.024600
11650   0.023700
11651   0.017100
11652   0.020300
11653   0.020200
11654   0.024300
11655   0.018000
11656   0.019800
11657   0.022800
11658   0.023700
11659   0.025300
11660   0.019200
11661   0.018200
11662   0.019100
11663   0.014700
11664   0.013700
11665   0.012400
11666   0.011600
11667   0.009300
11668   0.002000
11669   0.005300
11670   0.008500
11671   0.003600
11672   0.001800
11673   0.002000
11674   0.009900
11675   0.007700
11676   0.010400
11677   0.007800
11678   0.009800
11679   0.009000
11680   0.017200
11681   0.015200
11682   0.006400
11683   0.007800
11684   0.010600
11685   0.009500
11686   0.009900
11687   0.010300
11688   0.010100
11689   0.007300
11690   0.011600
11691   0.013700
11692   0.011600
11693   0.013700
11694   0.009700
11695   0.010900
11696   0.016900
11697   0.011900
11698   0.014300
11699   0.019400
11700   0.023600
11701   0.024600
11702   0.021500
11703   0.019900
11704   0.021300
11705   0.022500
11706   0.024000
11707   0.021500
11708   0.027000
11709   0.024400
11710   0.028500
11711   0.030200
11712   0.038100
11713   0.035900
11714   0.038000
11715   0.027400
11716   0.028100
11717   0.030200
11718   0.022200
11719   0.021300
11720   0.024600
11721   0.021700
11722   0.019400
11723   0.019900
11724   0.026600
11725   0.023900
11726   0.028900
11727   0.024200
11728   0.017000
11729   0.018600
11730   0.009900
11731   0.011600
11732   0.014000
11733   0.014100
11734   0.013600
11735   0.017100
11736   0.017300
11737   0.015900
11738   0.016500
11739   0.017900
11740   0.018000
11741   0.019300
11742   0.013900
11743   0.006900
11744   0.009300
11745   0.011900
11746   0.006700
11747   0.002400
11748   0.003200
11749   0.002100
11750   0.003600
11751   0.003800
11752   0.008800
11753   0.013500
11754   0.011600
11755   0.015800
11756   0.013600
11757   0.013500
11758   0.016400
11759   0.013500
11760   0.015100
11761   0.016800
11762   0.018100
11763   0.016000
11764   0.013400
11765   0.014100
11766   0.016600
11767   0.021000
11768   0.017400
11769   0.021200
11770   0.022700
11771   0.020800
11772   0.021100
11773   0.031300
11774   0.032100
11775   0.038900
11776   0.043000
11777   0.044700
11778   0.038400
11779   0.035700
11780   0.028400
11781   0.023500
11782   0.023200
11783   0.021000
11784   0.018100
11785   0.017800
11786   0.015600
11787   0.011600
11788   0.014700
11789   0.010600
11790   0.014500
11791   0.014700
11792   0.015900
11793   0.010900
11794   0.008300
11795   0.007900
11796   0.010400
11797   0.007700
11798   0.017600
11799   0.021200
11800   0.023400
11801   0.025600
11802   0.020600
11803   0.021200
11804   0.020200
11805   0.017700
11806   0.016000
11807   0.010500
11808   0.010000
11809   0.008600
11810   0.010600
11811   0.008400
11812   0.006100
11813   0.008900
11814   0.008900
11815   0.011000
11816   0.011200
11817   0.013100
11818   0.015400
11819   0.020400
11820   0.016300
11821   0.022800
11822   0.019300
11823   0.023700
11824   0.017100
11825   0.016800
11826   0.015500
11827   0.018000
11828   0.028300
11829   0.025400
11830   0.027000
11831   0.016300
11832   0.012100
11833   0.010100
11834   0.015100
11835   0.013600
11836   0.008700
11837   0.013900
11838   0.016900
11839   0.019500
11840   0.022200
11841   0.023800
11842   0.028800
11843   0.030800
11844   0.035700
11845   0.025100
11846   0.028500
11847   0.031700
11848   0.039300
11849   0.032300
11850   0.026100
11851   0.032900
11852   0.035700
11853   0.043800
11854   0.046400
11855   0.048700
11856   0.044800
11857   0.044900
11858   0.041100
11859   0.041200
11860   0.037700
11861   0.039200
11862   0.037100
11863   0.043000
11864   0.041700
11865   0.033600
11866   0.026200
11867   0.027000
11868   0.026700
11869   0.019800
11870   0.019300
11871   0.021400
11872   0.020500
11873   0.026300
11874   0.022900
11875   0.027000
11876   0.031700
11877   0.028200
11878   0.025200
11879   0.025500
11880   0.026100
11881   0.023500
11882   0.016000
11883   0.021800
11884   0.018500
11885   0.015000
11886   0.017600
11887   0.018300
11888   0.017300
11889   0.016800
11890   0.018700
11891   0.009400
11892   0.009000
11893   0.007000
11894   0.002900
11895   0.002800
11896  -0.001200
11897  -0.001400
11898  -0.000900
11899  -0.004000
11900  -0.004800
11901  -0.003400
11902  -0.008900
11903  -0.010100
11904  -0.009800
11905  -0.004300
11906  -0.003000
11907  -0.005400
11908  -0.005100
11909  -0.009500
11910  -0.015400
11911  -0.014500
11912  -0.016500
11913  -0.013700
11914  -0.011700
11915  -0.011100
11916  -0.008700
11917  -0.009900
11918  -0.013900
11919  -0.010800
11920  -0.008100
11921  -0.005600
11922   0.001000
11923  -0.003500
11924  -0.007000
11925  -0.002600
11926  -0.004700
11927  -0.004400
11928  -0.006300
11929  -0.004800
11930   0.004900
11931   0.000200
11932  -0.006800
11933  -0.004200
11934  -0.006000
11935  -0.007000
11936  -0.009500
11937  -0.013800
11938  -0.011900
11939  -0.016500
11940  -0.023700
11941  -0.014700
11942  -0.016500
11943  -0.016800
11944  -0.014400
11945  -0.015400
11946  -0.015500
11947  -0.016500
11948  -0.018000
11949  -0.016900
11950  -0.017400
11951  -0.019900
11952  -0.013500
11953  -0.009900
11954  -0.009300
11955  -0.012300
11956  -0.010800
11957  -0.011500
11958  -0.014500
11959  -0.018300
11960  -0.016200
11961  -0.014100
11962  -0.014300
11963  -0.010800
11964  -0.010000
11965  -0.007100
11966  -0.007600
11967  -0.014500
11968  -0.018100
11969  -0.019800
11970  -0.022800
11971  -0.020900
11972  -0.021700
11973  -0.024500
11974  -0.023600
11975  -0.021900
11976  -0.019900
11977  -0.015300
11978  -0.014500
11979  -0.008600
11980  -0.008300
11981  -0.012200
11982  -0.010200
11983  -0.009900
11984  -0.004100
11985  -0.004200
11986  -0.003900
11987  -0.001100
11988  -0.001700
11989  -0.000900
11990   0.001700
11991   0.001200
11992   0.003800
11993   0.006800
11994   0.012800
11995   0.020600
11996   0.012100
11997   0.011400
11998   0.021400
11999   0.020100
12000   0.021700
12001   0.030700
12002   0.029700
12003   0.030000
12004   0.035700
12005   0.034000
12006   0.033900
12007   0.030700
12008   0.032900
12009   0.034100
12010   0.035900
12011   0.037300
12012   0.043000
12013   0.048700
12014   0.046100
12015   0.048500
12016   0.053400
12017   0.062000
12018   0.058300
12019   0.059000
12020   0.053700
12021   0.053100
12022   0.054100
12023   0.049100
12024   0.047900
12025   0.045900
12026   0.037100
12027   0.040900
12028   0.036500
12029   0.035500
12030   0.032600
12031   0.036200
12032   0.035600
12033   0.035600
12034   0.032300
12035   0.033900
12036   0.035400
12037   0.028700
12038   0.030200
12039   0.030700
12040   0.028000
12041   0.025000
12042   0.017700
12043   0.015000
12044   0.014700
12045   0.004200
12046   0.007300
12047   0.017100
12048   0.014200
12049   0.012300
12050   0.006800
12051   0.006000
12052   0.006400
12053   0.006900
12054   0.003400
12055   0.001300
12056  -0.001200
12057  -0.001400
12058   0.000600
12059   0.000500
12060  -0.002800
12061  -0.002800
12062  -0.000900
12063  -0.001100
12064   0.011000
12065   0.012900
12066   0.018700
12067   0.027300
12068   0.030600
12069   0.031100
12070   0.035200
12071   0.035400
12072   0.036300
12073   0.040000
12074   0.036600
12075   0.040100
12076   0.032500
12077   0.031900
12078   0.033000
12079   0.035600
12080   0.038900
12081   0.034800
12082   0.039100
12083   0.034500
12084   0.033600
12085   0.041600
12086   0.040300
12087   0.033900
12088   0.033000
12089   0.030300
12090   0.028900
12091   0.025800
12092   0.020500
12093   0.014500
12094   0.014600
12095   0.020800
12096   0.016400
12097   0.018200
12098   0.017100
12099   0.017800
12100   0.021800
12101   0.023000
12102   0.023400
12103   0.019300
12104   0.023500
12105   0.025600
12106   0.016000
12107   0.019500
12108   0.024700
12109   0.025200
12110   0.024200
12111   0.026500
12112   0.028100
12113   0.035100
12114   0.035300
12115   0.040400
12116   0.036400
12117   0.034600
12118   0.034700
12119   0.041000
12120   0.036200
12121   0.042600
12122   0.036600
12123   0.037000
12124   0.035200
12125   0.039400
12126   0.044900
12127   0.045700
12128   0.044300
12129   0.045800
12130   0.043300
12131   0.039300
12132   0.035200
12133   0.043400
12134   0.049300
12135   0.051500
12136   0.051900
12137   0.048900
12138   0.041300
12139   0.044000
12140   0.048400
12141   0.050100
12142   0.050100
12143   0.049400
12144   0.047800
12145   0.048000
12146   0.045400
12147   0.042200
12148   0.046000
12149   0.046500
12150   0.050400
12151   0.050600
12152   0.045900
12153   0.038400
12154   0.034100
12155   0.036100
12156   0.031000
12157   0.032900
12158   0.033100
12159   0.025800
12160   0.020900
12161   0.018700
12162   0.019500
12163   0.020500
12164   0.021700
12165   0.024500
12166   0.020000
12167   0.016400
12168   0.007400
12169   0.005200
12170   0.002400
12171   0.003000
12172   0.003400
12173  -0.005700
12174  -0.006600
12175  -0.006600
12176  -0.007000
12177  -0.012100
12178  -0.014200
12179  -0.009800
12180  -0.007700
12181  -0.010900
12182  -0.014100
12183  -0.017700
12184  -0.025600
12185  -0.020900
12186  -0.022900
12187  -0.025300
12188  -0.024800
12189  -0.029000
12190  -0.024300
12191  -0.023400
12192  -0.029500
12193  -0.032300
12194  -0.035800
12195  -0.033300
12196  -0.034700
12197  -0.038600
12198  -0.040700
12199  -0.036200
12200  -0.039300
12201  -0.038400
12202  -0.036900
12203  -0.036400
12204  -0.034400
12205  -0.033400
12206  -0.030500
12207  -0.020300
12208  -0.020400
12209  -0.017900
12210  -0.016200
12211  -0.012800
12212  -0.014300
12213  -0.013500
12214  -0.017000
12215  -0.021000
12216  -0.012000
12217  -0.016400
12218  -0.018800
12219  -0.015100
12220  -0.012700
12221  -0.012300
12222  -0.010100
12223  -0.012400
12224  -0.008900
12225  -0.005000
12226  -0.004300
12227  -0.002500
12228  -0.000900
12229  -0.004100
12230  -0.006000
12231  -0.011200
12232  -0.009000
12233  -0.003900
12234   0.006700
12235   0.009600
12236   0.009700
12237   0.007300
12238   0.009300
12239   0.011200
12240   0.014700
12241   0.012800
12242   0.014800
12243   0.018300
12244   0.016100
12245   0.017400
12246   0.017300
12247   0.013300
12248   0.010700
12249   0.006200
12250  -0.000700
12251   0.004600
12252   0.002700
12253   0.002000
12254   0.004300
12255  -0.000000
12256   0.001200
12257   0.003400
12258  -0.004200
12259  -0.004300
12260   0.000100
12261   0.004700
12262   0.005200
12263   0.012400
12264   0.008000
12265   0.007500
12266   0.005200
12267   0.008200
12268   0.011800
12269   0.010300
12270   0.009600
12271   0.008000
12272   0.002900
12273  -0.001200
12274  -0.001700
12275   0.006200
12276  -0.002900
12277  -0.002400
12278  -0.006300
12279  -0.004400
12280   0.004800
12281  -0.000200
12282  -0.006400
12283  -0.004800
12284  -0.006900
12285  -0.008900
12286  -0.006900
12287  -0.004300
12288  -0.003500
12289  -0.008100
12290  -0.006000
12291  -0.002000
12292  -0.006600
12293  -0.005700
12294  -0.003000
12295   0.003700
12296   0.002600
12297   0.005000
12298   0.008600
12299   0.007400
12300   0.006900
12301   0.007100
12302   0.007300
12303   0.008700
12304   0.009700
12305   0.005500
12306   0.006000
12307   0.007700
12308   0.009500
12309   0.006300
12310   0.005400
12311   0.003900
12312   0.008300
12313   0.011700
12314   0.011300
12315   0.011600
12316   0.008700
12317   0.009200
12318   0.003200
12319   0.006800
12320   0.012200
12321   0.012600
12322   0.006900
12323   0.002600
12324   0.000600
12325   0.006600
12326   0.011800
12327   0.011000
12328   0.010600
12329   0.006800
12330  -0.000200
12331   0.005200
12332  -0.001900
12333  -0.003900
12334  -0.003800
12335  -0.003700
12336   0.000500
12337  -0.000600
12338  -0.002000
12339   0.000800
12340   0.002000
12341  -0.004100
12342  -0.000600
12343  -0.004300
12344   0.001500
12345   0.005800
12346   0.007200
12347   0.000700
12348  -0.005000
12349  -0.011500
12350  -0.017600
12351  -0.016100
12352  -0.017600
12353  -0.015200
12354  -0.017100
12355  -0.016900
12356  -0.018000
12357  -0.017700
12358  -0.013600
12359  -0.015600
12360  -0.007300
12361  -0.002500
12362  -0.005500
12363  -0.002400
12364  -0.005000
12365  -0.000900
12366  -0.005000
12367  -0.014300
12368  -0.012300
12369  -0.009300
12370  -0.003700
12371  -0.004000
12372  -0.009900
12373  -0.006100
12374  -0.006600
12375  -0.001500
12376   0.007500
12377   0.006400
12378   0.007200
12379   0.005200
12380   0.002400
12381  -0.002200
12382  -0.002300
12383   0.000800
12384   0.007400
12385   0.010200
12386   0.013600
12387   0.018000
12388   0.012800
12389   0.019600
12390   0.017800
12391   0.014300
12392   0.013900
12393   0.013600
12394   0.015400
12395   0.018500
12396   0.020300
12397   0.022500
12398   0.028000
12399   0.026800
12400   0.030200
12401   0.030000
12402   0.026700
12403   0.028700
12404   0.027000
12405   0.025000
12406   0.025000
12407   0.021300
12408   0.018200
12409   0.024500
12410   0.018100
12411   0.020100
12412   0.019200
12413   0.012500
12414   0.014200
12415   0.018500
12416   0.020200
12417   0.021000
12418   0.026100
12419   0.027700
12420   0.031000
12421   0.033700
12422   0.032300
12423   0.024900
12424   0.029100
12425   0.020400
12426   0.021500
12427   0.021800
12428   0.025600
12429   0.031500
12430   0.029000
12431   0.030100
12432   0.033500
12433   0.029900
12434   0.028800
12435   0.037200
12436   0.034700
12437   0.039700
12438   0.040600
12439   0.040100
12440   0.037400
12441   0.035500
12442   0.041800
12443   0.039600
12444   0.045800
12445   0.044500
12446   0.043200
12447   0.039900
12448   0.045000
12449   0.046900
12450   0.043500
12451   0.056100
12452   0.056700
12453   0.060800
12454   0.062000
12455   0.062200
12456   0.065900
12457   0.066000
12458   0.062800
12459   0.062500
12460   0.056600
12461   0.057800
12462   0.063200
12463   0.059600
12464   0.062200
12465   0.063600
12466   0.064700
12467   0.060900
12468   0.056500
12469   0.055100
12470   0.058300
12471   0.060000
12472   0.056300
12473   0.055700
12474   0.050200
12475   0.049200
12476   0.045100
12477   0.043900
12478   0.043100
12479   0.040200
12480   0.039800
12481   0.039600
12482   0.040800
12483   0.037600
12484   0.037000
12485   0.036900
12486   0.038200
12487   0.037900
12488   0.038100
12489   0.038600
12490   0.032700
12491   0.025800
12492   0.026000
12493   0.022800
12494   0.021200
12495   0.017200
12496   0.014200
12497   0.009600
12498   0.010100
12499   0.013400
12500   0.019800
12501   0.017200
12502   0.009600
12503   0.007200
12504   0.015300
12505   0.011400
12506   0.010700
12507   0.015900
12508   0.014700
12509   0.020000
12510   0.018100
12511   0.023300
12512   0.024800
12513   0.024800
12514   0.022400
12515   0.028300
12516   0.028300
12517   0.033400
12518   0.033400
12519   0.033900
12520   0.031800
12521   0.027400
12522   0.029000
12523   0.034800
12524   0.039400
12525   0.043500
12526   0.041700
12527   0.042300
12528   0.041300
12529   0.046900
12530   0.050400
12531   0.052900
12532   0.051600
12533   0.054900
12534   0.057700
12535   0.061800
12536   0.061500
12537   0.059400
12538   0.058400
12539   0.050800
12540   0.054000
12541   0.053400
12542   0.055800
12543   0.055200
12544   0.056900
12545   0.056600
12546   0.056200
12547   0.055500
12548   0.058200
12549   0.059800
12550   0.059000
12551   0.061100
12552   0.059400
12553   0.064900
12554   0.064700
12555   0.068800
12556   0.068700
12557   0.063000
12558   0.063600
12559   0.069100
12560   0.075100
12561   0.070700
12562   0.075900
12563   0.074100
12564   0.079600
12565   0.078100
12566   0.072100
12567   0.069900
12568   0.074100
12569   0.074700
12570   0.075700
12571   0.072600
12572   0.070000
12573   0.067500
12574   0.068300
12575   0.068900
12576   0.072600
12577   0.077200
12578   0.071400
12579   0.060500
12580   0.061500
12581   0.061800
12582   0.064600
12583   0.063500
12584   0.062700
12585   0.060500
12586   0.066100
12587   0.065000
12588   0.067600
12589   0.073400
12590   0.077800
12591   0.079100
12592   0.081300
12593   0.086500
12594   0.086500
12595   0.084300
12596   0.087200
12597   0.092000
12598   0.095400
12599   0.099600
12600   0.099900
12601   0.100400
12602   0.093200
12603   0.093000
12604   0.095900
12605   0.103700
12606   0.103100
12607   0.102200
12608   0.102400
12609   0.103800
12610   0.102800
12611   0.099900
12612   0.101500
12613   0.100500
12614   0.103400
12615   0.100400
12616   0.100800
12617   0.100900
12618   0.106300
12619   0.100900
12620   0.097900
12621   0.089000
12622   0.089300
12623   0.087000
12624   0.085800
12625   0.079600
12626   0.080700
12627   0.086700
12628   0.083400
12629   0.085200
12630   0.089300
12631   0.087300
12632   0.079100
12633   0.072900
12634   0.075400
12635   0.077000
12636   0.076700
12637   0.079700
12638   0.077200
12639   0.078400
12640   0.083900
12641   0.083000
12642   0.079500
12643   0.078700
12644   0.074300
12645   0.078500
12646   0.076900
12647   0.078500
12648   0.078000
12649   0.079700
12650   0.085900
12651   0.083400
12652   0.078900
12653   0.074900
12654   0.070700
12655   0.065500
12656   0.062600
12657   0.064800
12658   0.063000
12659   0.064800
12660   0.071700
12661   0.071800
12662   0.067900
12663   0.067000
12664   0.064700
12665   0.067600
12666   0.068900
12667   0.067100
12668   0.064500
12669   0.065600
12670   0.066300
12671   0.064400
12672   0.067100
12673   0.070200
12674   0.078200
12675   0.077900
12676   0.068500
12677   0.072500
12678   0.069000
12679   0.063300
12680   0.064700
12681   0.069300
12682   0.068300
12683   0.074600
12684   0.077700
12685   0.077300
12686   0.080500
12687   0.083700
12688   0.081400
12689   0.085800
12690   0.088000
12691   0.090300
12692   0.097500
12693   0.094900
12694   0.093500
12695   0.097700
12696   0.089800
12697   0.085500
12698   0.082300
12699   0.086300
12700   0.085200
12701   0.085800
12702   0.079500
12703   0.081300
12704   0.083500
12705   0.081400
12706   0.079600
12707   0.078400
12708   0.079000
12709   0.075000
12710   0.076500
12711   0.077100
12712   0.075300
12713   0.074000
12714   0.068600
12715   0.069600
12716   0.070900
12717   0.074100
12718   0.072200
12719   0.068300
12720   0.075500
12721   0.079400
12722   0.083300
12723   0.079000
12724   0.078900
12725   0.079200
12726   0.080400
12727   0.084400
12728   0.078700
12729   0.077200
12730   0.075500
12731   0.077000
12732   0.078400
12733   0.081800
12734   0.076100
12735   0.068100
12736   0.064900
12737   0.066100
12738   0.059000
12739   0.063200
12740   0.066200
12741   0.063400
12742   0.069100
12743   0.066300
12744   0.058600
12745   0.056600
12746   0.052700
12747   0.050900
12748   0.054500
12749   0.062000
12750   0.065600
12751   0.066900
12752   0.069800
12753   0.067900
12754   0.062700
12755   0.061200
12756   0.064600
12757   0.064700
12758   0.063400
12759   0.060800
12760   0.061400
12761   0.063200
12762   0.060600
12763   0.069300
12764   0.071700
12765   0.067300
12766   0.064900
12767   0.067000
12768   0.067500
12769   0.068100
12770   0.071900
12771   0.077600
12772   0.081000
12773   0.070300
12774   0.070400
12775   0.073500
12776   0.076900
12777   0.071100
12778   0.073000
12779   0.072200
12780   0.066500
12781   0.063600
12782   0.066000
12783   0.061300
12784   0.060900
12785   0.064800
12786   0.070000
12787   0.076700
12788   0.074700
12789   0.070600
12790   0.071900
12791   0.071200
12792   0.072100
12793   0.069000
12794   0.073000
12795   0.074400
12796   0.074200
12797   0.071400
12798   0.079500
12799   0.078700
12800   0.080800
12801   0.079500
12802   0.077600
12803   0.072800
12804   0.072600
12805   0.076900
12806   0.080800
12807   0.082000
12808   0.085000
12809   0.084600
12810   0.075100
12811   0.073100
12812   0.069500
12813   0.066100
12814   0.065700
12815   0.062600
12816   0.070000
12817   0.068900
12818   0.065500
12819   0.066200
12820   0.066600
12821   0.069000
12822   0.068200
12823   0.062100
12824   0.066200
12825   0.064500
12826   0.057600
12827   0.064100
12828   0.061200
12829   0.060300
12830   0.058100
12831   0.056800
12832   0.064300
12833   0.059100
12834   0.051100
12835   0.045900
12836   0.044800
12837   0.045100
12838   0.043900
12839   0.046000
12840   0.047700
12841   0.049500
12842   0.049100
12843   0.050700
12844   0.047300
12845   0.043700
12846   0.042700
12847   0.042900
12848   0.044800
12849   0.042100
12850   0.040300
12851   0.038400
12852   0.042300
12853   0.045800
12854   0.051000
12855   0.049900
12856   0.044000
12857   0.045300
12858   0.050800
12859   0.053400
12860   0.054800
12861   0.061400
12862   0.062200
12863   0.063600
12864   0.060200
12865   0.062100
12866   0.057900
12867   0.058600
12868   0.052600
12869   0.045600
12870   0.042900
12871   0.045100
12872   0.045200
12873   0.043800
12874   0.045700
12875   0.045100
12876   0.048600
12877   0.046200
12878   0.048600
12879   0.054600
12880   0.053500
12881   0.051600
12882   0.053300
12883   0.047200
12884   0.050900
12885   0.046200
12886   0.044000
12887   0.047800
12888   0.042900
12889   0.042200
12890   0.041700
12891   0.040400
12892   0.039200
12893   0.035700
12894   0.038100
12895   0.040000
12896   0.040100
12897   0.043000
12898   0.044400
12899   0.036400
12900   0.034000
12901   0.027700
12902   0.030300
12903   0.023700
12904   0.026900
12905   0.023200
12906   0.020500
12907   0.020200
12908   0.012200
12909   0.010800
12910   0.012100
12911   0.014300
12912   0.009600
12913   0.018300
12914   0.014500
12915   0.005400
12916   0.006700
12917   0.015800
12918   0.011700
12919   0.014800
12920   0.016200
12921   0.019200
12922   0.019200
12923   0.018800
12924   0.020500
12925   0.025000
12926   0.025100
12927   0.033300
12928   0.035300
12929   0.038100
12930   0.042200
12931   0.039200
12932   0.041400
12933   0.040200
12934   0.039500
12935   0.037200
12936   0.040200
12937   0.041400
12938   0.043200
12939   0.043200
12940   0.036400
12941   0.039800
12942   0.037700
12943   0.030600
12944   0.033200
12945   0.032700
12946   0.031000
12947   0.033900
12948   0.033400
12949   0.033300
12950   0.034000
12951   0.033700
12952   0.036500
12953   0.037700
12954   0.037700
12955   0.041600
12956   0.042400
12957   0.039500
12958   0.045600
12959   0.048700
12960   0.044800
12961   0.041200
12962   0.039700
12963   0.035600
12964   0.030900
12965   0.027100
12966   0.025100
12967   0.029600
12968   0.024300
12969   0.026100
12970   0.024700
12971   0.028500
12972   0.028800
12973   0.030000
12974   0.031100
12975   0.031000
12976   0.030600
12977   0.026500
12978   0.029900
12979   0.030100
12980   0.034300
12981   0.034000
12982   0.030400
12983   0.024800
12984   0.034500
12985   0.034600
12986   0.040200
12987   0.036400
12988   0.038000
12989   0.033400
12990   0.038500
12991   0.039600
12992   0.035400
12993   0.038200
12994   0.038200
12995   0.040500
12996   0.040400
12997   0.045100
12998   0.042800
12999   0.042900
13000   0.050800
13001   0.046900
13002   0.054000
13003   0.053000
13004   0.058200
13005   0.058500
13006   0.053900
13007   0.053900
13008   0.056700
13009   0.066900
13010   0.071400
13011   0.069300
13012   0.070500
13013   0.070300
13014   0.067700
13015   0.064300
13016   0.063700
13017   0.065700
13018   0.061700
13019   0.058800
13020   0.067100
13021   0.060000
13022   0.061000
13023   0.055200
13024   0.054800
13025   0.057600
13026   0.060300
13027   0.053700
13028   0.059000
13029   0.059100
13030   0.049900
13031   0.053700
13032   0.052300
13033   0.054900
13034   0.050300
13035   0.050600
13036   0.046800
13037   0.038000
13038   0.043800
13039   0.044100
13040   0.045800
13041   0.047700
13042   0.048000
13043   0.048800
13044   0.050400
13045   0.049800
13046   0.048800
13047   0.050600
13048   0.054900
13049   0.059000
13050   0.054300
13051   0.056200
13052   0.053300
13053   0.054600
13054   0.047400
13055   0.037600
13056   0.032700
13057   0.027200
13058   0.023800
13059   0.029700
13060   0.032300
13061   0.032300
13062   0.029200
13063   0.028100
13064   0.031500
13065   0.027000
13066   0.025100
13067   0.031900
13068   0.033100
13069   0.035900
13070   0.035500
13071   0.034500
13072   0.032100
13073   0.038300
13074   0.037700
13075   0.041200
13076   0.044900
13077   0.036200
13078   0.032900
13079   0.027300
13080   0.029900
13081   0.032000
13082   0.024800
13083   0.025200
13084   0.023800
13085   0.026400
13086   0.023100
13087   0.021800
13088   0.023400
13089   0.023400
13090   0.025900
13091   0.024500
13092   0.027100
13093   0.024700
13094   0.028700
13095   0.025800
13096   0.028900
13097   0.023500
13098   0.027400
13099   0.029300
13100   0.033200
13101   0.030500
13102   0.034500
13103   0.038200
13104   0.037400
13105   0.033300
13106   0.032300
13107   0.035000
13108   0.036100
13109   0.038400
13110   0.044900
13111   0.043100
13112   0.045900
13113   0.036800
13114   0.034000
13115   0.035800
13116   0.031000
13117   0.034700
13118   0.036300
13119   0.037300
13120   0.026900
13121   0.030400
13122   0.030700
13123   0.033300
13124   0.031500
13125   0.029400
13126   0.026800
13127   0.023300
13128   0.021100
13129   0.018300
13130   0.020300
13131   0.013600
13132   0.016500
13133   0.013900
13134   0.011300
13135   0.014800
13136   0.014900
13137   0.012900
13138   0.016300
13139   0.016300
13140   0.024600
13141   0.020800
13142   0.020200
13143   0.020100
13144   0.016500
13145   0.017000
13146   0.020000
13147   0.020200
13148   0.016000
13149   0.019500
13150   0.018600
13151   0.018600
13152   0.023900
13153   0.019900
13154   0.025300
13155   0.024500
13156   0.024200
13157   0.018900
13158   0.018900
13159   0.016000
13160   0.019600
13161   0.019000
13162   0.019300
13163   0.018100
13164   0.016000
13165   0.011600
13166   0.007400
13167   0.004800
13168   0.004300
13169   0.008000
13170  -0.000000
13171   0.001200
13172   0.006000
13173   0.006000
13174   0.002200
13175   0.001900
13176   0.002400
13177   0.003300
13178   0.009400
13179   0.016600
13180   0.024500
13181   0.022800
13182   0.029600
13183   0.022200
13184   0.028200
13185   0.024300
13186   0.020600
13187   0.023600
13188   0.018200
13189   0.018100
13190   0.012700
13191   0.008700
13192   0.010400
13193   0.006800
13194   0.006500
13195   0.007500
13196   0.006800
13197   0.008100
13198   0.009200
13199   0.007400
13200   0.004900
13201   0.002500
13202   0.003200
13203   0.001900
13204   0.010300
13205   0.012200
13206   0.014400
13207   0.007000
13208   0.008900
13209   0.004600
13210   0.005300
13211   0.008700
13212   0.010700
13213   0.007600
13214   0.005000
13215   0.007900
13216   0.009800
13217   0.008900
13218   0.012800
13219   0.014900
13220   0.013600
13221   0.016800
13222   0.015500
13223   0.013600
13224   0.020000
13225   0.025100
13226   0.024000
13227   0.024200
13228   0.023400
13229   0.025200
13230   0.031400
13231   0.030900
13232   0.034000
13233   0.032100
13234   0.038800
13235   0.036100
13236   0.035100
13237   0.034700
13238   0.032800
13239   0.032300
13240   0.036600
13241   0.038800
13242   0.036900
13243   0.034500
13244   0.029300
13245   0.029600
13246   0.025600
13247   0.030000
13248   0.025300
13249   0.027900
13250   0.026900
13251   0.028200
13252   0.028500
13253   0.032700
13254   0.036100
13255   0.045000
13256   0.045600
13257   0.044700
13258   0.048600
13259   0.046300
13260   0.051500
13261   0.057700
13262   0.052500
13263   0.058600
13264   0.057900
13265   0.053000
13266   0.051800
13267   0.056200
13268   0.054800
13269   0.055100
13270   0.053500
13271   0.046600
13272   0.045000
13273   0.050100
13274   0.046200
13275   0.050100
13276   0.048100
13277   0.048900
13278   0.045800
13279   0.042300
13280   0.044800
13281   0.047500
13282   0.050000
13283   0.048100
13284   0.042700
13285   0.045100
13286   0.043400
13287   0.036000
13288   0.032900
13289   0.032500
13290   0.031900
13291   0.027900
13292   0.031500
13293   0.034300
13294   0.040600
13295   0.040100
13296   0.037800
13297   0.043500
13298   0.047300
13299   0.040000
13300   0.041500
13301   0.049700
13302   0.046800
13303   0.046000
13304   0.049700
13305   0.047700
13306   0.048500
13307   0.042600
13308   0.035100
13309   0.034800
13310   0.029500
13311   0.029800
13312   0.025600
13313   0.024400
13314   0.024100
13315   0.028900
13316   0.028000
13317   0.027600
13318   0.030000
13319   0.031600
13320   0.028200
13321   0.033900
13322   0.030500
13323   0.031100
13324   0.037000
13325   0.040400
13326   0.038000
13327   0.036500
13328   0.038400
13329   0.036100
13330   0.044900
13331   0.041900
13332   0.043900
13333   0.041500
13334   0.039800
13335   0.038700
13336   0.034800
13337   0.036000
13338   0.037400
13339   0.036000
13340   0.033800
13341   0.031100
13342   0.031700
13343   0.031800
13344   0.033200
13345   0.031200
13346   0.029600
13347   0.035600
13348   0.028800
13349   0.027700
13350   0.030500
13351   0.028200
13352   0.028000
13353   0.035800
13354   0.041800
13355   0.038300
13356   0.036300
13357   0.030700
13358   0.033300
13359   0.031000
13360   0.029900
13361   0.030900
13362   0.037100
13363   0.034200
13364   0.032900
13365   0.037000
13366   0.033800
13367   0.034500
13368   0.036000
13369   0.034500
13370   0.031900
13371   0.030500
13372   0.037000
13373   0.038700
13374   0.038100
13375   0.037200
13376   0.033700
13377   0.031600
13378   0.033800
13379   0.033100
13380   0.034400
13381   0.037100
13382   0.038600
13383   0.038400
13384   0.038700
13385   0.035400
13386   0.037400
13387   0.041200
13388   0.040400
13389   0.038200
13390   0.035600
13391   0.039800
13392   0.039900
13393   0.040200
13394   0.047400
13395   0.044300
13396   0.044300
13397   0.048000
13398   0.051100
13399   0.054100
13400   0.046800
13401   0.037500
13402   0.044000
13403   0.039400
13404   0.036300
13405   0.037300
13406   0.042200
13407   0.042600
13408   0.039600
13409   0.045600
13410   0.052500
13411   0.054900
13412   0.055000
13413   0.054900
13414   0.057500
13415   0.056500
13416   0.060000
13417   0.060900
13418   0.059000
13419   0.055200
13420   0.049300
13421   0.047300
13422   0.059100
13423   0.058400
13424   0.057500
13425   0.053500
13426   0.052600
13427   0.051600
13428   0.056800
13429   0.057600
13430   0.054600
13431   0.059600
13432   0.064700
13433   0.060400
13434   0.065000
13435   0.070000
13436   0.061600
13437   0.070700
13438   0.070700
13439   0.069800
13440   0.079400
13441   0.079800
13442   0.076100
13443   0.076300
13444   0.070300
13445   0.068800
13446   0.068300
13447   0.072400
13448   0.067600
13449   0.066700
13450   0.065900
13451   0.067300
13452   0.063300
13453   0.059100
13454   0.056800
13455   0.052400
13456   0.048800
13457   0.050300
13458   0.053900
13459   0.050100
13460   0.046100
13461   0.046900
13462   0.048700
13463   0.055300
13464   0.057000
13465   0.058900
13466   0.056500
13467   0.063800
13468   0.064700
13469   0.061100
13470   0.061900
13471   0.064800
13472   0.067700
13473   0.074900
13474   0.064500
13475   0.062200
13476   0.064400
13477   0.066900
13478   0.071800
13479   0.064400
13480   0.064300
13481   0.065800
13482   0.065500
13483   0.063200
13484   0.061400
13485   0.067500
13486   0.061700
13487   0.058300
13488   0.058800
13489   0.059000
13490   0.062100
13491   0.060800
13492   0.063500
13493   0.069500
13494   0.068400
13495   0.072500
13496   0.071700
13497   0.071100
13498   0.071700
13499   0.071200
13500   0.073500
13501   0.074000
13502   0.073100
13503   0.070300
13504   0.068900
13505   0.066900
13506   0.072200
13507   0.067100
13508   0.071600
13509   0.069200
13510   0.070500
13511   0.071900
13512   0.075000
13513   0.077400
13514   0.073500
13515   0.070800
13516   0.067900
13517   0.065800
13518   0.064700
13519   0.062100
13520   0.065200
13521   0.068600
13522   0.070300
13523   0.061100
13524   0.064500
13525   0.067600
13526   0.074200
13527   0.078000
13528   0.075700
13529   0.072200
13530   0.063900
13531   0.055800
13532   0.058600
13533   0.060900
13534   0.059500
13535   0.057200
13536   0.057400
13537   0.065600
13538   0.061900
13539   0.060000
13540   0.066200
13541   0.069100
13542   0.075900
13543   0.076700
13544   0.072800
13545   0.070600
13546   0.075100
13547   0.077400
13548   0.072600
13549   0.071100
13550   0.073700
13551   0.073700
13552   0.073800
13553   0.072200
13554   0.070100
13555   0.074200
13556   0.069400
13557   0.068900
13558   0.064700
13559   0.067200
13560   0.065500
13561   0.073600
13562   0.076600
13563   0.080300
13564   0.077800
13565   0.077600
13566   0.074400
13567   0.072300
13568   0.065000
13569   0.060100
13570   0.063600
13571   0.054600
13572   0.051100
13573   0.054800
13574   0.048500
13575   0.051600
13576   0.052100
13577   0.049400
13578   0.046100
13579   0.044000
13580   0.046800
13581   0.052800
13582   0.052400
13583   0.054400
13584   0.050500
13585   0.059700
13586   0.058500
13587   0.058400
13588   0.057000
13589   0.055800
13590   0.058200
13591   0.062100
13592   0.066200
13593   0.064700
13594   0.070400
13595   0.071100
13596   0.067400
13597   0.068400
13598   0.069200
13599   0.069600
13600   0.079200
13601   0.074600
13602   0.073700
13603   0.074200
13604   0.072600
13605   0.074300
13606   0.077900
13607   0.077200
13608   0.087500
13609   0.081500
13610   0.086000
13611   0.086000
13612   0.086100
13613   0.092800
13614   0.089900
13615   0.083800
13616   0.082200
13617   0.080400
13618   0.074300
13619   0.076600
13620   0.075300
13621   0.077300
13622   0.072200
13623   0.074300
13624   0.070300
13625   0.074700
13626   0.078600
13627   0.084600
13628   0.082500
13629   0.079200
13630   0.077700
13631   0.077900
13632   0.074800
13633   0.070600
13634   0.063600
13635   0.064500
13636   0.064100
13637   0.070900
13638   0.071600
13639   0.072800
13640   0.068900
13641   0.076100
13642   0.070500
13643   0.067500
13644   0.069700
13645   0.065100
13646   0.069700
13647   0.068400
13648   0.068400
13649   0.069800
13650   0.073100
13651   0.078200
13652   0.076400
13653   0.076300
13654   0.074100
13655   0.082800
13656   0.090100
13657   0.087600
13658   0.084900
13659   0.091600
13660   0.091800
13661   0.094300
13662   0.091200
13663   0.089100
13664   0.090700
13665   0.089200
13666   0.094100
13667   0.094500
13668   0.092500
13669   0.088400
13670   0.090800
13671   0.093700
13672   0.094100
13673   0.099600
13674   0.100900
13675   0.106800
13676   0.104500
13677   0.106800
13678   0.111200
13679   0.107400
13680   0.110000
13681   0.110400
13682   0.113700
13683   0.114200
13684   0.110700
13685   0.104400
13686   0.103600
13687   0.099900
13688   0.097900
13689   0.100900
13690   0.102200
13691   0.099900
13692   0.099300
13693   0.106000
13694   0.106200
13695   0.104600
13696   0.109000
13697   0.111900
13698   0.116600
13699   0.113500
13700   0.120700
13701   0.121700
13702   0.130100
13703   0.132700
13704   0.131000
13705   0.124400
13706   0.119900
13707   0.121800
13708   0.117300
13709   0.116900
13710   0.113400
13711   0.115300
13712   0.117000
13713   0.108600
13714   0.107900
13715   0.104600
13716   0.109400
13717   0.111600
13718   0.109700
13719   0.108300
13720   0.111200
13721   0.116600
13722   0.119700
13723   0.123000
13724   0.128300
13725   0.125600
13726   0.129700
13727   0.126600
13728   0.126400
13729   0.127900
13730   0.129900
13731   0.130900
13732   0.130600
13733   0.128000
13734   0.123700
13735   0.123400
13736   0.119700
13737   0.123400
13738   0.118800
13739   0.113700
13740   0.109900
13741   0.114200
13742   0.110000
13743   0.104400
13744   0.107000
13745   0.107900
13746   0.113300
13747   0.111900
13748   0.109800
13749   0.105300
13750   0.104900
13751   0.101900
13752   0.101600
13753   0.108200
13754   0.105100
13755   0.108200
13756   0.103700
13757   0.102800
13758   0.095800
13759   0.097700
13760   0.101800
13761   0.103300
13762   0.102100
13763   0.098500
13764   0.096300
13765   0.090900
13766   0.096000
13767   0.092400
13768   0.095400
13769   0.100000
13770   0.101800
13771   0.099900
13772   0.100000
13773   0.102500
13774   0.103300
13775   0.102500
13776   0.100100
13777   0.097600
13778   0.089700
13779   0.085700
13780   0.090100
13781   0.084900
13782   0.086600
13783   0.088000
13784   0.086700
13785   0.087000
13786   0.079200
13787   0.078900
13788   0.080600
13789   0.084900
13790   0.084600
13791   0.083900
13792   0.085800
13793   0.088900
13794   0.089700
13795   0.092600
13796   0.096000
13797   0.092000
13798   0.094200
13799   0.095500
13800   0.094100
13801   0.094900
13802   0.089200
13803   0.088200
13804   0.092200
13805   0.091900
13806   0.082900
13807   0.080300
13808   0.075400
13809   0.082400
13810   0.086800
13811   0.086900
13812   0.088200
13813   0.088200
13814   0.084400
13815   0.085400
13816   0.085400
13817   0.080100
13818   0.079400
13819   0.085500
13820   0.085100
13821   0.087400
13822   0.086400
13823   0.088400
13824   0.092300
13825   0.097100
13826   0.098800
13827   0.098300
13828   0.102400
13829   0.104400
13830   0.102200
13831   0.103300
13832   0.112500
13833   0.110000
13834   0.111700
13835   0.109900
13836   0.110900
13837   0.117900
13838   0.118200
13839   0.119900
13840   0.127900
13841   0.121900
13842   0.121900
13843   0.119200
13844   0.121800
13845   0.126500
13846   0.126500
13847   0.126200
13848   0.127200
13849   0.136700
13850   0.146600
13851   0.137700
13852   0.141700
13853   0.137500
13854   0.137300
13855   0.134400
13856   0.134000
13857   0.134600
13858   0.135300
13859   0.142900
13860   0.143000
13861   0.146500
13862   0.145200
13863   0.140000
13864   0.139600
13865   0.138100
13866   0.138400
13867   0.140300
13868   0.140200
13869   0.141700
13870   0.134800
13871   0.134400
13872   0.140400
13873   0.141500
13874   0.139200
13875   0.133900
13876   0.139300
13877   0.142600
13878   0.141200
13879   0.133300
13880   0.131900
13881   0.137700
13882   0.138200
13883   0.133500
13884   0.141000
13885   0.146300
13886   0.153500
13887   0.150000
13888   0.156000
13889   0.159000
13890   0.152300
13891   0.149400
13892   0.150700
13893   0.156500
13894   0.154600
13895   0.160400
13896   0.155200
13897   0.158700
13898   0.162000
13899   0.161300
13900   0.158200
13901   0.164200
13902   0.161200
13903   0.159900
13904   0.157300
13905   0.157900
13906   0.158700
13907   0.159500
13908   0.159800
13909   0.165300
13910   0.159700
13911   0.165900
13912   0.159200
13913   0.162900
13914   0.160500
13915   0.157600
13916   0.153700
13917   0.160800
13918   0.155600
13919   0.155300
13920   0.152800
13921   0.152300
13922   0.155700
13923   0.156000
13924   0.156400
13925   0.154700
13926   0.156600
13927   0.158100
13928   0.160800
13929   0.168800
13930   0.165300
13931   0.162200
13932   0.159000
13933   0.157300
13934   0.158800
13935   0.163100
13936   0.162500
13937   0.157100
13938   0.156800
13939   0.157200
13940   0.153500
13941   0.157600
13942   0.157200
13943   0.151400
13944   0.152900
13945   0.149400
13946   0.147500
13947   0.148700
13948   0.148300
13949   0.150000
13950   0.151400
13951   0.151300
13952   0.150100
13953   0.152700
13954   0.158800
13955   0.159000
13956   0.157300
13957   0.150600
13958   0.154400
13959   0.151800
13960   0.151000
13961   0.151800
13962   0.151700
13963   0.148100
13964   0.146800
13965   0.141900
13966   0.141400
13967   0.139700
13968   0.134700
13969   0.135600
13970   0.137500
13971   0.136100
13972   0.135500
13973   0.140300
13974   0.138600
13975   0.138800
13976   0.139300
13977   0.139100
13978   0.138800
13979   0.132700
13980   0.123700
13981   0.125100
13982   0.130100
13983   0.131800
13984   0.134600
13985   0.133800
13986   0.126000
13987   0.129300
13988   0.130100
13989   0.128500
13990   0.124800
13991   0.118500
13992   0.116600
13993   0.114600
13994   0.119700
13995   0.117000
13996   0.120600
13997   0.113200
13998   0.107900
13999   0.099000
14000   0.103100
14001   0.095000
14002   0.096400
14003   0.093400
14004   0.087600
14005   0.086200
14006   0.086900
14007   0.081300
14008   0.084700
14009   0.078000
14010   0.078900
14011   0.079700
14012   0.084600
14013   0.076500
14014   0.078200
14015   0.078000
14016   0.072600
14017   0.072100
14018   0.072900
14019   0.071500
14020   0.070200
14021   0.070500
14022   0.071800
14023   0.073000
14024   0.069600
14025   0.072200
14026   0.065400
14027   0.064600
14028   0.062200
14029   0.059100
14030   0.062400
14031   0.062700
14032   0.060500
14033   0.067400
14034   0.063500
14035   0.065400
14036   0.065500
14037   0.066100
14038   0.065400
14039   0.067800
14040   0.067200
14041   0.065800
14042   0.066100
14043   0.065200
14044   0.060500
14045   0.067300
14046   0.066000
14047   0.064800
14048   0.062100
14049   0.063600
14050   0.063700
14051   0.060700
14052   0.061300
14053   0.061100
14054   0.063700
14055   0.063400
14056   0.069200
14057   0.071700
14058   0.069400
14059   0.072100
14060   0.066800
14061   0.067800
14062   0.070000
14063   0.067000
14064   0.071300
14065   0.073600
14066   0.072000
14067   0.077600
14068   0.072400
14069   0.073000
14070   0.070800
14071   0.077500
14072   0.080300
14073   0.081400
14074   0.077600
14075   0.075300
14076   0.075200
14077   0.077200
14078   0.078100
14079   0.078200
14080   0.078700
14081   0.078300
14082   0.074900
14083   0.078600
14084   0.083500
14085   0.076200
14086   0.077700
14087   0.079400
14088   0.075800
14089   0.073200
14090   0.067800
14091   0.073600
14092   0.068500
14093   0.071400
14094   0.074500
14095   0.076900
14096   0.075900
14097   0.078000
14098   0.074600
14099   0.076700
14100   0.075400
14101   0.078300
14102   0.081300
14103   0.081200
14104   0.077700
14105   0.069400
14106   0.071900
14107   0.071500
14108   0.065600
14109   0.072700
14110   0.072900
14111   0.069400
14112   0.069700
14113   0.071900
14114   0.070000
14115   0.069400
14116   0.064600
14117   0.072500
14118   0.072200
14119   0.071400
14120   0.074200
14121   0.068900
14122   0.068400
14123   0.073700
14124   0.071300
14125   0.068300
14126   0.074000
14127   0.074000
14128   0.074700
14129   0.075500
14130   0.081500
14131   0.084300
14132   0.082500
14133   0.084100
14134   0.078500
14135   0.074600
14136   0.069200
14137   0.078100
14138   0.082100
14139   0.085900
14140   0.077500
14141   0.078500
14142   0.078500
14143   0.073700
14144   0.069500
14145   0.069700
14146   0.065000
14147   0.064700
14148   0.069600
14149   0.068700
14150   0.069000
14151   0.070100
14152   0.075300
14153   0.076500
14154   0.075400
14155   0.076200
14156   0.074400
14157   0.072500
14158   0.069200
14159   0.067700
14160   0.068900
14161   0.074200
14162   0.076800
14163   0.079100
14164   0.079900
14165   0.073300
14166   0.065800
14167   0.061700
14168   0.057700
14169   0.054200
14170   0.049800
14171   0.054200
14172   0.051000
14173   0.051100
14174   0.058600
14175   0.059000
14176   0.051100
14177   0.042800
14178   0.043400
14179   0.045200
14180   0.047200
14181   0.049000
14182   0.055700
14183   0.056400
14184   0.057300
14185   0.062100
14186   0.057600
14187   0.058700
14188   0.058300
14189   0.058700
14190   0.061700
14191   0.065700
14192   0.062300
14193   0.063000
14194   0.064400
14195   0.058600
14196   0.054000
14197   0.061300
14198   0.064100
14199   0.067200
14200   0.069500
14201   0.072800
14202   0.069700
14203   0.075400
14204   0.074100
14205   0.074000
14206   0.073100
14207   0.073500
14208   0.078100
14209   0.075100
14210   0.068000
14211   0.069000
14212   0.072600
14213   0.075400
14214   0.076300
14215   0.077600
14216   0.075600
14217   0.075700
14218   0.076600
14219   0.074000
14220   0.063000
14221   0.070800
14222   0.070500
14223   0.068300
14224   0.068600
14225   0.064100
14226   0.060600
14227   0.065000
14228   0.070100
14229   0.076400
14230   0.078500
14231   0.080300
14232   0.082700
14233   0.076400
14234   0.073100
14235   0.079800
14236   0.073000
14237   0.081900
14238   0.079600
14239   0.084200
14240   0.085200
14241   0.087100
14242   0.086300
14243   0.085700
14244   0.086900
14245   0.085100
14246   0.090400
14247   0.089700
14248   0.084500
14249   0.085300
14250   0.086700
14251   0.085800
14252   0.091400
14253   0.089200
14254   0.089900
14255   0.090400
14256   0.097400
14257   0.096100
14258   0.094100
14259   0.094500
14260   0.093000
14261   0.091800
14262   0.093200
14263   0.094000
14264   0.092000
14265   0.090600
14266   0.095100
14267   0.099900
14268   0.100000
14269   0.100900
14270   0.100800
14271   0.105900
14272   0.105200
14273   0.103200
14274   0.093600
14275   0.089200
14276   0.089800
14277   0.089300
14278   0.087400
14279   0.088100
14280   0.096300
14281   0.095600
14282   0.094700
14283   0.093900
14284   0.098700
14285   0.093400
14286   0.086200
14287   0.086100
14288   0.091800
14289   0.088500
14290   0.089700
14291   0.088500
14292   0.089700
14293   0.096500
14294   0.092000
14295   0.088700
14296   0.081600
14297   0.081300
14298   0.084300
14299   0.086200
14300   0.089900
14301   0.092900
14302   0.092200
14303   0.092800
14304   0.094000
14305   0.099500
14306   0.097100
14307   0.104900
14308   0.112500
14309   0.116700
14310   0.116400
14311   0.118500
14312   0.110700
14313   0.110300
14314   0.111200
14315   0.111600
14316   0.108200
14317   0.108900
14318   0.103000
14319   0.105000
14320   0.095800
14321   0.097300
14322   0.095700
14323   0.097700
14324   0.098900
14325   0.097400
14326   0.096600
14327   0.097700
14328   0.106600
14329   0.107400
14330   0.106100
14331   0.102700
14332   0.111200
14333   0.110600
14334   0.112600
14335   0.106700
14336   0.113200
14337   0.107800
14338   0.109800
14339   0.108100
14340   0.119200
14341   0.114200
14342   0.114800
14343   0.110700
14344   0.107700
14345   0.108300
14346   0.100700
14347   0.102100
14348   0.104200
14349   0.102600
14350   0.103500
14351   0.104900
14352   0.099000
14353   0.100800
14354   0.094400
14355   0.102300
14356   0.098800
14357   0.101500
14358   0.095700
14359   0.093100
14360   0.095000
14361   0.094200
14362   0.090700
14363   0.092000
14364   0.092500
14365   0.098600
14366   0.100400
14367   0.100000
14368   0.097900
14369   0.098600
14370   0.097000
14371   0.098600
14372   0.108900
14373   0.111800
14374   0.116000
14375   0.120200
14376   0.124900
14377   0.120700
14378   0.120300
14379   0.119400
14380   0.117900
14381   0.117200
14382   0.116200
14383   0.116700
14384   0.117800
14385   0.117700
14386   0.115100
14387   0.120000
14388   0.121400
14389   0.111400
14390   0.107500
14391   0.104700
14392   0.106500
14393   0.103100
14394   0.097200
14395   0.096900
14396   0.099600
14397   0.098800
14398   0.105500
14399   0.102000
14400   0.097600
14401   0.093400
14402   0.093300
14403   0.091800
14404   0.092400
14405   0.092000
14406   0.098400
14407   0.096800
14408   0.096000
14409   0.103000
14410   0.093100
14411   0.092700
14412   0.093800
14413   0.089200
14414   0.089900
14415   0.092100
14416   0.092700
14417   0.088100
14418   0.083200
14419   0.079000
14420   0.076300
14421   0.072200
14422   0.071700
14423   0.075000
14424   0.080400
14425   0.079900
14426   0.077500
14427   0.080100
14428   0.083300
14429   0.078400
14430   0.074200
14431   0.076100
14432   0.082700
14433   0.079900
14434   0.076700
14435   0.073200
14436   0.074700
14437   0.076800
14438   0.076200
14439   0.080300
14440   0.078000
14441   0.077700
14442   0.079100
14443   0.075600
14444   0.072100
14445   0.071200
14446   0.071400
14447   0.075600
14448   0.071300
14449   0.067600
14450   0.070400
14451   0.072800
14452   0.066800
14453   0.068200
14454   0.064200
14455   0.065800
14456   0.065700
14457   0.068800
14458   0.065900
14459   0.068200
14460   0.072500
14461   0.073600
14462   0.077600
14463   0.075000
14464   0.075500
14465   0.069500
14466   0.067100
14467   0.071700
14468   0.074200
14469   0.074600
14470   0.070700
14471   0.074600
14472   0.072400
14473   0.077000
14474   0.076800
14475   0.081900
14476   0.077900
14477   0.076300
14478   0.075100
14479   0.077400
14480   0.072300
14481   0.072200
14482   0.066600
14483   0.073400
14484   0.073700
14485   0.077400
14486   0.085700
14487   0.091900
14488   0.089000
14489   0.088800
14490   0.087000
14491   0.087700
14492   0.092600
14493   0.084600
14494   0.084500
14495   0.077200
14496   0.082200
14497   0.080000
14498   0.081200
14499   0.082700
14500   0.083400
14501   0.081300
14502   0.083300
14503   0.076000
14504   0.073300
14505   0.076300
14506   0.073700
14507   0.083000
14508   0.076600
14509   0.072300
14510   0.073800
14511   0.074400
14512   0.071600
14513   0.071800
14514   0.072300
14515   0.072000
14516   0.078300
14517   0.070600
14518   0.071000
14519   0.073000
14520   0.071500
14521   0.074700
14522   0.073800
14523   0.071500
14524   0.078000
14525   0.077700
14526   0.075300
14527   0.078900
14528   0.074200
14529   0.068300
14530   0.062000
14531   0.064300
14532   0.065900
14533   0.058800
14534   0.059300
14535   0.060600
14536   0.063700
14537   0.057100
14538   0.052800
14539   0.055100
14540   0.046200
14541   0.049100
14542   0.053700
14543   0.055000
14544   0.056100
14545   0.053400
14546   0.054300
14547   0.061300
14548   0.065400
14549   0.068000
14550   0.061700
14551   0.061400
14552   0.070200
14553   0.072400
14554   0.080400
14555   0.078600
14556   0.077800
14557   0.074300
14558   0.077200
14559   0.075400
14560   0.075600
14561   0.078700
14562   0.080400
14563   0.085300
14564   0.086200
14565   0.090700
14566   0.090400
14567   0.083700
14568   0.092200
14569   0.091700
14570   0.089100
14571   0.092900
14572   0.094700
14573   0.095100
14574   0.098900
14575   0.095800
14576   0.095600
14577   0.088200
14578   0.094200
14579   0.096500
14580   0.096600
14581   0.099600
14582   0.099100
14583   0.087100
14584   0.083400
14585   0.090900
14586   0.091000
14587   0.085900
14588   0.083200
14589   0.089400
14590   0.083400
14591   0.080800
14592   0.084900
14593   0.083100
14594   0.084500
14595   0.084500
14596   0.086100
14597   0.087300
14598   0.086300
14599   0.080700
14600   0.075900
14601   0.085600
14602   0.084200
14603   0.086000
14604   0.085400
14605   0.076800
14606   0.082800
14607   0.078900
14608   0.086000
14609   0.078700
14610   0.076900
14611   0.072200
14612   0.071600
14613   0.063000
14614   0.064400
14615   0.061600
14616   0.059300
14617   0.057700
14618   0.057700
14619   0.058300
14620   0.054900
14621   0.055200
14622   0.053600
14623   0.055200
14624   0.051300
14625   0.055900
14626   0.048500
14627   0.047000
14628   0.042900
14629   0.047000
14630   0.045900
14631   0.046500
14632   0.043400
14633   0.042100
14634   0.039200
14635   0.041500
14636   0.039400
14637   0.040300
14638   0.042800
14639   0.040400
14640   0.041900
14641   0.040000
14642   0.042800
14643   0.046800
14644   0.047700
14645   0.051500
14646   0.054700
14647   0.058300
14648   0.065400
14649   0.064100
14650   0.065900
14651   0.070400
14652   0.071400
14653   0.073200
14654   0.082500
14655   0.081600
14656   0.077900
14657   0.080700
14658   0.078800
14659   0.081500
14660   0.080700
14661   0.080800
14662   0.073400
14663   0.068500
14664   0.070500
14665   0.070100
14666   0.063500
14667   0.059000
14668   0.058700
14669   0.054000
14670   0.056200
14671   0.051700
14672   0.056100
14673   0.057600
14674   0.061200
14675   0.066100
14676   0.059300
14677   0.061200
14678   0.062200
14679   0.063500
14680   0.065800
14681   0.062800
14682   0.060400
14683   0.068300
14684   0.076000
14685   0.079500
14686   0.085600
14687   0.090800
14688   0.093300
14689   0.090200
14690   0.089000
14691   0.085600
14692   0.081300
14693   0.074900
14694   0.076600
14695   0.079800
14696   0.082800
14697   0.085300
14698   0.091900
14699   0.085800
14700   0.092000
14701   0.092800
14702   0.095200
14703   0.091200
14704   0.085500
14705   0.087100
14706   0.085000
14707   0.078700
14708   0.079400
14709   0.079000
14710   0.075400
14711   0.075800
14712   0.073600
14713   0.072900
14714   0.073000
14715   0.070000
14716   0.065200
14717   0.068300
14718   0.070600
14719   0.064400
14720   0.062700
14721   0.064700
14722   0.064500
14723   0.074500
14724   0.076100
14725   0.078200
14726   0.081400
14727   0.080400
14728   0.077700
14729   0.078900
14730   0.073600
14731   0.082000
14732   0.078800
14733   0.078000
14734   0.080200
14735   0.079600
14736   0.084200
14737   0.087000
14738   0.082600
14739   0.082800
14740   0.084100
14741   0.087500
14742   0.083000
14743   0.079200
14744   0.082400
14745   0.081300
14746   0.080000
14747   0.078400
14748   0.085400
14749   0.094700
14750   0.094300
14751   0.091400
14752   0.089200
14753   0.090900
14754   0.090400
14755   0.088500
14756   0.091100
14757   0.097100
14758   0.092500
14759   0.085900
14760   0.078500
14761   0.078600
14762   0.072600
14763   0.075100
14764   0.072900
14765   0.075800
14766   0.078000
14767   0.073200
14768   0.072200
14769   0.073300
14770   0.080200
14771   0.081400
14772   0.084000
14773   0.080600
14774   0.081700
14775   0.087900
14776   0.083100
14777   0.079300
14778   0.079800
14779   0.080700
14780   0.083700
14781   0.085900
14782   0.085300
14783   0.087000
14784   0.088500
14785   0.088200
14786   0.086700
14787   0.088400
14788   0.073900
14789   0.079900
14790   0.082300
14791   0.080200
14792   0.070800
14793   0.068600
14794   0.067900
14795   0.066200
14796   0.064700
14797   0.064900
14798   0.066700
14799   0.066300
14800   0.065300
14801   0.057700
14802   0.070400
14803   0.066600
14804   0.075500
14805   0.073700
14806   0.073700
14807   0.071100
14808   0.072100
14809   0.072700
14810   0.076400
14811   0.074900
14812   0.078400
14813   0.074300
14814   0.073000
14815   0.078300
14816   0.087300
14817   0.088000
14818   0.090800
14819   0.080100
14820   0.073600
14821   0.066400
14822   0.067000
14823   0.066000
14824   0.067500
14825   0.067200
14826   0.072000
14827   0.070400
14828   0.071300
14829   0.067000
14830   0.066100
14831   0.055300
14832   0.058100
14833   0.061300
14834   0.061400
14835   0.061000
14836   0.064600
14837   0.061300
14838   0.066200
14839   0.068500
14840   0.073200
14841   0.067700
14842   0.069100
14843   0.065600
14844   0.074700
14845   0.075600
14846   0.077400
14847   0.074400
14848   0.070200
14849   0.064400
14850   0.071100
14851   0.071300
14852   0.075500
14853   0.078300
14854   0.069000
14855   0.068200
14856   0.069900
14857   0.065600
14858   0.064500
14859   0.060600
14860   0.057000
14861   0.056800
14862   0.055700
14863   0.062200
14864   0.060400
14865   0.056500
14866   0.065200
14867   0.065100
14868   0.068500
14869   0.067400
14870   0.071500
14871   0.071800
14872   0.067600
14873   0.069400
14874   0.076000
14875   0.072600
14876   0.071900
14877   0.071800
14878   0.075000
14879   0.071400
14880   0.064300
14881   0.061100
14882   0.062300
14883   0.060100
14884   0.063900
14885   0.061900
14886   0.067200
14887   0.071600
14888   0.070500
14889   0.061400
14890   0.063100
14891   0.063700
14892   0.066100
14893   0.062600
14894   0.061700
14895   0.061000
14896   0.057500
14897   0.054000
14898   0.054700
14899   0.052400
14900   0.051400
14901   0.047300
14902   0.052700
14903   0.052400
14904   0.043900
14905   0.046600
14906   0.045000
14907   0.046500
14908   0.050000
14909   0.047200
14910   0.046800
14911   0.043100
14912   0.041300
14913   0.035500
14914   0.037200
14915   0.037000
14916   0.041100
14917   0.039600
14918   0.041500
14919   0.044300
14920   0.045100
14921   0.046100
14922   0.048400
14923   0.056400
14924   0.056200
14925   0.055600
14926   0.055800
14927   0.060800
14928   0.057800
14929   0.061400
14930   0.058100
14931   0.064200
14932   0.067300
14933   0.068900
14934   0.073100
14935   0.071700
14936   0.077000
14937   0.075900
14938   0.077400
14939   0.069900
14940   0.074600
14941   0.073300
14942   0.075800
14943   0.076000
14944   0.070700
14945   0.074600
14946   0.070900
14947   0.071000
14948   0.066100
14949   0.058900
14950   0.057300
14951   0.059900
14952   0.062800
14953   0.062200
14954   0.066300
14955   0.071200
14956   0.073900
14957   0.077400
14958   0.082700
14959   0.079200
14960   0.089300
14961   0.097800
14962   0.102900
14963   0.095000
14964   0.093400
14965   0.094800
14966   0.096200
14967   0.096900
14968   0.102500
14969   0.098500
14970   0.096300
14971   0.095800
14972   0.095400
14973   0.097800
14974   0.096400
14975   0.094900
14976   0.093300
14977   0.094500
14978   0.096700
14979   0.096800
14980   0.103000
14981   0.099600
14982   0.102700
14983   0.104000
14984   0.109000
14985   0.105100
14986   0.104700
14987   0.098400
14988   0.094200
14989   0.107600
14990   0.108800
14991   0.106900
14992   0.102900
14993   0.104600
14994   0.100200
14995   0.095200
14996   0.092000
14997   0.089300
14998   0.092600
14999   0.095000
15000   0.089600
15001   0.088400
15002   0.085700
15003   0.081400
15004   0.073400
15005   0.071500
15006   0.074300
15007   0.076100
15008   0.071600
15009   0.071800
15010   0.077300
15011   0.077600
15012   0.077600
15013   0.076800
15014   0.071500
15015   0.066100
15016   0.065800
15017   0.063100
15018   0.062100
15019   0.066400
15020   0.068400
15021   0.073800
15022   0.070500
15023   0.071900
15024   0.067100
15025   0.067400
15026   0.067900
15027   0.065500
15028   0.070200
15029   0.073600
15030   0.073300
15031   0.070900
15032   0.068400
15033   0.077000
15034   0.072300
15035   0.074600
15036   0.080900
15037   0.078400
15038   0.075400
15039   0.073000
15040   0.067900
15041   0.070100
15042   0.069200
15043   0.070200
15044   0.066900
15045   0.069200
15046   0.069800
15047   0.076700
15048   0.074600
15049   0.079200
15050   0.076300
15051   0.079200
15052   0.074900
15053   0.075300
15054   0.078600
15055   0.082300
15056   0.077800
15057   0.081700
15058   0.083900
15059   0.092900
15060   0.088800
15061   0.083700
15062   0.086300
15063   0.091200
15064   0.087500
15065   0.093800
15066   0.091000
15067   0.094800
15068   0.094200
15069   0.083400
15070   0.080300
15071   0.075700
15072   0.072800
15073   0.073900
15074   0.077800
15075   0.076100
15076   0.076600
15077   0.076200
15078   0.075200
15079   0.072100
15080   0.069300
15081   0.073800
15082   0.076400
15083   0.079800
15084   0.080100
15085   0.078700
15086   0.081800
15087   0.082300
15088   0.080600
15089   0.080100
15090   0.082300
15091   0.083900
15092   0.088500
15093   0.094500
15094   0.088600
15095   0.089600
15096   0.083100
15097   0.086500
15098   0.087200
15099   0.087000
15100   0.083200
15101   0.076900
15102   0.075400
15103   0.075900
15104   0.082200
15105   0.080600
15106   0.081100
15107   0.075300
15108   0.076100
15109   0.078900
15110   0.080500
15111   0.079700
15112   0.080300
15113   0.074300
15114   0.074700
15115   0.081200
15116   0.077000
15117   0.081200
15118   0.079400
15119   0.084300
15120   0.082900
15121   0.080200
15122   0.075600
15123   0.076600
15124   0.078200
15125   0.076100
15126   0.070100
15127   0.071400
15128   0.071600
15129   0.070500
15130   0.072100
15131   0.076100
15132   0.069000
15133   0.070800
15134   0.072300
15135   0.074400
15136   0.074500
15137   0.072600
15138   0.074700
15139   0.067200
15140   0.066200
15141   0.057000
15142   0.059800
15143   0.060700
15144   0.062000
15145   0.058300
15146   0.062000
15147   0.061900
15148   0.060100
15149   0.065300
15150   0.067800
15151   0.057400
15152   0.052800
15153   0.049500
15154   0.044500
15155   0.048700
15156   0.049300
15157   0.040000
15158   0.042500
15159   0.039100
15160   0.035100
15161   0.039900
15162   0.038600
15163   0.040600
15164   0.037800
15165   0.041600
15166   0.044500
15167   0.041900
15168   0.050000
15169   0.051500
15170   0.049800
15171   0.050100
15172   0.057900
15173   0.054900
15174   0.057400
15175   0.056800
15176   0.055600
15177   0.055600
15178   0.048100
15179   0.053300
15180   0.051100
15181   0.051600
15182   0.057300
15183   0.061300
15184   0.063700
15185   0.061000
15186   0.059500
15187   0.055700
15188   0.052100
15189   0.053900
15190   0.052400
15191   0.053000
15192   0.047800
15193   0.052900
15194   0.050600
15195   0.048000
15196   0.042500
15197   0.045600
15198   0.043900
15199   0.049400
15200   0.051200
15201   0.044800
15202   0.047500
15203   0.050000
15204   0.042800
15205   0.040500
15206   0.035600
15207   0.029300
15208   0.028400
15209   0.031000
15210   0.030700
15211   0.034600
15212   0.033700
15213   0.034700
15214   0.038600
15215   0.037300
15216   0.033700
15217   0.033300
15218   0.022900
15219   0.022400
15220   0.030500
15221   0.034700
15222   0.036100
15223   0.037000
15224   0.036500
15225   0.036800
15226   0.039900
15227   0.038300
15228   0.040700
15229   0.038000
15230   0.037400
15231   0.035500
15232   0.033500
15233   0.039400
15234   0.034900
15235   0.036500
15236   0.031400
15237   0.028600
15238   0.023900
15239   0.028200
15240   0.028500
15241   0.025500
15242   0.023000
15243   0.026100
15244   0.029200
15245   0.024600
15246   0.025600
15247   0.024000
15248   0.021300
15249   0.026600
15250   0.026600
15251   0.032600
15252   0.030500
15253   0.035000
15254   0.034700
15255   0.027300
15256   0.025600
15257   0.025000
15258   0.024000
15259   0.024700
15260   0.029700
15261   0.034200
15262   0.037000
15263   0.038200
15264   0.036300
15265   0.029400
15266   0.025500
15267   0.024700
15268   0.023100
15269   0.015300
15270   0.017900
15271   0.020400
15272   0.018100
15273   0.018900
15274   0.015200
15275   0.016600
15276   0.013300
15277   0.012000
15278   0.010500
15279   0.011800
15280   0.007700
15281   0.009900
15282   0.006000
15283   0.005200
15284   0.003100
15285   0.001900
15286   0.000800
15287   0.004700
15288   0.000200
15289   0.000200
15290   0.000500
15291  -0.001700
15292  -0.005700
15293  -0.006800
15294  -0.003000
15295  -0.002600
15296  -0.007400
15297  -0.007900
15298  -0.006300
15299  -0.007200
15300  -0.008800
15301  -0.000100
15302   0.001900
15303  -0.001300
15304   0.000400
15305   0.001000
15306   0.003000
15307  -0.004100
15308  -0.012100
15309  -0.010600
15310  -0.009300
15311  -0.012500
15312  -0.011700
15313  -0.011800
15314  -0.010800
15315  -0.010700
15316  -0.012800
15317  -0.018400
15318  -0.024300
15319  -0.020100
15320  -0.020100
15321  -0.019500
15322  -0.022300
15323  -0.029300
15324  -0.035100
15325  -0.043600
15326  -0.035400
15327  -0.030800
15328  -0.025400
15329  -0.022500
15330  -0.028200
15331  -0.028600
15332  -0.020800
15333  -0.016900
15334  -0.015200
15335  -0.011800
15336  -0.007700
15337  -0.006100
15338  -0.000800
15339  -0.004100
15340  -0.007600
15341  -0.003900
15342   0.001400
15343   0.000400
15344   0.003400
15345   0.005200
15346   0.010600
15347   0.005600
15348   0.000800
15349   0.002500
15350   0.008700
15351   0.005300
15352   0.003500
15353   0.005100
15354   0.006100
15355   0.010800
15356   0.016900
15357   0.013100
15358   0.010600
15359   0.010600
15360   0.014200
15361   0.016900
15362   0.008200
15363   0.007500
15364   0.006800
15365   0.006200
15366   0.007800
15367   0.009500
15368   0.010700
15369   0.015500
15370   0.011700
15371   0.015400
15372   0.012400
15373   0.013700
15374   0.008600
15375   0.006900
15376   0.008100
15377   0.014200
15378   0.015000
15379   0.020300
15380   0.018800
15381   0.024900
15382   0.022200
15383   0.023700
15384   0.027100
15385   0.039500
15386   0.040800
15387   0.042500
15388   0.046900
15389   0.049600
15390   0.056900
15391   0.049700
15392   0.042900
15393   0.053200
15394   0.052800
15395   0.048500
15396   0.048100
15397   0.054500
15398   0.057900
15399   0.052800
15400   0.053600
15401   0.060300
15402   0.063500
15403   0.067000
15404   0.068400
15405   0.071900
15406   0.068200
15407   0.067700
15408   0.074400
15409   0.076800
15410   0.079700
15411   0.084500
15412   0.081300
15413   0.074100
15414   0.078100
15415   0.076900
15416   0.067400
15417   0.067100
15418   0.068400
15419   0.063000
15420   0.068500
15421   0.062000
15422   0.062900
15423   0.063900
15424   0.057400
15425   0.055400
15426   0.058200
15427   0.057800
15428   0.058900
15429   0.061700
15430   0.060600
15431   0.063700
15432   0.061000
15433   0.060400
15434   0.061100
15435   0.066700
15436   0.066200
15437   0.063400
15438   0.067800
15439   0.059400
15440   0.047400
15441   0.042100
15442   0.040600
15443   0.045400
15444   0.046100
15445   0.046900
15446   0.045500
15447   0.050600
15448   0.048000
15449   0.045100
15450   0.044800
15451   0.049000
15452   0.054400
15453   0.052100
15454   0.049800
15455   0.050700
15456   0.045500
15457   0.043200
15458   0.042700
15459   0.043600
15460   0.045800
15461   0.048200
15462   0.039400
15463   0.041700
15464   0.047300
15465   0.049100
15466   0.046900
15467   0.047900
15468   0.046400
15469   0.040500
15470   0.037100
15471   0.037200
15472   0.042200
15473   0.038000
15474   0.035100
15475   0.029800
15476   0.030200
15477   0.028400
15478   0.027200
15479   0.034300
15480   0.038100
15481   0.041300
15482   0.044900
15483   0.042200
15484   0.044400
15485   0.044200
15486   0.044900
15487   0.043600
15488   0.039200
15489   0.042400
15490   0.039500
15491   0.036900
15492   0.041900
15493   0.041200
15494   0.035800
15495   0.033300
15496   0.026100
15497   0.029600
15498   0.026200
15499   0.026700
15500   0.023600
15501   0.027500
15502   0.033300
15503   0.029300
15504   0.035000
15505   0.035200
15506   0.036300
15507   0.043300
15508   0.041100
15509   0.039800
15510   0.040100
15511   0.034900
15512   0.041600
15513   0.044400
15514   0.051200
15515   0.049900
15516   0.054400
15517   0.057200
15518   0.054500
15519   0.055900
15520   0.055200
15521   0.054500
15522   0.052500
15523   0.046500
15524   0.043000
15525   0.040100
15526   0.043300
15527   0.042400
15528   0.042900
15529   0.043800
15530   0.045600
15531   0.047900
15532   0.050600
15533   0.055400
15534   0.054400
15535   0.048300
15536   0.053400
15537   0.045300
15538   0.049700
15539   0.054400
15540   0.055900
15541   0.051600
15542   0.053700
15543   0.048500
15544   0.043200
15545   0.043300
15546   0.042300
15547   0.038200
15548   0.037400
15549   0.036400
15550   0.040300
15551   0.037000
15552   0.037000
15553   0.029700
15554   0.031600
15555   0.037000
15556   0.033700
15557   0.030700
15558   0.030000
15559   0.031100
15560   0.027700
15561   0.031600
15562   0.033100
15563   0.031800
15564   0.028800
15565   0.036500
15566   0.034600
15567   0.032700
15568   0.038800
15569   0.040600
15570   0.042600
15571   0.041600
15572   0.038800
15573   0.028500
15574   0.029500
15575   0.031900
15576   0.025900
15577   0.024700
15578   0.017600
15579   0.020200
15580   0.018000
15581   0.015600
15582   0.021700
15583   0.021800
15584   0.015200
15585   0.012000
15586   0.010500
15587   0.013400
15588   0.020300
15589   0.016500
15590   0.012200
15591   0.012400
15592   0.012200
15593   0.023100
15594   0.021400
15595   0.023300
15596   0.023700
15597   0.023700
15598   0.026600
15599   0.024600
15600   0.020500
15601   0.028700
15602   0.026600
15603   0.029300
15604   0.028600
15605   0.025200
15606   0.025600
15607   0.025800
15608   0.026800
15609   0.029000
15610   0.028600
15611   0.029200
15612   0.023900
15613   0.024400
15614   0.027400
15615   0.024500
15616   0.020500
15617   0.021500
15618   0.021400
15619   0.026300
15620   0.033500
15621   0.027800
15622   0.035300
15623   0.035000
15624   0.032800
15625   0.025600
15626   0.020900
15627   0.020600
15628   0.017700
15629   0.024000
15630   0.025400
15631   0.030900
15632   0.034700
15633   0.027800
15634   0.029300
15635   0.028300
15636   0.026900
15637   0.034000
15638   0.032700
15639   0.041400
15640   0.045000
15641   0.048300
15642   0.047000
15643   0.047200
15644   0.046200
15645   0.051600
15646   0.049400
15647   0.048400
15648   0.053000
15649   0.054900
15650   0.061500
15651   0.064500
15652   0.064000
15653   0.060700
15654   0.060500
15655   0.058400
15656   0.052400
15657   0.054600
15658   0.051000
15659   0.048900
15660   0.050500
15661   0.045300
15662   0.041100
15663   0.039200
15664   0.039000
15665   0.039100
15666   0.041900
15667   0.043500
15668   0.034200
15669   0.034700
15670   0.037100
15671   0.040200
15672   0.044200
15673   0.041300
15674   0.035600
15675   0.033300
15676   0.027800
15677   0.026900
15678   0.025900
15679   0.026200
15680   0.024300
15681   0.022600
15682   0.028400
15683   0.028600
15684   0.033900
15685   0.037800
15686   0.035100
15687   0.038600
15688   0.042800
15689   0.047100
15690   0.047700
15691   0.053400
15692   0.057200
15693   0.056800
15694   0.061100
15695   0.058900
15696   0.059000
15697   0.054100
15698   0.059300
15699   0.062100
15700   0.057200
15701   0.055800
15702   0.049700
15703   0.044200
15704   0.040200
15705   0.038200
15706   0.041400
15707   0.045600
15708   0.049300
15709   0.048300
15710   0.045100
15711   0.040500
15712   0.042300
15713   0.045400
15714   0.040600
15715   0.039300
15716   0.039400
15717   0.039700
15718   0.042900
15719   0.042600
15720   0.051700
15721   0.044500
15722   0.042900
15723   0.044800
15724   0.045900
15725   0.045400
15726   0.047900
15727   0.047700
15728   0.050800
15729   0.053200
15730   0.046300
15731   0.042100
15732   0.039700
15733   0.031500
15734   0.030600
15735   0.031700
15736   0.029600
15737   0.036000
15738   0.042300
15739   0.042500
15740   0.041800
15741   0.038900
15742   0.048200
15743   0.054600
15744   0.051800
15745   0.051800
15746   0.050700
15747   0.052200
15748   0.056000
15749   0.056600
15750   0.054700
15751   0.045000
15752   0.049700
15753   0.056600
15754   0.052300
15755   0.056800
15756   0.057500
15757   0.061500
15758   0.061900
15759   0.064200
15760   0.060700
15761   0.072800
15762   0.069700
15763   0.071300
15764   0.072900
15765   0.072100
15766   0.082600
15767   0.083100
15768   0.083100
15769   0.078800
15770   0.084800
15771   0.087200
15772   0.085000
15773   0.088200
15774   0.088100
15775   0.082300
15776   0.083000
15777   0.082200
15778   0.079600
15779   0.075900
15780   0.081000
15781   0.081400
15782   0.078600
15783   0.081100
15784   0.077400
15785   0.072500
15786   0.073600
15787   0.065900
15788   0.065400
15789   0.068900
15790   0.071200
15791   0.076700
15792   0.074500
15793   0.070200
15794   0.075100
15795   0.077000
15796   0.073200
15797   0.075100
15798   0.070600
15799   0.073300
15800   0.071600
15801   0.070000
15802   0.064300
15803   0.065100
15804   0.066900
15805   0.065800
15806   0.060700
15807   0.059400
15808   0.054500
15809   0.056800
15810   0.054500
15811   0.049200
15812   0.050500
15813   0.046500
15814   0.049500
15815   0.049400
15816   0.054300
15817   0.046300
15818   0.046500
15819   0.039700
15820   0.041700
15821   0.042300
15822   0.036100
15823   0.039400
15824   0.042600
15825   0.041000
15826   0.039500
15827   0.034900
15828   0.034900
15829   0.035800
15830   0.027100
15831   0.024700
15832   0.029100
15833   0.029100
15834   0.031500
15835   0.035700
15836   0.044100
15837   0.043500
15838   0.043300
15839   0.040400
15840   0.035900
15841   0.034900
15842   0.032600
15843   0.028000
15844   0.025200
15845   0.032500
15846   0.033100
15847   0.032000
15848   0.031600
15849   0.035700
15850   0.038000
15851   0.039600
15852   0.036500
15853   0.032000
15854   0.030400
15855   0.026400
15856   0.026900
15857   0.031900
15858   0.031000
15859   0.029900
15860   0.027800
15861   0.026200
15862   0.026100
15863   0.022800
15864   0.021900
15865   0.020100
15866   0.019400
15867   0.016200
15868   0.019600
15869   0.015800
15870   0.013400
15871   0.014000
15872   0.009900
15873   0.008500
15874   0.008300
15875   0.004800
15876  -0.000500
15877   0.007600
15878   0.004200
15879  -0.002000
15880  -0.000200
15881  -0.004900
15882  -0.003400
15883  -0.004700
15884  -0.006100
15885  -0.005200
15886  -0.006100
15887  -0.008800
15888  -0.011000
15889  -0.008100
15890  -0.002300
15891  -0.010800
15892  -0.012500
15893  -0.011800
15894  -0.003600
15895  -0.001700
15896   0.003700
15897  -0.000700
15898  -0.004000
15899  -0.002100
15900  -0.001400
15901  -0.001800
15902  -0.001800
15903  -0.001600
15904   0.002400
15905   0.005600
15906   0.000600
15907  -0.000900
15908   0.003600
15909   0.006300
15910   0.008000
15911   0.011100
15912   0.010900
15913   0.014300
15914   0.011900
15915   0.010000
15916   0.012100
15917   0.013600
15918   0.021400
15919   0.023800
15920   0.023200
15921   0.024700
15922   0.020100
15923   0.018500
15924   0.016400
15925   0.011000
15926   0.007900
15927   0.003400
15928   0.007700
15929   0.005000
15930  -0.001600
15931  -0.006200
15932  -0.015700
15933  -0.017200
15934  -0.018600
15935  -0.019100
15936  -0.020200
15937  -0.023000
15938  -0.017300
15939  -0.014800
15940  -0.012900
15941  -0.010400
15942  -0.011200
15943  -0.013600
15944  -0.010000
15945  -0.008200
15946  -0.002900
15947  -0.002300
15948  -0.004300
15949  -0.005400
15950  -0.003100
15951  -0.005700
15952  -0.009100
15953  -0.008900
15954  -0.004900
15955  -0.010900
15956  -0.009700
15957  -0.009900
15958  -0.002000
15959   0.006500
15960   0.008400
15961   0.006000
15962   0.014000
15963   0.021200
15964   0.019500
15965   0.016200
15966   0.014800
15967   0.010500
15968   0.011700
15969   0.013600
15970   0.010200
15971  -0.000200
15972  -0.002600
15973  -0.000600
15974  -0.002900
15975  -0.005600
15976  -0.002400
15977  -0.008100
15978  -0.011000
15979  -0.012600
15980  -0.017400
15981  -0.012300
15982  -0.006900
15983  -0.008100
15984  -0.004400
15985  -0.010000
15986  -0.019200
15987  -0.015100
15988  -0.017500
15989  -0.017000
15990  -0.026600
15991  -0.024900
15992  -0.030000
15993  -0.024400
15994  -0.025000
15995  -0.026400
15996  -0.026000
15997  -0.030300
15998  -0.031300
15999  -0.030500
16000  -0.027600
16001  -0.029000
16002  -0.028200
16003  -0.033100
16004  -0.033200
16005  -0.033500
16006  -0.038100
16007  -0.041700
16008  -0.046500
16009  -0.046800
16010  -0.049800
16011  -0.050600
16012  -0.056800
16013  -0.058200
16014  -0.055300
16015  -0.050400
16016  -0.054900
16017  -0.051800
16018  -0.051100
16019  -0.045100
16020  -0.048700
16021  -0.047500
16022  -0.046700
16023  -0.045100
16024  -0.048700
16025  -0.049400
16026  -0.048700
16027  -0.045100
16028  -0.044200
16029  -0.041100
16030  -0.035900
16031  -0.036700
16032  -0.041300
16033  -0.038300
16034  -0.041300
16035  -0.045100
16036  -0.048100
16037  -0.045800
16038  -0.044800
16039  -0.044600
16040  -0.046100
16041  -0.046500
16042  -0.049800
16043  -0.050000
16044  -0.053400
16045  -0.049600
16046  -0.040400
16047  -0.048700
16048  -0.055400
16049  -0.052400
16050  -0.055500
16051  -0.058500
16052  -0.057000
16053  -0.050800
16054  -0.049400
16055  -0.055400
16056  -0.053100
16057  -0.051600
16058  -0.052300
16059  -0.052100
16060  -0.050400
16061  -0.049800
16062  -0.052900
16063  -0.048700
16064  -0.050400
16065  -0.051700
16066  -0.055800
16067  -0.052200
16068  -0.055300
16069  -0.058400
16070  -0.058000
16071  -0.061100
16072  -0.055100
16073  -0.053000
16074  -0.051500
16075  -0.050000
16076  -0.054200
16077  -0.059000
16078  -0.058400
16079  -0.058700
16080  -0.059600
16081  -0.059100
16082  -0.062800
16083  -0.057600
16084  -0.055900
16085  -0.058700
16086  -0.055400
16087  -0.057200
16088  -0.056500
16089  -0.058100
16090  -0.056100
16091  -0.053300
16092  -0.060300
16093  -0.064000
16094  -0.064300
16095  -0.062600
16096  -0.060200
16097  -0.061700
16098  -0.059800
16099  -0.059500
16100  -0.059400
16101  -0.062100
16102  -0.057300
16103  -0.060100
16104  -0.065500
16105  -0.068700
16106  -0.065600
16107  -0.065500
16108  -0.069600
16109  -0.070900
16110  -0.063900
16111  -0.065200
16112  -0.063600
16113  -0.064000
16114  -0.057100
16115  -0.058700
16116  -0.051200
16117  -0.047100
16118  -0.037000
16119  -0.040400
16120  -0.037400
16121  -0.038100
16122  -0.044700
16123  -0.041100
16124  -0.038500
16125  -0.035100
16126  -0.041600
16127  -0.043400
16128  -0.045300
16129  -0.042100
16130  -0.040200
16131  -0.042300
16132  -0.040100
16133  -0.044900
16134  -0.044900
16135  -0.040900
16136  -0.046800
16137  -0.047100
16138  -0.043300
16139  -0.039400
16140  -0.038400
16141  -0.037900
16142  -0.035900
16143  -0.037400
16144  -0.032900
16145  -0.028400
16146  -0.029100
16147  -0.028400
16148  -0.025000
16149  -0.031800
16150  -0.030700
16151  -0.031700
16152  -0.026500
16153  -0.021700
16154  -0.023700
16155  -0.024700
16156  -0.031500
16157  -0.034500
16158  -0.033000
16159  -0.029800
16160  -0.030800
16161  -0.031400
16162  -0.031900
16163  -0.035200
16164  -0.029700
16165  -0.034800
16166  -0.039200
16167  -0.035800
16168  -0.032900
16169  -0.035300
16170  -0.031500
16171  -0.031400
16172  -0.032600
16173  -0.025700
16174  -0.019900
16175  -0.019000
16176  -0.018000
16177  -0.018300
16178  -0.019200
16179  -0.019400
16180  -0.018300
16181  -0.020900
16182  -0.019300
16183  -0.016900
16184  -0.011600
16185  -0.010300
16186  -0.008500
16187  -0.013900
16188  -0.008700
16189  -0.005100
16190  -0.010700
16191  -0.021400
16192  -0.028500
16193  -0.032200
16194  -0.023100
16195  -0.024800
16196  -0.020600
16197  -0.019000
16198  -0.017400
16199  -0.025300
16200  -0.023800
16201  -0.019400
16202  -0.019400
16203  -0.018800
16204  -0.012400
16205  -0.015000
16206  -0.019600
16207  -0.017500
16208  -0.012300
16209  -0.010800
16210  -0.008100
16211  -0.004200
16212  -0.002300
16213   0.007300
16214  -0.001400
16215  -0.004200
16216  -0.002600
16217   0.000300
16218  -0.001900
16219  -0.003700
16220  -0.010400
16221  -0.011800
16222  -0.010500
16223  -0.011700
16224  -0.010300
16225  -0.011600
16226  -0.006300
16227  -0.005200
16228  -0.007800
16229  -0.009000
16230  -0.013500
16231  -0.006000
16232  -0.001000
16233   0.005100
16234  -0.001300
16235   0.001100
16236  -0.006800
16237  -0.006000
16238  -0.001100
16239   0.001100
16240   0.000500
16241  -0.002700
16242  -0.008600
16243  -0.008800
16244  -0.003100
16245   0.000700
16246  -0.006100
16247  -0.007000
16248  -0.011100
16249  -0.004100
16250  -0.007500
16251  -0.010000
16252  -0.012300
16253  -0.015600
16254  -0.010000
16255  -0.010500
16256  -0.012100
16257  -0.010600
16258  -0.016200
16259  -0.015500
16260  -0.007900
16261  -0.013900
16262  -0.006700
16263  -0.007500
16264  -0.009300
16265  -0.013700
16266  -0.015000
16267  -0.013900
16268  -0.014700
16269  -0.010700
16270  -0.017200
16271  -0.016800
16272  -0.018200
16273  -0.016500
16274  -0.020000
16275  -0.027400
16276  -0.034000
16277  -0.033900
16278  -0.027700
16279  -0.015700
16280  -0.015200
16281  -0.016700
16282  -0.012500
16283  -0.017300
16284  -0.014200
16285  -0.011000
16286  -0.009100
16287  -0.006900
16288  -0.016000
16289  -0.012900
16290  -0.017600
16291  -0.013400
16292  -0.006400
16293  -0.009700
16294  -0.007900
16295  -0.007200
16296  -0.003200
16297  -0.001900
16298  -0.000100
16299  -0.000700
16300   0.004700
16301   0.000000
16302   0.004700
16303   0.002900
16304   0.003500
16305   0.000300
16306  -0.001700
16307   0.006000
16308   0.000900
16309  -0.005900
16310  -0.008900
16311  -0.003900
16312  -0.003600
16313  -0.003700
16314  -0.004900
16315  -0.008700
16316  -0.006200
16317  -0.008600
16318  -0.008800
16319  -0.006700
16320  -0.010500
16321  -0.008400
16322  -0.006600
16323  -0.008500
16324  -0.008800
16325  -0.009300
16326  -0.002300
16327  -0.001300
16328   0.002700
16329  -0.000200
16330  -0.001100
16331  -0.003800
16332  -0.000900
16333  -0.005400
16334  -0.005400
16335  -0.000100
16336  -0.004800
16337  -0.006300
16338  -0.002900
16339  -0.002800
16340  -0.004600
16341  -0.004700
16342   0.001300
16343  -0.003400
16344  -0.001500
16345  -0.006400
16346  -0.006100
16347  -0.006400
16348  -0.010400
16349  -0.006900
16350  -0.011100
16351  -0.004400
16352  -0.011200
16353  -0.013500
16354  -0.014600
16355  -0.010500
16356  -0.014100
16357  -0.016500
16358  -0.017200
16359  -0.014700
16360  -0.014500
16361  -0.015500
16362  -0.016500
16363  -0.015400
16364  -0.010200
16365  -0.017600
16366  -0.023900
16367  -0.023900
16368  -0.025300
16369  -0.019500
16370  -0.023900
16371  -0.021500
16372  -0.016000
16373  -0.008200
16374  -0.008100
16375  -0.016000
16376  -0.016400
16377  -0.016700
16378  -0.016800
16379  -0.010100
16380  -0.017800
16381  -0.016900
16382  -0.013300
16383  -0.013900
16384  -0.020100
16385  -0.023900
16386  -0.025700
16387  -0.023100
16388  -0.025800
16389  -0.027500
16390  -0.023500
16391  -0.025700
16392  -0.023400
16393  -0.026700
16394  -0.022700
16395  -0.028100
16396  -0.032200
16397  -0.031800
16398  -0.032000
16399  -0.032700
16400  -0.030300
16401  -0.027100
16402  -0.033700
16403  -0.037200
16404  -0.029100
16405  -0.028000
16406  -0.027700
16407  -0.027600
16408  -0.028400
16409  -0.029700
16410  -0.025300
16411  -0.027700
16412  -0.023600
16413  -0.020400
16414  -0.013000
16415  -0.014300
16416  -0.007600
16417  -0.009200
16418  -0.010100
16419  -0.012000
16420  -0.010300
16421  -0.011000
16422  -0.008200
16423  -0.014200
16424  -0.011200
16425  -0.010300
16426  -0.013000
16427  -0.009000
16428  -0.007700
16429  -0.005600
16430  -0.002900
16431  -0.007200
16432  -0.011700
16433  -0.010400
16434  -0.014300
16435  -0.014000
16436  -0.012600
16437  -0.015600
16438  -0.016200
16439  -0.009100
16440  -0.010300
16441  -0.014700
16442  -0.014700
16443  -0.011900
16444  -0.018300
16445  -0.018500
16446  -0.022200
16447  -0.024100
16448  -0.031400
16449  -0.028000
16450  -0.026500
16451  -0.022400
16452  -0.021600
16453  -0.019500
16454  -0.018800
16455  -0.016400
16456  -0.016800
16457  -0.015300
16458  -0.014400
16459  -0.010200
16460  -0.009300
16461  -0.010100
16462  -0.006100
16463   0.003100
16464   0.001600
16465   0.000700
16466  -0.001600
16467   0.000300
16468   0.002600
16469   0.005200
16470   0.004400
16471   0.004200
16472   0.003100
16473  -0.000800
16474  -0.000600
16475   0.002100
16476  -0.000500
16477   0.002100
16478   0.004800
16479   0.006000
16480   0.006000
16481  -0.001100
16482   0.003200
16483   0.002600
16484   0.005700
16485   0.010000
16486   0.004300
16487   0.004300
16488   0.002900
16489   0.000900
16490   0.001700
16491  -0.001300
16492  -0.004900
16493  -0.009400
16494  -0.010900
16495  -0.010500
16496  -0.010300
16497  -0.005900
16498  -0.008900
16499  -0.012700
16500  -0.003000
16501   0.002600
16502   0.003000
16503   0.004400
16504   0.001700
16505   0.002600
16506   0.000200
16507  -0.002500
16508   0.001700
16509   0.001500
16510   0.003600
16511  -0.000900
16512  -0.002400
16513  -0.001600
16514  -0.002900
16515  -0.000300
16516   0.004000
16517   0.004800
16518   0.013400
16519   0.011200
16520   0.016700
16521   0.010100
16522   0.008600
16523   0.010100
16524   0.011900
16525   0.006600
16526   0.007400
16527   0.003800
16528   0.001500
16529   0.003400
16530   0.009500
16531   0.016600
16532   0.020600
16533   0.018200
16534   0.024800
16535   0.022700
16536   0.025300
16537   0.018000
16538   0.014400
16539   0.017800
16540   0.016400
16541   0.017600
16542   0.019800
16543   0.016700
16544   0.010000
16545   0.012300
16546   0.013000
16547   0.009400
16548   0.011600
16549   0.008000
16550   0.012400
16551   0.007300
16552   0.004900
16553   0.000400
16554   0.008700
16555   0.014600
16556   0.009000
16557   0.008100
16558   0.007200
16559   0.005100
16560   0.009200
16561   0.004700
16562   0.005100
16563   0.005800
16564   0.005100
16565   0.001000
16566   0.001500
16567   0.002100
16568   0.007700
16569   0.009800
16570   0.005900
16571   0.009300
16572   0.011700
16573   0.014400
16574   0.008600
16575   0.009000
16576   0.014200
16577   0.009200
16578   0.006800
16579   0.003000
16580   0.004900
16581   0.005700
16582   0.011500
16583   0.012500
16584   0.017400
16585   0.019400
16586   0.018500
16587   0.023500
16588   0.020000
16589   0.016800
16590   0.021200
16591   0.014400
16592   0.015100
16593   0.012200
16594   0.014400
16595   0.011200
16596   0.018800
16597   0.020600
16598   0.021300
16599   0.022800
16600   0.023600
16601   0.022100
16602   0.016500
16603   0.018600
16604   0.026400
16605   0.033100
16606   0.030300
16607   0.026000
16608   0.022300
16609   0.017400
16610   0.015200
16611   0.013400
16612   0.014000
16613   0.017900
16614   0.023200
16615   0.029500
16616   0.030400
16617   0.030000
16618   0.028600
16619   0.026200
16620   0.033300
16621   0.034100
16622   0.034500
16623   0.033200
16624   0.037800
16625   0.035100
16626   0.039400
16627   0.038700
16628   0.036600
16629   0.036400
16630   0.029200
16631   0.024200
16632   0.022700
16633   0.023900
16634   0.020300
16635   0.020700
16636   0.018100
16637   0.016100
16638   0.018800
16639   0.022300
16640   0.020700
16641   0.021100
16642   0.020400
16643   0.023300
16644   0.025200
16645   0.030300
16646   0.023200
16647   0.028200
16648   0.030700
16649   0.033000
16650   0.030200
16651   0.036100
16652   0.035300
16653   0.032000
16654   0.033400
16655   0.030900
16656   0.030700
16657   0.029700
16658   0.035300
16659   0.026000
16660   0.027000
16661   0.020400
16662   0.021100
16663   0.024000
16664   0.025800
16665   0.026400
16666   0.031100
16667   0.032600
16668   0.028700
16669   0.027500
16670   0.028700
16671   0.026300
16672   0.027700
16673   0.030000
16674   0.031800
16675   0.030100
16676   0.028300
16677   0.022800
16678   0.029400
16679   0.022900
16680   0.020800
16681   0.022300
16682   0.020600
16683   0.024000
16684   0.024900
16685   0.025600
16686   0.028300
16687   0.026800
16688   0.025400
16689   0.023300
16690   0.020500
16691   0.021700
16692   0.022400
16693   0.019800
16694   0.014400
16695   0.022400
16696   0.016800
16697   0.007600
16698   0.007100
16699   0.017100
16700   0.014900
16701   0.019000
16702   0.018500
16703   0.017800
16704   0.016000
16705   0.019200
16706   0.017400
16707   0.023400
16708   0.027500
16709   0.020500
16710   0.021300
16711   0.024500
16712   0.022000
16713   0.025700
16714   0.023000
16715   0.024900
16716   0.021000
16717   0.016700
16718   0.014700
16719   0.019400
16720   0.015600
16721   0.012800
16722   0.014800
16723   0.013700
16724   0.013500
16725   0.018400
16726   0.019500
16727   0.020400
16728   0.021000
16729   0.025000
16730   0.019300
16731   0.011200
16732   0.009900
16733   0.008800
16734   0.004900
16735   0.003700
16736   0.002600
16737   0.000800
16738   0.003300
16739   0.001200
16740   0.001100
16741  -0.000600
16742  -0.001500
16743   0.001200
16744   0.003000
16745   0.007000
16746   0.007100
16747   0.008900
16748   0.010800
16749   0.002600
16750   0.004000
16751   0.007500
16752   0.010600
16753   0.004800
16754   0.001800
16755  -0.000500
16756  -0.004800
16757  -0.000200
16758  -0.001100
16759   0.003600
16760   0.001500
16761  -0.005800
16762  -0.012500
16763  -0.010300
16764  -0.009300
16765  -0.009600
16766  -0.014000
16767  -0.013700
16768  -0.017900
16769  -0.017300
16770  -0.019500
16771  -0.023200
16772  -0.024500
16773  -0.027400
16774  -0.018900
16775  -0.020500
16776  -0.024400
16777  -0.023400
16778  -0.021200
16779  -0.020400
16780  -0.027600
16781  -0.029200
16782  -0.033000
16783  -0.039800
16784  -0.038400
16785  -0.037900
16786  -0.041200
16787  -0.046600
16788  -0.044000
16789  -0.038800
16790  -0.034800
16791  -0.032300
16792  -0.025800
16793  -0.029700
16794  -0.028600
16795  -0.028500
16796  -0.029900
16797  -0.025800
16798  -0.023500
16799  -0.024000
16800  -0.019600
16801  -0.018500
16802  -0.020700
16803  -0.026200
16804  -0.027500
16805  -0.027300
16806  -0.020400
16807  -0.026400
16808  -0.031100
16809  -0.037300
16810  -0.038700
16811  -0.037200
16812  -0.038600
16813  -0.048100
16814  -0.048700
16815  -0.056400
16816  -0.057400
16817  -0.057600
16818  -0.053100
16819  -0.057000
16820  -0.050300
16821  -0.047100
16822  -0.044800
16823  -0.046900
16824  -0.052500
16825  -0.049100
16826  -0.045900
16827  -0.045700
16828  -0.043700
16829  -0.041900
16830  -0.042800
16831  -0.041200
16832  -0.044800
16833  -0.042300
16834  -0.050700
16835  -0.046400
16836  -0.036200
16837  -0.035200
16838  -0.038000
16839  -0.035400
16840  -0.035600
16841  -0.037500
16842  -0.034300
16843  -0.038900
16844  -0.038100
16845  -0.045700
16846  -0.046300
16847  -0.051000
16848  -0.049300
16849  -0.055200
16850  -0.058600
16851  -0.061600
16852  -0.063700
16853  -0.060100
16854  -0.061200
16855  -0.056100
16856  -0.056800
16857  -0.052800
16858  -0.054700
16859  -0.053000
16860  -0.056100
16861  -0.055000
16862  -0.055600
16863  -0.055100
16864  -0.050100
16865  -0.052300
16866  -0.051400
16867  -0.048900
16868  -0.045700
16869  -0.042900
16870  -0.036400
16871  -0.039000
16872  -0.046700
16873  -0.043500
16874  -0.033500
16875  -0.034500
16876  -0.036600
16877  -0.041800
16878  -0.042400
16879  -0.036500
16880  -0.045200
16881  -0.050600
16882  -0.055100
16883  -0.052100
16884  -0.045900
16885  -0.042800
16886  -0.037800
16887  -0.034200
16888  -0.029300
16889  -0.030200
16890  -0.031500
16891  -0.028000
16892  -0.031000
16893  -0.028900
16894  -0.028600
16895  -0.032500
16896  -0.031900
16897  -0.028000
16898  -0.025900
16899  -0.023800
16900  -0.022700
16901  -0.019700
16902  -0.020600
16903  -0.027500
16904  -0.019400
16905  -0.019400
16906  -0.023200
16907  -0.025700
16908  -0.026400
16909  -0.026000
16910  -0.020500
16911  -0.017100
16912  -0.011700
16913  -0.013000
16914  -0.013400
16915  -0.012200
16916  -0.012100
16917  -0.004100
16918  -0.006300
16919  -0.005100
16920  -0.002500
16921   0.004300
16922   0.001800
16923   0.002700
16924   0.000100
16925  -0.004600
16926  -0.001400
16927  -0.002700
16928  -0.001100
16929  -0.000600
16930   0.000200
16931  -0.001400
16932  -0.001800
16933  -0.000100
16934   0.000300
16935   0.002400
16936   0.000700
16937   0.001900
16938   0.001800
16939   0.000200
16940   0.000900
16941  -0.001400
16942  -0.001700
16943  -0.008800
16944  -0.012100
16945  -0.005900
16946  -0.011300
16947  -0.015500
16948  -0.013400
16949  -0.006000
16950  -0.001800
16951  -0.010400
16952  -0.011200
16953  -0.012700
16954  -0.013000
16955  -0.010400
16956  -0.006500
16957  -0.001000
16958   0.001000
16959   0.000800
16960   0.002900
16961   0.003200
16962   0.001100
16963   0.005200
16964  -0.000900
16965  -0.005100
16966  -0.002800
16967  -0.004500
16968  -0.000200
16969  -0.004500
16970  -0.000900
16971   0.004200
16972   0.003800
16973   0.007200
16974   0.008000
16975  -0.005200
16976  -0.000200
16977  -0.003400
16978  -0.011100
16979  -0.005800
16980  -0.010500
16981  -0.006100
16982  -0.006100
16983  -0.006000
16984  -0.009300
16985  -0.007000
16986  -0.005500
16987  -0.009700
16988  -0.009700
16989  -0.006900
16990  -0.005000
16991  -0.010300
16992  -0.004100
16993  -0.007100
16994  -0.008300
16995  -0.007900
16996  -0.009200
16997  -0.005000
16998  -0.000800
16999   0.000400
17000   0.001000
17001   0.004400
17002   0.004900
17003  -0.000100
17004   0.003400
17005   0.008900
17006   0.005600
17007   0.007400
17008   0.018700
17009   0.016400
17010   0.012000
17011   0.011400
17012   0.019300
17013   0.024400
17014   0.023900
17015   0.034000
17016   0.029300
17017   0.025300
17018   0.029800
17019   0.029100
17020   0.026500
17021   0.025500
17022   0.031500
17023   0.027800
17024   0.031900
17025   0.031700
17026   0.035100
17027   0.028900
17028   0.035800
17029   0.039600
17030   0.037800
17031   0.042300
17032   0.043400
17033   0.036600
17034   0.040100
17035   0.039500
17036   0.043800
17037   0.041300
17038   0.036500
17039   0.039600
17040   0.045100
17041   0.049900
17042   0.054700
17043   0.053400
17044   0.057200
17045   0.054200
17046   0.055700
17047   0.058600
17048   0.062700
17049   0.062000
17050   0.067800
17051   0.070700
17052   0.071300
17053   0.070100
17054   0.072100
17055   0.074800
17056   0.075400
17057   0.069500
17058   0.069100
17059   0.067700
17060   0.071200
17061   0.070400
17062   0.066800
17063   0.066800
17064   0.062100
17065   0.052600
17066   0.049200
17067   0.047600
17068   0.046300
17069   0.042400
17070   0.043500
17071   0.039900
17072   0.044100
17073   0.045200
17074   0.049300
17075   0.050400
17076   0.055100
17077   0.053900
17078   0.056700
17079   0.063400
17080   0.063900
17081   0.065200
17082   0.068700
17083   0.069900
17084   0.071600
17085   0.073000
17086   0.073200
17087   0.070500
17088   0.074700
17089   0.069300
17090   0.068000
17091   0.072200
17092   0.065500
17093   0.057400
17094   0.060400
17095   0.058900
17096   0.058600
17097   0.064200
17098   0.068000
17099   0.062000
17100   0.063600
17101   0.061100
17102   0.068000
17103   0.071300
17104   0.064900
17105   0.067900
17106   0.072500
17107   0.071000
17108   0.066900
17109   0.070100
17110   0.067100
17111   0.072000
17112   0.068200
17113   0.073500
17114   0.073200
17115   0.070100
17116   0.068900
17117   0.072400
17118   0.071300
17119   0.074900
17120   0.073300
17121   0.070800
17122   0.068300
17123   0.073800
17124   0.077300
17125   0.076000
17126   0.075700
17127   0.074300
17128   0.072500
17129   0.067000
17130   0.069400
17131   0.065700
17132   0.066400
17133   0.066400
17134   0.064000
17135   0.061100
17136   0.063700
17137   0.059400
17138   0.058900
17139   0.062900
17140   0.069600
17141   0.070700
17142   0.067600
17143   0.069100
17144   0.067300
17145   0.066300
17146   0.066900
17147   0.068600
17148   0.071800
17149   0.069600
17150   0.073900
17151   0.084100
17152   0.085300
17153   0.083500
17154   0.080600
17155   0.076200
17156   0.073900
17157   0.075800
17158   0.081300
17159   0.073600
17160   0.075500
17161   0.075800
17162   0.069700
17163   0.067500
17164   0.067700
17165   0.064700
17166   0.066500
17167   0.070100
17168   0.072200
17169   0.067300
17170   0.059600
17171   0.065900
17172   0.069400
17173   0.068000
17174   0.069300
17175   0.072300
17176   0.065600
17177   0.064600
17178   0.064300
17179   0.067400
17180   0.069000
17181   0.070100
17182   0.071800
17183   0.067300
17184   0.069200
17185   0.065000
17186   0.066200
17187   0.063000
17188   0.066500
17189   0.068000
17190   0.068400
17191   0.071900
17192   0.079900
17193   0.079700
17194   0.075800
17195   0.074900
17196   0.072500
17197   0.072400
17198   0.067800
17199   0.065400
17200   0.066000
17201   0.063200
17202   0.059400
17203   0.054700
17204   0.057600
17205   0.059300
17206   0.061800
17207   0.062000
17208   0.069300
17209   0.071200
17210   0.062500
17211   0.057300
17212   0.057300
17213   0.057900
17214   0.060700
17215   0.056400
17216   0.052300
17217   0.057200
17218   0.059800
17219   0.055400
17220   0.053400
17221   0.054500
17222   0.053000
17223   0.058700
17224   0.060000
17225   0.062600
17226   0.057000
17227   0.055900
17228   0.047300
17229   0.051100
17230   0.047700
17231   0.043000
17232   0.046100
17233   0.048200
17234   0.049400
17235   0.051300
17236   0.053300
17237   0.057200
17238   0.059500
17239   0.069200
17240   0.065300
17241   0.072000
17242   0.072800
17243   0.071500
17244   0.070400
17245   0.059500
17246   0.064900
17247   0.064400
17248   0.060200
17249   0.057700
17250   0.065500
17251   0.059700
17252   0.057200
17253   0.058200
17254   0.058500
17255   0.057500
17256   0.058700
17257   0.064000
17258   0.067400
17259   0.063900
17260   0.058400
17261   0.055500
17262   0.052600
17263   0.050700
17264   0.048600
17265   0.046500
17266   0.047000
17267   0.050900
17268   0.045800
17269   0.047600
17270   0.043900
17271   0.044900
17272   0.044300
17273   0.046900
17274   0.043200
17275   0.036500
17276   0.039000
17277   0.031700
17278   0.030800
17279   0.031900
17280   0.031400
17281   0.032000
17282   0.028100
17283   0.032500
17284   0.025000
17285   0.018200
17286   0.020900
17287   0.020100
17288   0.025300
17289   0.031800
17290   0.029800
17291   0.028400
17292   0.029500
17293   0.033700
17294   0.037600
17295   0.037900
17296   0.044600
17297   0.041100
17298   0.040600
17299   0.042300
17300   0.037600
17301   0.042700
17302   0.034100
17303   0.033100
17304   0.031200
17305   0.034200
17306   0.038900
17307   0.040900
17308   0.035500
17309   0.038200
17310   0.040100
17311   0.039500
17312   0.038200
17313   0.036900
17314   0.031400
17315   0.031500
17316   0.032000
17317   0.032200
17318   0.036900
17319   0.031700
17320   0.032300
17321   0.038500
17322   0.038200
17323   0.041300
17324   0.036300
17325   0.034000
17326   0.032600
17327   0.028800
17328   0.022900
17329   0.027000
17330   0.026600
17331   0.029700
17332   0.032100
17333   0.031100
17334   0.035900
17335   0.043100
17336   0.050200
17337   0.049800
17338   0.052300
17339   0.051600
17340   0.053800
17341   0.055800
17342   0.053200
17343   0.049800
17344   0.045800
17345   0.052600
17346   0.047100
17347   0.047000
17348   0.039200
17349   0.035900
17350   0.037800
17351   0.037000
17352   0.037700
17353   0.044900
17354   0.046800
17355   0.043500
17356   0.041700
17357   0.039400
17358   0.043900
17359   0.035200
17360   0.030200
17361   0.027800
17362   0.022800
17363   0.026100
17364   0.027800
17365   0.036600
17366   0.029800
17367   0.030100
17368   0.030500
17369   0.031100
17370   0.031900
17371   0.031900
17372   0.020100
17373   0.022500
17374   0.020800
17375   0.025600
17376   0.024300
17377   0.020700
17378   0.022700
17379   0.024300
17380   0.025500
17381   0.030000
17382   0.025500
17383   0.023800
17384   0.020800
17385   0.019800
17386   0.016900
17387   0.010500
17388   0.008600
17389   0.012200
17390   0.015300
17391   0.013800
17392   0.012000
17393   0.004900
17394   0.003300
17395   0.001600
17396   0.003100
17397  -0.003200
17398  -0.000500
17399  -0.000100
17400   0.008900
17401   0.007300
17402   0.004300
17403   0.010300
17404   0.008300
17405   0.004500
17406   0.002000
17407   0.001100
17408   0.002700
17409   0.000400
17410   0.007200
17411   0.010200
17412   0.008000
17413   0.006200
17414   0.000300
17415   0.004800
17416   0.009400
17417   0.010200
17418   0.010100
17419   0.012100
17420   0.003100
17421   0.002800
17422  -0.002700
17423  -0.007600
17424  -0.000700
17425  -0.000200
17426   0.007700
17427   0.009100
17428   0.014200
17429   0.018400
17430   0.022500
17431   0.022200
17432   0.022400
17433   0.020800
17434   0.014700
17435   0.020500
17436   0.022300
17437   0.023900
17438   0.022000
17439   0.027000
17440   0.026300
17441   0.023400
17442   0.024500
17443   0.026800
17444   0.027400
17445   0.019700
17446   0.018700
17447   0.018700
17448   0.025400
17449   0.028100
17450   0.032100
17451   0.027900
17452   0.021600
17453   0.020900
17454   0.021000
17455   0.019500
17456   0.016700
17457   0.018900
17458   0.015200
17459   0.005900
17460   0.002200
17461   0.005300
17462   0.003600
17463  -0.000700
17464  -0.005400
17465  -0.009100
17466  -0.011600
17467  -0.014400
17468  -0.014100
17469  -0.017200
17470  -0.015900
17471  -0.014500
17472  -0.011000
17473  -0.010200
17474  -0.010400
17475  -0.012800
17476  -0.013700
17477  -0.015000
17478  -0.011800
17479  -0.015200
17480  -0.012000
17481  -0.014200
17482  -0.018000
17483  -0.013600
17484  -0.017100
17485  -0.011100
17486  -0.015400
17487  -0.012500
17488  -0.017800
17489  -0.026700
17490  -0.024100
17491  -0.022400
17492  -0.026500
17493  -0.027800
17494  -0.028300
17495  -0.026800
17496  -0.028300
17497  -0.029200
17498  -0.027400
17499  -0.025100
17500  -0.020400
17501  -0.025100
17502  -0.025100
17503  -0.021100
17504  -0.014400
17505  -0.019400
17506  -0.019200
17507  -0.010500
17508  -0.006800
17509  -0.016400
17510  -0.021500
17511  -0.020700
17512  -0.020000
17513  -0.019100
17514  -0.019900
17515  -0.023600
17516  -0.015600
17517  -0.017500
17518  -0.018200
17519  -0.015000
17520  -0.013100
17521  -0.012000
17522  -0.015400
17523  -0.010500
17524  -0.014100
17525  -0.017200
17526  -0.017700
17527  -0.021600
17528  -0.024000
17529  -0.022400
17530  -0.015900
17531  -0.021400
17532  -0.023900
17533  -0.028400
17534  -0.024000
17535  -0.029700
17536  -0.033100
17537  -0.035900
17538  -0.038200
17539  -0.037300
17540  -0.040900
17541  -0.034100
17542  -0.031300
17543  -0.035400
17544  -0.035400
17545  -0.039800
17546  -0.038500
17547  -0.034000
17548  -0.029800
17549  -0.025800
17550  -0.023000
17551  -0.025100
17552  -0.025500
17553  -0.027800
17554  -0.023700
17555  -0.021200
17556  -0.024400
17557  -0.015200
17558  -0.010200
17559  -0.009100
17560  -0.007000
17561  -0.006600
17562  -0.006000
17563  -0.009600
17564  -0.010200
17565  -0.016200
17566  -0.011500
17567  -0.014800
17568  -0.014100
17569  -0.012000
17570  -0.014600
17571  -0.014600
17572  -0.009600
17573  -0.005200
17574  -0.007100
17575  -0.006300
17576  -0.006900
17577  -0.012800
17578  -0.016600
17579  -0.016000
17580  -0.017100
17581  -0.020600
17582  -0.027700
17583  -0.027000
17584  -0.029400
17585  -0.024900
17586  -0.026600
17587  -0.028600
17588  -0.025600
17589  -0.022900
17590  -0.023800
17591  -0.017400
17592  -0.019000
17593  -0.019300
17594  -0.018600
17595  -0.015100
17596  -0.013800
17597  -0.014900
17598  -0.012700
17599  -0.018100
17600  -0.015000
17601  -0.015800
17602  -0.014600
17603  -0.012900
17604  -0.008500
17605  -0.013300
17606  -0.020700
17607  -0.020800
17608  -0.020800
17609  -0.021000
17610  -0.023800
17611  -0.017100
17612  -0.007200
17613  -0.008400
17614  -0.016200
17615  -0.015400
17616  -0.012300
17617  -0.009500
17618  -0.011400
17619  -0.011900
17620  -0.007700
17621  -0.001900
17622  -0.004700
17623  -0.006600
17624  -0.002400
17625  -0.005600
17626  -0.014100
17627  -0.009300
17628  -0.012500
17629  -0.006200
17630  -0.004000
17631   0.003000
17632   0.000600
17633   0.006600
17634   0.000600
17635  -0.001300
17636   0.001500
17637  -0.000500
17638   0.003600
17639   0.001500
17640   0.001500
17641  -0.009300
17642  -0.008200
17643  -0.013900
17644  -0.016800
17645  -0.013000
17646  -0.014100
17647  -0.014600
17648  -0.013200
17649  -0.012500
17650  -0.016900
17651  -0.015900
17652  -0.017000
17653  -0.022000
17654  -0.015400
17655  -0.012600
17656  -0.010200
17657  -0.005100
17658  -0.001500
17659   0.001100
17660   0.000200
17661   0.000200
17662   0.007800
17663   0.008200
17664   0.003400
17665   0.006700
17666   0.003100
17667   0.002300
17668  -0.003900
17669  -0.005800
17670  -0.006200
17671  -0.006900
17672  -0.003100
17673  -0.003900
17674  -0.003300
17675  -0.002200
17676   0.005600
17677  -0.000300
17678  -0.005100
17679  -0.008400
17680  -0.012300
17681  -0.010400
17682  -0.010200
17683  -0.019500
17684  -0.021500
17685  -0.019600
17686  -0.022000
17687  -0.016000
17688  -0.022800
17689  -0.015500
17690  -0.015700
17691  -0.014500
17692  -0.014100
17693  -0.013100
17694  -0.012600
17695  -0.014500
17696  -0.004100
17697  -0.006500
17698  -0.005900
17699  -0.010200
17700  -0.016500
17701  -0.012100
17702  -0.009800
17703  -0.005700
17704  -0.008700
17705  -0.007000
17706  -0.005900
17707  -0.001700
17708   0.000900
17709  -0.003100
17710  -0.006600
17711  -0.005600
17712  -0.007500
17713  -0.010100
17714  -0.006400
17715  -0.009500
17716  -0.016700
17717  -0.013700
17718  -0.014800
17719  -0.017100
17720  -0.017400
17721  -0.013200
17722  -0.016100
17723  -0.007900
17724  -0.017400
17725  -0.012300
17726  -0.015200
17727  -0.019000
17728  -0.020100
17729  -0.023600
17730  -0.025900
17731  -0.031800
17732  -0.031000
17733  -0.026700
17734  -0.028100
17735  -0.032500
17736  -0.035200
17737  -0.032100
17738  -0.028600
17739  -0.032100
17740  -0.034400
17741  -0.028600
17742  -0.026700
17743  -0.022400
17744  -0.021600
17745  -0.016600
17746  -0.013000
17747  -0.014000
17748  -0.009200
17749  -0.013500
17750  -0.013900
17751  -0.016400
17752  -0.019800
17753  -0.021200
17754  -0.016100
17755  -0.013900
17756  -0.016600
17757  -0.013800
17758  -0.013000
17759  -0.006000
17760  -0.009000
17761  -0.005800
17762  -0.006100
17763  -0.003100
17764  -0.002300
17765   0.005800
17766   0.004800
17767  -0.000400
17768  -0.005300
17769  -0.005700
17770  -0.004700
17771  -0.006200
17772  -0.006000
17773  -0.013500
17774  -0.017000
17775  -0.014000
17776  -0.015900
17777  -0.016000
17778  -0.015100
17779  -0.015900
17780  -0.018000
17781  -0.019900
17782  -0.020500
17783  -0.021400
17784  -0.025700
17785  -0.027700
17786  -0.026200
17787  -0.025300
17788  -0.025600
17789  -0.037800
17790  -0.035200
17791  -0.035000
17792  -0.038800
17793  -0.041200
17794  -0.040400
17795  -0.038700
17796  -0.038000
17797  -0.041200
17798  -0.045900
17799  -0.043700
17800  -0.043100
17801  -0.037300
17802  -0.034200
17803  -0.037700
17804  -0.038700
17805  -0.037700
17806  -0.042300
17807  -0.041700
17808  -0.038500
17809  -0.034400
17810  -0.033600
17811  -0.034600
17812  -0.035100
17813  -0.037400
17814  -0.034700
17815  -0.033600
17816  -0.037300
17817  -0.038500
17818  -0.037700
17819  -0.029900
17820  -0.026300
17821  -0.025700
17822  -0.022600
17823  -0.023900
17824  -0.025200
17825  -0.018500
17826  -0.021400
17827  -0.022100
17828  -0.028500
17829  -0.032000
17830  -0.031600
17831  -0.031300
17832  -0.036200
17833  -0.040500
17834  -0.041400
17835  -0.032400
17836  -0.030800
17837  -0.032200
17838  -0.030700
17839  -0.030200
17840  -0.028400
17841  -0.024900
17842  -0.021000
17843  -0.017600
17844  -0.017300
17845  -0.016500
17846  -0.016800
17847  -0.012500
17848  -0.011200
17849  -0.014500
17850  -0.010600
17851  -0.015000
17852  -0.011900
17853  -0.014400
17854  -0.010900
17855  -0.016700
17856  -0.014900
17857  -0.017500
17858  -0.017500
17859  -0.010600
17860  -0.006300
17861  -0.007400
17862  -0.008300
17863  -0.009400
17864  -0.009600
17865  -0.004200
17866  -0.004600
17867  -0.008900
17868  -0.006600
17869  -0.002400
17870   0.001600
17871   0.006700
17872   0.008200
17873   0.013100
17874   0.014400
17875   0.019200
17876   0.021000
17877   0.025200
17878   0.031000
17879   0.029100
17880   0.027200
17881   0.035600
17882   0.039500
17883   0.041200
17884   0.041800
17885   0.047000
17886   0.051900
17887   0.052800
17888   0.048200
17889   0.051000
17890   0.050100
17891   0.052700
17892   0.042700
17893   0.045600
17894   0.046600
17895   0.046400
17896   0.054000
17897   0.058900
17898   0.054400
17899   0.058500
17900   0.058000
17901   0.055100
17902   0.061900
17903   0.062600
17904   0.063100
17905   0.061700
17906   0.054800
17907   0.056700
17908   0.062200
17909   0.064500
17910   0.067400
17911   0.067000
17912   0.073300
17913   0.077800
17914   0.068900
17915   0.066100
17916   0.064600
17917   0.065200
17918   0.071300
17919   0.073400
17920   0.075700
17921   0.079200
17922   0.082900
17923   0.082600
17924   0.083800
17925   0.083500
17926   0.084900
17927   0.081700
17928   0.079100
17929   0.076800
17930   0.070300
17931   0.062400
17932   0.063000
17933   0.063400
17934   0.063600
17935   0.065200
17936   0.068100
17937   0.076200
17938   0.073600
17939   0.072700
17940   0.072300
17941   0.075800
17942   0.082400
17943   0.081400
17944   0.080100
17945   0.084300
17946   0.081500
17947   0.080200
17948   0.080200
17949   0.080300
17950   0.084200
17951   0.082800
17952   0.093200
17953   0.088200
17954   0.088800
17955   0.086100
17956   0.087000
17957   0.078600
17958   0.076500
17959   0.078300
17960   0.077600
17961   0.082900
17962   0.081800
17963   0.075600
17964   0.071600
17965   0.069300
17966   0.071000
17967   0.068000
17968   0.077600
17969   0.079700
17970   0.076900
17971   0.079600
17972   0.079600
17973   0.079900
17974   0.077500
17975   0.074200
17976   0.072200
17977   0.066600
17978   0.068600
17979   0.070900
17980   0.064100
17981   0.060700
17982   0.057800
17983   0.064700
17984   0.067300
17985   0.064400
17986   0.064400
17987   0.063100
17988   0.064800
17989   0.061000
17990   0.060800
17991   0.059400
17992   0.059800
17993   0.066000
17994   0.074600
17995   0.072300
17996   0.072600
17997   0.070100
17998   0.075200
17999   0.076900
18000   0.079300
18001   0.082400
18002   0.086600
18003   0.084700
18004   0.085700
18005   0.088200
18006   0.084800
18007   0.080500
18008   0.085500
18009   0.087600
18010   0.087700
18011   0.087100
18012   0.090900
18013   0.092400
18014   0.094300
18015   0.096000
18016   0.102500
18017   0.098400
18018   0.099300
18019   0.097400
18020   0.104400
18021   0.101800
18022   0.104100
18023   0.096200
18024   0.100500
18025   0.097000
18026   0.093900
18027   0.103000
18028   0.104200
18029   0.104700
18030   0.098900
18031   0.099000
18032   0.106600
18033   0.104600
18034   0.103700
18035   0.105800
18036   0.108700
18037   0.113000
18038   0.118000
18039   0.114400
18040   0.114400
18041   0.116700
18042   0.110300
18043   0.114800
18044   0.113100
18045   0.110200
18046   0.112500
18047   0.112200
18048   0.112700
18049   0.107400
18050   0.105400
18051   0.108000
18052   0.108000
18053   0.108800
18054   0.106200
18055   0.109800
18056   0.113700
18057   0.110600
18058   0.115100
18059   0.110100
18060   0.110200
18061   0.106100
18062   0.107300
18063   0.107600
18064   0.097900
18065   0.102500
18066   0.102100
18067   0.104500
18068   0.102400
18069   0.101200
18070   0.103100
18071   0.110800
18072   0.108700
18073   0.108800
18074   0.104000
18075   0.104500
18076   0.106100
18077   0.105000
18078   0.099400
18079   0.096600
18080   0.093500
18081   0.093900
18082   0.096900
18083   0.105200
18084   0.107700
18085   0.104300
18086   0.101800
18087   0.099500
18088   0.095600
18089   0.098100
18090   0.092500
18091   0.092700
18092   0.089900
18093   0.093300
18094   0.095400
18095   0.098600
18096   0.100500
18097   0.098000
18098   0.099900
18099   0.102500
18100   0.101700
18101   0.100900
18102   0.096700
18103   0.096000
18104   0.096000
18105   0.095500
18106   0.102300
18107   0.110000
18108   0.111700
18109   0.118000
18110   0.116900
18111   0.115800
18112   0.110400
18113   0.109200
18114   0.114400
18115   0.115000
18116   0.115100
18117   0.120500
18118   0.125100
18119   0.130600
18120   0.132500
18121   0.131700
18122   0.129500
18123   0.134400
18124   0.136500
18125   0.130400
18126   0.136200
18127   0.136400
18128   0.142400
18129   0.141500
18130   0.140100
18131   0.139800
18132   0.140200
18133   0.137800
18134   0.137000
18135   0.135500
18136   0.130900
18137   0.132600
18138   0.136000
18139   0.139800
18140   0.139000
18141   0.138600
18142   0.140000
18143   0.142500
18144   0.145400
18145   0.146100
18146   0.140400
18147   0.138700
18148   0.136200
18149   0.141700
18150   0.144100
18151   0.142700
18152   0.139000
18153   0.144800
18154   0.142300
18155   0.144600
18156   0.142300
18157   0.141100
18158   0.144900
18159   0.146400
18160   0.143200
18161   0.144400
18162   0.138800
18163   0.131800
18164   0.131600
18165   0.134000
18166   0.128800
18167   0.127600
18168   0.126000
18169   0.120100
18170   0.120500
18171   0.117900
18172   0.123300
18173   0.119000
18174   0.124300
18175   0.119100
18176   0.122000
18177   0.118700
18178   0.117400
18179   0.114000
18180   0.122200
18181   0.119300
18182   0.121400
18183   0.121600
18184   0.123100
18185   0.124300
18186   0.122700
18187   0.128400
18188   0.128600
18189   0.125000
18190   0.125400
18191   0.128100
18192   0.123800
18193   0.125000
18194   0.123900
18195   0.121400
18196   0.120500
18197   0.122500
18198   0.117800
18199   0.116100
18200   0.114200
18201   0.112000
18202   0.118300
18203   0.116500
18204   0.114700
18205   0.110400
18206   0.112700
18207   0.108300
18208   0.113100
18209   0.110500
18210   0.109500
18211   0.109100
18212   0.100200
18213   0.108000
18214   0.114100
18215   0.110600
18216   0.109400
18217   0.111800
18218   0.115000
18219   0.114600
18220   0.109000
18221   0.107000
18222   0.101600
18223   0.099600
18224   0.103800
18225   0.105800
18226   0.110000
18227   0.106400
18228   0.108500
18229   0.110200
18230   0.111800
18231   0.111200
18232   0.110300
18233   0.113200
18234   0.115900
18235   0.118300
18236   0.118100
18237   0.121100
18238   0.116800
18239   0.121600
18240   0.123200
18241   0.117900
18242   0.116500
18243   0.115800
18244   0.116100
18245   0.109900
18246   0.110400
18247   0.107100
18248   0.110100
18249   0.103100
18250   0.097600
18251   0.104000
18252   0.104700
18253   0.103800
18254   0.105300
18255   0.101900
18256   0.103700
18257   0.109400
18258   0.108900
18259   0.116600
18260   0.113300
18261   0.116200
18262   0.129000
18263   0.123800
18264   0.130700
18265   0.129700
18266   0.132500
18267   0.129600
18268   0.130600
18269   0.133500
18270   0.138200
18271   0.134300
18272   0.133900
18273   0.131700
18274   0.135000
18275   0.131700
18276   0.136600
18277   0.136300
18278   0.141100
18279   0.135700
18280   0.134300
18281   0.135800
18282   0.135800
18283   0.142000
18284   0.142400
18285   0.144200
18286   0.140100
18287   0.145000
18288   0.146700
18289   0.141500
18290   0.141700
18291   0.140700
18292   0.140300
18293   0.136200
18294   0.140300
18295   0.135100
18296   0.131100
18297   0.132900
18298   0.130600
18299   0.131300
18300   0.126900
18301   0.126700
18302   0.126400
18303   0.126400
18304   0.122800
18305   0.121200
18306   0.112500
18307   0.108200
18308   0.106800
18309   0.107300
18310   0.109700
18311   0.107900
18312   0.109000
18313   0.103900
18314   0.104500
18315   0.109200
18316   0.103400
18317   0.099700
18318   0.101900
18319   0.103800
18320   0.104400
18321   0.100900
18322   0.096300
18323   0.097700
18324   0.095900
18325   0.094200
18326   0.090200
18327   0.089200
18328   0.094200
18329   0.100400
18330   0.102100
18331   0.098500
18332   0.096500
18333   0.095900
18334   0.096300
18335   0.088600
18336   0.093400
18337   0.092400
18338   0.094600
18339   0.095000
18340   0.093600
18341   0.091800
18342   0.098000
18343   0.097600
18344   0.096400
18345   0.085100
18346   0.077200
18347   0.078200
18348   0.076500
18349   0.075800
18350   0.078600
18351   0.074900
18352   0.073100
18353   0.075400
18354   0.077200
18355   0.078400
18356   0.078100
18357   0.078500
18358   0.074700
18359   0.078000
18360   0.078100
18361   0.072700
18362   0.074800
18363   0.075100
18364   0.071400
18365   0.075400
18366   0.068600
18367   0.072400
18368   0.064800
18369   0.057500
18370   0.061800
18371   0.060400
18372   0.063400
18373   0.061100
18374   0.065500
18375   0.061200
18376   0.063200
18377   0.063300
18378   0.057600
18379   0.058200
18380   0.058800
18381   0.058900
18382   0.053200
18383   0.054500
18384   0.053200
18385   0.052400
18386   0.050700
18387   0.044300
18388   0.051000
18389   0.052200
18390   0.055000
18391   0.055200
18392   0.049400
18393   0.045900
18394   0.041500
18395   0.042500
18396   0.038900
18397   0.037500
18398   0.036100
18399   0.036100
18400   0.043900
18401   0.053400
18402   0.060100
18403   0.060800
18404   0.057200
18405   0.056200
18406   0.056500
18407   0.051400
18408   0.049800
18409   0.053700
18410   0.049000
18411   0.047000
18412   0.045400
18413   0.045200
18414   0.040800
18415   0.039900
18416   0.033900
18417   0.031300
18418   0.032000
18419   0.034800
18420   0.027000
18421   0.027000
18422   0.033500
18423   0.032800
18424   0.033500
18425   0.031600
18426   0.026700
18427   0.020200
18428   0.013000
18429   0.017800
18430   0.016800
18431   0.018800
18432   0.020200
18433   0.019000
18434   0.020300
18435   0.020400
18436   0.022000
18437   0.024700
18438   0.022500
18439   0.018600
18440   0.019900
18441   0.021300
18442   0.017600
18443   0.019800
18444   0.021200
18445   0.024300
18446   0.025800
18447   0.028300
18448   0.031800
18449   0.031500
18450   0.029400
18451   0.030400
18452   0.029400
18453   0.028000
18454   0.026800
18455   0.028500
18456   0.026800
18457   0.026700
18458   0.024400
18459   0.018300
18460   0.021100
18461   0.016000
18462   0.018700
18463   0.022300
18464   0.026400
18465   0.024600
18466   0.029700
18467   0.035200
18468   0.037900
18469   0.043100
18470   0.043100
18471   0.046300
18472   0.043300
18473   0.044600
18474   0.045200
18475   0.043100
18476   0.041200
18477   0.038300
18478   0.038800
18479   0.037700
18480   0.035400
18481   0.036000
18482   0.038400
18483   0.046600
18484   0.043400
18485   0.046700
18486   0.045600
18487   0.041900
18488   0.037700
18489   0.029700
18490   0.030300
18491   0.026400
18492   0.029200
18493   0.026800
18494   0.022300
18495   0.016300
18496   0.015400
18497   0.016900
18498   0.012100
18499   0.015200
18500   0.016300
18501   0.014100
18502   0.015800
18503   0.016300
18504   0.016600
18505   0.021100
18506   0.015800
18507   0.013900
18508   0.015000
18509   0.021000
18510   0.020600
18511   0.020400
18512   0.020500
18513   0.022500
18514   0.027400
18515   0.027600
18516   0.029000
18517   0.024900
18518   0.028700
18519   0.027300
18520   0.029100
18521   0.030100
18522   0.021300
18523   0.022500
18524   0.023000
18525   0.028700
18526   0.031800
18527   0.035300
18528   0.028600
18529   0.028900
18530   0.020500
18531   0.020600
18532   0.022500
18533   0.023200
18534   0.023900
18535   0.018400
18536   0.024800
18537   0.023800
18538   0.026000
18539   0.029800
18540   0.028500
18541   0.018700
18542   0.020100
18543   0.019300
18544   0.019500
18545   0.017200
18546   0.015000
18547   0.006300
18548   0.005500
18549   0.003900
18550  -0.001700
18551  -0.002100
18552  -0.004200
18553   0.002200
18554   0.002000
18555   0.004000
18556   0.008500
18557   0.009400
18558   0.011700
18559   0.010700
18560   0.009000
18561   0.011800
18562   0.008300
18563   0.011200
18564   0.008000
18565   0.004800
18566   0.000600
18567   0.008700
18568   0.005100
18569   0.003100
18570   0.004300
18571   0.007000
18572   0.013600
18573   0.007300
18574   0.013200
18575   0.013800
18576   0.015900
18577   0.024600
18578   0.025300
18579   0.028600
18580   0.028300
18581   0.027200
18582   0.030800
18583   0.036400
18584   0.033200
18585   0.027900
18586   0.027800
18587   0.032000
18588   0.028300
18589   0.031600
18590   0.036200
18591   0.038800
18592   0.035400
18593   0.037100
18594   0.036100
18595   0.035500
18596   0.042100
18597   0.039900
18598   0.040900
18599   0.038600
18600   0.039100
18601   0.041600
18602   0.037500
18603   0.041300
18604   0.047900
18605   0.055600
18606   0.057200
18607   0.055100
18608   0.058200
18609   0.052900
18610   0.056100
18611   0.059500
18612   0.055700
18613   0.058400
18614   0.060600
18615   0.048600
18616   0.042100
18617   0.041900
18618   0.037700
18619   0.038000
18620   0.036800
18621   0.046200
18622   0.048700
18623   0.048100
18624   0.046300
18625   0.044400
18626   0.040100
18627   0.043500
18628   0.041800
18629   0.048100
18630   0.048000
18631   0.042500
18632   0.048500
18633   0.044800
18634   0.044800
18635   0.041600
18636   0.042400
18637   0.041100
18638   0.045600
18639   0.046300
18640   0.044000
18641   0.039200
18642   0.041200
18643   0.040700
18644   0.043700
18645   0.044400
18646   0.046900
18647   0.046700
18648   0.051400
18649   0.052800
18650   0.055900
18651   0.053000
18652   0.047800
18653   0.052800
18654   0.058700
18655   0.059500
18656   0.061700
18657   0.057400
18658   0.067900
18659   0.065300
18660   0.064700
18661   0.063000
18662   0.061700
18663   0.061200
18664   0.067200
18665   0.064100
18666   0.069900
18667   0.072200
18668   0.058500
18669   0.060200
18670   0.060300
18671   0.061500
18672   0.059000
18673   0.060200
18674   0.060900
18675   0.051700
18676   0.044700
18677   0.041500
18678   0.038200
18679   0.034200
18680   0.034200
18681   0.035200
18682   0.035200
18683   0.032400
18684   0.031200
18685   0.031800
18686   0.031100
18687   0.028100
18688   0.026900
18689   0.023100
18690   0.020800
18691   0.028900
18692   0.026900
18693   0.022100
18694   0.019500
18695   0.018800
18696   0.020700
18697   0.024600
18698   0.023300
18699   0.019000
18700   0.016800
18701   0.019300
18702   0.016200
18703   0.015500
18704   0.025600
18705   0.026600
18706   0.030100
18707   0.021500
18708   0.020400
18709   0.016700
18710   0.016300
18711   0.012700
18712   0.014700
18713   0.016200
18714   0.018300
18715   0.014000
18716   0.012300
18717   0.016900
18718   0.013000
18719   0.009900
18720   0.013000
18721   0.007500
18722   0.002800
18723  -0.002200
18724  -0.000800
18725   0.002500
18726   0.011900
18727   0.011700
18728   0.011300
18729   0.011100
18730   0.015500
18731   0.017600
18732   0.021900
18733   0.021200
18734   0.020500
18735   0.021700
18736   0.021100
18737   0.018900
18738   0.017900
18739   0.023300
18740   0.024400
18741   0.026000
18742   0.026500
18743   0.025700
18744   0.030900
18745   0.032600
18746   0.033300
18747   0.038600
18748   0.036700
18749   0.035600
18750   0.036200
18751   0.034800
18752   0.035000
18753   0.035400
18754   0.034200
18755   0.035000
18756   0.042100
18757   0.042300
18758   0.046700
18759   0.045800
18760   0.041900
18761   0.044000
18762   0.040800
18763   0.045000
18764   0.046800
18765   0.043100
18766   0.042500
18767   0.040100
18768   0.039000
18769   0.037000
18770   0.039700
18771   0.034700
18772   0.034200
18773   0.045900
18774   0.041000
18775   0.044000
18776   0.039100
18777   0.039700
18778   0.035000
18779   0.034500
18780   0.038800
18781   0.043600
18782   0.045400
18783   0.038400
18784   0.037200
18785   0.042900
18786   0.041900
18787   0.050300
18788   0.046900
18789   0.047300
18790   0.040900
18791   0.041100
18792   0.037900
18793   0.032100
18794   0.028000
18795   0.031200
18796   0.029600
18797   0.030900
18798   0.026900
18799   0.029500
18800   0.033600
18801   0.040400
18802   0.035900
18803   0.030700
18804   0.029600
18805   0.025700
18806   0.028300
18807   0.032900
18808   0.032500
18809   0.032600
18810   0.033600
18811   0.033000
18812   0.032600
18813   0.027300
18814   0.028800
18815   0.026200
18816   0.026600
18817   0.019300
18818   0.021300
18819   0.018700
18820   0.018900
18821   0.018800
18822   0.019700
18823   0.021400
18824   0.024700
18825   0.020300
18826   0.012800
18827   0.013700
18828   0.016500
18829   0.014200
18830   0.016100
18831   0.014000
18832   0.015700
18833   0.016600
18834   0.017500
18835   0.019200
18836   0.018700
18837   0.019600
18838   0.028100
18839   0.030100
18840   0.023800
18841   0.028900
18842   0.023700
18843   0.025900
18844   0.024100
18845   0.025700
18846   0.021800
18847   0.018200
18848   0.020100
18849   0.016400
18850   0.017800
18851   0.018800
18852   0.025200
18853   0.019900
18854   0.022000
18855   0.012700
18856   0.013300
18857   0.016400
18858   0.019600
18859   0.020200
18860   0.022100
18861   0.021900
18862   0.025200
18863   0.028500
18864   0.027300
18865   0.028200
18866   0.029000
18867   0.029800
18868   0.035100
18869   0.034800
18870   0.030100
18871   0.027700
18872   0.026900
18873   0.032300
18874   0.034700
18875   0.033300
18876   0.033600
18877   0.032400
18878   0.025800
18879   0.029300
18880   0.025700
18881   0.018000
18882   0.020500
18883   0.020100
18884   0.016700
18885   0.022700
18886   0.029300
18887   0.031500
18888   0.029300
18889   0.028900
18890   0.029200
18891   0.032000
18892   0.033500
18893   0.028700
18894   0.026400
18895   0.028500
18896   0.028400
18897   0.024100
18898   0.021700
18899   0.026100
18900   0.030500
18901   0.039600
18902   0.037800
18903   0.040800
18904   0.043200
18905   0.046500
18906   0.050700
18907   0.046400
18908   0.051600
18909   0.055800
18910   0.050900
18911   0.051400
18912   0.049400
18913   0.050300
18914   0.054800
18915   0.049800
18916   0.052900
18917   0.054100
18918   0.055900
18919   0.049500
18920   0.047400
18921   0.046100
18922   0.048000
18923   0.052900
18924   0.052700
18925   0.048600
18926   0.057900
18927   0.057300
18928   0.059000
18929   0.055500
18930   0.058700
18931   0.061000
18932   0.060000
18933   0.072000
18934   0.077900
18935   0.077300
18936   0.071300
18937   0.067300
18938   0.070700
18939   0.078800
18940   0.078300
18941   0.076100
18942   0.076400
18943   0.073100
18944   0.070600
18945   0.068000
18946   0.071500
18947   0.071700
18948   0.076100
18949   0.083600
18950   0.086900
18951   0.089300
18952   0.078600
18953   0.078200
18954   0.084100
18955   0.084600
18956   0.081900
18957   0.073000
18958   0.072800
18959   0.068900
18960   0.066600
18961   0.069200
18962   0.069200
18963   0.072600
18964   0.074600
18965   0.072600
18966   0.074700
18967   0.074100
18968   0.073000
18969   0.068300
18970   0.071000
18971   0.072300
18972   0.067900
18973   0.067600
18974   0.067700
18975   0.072300
18976   0.067600
18977   0.060800
18978   0.063600
18979   0.066800
18980   0.059900
18981   0.066400
18982   0.070500
18983   0.073800
18984   0.079600
18985   0.075600
18986   0.067600
18987   0.074300
18988   0.072500
18989   0.071300
18990   0.077100
18991   0.076300
18992   0.076400
18993   0.079200
18994   0.077700
18995   0.082700
18996   0.087000
18997   0.078100
18998   0.084500
18999   0.091500
19000   0.093000
19001   0.096700
19002   0.099400
19003   0.100400
19004   0.105700
19005   0.106700
19006   0.100400
19007   0.102400
19008   0.107500
19009   0.106400
19010   0.100900
19011   0.105500
19012   0.104100
19013   0.099300
19014   0.100200
19015   0.099900
19016   0.097600
19017   0.095900
19018   0.089500
19019   0.090800
19020   0.090000
19021   0.091700
19022   0.088900
19023   0.096300
19024   0.096400
19025   0.092900
19026   0.090300
19027   0.091800
19028   0.091300
19029   0.091900
19030   0.090800
19031   0.094100
19032   0.092800
19033   0.092000
19034   0.091900
19035   0.088700
19036   0.087700
19037   0.092400
19038   0.097900
19039   0.097500
19040   0.097700
19041   0.095100
19042   0.095800
19043   0.098800
19044   0.103200
19045   0.102700
19046   0.107700
19047   0.108900
19048   0.106700
19049   0.103200
19050   0.100100
19051   0.099900
19052   0.096800
19053   0.093000
19054   0.088200
19055   0.089700
19056   0.097400
19057   0.102200
19058   0.099200
19059   0.102000
19060   0.098900
19061   0.097600
19062   0.098500
19063   0.099800
19064   0.097400
19065   0.106100
19066   0.105800
19067   0.107600
19068   0.110200
19069   0.111800
19070   0.115600
19071   0.113800
19072   0.118500
19073   0.113900
19074   0.115800
19075   0.114500
19076   0.114300
19077   0.117100
19078   0.114900
19079   0.112400
19080   0.111800
19081   0.109400
19082   0.102800
19083   0.106700
19084   0.107000
19085   0.104600
19086   0.106700
19087   0.108900
19088   0.115100
19089   0.115000
19090   0.113300
19091   0.118600
19092   0.110800
19093   0.113900
19094   0.117900
19095   0.117600
19096   0.122700
19097   0.121300
19098   0.119800
19099   0.108500
19100   0.109700
19101   0.106900
19102   0.099700
19103   0.100700
19104   0.099500
19105   0.108500
19106   0.106500
19107   0.100800
19108   0.103500
19109   0.099800
19110   0.106000
19111   0.101300
19112   0.095100
19113   0.098800
19114   0.092200
19115   0.093500
19116   0.095800
19117   0.094100
19118   0.088400
19119   0.094200
19120   0.094900
19121   0.090900
19122   0.092500
19123   0.087500
19124   0.091400
19125   0.099600
19126   0.101900
19127   0.097100
19128   0.101600
19129   0.097400
19130   0.095300
19131   0.092600
19132   0.092100
19133   0.090000
19134   0.089200
19135   0.086100
19136   0.082300
19137   0.089000
19138   0.090800
19139   0.098600
19140   0.097900
19141   0.099300
19142   0.100500
19143   0.107400
19144   0.105400
19145   0.100900
19146   0.093300
19147   0.093600
19148   0.093900
19149   0.093100
19150   0.088900
19151   0.089800
19152   0.089900
19153   0.086100
19154   0.089100
19155   0.092600
19156   0.094000
19157   0.090600
19158   0.093900
19159   0.095600
19160   0.103300
19161   0.100400
19162   0.106800
19163   0.107400
19164   0.104300
19165   0.103500
19166   0.108500
19167   0.105000
19168   0.104600
19169   0.106500
19170   0.104800
19171   0.106500
19172   0.105900
19173   0.104500
19174   0.101100
19175   0.103400
19176   0.101200
19177   0.101200
19178   0.093100
19179   0.088200
19180   0.091100
19181   0.084000
19182   0.076300
19183   0.079100
19184   0.079300
19185   0.077700
19186   0.075000
19187   0.080200
19188   0.080600
19189   0.075300
19190   0.067900
19191   0.067900
19192   0.074600
19193   0.072900
19194   0.069800
19195   0.070400
19196   0.066400
19197   0.067700
19198   0.063500
19199   0.068300
19200   0.066900
19201   0.075100
19202   0.069300
19203   0.074100
19204   0.082200
19205   0.084300
19206   0.083400
19207   0.086900
19208   0.088800
19209   0.086200
19210   0.085400
19211   0.088300
19212   0.089100
19213   0.086600
19214   0.086600
19215   0.089500
19216   0.090000
19217   0.084200
19218   0.086100
19219   0.086800
19220   0.087500
19221   0.091600
19222   0.094900
19223   0.092800
19224   0.096400
19225   0.100300
19226   0.094200
19227   0.085900
19228   0.083800
19229   0.076600
19230   0.079300
19231   0.076500
19232   0.076600
19233   0.080400
19234   0.079700
19235   0.087700
19236   0.079800
19237   0.077200
19238   0.078200
19239   0.079300
19240   0.083100
19241   0.085300
19242   0.081100
19243   0.075200
19244   0.074200
19245   0.078500
19246   0.076900
19247   0.072000
19248   0.074500
19249   0.067900
19250   0.065100
19251   0.063400
19252   0.062200
19253   0.066200
19254   0.060800
19255   0.063100
19256   0.063600
19257   0.063000
19258   0.065300
19259   0.064900
19260   0.059400
19261   0.061000
19262   0.065000
19263   0.062900
19264   0.065100
19265   0.066200
19266   0.073900
19267   0.071200
19268   0.074300
19269   0.073800
19270   0.076400
19271   0.074500
19272   0.070500
19273   0.070800
19274   0.063600
19275   0.066600
19276   0.062200
19277   0.062000
19278   0.058400
19279   0.053400
19280   0.054000
19281   0.051900
19282   0.049700
19283   0.046800
19284   0.050600
19285   0.045000
19286   0.045100
19287   0.041400
19288   0.045200
19289   0.050600
19290   0.045300
19291   0.044400
19292   0.037400
19293   0.029700
19294   0.028300
19295   0.027900
19296   0.025600
19297   0.027500
19298   0.025200
19299   0.022000
19300   0.020500
19301   0.019700
19302   0.018800
19303   0.020800
19304   0.019400
19305   0.021300
19306   0.017800
19307   0.013100
19308   0.017800
19309   0.016500
19310   0.018500
19311   0.017400
19312   0.020000
19313   0.025300
19314   0.015000
19315   0.010300
19316   0.011200
19317   0.007300
19318   0.002600
19319   0.003400
19320   0.005300
19321   0.009000
19322   0.003300
19323   0.001900
19324   0.000000
19325   0.001200
19326   0.000300
19327   0.006000
19328   0.008600
19329   0.009300
19330   0.005500
19331   0.007700
19332   0.004100
19333   0.004400
19334   0.010200
19335   0.011900
19336   0.008300
19337   0.009600
19338   0.009400
19339   0.004000
19340   0.004800
19341   0.004700
19342   0.005200
19343   0.003900
19344   0.003500
19345   0.006000
19346   0.012800
19347   0.010300
19348   0.010800
19349   0.018200
19350   0.020000
19351   0.022100
19352   0.022800
19353   0.024200
19354   0.023800
19355   0.020400
19356   0.018900
19357   0.022900
19358   0.025200
19359   0.026300
19360   0.020400
19361   0.022300
19362   0.029200
19363   0.026800
19364   0.033400
19365   0.035200
19366   0.032900
19367   0.035600
19368   0.030500
19369   0.030900
19370   0.030500
19371   0.028500
19372   0.032300
19373   0.027000
19374   0.029900
19375   0.030900
19376   0.036300
19377   0.040200
19378   0.034600
19379   0.036200
19380   0.027400
19381   0.027800
19382   0.033700
19383   0.032700
19384   0.031300
19385   0.028000
19386   0.031800
19387   0.028200
19388   0.028500
19389   0.025800
19390   0.024300
19391   0.022900
19392   0.020600
19393   0.022700
19394   0.019100
19395   0.014900
19396   0.021100
19397   0.020200
19398   0.021900
19399   0.018900
19400   0.014200
19401   0.009500
19402   0.014700
19403   0.018000
19404   0.018600
19405   0.017600
19406   0.016700
19407   0.021500
19408   0.019100
19409   0.017700
19410   0.021000
19411   0.021100
19412   0.018900
19413   0.017700
19414   0.012400
19415   0.018900
19416   0.019200
19417   0.019900
19418   0.013900
19419   0.007700
19420   0.004600
19421  -0.002200
19422  -0.000200
19423  -0.002300
19424  -0.010800
19425  -0.010500
19426  -0.009600
19427  -0.008000
19428  -0.012400
19429  -0.019200
19430  -0.013600
19431  -0.012900
19432  -0.018500
19433  -0.017800
19434  -0.012700
19435  -0.011100
19436  -0.016900
19437  -0.016000
19438  -0.012600
19439  -0.010800
19440  -0.008800
19441  -0.009400
19442  -0.007200
19443  -0.010700
19444  -0.008500
19445  -0.006400
19446  -0.007900
19447  -0.000500
19448  -0.003700
19449  -0.000800
19450  -0.003500
19451  -0.007800
19452  -0.008900
19453  -0.009300
19454  -0.015900
19455  -0.021600
19456  -0.024800
19457  -0.028000
19458  -0.029600
19459  -0.030600
19460  -0.031000
19461  -0.029300
19462  -0.029300
19463  -0.031300
19464  -0.029900
19465  -0.031500
19466  -0.023200
19467  -0.024000
19468  -0.019600
19469  -0.016900
19470  -0.017200
19471  -0.014700
19472  -0.014600
19473  -0.021500
19474  -0.023200
19475  -0.022600
19476  -0.024700
19477  -0.023600
19478  -0.015700
19479  -0.023300
19480  -0.019200
19481  -0.022800
19482  -0.023200
19483  -0.012900
19484  -0.012200
19485  -0.016600
19486  -0.016900
19487  -0.020400
19488  -0.018000
19489  -0.019900
19490  -0.017900
19491  -0.015300
19492  -0.021300
19493  -0.017800
19494  -0.017300
19495  -0.022600
19496  -0.018800
19497  -0.018600
19498  -0.019300
19499  -0.018100
19500  -0.014400
19501  -0.014000
19502  -0.011700
19503  -0.016400
19504  -0.011800
19505  -0.010800
19506  -0.018800
19507  -0.013900
19508  -0.010200
19509  -0.010800
19510  -0.013800
19511  -0.004800
19512  -0.003400
19513  -0.008800
19514  -0.003500
19515   0.001700
19516   0.006300
19517   0.006600
19518   0.009300
19519   0.008600
19520   0.008600
19521   0.013500
19522   0.018900
19523   0.020900
19524   0.023400
19525   0.018200
19526   0.025600
19527   0.024900
19528   0.026000
19529   0.026900
19530   0.025900
19531   0.025700
19532   0.023700
19533   0.027400
19534   0.025600
19535   0.020300
19536   0.025500
19537   0.023500
19538   0.024900
19539   0.023300
19540   0.020000
19541   0.016100
19542   0.021700
19543   0.020600
19544   0.022700
19545   0.016800
19546   0.021600
19547   0.024100
19548   0.014400
19549   0.011500
19550   0.010400
19551   0.008600
19552   0.006400
19553   0.005600
19554   0.013100
19555   0.018700
19556   0.011900
19557   0.005500
19558  -0.001500
19559  -0.000500
19560   0.004400
19561   0.008100
19562   0.009400
19563   0.009500
19564   0.009700
19565   0.018300
19566   0.026100
19567   0.032300
19568   0.036700
19569   0.036700
19570   0.042800
19571   0.050200
19572   0.056000
19573   0.054600
19574   0.051000
19575   0.056900
19576   0.056500
19577   0.057200
19578   0.055700
19579   0.056700
19580   0.057000
19581   0.051800
19582   0.046700
19583   0.046200
19584   0.050200
19585   0.048300
19586   0.046100
19587   0.054200
19588   0.052900
19589   0.050100
19590   0.060800
19591   0.060000
19592   0.054500
19593   0.051000
19594   0.057200
19595   0.055900
19596   0.058900
19597   0.055200
19598   0.060700
19599   0.063700
19600   0.060600
19601   0.066500
19602   0.061000
19603   0.062400
19604   0.055000
19605   0.053700
19606   0.060600
19607   0.059100
19608   0.064000
19609   0.055800
19610   0.047000
19611   0.043400
19612   0.044100
19613   0.046200
19614   0.050800
19615   0.054900
19616   0.057100
19617   0.051700
19618   0.053800
19619   0.060800
19620   0.068200
19621   0.061900
19622   0.063800
19623   0.067700
19624   0.071100
19625   0.066000
19626   0.063100
19627   0.062500
19628   0.069000
19629   0.066800
19630   0.070100
19631   0.074500
19632   0.081400
19633   0.082500
19634   0.087200
19635   0.082300
19636   0.088500
19637   0.087300
19638   0.089500
19639   0.087900
19640   0.085000
19641   0.088100
19642   0.090100
19643   0.096000
19644   0.102100
19645   0.104500
19646   0.102700
19647   0.099400
19648   0.097700
19649   0.099800
19650   0.095500
19651   0.091200
19652   0.090300
19653   0.087800
19654   0.094100
19655   0.107100
19656   0.104100
19657   0.103600
19658   0.105100
19659   0.099300
19660   0.104200
19661   0.110800
19662   0.113400
19663   0.113100
19664   0.110700
19665   0.110600
19666   0.111600
19667   0.112300
19668   0.116200
19669   0.117900
19670   0.113100
19671   0.112800
19672   0.118200
19673   0.122800
19674   0.122600
19675   0.122100
19676   0.122800
19677   0.124800
19678   0.124200
19679   0.126400
19680   0.124500
19681   0.124000
19682   0.121400
19683   0.119100
19684   0.113500
19685   0.119300
19686   0.117800
19687   0.114500
19688   0.114700
19689   0.108400
19690   0.108800
19691   0.098800
19692   0.104600
19693   0.102900
19694   0.099700
19695   0.102600
19696   0.110400
19697   0.118900
19698   0.115300
19699   0.111600
19700   0.111700
19701   0.112600
19702   0.111600
19703   0.111600
19704   0.101300
19705   0.099000
19706   0.095600
19707   0.098500
19708   0.094900
19709   0.087700
19710   0.083800
19711   0.092600
19712   0.091800
19713   0.091400
19714   0.093100
19715   0.091400
19716   0.086700
19717   0.092500
19718   0.094300
19719   0.087200
19720   0.086200
19721   0.086600
19722   0.089200
19723   0.091900
19724   0.086100
19725   0.088400
19726   0.088000
19727   0.087400
19728   0.083700
19729   0.085000
19730   0.084600
19731   0.079300
19732   0.080300
19733   0.077200
19734   0.078900
19735   0.075100
19736   0.073500
19737   0.075600
19738   0.075700
19739   0.080500
19740   0.087400
19741   0.087700
19742   0.091700
19743   0.096500
19744   0.101700
19745   0.096700
19746   0.103900
19747   0.104100
19748   0.103100
19749   0.101800
19750   0.098000
19751   0.097200
19752   0.096500
19753   0.091200
19754   0.090300
19755   0.083900
19756   0.079200
19757   0.076100
19758   0.081300
19759   0.076800
19760   0.079700
19761   0.073700
19762   0.071700
19763   0.073800
19764   0.064900
19765   0.068500
19766   0.065100
19767   0.064700
19768   0.066500
19769   0.070100
19770   0.064700
19771   0.061200
19772   0.060000
19773   0.062300
19774   0.062600
19775   0.065400
19776   0.068300
19777   0.062500
19778   0.066500
19779   0.075500
19780   0.078000
19781   0.073000
19782   0.077600
19783   0.081800
19784   0.080600
19785   0.075900
19786   0.073300
19787   0.077100
19788   0.086400
19789   0.088700
19790   0.089600
19791   0.090700
19792   0.094400
19793   0.096200
19794   0.097500
19795   0.091900
19796   0.096600
19797   0.098500
19798   0.095000
19799   0.101900
19800   0.103500
19801   0.110600
19802   0.111400
19803   0.115000
19804   0.110300
19805   0.117600
19806   0.115800
19807   0.116900
19808   0.113200
19809   0.120000
19810   0.118400
19811   0.119000
19812   0.123400
19813   0.122200
19814   0.122800
19815   0.120100
19816   0.110400
19817   0.109800
19818   0.109300
19819   0.109900
19820   0.110700
19821   0.107700
19822   0.105300
19823   0.096200
19824   0.103400
19825   0.107200
19826   0.101000
19827   0.098300
19828   0.093700
19829   0.107100
19830   0.102700
19831   0.103200
19832   0.104300
19833   0.103100
19834   0.106700
19835   0.106300
19836   0.110900
19837   0.110800
19838   0.109800
19839   0.106300
19840   0.106900
19841   0.107700
19842   0.113600
19843   0.108700
19844   0.114100
19845   0.115100
19846   0.112800
19847   0.122700
19848   0.124200
19849   0.128600
19850   0.130400
19851   0.124700
19852   0.116600
19853   0.112800
19854   0.108000
19855   0.101800
19856   0.099500
19857   0.102600
19858   0.104400
19859   0.107600
19860   0.101600
19861   0.110000
19862   0.110500
19863   0.112800
19864   0.118900
19865   0.117500
19866   0.121700
19867   0.119600
19868   0.124600
19869   0.125100
19870   0.125300
19871   0.115200
19872   0.116400
19873   0.116200
19874   0.110400
19875   0.110700
19876   0.110100
19877   0.111900
19878   0.112700
19879   0.113900
19880   0.118900
19881   0.120700
19882   0.114300
19883   0.113500
19884   0.111900
19885   0.120200
19886   0.119900
19887   0.118400
19888   0.122300
19889   0.122300
19890   0.121300
19891   0.124300
19892   0.123300
19893   0.117500
19894   0.118500
19895   0.119200
19896   0.111900
19897   0.114800
19898   0.122500
19899   0.119300
19900   0.119000
19901   0.114900
19902   0.114500
19903   0.110300
19904   0.107700
19905   0.105500
19906   0.110000
19907   0.112700
19908   0.107200
19909   0.098100
19910   0.091600
19911   0.084500
19912   0.083200
19913   0.085800
19914   0.081200
19915   0.085000
19916   0.081300
19917   0.082000
19918   0.078600
19919   0.075800
19920   0.076200
19921   0.070800
19922   0.065900
19923   0.067400
19924   0.068200
19925   0.068800
19926   0.074800
19927   0.079700
19928   0.075200
19929   0.069800
19930   0.074800
19931   0.075300
19932   0.077700
19933   0.068000
19934   0.071300
19935   0.069900
19936   0.068300
19937   0.068500
19938   0.071300
19939   0.069200
19940   0.075900
19941   0.076200
19942   0.080000
19943   0.077700
19944   0.075500
19945   0.083600
19946   0.080600
19947   0.077400
19948   0.067400
19949   0.075800
19950   0.072800
19951   0.077500
19952   0.070900
19953   0.071700
19954   0.076100
19955   0.070600
19956   0.072800
19957   0.071700
19958   0.072000
19959   0.074600
19960   0.077400
19961   0.077500
19962   0.082800
19963   0.081400
19964   0.081200
19965   0.084900
19966   0.090100
19967   0.089700
19968   0.087500
19969   0.089300
19970   0.086800
19971   0.087800
19972   0.081100
19973   0.085100
19974   0.092100
19975   0.088700
19976   0.084200
19977   0.087000
19978   0.086800
19979   0.086100
19980   0.096300
19981   0.093100
19982   0.088100
19983   0.098100
19984   0.102300
19985   0.101500
19986   0.097400
19987   0.098000
19988   0.100000
19989   0.102700
19990   0.098700
19991   0.093900
19992   0.093900
19993   0.098100
19994   0.096000
19995   0.092200
19996   0.096900
19997   0.094100
19998   0.097500
19999   0.100900
20000   0.093000
20001   0.090000
20002   0.090000
20003   0.091100
20004   0.087900
20005   0.090300
20006   0.091000
20007   0.092600
20008   0.088000
20009   0.085200
20010   0.077200
20011   0.078200
20012   0.075300
20013   0.075900
20014   0.077800
20015   0.075800
20016   0.069200
20017   0.065800
20018   0.065400
20019   0.063700
20020   0.065500
20021   0.062800
20022   0.059400
20023   0.054400
20024   0.049700
20025   0.051400
20026   0.045600
20027   0.047700
20028   0.042800
20029   0.041400
20030   0.045200
20031   0.038300
20032   0.028500
20033   0.031500
20034   0.032300
20035   0.037500
20036   0.038100
20037   0.032700
20038   0.035100
20039   0.040500
20040   0.037800
20041   0.034700
20042   0.039500
20043   0.043300
20044   0.043300
20045   0.045400
20046   0.043200
20047   0.045800
20048   0.044800
20049   0.042200
20050   0.033500
20051   0.035100
20052   0.030200
20053   0.029800
20054   0.027600
20055   0.034900
20056   0.039500
20057   0.040300
20058   0.039600
20059   0.036300
20060   0.029900
20061   0.027100
20062   0.028100
20063   0.027500
20064   0.037400
20065   0.031800
20066   0.033500
20067   0.026600
20068   0.023200
20069   0.015900
20070   0.016500
20071   0.009700
20072   0.004000
20073   0.003600
20074   0.007200
20075   0.008500
20076   0.006400
20077   0.004400
20078   0.001400
20079   0.005700
20080  -0.004000
20081  -0.001400
20082   0.005300
20083   0.002300
20084   0.008400
20085   0.003300
20086  -0.000800
20087  -0.003300
20088  -0.007400
20089  -0.002300
20090  -0.002700
20091  -0.008200
20092  -0.010400
20093  -0.011700
20094  -0.011400
20095  -0.009100
20096  -0.008800
20097  -0.011800
20098  -0.014000
20099  -0.013200
20100  -0.014500
20101  -0.008200
20102  -0.003500
20103  -0.002300
20104  -0.004600
20105   0.004000
20106   0.006700
20107   0.017600
20108   0.016500
20109   0.014900
20110   0.015200
20111   0.013200
20112   0.004600
20113   0.002200
20114  -0.000600
20115  -0.004100
20116  -0.005900
20117  -0.007900
20118  -0.002300
20119  -0.010000
20120  -0.014500
20121  -0.010500
20122  -0.003000
20123  -0.001600
20124   0.005900
20125   0.004700
20126   0.003000
20127   0.006200
20128   0.006600
20129   0.006900
20130   0.003000
20131   0.010500
20132   0.001900
20133   0.001900
20134   0.001700
20135   0.005200
20136   0.009500
20137   0.017000
20138   0.010700
20139   0.009500
20140   0.005000
20141   0.000500
20142   0.004300
20143   0.006300
20144   0.016200
20145   0.014800
20146   0.015900
20147   0.023000
20148   0.025500
20149   0.031400
20150   0.035000
20151   0.036700
20152   0.035900
20153   0.035600
20154   0.032600
20155   0.032400
20156   0.029800
20157   0.024600
20158   0.020700
20159   0.022100
20160   0.023300
20161   0.017700
20162   0.018400
20163   0.015300
20164   0.015000
20165   0.013500
20166   0.014200
20167   0.020900
20168   0.020400
20169   0.015900
20170   0.017500
20171   0.015000
20172   0.012900
20173   0.010600
20174   0.012600
20175   0.008100
20176   0.007800
20177   0.008000
20178   0.011800
20179   0.015900
20180   0.020600
20181   0.023800
20182   0.022100
20183   0.025500
20184   0.026800
20185   0.028100
20186   0.020700
20187   0.022700
20188   0.022900
20189   0.018500
20190   0.011900
20191   0.006500
20192   0.004000
20193   0.002400
20194  -0.001300
20195  -0.000200
20196  -0.004600
20197  -0.005700
20198  -0.004300
20199  -0.002700
20200   0.001200
20201   0.001200
20202  -0.001300
20203  -0.003100
20204   0.001400
20205   0.004300
20206   0.011500
20207  -0.000800
20208   0.004700
20209  -0.006800
20210  -0.012200
20211  -0.011100
20212  -0.013900
20213  -0.004300
20214  -0.003000
20215  -0.006100
20216  -0.006300
20217  -0.011600
20218  -0.007400
20219  -0.020600
20220  -0.014400
20221  -0.005800
20222  -0.002400
20223   0.001900
20224   0.000600
20225   0.008700
20226   0.006600
20227   0.006500
20228   0.002300
20229  -0.006000
20230  -0.001600
20231  -0.000200
20232   0.001200
20233   0.008400
20234   0.007100
20235   0.005800
20236   0.009800
20237   0.009400
20238   0.010400
20239   0.011700
20240   0.017800
20241   0.016400
20242   0.011800
20243   0.012000
20244   0.015000
20245   0.016600
20246   0.021600
20247   0.021500
20248   0.022300
20249   0.023600
20250   0.026900
20251   0.035400
20252   0.035400
20253   0.033700
20254   0.029800
20255   0.034800
20256   0.041000
20257   0.038200
20258   0.044300
20259   0.046300
20260   0.040900
20261   0.046300
20262   0.049300
20263   0.043900
20264   0.047100
20265   0.045900
20266   0.046200
20267   0.049700
20268   0.053000
20269   0.050600
20270   0.056800
20271   0.048100
20272   0.048500
20273   0.043300
20274   0.039800
20275   0.043100
20276   0.050200
20277   0.055300
20278   0.049700
20279   0.047000
20280   0.042500
20281   0.044000
20282   0.042400
20283   0.042600
20284   0.037400
20285   0.047600
20286   0.042600
20287   0.045400
20288   0.045500
20289   0.050900
20290   0.049800
20291   0.050600
20292   0.050700
20293   0.054000
20294   0.054400
20295   0.056100
20296   0.054900
20297   0.053400
20298   0.047000
20299   0.055200
20300   0.052500
20301   0.045900
20302   0.055000
20303   0.056400
20304   0.058900
20305   0.057700
20306   0.055200
20307   0.056500
20308   0.053100
20309   0.048300
20310   0.044400
20311   0.044600
20312   0.040900
20313   0.042800
20314   0.043500
20315   0.045600
20316   0.040800
20317   0.044400
20318   0.049000
20319   0.048700
20320   0.056900
20321   0.057100
20322   0.060200
20323   0.060500
20324   0.063100
20325   0.055100
20326   0.051800
20327   0.053700
20328   0.050000
20329   0.044900
20330   0.038500
20331   0.046100
20332   0.044900
20333   0.050300
20334   0.051500
20335   0.045200
20336   0.048400
20337   0.046100
20338   0.048500
20339   0.044300
20340   0.044500
20341   0.043200
20342   0.039900
20343   0.038500
20344   0.044700
20345   0.040600
20346   0.040100
20347   0.033200
20348   0.043300
20349   0.048900
20350   0.056700
20351   0.052200
20352   0.054400
20353   0.050400
20354   0.052800
20355   0.045200
20356   0.044000
20357   0.051300
20358   0.050000
20359   0.043100
20360   0.047500
20361   0.046600
20362   0.052400
20363   0.049200
20364   0.049400
20365   0.047700
20366   0.046300
20367   0.046000
20368   0.044500
20369   0.048400
20370   0.060000
20371   0.064100
20372   0.062300
20373   0.062600
20374   0.064700
20375   0.062400
20376   0.064900
20377   0.054900
20378   0.052900
20379   0.060300
20380   0.062900
20381   0.063300
20382   0.065500
20383   0.067500
20384   0.071100
20385   0.075100
20386   0.076000
20387   0.074900
20388   0.072900
20389   0.077400
20390   0.076900
20391   0.076400
20392   0.073500
20393   0.074600
20394   0.074700
20395   0.071300
20396   0.072100
20397   0.066200
20398   0.073300
20399   0.072100
20400   0.070100
20401   0.071000
20402   0.064800
20403   0.063100
20404   0.062100
20405   0.059300
20406   0.060100
20407   0.054500
20408   0.054600
20409   0.061300
20410   0.063800
20411   0.063200
20412   0.062700
20413   0.057400
20414   0.056700
20415   0.050600
20416   0.055000
20417   0.054700
20418   0.060100
20419   0.055000
20420   0.057500
20421   0.054200
20422   0.054000
20423   0.047200
20424   0.045300
20425   0.047800
20426   0.049200
20427   0.058300
20428   0.061000
20429   0.058200
20430   0.047400
20431   0.056600
20432   0.051000
20433   0.050400
20434   0.057100
20435   0.057400
20436   0.059700
20437   0.060000
20438   0.053700
20439   0.058200
20440   0.053600
20441   0.063100
20442   0.058100
20443   0.057500
20444   0.049500
20445   0.056500
20446   0.058000
20447   0.058700
20448   0.054600
20449   0.055800
20450   0.052300
20451   0.054900
20452   0.049700
20453   0.056100
20454   0.053300
20455   0.048800
20456   0.045300
20457   0.046200
20458   0.044100
20459   0.047200
20460   0.047400
20461   0.050800
20462   0.049200
20463   0.047300
20464   0.051000
20465   0.048700
20466   0.047800
20467   0.052200
20468   0.053100
20469   0.053700
20470   0.044400
20471   0.044700
20472   0.050700
20473   0.050600
20474   0.049900
20475   0.059400
20476   0.062900
20477   0.063900
20478   0.066400
20479   0.063700
20480   0.070300
20481   0.074400
20482   0.068000
20483   0.080200
20484   0.084000
20485   0.081700
20486   0.086500
20487   0.089400
20488   0.091300
20489   0.091500
20490   0.089300
20491   0.083300
20492   0.080300
20493   0.079800
20494   0.076300
20495   0.078200
20496   0.079400
20497   0.078100
20498   0.077400
20499   0.080900
20500   0.082400
20501   0.084500
20502   0.088100
20503   0.091800
20504   0.098300
20505   0.095200
20506   0.095200
20507   0.100800
20508   0.103300
20509   0.102900
20510   0.106800
20511   0.104300
20512   0.104800
20513   0.107100
20514   0.100600
20515   0.099700
20516   0.095600
20517   0.094200
20518   0.095000
20519   0.098200
20520   0.093300
20521   0.093800
20522   0.097500
20523   0.093400
20524   0.095200
20525   0.092900
20526   0.088800
20527   0.087100
20528   0.090300
20529   0.089600
20530   0.084800
20531   0.085000
20532   0.086900
20533   0.085700
20534   0.089100
20535   0.086200
20536   0.084900
20537   0.088700
20538   0.088500
20539   0.091600
20540   0.093400
20541   0.094400
20542   0.097300
20543   0.098000
20544   0.100500
20545   0.095100
20546   0.098600
20547   0.099800
20548   0.098300
20549   0.102300
20550   0.102800
20551   0.098800
20552   0.104100
20553   0.112400
20554   0.111700
20555   0.108700
20556   0.109300
20557   0.110000
20558   0.103000
20559   0.104800
20560   0.107600
20561   0.103200
20562   0.099500
20563   0.092400
20564   0.090100
20565   0.084300
20566   0.084300
20567   0.088800
20568   0.089800
20569   0.086600
20570   0.089600
20571   0.083400
20572   0.085900
20573   0.081400
20574   0.083700
20575   0.083700
20576   0.083500
20577   0.081000
20578   0.084500
20579   0.085600
20580   0.085300
20581   0.082800
20582   0.081500
20583   0.081700
20584   0.074500
20585   0.065100
20586   0.071200
20587   0.072800
20588   0.060600
20589   0.066800
20590   0.063700
20591   0.060900
20592   0.056700
20593   0.054500
20594   0.059300
20595   0.054000
20596   0.051100
20597   0.051800
20598   0.051600
20599   0.051700
20600   0.050500
20601   0.051800
20602   0.049400
20603   0.047000
20604   0.043700
20605   0.049000
20606   0.048900
20607   0.049500
20608   0.052000
20609   0.052000
20610   0.057400
20611   0.051300
20612   0.055700
20613   0.057100
20614   0.055400
20615   0.053000
20616   0.055400
20617   0.056300
20618   0.052400
20619   0.054300
20620   0.058100
20621   0.053800
20622   0.050000
20623   0.048800
20624   0.049400
20625   0.041800
20626   0.036700
20627   0.034000
20628   0.031900
20629   0.029000
20630   0.021500
20631   0.023800
20632   0.023300
20633   0.023100
20634   0.022300
20635   0.024300
20636   0.023400
20637   0.026000
20638   0.024900
20639   0.022200
20640   0.022900
20641   0.025500
20642   0.033900
20643   0.032200
20644   0.029100
20645   0.033400
20646   0.030800
20647   0.031200
20648   0.027800
20649   0.029600
20650   0.033000
20651   0.038200
20652   0.041200
20653   0.038100
20654   0.029500
20655   0.027500
20656   0.030500
20657   0.030800
20658   0.034500
20659   0.032300
20660   0.029800
20661   0.025400
20662   0.019400
20663   0.027500
20664   0.030900
20665   0.030800
20666   0.034800
20667   0.032700
20668   0.028800
20669   0.028600
20670   0.027200
20671   0.034100
20672   0.030800
20673   0.026100
20674   0.036000
20675   0.033100
20676   0.043800
20677   0.042800
20678   0.040600
20679   0.042100
20680   0.035400
20681   0.033000
20682   0.034700
20683   0.032500
20684   0.034800
20685   0.038300
20686   0.036100
20687   0.038100
20688   0.038800
20689   0.027900
20690   0.028200
20691   0.027900
20692   0.032200
20693   0.031300
20694   0.034700
20695   0.035200
20696   0.041400
20697   0.047600
20698   0.048700
20699   0.050200
20700   0.049600
20701   0.052700
20702   0.054800
20703   0.053200
20704   0.056000
20705   0.057800
20706   0.058500
20707   0.054900
20708   0.054900
20709   0.057500
20710   0.061800
20711   0.061000
20712   0.065300
20713   0.068700
20714   0.058200
20715   0.059700
20716   0.058900
20717   0.058900
20718   0.057800
20719   0.058200
20720   0.055600
20721   0.055100
20722   0.052700
20723   0.058400
20724   0.059800
20725   0.064400
20726   0.061600
20727   0.058000
20728   0.058200
20729   0.060900
20730   0.060800
20731   0.058100
20732   0.053100
20733   0.053400
20734   0.050300
20735   0.056000
20736   0.064800
20737   0.065200
20738   0.075400
20739   0.074200
20740   0.068600
20741   0.068900
20742   0.068600
20743   0.071500
20744   0.069000
20745   0.073500
20746   0.070700
20747   0.074600
20748   0.076300
20749   0.076800
20750   0.079000
20751   0.071500
20752   0.074300
20753   0.071500
20754   0.069100
20755   0.068600
20756   0.070400
20757   0.065200
20758   0.065000
20759   0.069800
20760   0.062100
20761   0.065100
20762   0.065600
20763   0.059500
20764   0.065200
20765   0.065500
20766   0.067500
20767   0.068900
20768   0.071500
20769   0.069400
20770   0.071400
20771   0.071200
20772   0.076300
20773   0.077500
20774   0.076700
20775   0.082800
20776   0.086900
20777   0.085200
20778   0.081800
20779   0.082800
20780   0.091400
20781   0.085200
20782   0.082300
20783   0.082000
20784   0.083100
20785   0.078800
20786   0.079700
20787   0.077300
20788   0.076100
20789   0.076100
20790   0.080900
20791   0.084000
20792   0.081900
20793   0.085600
20794   0.083200
20795   0.081900
20796   0.074800
20797   0.075500
20798   0.072900
20799   0.074900
20800   0.070200
20801   0.063400
20802   0.064800
20803   0.067100
20804   0.070300
20805   0.074300
20806   0.076300
20807   0.078400
20808   0.076800
20809   0.067700
20810   0.069700
20811   0.071900
20812   0.077100
20813   0.077200
20814   0.078100
20815   0.080000
20816   0.082900
20817   0.077100
20818   0.076700
20819   0.076700
20820   0.074500
20821   0.074500
20822   0.073500
20823   0.078300
20824   0.083800
20825   0.084500
20826   0.085900
20827   0.094300
20828   0.098200
20829   0.099200
20830   0.099100
20831   0.098700
20832   0.097900
20833   0.103200
20834   0.097400
20835   0.086700
20836   0.084700
20837   0.083700
20838   0.088600
20839   0.084700
20840   0.078900
20841   0.072100
20842   0.067900
20843   0.069000
20844   0.072900
20845   0.068400
20846   0.069600
20847   0.074200
20848   0.069300
20849   0.072200
20850   0.075400
20851   0.077400
20852   0.072600
20853   0.075300
20854   0.071500
20855   0.072200
20856   0.075400
20857   0.075500
20858   0.070900
20859   0.067900
20860   0.067200
20861   0.061000
20862   0.062700
20863   0.059100
20864   0.055900
20865   0.048800
20866   0.055200
20867   0.056400
20868   0.058300
20869   0.053000
20870   0.049700
20871   0.052300
20872   0.057500
20873   0.055500
20874   0.062200
20875   0.061700
20876   0.059700
20877   0.055400
20878   0.060400
20879   0.057900
20880   0.056700
20881   0.059900
20882   0.055500
20883   0.055000
20884   0.050600
20885   0.052100
20886   0.055000
20887   0.055100
20888   0.056400
20889   0.052800
20890   0.056400
20891   0.058900
20892   0.059300
20893   0.066200
20894   0.065300
20895   0.063800
20896   0.059400
20897   0.056900
20898   0.062400
20899   0.064700
20900   0.061600
20901   0.065700
20902   0.060600
20903   0.062500
20904   0.060000
20905   0.062400
20906   0.062900
20907   0.064500
20908   0.067100
20909   0.066100
20910   0.061800
20911   0.058700
20912   0.065400
20913   0.066000
20914   0.066000
20915   0.064000
20916   0.061400
20917   0.058100
20918   0.061000
20919   0.054700
20920   0.053700
20921   0.057700
20922   0.055700
20923   0.061100
20924   0.062400
20925   0.060900
20926   0.059400
20927   0.059400
20928   0.058600
20929   0.057900
20930   0.055700
20931   0.054000
20932   0.058000
20933   0.065900
20934   0.062500
20935   0.061700
20936   0.064800
20937   0.064800
20938   0.067300
20939   0.065500
20940   0.060600
20941   0.060500
20942   0.060400
20943   0.062800
20944   0.059400
20945   0.055100
20946   0.049600
20947   0.053800
20948   0.045200
20949   0.040000
20950   0.043400
20951   0.038600
20952   0.037900
20953   0.034600
20954   0.030000
20955   0.033400
20956   0.029800
20957   0.026500
20958   0.029300
20959   0.022500
20960   0.021600
20961   0.021300
20962   0.014600
20963   0.015500
20964   0.015200
20965   0.016500
20966   0.016800
20967   0.021400
20968   0.025500
20969   0.027100
20970   0.024300
20971   0.027600
20972   0.031600
20973   0.022700
20974   0.022900
20975   0.026100
20976   0.021000
20977   0.020500
20978   0.020500
20979   0.020600
20980   0.018600
20981   0.018100
20982   0.018300
20983   0.017100
20984   0.017700
20985   0.017800
20986   0.023200
20987   0.025300
20988   0.019100
20989   0.023300
20990   0.028900
20991   0.029900
20992   0.031800
20993   0.025500
20994   0.025500
20995   0.020900
20996   0.021900
20997   0.022500
20998   0.023900
20999   0.025200
21000   0.036600
21001   0.036700
21002   0.038400
21003   0.039700
21004   0.044400
21005   0.046900
21006   0.044400
21007   0.049400
21008   0.047100
21009   0.044600
21010   0.047400
21011   0.048200
21012   0.038400
21013   0.034900
21014   0.035800
21015   0.028200
21016   0.028100
21017   0.022100
21018   0.026500
21019   0.036100
21020   0.030500
21021   0.029000
21022   0.027500
21023   0.025500
21024   0.030800
21025   0.032300
21026   0.034600
21027   0.033100
21028   0.036500
21029   0.034000
21030   0.028400
21031   0.032600
21032   0.030400
21033   0.032100
21034   0.025900
21035   0.024200
21036   0.027100
21037   0.026600
21038   0.033400
21039   0.032800
21040   0.039600
21041   0.037600
21042   0.035900
21043   0.041700
21044   0.034200
21045   0.033300
21046   0.039600
21047   0.036700
21048   0.038500
21049   0.034000
21050   0.038000
21051   0.042600
21052   0.045200
21053   0.041100
21054   0.035400
21055   0.040100
21056   0.035600
21057   0.039500
21058   0.032400
21059   0.030200
21060   0.026600
21061   0.026500
21062   0.035500
21063   0.038600
21064   0.039300
21065   0.048500
21066   0.055000
21067   0.048800
21068   0.046600
21069   0.045100
21070   0.041200
21071   0.042800
21072   0.044800
21073   0.042300
21074   0.049800
21075   0.051500
21076   0.048800
21077   0.048100
21078   0.044500
21079   0.039300
21080   0.037400
21081   0.032700
21082   0.031100
21083   0.030000
21084   0.032500
21085   0.037200
21086   0.038300
21087   0.041700
21088   0.039900
21089   0.040100
21090   0.035400
21091   0.036400
21092   0.039200
21093   0.039700
21094   0.030400
21095   0.026300
21096   0.020900
21097   0.023000
21098   0.025100
21099   0.027500
21100   0.027200
21101   0.028600
21102   0.028500
21103   0.026600
21104   0.027500
21105   0.025400
21106   0.027800
21107   0.022400
21108   0.023300
21109   0.021300
21110   0.019900
21111   0.025300
21112   0.019200
21113   0.026600
21114   0.028600
21115   0.030200
21116   0.026900
21117   0.030200
21118   0.035700
21119   0.034200
21120   0.029800
21121   0.029700
21122   0.029100
21123   0.029900
21124   0.031400
21125   0.025700
21126   0.023500
21127   0.027200
21128   0.023200
21129   0.021700
21130   0.019200
21131   0.019000
21132   0.017300
21133   0.020700
21134   0.014200
21135   0.012900
21136   0.015500
21137   0.016200
21138   0.019900
21139   0.021600
21140   0.022800
21141   0.021500
21142   0.022700
21143   0.030500
21144   0.030200
21145   0.022900
21146   0.023900
21147   0.022500
21148   0.020200
21149   0.028400
21150   0.027900
21151   0.032400
21152   0.024200
21153   0.026100
21154   0.028000
21155   0.029200
21156   0.034300
21157   0.030700
21158   0.031100
21159   0.028000
21160   0.026000
21161   0.026000
21162   0.032400
21163   0.041000
21164   0.036900
21165   0.032700
21166   0.029700
21167   0.026600
21168   0.031700
21169   0.020700
21170   0.014400
21171   0.012900
21172   0.020600
21173   0.017900
21174   0.015700
21175   0.016200
21176   0.012000
21177   0.010500
21178   0.007000
21179   0.010600
21180   0.011600
21181   0.005200
21182   0.003800
21183   0.003800
21184   0.004100
21185   0.002100
21186   0.002800
21187   0.002100
21188   0.002000
21189  -0.003800
21190  -0.005000
21191  -0.004800
21192  -0.004600
21193   0.000300
21194   0.000600
21195  -0.005700
21196  -0.004400
21197  -0.004100
21198  -0.007400
21199  -0.013200
21200  -0.012500
21201  -0.006700
21202  -0.007900
21203  -0.008400
21204  -0.010600
21205  -0.002700
21206   0.002600
21207   0.009100
21208   0.008900
21209   0.008800
21210   0.009000
21211   0.011400
21212   0.012000
21213   0.011700
21214   0.008600
21215   0.008900
21216   0.010500
21217   0.008100
21218   0.009500
21219   0.006000
21220   0.004900
21221   0.004500
21222   0.002000
21223  -0.006500
21224  -0.008100
21225  -0.007600
21226  -0.010700
21227  -0.012500
21228  -0.005100
21229  -0.001400
21230  -0.000800
21231  -0.002900
21232  -0.009400
21233  -0.007200
21234  -0.010000
21235  -0.005900
21236  -0.008400
21237  -0.001200
21238   0.003600
21239   0.004400
21240   0.005400
21241   0.004300
21242   0.008900
21243   0.004000
21244  -0.006500
21245  -0.008700
21246  -0.017100
21247  -0.012400
21248  -0.010100
21249  -0.005000
21250  -0.006000
21251  -0.013200
21252  -0.016800
21253  -0.009600
21254  -0.016200
21255  -0.014100
21256  -0.016500
21257  -0.018500
21258  -0.014500
21259  -0.009200
21260  -0.011200
21261  -0.010000
21262  -0.014300
21263  -0.015200
21264  -0.009300
21265  -0.010500
21266  -0.007200
21267   0.000400
21268   0.003100
21269  -0.004800
21270  -0.007000
21271  -0.000400
21272  -0.002000
21273  -0.004000
21274  -0.005400
21275  -0.002000
21276  -0.001400
21277  -0.000900
21278  -0.006100
21279  -0.005400
21280  -0.007100
21281  -0.005800
21282  -0.002000
21283  -0.002100
21284   0.001200
21285  -0.002200
21286   0.004700
21287   0.008600
21288   0.011500
21289   0.010800
21290   0.011700
21291   0.009300
21292   0.010000
21293   0.015600
21294   0.014700
21295   0.008800
21296   0.013000
21297   0.007800
21298   0.005500
21299   0.004800
21300   0.008700
21301   0.008000
21302   0.008000
21303   0.007400
21304   0.002700
21305  -0.001400
21306  -0.006200
21307   0.003500
21308   0.006400
21309   0.013200
21310   0.019600
21311   0.021300
21312   0.025600
21313   0.027800
21314   0.025700
21315   0.030500
21316   0.028300
21317   0.028900
21318   0.026600
21319   0.024800
21320   0.022000
21321   0.028300
21322   0.031900
21323   0.032400
21324   0.034500
21325   0.036000
21326   0.038100
21327   0.032300
21328   0.034400
21329   0.033800
21330   0.040900
21331   0.036600
21332   0.037700
21333   0.035000
21334   0.036500
21335   0.035300
21336   0.032300
21337   0.025400
21338   0.022800
21339   0.029700
21340   0.032800
21341   0.040000
21342   0.048900
21343   0.049700
21344   0.053200
21345   0.056100
21346   0.052200
21347   0.052000
21348   0.047500
21349   0.045900
21350   0.046800
21351   0.038800
21352   0.032100
21353   0.032200
21354   0.031500
21355   0.033600
21356   0.031800
21357   0.035800
21358   0.035200
21359   0.028100
21360   0.029600
21361   0.041900
21362   0.043300
21363   0.042700
21364   0.037100
21365   0.038000
21366   0.040900
21367   0.041600
21368   0.043800
21369   0.054200
21370   0.058400
21371   0.060800
21372   0.061800
21373   0.063400
21374   0.064300
21375   0.062100
21376   0.058600
21377   0.056600
21378   0.056500
21379   0.060300
21380   0.055200
21381   0.062200
21382   0.057600
21383   0.057100
21384   0.063200
21385   0.059200
21386   0.060000
21387   0.066300
21388   0.070200
21389   0.072800
21390   0.072100
21391   0.079200
21392   0.082000
21393   0.080400
21394   0.078500
21395   0.075300
21396   0.064500
21397   0.060200
21398   0.065800
21399   0.058300
21400   0.058500
21401   0.069700
21402   0.072100
21403   0.070000
21404   0.070600
21405   0.066000
21406   0.069500
21407   0.065900
21408   0.069000
21409   0.062600
21410   0.065500
21411   0.066300
21412   0.064100
21413   0.070900
21414   0.073500
21415   0.076300
21416   0.077200
21417   0.075800
21418   0.077200
21419   0.069100
21420   0.066900
21421   0.068200
21422   0.067800
21423   0.070700
21424   0.070800
21425   0.065900
21426   0.065800
21427   0.065300
21428   0.067100
21429   0.069100
21430   0.073100
21431   0.078500
21432   0.072400
21433   0.076400
21434   0.078400
21435   0.075900
21436   0.070700
21437   0.071300
21438   0.078100
21439   0.081100
21440   0.085300
21441   0.083300
21442   0.087000
21443   0.087600
21444   0.090400
21445   0.084200
21446   0.080400
21447   0.082900
21448   0.083600
21449   0.086600
21450   0.082800
21451   0.084200
21452   0.081600
21453   0.078700
21454   0.080500
21455   0.068800
21456   0.072600
21457   0.068200
21458   0.066100
21459   0.063100
21460   0.064800
21461   0.061400
21462   0.060900
21463   0.062300
21464   0.062700
21465   0.058700
21466   0.062000
21467   0.054600
21468   0.056900
21469   0.064900
21470   0.069400
21471   0.070600
21472   0.076200
21473   0.074800
21474   0.077000
21475   0.074100
21476   0.072400
21477   0.070700
21478   0.078600
21479   0.086900
21480   0.084000
21481   0.085900
21482   0.087500
21483   0.087200
21484   0.091700
21485   0.092800
21486   0.094500
21487   0.091100
21488   0.088200
21489   0.090200
21490   0.093000
21491   0.092400
21492   0.093800
21493   0.091800
21494   0.087200
21495   0.095100
21496   0.091900
21497   0.091500
21498   0.085200
21499   0.080200
21500   0.084600
21501   0.091500
21502   0.091300
21503   0.090600
21504   0.089400
21505   0.087200
21506   0.090500
21507   0.088600
21508   0.092400
21509   0.087000
21510   0.085600
21511   0.087600
21512   0.078000
21513   0.080300
21514   0.082100
21515   0.075100
21516   0.082400
21517   0.084700
21518   0.090700
21519   0.091700
21520   0.082900
21521   0.085100
21522   0.088700
21523   0.084800
21524   0.093800
21525   0.097000
21526   0.097800
21527   0.096500
21528   0.092800
21529   0.099900
21530   0.105400
21531   0.104300
21532   0.105600
21533   0.110400
21534   0.109700
21535   0.115100
21536   0.110900
21537   0.112600
21538   0.115100
21539   0.112200
21540   0.118200
21541   0.115900
21542   0.114600
21543   0.111900
21544   0.110600
21545   0.104600
21546   0.101100
21547   0.104100
21548   0.103700
21549   0.101600
21550   0.103400
21551   0.098700
21552   0.105500
21553   0.107600
21554   0.106200
21555   0.105300
21556   0.105000
21557   0.104100
21558   0.112200
21559   0.113300
21560   0.109700
21561   0.110700
21562   0.112400
21563   0.115400
21564   0.111600
21565   0.109600
21566   0.111500
21567   0.108600
21568   0.104900
21569   0.107700
21570   0.109100
21571   0.106700
21572   0.109300
21573   0.099300
21574   0.089900
21575   0.087700
21576   0.078100
21577   0.084000
21578   0.079300
21579   0.084400
21580   0.088900
21581   0.089100
21582   0.093600
21583   0.090500
21584   0.090500
21585   0.090100
21586   0.086400
21587   0.089900
21588   0.086200
21589   0.083800
21590   0.083600
21591   0.077500
21592   0.078300
21593   0.076700
21594   0.073900
21595   0.071700
21596   0.069000
21597   0.074500
21598   0.080900
21599   0.080100
21600   0.080500
21601   0.078200
21602   0.077300
21603   0.079200
21604   0.078400
21605   0.076400
21606   0.076700
21607   0.075000
21608   0.077700
21609   0.076900
21610   0.074200
21611   0.073200
21612   0.068900
21613   0.063400
21614   0.057800
21615   0.052000
21616   0.048300
21617   0.048500
21618   0.044900
21619   0.049100
21620   0.043100
21621   0.039500
21622   0.040700
21623   0.034200
21624   0.036700
21625   0.038000
21626   0.038300
21627   0.038400
21628   0.045500
21629   0.042100
21630   0.040800
21631   0.043400
21632   0.050000
21633   0.051100
21634   0.053200
21635   0.052900
21636   0.055500
21637   0.060500
21638   0.061100
21639   0.059500
21640   0.057400
21641   0.051100
21642   0.046400
21643   0.046500
21644   0.046200
21645   0.047100
21646   0.047100
21647   0.046600
21648   0.051100
21649   0.061700
21650   0.064200
21651   0.060000
21652   0.058100
21653   0.058900
21654   0.060200
21655   0.065300
21656   0.073200
21657   0.069400
21658   0.068800
21659   0.069700
21660   0.071500
21661   0.070600
21662   0.071800
21663   0.069700
21664   0.072700
21665   0.074900
21666   0.074400
21667   0.071600
21668   0.074600
21669   0.075600
21670   0.070100
21671   0.073000
21672   0.075300
21673   0.074700
21674   0.073100
21675   0.069300
21676   0.072300
21677   0.074600
21678   0.070900
21679   0.072700
21680   0.069600
21681   0.067000
21682   0.069800
21683   0.071700
21684   0.073200
21685   0.073100
21686   0.072600
21687   0.075000
21688   0.074200
21689   0.069100
21690   0.068800
21691   0.072900
21692   0.073200
21693   0.074100
21694   0.070200
21695   0.066700
21696   0.067300
21697   0.063200
21698   0.059600
21699   0.061000
21700   0.067600
21701   0.072400
21702   0.069100
21703   0.073700
21704   0.072100
21705   0.066500
21706   0.068400
21707   0.067300
21708   0.071300
21709   0.074100
21710   0.074200
21711   0.076000
21712   0.068800
21713   0.068200
21714   0.068600
21715   0.074200
21716   0.069500
21717   0.067000
21718   0.066700
21719   0.064600
21720   0.062600
21721   0.065500
21722   0.068000
21723   0.065800
21724   0.061500
21725   0.056900
21726   0.056300
21727   0.054200
21728   0.054100
21729   0.050000
21730   0.046800
21731   0.038400
21732   0.046700
21733   0.048700
21734   0.049600
21735   0.054800
21736   0.054000
21737   0.055500
21738   0.055600
21739   0.057600
21740   0.053500
21741   0.057500
21742   0.053100
21743   0.048000
21744   0.051900
21745   0.052900
21746   0.049900
21747   0.043700
21748   0.039500
21749   0.045300
21750   0.043600
21751   0.044500
21752   0.040100
21753   0.034200
21754   0.028500
21755   0.027400
21756   0.020900
21757   0.018600
21758   0.014900
21759   0.015700
21760   0.017600
21761   0.016300
21762   0.005000
21763   0.008700
21764   0.006000
21765   0.012200
21766   0.013800
21767   0.017800
21768   0.019200
21769   0.026700
21770   0.023800
21771   0.019700
21772   0.017200
21773   0.017100
21774   0.016000
21775   0.024000
21776   0.022000
21777   0.020400
21778   0.010700
21779   0.007200
21780   0.008500
21781   0.006700
21782   0.004900
21783   0.007900
21784   0.004500
21785   0.004500
21786   0.001000
21787   0.003100
21788   0.004500
21789   0.001400
21790   0.003500
21791  -0.007100
21792  -0.007400
21793  -0.004100
21794  -0.008500
21795  -0.005000
21796  -0.001800
21797  -0.004200
21798  -0.005200
21799  -0.007400
21800  -0.008200
21801  -0.008300
21802  -0.007900
21803  -0.001600
21804  -0.000600
21805  -0.001700
21806   0.003000
21807   0.004200
21808   0.009100
21809   0.007800
21810   0.005500
21811   0.001500
21812   0.000300
21813   0.004400
21814   0.008600
21815   0.005800
21816   0.009300
21817   0.010500
21818   0.012200
21819   0.014800
21820   0.011700
21821   0.003800
21822   0.005200
21823  -0.001700
21824  -0.001800
21825   0.000900
21826   0.004900
21827   0.006100
21828   0.001600
21829   0.004700
21830   0.007400
21831   0.007100
21832  -0.001700
21833   0.002300
21834   0.000700
21835   0.002200
21836  -0.000200
21837  -0.004000
21838  -0.002500
21839  -0.004000
21840  -0.003300
21841  -0.001000
21842   0.000300
21843   0.000800
21844   0.000200
21845  -0.005500
21846  -0.001100
21847  -0.003500
21848   0.002800
21849   0.005100
21850   0.007800
21851   0.003700
21852   0.001900
21853   0.006300
21854   0.008900
21855   0.007800
21856   0.005500
21857   0.008200
21858   0.007800
21859   0.001100
21860  -0.006700
21861  -0.007300
21862  -0.002200
21863  -0.004900
21864   0.000400
21865  -0.002400
21866   0.001800
21867   0.002300
21868   0.005200
21869   0.004300
21870  -0.000600
21871  -0.006000
21872  -0.004000
21873   0.003800
21874  -0.001300
21875  -0.005400
21876  -0.012600
21877  -0.009600
21878  -0.012500
21879  -0.018800
21880  -0.017800
21881  -0.019500
21882  -0.014600
21883  -0.010700
21884  -0.008000
21885  -0.007300
21886  -0.011500
21887  -0.011100
21888  -0.010100
21889  -0.010800
21890  -0.016900
21891  -0.015000
21892  -0.017400
21893  -0.019700
21894  -0.016900
21895  -0.012300
21896  -0.010300
21897  -0.018900
21898  -0.020500
21899  -0.026500
21900  -0.027900
21901  -0.030500
21902  -0.023300
21903  -0.017700
21904  -0.017500
21905  -0.015800
21906  -0.019700
21907  -0.018300
21908  -0.024300
21909  -0.026500
21910  -0.034700
21911  -0.035000
21912  -0.033200
21913  -0.034600
21914  -0.037000
21915  -0.028900
21916  -0.029000
21917  -0.030600
21918  -0.031800
21919  -0.030300
21920  -0.025300
21921  -0.027600
21922  -0.027200
21923  -0.029300
21924  -0.025500
21925  -0.024900
21926  -0.027900
21927  -0.030300
21928  -0.032500
21929  -0.035400
21930  -0.029300
21931  -0.029200
21932  -0.036500
21933  -0.037300
21934  -0.034600
21935  -0.035900
21936  -0.035900
21937  -0.034600
21938  -0.031500
21939  -0.029800
21940  -0.024200
21941  -0.023500
21942  -0.027000
21943  -0.028300
21944  -0.031000
21945  -0.023400
21946  -0.025600
21947  -0.020700
21948  -0.026900
21949  -0.030700
21950  -0.031500
21951  -0.030200
21952  -0.026400
21953  -0.026000
21954  -0.026100
21955  -0.026000
21956  -0.031100
21957  -0.023800
21958  -0.028000
21959  -0.027900
21960  -0.023900
21961  -0.021300
21962  -0.022100
21963  -0.024700
21964  -0.021300
21965  -0.016700
21966  -0.019500
21967  -0.019000
21968  -0.010100
21969  -0.014800
21970  -0.014400
21971  -0.015000
21972  -0.007800
21973  -0.007700
21974  -0.002100
21975  -0.004500
21976  -0.001100
21977   0.000200
21978   0.005200
21979   0.001400
21980   0.009800
21981   0.009700
21982   0.016700
21983   0.017100
21984   0.020700
21985   0.019800
21986   0.028400
21987   0.029300
21988   0.027500
21989   0.027000
21990   0.021800
21991   0.011100
21992   0.006300
21993   0.008600
21994   0.013800
21995   0.015800
21996   0.012800
21997   0.012800
21998   0.011500
21999   0.014200
22000   0.015500
22001   0.018800
22002   0.021400
22003   0.021800
22004   0.023300
22005   0.028600
22006   0.033000
22007   0.028700
22008   0.024300
22009   0.027000
22010   0.024400
22011   0.025400
22012   0.023700
22013   0.024400
22014   0.027400
22015   0.030100
22016   0.036100
22017   0.033900
22018   0.038000
22019   0.043700
22020   0.042900
22021   0.042100
22022   0.039800
22023   0.040900
22024   0.040400
22025   0.042100
22026   0.042000
22027   0.036400
22028   0.036500
22029   0.033700
22030   0.029900
22031   0.029100
22032   0.031100
22033   0.029900
22034   0.031600
22035   0.030000
22036   0.020400
22037   0.012300
22038   0.016800
22039   0.012400
22040   0.009200
22041   0.010200
22042   0.010400
22043   0.006500
22044   0.005900
22045   0.007200
22046   0.011700
22047   0.013500
22048   0.014600
22049   0.016900
22050   0.019100
22051   0.021300
22052   0.019900
22053   0.018800
22054   0.017800
22055   0.016400
22056   0.008600
22057   0.001800
22058   0.001600
22059   0.000600
22060  -0.007200
22061  -0.010600
22062  -0.012600
22063  -0.009800
22064  -0.006000
22065  -0.007800
22066  -0.007000
22067  -0.012400
22068  -0.014600
22069  -0.015900
22070  -0.020600
22071  -0.022400
22072  -0.020100
22073  -0.012100
22074  -0.015500
22075  -0.020100
22076  -0.019900
22077  -0.011400
22078  -0.016300
22079  -0.018100
22080  -0.018200
22081  -0.012500
22082  -0.022000
22083  -0.018400
22084  -0.020000
22085  -0.019300
22086  -0.021300
22087  -0.023000
22088  -0.024700
22089  -0.025800
22090  -0.026600
22091  -0.026500
22092  -0.032700
22093  -0.035700
22094  -0.034300
22095  -0.036000
22096  -0.035100
22097  -0.031400
22098  -0.029700
22099  -0.034100
22100  -0.037800
22101  -0.035600
22102  -0.033100
22103  -0.026100
22104  -0.029700
22105  -0.022700
22106  -0.020000
22107  -0.018400
22108  -0.024900
22109  -0.028800
22110  -0.033300
22111  -0.032000
22112  -0.028000
22113  -0.029000
22114  -0.030900
22115  -0.030800
22116  -0.037300
22117  -0.034700
22118  -0.033900
22119  -0.034200
22120  -0.037700
22121  -0.032500
22122  -0.031900
22123  -0.033800
22124  -0.027500
22125  -0.025900
22126  -0.019900
22127  -0.016700
22128  -0.018300
22129  -0.016500
22130  -0.014000
22131  -0.015700
22132  -0.007800
22133  -0.003900
22134  -0.001000
22135  -0.001800
22136   0.000300
22137   0.001000
22138   0.002300
22139   0.009400
22140   0.008700
22141   0.012300
22142   0.012900
22143   0.008600
22144   0.010300
22145   0.012000
22146   0.013100
22147   0.015500
22148   0.010800
22149   0.017300
22150   0.018700
22151   0.020300
22152   0.022600
22153   0.022400
22154   0.016500
22155   0.015300
22156   0.009100
22157   0.011300
22158   0.009900
22159   0.008400
22160   0.008700
22161   0.010200
22162   0.011000
22163   0.011000
22164   0.020300
22165   0.022600
22166   0.018100
22167   0.015900
22168   0.014700
22169   0.019300
22170   0.021600
22171   0.024600
22172   0.026600
22173   0.024500
22174   0.022300
22175   0.027200
22176   0.031000
22177   0.032100
22178   0.034600
22179   0.027700
22180   0.023600
22181   0.027000
22182   0.018300
22183   0.020800
22184   0.026100
22185   0.033300
22186   0.031000
22187   0.031700
22188   0.036100
22189   0.029800
22190   0.026200
22191   0.028200
22192   0.025100
22193   0.025600
22194   0.028600
22195   0.030300
22196   0.028300
22197   0.028300
22198   0.019700
22199   0.025900
22200   0.029000
22201   0.025200
22202   0.023700
22203   0.025600
22204   0.030000
22205   0.025000
22206   0.029600
22207   0.026500
22208   0.027800
22209   0.029000
22210   0.027300
22211   0.021200
22212   0.026200
22213   0.030100
22214   0.030700
22215   0.024100
22216   0.027500
22217   0.028500
22218   0.028200
22219   0.031400
22220   0.031800
22221   0.031500
22222   0.031500
22223   0.034900
22224   0.036400
22225   0.041200
22226   0.037800
22227   0.038200
22228   0.029200
22229   0.029700
22230   0.026700
22231   0.023200
22232   0.031300
22233   0.028600
22234   0.028300
22235   0.024300
22236   0.025600
22237   0.028800
22238   0.028600
22239   0.031600
22240   0.030500
22241   0.026200
22242   0.027200
22243   0.022500
22244   0.022500
22245   0.021800
22246   0.022300
22247   0.021500
22248   0.027100
22249   0.028900
22250   0.029300
22251   0.027700
22252   0.036200
22253   0.036000
22254   0.040200
22255   0.038700
22256   0.042300
22257   0.035700
22258   0.036000
22259   0.039700
22260   0.046400
22261   0.052100
22262   0.051000
22263   0.053200
22264   0.052300
22265   0.044800
22266   0.049300
22267   0.043600
22268   0.043000
22269   0.039300
22270   0.034300
22271   0.031000
22272   0.031500
22273   0.025000
22274   0.027100
22275   0.029600
22276   0.027900
22277   0.026200
22278   0.026800
22279   0.024200
22280   0.023800
22281   0.019900
22282   0.018900
22283   0.012400
22284   0.014400
22285   0.015000
22286   0.011100
22287   0.004900
22288   0.008000
22289   0.004900
22290   0.004200
22291   0.003800
22292   0.004900
22293   0.007300
22294   0.007000
22295   0.009800
22296   0.009500
22297   0.008400
22298   0.006400
22299  -0.000400
22300   0.000800
22301  -0.001200
22302  -0.004900
22303  -0.003000
22304  -0.000300
22305   0.001400
22306   0.006000
22307   0.005800
22308  -0.000400
22309   0.000400
22310   0.005300
22311   0.003500
22312  -0.000100
22313   0.004100
22314   0.006600
22315   0.004900
22316   0.007800
22317   0.011000
22318   0.013100
22319   0.016600
22320   0.008900
22321   0.014300
22322   0.012800
22323   0.019900
22324   0.017900
22325   0.020400
22326   0.023300
22327   0.022800
22328   0.024400
22329   0.033100
22330   0.030900
22331   0.029500
22332   0.028500
22333   0.031700
22334   0.033700
22335   0.038900
22336   0.038700
22337   0.037600
22338   0.039200
22339   0.042500
22340   0.034800
22341   0.031500
22342   0.030900
22343   0.031300
22344   0.029400
22345   0.035100
22346   0.038900
22347   0.037700
22348   0.039400
22349   0.039800
22350   0.041600
22351   0.040400
22352   0.041200
22353   0.045800
22354   0.037200
22355   0.032400
22356   0.028300
22357   0.029000
22358   0.031300
22359   0.023400
22360   0.018600
22361   0.022000
22362   0.020600
22363   0.026700
22364   0.022500
22365   0.022100
22366   0.025700
22367   0.027600
22368   0.029400
22369   0.036600
22370   0.031000
22371   0.026600
22372   0.028200
22373   0.024800
22374   0.033900
22375   0.027600
22376   0.027500
22377   0.023500
22378   0.023500
22379   0.023200
22380   0.018800
22381   0.015600
22382   0.016600
22383   0.015500
22384   0.019100
22385   0.024700
22386   0.029700
22387   0.028800
22388   0.034500
22389   0.030100
22390   0.032100
22391   0.029400
22392   0.025900
22393   0.027800
22394   0.032700
22395   0.036600
22396   0.038300
22397   0.039900
22398   0.039000
22399   0.036300
22400   0.041200
22401   0.031900
22402   0.036000
22403   0.037900
22404   0.041000
22405   0.043400
22406   0.041800
22407   0.043500
22408   0.042300
22409   0.044200
22410   0.047200
22411   0.047700
22412   0.046300
22413   0.047400
22414   0.045700
22415   0.049000
22416   0.043000
22417   0.034500
22418   0.028200
22419   0.027600
22420   0.029100
22421   0.033500
22422   0.036700
22423   0.038100
22424   0.040700
22425   0.039200
22426   0.039700
22427   0.037000
22428   0.037600
22429   0.035000
22430   0.038600
22431   0.038300
22432   0.037100
22433   0.034400
22434   0.037000
22435   0.039500
22436   0.045600
22437   0.042600
22438   0.035900
22439   0.044300
22440   0.043600
22441   0.044200
22442   0.037200
22443   0.039300
22444   0.040800
22445   0.038600
22446   0.041700
22447   0.040900
22448   0.040900
22449   0.042100
22450   0.042700
22451   0.041800
22452   0.035200
22453   0.037900
22454   0.037100
22455   0.042100
22456   0.045500
22457   0.045100
22458   0.049900
22459   0.046800
22460   0.052900
22461   0.050100
22462   0.055100
22463   0.055000
22464   0.055500
22465   0.062300
22466   0.067000
22467   0.061500
22468   0.059800
22469   0.056600
22470   0.057100
22471   0.060500
22472   0.057200
22473   0.053000
22474   0.050800
22475   0.049600
22476   0.046900
22477   0.045700
22478   0.042900
22479   0.052200
22480   0.046100
22481   0.045900
22482   0.044100
22483   0.042700
22484   0.042500
22485   0.040100
22486   0.041900
22487   0.041800
22488   0.040300
22489   0.042000
22490   0.043900
22491   0.042800
22492   0.042900
22493   0.043300
22494   0.038600
22495   0.035100
22496   0.035600
22497   0.037700
22498   0.027700
22499   0.022700
22500   0.022000
22501   0.027000
22502   0.030000
22503   0.021000
22504   0.025000
22505   0.026000
22506   0.026200
22507   0.025800
22508   0.027700
22509   0.026400
22510   0.023200
22511   0.019000
22512   0.020900
22513   0.018400
22514   0.022500
22515   0.020600
22516   0.020500
22517   0.023400
22518   0.025100
22519   0.022900
22520   0.021200
22521   0.012400
22522   0.011400
22523   0.015200
22524   0.011300
22525   0.011100
22526   0.008600
22527   0.010900
22528   0.015600
22529   0.008000
22530   0.009900
22531   0.010100
22532   0.008800
22533   0.013700
22534   0.014100
22535   0.012400
22536   0.013200
22537   0.012700
22538   0.016500
22539   0.015800
22540   0.014800
22541   0.014000
22542   0.010900
22543   0.016700
22544   0.022600
22545   0.024600
22546   0.023200
22547   0.021900
22548   0.015800
22549   0.015700
22550   0.014600
22551   0.009500
22552   0.010900
22553   0.008100
22554   0.007600
22555   0.008800
22556   0.011900
22557   0.015900
22558   0.014400
22559   0.018900
22560   0.024300
22561   0.024900
22562   0.022000
22563   0.022300
22564   0.028900
22565   0.030400
22566   0.032200
22567   0.037800
22568   0.041800
22569   0.043400
22570   0.044800
22571   0.046000
22572   0.047800
22573   0.050500
22574   0.047300
22575   0.049000
22576   0.048200
22577   0.051400
22578   0.050200
22579   0.048200
22580   0.043800
22581   0.051900
22582   0.047100
22583   0.045300
22584   0.041100
22585   0.045500
22586   0.044900
22587   0.045300
22588   0.042400
22589   0.030500
22590   0.032300
22591   0.028200
22592   0.033200
22593   0.034300
22594   0.038700
22595   0.038600
22596   0.032600
22597   0.030800
22598   0.027500
22599   0.027400
22600   0.024600
22601   0.023800
22602   0.019100
22603   0.021900
22604   0.024900
22605   0.029500
22606   0.034100
22607   0.034300
22608   0.029600
22609   0.040000
22610   0.040100
22611   0.038300
22612   0.035800
22613   0.044100
22614   0.042500
22615   0.043400
22616   0.034900
22617   0.038000
22618   0.036500
22619   0.033700
22620   0.031500
22621   0.032900
22622   0.031500
22623   0.032900
22624   0.037100
22625   0.038400
22626   0.034500
22627   0.034500
22628   0.032700
22629   0.033300
22630   0.029300
22631   0.030200
22632   0.027200
22633   0.028300
22634   0.025700
22635   0.023600
22636   0.022100
22637   0.023400
22638   0.020500
22639   0.023400
22640   0.024900
22641   0.026800
22642   0.023900
22643   0.021900
22644   0.019000
22645   0.021200
22646   0.025800
22647   0.026300
22648   0.035400
22649   0.037700
22650   0.038400
22651   0.038800
22652   0.040900
22653   0.037000
22654   0.034500
22655   0.034500
22656   0.035200
22657   0.032300
22658   0.028700
22659   0.030500
22660   0.035000
22661   0.034900
22662   0.037900
22663   0.035200
22664   0.034800
22665   0.034000
22666   0.036900
22667   0.043300
22668   0.037900
22669   0.035400
22670   0.029100
22671   0.026300
22672   0.027700
22673   0.027300
22674   0.029800
22675   0.029400
22676   0.033900
22677   0.032200
22678   0.034800
22679   0.028100
22680   0.027000
22681   0.027500
22682   0.028600
22683   0.022200
22684   0.024800
22685   0.021200
22686   0.020800
22687   0.022000
22688   0.026800
22689   0.032900
22690   0.039700
22691   0.038900
22692   0.041400
22693   0.042000
22694   0.047400
22695   0.045200
22696   0.047500
22697   0.044500
22698   0.045600
22699   0.048600
22700   0.048200
22701   0.054100
22702   0.053100
22703   0.055500
22704   0.060900
22705   0.064300
22706   0.063800
22707   0.063400
22708   0.058500
22709   0.060000
22710   0.052700
22711   0.055700
22712   0.047700
22713   0.049200
22714   0.050300
22715   0.058200
22716   0.057000
22717   0.059800
22718   0.057300
22719   0.055500
22720   0.054500
22721   0.053300
22722   0.049300
22723   0.046500
22724   0.041900
22725   0.040700
22726   0.032900
22727   0.028300
22728   0.033800
22729   0.035700
22730   0.041600
22731   0.037000
22732   0.040300
22733   0.037700
22734   0.034700
22735   0.036700
22736   0.045500
22737   0.044000
22738   0.045000
22739   0.045700
22740   0.044600
22741   0.045300
22742   0.046500
22743   0.050000
22744   0.047900
22745   0.046500
22746   0.053400
22747   0.051400
22748   0.051600
22749   0.053800
22750   0.059900
22751   0.059100
22752   0.058500
22753   0.049600
22754   0.052100
22755   0.055300
22756   0.054500
22757   0.054200
22758   0.051500
22759   0.054300
22760   0.059700
22761   0.053000
22762   0.061500
22763   0.052600
22764   0.054600
22765   0.050900
22766   0.051600
22767   0.049600
22768   0.048800
22769   0.055900
22770   0.049100
22771   0.049200
22772   0.046500
22773   0.044400
22774   0.041000
22775   0.041100
22776   0.040500
22777   0.034300
22778   0.034800
22779   0.032300
22780   0.034400
22781   0.035000
22782   0.033100
22783   0.032800
22784   0.033300
22785   0.036400
22786   0.036300
22787   0.034800
22788   0.036600
22789   0.036800
22790   0.037500
22791   0.038400
22792   0.040600
22793   0.042300
22794   0.042900
22795   0.037200
22796   0.040900
22797   0.035600
22798   0.033800
22799   0.035100
22800   0.028700
22801   0.029500
22802   0.026300
22803   0.028800
22804   0.031200
22805   0.031300
22806   0.030000
22807   0.029100
22808   0.021200
22809   0.020400
22810   0.015400
22811   0.016700
22812   0.016800
22813   0.018800
22814   0.026900
22815   0.025600
22816   0.019200
22817   0.011800
22818   0.007100
22819   0.006900
22820   0.004400
22821   0.007500
22822   0.010500
22823   0.016500
22824   0.017100
22825   0.017600
22826   0.015900
22827   0.019500
22828   0.025200
22829   0.023700
22830   0.025100
22831   0.019100
22832   0.020300
22833   0.021300
22834   0.019900
22835   0.021000
22836   0.018800
22837   0.011900
22838   0.017500
22839   0.026100
22840   0.029300
22841   0.024300
22842   0.015400
22843   0.021100
22844   0.029700
22845   0.032000
22846   0.033600
22847   0.040600
22848   0.037300
22849   0.040500
22850   0.042300
22851   0.038100
22852   0.038100
22853   0.040400
22854   0.037800
22855   0.033600
22856   0.032800
22857   0.033200
22858   0.035100
22859   0.028400
22860   0.025300
22861   0.021700
22862   0.025100
22863   0.026900
22864   0.025700
22865   0.026200
22866   0.021200
22867   0.017800
22868   0.018100
22869   0.020300
22870   0.020200
22871   0.022600
22872   0.018100
22873   0.015800
22874   0.018600
22875   0.020900
22876   0.022700
22877   0.024600
22878   0.023100
22879   0.014900
22880   0.019900
22881   0.021600
22882   0.022700
22883   0.024300
22884   0.021900
22885   0.020000
22886   0.018100
22887   0.020400
22888   0.025400
22889   0.020100
22890   0.021300
22891   0.025600
22892   0.019700
22893   0.016600
22894   0.005800
22895   0.004800
22896   0.004200
22897   0.002300
22898   0.007000
22899   0.013600
22900   0.015200
22901   0.018600
22902   0.016600
22903   0.014900
22904   0.017500
22905   0.023500
22906   0.023300
22907   0.024400
22908   0.030100
22909   0.031600
22910   0.027200
22911   0.028400
22912   0.023500
22913   0.019400
22914   0.023700
22915   0.021300
22916   0.020400
22917   0.019000
22918   0.014300
22919   0.014700
22920   0.015300
22921   0.015900
22922   0.015300
22923   0.023800
22924   0.019500
22925   0.018100
22926   0.014600
22927   0.015900
22928   0.019000
22929   0.017900
22930   0.014200
22931   0.020900
22932   0.022400
22933   0.017700
22934   0.021100
22935   0.017100
22936   0.016500
22937   0.013600
22938   0.013000
22939   0.007600
22940   0.003600
22941   0.006800
22942   0.006500
22943   0.004800
22944   0.005300
22945   0.007600
22946   0.009700
22947   0.013400
22948   0.014800
22949   0.014600
22950   0.016000
22951   0.012300
22952   0.010600
22953   0.008500
22954   0.012400
22955   0.015600
22956   0.018700
22957   0.012700
22958   0.015500
22959   0.007000
22960   0.005800
22961   0.008800
22962   0.010400
22963   0.005000
22964   0.006000
22965  -0.002000
22966  -0.005500
22967  -0.011900
22968  -0.010100
22969  -0.008600
22970  -0.009400
22971  -0.005700
22972  -0.000600
22973   0.002000
22974   0.002400
22975   0.001000
22976   0.002200
22977   0.001000
22978   0.002800
22979   0.003100
22980  -0.001100
22981  -0.001000
22982   0.003400
22983   0.001800
22984   0.009100
22985   0.010500
22986   0.006600
22987   0.011200
22988   0.012300
22989   0.004300
22990   0.008800
22991   0.012700
22992   0.015700
22993   0.014300
22994   0.010800
22995   0.012800
22996   0.015600
22997   0.015200
22998   0.016900
22999   0.022300
23000   0.012800
23001   0.014200
23002   0.016300
23003   0.022600
23004   0.025300
23005   0.024400
23006   0.032100
23007   0.039200
23008   0.034300
23009   0.039000
23010   0.049500
23011   0.049100
23012   0.042900
23013   0.041500
23014   0.045700
23015   0.043100
23016   0.041400
23017   0.044600
23018   0.042400
23019   0.041500
23020   0.045500
23021   0.037200
23022   0.042900
23023   0.042700
23024   0.045000
23025   0.042400
23026   0.038600
23027   0.036400
23028   0.035800
23029   0.034100
23030   0.028900
23031   0.032000
23032   0.027400
23033   0.019500
23034   0.018200
23035   0.022700
23036   0.031900
23037   0.027100
23038   0.030800
23039   0.029000
23040   0.030000
23041   0.034300
23042   0.032000
23043   0.035400
23044   0.034600
23045   0.035300
23046   0.036700
23047   0.039800
23048   0.040900
23049   0.042200
23050   0.045400
23051   0.051600
23052   0.052300
23053   0.053500
23054   0.053100
23055   0.054600
23056   0.056900
23057   0.053300
23058   0.054700
23059   0.052600
23060   0.049900
23061   0.042700
23062   0.038900
23063   0.041600
23064   0.036000
23065   0.039700
23066   0.045700
23067   0.039100
23068   0.040000
23069   0.044300
23070   0.042700
23071   0.039600
23072   0.042000
23073   0.040800
23074   0.035400
23075   0.035000
23076   0.025200
23077   0.023300
23078   0.020300
23079   0.026800
23080   0.025200
23081   0.029200
23082   0.026000
23083   0.026400
23084   0.030700
23085   0.034400
23086   0.040200
23087   0.039200
23088   0.040400
23089   0.042400
23090   0.040000
23091   0.042500
23092   0.044200
23093   0.040300
23094   0.043000
23095   0.045900
23096   0.043000
23097   0.045100
23098   0.043800
23099   0.046900
23100   0.049100
23101   0.049600
23102   0.049500
23103   0.052100
23104   0.053500
23105   0.051300
23106   0.057800
23107   0.058500
23108   0.063400
23109   0.058100
23110   0.060900
23111   0.057900
23112   0.061900
23113   0.060700
23114   0.053100
23115   0.054300
23116   0.046400
23117   0.047700
23118   0.043700
23119   0.041500
23120   0.041300
23121   0.041100
23122   0.043700
23123   0.051300
23124   0.054300
23125   0.059200
23126   0.065200
23127   0.063800
23128   0.060800
23129   0.054300
23130   0.057400
23131   0.055100
23132   0.054900
23133   0.051900
23134   0.049600
23135   0.047800
23136   0.048900
23137   0.045900
23138   0.048500
23139   0.041800
23140   0.041800
23141   0.042100
23142   0.040300
23143   0.037900
23144   0.035300
23145   0.038800
23146   0.032800
23147   0.029800
23148   0.028100
23149   0.024900
23150   0.031200
23151   0.027800
23152   0.024900
23153   0.022100
23154   0.019900
23155   0.022200
23156   0.023900
23157   0.023400
23158   0.023800
23159   0.019300
23160   0.028300
23161   0.031900
23162   0.031500
23163   0.037300
23164   0.037500
23165   0.039500
23166   0.038500
23167   0.042500
23168   0.038100
23169   0.038200
23170   0.037800
23171   0.031700
23172   0.030500
23173   0.030700
23174   0.041500
23175   0.042000
23176   0.043400
23177   0.050200
23178   0.049300
23179   0.049000
23180   0.050300
23181   0.049900
23182   0.051700
23183   0.054200
23184   0.054200
23185   0.053600
23186   0.050900
23187   0.051000
23188   0.050100
23189   0.048800
23190   0.061700
23191   0.055500
23192   0.058100
23193   0.057200
23194   0.059600
23195   0.057400
23196   0.060600
23197   0.060900
23198   0.059300
23199   0.053500
23200   0.058100
23201   0.054100
23202   0.058400
23203   0.062600
23204   0.066700
23205   0.070000
23206   0.072100
23207   0.072000
23208   0.074900
23209   0.067500
23210   0.067200
23211   0.069300
23212   0.065900
23213   0.065100
23214   0.065300
23215   0.064900
23216   0.063800
23217   0.062400
23218   0.063500
23219   0.063600
23220   0.063500
23221   0.066500
23222   0.063000
23223   0.057600
23224   0.053100
23225   0.050900
23226   0.046700
23227   0.043700
23228   0.041700
23229   0.043800
23230   0.035400
23231   0.037300
23232   0.034600
23233   0.031500
23234   0.027900
23235   0.022800
23236   0.023200
23237   0.031200
23238   0.027500
23239   0.021700
23240   0.022400
23241   0.019500
23242   0.027500
23243   0.022900
23244   0.021000
23245   0.024100
23246   0.018300
23247   0.012600
23248   0.010800
23249   0.010600
23250   0.012900
23251   0.007700
23252   0.008700
23253   0.007300
23254   0.003100
23255  -0.000200
23256  -0.001700
23257  -0.002200
23258  -0.005300
23259  -0.003000
23260  -0.001600
23261  -0.006400
23262  -0.005400
23263  -0.008500
23264  -0.006100
23265  -0.000700
23266   0.001900
23267  -0.003200
23268   0.001100
23269   0.002900
23270   0.005100
23271   0.008900
23272   0.009000
23273   0.011900
23274   0.015300
23275   0.015000
23276   0.012000
23277   0.011200
23278   0.017600
23279   0.011000
23280   0.009000
23281   0.013700
23282   0.005600
23283   0.007500
23284   0.009800
23285   0.013900
23286   0.016000
23287   0.019400
23288   0.012900
23289   0.017100
23290   0.016700
23291   0.014200
23292   0.019000
23293   0.017900
23294   0.017000
23295   0.019900
23296   0.014300
23297   0.015300
23298   0.010500
23299   0.008900
23300   0.018700
23301   0.018500
23302   0.015600
23303   0.013500
23304   0.012900
23305   0.012600
23306   0.012800
23307   0.007100
23308   0.008800
23309   0.006100
23310  -0.002200
23311  -0.002700
23312   0.000900
23313   0.002500
23314  -0.001800
23315   0.007000
23316   0.004400
23317  -0.001600
23318  -0.000700
23319  -0.005500
23320  -0.007400
23321  -0.007300
23322  -0.002300
23323  -0.006900
23324  -0.004700
23325  -0.003100
23326  -0.002500
23327  -0.001100
23328   0.000600
23329   0.005100
23330  -0.003300
23331  -0.005600
23332  -0.007800
23333  -0.005500
23334   0.003000
23335  -0.002600
23336  -0.002500
23337   0.000100
23338   0.003100
23339   0.001000
23340   0.004300
23341   0.010700
23342   0.007300
23343   0.010000
23344   0.009700
23345   0.007900
23346   0.002900
23347   0.005400
23348   0.009400
23349   0.015200
23350   0.013800
23351   0.016900
23352   0.012000
23353   0.010800
23354   0.011900
23355   0.009100
23356   0.011500
23357   0.014800
23358   0.018100
23359   0.016000
23360   0.023500
23361   0.022400
23362   0.028400
23363   0.020600
23364   0.024200
23365   0.026000
23366   0.025500
23367   0.024700
23368   0.024000
23369   0.023300
23370   0.029100
23371   0.029400
23372   0.030000
23373   0.037900
23374   0.029100
23375   0.023400
23376   0.025300
23377   0.013500
23378   0.007900
23379   0.005000
23380   0.003700
23381   0.006600
23382   0.000500
23383  -0.001600
23384   0.003200
23385  -0.001300
23386   0.001700
23387  -0.002200
23388   0.002300
23389  -0.000100
23390   0.007100
23391   0.004600
23392   0.005700
23393   0.006100
23394   0.001100
23395  -0.002200
23396  -0.008000
23397  -0.013700
23398  -0.013200
23399  -0.004800
23400  -0.001600
23401   0.001800
23402   0.006300
23403   0.004400
23404   0.002500
23405  -0.001200
23406   0.005500
23407   0.004800
23408   0.002000
23409   0.001700
23410  -0.002000
23411  -0.007300
23412  -0.009400
23413  -0.001700
23414  -0.008700
23415  -0.008400
23416  -0.004500
23417  -0.001500
23418  -0.002600
23419  -0.000200
23420  -0.007400
23421  -0.001700
23422   0.000100
23423  -0.006000
23424  -0.004600
23425  -0.003800
23426  -0.005600
23427  -0.011800
23428  -0.016600
23429  -0.019500
23430  -0.020200
23431  -0.016700
23432  -0.020100
23433  -0.022900
23434  -0.023600
23435  -0.020000
23436  -0.014300
23437  -0.016400
23438  -0.022800
23439  -0.019600
23440  -0.023300
23441  -0.020800
23442  -0.016100
23443  -0.020300
23444  -0.018700
23445  -0.020000
23446  -0.017500
23447  -0.010100
23448  -0.005000
23449  -0.006100
23450  -0.013200
23451  -0.010600
23452  -0.010800
23453  -0.018500
23454  -0.024000
23455  -0.018900
23456  -0.020600
23457  -0.019400
23458  -0.018800
23459  -0.008700
23460  -0.012100
23461  -0.007000
23462  -0.007100
23463  -0.000900
23464   0.001300
23465   0.002800
23466   0.007700
23467   0.006900
23468   0.007100
23469   0.004400
23470   0.002900
23471   0.005200
23472   0.013200
23473   0.009500
23474   0.011200
23475   0.015000
23476   0.009300
23477   0.004300
23478   0.002200
23479   0.009000
23480  -0.002100
23481  -0.003000
23482  -0.003600
23483  -0.000500
23484  -0.003200
23485  -0.000600
23486  -0.003700
23487   0.000100
23488   0.007000
23489   0.003300
23490  -0.002100
23491  -0.004000
23492  -0.005200
23493  -0.004300
23494  -0.006100
23495  -0.012200
23496  -0.011600
23497  -0.014200
23498  -0.012700
23499  -0.013400
23500  -0.009400
23501  -0.010700
23502  -0.007400
23503  -0.011100
23504  -0.010200
23505  -0.006500
23506  -0.009800
23507  -0.009500
23508  -0.007800
23509  -0.007400
23510  -0.008700
23511  -0.005400
23512  -0.006100
23513   0.000100
23514  -0.006000
23515   0.000100
23516   0.000900
23517   0.005200
23518   0.012000
23519   0.016500
23520   0.014300
23521   0.014900
23522   0.012600
23523   0.008000
23524   0.007900
23525   0.008600
23526   0.006800
23527   0.003900
23528   0.005600
23529   0.007900
23530   0.012100
23531   0.010800
23532   0.010700
23533   0.018000
23534   0.016500
23535   0.015300
23536   0.010100
23537   0.012400
23538   0.020400
23539   0.014700
23540   0.021200
23541   0.024200
23542   0.025500
23543   0.030000
23544   0.043700
23545   0.041600
23546   0.039400
23547   0.041200
23548   0.038400
23549   0.035800
23550   0.025500
23551   0.026000
23552   0.024700
23553   0.023300
23554   0.021000
23555   0.023300
23556   0.030100
23557   0.026900
23558   0.023800
23559   0.017600
23560   0.019800
23561   0.022900
23562   0.022300
23563   0.030500
23564   0.025600
23565   0.028600
23566   0.025800
23567   0.030400
23568   0.031700
23569   0.031200
23570   0.031700
23571   0.031600
23572   0.036500
23573   0.033200
23574   0.030100
23575   0.033500
23576   0.039000
23577   0.039600
23578   0.037900
23579   0.030800
23580   0.027100
23581   0.025000
23582   0.029600
23583   0.029100
23584   0.032200
23585   0.031600
23586   0.030900
23587   0.026400
23588   0.030200
23589   0.029700
23590   0.026100
23591   0.027500
23592   0.030400
23593   0.029500
23594   0.033100
23595   0.036000
23596   0.026400
23597   0.025800
23598   0.026800
23599   0.028800
23600   0.034300
23601   0.031200
23602   0.031400
23603   0.032600
23604   0.035000
23605   0.030300
23606   0.037100
23607   0.038300
23608   0.037500
23609   0.037800
23610   0.038900
23611   0.042500
23612   0.046200
23613   0.048200
23614   0.053100
23615   0.051400
23616   0.052500
23617   0.054600
23618   0.051100
23619   0.053800
23620   0.058700
23621   0.060200
23622   0.057300
23623   0.053800
23624   0.053100
23625   0.051800
23626   0.050900
23627   0.048600
23628   0.051100
23629   0.050800
23630   0.049900
23631   0.048000
23632   0.053500
23633   0.053400
23634   0.050700
23635   0.054200
23636   0.055200
23637   0.056900
23638   0.059800
23639   0.061500
23640   0.058400
23641   0.054900
23642   0.057200
23643   0.054600
23644   0.051800
23645   0.050900
23646   0.048900
23647   0.048800
23648   0.051300
23649   0.058100
23650   0.054200
23651   0.062600
23652   0.062600
23653   0.066800
23654   0.060400
23655   0.062100
23656   0.057600
23657   0.057300
23658   0.052800
23659   0.050000
23660   0.049900
23661   0.055800
23662   0.057700
23663   0.057600
23664   0.057000
23665   0.064100
23666   0.066400
23667   0.067900
23668   0.064500
23669   0.060000
23670   0.055500
23671   0.055200
23672   0.053100
23673   0.050800
23674   0.043200
23675   0.044600
23676   0.046300
23677   0.038900
23678   0.038500
23679   0.031800
23680   0.036600
23681   0.039100
23682   0.039100
23683   0.036700
23684   0.036600
23685   0.037900
23686   0.034800
23687   0.037400
23688   0.031400
23689   0.028100
23690   0.025500
23691   0.022700
23692   0.019000
23693   0.021900
23694   0.026300
23695   0.028000
23696   0.028400
23697   0.030100
23698   0.041300
23699   0.042000
23700   0.042000
23701   0.043400
23702   0.045300
23703   0.052900
23704   0.049700
23705   0.055000
23706   0.052700
23707   0.052600
23708   0.051900
23709   0.052300
23710   0.051900
23711   0.052200
23712   0.056600
23713   0.053700
23714   0.058800
23715   0.059200
23716   0.055500
23717   0.052800
23718   0.051100
23719   0.058100
23720   0.057000
23721   0.054100
23722   0.055900
23723   0.057900
23724   0.059200
23725   0.055300
23726   0.058400
23727   0.058200
23728   0.053000
23729   0.059100
23730   0.047100
23731   0.046200
23732   0.048200
23733   0.041800
23734   0.040600
23735   0.048100
23736   0.049600
23737   0.047200
23738   0.045700
23739   0.052500
23740   0.050700
23741   0.051300
23742   0.051500
23743   0.048700
23744   0.053800
23745   0.052300
23746   0.051000
23747   0.048300
23748   0.046300
23749   0.040000
23750   0.043800
23751   0.044800
23752   0.046000
23753   0.041700
23754   0.042000
23755   0.033000
23756   0.039800
23757   0.045800
23758   0.042800
23759   0.046400
23760   0.043600
23761   0.041400
23762   0.033200
23763   0.036200
23764   0.040600
23765   0.042200
23766   0.039600
23767   0.033000
23768   0.032500
23769   0.031100
23770   0.030300
23771   0.029700
23772   0.032000
23773   0.038900
23774   0.033900
23775   0.035900
23776   0.036300
23777   0.041000
23778   0.040800
23779   0.039300
23780   0.035300
23781   0.035800
23782   0.035700
23783   0.030500
23784   0.029300
23785   0.034700
23786   0.032000
23787   0.034700
23788   0.039200
23789   0.045600
23790   0.043900
23791   0.047500
23792   0.044800
23793   0.049500
23794   0.044900
23795   0.042200
23796   0.037200
23797   0.036600
23798   0.042400
23799   0.042400
23800   0.042200
23801   0.035600
23802   0.036500
23803   0.035700
23804   0.035900
23805   0.034500
23806   0.034100
23807   0.034900
23808   0.033200
23809   0.032200
23810   0.029500
23811   0.035400
23812   0.036500
23813   0.035600
23814   0.042600
23815   0.039600
23816   0.039100
23817   0.038900
23818   0.038100
23819   0.039200
23820   0.040700
23821   0.037900
23822   0.033400
23823   0.037400
23824   0.036200
23825   0.036700
23826   0.034900
23827   0.031700
23828   0.031400
23829   0.034200
23830   0.037900
23831   0.039000
23832   0.044200
23833   0.044200
23834   0.052200
23835   0.050700
23836   0.049300
23837   0.051200
23838   0.046800
23839   0.038100
23840   0.039300
23841   0.039400
23842   0.044800
23843   0.036200
23844   0.035600
23845   0.046600
23846   0.049300
23847   0.049900
23848   0.054100
23849   0.053300
23850   0.048400
23851   0.055000
23852   0.062300
23853   0.062200
23854   0.055700
23855   0.057900
23856   0.059200
23857   0.063100
23858   0.065800
23859   0.064200
23860   0.059600
23861   0.060200
23862   0.059600
23863   0.053800
23864   0.051000
23865   0.053000
23866   0.053900
23867   0.055700
23868   0.057800
23869   0.060700
23870   0.055800
23871   0.061100
23872   0.057100
23873   0.059400
23874   0.053100
23875   0.055200
23876   0.056100
23877   0.053400
23878   0.052200
23879   0.053400
23880   0.056300
23881   0.054200
23882   0.052100
23883   0.053300
23884   0.060700
23885   0.061200
23886   0.058600
23887   0.051900
23888   0.046000
23889   0.045000
23890   0.042700
23891   0.035900
23892   0.039900
23893   0.039100
23894   0.043500
23895   0.036700
23896   0.037800
23897   0.038600
23898   0.044000
23899   0.045200
23900   0.043000
23901   0.037300
23902   0.034200
23903   0.033800
23904   0.033600
23905   0.033600
23906   0.035600
23907   0.033900
23908   0.035800
23909   0.032900
23910   0.035100
23911   0.034700
23912   0.031700
23913   0.027500
23914   0.030800
23915   0.028700
23916   0.032800
23917   0.036800
23918   0.042200
23919   0.046000
23920   0.045600
23921   0.053800
23922   0.054100
23923   0.046800
23924   0.043400
23925   0.047400
23926   0.042100
23927   0.044200
23928   0.046200
23929   0.046100
23930   0.048100
23931   0.047500
23932   0.043700
23933   0.049100
23934   0.048000
23935   0.046000
23936   0.043000
23937   0.038900
23938   0.034700
23939   0.036600
23940   0.040300
23941   0.045300
23942   0.045700
23943   0.046000
23944   0.042400
23945   0.041400
23946   0.041500
23947   0.037700
23948   0.033400
23949   0.034200
23950   0.033900
23951   0.034800
23952   0.030900
23953   0.024400
23954   0.029300
23955   0.037400
23956   0.033800
23957   0.037600
23958   0.034300
23959   0.032300
23960   0.034500
23961   0.031500
23962   0.028500
23963   0.024100
23964   0.029400
23965   0.025300
23966   0.022500
23967   0.022700
23968   0.022100
23969   0.022700
23970   0.024400
23971   0.021600
23972   0.025800
23973   0.016300
23974   0.015000
23975   0.010900
23976   0.008100
23977   0.009000
23978   0.004800
23979   0.011000
23980   0.010400
23981   0.005500
23982   0.005300
23983   0.001500
23984  -0.000800
23985   0.000500
23986   0.003000
23987   0.003400
23988   0.007200
23989   0.004100
23990   0.005900
23991   0.002700
23992   0.000300
23993   0.001800
23994   0.002600
23995   0.009500
23996   0.009400
23997   0.013000
23998   0.011700
23999   0.015400
24000   0.018000
24001   0.016900
24002   0.015100
24003   0.011100
24004   0.011300
24005   0.003800
24006   0.006200
24007   0.009300
24008   0.009000
24009   0.006500
24010   0.008200
24011   0.000300
24012   0.002400
24013   0.001900
24014  -0.002300
24015  -0.001200
24016  -0.001800
24017  -0.001900
24018   0.000300
24019  -0.004100
24020   0.000600
24021   0.002700
24022   0.002000
24023   0.005600
24024   0.010500
24025   0.000000
24026  -0.003700
24027  -0.004200
24028  -0.004300
24029  -0.001500
24030   0.003600
24031   0.000300
24032  -0.002100
24033  -0.007800
24034  -0.005000
24035  -0.000900
24036   0.003200
24037   0.006700
24038  -0.001300
24039  -0.001900
24040  -0.001200
24041  -0.006500
24042  -0.007400
24043  -0.005300
24044  -0.004700
24045  -0.005200
24046  -0.004300
24047  -0.008300
24048  -0.012700
24049  -0.009000
24050  -0.010400
24051  -0.013800
24052  -0.009600
24053  -0.005300
24054  -0.001900
24055  -0.004400
24056  -0.009500
24057  -0.009500
24058  -0.002500
24059  -0.005000
24060  -0.007100
24061  -0.007700
24062  -0.010300
24063  -0.013000
24064  -0.019000
24065  -0.026500
24066  -0.025100
24067  -0.027500
24068  -0.031700
24069  -0.039400
24070  -0.038400
24071  -0.038400
24072  -0.044500
24073  -0.045900
24074  -0.050600
24075  -0.049400
24076  -0.046600
24077  -0.046800
24078  -0.051600
24079  -0.054300
24080  -0.056600
24081  -0.055200
24082  -0.059100
24083  -0.057000
24084  -0.057700
24085  -0.060700
24086  -0.066700
24087  -0.072700
24088  -0.068900
24089  -0.066900
24090  -0.059800
24091  -0.065800
24092  -0.065000
24093  -0.059100
24094  -0.054500
24095  -0.053700
24096  -0.056400
24097  -0.057800
24098  -0.061200
24099  -0.052400
24100  -0.056600
24101  -0.060800
24102  -0.059100
24103  -0.059700
24104  -0.060500
24105  -0.062400
24106  -0.065000
24107  -0.065600
24108  -0.065800
24109  -0.064300
24110  -0.064800
24111  -0.061700
24112  -0.059300
24113  -0.069800
24114  -0.068300
24115  -0.071700
24116  -0.065200
24117  -0.071000
24118  -0.067000
24119  -0.063700
24120  -0.068600
24121  -0.066900
24122  -0.074100
24123  -0.080500
24124  -0.089600
24125  -0.087700
24126  -0.089600
24127  -0.086600
24128  -0.087700
24129  -0.081100
24130  -0.085000
24131  -0.082000
24132  -0.090000
24133  -0.088800
24134  -0.088900
24135  -0.081600
24136  -0.077000
24137  -0.078000
24138  -0.081200
24139  -0.083800
24140  -0.084600
24141  -0.081600
24142  -0.075300
24143  -0.069100
24144  -0.068000
24145  -0.061900
24146  -0.063300
24147  -0.055200
24148  -0.057100
24149  -0.051500
24150  -0.054500
24151  -0.050800
24152  -0.052000
24153  -0.052300
24154  -0.049800
24155  -0.054100
24156  -0.061600
24157  -0.058600
24158  -0.051500
24159  -0.050100
24160  -0.047200
24161  -0.045100
24162  -0.046100
24163  -0.045000
24164  -0.046400
24165  -0.051100
24166  -0.047700
24167  -0.048400
24168  -0.046600
24169  -0.049800
24170  -0.050300
24171  -0.047100
24172  -0.044800
24173  -0.047000
24174  -0.045700
24175  -0.054800
24176  -0.049700
24177  -0.046200
24178  -0.047900
24179  -0.052900
24180  -0.047400
24181  -0.041800
24182  -0.042700
24183  -0.033200
24184  -0.031500
24185  -0.030000
24186  -0.028000
24187  -0.028400
24188  -0.023800
24189  -0.031100
24190  -0.031900
24191  -0.036600
24192  -0.032900
24193  -0.032700
24194  -0.038400
24195  -0.037900
24196  -0.037400
24197  -0.036300
24198  -0.032300
24199  -0.031300
24200  -0.031500
24201  -0.031800
24202  -0.025800
24203  -0.024500
24204  -0.026800
24205  -0.021400
24206  -0.023000
24207  -0.025400
24208  -0.032900
24209  -0.026600
24210  -0.023900
24211  -0.020700
24212  -0.023800
24213  -0.026600
24214  -0.026800
24215  -0.023600
24216  -0.027000
24217  -0.024500
24218  -0.027500
24219  -0.029100
24220  -0.039700
24221  -0.033400
24222  -0.030800
24223  -0.034700
24224  -0.036500
24225  -0.040900
24226  -0.040200
24227  -0.034800
24228  -0.034500
24229  -0.034700
24230  -0.036000
24231  -0.040200
24232  -0.039500
24233  -0.032700
24234  -0.032200
24235  -0.036300
24236  -0.030300
24237  -0.031900
24238  -0.029500
24239  -0.033300
24240  -0.031700
24241  -0.033000
24242  -0.036900
24243  -0.040900
24244  -0.036400
24245  -0.042100
24246  -0.045500
24247  -0.047400
24248  -0.043800
24249  -0.041400
24250  -0.041600
24251  -0.039500
24252  -0.043100
24253  -0.043700
24254  -0.040700
24255  -0.038700
24256  -0.034500
24257  -0.032700
24258  -0.037100
24259  -0.038200
24260  -0.044700
24261  -0.045600
24262  -0.040300
24263  -0.040000
24264  -0.040600
24265  -0.042000
24266  -0.045000
24267  -0.045400
24268  -0.047800
24269  -0.046200
24270  -0.049900
24271  -0.049600
24272  -0.046100
24273  -0.045200
24274  -0.053300
24275  -0.054200
24276  -0.055000
24277  -0.054400
24278  -0.053100
24279  -0.049000
24280  -0.051200
24281  -0.039500
24282  -0.033400
24283  -0.036800
24284  -0.036200
24285  -0.037900
24286  -0.040100
24287  -0.033500
24288  -0.039900
24289  -0.046700
24290  -0.043600
24291  -0.049600
24292  -0.047500
24293  -0.045000
24294  -0.045900
24295  -0.041400
24296  -0.046900
24297  -0.048500
24298  -0.041700
24299  -0.041500
24300  -0.042500
24301  -0.040900
24302  -0.049200
24303  -0.044400
24304  -0.051200
24305  -0.054700
24306  -0.047400
24307  -0.049600
24308  -0.051400
24309  -0.055800
24310  -0.059300
24311  -0.057600
24312  -0.052500
24313  -0.049800
24314  -0.050400
24315  -0.047200
24316  -0.044900
24317  -0.042200
24318  -0.042700
24319  -0.037500
24320  -0.037600
24321  -0.035500
24322  -0.033300
24323  -0.032900
24324  -0.036400
24325  -0.039300
24326  -0.037800
24327  -0.029400
24328  -0.030900
24329  -0.032200
24330  -0.033700
24331  -0.035000
24332  -0.027300
24333  -0.025200
24334  -0.021300
24335  -0.026000
24336  -0.026600
24337  -0.026300
24338  -0.026300
24339  -0.015600
24340  -0.014800
24341  -0.009900
24342  -0.012700
24343  -0.005800
24344  -0.003900
24345   0.005000
24346   0.005100
24347   0.008200
24348   0.011500
24349   0.009700
24350   0.015000
24351   0.014200
24352   0.011200
24353   0.016100
24354   0.014900
24355   0.020000
24356   0.022800
24357   0.021800
24358   0.024800
24359   0.027100
24360   0.024700
24361   0.028600
24362   0.028900
24363   0.027600
24364   0.032300
24365   0.034200
24366   0.038400
24367   0.034600
24368   0.039900
24369   0.034900
24370   0.035700
24371   0.032900
24372   0.033100
24373   0.031800
24374   0.037100
24375   0.044500
24376   0.047400
24377   0.042900
24378   0.041100
24379   0.042800
24380   0.043400
24381   0.041200
24382   0.038200
24383   0.036800
24384   0.039800
24385   0.039900
24386   0.039600
24387   0.040100
24388   0.038900
24389   0.035600
24390   0.039200
24391   0.039200
24392   0.033200
24393   0.036200
24394   0.035800
24395   0.034400
24396   0.026000
24397   0.030400
24398   0.036000
24399   0.031400
24400   0.032400
24401   0.031700
24402   0.030800
24403   0.029400
24404   0.026500
24405   0.036400
24406   0.043400
24407   0.047300
24408   0.045500
24409   0.044200
24410   0.040700
24411   0.040200
24412   0.039900
24413   0.037700
24414   0.031900
24415   0.026800
24416   0.030800
24417   0.026000
24418   0.025000
24419   0.026800
24420   0.027000
24421   0.026700
24422   0.028100
24423   0.027500
24424   0.029400
24425   0.029800
24426   0.031900
24427   0.037400
24428   0.039500
24429   0.037700
24430   0.035900
24431   0.037700
24432   0.036500
24433   0.036700
24434   0.044900
24435   0.045900
24436   0.050700
24437   0.049100
24438   0.049400
24439   0.058300
24440   0.060200
24441   0.067000
24442   0.066200
24443   0.066100
24444   0.064500
24445   0.069300
24446   0.065900
24447   0.065600
24448   0.067700
24449   0.064600
24450   0.063800
24451   0.069700
24452   0.079100
24453   0.070600
24454   0.071400
24455   0.069700
24456   0.070300
24457   0.069100
24458   0.063800
24459   0.064700
24460   0.064900
24461   0.062900
24462   0.068000
24463   0.075600
24464   0.077600
24465   0.077400
24466   0.082300
24467   0.077300
24468   0.074700
24469   0.069700
24470   0.063600
24471   0.068600
24472   0.066900
24473   0.072900
24474   0.068500
24475   0.063800
24476   0.066300
24477   0.070100
24478   0.071300
24479   0.072400
24480   0.068700
24481   0.063100
24482   0.067900
24483   0.072000
24484   0.067900
24485   0.066200
24486   0.063500
24487   0.070000
24488   0.063200
24489   0.061800
24490   0.060300
24491   0.061100
24492   0.062600
24493   0.065100
24494   0.061800
24495   0.062400
24496   0.064700
24497   0.064200
24498   0.064500
24499   0.058900
24500   0.056400
24501   0.060500
24502   0.064200
24503   0.070500
24504   0.069800
24505   0.071700
24506   0.072800
24507   0.073000
24508   0.071700
24509   0.067600
24510   0.067800
24511   0.074700
24512   0.074000
24513   0.073500
24514   0.078900
24515   0.081400
24516   0.079400
24517   0.074900
24518   0.075700
24519   0.071800
24520   0.077200
24521   0.079800
24522   0.076700
24523   0.075100
24524   0.074500
24525   0.069200
24526   0.067300
24527   0.068100
24528   0.064100
24529   0.061400
24530   0.055500
24531   0.051400
24532   0.051700
24533   0.051500
24534   0.047000
24535   0.049400
24536   0.047900
24537   0.044800
24538   0.046800
24539   0.048900
24540   0.046200
24541   0.045400
24542   0.049900
24543   0.047600
24544   0.048100
24545   0.046600
24546   0.044400
24547   0.041100
24548   0.035400
24549   0.035200
24550   0.031700
24551   0.032800
24552   0.028900
24553   0.026700
24554   0.028500
24555   0.025900
24556   0.031400
24557   0.028600
24558   0.027800
24559   0.023900
24560   0.023400
24561   0.029900
24562   0.027800
24563   0.023500
24564   0.021800
24565   0.016200
24566   0.016900
24567   0.022200
24568   0.020500
24569   0.028800
24570   0.018900
24571   0.018300
24572   0.008500
24573   0.008500
24574   0.006800
24575   0.009700
24576   0.009100
24577   0.008100
24578   0.013700
24579   0.011700
24580   0.012200
24581   0.016200
24582   0.012400
24583   0.009100
24584   0.011200
24585   0.011700
24586   0.008900
24587   0.010400
24588   0.010300
24589   0.021800
24590   0.018600
24591   0.011000
24592   0.009100
24593   0.002900
24594   0.010300
24595   0.013500
24596   0.017600
24597   0.018200
24598   0.022200
24599   0.023100
24600   0.024100
24601   0.025100
24602   0.016100
24603   0.018500
24604   0.017900
24605   0.020000
24606   0.013000
24607   0.013100
24608   0.016100
24609   0.012100
24610   0.008900
24611   0.009800
24612   0.010400
24613   0.013500
24614   0.003200
24615   0.003500
24616   0.007600
24617   0.013200
24618   0.008300
24619   0.010900
24620   0.009600
24621   0.003500
24622   0.000500
24623  -0.004100
24624   0.001000
24625   0.001000
24626   0.003000
24627   0.006200
24628   0.001900
24629   0.002100
24630   0.003100
24631   0.006000
24632   0.004000
24633   0.004300
24634   0.003300
24635   0.004900
24636   0.001400
24637  -0.000300
24638   0.006700
24639   0.003600
24640  -0.000200
24641   0.007700
24642   0.010200
24643   0.008300
24644   0.015000
24645   0.012100
24646   0.015100
24647   0.011300
24648   0.021600
24649   0.023200
24650   0.023000
24651   0.018800
24652   0.022500
24653   0.025900
24654   0.023800
24655   0.020300
24656   0.021200
24657   0.024700
24658   0.026300
24659   0.023300
24660   0.028400
24661   0.031100
24662   0.028700
24663   0.027200
24664   0.027100
24665   0.026100
24666   0.026400
24667   0.024400
24668   0.026000
24669   0.024000
24670   0.024500
24671   0.026100
24672   0.029900
24673   0.030700
24674   0.027000
24675   0.029900
24676   0.035200
24677   0.039800
24678   0.041300
24679   0.035200
24680   0.026300
24681   0.026100
24682   0.023100
24683   0.020700
24684   0.025200
24685   0.022300
24686   0.022800
24687   0.021300
24688   0.025600
24689   0.021900
24690   0.021400
24691   0.019400
24692   0.028300
24693   0.027400
24694   0.024600
24695   0.029900
24696   0.031000
24697   0.030900
24698   0.032600
24699   0.035100
24700   0.027400
24701   0.030300
24702   0.031900
24703   0.034600
24704   0.026600
24705   0.023900
24706   0.027200
24707   0.029100
24708   0.038500
24709   0.037400
24710   0.037100
24711   0.037800
24712   0.038100
24713   0.037100
24714   0.038300
24715   0.041700
24716   0.035400
24717   0.036000
24718   0.035600
24719   0.040000
24720   0.045400
24721   0.048400
24722   0.056100
24723   0.050900
24724   0.045700
24725   0.045700
24726   0.051800
24727   0.049700
24728   0.054200
24729   0.054000
24730   0.063100
24731   0.064900
24732   0.064200
24733   0.062400
24734   0.062500
24735   0.062500
24736   0.065100
24737   0.069000
24738   0.069600
24739   0.063600
24740   0.059600
24741   0.060000
24742   0.057900
24743   0.056700
24744   0.052200
24745   0.054500
24746   0.060400
24747   0.056000
24748   0.053900
24749   0.053300
24750   0.053700
24751   0.054200
24752   0.051500
24753   0.058600
24754   0.056100
24755   0.053300
24756   0.051100
24757   0.051900
24758   0.048600
24759   0.048800
24760   0.046600
24761   0.052100
24762   0.048600
24763   0.050700
24764   0.056300
24765   0.053300
24766   0.057100
24767   0.051500
24768   0.054400
24769   0.051300
24770   0.051400
24771   0.058600
24772   0.060400
24773   0.053400
24774   0.050200
24775   0.054300
24776   0.057200
24777   0.058200
24778   0.058900
24779   0.055000
24780   0.052000
24781   0.055600
24782   0.050400
24783   0.057100
24784   0.061500
24785   0.064300
24786   0.065600
24787   0.064100
24788   0.070600
24789   0.067900
24790   0.070600
24791   0.071000
24792   0.072200
24793   0.069700
24794   0.073900
24795   0.077700
24796   0.078800
24797   0.077700
24798   0.079500
24799   0.084300
24800   0.084900
24801   0.085200
24802   0.086300
24803   0.086100
24804   0.086600
24805   0.084800
24806   0.081300
24807   0.084700
24808   0.087400
24809   0.087900
24810   0.088600
24811   0.095500
24812   0.096200
24813   0.096100
24814   0.098300
24815   0.101900
24816   0.091000
24817   0.092400
24818   0.094700
24819   0.100000
24820   0.102600
24821   0.103000
24822   0.103400
24823   0.101700
24824   0.106800
24825   0.110600
24826   0.114600
24827   0.113300
24828   0.110500
24829   0.114700
24830   0.115700
24831   0.116800
24832   0.112000
24833   0.114800
24834   0.113100
24835   0.109000
24836   0.102900
24837   0.110800
24838   0.112600
24839   0.111700
24840   0.110100
24841   0.114300
24842   0.110200
24843   0.108200
24844   0.104700
24845   0.098900
24846   0.103600
24847   0.100200
24848   0.096100
24849   0.091000
24850   0.093500
24851   0.093800
24852   0.085800
24853   0.080800
24854   0.084500
24855   0.088600
24856   0.089200
24857   0.090700
24858   0.083400
24859   0.075400
24860   0.076700
24861   0.077600
24862   0.086900
24863   0.094400
24864   0.095400
24865   0.090200
24866   0.092700
24867   0.094100
24868   0.089400
24869   0.090400
24870   0.093600
24871   0.097200
24872   0.095600
24873   0.098900
24874   0.095600
24875   0.095800
24876   0.092100
24877   0.092900
24878   0.097300
24879   0.100400
24880   0.102900
24881   0.101300
24882   0.095600
24883   0.096700
24884   0.099100
24885   0.105500
24886   0.104000
24887   0.101100
24888   0.098700
24889   0.099000
24890   0.097400
24891   0.094700
24892   0.099800
24893   0.099800
24894   0.102800
24895   0.107300
24896   0.109200
24897   0.114400
24898   0.114400
24899   0.108500
24900   0.110800
24901   0.111100
24902   0.111500
24903   0.103200
24904   0.109700
24905   0.106500
24906   0.105500
24907   0.099800
24908   0.096800
24909   0.095300
24910   0.099200
24911   0.093600
24912   0.088000
24913   0.088800
24914   0.083100
24915   0.095500
24916   0.091500
24917   0.088100
24918   0.081100
24919   0.075100
24920   0.076000
24921   0.077600
24922   0.079800
24923   0.080500
24924   0.085300
24925   0.087700
24926   0.088200
24927   0.088600
24928   0.091700
24929   0.090500
24930   0.084500
24931   0.083000
24932   0.079900
24933   0.081700
24934   0.077200
24935   0.073800
24936   0.078900
24937   0.077900
24938   0.074900
24939   0.073500
24940   0.061300
24941   0.067400
24942   0.070400
24943   0.067800
24944   0.072100
24945   0.084300
24946   0.087300
24947   0.085500
24948   0.084600
24949   0.087800
24950   0.089400
24951   0.084300
24952   0.085200
24953   0.087000
24954   0.087900
24955   0.079500
24956   0.081300
24957   0.079300
24958   0.075300
24959   0.070200
24960   0.074200
24961   0.078200
24962   0.080600
24963   0.089100
24964   0.088300
24965   0.087700
24966   0.086900
24967   0.088000
24968   0.088800
24969   0.084900
24970   0.086400
24971   0.084800
24972   0.084500
24973   0.085800
24974   0.084600
24975   0.080400
24976   0.082100
24977   0.089600
24978   0.095300
24979   0.095600
24980   0.099000
24981   0.100300
24982   0.103200
24983   0.105600
24984   0.106000
24985   0.101600
24986   0.109000
24987   0.107600
24988   0.101700
24989   0.101200
24990   0.102000
24991   0.096700
24992   0.098900
24993   0.098800
24994   0.093200
24995   0.098200
24996   0.098100
24997   0.100400
24998   0.096600
24999   0.100700
25000   0.100800
25001   0.104800
25002   0.104300
25003   0.106100
25004   0.110600
25005   0.116100
25006   0.110400
25007   0.116200
25008   0.119300
25009   0.118700
25010   0.113000
25011   0.109200
25012   0.111000
25013   0.114000
25014   0.113200
25015   0.116400
25016   0.117800
25017   0.117900
25018   0.121500
25019   0.112300
25020   0.111900
25021   0.106400
25022   0.102400
25023   0.107900
25024   0.105000
25025   0.099200
25026   0.091400
25027   0.098800
25028   0.104200
25029   0.103100
25030   0.102800
25031   0.103800
25032   0.105800
25033   0.099100
25034   0.103800
25035   0.098800
25036   0.097700
25037   0.098200
25038   0.099200
25039   0.100800
25040   0.098800
25041   0.094600
25042   0.088200
25043   0.095000
25044   0.098000
25045   0.092200
25046   0.092700
25047   0.091700
25048   0.090400
25049   0.094800
25050   0.098100
25051   0.092400
25052   0.091200
25053   0.096900
25054   0.102600
25055   0.097400
25056   0.100300
25057   0.099000
25058   0.101300
25059   0.110700
25060   0.107000
25061   0.109900
25062   0.107500
25063   0.105300
25064   0.108700
25065   0.102200
25066   0.103600
25067   0.096600
25068   0.103200
25069   0.104300
25070   0.108600
25071   0.109800
25072   0.103700
25073   0.106000
25074   0.106000
25075   0.114700
25076   0.113400
25077   0.115700
25078   0.119500
25079   0.114900
25080   0.116200
25081   0.118400
25082   0.117800
25083   0.125500
25084   0.123000
25085   0.117900
25086   0.120700
25087   0.122700
25088   0.125200
25089   0.127200
25090   0.130000
25091   0.127900
25092   0.131800
25093   0.129200
25094   0.123600
25095   0.125100
25096   0.116900
25097   0.116800
25098   0.118800
25099   0.117400
25100   0.120800
25101   0.119900
25102   0.118800
25103   0.112600
25104   0.110200
25105   0.113600
25106   0.118900
25107   0.118300
25108   0.115100
25109   0.114200
25110   0.117200
25111   0.121000
25112   0.113100
25113   0.104400
25114   0.105700
25115   0.110100
25116   0.108400
25117   0.107300
25118   0.110900
25119   0.106000
25120   0.104700
25121   0.100500
25122   0.095100
25123   0.091600
25124   0.091400
25125   0.089300
25126   0.088400
25127   0.089300
25128   0.090100
25129   0.088000
25130   0.082100
25131   0.081400
25132   0.084400
25133   0.090900
25134   0.089800
25135   0.086300
25136   0.088300
25137   0.079000
25138   0.078000
25139   0.079600
25140   0.082400
25141   0.080800
25142   0.081800
25143   0.078900
25144   0.083100
25145   0.083200
25146   0.086600
25147   0.087600
25148   0.084100
25149   0.082900
25150   0.085400
25151   0.078900
25152   0.081800
25153   0.079100
25154   0.076000
25155   0.076600
25156   0.075600
25157   0.077500
25158   0.078900
25159   0.080600
25160   0.082100
25161   0.085800
25162   0.089900
25163   0.082100
25164   0.087400
25165   0.088500
25166   0.086600
25167   0.092900
25168   0.097500
25169   0.102200
25170   0.102500
25171   0.103500
25172   0.098200
25173   0.094800
25174   0.092900
25175   0.091200
25176   0.091300
25177   0.087000
25178   0.089800
25179   0.089400
25180   0.091800
25181   0.091400
25182   0.091000
25183   0.088300
25184   0.085400
25185   0.081200
25186   0.084900
25187   0.090000
25188   0.089800
25189   0.088400
25190   0.088000
25191   0.084800
25192   0.082200
25193   0.084400
25194   0.092500
25195   0.089200
25196   0.089500
25197   0.095200
25198   0.089700
25199   0.087400
25200   0.091900
25201   0.092300
25202   0.098500
25203   0.102400
25204   0.097900
25205   0.100000
25206   0.102800
25207   0.099600
25208   0.106100
25209   0.103600
25210   0.098400
25211   0.090700
25212   0.096700
25213   0.101600
25214   0.098900
25215   0.093100
25216   0.089700
25217   0.090000
25218   0.091600
25219   0.090300
25220   0.093000
25221   0.096800
25222   0.094600
25223   0.100200
25224   0.106300
25225   0.102300
25226   0.099000
25227   0.095900
25228   0.100400
25229   0.095000
25230   0.093800
25231   0.094100
25232   0.086600
25233   0.084300
25234   0.076200
25235   0.074100
25236   0.077100
25237   0.080400
25238   0.089600
25239   0.090800
25240   0.084000
25241   0.085300
25242   0.084200
25243   0.088400
25244   0.084000
25245   0.083100
25246   0.084500
25247   0.083900
25248   0.089600
25249   0.092900
25250   0.096300
25251   0.099100
25252   0.094600
25253   0.096400
25254   0.096500
25255   0.096100
25256   0.090700
25257   0.087200
25258   0.089300
25259   0.089000
25260   0.097300
25261   0.102700
25262   0.103700
25263   0.098600
25264   0.100600
25265   0.092400
25266   0.093000
25267   0.093400
25268   0.090800
25269   0.084600
25270   0.082700
25271   0.092100
25272   0.095800
25273   0.104800
25274   0.109000
25275   0.105300
25276   0.098500
25277   0.102500
25278   0.105000
25279   0.106300
25280   0.104000
25281   0.107100
25282   0.108400
25283   0.107500
25284   0.106200
25285   0.101200
25286   0.100100
25287   0.099900
25288   0.094500
25289   0.094700
25290   0.099000
25291   0.105500
25292   0.105000
25293   0.106100
25294   0.107800
25295   0.118100
25296   0.112600
25297   0.111600
25298   0.113900
25299   0.114900
25300   0.122400
25301   0.119000
25302   0.116600
25303   0.118900
25304   0.115100
25305   0.111000
25306   0.118800
25307   0.120400
25308   0.122500
25309   0.124400
25310   0.117800
25311   0.118200
25312   0.117100
25313   0.120500
25314   0.116600
25315   0.122600
25316   0.119900
25317   0.114600
25318   0.110500
25319   0.108800
25320   0.113300
25321   0.106600
25322   0.108100
25323   0.107200
25324   0.110400
25325   0.108400
25326   0.103900
25327   0.113100
25328   0.110900
25329   0.116800
25330   0.122700
25331   0.127700
25332   0.123000
25333   0.120700
25334   0.124000
25335   0.124700
25336   0.126600
25337   0.128800
25338   0.127500
25339   0.131700
25340   0.127900
25341   0.124200
25342   0.116000
25343   0.117500
25344   0.117900
25345   0.118500
25346   0.123000
25347   0.117200
25348   0.115100
25349   0.116000
25350   0.117400
25351   0.118700
25352   0.116600
25353   0.117600
25354   0.121500
25355   0.122800
25356   0.121400
25357   0.122500
25358   0.123900
25359   0.122100
25360   0.123500
25361   0.127700
25362   0.126900
25363   0.119800
25364   0.115700
25365   0.112700
25366   0.118000
25367   0.118200
25368   0.118800
25369   0.119900
25370   0.122500
25371   0.125700
25372   0.124100
25373   0.125400
25374   0.132900
25375   0.131000
25376   0.125100
25377   0.126000
25378   0.118800
25379   0.113300
25380   0.106400
25381   0.107800
25382   0.109800
25383   0.110200
25384   0.105100
25385   0.100200
25386   0.093900
25387   0.095100
25388   0.096100
25389   0.096500
25390   0.097800
25391   0.097200
25392   0.094900
25393   0.089900
25394   0.097400
25395   0.095600
25396   0.093400
25397   0.090500
25398   0.088300
25399   0.092100
25400   0.090200
25401   0.091400
25402   0.090500
25403   0.089500
25404   0.092100
25405   0.093200
25406   0.094200
25407   0.097300
25408   0.096900
25409   0.100500
25410   0.097600
25411   0.099800
25412   0.103300
25413   0.100200
25414   0.105500
25415   0.099700
25416   0.110700
25417   0.109500
25418   0.109100
25419   0.111700
25420   0.116600
25421   0.115300
25422   0.115000
25423   0.118100
25424   0.110200
25425   0.105700
25426   0.107300
25427   0.101900
25428   0.101100
25429   0.099800
25430   0.104200
25431   0.101100
25432   0.099600
25433   0.100600
25434   0.096300
25435   0.098000
25436   0.100500
25437   0.103100
25438   0.101300
25439   0.096300
25440   0.091400
25441   0.089500
25442   0.088200
25443   0.087100
25444   0.083900
25445   0.084600
25446   0.084800
25447   0.077200
25448   0.078800
25449   0.078400
25450   0.081200
25451   0.077600
25452   0.085400
25453   0.080400
25454   0.079400
25455   0.075000
25456   0.078100
25457   0.082500
25458   0.077300
25459   0.069100
25460   0.064300
25461   0.062600
25462   0.064300
25463   0.064200
25464   0.067500
25465   0.069400
25466   0.074600
25467   0.075800
25468   0.072800
25469   0.065100
25470   0.058400
25471   0.059500
25472   0.063000
25473   0.059800
25474   0.057000
25475   0.065100
25476   0.065700
25477   0.058200
25478   0.060100
25479   0.067800
25480   0.064400
25481   0.066300
25482   0.062200
25483   0.065500
25484   0.063700
25485   0.066800
25486   0.065000
25487   0.060200
25488   0.063300
25489   0.063600
25490   0.069500
25491   0.079000
25492   0.085300
25493   0.081100
25494   0.077700
25495   0.075800
25496   0.075000
25497   0.069800
25498   0.067600
25499   0.066900
25500   0.068700
25501   0.065700
25502   0.061600
25503   0.059600
25504   0.060700
25505   0.060600
25506   0.053400
25507   0.061500
25508   0.060500
25509   0.061900
25510   0.063200
25511   0.062300
25512   0.064600
25513   0.064400
25514   0.064800
25515   0.064700
25516   0.067500
25517   0.078000
25518   0.078600
25519   0.080500
25520   0.079400
25521   0.073800
25522   0.072100
25523   0.067500
25524   0.062400
25525   0.059700
25526   0.062700
25527   0.062700
25528   0.063100
25529   0.063200
25530   0.060300
25531   0.058700
25532   0.064100
25533   0.063600
25534   0.067200
25535   0.066200
25536   0.076300
25537   0.074600
25538   0.076100
25539   0.077100
25540   0.079400
25541   0.081500
25542   0.085500
25543   0.091600
25544   0.091200
25545   0.093500
25546   0.092000
25547   0.091000
25548   0.089000
25549   0.088100
25550   0.082500
25551   0.078800
25552   0.070900
25553   0.065800
25554   0.061500
25555   0.057400
25556   0.057600
25557   0.057100
25558   0.061600
25559   0.059500
25560   0.066500
25561   0.068700
25562   0.066000
25563   0.068000
25564   0.064000
25565   0.066000
25566   0.061200
25567   0.059700
25568   0.057000
25569   0.051100
25570   0.051100
25571   0.049500
25572   0.048700
25573   0.048900
25574   0.051100
25575   0.045700
25576   0.051700
25577   0.049000
25578   0.048800
25579   0.049800
25580   0.049800
25581   0.044500
25582   0.044300
25583   0.043200
25584   0.048000
25585   0.042500
25586   0.044400
25587   0.037100
25588   0.032700
25589   0.028100
25590   0.032700
25591   0.034400
25592   0.032400
25593   0.032900
25594   0.030500
25595   0.022500
25596   0.021100
25597   0.025600
25598   0.029800
25599   0.030900
25600   0.029900
25601   0.029200
25602   0.034400
25603   0.039800
25604   0.042300
25605   0.045400
25606   0.047300
25607   0.041900
25608   0.045400
25609   0.042700
25610   0.040900
25611   0.039800
25612   0.036700
25613   0.038000
25614   0.033000
25615   0.033500
25616   0.038300
25617   0.032800
25618   0.034200
25619   0.038000
25620   0.038700
25621   0.037200
25622   0.035500
25623   0.036100
25624   0.030600
25625   0.031400
25626   0.031400
25627   0.039000
25628   0.034800
25629   0.040300
25630   0.040100
25631   0.044300
25632   0.045700
25633   0.046000
25634   0.048100
25635   0.046500
25636   0.046200
25637   0.049200
25638   0.053800
25639   0.055200
25640   0.063100
25641   0.060400
25642   0.059700
25643   0.059500
25644   0.064300
25645   0.067800
25646   0.067600
25647   0.068500
25648   0.069500
25649   0.066000
25650   0.069500
25651   0.071300
25652   0.074000
25653   0.073500
25654   0.077800
25655   0.078700
25656   0.079600
25657   0.078500
25658   0.079300
25659   0.077200
25660   0.084500
25661   0.083100
25662   0.085300
25663   0.078000
25664   0.081700
25665   0.082700
25666   0.080100
25667   0.075900
25668   0.072200
25669   0.075400
25670   0.068600
25671   0.068500
25672   0.069000
25673   0.069800
25674   0.076400
25675   0.076100
25676   0.082600
25677   0.081400
25678   0.084600
25679   0.089500
25680   0.083300
25681   0.075100
25682   0.082400
25683   0.077200
25684   0.076200
25685   0.071100
25686   0.082800
25687   0.087700
25688   0.097500
25689   0.100200
25690   0.093900
25691   0.094400
25692   0.094200
25693   0.099400
25694   0.101500
25695   0.099300
25696   0.102000
25697   0.095400
25698   0.094000
25699   0.097700
25700   0.103600
25701   0.101600
25702   0.104700
25703   0.107300
25704   0.110000
25705   0.108000
25706   0.111700
25707   0.114600
25708   0.117200
25709   0.119500
25710   0.123500
25711   0.122500
25712   0.122600
25713   0.129700
25714   0.134000
25715   0.132000
25716   0.135700
25717   0.135800
25718   0.135700
25719   0.133300
25720   0.135900
25721   0.136200
25722   0.133600
25723   0.129300
25724   0.127800
25725   0.131800
25726   0.126100
25727   0.120300
25728   0.121900
25729   0.123500
25730   0.121300
25731   0.124100
25732   0.123700
25733   0.124500
25734   0.122900
25735   0.120900
25736   0.112900
25737   0.111600
25738   0.117400
25739   0.113300
25740   0.110200
25741   0.109300
25742   0.111400
25743   0.109600
25744   0.111000
25745   0.110500
25746   0.113400
25747   0.111400
25748   0.114600
25749   0.109500
25750   0.117600
25751   0.111600
25752   0.108400
25753   0.102100
25754   0.100400
25755   0.104000
25756   0.104300
25757   0.100100
25758   0.097600
25759   0.099500
25760   0.099100
25761   0.103300
25762   0.107400
25763   0.104300
25764   0.097500
25765   0.095500
25766   0.095600
25767   0.098000
25768   0.099400
25769   0.091300
25770   0.091500
25771   0.091900
25772   0.086400
25773   0.084200
25774   0.088900
25775   0.086000
25776   0.082000
25777   0.084000
25778   0.082500
25779   0.077500
25780   0.065800
25781   0.064400
25782   0.061000
25783   0.061200
25784   0.060100
25785   0.062500
25786   0.063700
25787   0.061300
25788   0.054700
25789   0.063200
25790   0.058900
25791   0.062900
25792   0.055500
25793   0.056400
25794   0.061600
25795   0.065700
25796   0.069900
25797   0.071300
25798   0.071600
25799   0.067800
25800   0.069400
25801   0.068000
25802   0.070100
25803   0.061800
25804   0.063700
25805   0.064000
25806   0.058100
25807   0.059900
25808   0.057900
25809   0.055000
25810   0.053100
25811   0.058000
25812   0.064900
25813   0.063500
25814   0.068100
25815   0.068100
25816   0.068000
25817   0.068500
25818   0.070000
25819   0.073600
25820   0.064700
25821   0.065800
25822   0.066400
25823   0.064700
25824   0.067700
25825   0.067300
25826   0.060800
25827   0.064700
25828   0.068000
25829   0.072400
25830   0.080300
25831   0.087200
25832   0.091600
25833   0.095600
25834   0.096900
25835   0.101300
25836   0.102000
25837   0.103200
25838   0.099100
25839   0.101200
25840   0.099000
25841   0.099800
25842   0.096500
25843   0.098300
25844   0.095500
25845   0.099400
25846   0.092800
25847   0.101400
25848   0.097900
25849   0.094400
25850   0.095000
25851   0.089900
25852   0.090600
25853   0.092100
25854   0.100200
25855   0.090700
25856   0.092300
25857   0.094500
25858   0.093400
25859   0.089900
25860   0.081800
25861   0.080400
25862   0.083400
25863   0.079900
25864   0.073000
25865   0.071000
25866   0.073500
25867   0.073100
25868   0.071300
25869   0.069300
25870   0.074500
25871   0.075700
25872   0.078200
25873   0.070000
25874   0.062900
25875   0.057400
25876   0.056500
25877   0.056700
25878   0.061300
25879   0.061000
25880   0.063600
25881   0.069200
25882   0.065700
25883   0.070800
25884   0.070400
25885   0.061800
25886   0.058400
25887   0.059500
25888   0.059900
25889   0.053400
25890   0.054800
25891   0.048000
25892   0.043800
25893   0.043900
25894   0.045700
25895   0.050200
25896   0.048600
25897   0.050200
25898   0.045400
25899   0.049100
25900   0.051100
25901   0.052700
25902   0.049300
25903   0.049700
25904   0.049400
25905   0.058000
25906   0.056000
25907   0.056700
25908   0.051400
25909   0.053000
25910   0.052500
25911   0.054600
25912   0.049100
25913   0.053600
25914   0.056900
25915   0.056400
25916   0.054700
25917   0.060300
25918   0.056900
25919   0.061300
25920   0.063500
25921   0.068200
25922   0.067800
25923   0.066100
25924   0.061900
25925   0.061300
25926   0.067400
25927   0.063300
25928   0.067400
25929   0.064100
25930   0.061500
25931   0.062100
25932   0.057800
25933   0.058700
25934   0.052800
25935   0.048300
25936   0.039000
25937   0.036100
25938   0.026800
25939   0.031000
25940   0.031800
25941   0.034400
25942   0.034300
25943   0.031700
25944   0.027500
25945   0.026000
25946   0.021000
25947   0.021500
25948   0.020200
25949   0.020600
25950   0.023100
25951   0.022400
25952   0.024300
25953   0.021300
25954   0.020100
25955   0.026800
25956   0.023300
25957   0.019800
25958   0.018700
25959   0.019600
25960   0.018600
25961   0.023300
25962   0.017900
25963   0.018100
25964   0.020400
25965   0.019700
25966   0.023500
25967   0.024900
25968   0.023000
25969   0.020600
25970   0.017500
25971   0.018600
25972   0.023600
25973   0.028200
25974   0.028800
25975   0.031100
25976   0.031200
25977   0.027500
25978   0.025000
25979   0.026200
25980   0.023400
25981   0.026000
25982   0.023600
25983   0.022200
25984   0.021400
25985   0.021400
25986   0.021400
25987   0.019700
25988   0.017100
25989   0.014800
25990   0.016900
25991   0.016700
25992   0.018200
25993   0.020700
25994   0.020900
25995   0.027400
25996   0.034100
25997   0.029800
25998   0.033800
25999   0.041500
26000   0.045200
26001   0.040300
26002   0.043900
26003   0.041700
26004   0.042500
26005   0.036600
26006   0.035100
26007   0.034500
26008   0.030900
26009   0.030600
26010   0.025600
26011   0.022800
26012   0.020800
26013   0.020000
26014   0.021800
26015   0.017900
26016   0.019700
26017   0.023600
26018   0.020100
26019   0.017700
26020   0.015900
26021   0.020400
26022   0.021000
26023   0.026100
26024   0.025000
26025   0.027000
26026   0.022600
26027   0.021100
26028   0.027800
26029   0.027300
26030   0.031100
26031   0.026400
26032   0.032300
26033   0.033900
26034   0.035300
26035   0.031000
26036   0.030700
26037   0.040300
26038   0.033900
26039   0.022000
26040   0.025800
26041   0.022600
26042   0.022400
26043   0.017300
26044   0.017900
26045   0.027200
26046   0.030300
26047   0.028600
26048   0.031100
26049   0.027400
26050   0.031100
26051   0.031500
26052   0.033200
26053   0.030400
26054   0.029800
26055   0.026600
26056   0.030900
26057   0.026300
26058   0.027000
26059   0.022800
26060   0.028300
26061   0.029600
26062   0.024500
26063   0.024800
26064   0.027000
26065   0.028600
26066   0.024700
26067   0.027800
26068   0.034300
26069   0.035200
26070   0.034000
26071   0.039600
26072   0.042300
26073   0.044200
26074   0.043200
26075   0.035000
26076   0.031400
26077   0.028800
26078   0.030200
26079   0.023000
26080   0.020600
26081   0.015000
26082   0.016300
26083   0.016400
26084   0.020900
26085   0.015200
26086   0.018500
26087   0.019700
26088   0.018500
26089   0.017400
26090   0.021900
26091   0.016200
26092   0.024100
26093   0.016900
26094   0.013000
26095   0.015900
26096   0.021000
26097   0.029100
26098   0.020800
26099   0.018700
26100   0.025400
26101   0.025900
26102   0.031200
26103   0.030500
26104   0.029900
26105   0.033900
26106   0.025200
26107   0.022500
26108   0.019600
26109   0.017600
26110   0.020000
26111   0.018400
26112   0.009400
26113   0.008400
26114   0.008700
26115   0.016700
26116   0.015800
26117   0.013600
26118   0.017000
26119   0.016200
26120   0.015700
26121   0.017500
26122   0.015800
26123   0.019000
26124   0.019100
26125   0.022400
26126   0.022400
26127   0.022600
26128   0.016200
26129   0.015900
26130   0.012300
26131   0.013600
26132   0.014700
26133   0.006400
26134   0.010700
26135   0.005200
26136   0.007800
26137   0.007200
26138   0.001800
26139   0.001700
26140  -0.002800
26141  -0.005400
26142  -0.006000
26143  -0.003200
26144  -0.002200
26145  -0.005500
26146  -0.006300
26147  -0.005800
26148  -0.010200
26149  -0.004600
26150  -0.008500
26151  -0.012900
26152  -0.019400
26153  -0.018500
26154  -0.017200
26155  -0.010000
26156  -0.007000
26157  -0.009800
26158  -0.006900
26159  -0.008800
26160  -0.007200
26161  -0.005600
26162  -0.004700
26163  -0.002900
26164  -0.005300
26165  -0.008800
26166  -0.008900
26167  -0.006200
26168  -0.015000
26169  -0.018900
26170  -0.018200
26171  -0.017700
26172  -0.021000
26173  -0.029400
26174  -0.030000
26175  -0.025300
26176  -0.025300
26177  -0.027800
26178  -0.026800
26179  -0.028500
26180  -0.028500
26181  -0.032200
26182  -0.033200
26183  -0.031500
26184  -0.036100
26185  -0.033400
26186  -0.024800
26187  -0.019200
26188  -0.023000
26189  -0.020600
26190  -0.019100
26191  -0.017700
26192  -0.018400
26193  -0.019700
26194  -0.027900
26195  -0.023800
26196  -0.022200
26197  -0.022900
26198  -0.024600
26199  -0.023900
26200  -0.022700
26201  -0.023900
26202  -0.022100
26203  -0.019100
26204  -0.017500
26205  -0.021900
26206  -0.021300
26207  -0.019000
26208  -0.017500
26209  -0.019000
26210  -0.024400
26211  -0.031900
26212  -0.033800
26213  -0.035400
26214  -0.036700
26215  -0.035100
26216  -0.036100
26217  -0.035800
26218  -0.035700
26219  -0.037500
26220  -0.038400
26221  -0.040000
26222  -0.041800
26223  -0.042100
26224  -0.041500
26225  -0.045400
26226  -0.044300
26227  -0.036700
26228  -0.034700
26229  -0.033300
26230  -0.034000
26231  -0.029500
26232  -0.029700
26233  -0.030600
26234  -0.026700
26235  -0.035700
26236  -0.032100
26237  -0.030600
26238  -0.028100
26239  -0.028200
26240  -0.030300
26241  -0.031700
26242  -0.025400
26243  -0.029300
26244  -0.037100
26245  -0.040200
26246  -0.047900
26247  -0.045400
26248  -0.044300
26249  -0.042000
26250  -0.042500
26251  -0.041200
26252  -0.038200
26253  -0.040100
26254  -0.043000
26255  -0.036800
26256  -0.036000
26257  -0.033200
26258  -0.027400
26259  -0.025700
26260  -0.020500
26261  -0.021500
26262  -0.029200
26263  -0.027800
26264  -0.030900
26265  -0.030500
26266  -0.038200
26267  -0.037000
26268  -0.036600
26269  -0.030700
26270  -0.025600
26271  -0.028600
26272  -0.021200
26273  -0.017600
26274  -0.014600
26275  -0.019000
26276  -0.011400
26277  -0.013200
26278  -0.015200
26279  -0.020500
26280  -0.019100
26281  -0.020600
26282  -0.021700
26283  -0.023000
26284  -0.020800
26285  -0.023800
26286  -0.018900
26287  -0.028900
26288  -0.026700
26289  -0.030300
26290  -0.028200
26291  -0.031800
26292  -0.028500
26293  -0.029800
26294  -0.024000
26295  -0.017800
26296  -0.013000
26297  -0.015200
26298  -0.011800
26299  -0.014700
26300  -0.017600
26301  -0.022100
26302  -0.026500
26303  -0.020800
26304  -0.018300
26305  -0.013800
26306  -0.007900
26307  -0.004000
26308  -0.000100
26309   0.001900
26310   0.001300
26311   0.005300
26312  -0.000800
26313  -0.003900
26314  -0.003800
26315  -0.003800
26316  -0.002200
26317  -0.002200
26318  -0.003400
26319  -0.014600
26320  -0.010400
26321  -0.012300
26322  -0.011800
26323  -0.013400
26324  -0.014100
26325  -0.009600
26326  -0.005800
26327  -0.002900
26328  -0.007800
26329  -0.007700
26330  -0.013600
26331  -0.010000
26332  -0.011700
26333  -0.006900
26334  -0.009600
26335  -0.014300
26336  -0.013200
26337  -0.007800
26338  -0.006100
26339  -0.010400
26340  -0.011600
26341  -0.018100
26342  -0.014100
26343  -0.013800
26344  -0.011600
26345  -0.017500
26346  -0.012400
26347  -0.012000
26348  -0.011500
26349  -0.009700
26350  -0.011200
26351  -0.022900
26352  -0.021500
26353  -0.024000
26354  -0.027300
26355  -0.026200
26356  -0.026700
26357  -0.029400
26358  -0.026400
26359  -0.022500
26360  -0.026600
26361  -0.023100
26362  -0.018600
26363  -0.018000
26364  -0.019100
26365  -0.019000
26366  -0.021400
26367  -0.018700
26368  -0.014600
26369  -0.011500
26370  -0.012000
26371  -0.014100
26372  -0.017600
26373  -0.016600
26374  -0.015600
26375  -0.015100
26376  -0.021000
26377  -0.024600
26378  -0.024500
26379  -0.017600
26380  -0.016500
26381  -0.018800
26382  -0.013700
26383  -0.012900
26384  -0.010700
26385  -0.013700
26386  -0.012100
26387  -0.012800
26388  -0.017100
26389  -0.019400
26390  -0.017500
26391  -0.019900
26392  -0.022600
26393  -0.019400
26394  -0.018200
26395  -0.022400
26396  -0.022400
26397  -0.030800
26398  -0.032800
26399  -0.031000
26400  -0.036700
26401  -0.031500
26402  -0.030000
26403  -0.027800
26404  -0.025300
26405  -0.025500
26406  -0.022300
26407  -0.020700
26408  -0.015100
26409  -0.012200
26410  -0.013100
26411  -0.008200
26412  -0.016100
26413  -0.021200
26414  -0.021300
26415  -0.026100
26416  -0.025300
26417  -0.026300
26418  -0.035100
26419  -0.036500
26420  -0.033300
26421  -0.037100
26422  -0.041500
26423  -0.048100
26424  -0.045800
26425  -0.046100
26426  -0.040700
26427  -0.035400
26428  -0.030900
26429  -0.023600
26430  -0.017500
26431  -0.018500
26432  -0.018500
26433  -0.018100
26434  -0.015200
26435  -0.016800
26436  -0.015000
26437  -0.012000
26438  -0.015200
26439  -0.020400
26440  -0.026400
26441  -0.031100
26442  -0.033900
26443  -0.037500
26444  -0.038400
26445  -0.034000
26446  -0.034000
26447  -0.033900
26448  -0.028900
26449  -0.028300
26450  -0.032200
26451  -0.029200
26452  -0.028600
26453  -0.038000
26454  -0.041400
26455  -0.038800
26456  -0.045000
26457  -0.049200
26458  -0.049200
26459  -0.048000
26460  -0.048000
26461  -0.042700
26462  -0.038100
26463  -0.038400
26464  -0.035200
26465  -0.036200
26466  -0.037200
26467  -0.030800
26468  -0.036600
26469  -0.037900
26470  -0.043300
26471  -0.050300
26472  -0.048800
26473  -0.054500
26474  -0.050900
26475  -0.049200
26476  -0.049600
26477  -0.052900
26478  -0.049300
26479  -0.050900
26480  -0.049100
26481  -0.036900
26482  -0.031700
26483  -0.032900
26484  -0.034100
26485  -0.040200
26486  -0.035200
26487  -0.036300
26488  -0.038800
26489  -0.039600
26490  -0.036800
26491  -0.035100
26492  -0.033300
26493  -0.035400
26494  -0.022000
26495  -0.014000
26496  -0.015300
26497  -0.019300
26498  -0.011000
26499  -0.013900
26500  -0.013300
26501  -0.012600
26502  -0.009900
26503  -0.005000
26504  -0.010000
26505  -0.007500
26506  -0.008600
26507   0.000200
26508  -0.002700
26509  -0.007200
26510  -0.010500
26511  -0.011100
26512  -0.007100
26513  -0.003900
26514  -0.006700
26515  -0.001500
26516  -0.006400
26517  -0.006900
26518  -0.007200
26519   0.002400
26520  -0.001000
26521  -0.005800
26522  -0.005200
26523   0.001400
26524   0.002300
26525   0.011400
26526   0.010600
26527   0.004700
26528   0.006400
26529   0.006000
26530   0.009000
26531   0.009500
26532   0.011000
26533   0.016300
26534   0.009300
26535   0.001700
26536  -0.006800
26537  -0.006300
26538  -0.001400
26539  -0.001400
26540  -0.003200
26541  -0.007200
26542  -0.010500
26543  -0.013400
26544  -0.010600
26545  -0.008100
26546  -0.009000
26547  -0.001300
26548   0.000800
26549   0.006900
26550   0.008900
26551   0.014900
26552   0.018900
26553   0.016800
26554   0.013200
26555   0.022500
26556   0.021500
26557   0.027000
26558   0.025300
26559   0.024500
26560   0.022700
26561   0.024800
26562   0.023100
26563   0.020600
26564   0.017300
26565   0.019800
26566   0.015500
26567   0.013100
26568   0.009900
26569   0.015300
26570   0.015300
26571   0.010800
26572   0.013400
26573   0.012800
26574   0.015700
26575   0.017200
26576   0.009300
26577   0.011200
26578   0.017900
26579   0.019900
26580   0.014800
26581   0.016700
26582   0.016600
26583   0.019300
26584   0.017900
26585   0.023800
26586   0.022600
26587   0.018500
26588   0.017600
26589   0.015900
26590   0.018200
26591   0.017600
26592   0.018300
26593   0.018700
26594   0.015500
26595   0.017800
26596   0.014000
26597   0.015700
26598   0.021000
26599   0.014300
26600   0.005900
26601   0.006300
26602   0.003400
26603  -0.000500
26604   0.002100
26605  -0.001100
26606  -0.000700
26607   0.004000
26608   0.004400
26609   0.004600
26610   0.008200
26611   0.015200
26612   0.016200
26613   0.014900
26614   0.018600
26615   0.014700
26616   0.011500
26617   0.007800
26618   0.010700
26619   0.015400
26620   0.016200
26621   0.019300
26622   0.018600
26623   0.014800
26624   0.014400
26625   0.016600
26626   0.021100
26627   0.018700
26628   0.017700
26629   0.013100
26630   0.019500
26631   0.019700
26632   0.020200
26633   0.021900
26634   0.022700
26635   0.013600
26636   0.015000
26637   0.020000
26638   0.017200
26639   0.017400
26640   0.016000
26641   0.010000
26642   0.011900
26643   0.020400
26644   0.020200
26645   0.019400
26646   0.020300
26647   0.021500
26648   0.019700
26649   0.019600
26650   0.019200
26651   0.019000
26652   0.021400
26653   0.020200
26654   0.026900
26655   0.021000
26656   0.020300
26657   0.022300
26658   0.019800
26659   0.019200
26660   0.015400
26661   0.013000
26662   0.009400
26663   0.010100
26664   0.011200
26665   0.014100
26666   0.013200
26667   0.011800
26668   0.013900
26669   0.012300
26670   0.008600
26671   0.009100
26672   0.011600
26673   0.002400
26674  -0.002300
26675  -0.001500
26676  -0.001600
26677   0.001700
26678   0.000200
26679   0.007200
26680   0.008000
26681   0.004600
26682   0.012300
26683   0.013500
26684   0.009600
26685   0.014700
26686   0.005700
26687   0.006100
26688   0.015400
26689   0.023000
26690   0.024300
26691   0.024800
26692   0.025400
26693   0.028600
26694   0.025900
26695   0.022600
26696   0.015500
26697   0.016700
26698   0.008300
26699   0.005500
26700   0.000800
26701   0.001200
26702   0.001200
26703   0.007400
26704   0.003700
26705   0.005400
26706   0.001900
26707  -0.001800
26708  -0.000100
26709  -0.006400
26710  -0.010200
26711  -0.007600
26712  -0.010600
26713  -0.007000
26714  -0.001500
26715  -0.008100
26716  -0.004900
26717  -0.004900
26718  -0.006000
26719   0.001600
26720   0.007300
26721   0.007300
26722   0.005700
26723   0.007000
26724   0.008700
26725   0.013000
26726   0.016600
26727   0.019000
26728   0.019200
26729   0.020400
26730   0.019200
26731   0.015500
26732   0.018100
26733   0.018200
26734   0.021900
26735   0.017600
26736   0.011500
26737   0.009600
26738   0.012000
26739   0.011800
26740   0.006000
26741   0.006900
26742   0.006200
26743   0.006200
26744   0.004100
26745   0.001600
26746  -0.003600
26747  -0.002500
26748  -0.002900
26749  -0.003300
26750   0.003000
26751   0.004900
26752   0.003700
26753   0.011000
26754   0.009200
26755   0.005700
26756  -0.002500
26757  -0.005300
26758  -0.006900
26759  -0.002500
26760   0.002000
26761   0.009600
26762   0.011500
26763   0.008500
26764   0.011200
26765   0.008700
26766   0.010400
26767   0.010600
26768   0.009900
26769   0.014400
26770   0.021000
26771   0.019100
26772   0.021200
26773   0.023500
26774   0.017000
26775   0.016900
26776   0.019700
26777   0.020200
26778   0.023400
26779   0.027700
26780   0.032000
26781   0.029600
26782   0.030700
26783   0.029100
26784   0.025500
26785   0.020000
26786   0.014400
26787   0.014900
26788   0.015300
26789   0.018100
26790   0.029100
26791   0.036900
26792   0.028600
26793   0.028500
26794   0.025100
26795   0.028600
26796   0.031100
26797   0.024700
26798   0.029700
26799   0.029300
26800   0.022100
26801   0.018700
26802   0.013800
26803   0.013600
26804   0.012800
26805   0.017200
26806   0.022500
26807   0.019700
26808   0.014500
26809   0.014100
26810   0.016900
26811   0.015200
26812   0.014700
26813   0.017800
26814   0.017600
26815   0.018300
26816   0.016800
26817   0.018900
26818   0.019600
26819   0.018200
26820   0.019400
26821   0.016000
26822   0.014500
26823   0.013000
26824   0.012600
26825   0.015500
26826   0.015200
26827   0.020400
26828   0.023600
26829   0.022500
26830   0.018200
26831   0.022800
26832   0.027400
26833   0.026300
26834   0.026700
26835   0.031100
26836   0.026300
26837   0.026900
26838   0.019800
26839   0.013500
26840   0.012300
26841   0.018800
26842   0.014300
26843   0.012800
26844   0.013600
26845   0.012100
26846   0.008500
26847   0.006300
26848   0.014300
26849   0.008200
26850   0.010800
26851   0.014700
26852   0.007800
26853   0.004700
26854   0.008200
26855   0.008400
26856   0.003700
26857   0.005400
26858   0.003500
26859   0.003300
26860   0.008600
26861   0.007500
26862   0.008200
26863   0.003000
26864   0.004200
26865   0.001300
26866   0.007200
26867   0.008100
26868   0.010000
26869   0.011000
26870   0.011200
26871   0.008400
26872   0.002100
26873   0.000500
26874  -0.006300
26875  -0.000100
26876  -0.002400
26877   0.001000
26878   0.001100
26879   0.003400
26880  -0.002300
26881  -0.006300
26882  -0.004000
26883  -0.004600
26884  -0.003400
26885  -0.001100
26886   0.000600
26887   0.000100
26888   0.003200
26889   0.005200
26890   0.004900
26891   0.003900
26892   0.009000
26893   0.007300
26894   0.003500
26895   0.008100
26896   0.011500
26897   0.000200
26898   0.011700
26899   0.015600
26900   0.017600
26901   0.014600
26902   0.012300
26903   0.017500
26904   0.018300
26905   0.021300
26906   0.021800
26907   0.025500
26908   0.025200
26909   0.029400
26910   0.028800
26911   0.031400
26912   0.027500
26913   0.020400
26914   0.023500
26915   0.026900
26916   0.024700
26917   0.026300
26918   0.033000
26919   0.025600
26920   0.026600
26921   0.026500
26922   0.032800
26923   0.033800
26924   0.034900
26925   0.034600
26926   0.032200
26927   0.036200
26928   0.034900
26929   0.039200
26930   0.035400
26931   0.034000
26932   0.025300
26933   0.024900
26934   0.031900
26935   0.027300
26936   0.026000
26937   0.020300
26938   0.018200
26939   0.016000
26940   0.022600
26941   0.023300
26942   0.029900
26943   0.026200
26944   0.023500
26945   0.017500
26946   0.011300
26947   0.012400
26948   0.015400
26949   0.021300
26950   0.022700
26951   0.027400
26952   0.028800
26953   0.023800
26954   0.015300
26955   0.014600
26956   0.013900
26957   0.018500
26958   0.019300
26959   0.020500
26960   0.015900
26961   0.019100
26962   0.016200
26963   0.017600
26964   0.015300
26965   0.015200
26966   0.010300
26967   0.011100
26968   0.021000
26969   0.023200
26970   0.030000
26971   0.027100
26972   0.023200
26973   0.024100
26974   0.030200
26975   0.036700
26976   0.034400
26977   0.039200
26978   0.039800
26979   0.039700
26980   0.037700
26981   0.042200
26982   0.040200
26983   0.043100
26984   0.042700
26985   0.041400
26986   0.039400
26987   0.041900
26988   0.039700
26989   0.041700
26990   0.039200
26991   0.043800
26992   0.037000
26993   0.043000
26994   0.045800
26995   0.054500
26996   0.054000
26997   0.060200
26998   0.056600
26999   0.058400
27000   0.059600
27001   0.060500
27002   0.059900
27003   0.055200
27004   0.065200
27005   0.071000
27006   0.077100
27007   0.076500
27008   0.074200
27009   0.070700
27010   0.069700
27011   0.072000
27012   0.072100
27013   0.071600
27014   0.075400
27015   0.073200
27016   0.073200
27017   0.074700
27018   0.075200
27019   0.076200
27020   0.071700
27021   0.070400
27022   0.067700
27023   0.070500
27024   0.064900
27025   0.059500
27026   0.062700
27027   0.062000
27028   0.057700
27029   0.055600
27030   0.058300
27031   0.050000
27032   0.060300
27033   0.062200
27034   0.054800
27035   0.061900
27036   0.065500
27037   0.064000
27038   0.065000
27039   0.065900
27040   0.066600
27041   0.059900
27042   0.054600
27043   0.060900
27044   0.059300
27045   0.050500
27046   0.059300
27047   0.058500
27048   0.058400
27049   0.055600
27050   0.051100
27051   0.047900
27052   0.042200
27053   0.034000
27054   0.037200
27055   0.037800
27056   0.033400
27057   0.042400
27058   0.042900
27059   0.040700
27060   0.038900
27061   0.040100
27062   0.044900
27063   0.038200
27064   0.043300
27065   0.039700
27066   0.041900
27067   0.041200
27068   0.033400
27069   0.031500
27070   0.033200
27071   0.037200
27072   0.039200
27073   0.035500
27074   0.031600
27075   0.035300
27076   0.037300
27077   0.045300
27078   0.046200
27079   0.036500
27080   0.035800
27081   0.035000
27082   0.031600
27083   0.031700
27084   0.030000
27085   0.027300
27086   0.028300
27087   0.030300
27088   0.027600
27089   0.032500
27090   0.027000
27091   0.027700
27092   0.027200
27093   0.030800
27094   0.027600
27095   0.028300
27096   0.034000
27097   0.043100
27098   0.046900
27099   0.048200
27100   0.042700
27101   0.047900
27102   0.051800
27103   0.053600
27104   0.056200
27105   0.051200
27106   0.048300
27107   0.047400
27108   0.049800
27109   0.046800
27110   0.047300
27111   0.043100
27112   0.039500
27113   0.043600
27114   0.038700
27115   0.036600
27116   0.036700
27117   0.034900
27118   0.038700
27119   0.036800
27120   0.034900
27121   0.036000
27122   0.037500
27123   0.034600
27124   0.034100
27125   0.041500
27126   0.046000
27127   0.052300
27128   0.052600
27129   0.050600
27130   0.055500
27131   0.055600
27132   0.052200
27133   0.054300
27134   0.048400
27135   0.049400
27136   0.049500
27137   0.052700
27138   0.048800
27139   0.047000
27140   0.056500
27141   0.057300
27142   0.057100
27143   0.061600
27144   0.057100
27145   0.054700
27146   0.057900
27147   0.056300
27148   0.057000
27149   0.047600
27150   0.049800
27151   0.051100
27152   0.049100
27153   0.050000
27154   0.046400
27155   0.047000
27156   0.048500
27157   0.046000
27158   0.046600
27159   0.043300
27160   0.045300
27161   0.046700
27162   0.051200
27163   0.051700
27164   0.048700
27165   0.047600
27166   0.047400
27167   0.047800
27168   0.039200
27169   0.047000
27170   0.044200
27171   0.040300
27172   0.040100
27173   0.044500
27174   0.042900
27175   0.044600
27176   0.048000
27177   0.046500
27178   0.040700
27179   0.041400
27180   0.034800
27181   0.037800
27182   0.038700
27183   0.039600
27184   0.038200
27185   0.032300
27186   0.030200
27187   0.028800
27188   0.030100
27189   0.031500
27190   0.031200
27191   0.031100
27192   0.032600
27193   0.037900
27194   0.035900
27195   0.031800
27196   0.033400
27197   0.047000
27198   0.042100
27199   0.042300
27200   0.041700
27201   0.040600
27202   0.043800
27203   0.046900
27204   0.041400
27205   0.034000
27206   0.037100
27207   0.036300
27208   0.034200
27209   0.034700
27210   0.037800
27211   0.034900
27212   0.039600
27213   0.040000
27214   0.043800
27215   0.043100
27216   0.038700
27217   0.041500
27218   0.036400
27219   0.033900
27220   0.033300
27221   0.030500
27222   0.028800
27223   0.032700
27224   0.028000
27225   0.030100
27226   0.021700
27227   0.022300
27228   0.022100
27229   0.027200
27230   0.027800
27231   0.034600
27232   0.034300
27233   0.033900
27234   0.029400
27235   0.027600
27236   0.022900
27237   0.021200
27238   0.028400
27239   0.029000
27240   0.028600
27241   0.024900
27242   0.027900
27243   0.019900
27244   0.020200
27245   0.019400
27246   0.021000
27247   0.018900
27248   0.017500
27249   0.014400
27250   0.021100
27251   0.018700
27252   0.021700
27253   0.019600
27254   0.026500
27255   0.034700
27256   0.036800
27257   0.038300
27258   0.037700
27259   0.038700
27260   0.039700
27261   0.034600
27262   0.034200
27263   0.030200
27264   0.033200
27265   0.032800
27266   0.035400
27267   0.034900
27268   0.036600
27269   0.037100
27270   0.038600
27271   0.035300
27272   0.038800
27273   0.038700
27274   0.034700
27275   0.034300
27276   0.032900
27277   0.030200
27278   0.029600
27279   0.028100
27280   0.027100
27281   0.028200
27282   0.029200
27283   0.033500
27284   0.032000
27285   0.030200
27286   0.034400
27287   0.039700
27288   0.041800
27289   0.041000
27290   0.043400
27291   0.048800
27292   0.046800
27293   0.045900
27294   0.053000
27295   0.054900
27296   0.059300
27297   0.057500
27298   0.055800
27299   0.054100
27300   0.053200
27301   0.049300
27302   0.048500
27303   0.051300
27304   0.055200
27305   0.054700
27306   0.057200
27307   0.062500
27308   0.060900
27309   0.062100
27310   0.058500
27311   0.051300
27312   0.052300
27313   0.050100
27314   0.049100
27315   0.047600
27316   0.046400
27317   0.048900
27318   0.048000
27319   0.049400
27320   0.046500
27321   0.047600
27322   0.050000
27323   0.045900
27324   0.043300
27325   0.048300
27326   0.040200
27327   0.041700
27328   0.047000
27329   0.050700
27330   0.044100
27331   0.052700
27332   0.046800
27333   0.048700
27334   0.043000
27335   0.040400
27336   0.042100
27337   0.047600
27338   0.054200
27339   0.045300
27340   0.043300
27341   0.047000
27342   0.051300
27343   0.048600
27344   0.046300
27345   0.047400
27346   0.047100
27347   0.042800
27348   0.049700
27349   0.053000
27350   0.053600
27351   0.054700
27352   0.058600
27353   0.057200
27354   0.054200
27355   0.057700
27356   0.056600
27357   0.055200
27358   0.048300
27359   0.042000
27360   0.041500
27361   0.039700
27362   0.036400
27363   0.035900
27364   0.038600
27365   0.034600
27366   0.038000
27367   0.034900
27368   0.036200
27369   0.036100
27370   0.035600
27371   0.028800
27372   0.025600
27373   0.026500
27374   0.031900
27375   0.032300
27376   0.033300
27377   0.036400
27378   0.037400
27379   0.041900
27380   0.039000
27381   0.033200
27382   0.032400
27383   0.024600
27384   0.029400
27385   0.033200
27386   0.027000
27387   0.028300
27388   0.028700
27389   0.025200
27390   0.025700
27391   0.028000
27392   0.030600
27393   0.034200
27394   0.036200
27395   0.037700
27396   0.033900
27397   0.036400
27398   0.035600
27399   0.034700
27400   0.038800
27401   0.037400
27402   0.038700
27403   0.039700
27404   0.050800
27405   0.049800
27406   0.051600
27407   0.052600
27408   0.058500
27409   0.054000
27410   0.054600
27411   0.058100
27412   0.060300
27413   0.064600
27414   0.069500
27415   0.073800
27416   0.069200
27417   0.067200
27418   0.067600
27419   0.064800
27420   0.057700
27421   0.057600
27422   0.054700
27423   0.056100
27424   0.055500
27425   0.060200
27426   0.064100
27427   0.062400
27428   0.057700
27429   0.057500
27430   0.059000
27431   0.060400
27432   0.057200
27433   0.055200
27434   0.058700
27435   0.063900
27436   0.068500
27437   0.066100
27438   0.062300
27439   0.068300
27440   0.060600
27441   0.060800
27442   0.057300
27443   0.054300
27444   0.050600
27445   0.054100
27446   0.045000
27447   0.047800
27448   0.053800
27449   0.056400
27450   0.057700
27451   0.057600
27452   0.058900
27453   0.064200
27454   0.059300
27455   0.048900
27456   0.055200
27457   0.053900
27458   0.055100
27459   0.055500
27460   0.053900
27461   0.057800
27462   0.059500
27463   0.055700
27464   0.054100
27465   0.056400
27466   0.053200
27467   0.054300
27468   0.051900
27469   0.050300
27470   0.053300
27471   0.054100
27472   0.053500
27473   0.050400
27474   0.045000
27475   0.043700
27476   0.042200
27477   0.039500
27478   0.033500
27479   0.040100
27480   0.042600
27481   0.042800
27482   0.045300
27483   0.047000
27484   0.045300
27485   0.040200
27486   0.043800
27487   0.043000
27488   0.044500
27489   0.045900
27490   0.041800
27491   0.036600
27492   0.034700
27493   0.039400
27494   0.038500
27495   0.037900
27496   0.034900
27497   0.033800
27498   0.034400
27499   0.038400
27500   0.039700
27501   0.045400
27502   0.041200
27503   0.041300
27504   0.039200
27505   0.041900
27506   0.045700
27507   0.039400
27508   0.034200
27509   0.034900
27510   0.038000
27511   0.036900
27512   0.031100
27513   0.038300
27514   0.034500
27515   0.034500
27516   0.031900
27517   0.036000
27518   0.030700
27519   0.025100
27520   0.023800
27521   0.023100
27522   0.023300
27523   0.025200
27524   0.024700
27525   0.030700
27526   0.026300
27527   0.030300
27528   0.028400
27529   0.029700
27530   0.034000
27531   0.033600
27532   0.030800
27533   0.031100
27534   0.029400
27535   0.029300
27536   0.025000
27537   0.020100
27538   0.028900
27539   0.030200
27540   0.038900
27541   0.044300
27542   0.044700
27543   0.041800
27544   0.041000
27545   0.049300
27546   0.054900
27547   0.052000
27548   0.054000
27549   0.061000
27550   0.053700
27551   0.053000
27552   0.056500
27553   0.052100
27554   0.048000
27555   0.050000
27556   0.041200
27557   0.043700
27558   0.048500
27559   0.047200
27560   0.047300
27561   0.043800
27562   0.053000
27563   0.051800
27564   0.045500
27565   0.045300
27566   0.046800
27567   0.053400
27568   0.053200
27569   0.053800
27570   0.055700
27571   0.062200
27572   0.060600
27573   0.064100
27574   0.067900
27575   0.068600
27576   0.072600
27577   0.073800
27578   0.073100
27579   0.074500
27580   0.074400
27581   0.073700
27582   0.069600
27583   0.065100
27584   0.068000
27585   0.063800
27586   0.058800
27587   0.054700
27588   0.047300
27589   0.042400
27590   0.042000
27591   0.043900
27592   0.053000
27593   0.048600
27594   0.044000
27595   0.049000
27596   0.054100
27597   0.053000
27598   0.050800
27599   0.045600
27600   0.046100
27601   0.045100
27602   0.044400
27603   0.046800
27604   0.046500
27605   0.040300
27606   0.034300
27607   0.031800
27608   0.026900
27609   0.032900
27610   0.024300
27611   0.030800
27612   0.035500
27613   0.045300
27614   0.042700
27615   0.041000
27616   0.040900
27617   0.046700
27618   0.051300
27619   0.050700
27620   0.047700
27621   0.052800
27622   0.048200
27623   0.056200
27624   0.056600
27625   0.054500
27626   0.053700
27627   0.052400
27628   0.048700
27629   0.042300
27630   0.037700
27631   0.044700
27632   0.045400
27633   0.051700
27634   0.052000
27635   0.049600
27636   0.052400
27637   0.051800
27638   0.048700
27639   0.045400
27640   0.043000
27641   0.041500
27642   0.046200
27643   0.047900
27644   0.049000
27645   0.047800
27646   0.046600
27647   0.042200
27648   0.041400
27649   0.032700
27650   0.035700
27651   0.027100
27652   0.023300
27653   0.025400
27654   0.027900
27655   0.023800
27656   0.022600
27657   0.020700
27658   0.023800
27659   0.018500
27660   0.013800
27661   0.007600
27662   0.010800
27663   0.016000
27664   0.015600
27665   0.020200
27666   0.017000
27667   0.026300
27668   0.022300
27669   0.018800
27670   0.013900
27671   0.020700
27672   0.028800
27673   0.024100
27674   0.029800
27675   0.031000
27676   0.035500
27677   0.035600
27678   0.032600
27679   0.029100
27680   0.027000
27681   0.030800
27682   0.028500
27683   0.026000
27684   0.026400
27685   0.023300
27686   0.022100
27687   0.026000
27688   0.021500
27689   0.022600
27690   0.021200
27691   0.017800
27692   0.020600
27693   0.014400
27694   0.011800
27695   0.018500
27696   0.022300
27697   0.016200
27698   0.006900
27699   0.004900
27700   0.005400
27701  -0.002900
27702  -0.002100
27703   0.001100
27704   0.003000
27705   0.003900
27706   0.006000
27707   0.008300
27708   0.001300
27709  -0.001300
27710  -0.000800
27711  -0.004900
27712   0.001200
27713  -0.009500
27714  -0.009700
27715  -0.007800
27716  -0.012300
27717  -0.006400
27718  -0.000700
27719  -0.000600
27720   0.005300
27721  -0.000700
27722  -0.004900
27723  -0.001200
27724  -0.003500
27725  -0.004800
27726  -0.005400
27727  -0.008600
27728  -0.014700
27729  -0.016600
27730  -0.018500
27731  -0.018200
27732  -0.015400
27733  -0.013900
27734  -0.013800
27735  -0.014300
27736  -0.014700
27737  -0.020400
27738  -0.020800
27739  -0.024100
27740  -0.024200
27741  -0.021500
27742  -0.015200
27743  -0.017300
27744  -0.014100
27745  -0.015900
27746  -0.015400
27747  -0.017900
27748  -0.017600
27749  -0.017900
27750  -0.017300
27751  -0.019700
27752  -0.013500
27753  -0.010000
27754  -0.010100
27755  -0.011000
27756  -0.011300
27757  -0.004300
27758  -0.004500
27759  -0.004600
27760  -0.008200
27761  -0.005500
27762  -0.005300
27763  -0.005200
27764  -0.003100
27765  -0.002700
27766  -0.002500
27767  -0.002800
27768  -0.008600
27769  -0.006800
27770  -0.004100
27771  -0.002200
27772   0.000100
27773  -0.005600
27774  -0.006600
27775  -0.006200
27776  -0.008400
27777  -0.003200
27778  -0.002400
27779   0.003700
27780   0.005700
27781  -0.000100
27782  -0.007300
27783  -0.004800
27784  -0.007900
27785  -0.002900
27786  -0.000700
27787  -0.007400
27788  -0.010600
27789  -0.011400
27790  -0.011700
27791  -0.012600
27792  -0.014500
27793  -0.010800
27794  -0.010400
27795  -0.010400
27796  -0.008500
27797  -0.007800
27798  -0.005200
27799  -0.008900
27800  -0.007000
27801  -0.004500
27802  -0.002500
27803  -0.001300
27804  -0.007900
27805  -0.005600
27806  -0.002400
27807  -0.000800
27808  -0.002300
27809  -0.006600
27810  -0.004500
27811  -0.004000
27812  -0.009400
27813  -0.011400
27814  -0.011800
27815  -0.006700
27816  -0.011600
27817  -0.012900
27818  -0.007900
27819  -0.016100
27820  -0.016200
27821  -0.020300
27822  -0.026500
27823  -0.024600
27824  -0.026300
27825  -0.029700
27826  -0.026700
27827  -0.027500
27828  -0.026300
27829  -0.021500
27830  -0.027400
27831  -0.026900
27832  -0.027800
27833  -0.026700
27834  -0.025200
27835  -0.026300
27836  -0.029100
27837  -0.027200
27838  -0.029900
27839  -0.029000
27840  -0.029000
27841  -0.028700
27842  -0.026400
27843  -0.023900
27844  -0.018100
27845  -0.016600
27846  -0.018900
27847  -0.016100
27848  -0.020900
27849  -0.020100
27850  -0.028900
27851  -0.026100
27852  -0.022500
27853  -0.027700
27854  -0.031100
27855  -0.030700
27856  -0.031200
27857  -0.028700
27858  -0.028200
27859  -0.029300
27860  -0.025900
27861  -0.022700
27862  -0.024200
27863  -0.021700
27864  -0.015100
27865  -0.014400
27866  -0.009100
27867  -0.003800
27868  -0.007500
27869  -0.008200
27870  -0.013500
27871  -0.009100
27872  -0.015400
27873  -0.015800
27874  -0.015600
27875  -0.017100
27876  -0.023000
27877  -0.020600
27878  -0.018700
27879  -0.016000
27880  -0.014900
27881  -0.016400
27882  -0.010900
27883  -0.007200
27884  -0.008400
27885  -0.006300
27886  -0.015200
27887  -0.013300
27888  -0.010100
27889  -0.012300
27890  -0.009300
27891  -0.015900
27892  -0.015700
27893  -0.014400
27894  -0.007900
27895  -0.007500
27896  -0.003000
27897  -0.001400
27898  -0.001800
27899  -0.008700
27900  -0.008100
27901  -0.008600
27902  -0.013800
27903  -0.010500
27904  -0.013100
27905  -0.017800
27906  -0.023300
27907  -0.021900
27908  -0.019400
27909  -0.021300
27910  -0.018800
27911  -0.011700
27912  -0.017500
27913  -0.021600
27914  -0.018400
27915  -0.019700
27916  -0.018900
27917  -0.021900
27918  -0.017800
27919  -0.021800
27920  -0.019000
27921  -0.018800
27922  -0.019800
27923  -0.015800
27924  -0.012400
27925  -0.015200
27926  -0.016100
27927  -0.021200
27928  -0.018500
27929  -0.024900
27930  -0.028400
27931  -0.028900
27932  -0.029700
27933  -0.033300
27934  -0.026800
27935  -0.014300
27936  -0.018100
27937  -0.011800
27938  -0.015900
27939  -0.017900
27940  -0.019200
27941  -0.022800
27942  -0.025200
27943  -0.031800
27944  -0.027100
27945  -0.026900
27946  -0.019100
27947  -0.023100
27948  -0.025600
27949  -0.022800
27950  -0.021200
27951  -0.025600
27952  -0.019200
27953  -0.022600
27954  -0.022100
27955  -0.022800
27956  -0.022000
27957  -0.021300
27958  -0.022300
27959  -0.018400
27960  -0.020200
27961  -0.021500
27962  -0.019700
27963  -0.016200
27964  -0.015400
27965  -0.009800
27966  -0.004300
27967  -0.000700
27968   0.004500
27969   0.001100
27970   0.005000
27971   0.008100
27972   0.004600
27973   0.004800
27974   0.007300
27975   0.007400
27976  -0.000100
27977  -0.004300
27978  -0.000700
27979  -0.000600
27980   0.000800
27981   0.006100
27982   0.002100
27983   0.000200
27984   0.007200
27985   0.011500
27986   0.016900
27987   0.015100
27988   0.013100
27989   0.010400
27990   0.013100
27991   0.017400
27992   0.016100
27993   0.024700
27994   0.022800
27995   0.025600
27996   0.031100
27997   0.041800
27998   0.043200
27999   0.040500
28000   0.038300
28001   0.040100
28002   0.040800
28003   0.038300
28004   0.041700
28005   0.038200
28006   0.036000
28007   0.032500
28008   0.028000
28009   0.031400
28010   0.028700
28011   0.021200
28012   0.021900
28013   0.020000
28014   0.018200
28015   0.012000
28016   0.015700
28017   0.015000
28018   0.009500
28019   0.009500
28020   0.006600
28021   0.001900
28022  -0.003600
28023   0.000500
28024  -0.004800
28025  -0.000800
28026  -0.007300
28027  -0.008000
28028  -0.008100
28029  -0.007200
28030  -0.002100
28031  -0.005000
28032  -0.002500
28033   0.001900
28034  -0.001900
28035  -0.002400
28036  -0.005800
28037  -0.009000
28038  -0.003300
28039  -0.002500
28040   0.000100
28041  -0.006300
28042  -0.001600
28043   0.003200
28044   0.000800
28045   0.003700
28046   0.002600
28047   0.000800
28048  -0.000100
28049  -0.003200
28050  -0.005200
28051  -0.011300
28052  -0.009900
28053  -0.013100
28054  -0.015300
28055  -0.016200
28056  -0.014700
28057  -0.021100
28058  -0.024000
28059  -0.025300
28060  -0.023900
28061  -0.028000
28062  -0.028300
28063  -0.032200
28064  -0.033200
28065  -0.037200
28066  -0.043800
28067  -0.048300
28068  -0.049400
28069  -0.049600
28070  -0.048700
28071  -0.053700
28072  -0.049100
28073  -0.043000
28074  -0.039800
28075  -0.043900
28076  -0.045400
28077  -0.040500
28078  -0.031600
28079  -0.024800
28080  -0.025900
28081  -0.026100
28082  -0.028900
28083  -0.031900
28084  -0.038300
28085  -0.041600
28086  -0.047100
28087  -0.047800
28088  -0.048200
28089  -0.045900
28090  -0.042600
28091  -0.043800
28092  -0.046400
28093  -0.042800
28094  -0.036500
28095  -0.038800
28096  -0.041700
28097  -0.043200
28098  -0.046600
28099  -0.047100
28100  -0.046700
28101  -0.044600
28102  -0.048900
28103  -0.039800
28104  -0.041800
28105  -0.043100
28106  -0.043900
28107  -0.037200
28108  -0.037400
28109  -0.037800
28110  -0.039300
28111  -0.041200
28112  -0.044300
28113  -0.043100
28114  -0.046000
28115  -0.048600
28116  -0.046400
28117  -0.043800
28118  -0.047800
28119  -0.045500
28120  -0.045300
28121  -0.045000
28122  -0.047900
28123  -0.049400
28124  -0.041800
28125  -0.046200
28126  -0.042500
28127  -0.042800
28128  -0.044900
28129  -0.040300
28130  -0.034000
28131  -0.032600
28132  -0.029600
28133  -0.034900
28134  -0.040300
28135  -0.035900
28136  -0.035900
28137  -0.031200
28138  -0.038100
28139  -0.037600
28140  -0.024300
28141  -0.029300
28142  -0.028700
28143  -0.033900
28144  -0.032400
28145  -0.036300
28146  -0.037100
28147  -0.038800
28148  -0.034300
28149  -0.034000
28150  -0.034900
28151  -0.037600
28152  -0.034800
28153  -0.029600
28154  -0.027200
28155  -0.033100
28156  -0.035200
28157  -0.030700
28158  -0.021700
28159  -0.019900
28160  -0.027100
28161  -0.026500
28162  -0.023300
28163  -0.025300
28164  -0.025800
28165  -0.028400
28166  -0.029200
28167  -0.027000
28168  -0.029800
28169  -0.031100
28170  -0.027700
28171  -0.029000
28172  -0.028600
28173  -0.027200
28174  -0.018300
28175  -0.022800
28176  -0.021500
28177  -0.027100
28178  -0.029200
28179  -0.031800
28180  -0.030400
28181  -0.024000
28182  -0.030900
28183  -0.029300
28184  -0.030700
28185  -0.029700
28186  -0.026400
28187  -0.023300
28188  -0.024200
28189  -0.026000
28190  -0.027800
28191  -0.024600
28192  -0.025100
28193  -0.026200
28194  -0.031600
28195  -0.022100
28196  -0.021300
28197  -0.017400
28198  -0.007800
28199  -0.016600
28200  -0.014800
28201  -0.012100
28202  -0.007700
28203  -0.007600
28204  -0.001100
28205   0.002600
28206   0.001100
28207   0.006900
28208   0.014300
28209   0.011800
28210   0.015100
28211   0.006400
28212   0.004900
28213   0.013000
28214   0.012300
28215   0.014900
28216   0.014400
28217   0.010600
28218   0.012900
28219   0.015700
28220   0.012600
28221   0.016100
28222   0.012500
28223   0.014300
28224   0.008100
28225   0.000600
28226   0.005600
28227   0.005500
28228   0.005700
28229   0.004600
28230   0.007100
28231   0.005000
28232   0.004900
28233   0.003400
28234   0.003100
28235   0.003800
28236   0.008600
28237   0.004600
28238   0.004900
28239   0.006500
28240   0.003300
28241   0.001600
28242  -0.002000
28243  -0.002800
28244  -0.001100
28245   0.000600
28246  -0.006900
28247  -0.015500
28248  -0.016200
28249  -0.015700
28250  -0.015200
28251  -0.016100
28252  -0.011800
28253  -0.013700
28254  -0.009900
28255  -0.013600
28256  -0.016400
28257  -0.024300
28258  -0.029900
28259  -0.025000
28260  -0.025300
28261  -0.028700
28262  -0.022800
28263  -0.030100
28264  -0.024400
28265  -0.020500
28266  -0.023100
28267  -0.029800
28268  -0.034200
28269  -0.032000
28270  -0.030900
28271  -0.031500
28272  -0.029900
28273  -0.032400
28274  -0.029000
28275  -0.029900
28276  -0.025800
28277  -0.028900
28278  -0.033100
28279  -0.029700
28280  -0.021900
28281  -0.025500
28282  -0.020500
28283  -0.018600
28284  -0.014700
28285  -0.016600
28286  -0.016500
28287  -0.019100
28288  -0.010900
28289  -0.014400
28290  -0.009000
28291  -0.017300
28292  -0.022900
28293  -0.020900
28294  -0.019700
28295  -0.019800
28296  -0.021800
28297  -0.012100
28298  -0.011900
28299  -0.015200
28300  -0.015400
28301  -0.011900
28302  -0.014200
28303  -0.012800
28304  -0.011000
28305  -0.005200
28306  -0.002400
28307   0.001500
28308  -0.003100
28309  -0.004900
28310  -0.002700
28311  -0.003500
28312   0.000600
28313   0.002800
28314   0.001900
28315   0.004200
28316   0.000700
28317   0.005400
28318   0.005500
28319  -0.004700
28320  -0.005000
28321  -0.006400
28322  -0.004500
28323  -0.001400
28324  -0.000200
28325  -0.000900
28326  -0.006800
28327  -0.006000
28328  -0.004300
28329  -0.003600
28330  -0.003600
28331  -0.007200
28332  -0.001600
28333  -0.001900
28334  -0.002300
28335  -0.001200
28336  -0.005900
28337  -0.003300
28338   0.002800
28339   0.002700
28340  -0.004200
28341  -0.002400
28342  -0.003400
28343  -0.000700
28344  -0.002500
28345  -0.002400
28346  -0.003200
28347  -0.003000
28348  -0.006600
28349  -0.003800
28350  -0.006800
28351  -0.005300
28352  -0.009500
28353  -0.008800
28354  -0.005500
28355   0.002600
28356  -0.000200
28357  -0.005500
28358   0.000100
28359  -0.002300
28360   0.007400
28361   0.009800
28362   0.011000
28363   0.012400
28364   0.019800
28365   0.016200
28366   0.019400
28367   0.012000
28368   0.012500
28369   0.017900
28370   0.016300
28371   0.010700
28372   0.010300
28373   0.017400
28374   0.020200
28375   0.022700
28376   0.022300
28377   0.022700
28378   0.020900
28379   0.026400
28380   0.030100
28381   0.025700
28382   0.030600
28383   0.029500
28384   0.034100
28385   0.042900
28386   0.040000
28387   0.037500
28388   0.037200
28389   0.040100
28390   0.042500
28391   0.045500
28392   0.041800
28393   0.037200
28394   0.034000
28395   0.032700
28396   0.041500
28397   0.039400
28398   0.045000
28399   0.042700
28400   0.046200
28401   0.045600
28402   0.050000
28403   0.048300
28404   0.052900
28405   0.055700
28406   0.059600
28407   0.065900
28408   0.068100
28409   0.064500
28410   0.060400
28411   0.061200
28412   0.063200
28413   0.064600
28414   0.055700
28415   0.053900
28416   0.053200
28417   0.052200
28418   0.052000
28419   0.052800
28420   0.056500
28421   0.054300
28422   0.053600
28423   0.049400
28424   0.045700
28425   0.048000
28426   0.049600
28427   0.042500
28428   0.046100
28429   0.047300
28430   0.049800
28431   0.050200
28432   0.049300
28433   0.043200
28434   0.041500
28435   0.039700
28436   0.035700
28437   0.033600
28438   0.038000
28439   0.040000
28440   0.045500
28441   0.049000
28442   0.041700
28443   0.039200
28444   0.040800
28445   0.033800
28446   0.035100
28447   0.035200
28448   0.032000
28449   0.031900
28450   0.031200
28451   0.032000
28452   0.032400
28453   0.031100
28454   0.024500
28455   0.027100
28456   0.033100
28457   0.032700
28458   0.029500
28459   0.024000
28460   0.021800
28461   0.021500
28462   0.021600
28463   0.023800
28464   0.022000
28465   0.022300
28466   0.021100
28467   0.019100
28468   0.021600
28469   0.022300
28470   0.024400
28471   0.022800
28472   0.029300
28473   0.031600
28474   0.033700
28475   0.026300
28476   0.027400
28477   0.028300
28478   0.031200
28479   0.029900
28480   0.032300
28481   0.036000
28482   0.038700
28483   0.035000
28484   0.036400
28485   0.037400
28486   0.025900
28487   0.027700
28488   0.023700
28489   0.028100
28490   0.027400
28491   0.029500
28492   0.033700
28493   0.028200
28494   0.025800
28495   0.030500
28496   0.032100
28497   0.029700
28498   0.035200
28499   0.033300
28500   0.033100
28501   0.038300
28502   0.041000
28503   0.041000
28504   0.043300
28505   0.038600
28506   0.034400
28507   0.034200
28508   0.034800
28509   0.032200
28510   0.034700
28511   0.030000
28512   0.030600
28513   0.029400
28514   0.029700
28515   0.028900
28516   0.032000
28517   0.032900
28518   0.029300
28519   0.033100
28520   0.030000
28521   0.026300
28522   0.024300
28523   0.017500
28524   0.022000
28525   0.022400
28526   0.020900
28527   0.023300
28528   0.022600
28529   0.026500
28530   0.025100
28531   0.023500
28532   0.022800
28533   0.023900
28534   0.020900
28535   0.020400
28536   0.019200
28537   0.016800
28538   0.018000
28539   0.015800
28540   0.019800
28541   0.018300
28542   0.016600
28543   0.024800
28544   0.028000
28545   0.025700
28546   0.026000
28547   0.020500
28548   0.018100
28549   0.017600
28550   0.016000
28551   0.017100
28552   0.027000
28553   0.030300
28554   0.038400
28555   0.039200
28556   0.036200
28557   0.028300
28558   0.027300
28559   0.019600
28560   0.014200
28561   0.022400
28562   0.025100
28563   0.026800
28564   0.032000
28565   0.040900
28566   0.036600
28567   0.034000
28568   0.032100
28569   0.031300
28570   0.033000
28571   0.033500
28572   0.034900
28573   0.037600
28574   0.036000
28575   0.032700
28576   0.025700
28577   0.025400
28578   0.022500
28579   0.022700
28580   0.020300
28581   0.019800
28582   0.023200
28583   0.018700
28584   0.015000
28585   0.014800
28586   0.014500
28587   0.011100
28588   0.016900
28589   0.012500
28590   0.011900
28591   0.009400
28592   0.007300
28593   0.004100
28594   0.013500
28595   0.008900
28596   0.012800
28597   0.012500
28598   0.012800
28599   0.014000
28600   0.013100
28601   0.009700
28602   0.008700
28603   0.000400
28604  -0.003900
28605  -0.009300
28606  -0.011200
28607  -0.007300
28608  -0.005600
28609  -0.010500
28610  -0.006700
28611  -0.002600
28612  -0.002800
28613  -0.003500
28614   0.001300
28615   0.000900
28616   0.006200
28617   0.012100
28618   0.010000
28619   0.003200
28620   0.003600
28621   0.000400
28622   0.008700
28623   0.008700
28624   0.008300
28625   0.006800
28626   0.010800
28627   0.006000
28628   0.009400
28629   0.009300
28630   0.012800
28631   0.021000
28632   0.025700
28633   0.018400
28634   0.014700
28635   0.016400
28636   0.017200
28637   0.014300
28638   0.017300
28639   0.020000
28640   0.018100
28641   0.015300
28642   0.010600
28643   0.014800
28644   0.019900
28645   0.020200
28646   0.019900
28647   0.017700
28648   0.021200
28649   0.023300
28650   0.021300
28651   0.022200
28652   0.022800
28653   0.027200
28654   0.032500
28655   0.034500
28656   0.037700
28657   0.027900
28658   0.027800
28659   0.023800
28660   0.026100
28661   0.020300
28662   0.022600
28663   0.022800
28664   0.026200
28665   0.027300
28666   0.028100
28667   0.027200
28668   0.024200
28669   0.027200
28670   0.031900
28671   0.029100
28672   0.036000
28673   0.031200
28674   0.031700
28675   0.036200
28676   0.030700
28677   0.036500
28678   0.032100
28679   0.026400
28680   0.023700
28681   0.029000
28682   0.027800
28683   0.033800
28684   0.036500
28685   0.043600
28686   0.043500
28687   0.041400
28688   0.039800
28689   0.034400
28690   0.030600
28691   0.027900
28692   0.023100
28693   0.019400
28694   0.024500
28695   0.021500
28696   0.022100
28697   0.016400
28698   0.019400
28699   0.018400
28700   0.007900
28701   0.010800
28702   0.004200
28703  -0.005700
28704  -0.002200
28705  -0.001500
28706  -0.002800
28707   0.000800
28708  -0.002300
28709   0.002900
28710   0.001000
28711   0.001600
28712   0.000700
28713   0.003600
28714  -0.003500
28715  -0.000800
28716  -0.002200
28717   0.002700
28718   0.002000
28719   0.001100
28720   0.004700
28721   0.003200
28722   0.002200
28723   0.001100
28724  -0.001600
28725  -0.004100
28726  -0.004100
28727  -0.004500
28728  -0.006200
28729  -0.000800
28730   0.002600
28731   0.002500
28732   0.002100
28733   0.005600
28734   0.005900
28735   0.005800
28736   0.011800
28737   0.013500
28738   0.004000
28739   0.002900
28740   0.005100
28741   0.007600
28742   0.011900
28743   0.008400
28744   0.009500
28745   0.011400
28746   0.012000
28747   0.018300
28748   0.018200
28749   0.007400
28750   0.003100
28751   0.001700
28752   0.001500
28753  -0.001600
28754  -0.010000
28755  -0.002700
28756   0.000900
28757  -0.000200
28758   0.002300
28759   0.004600
28760   0.003600
28761   0.010000
28762   0.005900
28763   0.007300
28764   0.007900
28765   0.004900
28766   0.004100
28767   0.002100
28768   0.000700
28769  -0.002700
28770  -0.006300
28771   0.000300
28772  -0.001500
28773   0.002200
28774   0.003200
28775   0.011200
28776   0.008800
28777   0.006100
28778   0.013300
28779   0.004800
28780   0.004300
28781   0.004100
28782   0.003100
28783  -0.003300
28784  -0.010600
28785  -0.009000
28786  -0.010600
28787  -0.017400
28788  -0.017500
28789  -0.015400
28790  -0.016900
28791  -0.013500
28792  -0.014300
28793  -0.017400
28794  -0.010600
28795  -0.007100
28796  -0.003200
28797  -0.007000
28798  -0.006900
28799  -0.008500
28800  -0.007400
28801  -0.015000
28802  -0.017800
28803  -0.019600
28804  -0.021200
28805  -0.025500
28806  -0.024700
28807  -0.026900
28808  -0.024800
28809  -0.024500
28810  -0.024000
28811  -0.021600
28812  -0.017800
28813  -0.015300
28814  -0.022500
28815  -0.030900
28816  -0.027600
28817  -0.026400
28818  -0.021300
28819  -0.022800
28820  -0.019600
28821  -0.017100
28822  -0.020100
28823  -0.023600
28824  -0.026400
28825  -0.023400
28826  -0.024000
28827  -0.018100
28828  -0.014000
28829  -0.016200
28830  -0.023200
28831  -0.029700
28832  -0.027800
28833  -0.028400
28834  -0.028100
28835  -0.026500
28836  -0.027100
28837  -0.035700
28838  -0.031200
28839  -0.026700
28840  -0.033800
28841  -0.034500
28842  -0.025100
28843  -0.027200
28844  -0.019400
28845  -0.019500
28846  -0.018700
28847  -0.016500
28848  -0.018800
28849  -0.021700
28850  -0.025800
28851  -0.026000
28852  -0.027900
28853  -0.034400
28854  -0.034500
28855  -0.036900
28856  -0.038100
28857  -0.040400
28858  -0.038800
28859  -0.038900
28860  -0.038900
28861  -0.044300
28862  -0.042400
28863  -0.045800
28864  -0.045400
28865  -0.042700
28866  -0.037700
28867  -0.039600
28868  -0.043600
28869  -0.039200
28870  -0.041200
28871  -0.040300
28872  -0.041400
28873  -0.043000
28874  -0.040800
28875  -0.040600
28876  -0.041900
28877  -0.043700
28878  -0.044800
28879  -0.042000
28880  -0.044000
28881  -0.044100
28882  -0.045000
28883  -0.040000
28884  -0.041700
28885  -0.038700
28886  -0.036400
28887  -0.038200
28888  -0.041700
28889  -0.040100
28890  -0.035200
28891  -0.025200
28892  -0.027500
28893  -0.024100
28894  -0.023900
28895  -0.025100
28896  -0.026000
28897  -0.026400
28898  -0.023200
28899  -0.022300
28900  -0.020000
28901  -0.022100
28902  -0.023700
28903  -0.019700
28904  -0.021800
28905  -0.019200
28906  -0.021700
28907  -0.018600
28908  -0.017000
28909  -0.014100
28910  -0.018900
28911  -0.012900
28912  -0.012900
28913  -0.012600
28914  -0.016400
28915  -0.018200
28916  -0.022100
28917  -0.018900
28918  -0.019400
28919  -0.021200
28920  -0.021500
28921  -0.021200
28922  -0.022000
28923  -0.019600
28924  -0.023100
28925  -0.025400
28926  -0.022200
28927  -0.026800
28928  -0.026500
28929  -0.026400
28930  -0.021100
28931  -0.020800
28932  -0.019900
28933  -0.027600
28934  -0.016100
28935  -0.016400
28936  -0.011500
28937  -0.004200
28938   0.004500
28939   0.008400
28940   0.014300
28941   0.017500
28942   0.020600
28943   0.021600
28944   0.016000
28945   0.015300
28946   0.015400
28947   0.014700
28948   0.010300
28949   0.008300
28950   0.005300
28951   0.003900
28952   0.001000
28953  -0.002700
28954  -0.000600
28955   0.003100
28956   0.007600
28957   0.005700
28958   0.005500
28959   0.007700
28960   0.009700
28961   0.009900
28962   0.006000
28963   0.005100
28964   0.004500
28965   0.010000
28966   0.005800
28967   0.001300
28968  -0.001900
28969   0.004300
28970   0.004600
28971   0.010700
28972   0.011000
28973   0.011800
28974   0.008700
28975   0.010200
28976   0.004700
28977   0.002900
28978   0.002200
28979   0.006200
28980   0.009700
28981   0.009500
28982   0.007900
28983   0.003900
28984  -0.001000
28985  -0.004400
28986  -0.006700
28987  -0.008500
28988  -0.014800
28989  -0.017300
28990  -0.018000
28991  -0.024000
28992  -0.028800
28993  -0.027700
28994  -0.028700
28995  -0.031400
28996  -0.030300
28997  -0.037300
28998  -0.038800
28999  -0.032300
29000  -0.036500
29001  -0.036600
29002  -0.037400
29003  -0.036900
29004  -0.032500
29005  -0.030600
29006  -0.032400
29007  -0.036000
29008  -0.042700
29009  -0.041500
29010  -0.042500
29011  -0.045600
29012  -0.048300
29013  -0.047600
29014  -0.045000
29015  -0.036100
29016  -0.042700
29017  -0.040700
29018  -0.041600
29019  -0.047600
29020  -0.048800
29021  -0.046000
29022  -0.042700
29023  -0.045400
29024  -0.039300
29025  -0.034200
29026  -0.035800
29027  -0.037900
29028  -0.030300
29029  -0.026000
29030  -0.032500
29031  -0.031000
29032  -0.025000
29033  -0.020600
29034  -0.023700
29035  -0.028300
29036  -0.036500
29037  -0.036800
29038  -0.031900
29039  -0.029900
29040  -0.029900
29041  -0.029000
29042  -0.033200
29043  -0.036700
29044  -0.035600
29045  -0.035100
29046  -0.039700
29047  -0.043700
29048  -0.045500
29049  -0.053900
29050  -0.054700
29051  -0.052800
29052  -0.055800
29053  -0.056400
29054  -0.054400
29055  -0.050500
29056  -0.046300
29057  -0.045300
29058  -0.043900
29059  -0.043800
29060  -0.042700
29061  -0.033200
29062  -0.039000
29063  -0.039600
29064  -0.038700
29065  -0.038500
29066  -0.042800
29067  -0.041400
29068  -0.038600
29069  -0.035500
29070  -0.034000
29071  -0.037100
29072  -0.036000
29073  -0.030700
29074  -0.022900
29075  -0.021700
29076  -0.024200
29077  -0.027400
29078  -0.024200
29079  -0.020900
29080  -0.014300
29081  -0.018600
29082  -0.024000
29083  -0.025800
29084  -0.029300
29085  -0.028800
29086  -0.033700
29087  -0.023900
29088  -0.021900
29089  -0.014800
29090  -0.015400
29091  -0.016000
29092  -0.016900
29093  -0.014400
29094  -0.020600
29095  -0.027700
29096  -0.027300
29097  -0.030000
29098  -0.026400
29099  -0.026100
29100  -0.018400
29101  -0.014100
29102  -0.016500
29103  -0.018200
29104  -0.009000
29105  -0.005900
29106  -0.003400
29107   0.000400
29108   0.004000
29109   0.000500
29110   0.011300
29111   0.006900
29112  -0.000300
29113   0.000800
29114   0.003900
29115   0.001300
29116  -0.003700
29117  -0.005700
29118  -0.004900
29119  -0.002100
29120  -0.000100
29121  -0.001900
29122  -0.007600
29123  -0.012500
29124  -0.002900
29125  -0.004700
29126  -0.012700
29127  -0.005900
29128  -0.007500
29129  -0.016500
29130  -0.015800
29131  -0.014400
29132  -0.010700
29133  -0.009400
29134  -0.012700
29135  -0.016100
29136  -0.016500
29137  -0.018800
29138  -0.018500
29139  -0.017300
29140  -0.012300
29141  -0.009400
29142  -0.010200
29143  -0.008000
29144  -0.006100
29145  -0.005100
29146  -0.007900
29147  -0.005200
29148  -0.004200
29149  -0.006700
29150  -0.002300
29151  -0.001700
29152  -0.002700
29153  -0.005600
29154   0.002000
29155  -0.003500
29156   0.008200
29157   0.001700
29158   0.003200
29159   0.008000
29160   0.011300
29161   0.011800
29162   0.019100
29163   0.013300
29164   0.015700
29165   0.016700
29166   0.015400
29167   0.016800
29168   0.006500
29169   0.013300
29170   0.018400
29171   0.021600
29172   0.020500
29173   0.017800
29174   0.013400
29175   0.014600
29176   0.018300
29177   0.023200
29178   0.022700
29179   0.018800
29180   0.019800
29181   0.021400
29182   0.017900
29183   0.021200
29184   0.020600
29185   0.022000
29186   0.025700
29187   0.027500
29188   0.026800
29189   0.020900
29190   0.020600
29191   0.021000
29192   0.015700
29193   0.015200
29194   0.012300
29195   0.012900
29196   0.013000
29197   0.014800
29198   0.015100
29199   0.012200
29200   0.017300
29201   0.017600
29202   0.007600
29203   0.007800
29204   0.012900
29205   0.011800
29206   0.004900
29207   0.004900
29208   0.011300
29209   0.013200
29210   0.009400
29211   0.011300
29212   0.008600
29213   0.009900
29214   0.015000
29215   0.007900
29216   0.008800
29217   0.011100
29218   0.002300
29219   0.008500
29220   0.013500
29221   0.011300
29222   0.016500
29223   0.009300
29224   0.008300
29225   0.014700
29226   0.014500
29227   0.014300
29228   0.015300
29229   0.013000
29230   0.018700
29231   0.014400
29232   0.011200
29233   0.012000
29234   0.013700
29235   0.015300
29236   0.011600
29237   0.016300
29238   0.018500
29239   0.016300
29240   0.016500
29241   0.012800
29242   0.014200
29243   0.010900
29244   0.014200
29245   0.010200
29246   0.018300
29247   0.017600
29248   0.019900
29249   0.025000
29250   0.024400
29251   0.033300
29252   0.036800
29253   0.039000
29254   0.031800
29255   0.034100
29256   0.032600
29257   0.034100
29258   0.027900
29259   0.024900
29260   0.024300
29261   0.024800
29262   0.032200
29263   0.040300
29264   0.039100
29265   0.033700
29266   0.035500
29267   0.030000
29268   0.030300
29269   0.031700
29270   0.032000
29271   0.033700
29272   0.032500
29273   0.034400
29274   0.034500
29275   0.037000
29276   0.040300
29277   0.035200
29278   0.038900
29279   0.042300
29280   0.043800
29281   0.048600
29282   0.046000
29283   0.041600
29284   0.046600
29285   0.047800
29286   0.049300
29287   0.050400
29288   0.050600
29289   0.055400
29290   0.053900
29291   0.044000
29292   0.036900
29293   0.036200
29294   0.042900
29295   0.047600
29296   0.049800
29297   0.040400
29298   0.044300
29299   0.040400
29300   0.040800
29301   0.043800
29302   0.047700
29303   0.046300
29304   0.044300
29305   0.039600
29306   0.034800
29307   0.040100
29308   0.041700
29309   0.043000
29310   0.043100
29311   0.039900
29312   0.037600
29313   0.032400
29314   0.036500
29315   0.042100
29316   0.037800
29317   0.033200
29318   0.035400
29319   0.033600
29320   0.037900
29321   0.037800
29322   0.040900
29323   0.037500
29324   0.032900
29325   0.032500
29326   0.034200
29327   0.035500
29328   0.032000
29329   0.035900
29330   0.037200
29331   0.034100
29332   0.033100
29333   0.031300
29334   0.028700
29335   0.033100
29336   0.025900
29337   0.021400
29338   0.015500
29339   0.015400
29340   0.014800
29341   0.015100
29342   0.016100
29343   0.017200
29344   0.013400
29345   0.011900
29346   0.010800
29347   0.005000
29348   0.002600
29349   0.002900
29350   0.000500
29351  -0.001100
29352  -0.005000
29353   0.001800
29354  -0.003600
29355   0.003500
29356   0.004000
29357   0.006200
29358   0.003700
29359   0.001400
29360   0.004800
29361   0.008100
29362   0.012400
29363   0.006900
29364   0.004000
29365   0.003300
29366   0.003600
29367   0.005700
29368   0.012400
29369   0.010700
29370   0.010900
29371   0.012200
29372   0.007400
29373   0.013100
29374   0.004900
29375   0.004800
29376   0.010100
29377   0.009500
29378   0.008900
29379   0.012200
29380   0.011800
29381   0.011200
29382   0.009600
29383   0.007300
29384   0.005600
29385   0.004700
29386   0.003200
29387   0.007500
29388   0.007800
29389   0.007300
29390   0.007500
29391   0.010400
29392   0.010300
29393   0.013300
29394   0.009300
29395   0.013100
29396   0.014500
29397   0.018200
29398   0.014500
29399   0.019900
29400   0.017500
29401   0.017100
29402   0.019400
29403   0.015200
29404   0.008600
29405   0.008400
29406   0.004800
29407   0.010000
29408   0.011700
29409   0.007900
29410   0.010800
29411   0.011000
29412   0.015500
29413   0.025200
29414   0.028200
29415   0.035700
29416   0.034300
29417   0.033000
29418   0.028000
29419   0.029200
29420   0.033300
29421   0.031000
29422   0.034600
29423   0.032200
29424   0.028400
29425   0.029000
29426   0.032200
29427   0.029500
29428   0.031400
29429   0.032400
29430   0.037000
29431   0.038900
29432   0.040900
29433   0.040200
29434   0.040800
29435   0.041600
29436   0.042300
29437   0.044000
29438   0.041600
29439   0.040200
29440   0.034800
29441   0.035300
29442   0.037900
29443   0.033100
29444   0.033000
29445   0.031900
29446   0.034000
29447   0.042100
29448   0.046800
29449   0.042100
29450   0.040900
29451   0.035400
29452   0.036000
29453   0.029700
29454   0.031700
29455   0.026500
29456   0.030400
29457   0.034500
29458   0.032800
29459   0.028700
29460   0.034300
29461   0.035400
29462   0.042500
29463   0.047000
29464   0.050200
29465   0.047200
29466   0.053000
29467   0.047300
29468   0.045500
29469   0.039800
29470   0.042000
29471   0.046100
29472   0.046200
29473   0.045900
29474   0.050700
29475   0.048400
29476   0.051200
29477   0.049300
29478   0.050400
29479   0.050500
29480   0.053200
29481   0.053600
29482   0.054500
29483   0.049200
29484   0.050100
29485   0.056400
29486   0.059000
29487   0.054600
29488   0.058300
29489   0.054300
29490   0.058500
29491   0.062600
29492   0.060800
29493   0.058700
29494   0.065300
29495   0.060900
29496   0.058700
29497   0.061600
29498   0.056100
29499   0.050900
29500   0.048600
29501   0.054300
29502   0.056600
29503   0.052200
29504   0.055400
29505   0.056200
29506   0.054900
29507   0.056700
29508   0.056200
29509   0.054500
29510   0.058700
29511   0.058900
29512   0.054400
29513   0.051500
29514   0.061800
29515   0.059400
29516   0.066200
29517   0.063200
29518   0.068300
29519   0.060100
29520   0.069500
29521   0.067800
29522   0.061900
29523   0.060700
29524   0.056300
29525   0.053300
29526   0.054300
29527   0.049500
29528   0.051700
29529   0.051500
29530   0.050800
29531   0.048700
29532   0.053400
29533   0.051400
29534   0.046700
29535   0.044900
29536   0.042300
29537   0.039200
29538   0.032300
29539   0.034400
29540   0.037100
29541   0.035500
29542   0.042100
29543   0.032100
29544   0.030800
29545   0.028500
29546   0.032400
29547   0.032000
29548   0.031100
29549   0.030600
29550   0.031000
29551   0.036100
29552   0.035600
29553   0.032400
29554   0.033900
29555   0.033500
29556   0.032400
29557   0.030300
29558   0.035000
29559   0.038800
29560   0.041300
29561   0.037000
29562   0.040100
29563   0.050700
29564   0.045900
29565   0.053500
29566   0.054700
29567   0.056100
29568   0.056100
29569   0.055700
29570   0.058400
29571   0.064300
29572   0.062400
29573   0.066600
29574   0.066500
29575   0.063700
29576   0.056600
29577   0.058800
29578   0.051800
29579   0.049900
29580   0.048700
29581   0.049800
29582   0.044900
29583   0.042400
29584   0.042800
29585   0.034800
29586   0.041300
29587   0.040100
29588   0.041500
29589   0.035200
29590   0.030600
29591   0.030800
29592   0.034800
29593   0.028800
29594   0.032600
29595   0.028100
29596   0.022000
29597   0.026900
29598   0.025800
29599   0.027200
29600   0.028600
29601   0.030000
29602   0.037700
29603   0.047100
29604   0.051300
29605   0.049900
29606   0.050300
29607   0.048200
29608   0.047800
29609   0.047800
29610   0.044400
29611   0.039600
29612   0.042100
29613   0.038300
29614   0.044200
29615   0.047200
29616   0.042800
29617   0.048300
29618   0.050500
29619   0.051500
29620   0.046200
29621   0.044400
29622   0.048000
29623   0.044200
29624   0.043800
29625   0.043400
29626   0.042300
29627   0.039100
29628   0.038200
29629   0.043300
29630   0.046300
29631   0.044700
29632   0.049300
29633   0.049400
29634   0.044400
29635   0.039200
29636   0.041100
29637   0.045000
29638   0.049200
29639   0.046400
29640   0.045600
29641   0.047800
29642   0.050100
29643   0.049700
29644   0.054500
29645   0.053800
29646   0.053900
29647   0.055800
29648   0.057200
29649   0.061400
29650   0.067600
29651   0.065000
29652   0.062000
29653   0.062500
29654   0.064000
29655   0.063100
29656   0.059600
29657   0.058000
29658   0.059600
29659   0.059300
29660   0.062000
29661   0.060200
29662   0.062400
29663   0.063600
29664   0.062800
29665   0.058300
29666   0.060400
29667   0.059800
29668   0.058400
29669   0.060400
29670   0.064900
29671   0.065800
29672   0.064300
29673   0.064900
29674   0.068300
29675   0.070200
29676   0.070900
29677   0.063200
29678   0.072200
29679   0.073700
29680   0.070700
29681   0.071200
29682   0.069300
29683   0.073600
29684   0.066600
29685   0.065600
29686   0.069500
29687   0.067200
29688   0.063700
29689   0.064300
29690   0.061100
29691   0.064500
29692   0.064100
29693   0.065200
29694   0.065500
29695   0.068100
29696   0.069000
29697   0.070600
29698   0.070900
29699   0.066200
29700   0.063700
29701   0.067500
29702   0.067600
29703   0.066100
29704   0.065400
29705   0.062500
29706   0.059100
29707   0.054400
29708   0.057300
29709   0.057500
29710   0.055000
29711   0.053300
29712   0.052100
29713   0.045200
29714   0.039200
29715   0.039000
29716   0.035400
29717   0.036200
29718   0.034700
29719   0.041700
29720   0.041500
29721   0.033100
29722   0.029400
29723   0.032300
29724   0.030000
29725   0.028400
29726   0.025800
29727   0.022100
29728   0.028700
29729   0.028200
29730   0.024300
29731   0.022700
29732   0.020600
29733   0.018100
29734   0.019500
29735   0.016100
29736   0.016400
29737   0.019700
29738   0.017700
29739   0.021500
29740   0.023100
29741   0.022000
29742   0.024700
29743   0.016800
29744   0.022500
29745   0.022700
29746   0.024800
29747   0.027300
29748   0.029100
29749   0.027700
29750   0.031600
29751   0.030600
29752   0.025600
29753   0.027200
29754   0.029800
29755   0.036500
29756   0.035900
29757   0.036700
29758   0.037700
29759   0.040500
29760   0.045400
29761   0.047000
29762   0.045800
29763   0.042700
29764   0.044300
29765   0.044700
29766   0.054900
29767   0.050600
29768   0.051100
29769   0.054800
29770   0.060700
29771   0.060900
29772   0.064600
29773   0.061900
29774   0.066300
29775   0.068200
29776   0.065300
29777   0.063200
29778   0.060900
29779   0.061200
29780   0.065300
29781   0.070300
29782   0.072300
29783   0.080900
29784   0.085900
29785   0.089300
29786   0.084700
29787   0.084500
29788   0.080100
29789   0.084100
29790   0.079900
29791   0.080400
29792   0.079700
29793   0.073800
29794   0.067400
29795   0.070400
29796   0.069200
29797   0.072400
29798   0.075500
29799   0.073100
29800   0.074600
29801   0.077800
29802   0.073100
29803   0.079500
29804   0.081900
29805   0.078500
29806   0.072400
29807   0.071400
29808   0.068000
29809   0.060300
29810   0.070700
29811   0.070000
29812   0.069300
29813   0.071300
29814   0.067300
29815   0.068700
29816   0.069200
29817   0.068900
29818   0.064500
29819   0.068300
29820   0.057100
29821   0.057200
29822   0.057900
29823   0.057300
29824   0.058600
29825   0.064800
29826   0.068400
29827   0.068500
29828   0.071200
29829   0.076500
29830   0.073800
29831   0.068400
29832   0.066700
29833   0.064600
29834   0.058300
29835   0.056500
29836   0.057800
29837   0.056700
29838   0.060800
29839   0.054700
29840   0.054800
29841   0.057800
29842   0.058700
29843   0.062100
29844   0.057100
29845   0.057200
29846   0.055300
29847   0.052200
29848   0.058200
29849   0.050200
29850   0.054500
29851   0.050900
29852   0.052400
29853   0.040400
29854   0.046000
29855   0.041900
29856   0.041900
29857   0.042200
29858   0.038800
29859   0.036800
29860   0.033100
29861   0.031000
29862   0.034100
29863   0.032700
29864   0.032800
29865   0.032500
29866   0.032000
29867   0.030400
29868   0.031400
29869   0.028700
29870   0.026600
29871   0.028300
29872   0.028900
29873   0.031200
29874   0.030700
29875   0.031000
29876   0.027900
29877   0.027900
29878   0.022000
29879   0.029000
29880   0.026700
29881   0.031500
29882   0.030900
29883   0.030600
29884   0.023600
29885   0.029500
29886   0.026200
29887   0.024900
29888   0.024100
29889   0.027000
29890   0.025500
29891   0.028500
29892   0.016700
29893   0.020800
29894   0.023700
29895   0.032000
29896   0.033600
29897   0.030100
29898   0.033800
29899   0.031100
29900   0.029300
29901   0.027100
29902   0.022200
29903   0.025200
29904   0.025600
29905   0.022500
29906   0.033000
29907   0.034100
29908   0.036200
29909   0.033300
29910   0.031100
29911   0.033700
29912   0.034400
29913   0.037600
29914   0.038500
29915   0.034500
29916   0.036500
29917   0.034500
29918   0.027400
29919   0.034100
29920   0.036800
29921   0.043800
29922   0.047700
29923   0.049300
29924   0.046300
29925   0.046900
29926   0.046000
29927   0.042400
29928   0.036100
29929   0.038300
29930   0.033100
29931   0.029900
29932   0.027900
29933   0.031900
29934   0.035800
29935   0.032000
29936   0.034500
29937   0.037900
29938   0.046400
29939   0.038900
29940   0.033600
29941   0.029100
29942   0.026700
29943   0.024700
29944   0.024300
29945   0.026500
29946   0.030300
29947   0.026400
29948   0.025200
29949   0.030400
29950   0.027500
29951   0.029800
29952   0.024800
29953   0.024800
29954   0.027500
29955   0.031900
29956   0.028400
29957   0.024900
29958   0.029800
29959   0.026100
29960   0.028600
29961   0.026200
29962   0.030000
29963   0.025200
29964   0.026800
29965   0.026200
29966   0.022600
29967   0.021300
29968   0.025900
29969   0.019000
29970   0.015200
29971   0.017600
29972   0.022000
29973   0.022700
29974   0.018800
29975   0.016800
29976   0.014700
29977   0.015400
29978   0.016500
29979   0.015300
29980   0.017600
29981   0.019300
29982   0.022800
29983   0.017400
29984   0.016200
29985   0.014900
29986   0.012400
29987   0.010600
29988   0.011500
29989   0.013200
29990   0.016200
29991   0.018900
29992   0.017700
29993   0.016500
29994   0.013700
29995   0.008700
29996   0.006500
29997   0.005000
29998   0.005600
29999   0.002200
30000  -0.002400
30001  -0.001100
30002   0.001300
30003  -0.000700
30004  -0.000800
30005  -0.004400
30006  -0.008500
30007  -0.007400
30008   0.003200
30009   0.001800
30010   0.002300
30011   0.004000
30012   0.003400
30013   0.000200
30014   0.005400
30015   0.004700
30016  -0.001500
30017  -0.001600
30018   0.002800
30019   0.001400
30020  -0.004300
30021   0.000200
30022   0.000200
30023   0.000600
30024  -0.001900
30025   0.001700
30026  -0.001100
30027  -0.001200
30028   0.004200
30029   0.009500
30030   0.010300
30031   0.014300
30032   0.015400
30033   0.020100
30034   0.020200
30035   0.016800
30036   0.025700
30037   0.028200
30038   0.023100
30039   0.027100
30040   0.030300
30041   0.030600
30042   0.036200
30043   0.037600
30044   0.040400
30045   0.041300
30046   0.043100
30047   0.041900
30048   0.041500
30049   0.038700
30050   0.039600
30051   0.034200
30052   0.028000
30053   0.028000
30054   0.027200
30055   0.025500
30056   0.021600
30057   0.027600
30058   0.026400
30059   0.028300
30060   0.029600
30061   0.031900
30062   0.031000
30063   0.030600
30064   0.037600
30065   0.039300
30066   0.035200
30067   0.038600
30068   0.037700
30069   0.038400
30070   0.042200
30071   0.044800
30072   0.051200
30073   0.051200
30074   0.053900
30075   0.051000
30076   0.048400
30077   0.046200
30078   0.047200
30079   0.044300
30080   0.038800
30081   0.038700
30082   0.039400
30083   0.040000
30084   0.042400
30085   0.045500
30086   0.042500
30087   0.039000
30088   0.037000
30089   0.038200
30090   0.039500
30091   0.040300
30092   0.041400
30093   0.038500
30094   0.043300
30095   0.046100
30096   0.045400
30097   0.043400
30098   0.040100
30099   0.045700
30100   0.043200
30101   0.042900
30102   0.038900
30103   0.029600
30104   0.032900
30105   0.028700
30106   0.027900
30107   0.034300
30108   0.033300
30109   0.031300
30110   0.029700
30111   0.030500
30112   0.037600
30113   0.037900
30114   0.037000
30115   0.035100
30116   0.035400
30117   0.031300
30118   0.029900
30119   0.030800
30120   0.033700
30121   0.036900
30122   0.038300
30123   0.036400
30124   0.039200
30125   0.040500
30126   0.043400
30127   0.047400
30128   0.039900
30129   0.041000
30130   0.034100
30131   0.040600
30132   0.042100
30133   0.037600
30134   0.033900
30135   0.033600
30136   0.033300
30137   0.039400
30138   0.035200
30139   0.035500
30140   0.035500
30141   0.033900
30142   0.035100
30143   0.036000
30144   0.037100
30145   0.035200
30146   0.029500
30147   0.033000
30148   0.029100
30149   0.027900
30150   0.031700
30151   0.027500
30152   0.026900
30153   0.020800
30154   0.016800
30155   0.019300
30156   0.022300
30157   0.026100
30158   0.023600
30159   0.021600
30160   0.028000
30161   0.024900
30162   0.031700
30163   0.040900
30164   0.046100
30165   0.035100
30166   0.037400
30167   0.035100
30168   0.035100
30169   0.039500
30170   0.043900
30171   0.043100
30172   0.036600
30173   0.027600
30174   0.023400
30175   0.024200
30176   0.018700
30177   0.021100
30178   0.020100
30179   0.022900
30180   0.021300
30181   0.030000
30182   0.028400
30183   0.028200
30184   0.024000
30185   0.027600
30186   0.025700
30187   0.023800
30188   0.019800
30189   0.017100
30190   0.021000
30191   0.023800
30192   0.030900
30193   0.036500
30194   0.029000
30195   0.030400
30196   0.023400
30197   0.027100
30198   0.023200
30199   0.023200
30200   0.023200
30201   0.016400
30202   0.008900
30203   0.009200
30204   0.008300
30205   0.006500
30206   0.006300
30207   0.006500
30208   0.005700
30209   0.004600
30210   0.002800
30211   0.011400
30212   0.012000
30213   0.010300
30214   0.006000
30215   0.015100
30216   0.010900
30217   0.009700
30218   0.003900
30219   0.010400
30220   0.002800
30221   0.003700
30222  -0.000700
30223   0.007700
30224   0.003500
30225   0.009800
30226   0.004200
30227   0.000100
30228   0.008400
30229   0.007600
30230   0.006100
30231   0.000900
30232   0.002100
30233   0.005800
30234   0.005300
30235   0.009100
30236   0.006500
30237   0.007400
30238   0.005800
30239   0.004100
30240   0.003200
30241  -0.001400
30242   0.006500
30243   0.005900
30244   0.007400
30245   0.001200
30246   0.009200
30247   0.008600
30248   0.007500
30249   0.002900
30250   0.006400
30251   0.011100
30252   0.012700
30253   0.014400
30254   0.015800
30255   0.017400
30256   0.016000
30257   0.016300
30258   0.018000
30259   0.023100
30260   0.021500
30261   0.022900
30262   0.022500
30263   0.023700
30264   0.017300
30265   0.013500
30266   0.010400
30267   0.011800
30268   0.017800
30269   0.011100
30270   0.011700
30271   0.012400
30272   0.011400
30273   0.007400
30274   0.003800
30275   0.006900
30276   0.002200
30277   0.004500
30278   0.006400
30279   0.012800
30280   0.003000
30281   0.009900
30282   0.010300
30283   0.015800
30284   0.021100
30285   0.017900
30286   0.008400
30287   0.013500
30288   0.012000
30289   0.013700
30290   0.013400
30291   0.013400
30292   0.014600
30293   0.016300
30294   0.018300
30295   0.013600
30296   0.013600
30297   0.017600
30298   0.017000
30299   0.019300
30300   0.017100
30301   0.019000
30302   0.017000
30303   0.021900
30304   0.028400
30305   0.031000
30306   0.034200
30307   0.040600
30308   0.042800
30309   0.044000
30310   0.046200
30311   0.048200
30312   0.038500
30313   0.040300
30314   0.037400
30315   0.030700
30316   0.032500
30317   0.035500
30318   0.037000
30319   0.031900
30320   0.037900
30321   0.035000
30322   0.038200
30323   0.038000
30324   0.039900
30325   0.034100
30326   0.034700
30327   0.029700
30328   0.031800
30329   0.029500
30330   0.029700
30331   0.033400
30332   0.035000
30333   0.041700
30334   0.046200
30335   0.048200
30336   0.044500
30337   0.040400
30338   0.043600
30339   0.036900
30340   0.043700
30341   0.042100
30342   0.038200
30343   0.035000
30344   0.030700
30345   0.036100
30346   0.033300
30347   0.038700
30348   0.042500
30349   0.040700
30350   0.042700
30351   0.041300
30352   0.040000
30353   0.040100
30354   0.037700
30355   0.032800
30356   0.032300
30357   0.039500
30358   0.035200
30359   0.034400
30360   0.036700
30361   0.030800
30362   0.041100
30363   0.041100
30364   0.042200
30365   0.045200
30366   0.041100
30367   0.046000
30368   0.051600
30369   0.051000
30370   0.045100
30371   0.044800
30372   0.040600
30373   0.045900
30374   0.043000
30375   0.043100
30376   0.041500
30377   0.041700
30378   0.051400
30379   0.053800
30380   0.054500
30381   0.052300
30382   0.058200
30383   0.054100
30384   0.057900
30385   0.061600
30386   0.064600
30387   0.063200
30388   0.060400
30389   0.058800
30390   0.059600
30391   0.061600
30392   0.056300
30393   0.054000
30394   0.053700
30395   0.054000
30396   0.054700
30397   0.056300
30398   0.052300
30399   0.052200
30400   0.057000
30401   0.052900
30402   0.052100
30403   0.058000
30404   0.064200
30405   0.066400
30406   0.066800
30407   0.066600
30408   0.057900
30409   0.064300
30410   0.058400
30411   0.061800
30412   0.054200
30413   0.056000
30414   0.046200
30415   0.042600
30416   0.041700
30417   0.046900
30418   0.046600
30419   0.049600
30420   0.055600
30421   0.052700
30422   0.052800
30423   0.047700
30424   0.042500
30425   0.040800
30426   0.032600
30427   0.034600
30428   0.032300
30429   0.038600
30430   0.043300
30431   0.044800
30432   0.046600
30433   0.043800
30434   0.047000
30435   0.052200
30436   0.052100
30437   0.049600
30438   0.048000
30439   0.044600
30440   0.037500
30441   0.036400
30442   0.042100
30443   0.042300
30444   0.046200
30445   0.049200
30446   0.052300
30447   0.050500
30448   0.047800
30449   0.053800
30450   0.052900
30451   0.050800
30452   0.047400
30453   0.047900
30454   0.044500
30455   0.042000
30456   0.035800
30457   0.030700
30458   0.033400
30459   0.031600
30460   0.034600
30461   0.036600
30462   0.029000
30463   0.022700
30464   0.021700
30465   0.025000
30466   0.028600
30467   0.030300
30468   0.027400
30469   0.028200
30470   0.027300
30471   0.024700
30472   0.021900
30473   0.022500
30474   0.021900
30475   0.016500
30476   0.009000
30477   0.005300
30478   0.007500
30479   0.011800
30480   0.015000
30481   0.012100
30482   0.023000
30483   0.023500
30484   0.027200
30485   0.021100
30486   0.022700
30487   0.016700
30488   0.015000
30489   0.013000
30490   0.016700
30491   0.014700
30492   0.014300
30493   0.013500
30494   0.010700
30495   0.011400
30496   0.009300
30497   0.011200
30498   0.009200
30499   0.007500
30500   0.004800
30501  -0.002200
30502   0.000600
30503  -0.000500
30504   0.004100
30505   0.004500
30506   0.008300
30507   0.005700
30508   0.007100
30509   0.009500
30510   0.006800
30511   0.005200
30512   0.009100
30513   0.013000
30514   0.008700
30515   0.005700
30516   0.001900
30517   0.002100
30518   0.003000
30519   0.005200
30520   0.005500
30521   0.006600
30522   0.006800
30523   0.002200
30524   0.003900
30525   0.007300
30526   0.004100
30527  -0.001400
30528   0.009600
30529   0.007300
30530   0.008400
30531   0.008900
30532   0.005700
30533   0.011300
30534   0.009200
30535   0.011500
30536   0.009800
30537   0.012400
30538   0.011000
30539   0.011400
30540   0.009300
30541   0.013100
30542   0.016900
30543   0.014800
30544   0.018800
30545   0.015500
30546   0.013600
30547   0.010400
30548   0.014300
30549   0.020400
30550   0.021000
30551   0.025000
30552   0.026500
30553   0.033800
30554   0.029300
30555   0.030200
30556   0.033000
30557   0.032300
30558   0.032600
30559   0.034300
30560   0.034800
30561   0.037300
30562   0.041600
30563   0.037000
30564   0.036500
30565   0.033000
30566   0.026200
30567   0.026100
30568   0.032300
30569   0.030700
30570   0.030400
30571   0.029000
30572   0.027600
30573   0.024300
30574   0.020000
30575   0.021400
30576   0.022800
30577   0.021200
30578   0.021600
30579   0.020700
30580   0.018800
30581   0.019800
30582   0.027700
30583   0.028800
30584   0.022400
30585   0.024100
30586   0.030300
30587   0.026600
30588   0.030600
30589   0.024800
30590   0.019200
30591   0.020800
30592   0.021100
30593   0.015000
30594   0.017000
30595   0.016700
30596   0.018700
30597   0.020800
30598   0.014600
30599   0.015300
30600   0.016900
30601   0.018100
30602   0.015600
30603   0.014400
30604   0.014000
30605   0.016900
30606   0.021700
30607   0.016000
30608   0.014500
30609   0.016000
30610   0.017600
30611   0.018000
30612   0.018400
30613   0.015100
30614   0.011500
30615   0.013400
30616   0.013900
30617   0.011700
30618   0.002200
30619  -0.002100
30620   0.001000
30621   0.003100
30622   0.000800
30623  -0.002000
30624  -0.003700
30625  -0.006900
30626  -0.016100
30627  -0.013800
30628  -0.014200
30629  -0.017900
30630  -0.018300
30631  -0.015800
30632  -0.021300
30633  -0.015200
30634  -0.016300
30635  -0.016700
30636  -0.016900
30637  -0.019900
30638  -0.014100
30639  -0.014200
30640  -0.014100
30641  -0.018500
30642  -0.017700
30643  -0.016600
30644  -0.020300
30645  -0.011400
30646  -0.014700
30647  -0.018200
30648  -0.022600
30649  -0.023500
30650  -0.018200
30651  -0.019000
30652  -0.017100
30653  -0.011900
30654  -0.009600
30655  -0.005000
30656  -0.007700
30657  -0.008300
30658  -0.003500
30659  -0.007200
30660  -0.008800
30661  -0.010900
30662  -0.016500
30663  -0.019200
30664  -0.018800
30665  -0.025600
30666  -0.020700
30667  -0.024800
30668  -0.021700
30669  -0.024000
30670  -0.022500
30671  -0.024500
30672  -0.029300
30673  -0.031700
30674  -0.039100
30675  -0.033800
30676  -0.034800
30677  -0.035300
30678  -0.034300
30679  -0.035900
30680  -0.035700
30681  -0.028900
30682  -0.028700
30683  -0.029000
30684  -0.028800
30685  -0.021300
30686  -0.017800
30687  -0.021700
30688  -0.015500
30689  -0.014100
30690  -0.013200
30691  -0.009900
30692  -0.009000
30693  -0.004000
30694  -0.006700
30695  -0.006400
30696  -0.005600
30697  -0.007500
30698  -0.002500
30699  -0.003700
30700  -0.004500
30701  -0.005800
30702  -0.007500
30703  -0.013400
30704  -0.009800
30705  -0.017300
30706  -0.022700
30707  -0.014400
30708  -0.014100
30709  -0.011500
30710  -0.016200
30711  -0.012200
30712  -0.012800
30713  -0.018500
30714  -0.015100
30715  -0.016900
30716  -0.016700
30717  -0.006000
30718  -0.008600
30719  -0.014600
30720  -0.014200
30721  -0.019700
30722  -0.019800
30723  -0.017300
30724  -0.013700
30725  -0.014900
30726  -0.015700
30727  -0.015400
30728  -0.011500
30729  -0.011400
30730  -0.015900
30731  -0.017500
30732  -0.015200
30733  -0.007100
30734  -0.003000
30735  -0.004300
30736  -0.003100
30737  -0.001400
30738  -0.003300
30739   0.002700
30740   0.003400
30741   0.007800
30742   0.010200
30743   0.013700
30744   0.019900
30745   0.017800
30746   0.023100
30747   0.025200
30748   0.032200
30749   0.032600
30750   0.037900
30751   0.041800
30752   0.042900
30753   0.036300
30754   0.036100
30755   0.034300
30756   0.040100
30757   0.042000
30758   0.042100
30759   0.041900
30760   0.036100
30761   0.040900
30762   0.044400
30763   0.038300
30764   0.031000
30765   0.023400
30766   0.030100
30767   0.026800
30768   0.024400
30769   0.023000
30770   0.024100
30771   0.029400
30772   0.028400
30773   0.029200
30774   0.024500
30775   0.012800
30776   0.010300
30777   0.013300
30778   0.016600
30779   0.020700
30780   0.019400
30781   0.020400
30782   0.024900
30783   0.025900
30784   0.023900
30785   0.023500
30786   0.023300
30787   0.023600
30788   0.026200
30789   0.028200
30790   0.034600
30791   0.033700
30792   0.036700
30793   0.040600
30794   0.046900
30795   0.057200
30796   0.053500
30797   0.043300
30798   0.045200
30799   0.051700
30800   0.044900
30801   0.040100
30802   0.041200
30803   0.041600
30804   0.043800
30805   0.044500
30806   0.039200
30807   0.038600
30808   0.038700
30809   0.035400
30810   0.036800
30811   0.039400
30812   0.032900
30813   0.027600
30814   0.028600
30815   0.033300
30816   0.035000
30817   0.031600
30818   0.031800
30819   0.030600
30820   0.038600
30821   0.035600
30822   0.037300
30823   0.035400
30824   0.036000
30825   0.032700
30826   0.029100
30827   0.027400
30828   0.028300
30829   0.034100
30830   0.030000
30831   0.029400
30832   0.032000
30833   0.031000
30834   0.034700
30835   0.032200
30836   0.024000
30837   0.023200
30838   0.022400
30839   0.019300
30840   0.014700
30841   0.014600
30842   0.020000
30843   0.021600
30844   0.020000
30845   0.025900
30846   0.027000
30847   0.033000
30848   0.026400
30849   0.021500
30850   0.020500
30851   0.018000
30852   0.020700
30853   0.024600
30854   0.024200
30855   0.027800
30856   0.034900
30857   0.040800
30858   0.048300
30859   0.046000
30860   0.040900
30861   0.044300
30862   0.050100
30863   0.054000
30864   0.052700
30865   0.052600
30866   0.051600
30867   0.050300
30868   0.055700
30869   0.060200
30870   0.052900
30871   0.054300
30872   0.051700
30873   0.054500
30874   0.054300
30875   0.055600
30876   0.058700
30877   0.057900
30878   0.056000
30879   0.050500
30880   0.048400
30881   0.053800
30882   0.059600
30883   0.053900
30884   0.052800
30885   0.059200
30886   0.052800
30887   0.047000
30888   0.047400
30889   0.043500
30890   0.054300
30891   0.058400
30892   0.046900
30893   0.043500
30894   0.043300
30895   0.041200
30896   0.048500
30897   0.049900
30898   0.053100
30899   0.057400
30900   0.052800
30901   0.053100
30902   0.050000
30903   0.050500
30904   0.050900
30905   0.048300
30906   0.048700
30907   0.043700
30908   0.041400
30909   0.037100
30910   0.036300
30911   0.033700
30912   0.031700
30913   0.032200
30914   0.037400
30915   0.040200
30916   0.043900
30917   0.045400
30918   0.037300
30919   0.040000
30920   0.039200
30921   0.036500
30922   0.037200
30923   0.041600
30924   0.039700
30925   0.038600
30926   0.035400
30927   0.037400
30928   0.036400
30929   0.034400
30930   0.036300
30931   0.031900
30932   0.030400
30933   0.030900
30934   0.026600
30935   0.024300
30936   0.017700
30937   0.020800
30938   0.013100
30939   0.013800
30940   0.008000
30941   0.013700
30942   0.016300
30943   0.015700
30944   0.019100
30945   0.019900
30946   0.025400
30947   0.031100
30948   0.028400
30949   0.023400
30950   0.019900
30951   0.024500
30952   0.023500
30953   0.024100
30954   0.021100
30955   0.024500
30956   0.030600
30957   0.024000
30958   0.029100
30959   0.030000
30960   0.032700
30961   0.026200
30962   0.021500
30963   0.021200
30964   0.016100
30965   0.014500
30966   0.023900
30967   0.021200
30968   0.019100
30969   0.025800
30970   0.027900
30971   0.025600
30972   0.032100
30973   0.031400
30974   0.026100
30975   0.023900
30976   0.024000
30977   0.023700
30978   0.027500
30979   0.028800
30980   0.034100
30981   0.038300
30982   0.036400
30983   0.031700
30984   0.031400
30985   0.026700
30986   0.030000
30987   0.031600
30988   0.036900
30989   0.039500
30990   0.041800
30991   0.041100
30992   0.046000
30993   0.050300
30994   0.048800
30995   0.051000
30996   0.051700
30997   0.047000
30998   0.046400
30999   0.051100
31000   0.046600
31001   0.051300
31002   0.055300
31003   0.054600
31004   0.053300
31005   0.050200
31006   0.051800
31007   0.049400
31008   0.048200
31009   0.042700
31010   0.046700
31011   0.042200
31012   0.041200
31013   0.038900
31014   0.042400
31015   0.040900
31016   0.044300
31017   0.049400
31018   0.047400
31019   0.044400
31020   0.045400
31021   0.044400
31022   0.048600
31023   0.042500
31024   0.045000
31025   0.044000
31026   0.043700
31027   0.040700
31028   0.044200
31029   0.044300
31030   0.040000
31031   0.043000
31032   0.042100
31033   0.041200
31034   0.035100
31035   0.042600
31036   0.042500
31037   0.045800
31038   0.041100
31039   0.048200
31040   0.051700
31041   0.050600
31042   0.052300
31043   0.045100
31044   0.042800
31045   0.038000
31046   0.037000
31047   0.039800
31048   0.043300
31049   0.046000
31050   0.047100
31051   0.046400
31052   0.044000
31053   0.049000
31054   0.047000
31055   0.044600
31056   0.048100
31057   0.052900
31058   0.048500
31059   0.048500
31060   0.049000
31061   0.054700
31062   0.055700
31063   0.051800
31064   0.043900
31065   0.043400
31066   0.047200
31067   0.040700
31068   0.044800
31069   0.036400
31070   0.035800
31071   0.039500
31072   0.046600
31073   0.044800
31074   0.036400
31075   0.039200
31076   0.035700
31077   0.037500
31078   0.038200
31079   0.036500
31080   0.034500
31081   0.036900
31082   0.027900
31083   0.029400
31084   0.032600
31085   0.033500
31086   0.038800
31087   0.036700
31088   0.034900
31089   0.040000
31090   0.039600
31091   0.037600
31092   0.040700
31093   0.039300
31094   0.034500
31095   0.038100
31096   0.036200
31097   0.036400
31098   0.034500
31099   0.038700
31100   0.039700
31101   0.037000
31102   0.043100
31103   0.038600
31104   0.034200
31105   0.029700
31106   0.029100
31107   0.031300
31108   0.032100
31109   0.039000
31110   0.043100
31111   0.040000
31112   0.036200
31113   0.034800
31114   0.034200
31115   0.033400
31116   0.034300
31117   0.035800
31118   0.039200
31119   0.036100
31120   0.037300
31121   0.038500
31122   0.037400
31123   0.042100
31124   0.046000
31125   0.051000
31126   0.045700
31127   0.046300
31128   0.045400
31129   0.040600
31130   0.041600
31131   0.037300
31132   0.036800
31133   0.035600
31134   0.039000
31135   0.042100
31136   0.040600
31137   0.041300
31138   0.045600
31139   0.049200
31140   0.052500
31141   0.046800
31142   0.043500
31143   0.048900
31144   0.049100
31145   0.048400
31146   0.046600
31147   0.043000
31148   0.045700
31149   0.040600
31150   0.042600
31151   0.049900
31152   0.048300
31153   0.048000
31154   0.052200
31155   0.054600
31156   0.063500
31157   0.065200
31158   0.069800
31159   0.070100
31160   0.075400
31161   0.071200
31162   0.069000
31163   0.069000
31164   0.071000
31165   0.071400
31166   0.081900
31167   0.084100
31168   0.080000
31169   0.074600
31170   0.071400
31171   0.067300
31172   0.066700
31173   0.066700
31174   0.071400
31175   0.070800
31176   0.065700
31177   0.064400
31178   0.058700
31179   0.058700
31180   0.063800
31181   0.062400
31182   0.062400
31183   0.061700
31184   0.060000
31185   0.063300
31186   0.061600
31187   0.069100
31188   0.078000
31189   0.080100
31190   0.073000
31191   0.061900
31192   0.060700
31193   0.067600
31194   0.066800
31195   0.068200
31196   0.064600
31197   0.063000
31198   0.060600
31199   0.061500
31200   0.064100
31201   0.064700
31202   0.057200
31203   0.062600
31204   0.065800
31205   0.060100
31206   0.055200
31207   0.055600
31208   0.058800
31209   0.057900
31210   0.052800
31211   0.055200
31212   0.052400
31213   0.049900
31214   0.049100
31215   0.055000
31216   0.056900
31217   0.054100
31218   0.051800
31219   0.050700
31220   0.053000
31221   0.049000
31222   0.055200
31223   0.047600
31224   0.048300
31225   0.050100
31226   0.044500
31227   0.040700
31228   0.043200
31229   0.038900
31230   0.037800
31231   0.046300
31232   0.048500
31233   0.044700
31234   0.042900
31235   0.041600
31236   0.044600
31237   0.047600
31238   0.046900
31239   0.045500
31240   0.046600
31241   0.047800
31242   0.044500
31243   0.040300
31244   0.039200
31245   0.041900
31246   0.043200
31247   0.040200
31248   0.035400
31249   0.032800
31250   0.032300
31251   0.036600
31252   0.035400
31253   0.036900
31254   0.037300
31255   0.039700
31256   0.035800
31257   0.034900
31258   0.036500
31259   0.035100
31260   0.030700
31261   0.034400
31262   0.041200
31263   0.047700
31264   0.041600
31265   0.038800
31266   0.035900
31267   0.035800
31268   0.035100
31269   0.036600
31270   0.037300
31271   0.033300
31272   0.034800
31273   0.036300
31274   0.040000
31275   0.045400
31276   0.039800
31277   0.037600
31278   0.040800
31279   0.043700
31280   0.049500
31281   0.045900
31282   0.049000
31283   0.046400
31284   0.045100
31285   0.043800
31286   0.047800
31287   0.053900
31288   0.051700
31289   0.050700
31290   0.044800
31291   0.044300
31292   0.043100
31293   0.040300
31294   0.044000
31295   0.039600
31296   0.041600
31297   0.041000
31298   0.038400
31299   0.041900
31300   0.038100
31301   0.036300
31302   0.037400
31303   0.036200
31304   0.041200
31305   0.040300
31306   0.036300
31307   0.035100
31308   0.042700
31309   0.041400
31310   0.037700
31311   0.038000
31312   0.035400
31313   0.034400
31314   0.032100
31315   0.032000
31316   0.033400
31317   0.034200
31318   0.026000
31319   0.025300
31320   0.023800
31321   0.024400
31322   0.025700
31323   0.027200
31324   0.031400
31325   0.025700
31326   0.027400
31327   0.027500
31328   0.027900
31329   0.026300
31330   0.029100
31331   0.029500
31332   0.023600
31333   0.021200
31334   0.019700
31335   0.018900
31336   0.016600
31337   0.013900
31338   0.017000
31339   0.012700
31340   0.018300
31341   0.012900
31342   0.004900
31343   0.001700
31344   0.000900
31345  -0.003000
31346  -0.004500
31347  -0.000600
31348  -0.005800
31349  -0.008400
31350  -0.004200
31351  -0.008700
31352  -0.008100
31353  -0.011600
31354  -0.014100
31355  -0.012300
31356  -0.016200
31357  -0.023300
31358  -0.024000
31359  -0.026500
31360  -0.027000
31361  -0.026900
31362  -0.031500
31363  -0.034800
31364  -0.030300
31365  -0.032600
31366  -0.025700
31367  -0.023200
31368  -0.021900
31369  -0.010800
31370  -0.007700
31371  -0.000600
31372  -0.007600
31373  -0.008700
31374  -0.007500
31375  -0.008900
31376  -0.014000
31377  -0.017300
31378  -0.012700
31379  -0.017400
31380  -0.009200
31381  -0.002600
31382   0.002800
31383   0.002900
31384   0.001700
31385  -0.003900
31386   0.001400
31387   0.003800
31388   0.008300
31389   0.008100
31390   0.010300
31391   0.008700
31392   0.010300
31393   0.004500
31394  -0.000300
31395   0.001400
31396   0.001400
31397   0.005500
31398   0.007700
31399  -0.000600
31400  -0.000500
31401   0.005400
31402   0.002000
31403   0.008300
31404   0.006100
31405   0.007300
31406   0.006300
31407   0.006500
31408   0.004200
31409   0.006100
31410   0.010100
31411   0.002000
31412   0.003400
31413  -0.000100
31414  -0.002000
31415  -0.008400
31416  -0.008400
31417  -0.011100
31418  -0.016200
31419  -0.020100
31420  -0.013500
31421  -0.011400
31422  -0.008600
31423  -0.008200
31424  -0.006700
31425  -0.006300
31426  -0.007000
31427  -0.002700
31428  -0.004600
31429  -0.002300
31430  -0.000900
31431   0.001100
31432  -0.004000
31433  -0.005500
31434  -0.010600
31435  -0.016000
31436  -0.016700
31437  -0.012700
31438  -0.016100
31439  -0.014500
31440  -0.014500
31441  -0.015900
31442  -0.022200
31443  -0.025500
31444  -0.025100
31445  -0.025200
31446  -0.023500
31447  -0.016800
31448  -0.017100
31449  -0.019300
31450  -0.020000
31451  -0.014100
31452  -0.008700
31453  -0.007300
31454  -0.003900
31455  -0.011600
31456  -0.010400
31457  -0.010100
31458  -0.007600
31459  -0.013400
31460  -0.015800
31461  -0.013100
31462  -0.011600
31463  -0.005200
31464  -0.005000
31465  -0.003900
31466  -0.000300
31467   0.000700
31468   0.001900
31469   0.007300
31470   0.005600
31471   0.002100
31472   0.003900
31473   0.007300
31474  -0.000500
31475  -0.000400
31476   0.000500
31477   0.000100
31478   0.000400
31479   0.004000
31480   0.004400
31481   0.003900
31482   0.004000
31483   0.008600
31484   0.007700
31485   0.006800
31486   0.007800
31487   0.005200
31488   0.012700
31489   0.007700
31490   0.011900
31491   0.005400
31492   0.007100
31493   0.002900
31494   0.001700
31495  -0.003500
31496  -0.003200
31497  -0.002800
31498  -0.005400
31499  -0.002400
31500  -0.001500
31501   0.002500
31502   0.001900
31503   0.003900
31504  -0.005400
31505  -0.001600
31506  -0.007100
31507  -0.005400
31508  -0.008600
31509  -0.009400
31510  -0.007500
31511  -0.001300
31512  -0.000400
31513  -0.006800
31514  -0.005900
31515  -0.009200
31516  -0.005700
31517  -0.009500
31518  -0.016500
31519  -0.015700
31520  -0.014000
31521  -0.016900
31522  -0.015100
31523  -0.010800
31524  -0.017900
31525  -0.010700
31526  -0.009300
31527  -0.007500
31528  -0.008300
31529  -0.000800
31530  -0.009100
31531  -0.002400
31532   0.000200
31533   0.003700
31534   0.004900
31535   0.003600
31536   0.001100
31537   0.002700
31538   0.004700
31539   0.007900
31540   0.006300
31541   0.006600
31542   0.002000
31543  -0.002500
31544  -0.001800
31545  -0.003000
31546  -0.004000
31547  -0.003200
31548  -0.000800
31549  -0.003800
31550  -0.008100
31551  -0.004400
31552  -0.008600
31553  -0.009700
31554  -0.013000
31555  -0.011900
31556  -0.013100
31557  -0.012600
31558  -0.018400
31559  -0.015700
31560  -0.018900
31561  -0.022000
31562  -0.022700
31563  -0.025400
31564  -0.022900
31565  -0.024800
31566  -0.025600
31567  -0.023300
31568  -0.024500
31569  -0.023400
31570  -0.021300
31571  -0.020600
31572  -0.022400
31573  -0.020700
31574  -0.024100
31575  -0.024000
31576  -0.022800
31577  -0.029100
31578  -0.031300
31579  -0.030600
31580  -0.025700
31581  -0.023500
31582  -0.022700
31583  -0.022300
31584  -0.021500
31585  -0.028000
31586  -0.029600
31587  -0.026600
31588  -0.029300
31589  -0.020700
31590  -0.015200
31591  -0.018300
31592  -0.011400
31593  -0.008300
31594  -0.007200
31595  -0.005500
31596  -0.000000
31597  -0.000900
31598  -0.006100
31599  -0.013400
31600  -0.017400
31601  -0.020100
31602  -0.017300
31603  -0.012200
31604  -0.008800
31605  -0.010000
31606  -0.007200
31607  -0.009300
31608  -0.007100
31609  -0.002500
31610   0.008700
31611   0.011700
31612   0.014000
31613   0.004500
31614   0.001900
31615  -0.000400
31616  -0.006000
31617  -0.006200
31618  -0.008100
31619  -0.002700
31620  -0.004200
31621  -0.003300
31622  -0.003300
31623  -0.002800
31624  -0.006000
31625  -0.005300
31626  -0.005600
31627  -0.000000
31628   0.002700
31629  -0.002200
31630   0.000000
31631   0.001900
31632   0.000300
31633   0.000500
31634  -0.004600
31635   0.001300
31636   0.004800
31637   0.011700
31638   0.011400
31639   0.010000
31640   0.010600
31641   0.008500
31642   0.008600
31643   0.007600
31644   0.003300
31645   0.000300
31646   0.002400
31647   0.003900
31648   0.003500
31649   0.001700
31650   0.000900
31651  -0.001400
31652  -0.003300
31653   0.003600
31654   0.005300
31655   0.007000
31656   0.006100
31657   0.001400
31658  -0.003700
31659  -0.002200
31660   0.000500
31661   0.002900
31662   0.003700
31663   0.007700
31664   0.008300
31665   0.015000
31666   0.014400
31667   0.014500
31668   0.011400
31669   0.007700
31670   0.005800
31671   0.006800
31672   0.009200
31673   0.010900
31674   0.006300
31675   0.005300
31676   0.007500
31677   0.003800
31678   0.005600
31679   0.009500
31680   0.008500
31681   0.010800
31682   0.007500
31683   0.001900
31684   0.009100
31685   0.009400
31686   0.007600
31687   0.009200
31688   0.003200
31689   0.004900
31690   0.011500
31691   0.011200
31692   0.010100
31693   0.009400
31694   0.004700
31695   0.005700
31696   0.006500
31697   0.002600
31698  -0.001700
31699   0.001000
31700  -0.002100
31701  -0.007600
31702  -0.001000
31703  -0.004100
31704  -0.006700
31705  -0.003100
31706  -0.010600
31707  -0.018300
31708  -0.018900
31709  -0.019900
31710  -0.019100
31711  -0.021700
31712  -0.026200
31713  -0.030600
31714  -0.032400
31715  -0.028700
31716  -0.022900
31717  -0.013300
31718  -0.023700
31719  -0.027400
31720  -0.021700
31721  -0.024400
31722  -0.019900
31723  -0.022000
31724  -0.020300
31725  -0.023900
31726  -0.029000
31727  -0.023500
31728  -0.026200
31729  -0.020800
31730  -0.019400
31731  -0.015800
31732  -0.009600
31733  -0.008700
31734  -0.003600
31735  -0.003100
31736  -0.001300
31737   0.000000
31738  -0.002400
31739  -0.000800
31740  -0.007200
31741  -0.005400
31742  -0.004700
31743  -0.002200
31744  -0.006100
31745  -0.008400
31746  -0.011900
31747  -0.010000
31748  -0.017000
31749  -0.015300
31750  -0.019600
31751  -0.025000
31752  -0.022200
31753  -0.021000
31754  -0.026400
31755  -0.023200
31756  -0.023300
31757  -0.021800
31758  -0.020500
31759  -0.015700
31760  -0.017600
31761  -0.013300
31762  -0.016200
31763  -0.012000
31764  -0.009600
31765  -0.014900
31766  -0.018800
31767  -0.019200
31768  -0.021000
31769  -0.019000
31770  -0.017500
31771  -0.018000
31772  -0.021800
31773  -0.018000
31774  -0.016600
31775  -0.022000
31776  -0.019200
31777  -0.023700
31778  -0.027100
31779  -0.027700
31780  -0.027000
31781  -0.027400
31782  -0.020500
31783  -0.015600
31784  -0.018500
31785  -0.023500
31786  -0.035000
31787  -0.030300
31788  -0.034400
31789  -0.025800
31790  -0.025900
31791  -0.032200
31792  -0.034900
31793  -0.027800
31794  -0.031100
31795  -0.033700
31796  -0.033500
31797  -0.037400
31798  -0.029900
31799  -0.030200
31800  -0.027500
31801  -0.022300
31802  -0.026000
31803  -0.025800
31804  -0.022400
31805  -0.026400
31806  -0.019200
31807  -0.024400
31808  -0.025500
31809  -0.028900
31810  -0.027800
31811  -0.022500
31812  -0.025900
31813  -0.026100
31814  -0.027400
31815  -0.028200
31816  -0.027900
31817  -0.025400
31818  -0.025900
31819  -0.026400
31820  -0.020200
31821  -0.014600
31822  -0.009300
31823  -0.017200
31824  -0.011400
31825  -0.012500
31826  -0.014400
31827  -0.018400
31828  -0.019400
31829  -0.015500
31830  -0.013700
31831  -0.016200
31832  -0.016400
31833  -0.012600
31834  -0.013600
31835  -0.009100
31836  -0.007900
31837  -0.011400
31838  -0.013500
31839  -0.019200
31840  -0.026300
31841  -0.029500
31842  -0.023900
31843  -0.022200
31844  -0.025700
31845  -0.027700
31846  -0.033000
31847  -0.031000
31848  -0.035400
31849  -0.034100
31850  -0.031800
31851  -0.032800
31852  -0.027100
31853  -0.017700
31854  -0.018900
31855  -0.017900
31856  -0.016700
31857  -0.012500
31858  -0.010700
31859  -0.010400
31860  -0.010300
31861  -0.005900
31862  -0.002500
31863   0.003100
31864  -0.001300
31865  -0.001000
31866  -0.003300
31867  -0.002000
31868  -0.000400
31869  -0.000300
31870  -0.001800
31871  -0.000700
31872   0.002000
31873  -0.004000
31874  -0.003900
31875  -0.008500
31876  -0.007000
31877  -0.004700
31878  -0.008800
31879  -0.000100
31880   0.004200
31881   0.008900
31882   0.015400
31883   0.015800
31884   0.016700
31885   0.024100
31886   0.024200
31887   0.017800
31888   0.018500
31889   0.018600
31890   0.020300
31891   0.018800
31892   0.018300
31893   0.018800
31894   0.021200
31895   0.022100
31896   0.027600
31897   0.031000
31898   0.025900
31899   0.028700
31900   0.036600
31901   0.034500
31902   0.037900
31903   0.033500
31904   0.033400
31905   0.033200
31906   0.028200
31907   0.026500
31908   0.026000
31909   0.027600
31910   0.026600
31911   0.022800
31912   0.020600
31913   0.018800
31914   0.016300
31915   0.013100
31916   0.015900
31917   0.022300
31918   0.022500
31919   0.022500
31920   0.022600
31921   0.025400
31922   0.024900
31923   0.030100
31924   0.032100
31925   0.029000
31926   0.029100
31927   0.029700
31928   0.027400
31929   0.028300
31930   0.029500
31931   0.029300
31932   0.030000
31933   0.030000
31934   0.031900
31935   0.028600
31936   0.030700
31937   0.030200
31938   0.034900
31939   0.029300
31940   0.022500
31941   0.024800
31942   0.026400
31943   0.027400
31944   0.028000
31945   0.025600
31946   0.025600
31947   0.024300
31948   0.029500
31949   0.033100
31950   0.030500
31951   0.032900
31952   0.028000
31953   0.030600
31954   0.026300
31955   0.025300
31956   0.018300
31957   0.018600
31958   0.021400
31959   0.019000
31960   0.014800
31961   0.021100
31962   0.019300
31963   0.021000
31964   0.025400
31965   0.026300
31966   0.024200
31967   0.023400
31968   0.025100
31969   0.024200
31970   0.020300
31971   0.021100
31972   0.022600
31973   0.019600
31974   0.023700
31975   0.022100
31976   0.020200
31977   0.017700
31978   0.021300
31979   0.021200
31980   0.024000
31981   0.023300
31982   0.025400
31983   0.025600
31984   0.023500
31985   0.027400
31986   0.024500
31987   0.021200
31988   0.017300
31989   0.006200
31990   0.006000
31991   0.001600
31992  -0.004600
31993  -0.004500
31994  -0.003400
31995  -0.007000
31996  -0.012900
31997  -0.010400
31998  -0.012400
31999  -0.015000
32000  -0.011100
32001  -0.008900
32002  -0.011900
32003  -0.011100
32004  -0.014800
32005  -0.013100
32006  -0.012100
32007  -0.011100
32008  -0.008200
32009  -0.011900
32010  -0.013800
32011  -0.008700
32012  -0.006200
32013  -0.007600
32014  -0.003900
32015  -0.009000
32016  -0.011300
32017  -0.011600
32018  -0.007800
32019  -0.005400
32020   0.001300
32021   0.000900
32022  -0.002600
32023  -0.002900
32024  -0.006700
32025  -0.012900
32026  -0.012900
32027  -0.005600
32028  -0.009500
32029  -0.013300
32030  -0.012400
32031  -0.015700
32032  -0.007200
32033  -0.007100
32034  -0.005700
32035  -0.006500
32036  -0.009100
32037  -0.010700
32038  -0.014200
32039  -0.010000
32040  -0.007000
32041  -0.006000
32042  -0.005800
32043  -0.003800
32044  -0.008700
32045  -0.004100
32046  -0.004300
32047  -0.004300
32048  -0.004900
32049  -0.002900
32050  -0.005900
32051  -0.014700
32052  -0.015800
32053  -0.020800
32054  -0.018100
32055  -0.020200
32056  -0.012600
32057  -0.015900
32058  -0.018000
32059  -0.016300
32060  -0.011900
32061  -0.015900
32062  -0.015100
32063  -0.013000
32064  -0.006600
32065  -0.004200
32066  -0.004200
32067  -0.002600
32068  -0.010800
32069  -0.012100
32070  -0.008400
32071  -0.011800
32072  -0.009600
32073  -0.006000
32074  -0.015300
32075  -0.010900
32076  -0.008700
32077  -0.011300
32078  -0.009900
32079  -0.006900
32080  -0.007900
32081  -0.009700
32082  -0.009400
32083  -0.003400
32084  -0.000900
32085  -0.003400
32086  -0.008600
32087  -0.009000
32088  -0.010600
32089  -0.010200
32090  -0.009400
32091  -0.013900
32092  -0.015600
32093  -0.013500
32094  -0.005700
32095  -0.009000
32096  -0.006000
32097  -0.005200
32098   0.001800
32099  -0.002400
32100   0.003800
32101   0.006600
32102   0.001100
32103   0.009900
32104   0.011200
32105   0.008100
32106  -0.000800
32107  -0.003400
32108  -0.003200
32109   0.000900
32110   0.001900
32111   0.001700
32112   0.004400
32113   0.002800
32114   0.003200
32115   0.010900
32116   0.008700
32117   0.009400
32118   0.011100
32119   0.009500
32120   0.007000
32121   0.005000
32122   0.006800
32123  -0.003000
32124  -0.007600
32125  -0.006500
32126  -0.011300
32127  -0.016800
32128  -0.013600
32129  -0.010900
32130  -0.013800
32131  -0.010000
32132  -0.009200
32133  -0.009500
32134  -0.014900
32135  -0.013100
32136  -0.012800
32137  -0.015800
32138  -0.008500
32139  -0.008900
32140  -0.003600
32141  -0.006900
32142  -0.016200
32143  -0.016700
32144  -0.017600
32145  -0.017500
32146  -0.010800
32147  -0.012100
32148  -0.009400
32149  -0.004900
32150  -0.004500
32151  -0.005000
32152  -0.010300
32153  -0.000800
32154   0.002000
32155  -0.001400
32156  -0.005100
32157  -0.003500
32158  -0.009200
32159  -0.006700
32160  -0.006900
32161  -0.003800
32162   0.000500
32163  -0.004500
32164  -0.009400
32165  -0.011000
32166  -0.003700
32167  -0.006500
32168  -0.002500
32169  -0.001400
32170  -0.006300
32171  -0.004300
32172   0.003800
32173   0.006700
32174   0.006700
32175   0.017300
32176   0.018200
32177   0.018500
32178   0.016200
32179   0.024200
32180   0.026200
32181   0.027900
32182   0.025300
32183   0.028700
32184   0.031700
32185   0.030900
32186   0.030600
32187   0.033500
32188   0.027600
32189   0.031500
32190   0.029400
32191   0.023900
32192   0.028500
32193   0.031200
32194   0.026800
32195   0.028700
32196   0.025600
32197   0.033800
32198   0.030200
32199   0.032200
32200   0.033800
32201   0.030300
32202   0.032600
32203   0.030900
32204   0.035400
32205   0.037600
32206   0.038300
32207   0.036800
32208   0.038400
32209   0.036400
32210   0.029800
32211   0.028100
32212   0.026100
32213   0.025200
32214   0.024900
32215   0.026400
32216   0.024200
32217   0.023800
32218   0.028000
32219   0.027800
32220   0.025400
32221   0.024400
32222   0.018600
32223   0.018200
32224   0.021000
32225   0.023700
32226   0.016000
32227   0.022200
32228   0.019200
32229   0.017600
32230   0.023100
32231   0.029000
32232   0.027000
32233   0.024800
32234   0.023700
32235   0.022400
32236   0.018600
32237   0.017900
32238   0.016500
32239   0.014900
32240   0.013400
32241   0.013500
32242   0.014200
32243   0.011100
32244   0.008900
32245   0.009800
32246   0.007900
32247   0.008400
32248   0.012500
32249   0.010100
32250   0.009000
32251   0.013100
32252   0.016500
32253   0.017200
32254   0.011400
32255   0.010700
32256   0.007600
32257   0.008500
32258   0.006400
32259   0.003400
32260   0.007500
32261   0.008100
32262   0.009200
32263   0.007300
32264   0.009200
32265   0.015400
32266   0.009100
32267   0.003000
32268   0.009400
32269   0.015800
32270   0.014900
32271   0.010900
32272   0.014600
32273   0.011000
32274   0.012400
32275   0.012100
32276   0.014200
32277   0.018800
32278   0.018000
32279   0.020200
32280   0.018700
32281   0.021300
32282   0.024000
32283   0.020200
32284   0.014500
32285   0.017700
32286   0.021700
32287   0.024800
32288   0.020100
32289   0.024600
32290   0.026100
32291   0.029000
32292   0.025400
32293   0.028400
32294   0.022700
32295   0.023600
32296   0.023800
32297   0.022700
32298   0.021000
32299   0.014900
32300   0.015500
32301   0.013900
32302   0.020000
32303   0.025400
32304   0.023800
32305   0.024200
32306   0.036100
32307   0.035700
32308   0.037900
32309   0.035500
32310   0.036700
32311   0.043500
32312   0.044100
32313   0.046500
32314   0.042200
32315   0.039700
32316   0.039800
32317   0.043800
32318   0.047500
32319   0.046400
32320   0.046900
32321   0.050900
32322   0.051200
32323   0.052700
32324   0.057200
32325   0.050600
32326   0.057300
32327   0.055800
32328   0.056400
32329   0.056400
32330   0.056700
32331   0.058600
32332   0.067600
32333   0.068800
32334   0.062100
32335   0.060000
32336   0.062400
32337   0.057400
32338   0.057600
32339   0.058000
32340   0.061300
32341   0.059500
32342   0.064100
32343   0.063600
32344   0.057000
32345   0.052100
32346   0.052700
32347   0.057600
32348   0.058600
32349   0.059400
32350   0.056800
32351   0.048600
32352   0.044700
32353   0.047200
32354   0.049000
32355   0.050000
32356   0.055100
32357   0.051500
32358   0.050200
32359   0.046900
32360   0.046900
32361   0.048500
32362   0.044900
32363   0.048800
32364   0.051600
32365   0.048200
32366   0.048400
32367   0.043900
32368   0.040300
32369   0.039200
32370   0.033900
32371   0.026400
32372   0.025000
32373   0.022200
32374   0.030400
32375   0.030300
32376   0.032500
32377   0.035800
32378   0.037600
32379   0.042500
32380   0.044700
32381   0.040300
32382   0.037800
32383   0.040800
32384   0.040800
32385   0.041600
32386   0.034500
32387   0.039000
32388   0.041700
32389   0.034800
32390   0.036100
32391   0.035300
32392   0.037400
32393   0.041400
32394   0.032500
32395   0.032600
32396   0.035500
32397   0.041300
32398   0.043200
32399   0.046500
32400   0.050300
32401   0.047000
32402   0.048100
32403   0.053300
32404   0.059900
32405   0.061700
32406   0.059000
32407   0.060400
32408   0.067400
32409   0.062400
32410   0.058700
32411   0.061800
32412   0.061200
32413   0.068200
32414   0.062400
32415   0.067300
32416   0.075000
32417   0.072100
32418   0.068300
32419   0.078400
32420   0.074600
32421   0.064400
32422   0.063400
32423   0.061100
32424   0.064300
32425   0.062200
32426   0.070300
32427   0.075800
32428   0.069600
32429   0.066800
32430   0.066300
32431   0.065400
32432   0.066700
32433   0.066800
32434   0.069200
32435   0.069900
32436   0.068600
32437   0.068500
32438   0.068400
32439   0.067000
32440   0.073500
32441   0.071100
32442   0.076400
32443   0.071100
32444   0.069300
32445   0.074400
32446   0.074900
32447   0.080900
32448   0.080800
32449   0.081600
32450   0.081300
32451   0.087800
32452   0.086400
32453   0.088100
32454   0.082800
32455   0.071600
32456   0.073000
32457   0.072000
32458   0.065600
32459   0.063300
32460   0.058500
32461   0.058100
32462   0.061100
32463   0.059100
32464   0.052400
32465   0.051600
32466   0.049300
32467   0.041600
32468   0.042600
32469   0.039900
32470   0.034700
32471   0.034900
32472   0.034200
32473   0.042700
32474   0.046800
32475   0.041700
32476   0.038200
32477   0.042000
32478   0.041700
32479   0.038700
32480   0.033700
32481   0.033500
32482   0.033300
32483   0.028100
32484   0.032300
32485   0.035500
32486   0.036400
32487   0.034000
32488   0.033300
32489   0.033900
32490   0.039000
32491   0.036000
32492   0.027700
32493   0.026000
32494   0.025600
32495   0.024800
32496   0.026300
32497   0.026200
32498   0.027200
32499   0.032900
32500   0.031800
32501   0.030800
32502   0.031800
32503   0.033200
32504   0.036400
32505   0.031000
32506   0.032200
32507   0.035300
32508   0.038300
32509   0.035000
32510   0.032800
32511   0.026200
32512   0.024300
32513   0.032200
32514   0.033400
32515   0.032900
32516   0.034200
32517   0.035500
32518   0.039600
32519   0.045200
32520   0.043100
32521   0.041900
32522   0.045400
32523   0.044500
32524   0.044000
32525   0.046000
32526   0.047900
32527   0.049300
32528   0.046600
32529   0.044000
32530   0.042300
32531   0.046700
32532   0.045000
32533   0.045200
32534   0.049300
32535   0.052400
32536   0.050200
32537   0.047500
32538   0.048000
32539   0.042200
32540   0.038900
32541   0.038700
32542   0.039000
32543   0.046000
32544   0.043600
32545   0.043700
32546   0.033400
32547   0.025500
32548   0.025200
32549   0.034200
32550   0.032900
32551   0.039800
32552   0.040400
32553   0.036400
32554   0.033700
32555   0.037700
32556   0.039500
32557   0.043500
32558   0.046100
32559   0.046500
32560   0.049700
32561   0.042400
32562   0.046900
32563   0.044900
32564   0.047200
32565   0.041300
32566   0.039300
32567   0.042500
32568   0.043400
32569   0.035200
32570   0.033700
32571   0.035200
32572   0.036300
32573   0.040900
32574   0.038100
32575   0.040300
32576   0.038600
32577   0.040600
32578   0.044500
32579   0.041200
32580   0.042600
32581   0.044700
32582   0.040400
32583   0.043100
32584   0.054200
32585   0.051000
32586   0.054500
32587   0.054700
32588   0.059400
32589   0.061000
32590   0.061000
32591   0.060500
32592   0.052800
32593   0.052100
32594   0.048800
32595   0.060500
32596   0.057000
32597   0.053200
32598   0.054800
32599   0.048200
32600   0.054000
32601   0.051700
32602   0.055400
32603   0.049000
32604   0.053500
32605   0.052200
32606   0.056200
32607   0.051000
32608   0.049800
32609   0.044800
32610   0.046200
32611   0.050600
32612   0.053200
32613   0.054600
32614   0.054800
32615   0.064200
32616   0.068400
32617   0.066300
32618   0.064000
32619   0.064600
32620   0.061900
32621   0.062500
32622   0.060000
32623   0.065900
32624   0.063300
32625   0.060100
32626   0.058400
32627   0.060400
32628   0.064900
32629   0.064000
32630   0.070400
32631   0.062500
32632   0.069300
32633   0.071500
32634   0.072100
32635   0.071900
32636   0.077200
32637   0.079900
32638   0.075400
32639   0.078000
32640   0.072600
32641   0.073300
32642   0.075600
32643   0.080000
32644   0.076800
32645   0.079200
32646   0.079100
32647   0.075600
32648   0.075700
32649   0.078700
32650   0.080500
32651   0.086900
32652   0.086400
32653   0.080700
32654   0.080300
32655   0.073700
32656   0.075400
32657   0.064800
32658   0.070200
32659   0.070300
32660   0.070600
32661   0.067800
32662   0.066100
32663   0.061600
32664   0.067700
32665   0.067900
32666   0.072300
32667   0.069200
32668   0.070000
32669   0.071900
32670   0.072300
32671   0.071100
32672   0.071800
32673   0.068600
32674   0.071900
32675   0.069700
32676   0.069900
32677   0.071500
32678   0.078100
32679   0.075700
32680   0.074600
32681   0.075400
32682   0.079000
32683   0.072500
32684   0.071000
32685   0.071400
32686   0.070900
32687   0.070400
32688   0.065100
32689   0.062700
32690   0.069100
32691   0.067000
32692   0.063100
32693   0.063400
32694   0.056900
32695   0.057000
32696   0.056900
32697   0.058400
32698   0.056500
32699   0.056900
32700   0.062300
32701   0.069600
32702   0.069700
32703   0.072400
32704   0.078500
32705   0.076900
32706   0.078200
32707   0.071600
32708   0.070000
32709   0.080500
32710   0.073100
32711   0.078800
32712   0.078000
32713   0.079300
32714   0.082700
32715   0.079300
32716   0.080000
32717   0.078700
32718   0.081000
32719   0.072200
32720   0.075400
32721   0.075800
32722   0.077700
32723   0.078600
32724   0.080600
32725   0.074600
32726   0.074400
32727   0.069300
32728   0.073200
32729   0.071800
32730   0.072100
32731   0.064300
32732   0.060500
32733   0.068600
32734   0.064100
32735   0.057500
32736   0.062000
32737   0.064600
32738   0.067200
32739   0.064600
32740   0.071600
32741   0.075700
32742   0.078000
32743   0.077600
32744   0.078100
32745   0.080000
32746   0.082700
32747   0.081400
32748   0.079100
32749   0.077900
32750   0.078400
32751   0.081000
32752   0.081500
32753   0.080000
32754   0.081300
32755   0.082000
32756   0.083100
32757   0.076700
32758   0.075300
32759   0.080000
32760   0.078400
32761   0.078300
32762   0.087500
32763   0.091800
32764   0.093300
32765   0.088600
32766   0.086400
32767   0.089600
32768   0.089400
32769   0.092800
32770   0.093000
32771   0.089100
32772   0.089700
32773   0.086100
32774   0.089400
32775   0.089100
32776   0.088100
32777   0.086400
32778   0.084500
32779   0.088700
32780   0.095800
32781   0.093500
32782   0.095700
32783   0.093700
32784   0.095700
32785   0.091500
32786   0.087900
32787   0.083400
32788   0.089300
32789   0.089400
32790   0.089300
32791   0.085700
32792   0.079000
32793   0.070800
32794   0.069300
32795   0.071700
32796   0.067700
32797   0.066100
32798   0.062400
32799   0.068400
32800   0.071800
32801   0.071700
32802   0.070900
32803   0.069800
32804   0.065600
32805   0.070600
32806   0.066000
32807   0.065500
32808   0.068900
32809   0.065100
32810   0.067200
32811   0.072200
32812   0.078100
32813   0.075100
32814   0.071900
32815   0.077300
32816   0.076700
32817   0.075200
32818   0.073900
32819   0.073700
32820   0.066100
32821   0.072000
32822   0.073100
32823   0.072400
32824   0.073400
32825   0.076900
32826   0.075900
32827   0.079900
32828   0.083200
32829   0.081400
32830   0.080800
32831   0.075800
32832   0.076300
32833   0.078600
32834   0.078400
32835   0.077900
32836   0.081100
32837   0.083600
32838   0.078400
32839   0.085700
32840   0.084600
32841   0.075000
32842   0.073700
32843   0.066800
32844   0.067700
32845   0.062700
32846   0.065800
32847   0.062400
32848   0.061000
32849   0.056300
32850   0.064700
32851   0.068700
32852   0.065900
32853   0.069600
32854   0.065800
32855   0.067400
32856   0.063100
32857   0.064500
32858   0.062300
32859   0.061800
32860   0.058800
32861   0.060700
32862   0.061900
32863   0.065400
32864   0.054100
32865   0.057100
32866   0.052400
32867   0.053100
32868   0.049700
32869   0.049200
32870   0.047000
32871   0.047600
32872   0.045900
32873   0.042700
32874   0.042200
32875   0.042400
32876   0.035200
32877   0.042400
32878   0.039200
32879   0.040300
32880   0.040600
32881   0.051500
32882   0.056500
32883   0.057400
32884   0.058300
32885   0.057300
32886   0.061800
32887   0.060600
32888   0.065100
32889   0.066000
32890   0.068900
32891   0.069900
32892   0.071800
32893   0.075900
32894   0.072800
32895   0.068200
32896   0.070200
32897   0.074600
32898   0.082200
32899   0.082700
32900   0.083600
32901   0.072800
32902   0.071200
32903   0.068200
32904   0.066400
32905   0.076000
32906   0.074000
32907   0.066000
32908   0.063500
32909   0.061800
32910   0.062400
32911   0.066500
32912   0.068400
32913   0.066600
32914   0.064100
32915   0.067700
32916   0.065500
32917   0.067900
32918   0.069200
32919   0.064200
32920   0.069500
32921   0.073700
32922   0.078600
32923   0.077800
32924   0.079800
32925   0.081600
32926   0.079700
32927   0.077100
32928   0.078200
32929   0.078800
32930   0.078200
32931   0.077100
32932   0.082800
32933   0.084600
32934   0.080700
32935   0.074000
32936   0.068400
32937   0.069800
32938   0.072500
32939   0.074500
32940   0.082200
32941   0.080600
32942   0.071600
32943   0.068000
32944   0.080100
32945   0.077000
32946   0.076000
32947   0.078600
32948   0.077800
32949   0.079700
32950   0.083700
32951   0.084600
32952   0.089700
32953   0.093300
32954   0.090700
32955   0.096500
32956   0.098700
32957   0.099800
32958   0.095200
32959   0.088200
32960   0.087000
32961   0.074300
32962   0.074000
32963   0.071200
32964   0.073000
32965   0.074000
32966   0.074300
32967   0.073700
32968   0.074800
32969   0.081200
32970   0.084800
32971   0.082300
32972   0.072800
32973   0.076000
32974   0.074300
32975   0.072900
32976   0.072800
32977   0.077100
32978   0.082400
32979   0.083400
32980   0.083200
32981   0.083100
32982   0.079900
32983   0.082100
32984   0.082700
32985   0.075600
32986   0.079200
32987   0.082600
32988   0.087100
32989   0.095400
32990   0.098800
32991   0.104000
32992   0.102500
32993   0.098800
32994   0.104500
32995   0.108100
32996   0.109500
32997   0.111900
32998   0.116600
32999   0.113000
33000   0.112900
33001   0.117800
33002   0.125400
33003   0.128300
33004   0.133400
33005   0.134000
33006   0.134100
33007   0.135400
33008   0.140400
33009   0.144500
33010   0.148200
33011   0.139700
33012   0.137200
33013   0.136600
33014   0.142300
33015   0.139500
33016   0.134400
33017   0.139000
33018   0.135500
33019   0.133700
33020   0.133200
33021   0.130700
33022   0.129700
33023   0.134100
33024   0.135700
33025   0.134500
33026   0.136300
33027   0.144000
33028   0.150700
33029   0.151800
33030   0.143300
33031   0.147000
33032   0.140800
33033   0.138200
33034   0.140400
33035   0.143900
33036   0.145700
33037   0.145100
33038   0.147300
33039   0.144300
33040   0.130600
33041   0.127400
33042   0.136400
33043   0.139100
33044   0.136800
33045   0.132500
33046   0.133500
33047   0.134300
33048   0.129800
33049   0.126100
33050   0.121000
33051   0.122300
33052   0.121200
33053   0.116300
33054   0.120000
33055   0.123200
33056   0.122800
33057   0.119300
33058   0.118500
33059   0.114600
33060   0.112400
33061   0.117600
33062   0.115300
33063   0.113600
33064   0.113100
33065   0.115700
33066   0.120100
33067   0.123400
33068   0.118900
33069   0.122100
33070   0.119800
33071   0.113400
33072   0.118500
33073   0.114200
33074   0.118900
33075   0.116200
33076   0.111400
33077   0.106100
33078   0.099200
33079   0.100100
33080   0.101300
33081   0.104800
33082   0.100700
33083   0.100400
33084   0.095500
33085   0.088900
33086   0.090600
33087   0.089100
33088   0.089900
33089   0.090500
33090   0.087200
33091   0.085500
33092   0.083500
33093   0.077800
33094   0.082700
33095   0.084800
33096   0.085100
33097   0.086400
33098   0.090300
33099   0.090200
33100   0.089800
33101   0.091600
33102   0.093100
33103   0.091400
33104   0.093200
33105   0.091500
33106   0.093300
33107   0.099700
33108   0.098200
33109   0.095400
33110   0.093300
33111   0.090800
33112   0.097100
33113   0.093500
33114   0.096200
33115   0.095400
33116   0.097300
33117   0.095200
33118   0.099900
33119   0.097600
33120   0.099300
33121   0.095500
33122   0.095600
33123   0.090300
33124   0.087800
33125   0.093100
33126   0.093300
33127   0.096100
33128   0.095700
33129   0.093800
33130   0.096000
33131   0.096000
33132   0.095700
33133   0.100200
33134   0.098000
33135   0.103100
33136   0.108700
33137   0.103300
33138   0.105500
33139   0.107600
33140   0.110600
33141   0.110200
33142   0.106900
33143   0.104500
33144   0.107100
33145   0.112900
33146   0.106400
33147   0.109000
33148   0.111700
33149   0.108700
33150   0.107300
33151   0.105800
33152   0.101900
33153   0.099300
33154   0.098700
33155   0.090600
33156   0.084200
33157   0.085100
33158   0.090600
33159   0.086800
33160   0.093300
33161   0.098000
33162   0.103700
33163   0.108900
33164   0.104600
33165   0.108600
33166   0.107200
33167   0.105600
33168   0.103100
33169   0.100300
33170   0.103400
33171   0.103200
33172   0.103400
33173   0.106000
33174   0.104600
33175   0.101400
33176   0.105200
33177   0.109500
33178   0.104400
33179   0.105200
33180   0.107100
33181   0.114100
33182   0.111900
33183   0.115000
33184   0.109000
33185   0.112600
33186   0.105800
33187   0.103200
33188   0.104200
33189   0.098600
33190   0.098400
33191   0.099100
33192   0.098300
33193   0.097200
33194   0.092100
33195   0.093800
33196   0.091600
33197   0.089800
33198   0.085900
33199   0.089100
33200   0.094800
33201   0.092600
33202   0.093300
33203   0.089700
33204   0.086800
33205   0.086000
33206   0.085200
33207   0.081900
33208   0.085000
33209   0.079000
33210   0.075200
33211   0.072500
33212   0.079200
33213   0.073600
33214   0.072700
33215   0.081600
33216   0.089200
33217   0.087500
33218   0.091400
33219   0.092300
33220   0.091400
33221   0.093600
33222   0.090800
33223   0.089200
33224   0.085900
33225   0.075700
33226   0.070000
33227   0.081100
33228   0.081200
33229   0.085800
33230   0.087300
33231   0.090000
33232   0.088600
33233   0.078800
33234   0.074600
33235   0.074200
33236   0.068700
33237   0.066200
33238   0.062100
33239   0.058700
33240   0.060100
33241   0.055300
33242   0.054300
33243   0.051600
33244   0.044000
33245   0.043500
33246   0.049700
33247   0.051500
33248   0.042200
33249   0.039700
33250   0.043100
33251   0.044000
33252   0.039000
33253   0.049200
33254   0.048900
33255   0.051900
33256   0.055000
33257   0.053900
33258   0.056300
33259   0.060300
33260   0.060600
33261   0.065500
33262   0.058800
33263   0.059000
33264   0.053700
33265   0.052200
33266   0.049700
33267   0.048100
33268   0.043300
33269   0.045600
33270   0.048100
33271   0.050900
33272   0.049000
33273   0.045000
33274   0.042600
33275   0.045100
33276   0.044500
33277   0.049100
33278   0.050000
33279   0.046400
33280   0.043400
33281   0.041900
33282   0.044700
33283   0.049200
33284   0.051800
33285   0.055900
33286   0.050900
33287   0.051500
33288   0.058900
33289   0.056900
33290   0.061800
33291   0.062300
33292   0.061800
33293   0.062100
33294   0.067300
33295   0.060600
33296   0.062500
33297   0.062100
33298   0.068500
33299   0.062400
33300   0.061300
33301   0.064600
33302   0.061400
33303   0.065400
33304   0.067400
33305   0.066600
33306   0.063900
33307   0.067300
33308   0.062300
33309   0.061800
33310   0.061600
33311   0.065200
33312   0.060900
33313   0.064500
33314   0.069100
33315   0.074100
33316   0.068000
33317   0.064000
33318   0.054000
33319   0.054400
33320   0.058900
33321   0.064600
33322   0.064200
33323   0.060000
33324   0.062500
33325   0.061000
33326   0.062100
33327   0.057700
33328   0.061600
33329   0.060200
33330   0.060000
33331   0.061200
33332   0.062400
33333   0.063500
33334   0.064400
33335   0.063400
33336   0.069800
33337   0.073700
33338   0.072300
33339   0.070300
33340   0.074600
33341   0.071500
33342   0.068900
33343   0.073200
33344   0.070000
33345   0.073500
33346   0.079300
33347   0.077200
33348   0.078200
33349   0.078200
33350   0.070000
33351   0.072600
33352   0.072900
33353   0.072000
33354   0.070600
33355   0.078800
33356   0.083600
33357   0.077200
33358   0.077900
33359   0.077700
33360   0.077600
33361   0.068400
33362   0.073500
33363   0.081100
33364   0.081100
33365   0.080800
33366   0.079300
33367   0.090800
33368   0.086000
33369   0.086000
33370   0.085200
33371   0.084700
33372   0.088700
33373   0.090600
33374   0.089600
33375   0.091400
33376   0.092200
33377   0.094200
33378   0.095900
33379   0.094200
33380   0.099900
33381   0.108100
33382   0.113200
33383   0.109000
33384   0.111500
33385   0.112700
33386   0.107800
33387   0.113300
33388   0.115300
33389   0.121500
33390   0.116900
33391   0.121600
33392   0.120100
33393   0.121500
33394   0.117100
33395   0.111500
33396   0.114000
33397   0.109400
33398   0.107100
33399   0.111100
33400   0.116500
33401   0.115700
33402   0.115200
33403   0.114400
33404   0.112200
33405   0.103100
33406   0.098000
33407   0.103100
33408   0.108700
33409   0.105000
33410   0.104300
33411   0.102500
33412   0.095500
33413   0.089700
33414   0.093600
33415   0.102100
33416   0.104400
33417   0.102700
33418   0.105000
33419   0.100400
33420   0.098800
33421   0.095700
33422   0.099400
33423   0.103300
33424   0.105600
33425   0.109100
33426   0.111400
33427   0.115500
33428   0.112100
33429   0.115000
33430   0.119000
33431   0.119000
33432   0.117500
33433   0.116200
33434   0.115700
33435   0.111400
33436   0.104500
33437   0.117300
33438   0.117300
33439   0.118000
33440   0.119500
33441   0.123900
33442   0.121500
33443   0.117800
33444   0.119200
33445   0.122300
33446   0.120000
33447   0.115800
33448   0.116400
33449   0.107700
33450   0.107300
33451   0.107000
33452   0.106900
33453   0.108400
33454   0.111700
33455   0.111700
33456   0.104700
33457   0.104400
33458   0.110200
33459   0.109400
33460   0.109700
33461   0.106000
33462   0.108300
33463   0.109800
33464   0.104700
33465   0.107600
33466   0.099400
33467   0.101400
33468   0.104300
33469   0.100100
33470   0.100400
33471   0.096000
33472   0.089100
33473   0.087800
33474   0.081800
33475   0.083000
33476   0.082900
33477   0.084100
33478   0.084100
33479   0.077600
33480   0.076000
33481   0.073700
33482   0.074900
33483   0.077400
33484   0.072500
33485   0.079500
33486   0.082600
33487   0.080900
33488   0.086600
33489   0.085200
33490   0.085200
33491   0.085700
33492   0.092900
33493   0.093800
33494   0.090300
33495   0.091400
33496   0.094400
33497   0.093000
33498   0.098100
33499   0.102000
33500   0.096000
33501   0.091400
33502   0.096400
33503   0.099200
33504   0.099200
33505   0.098200
33506   0.095700
33507   0.091100
33508   0.093200
33509   0.091300
33510   0.084900
33511   0.079500
33512   0.074400
33513   0.083600
33514   0.086000
33515   0.086700
33516   0.082900
33517   0.082600
33518   0.087800
33519   0.086900
33520   0.081200
33521   0.078400
33522   0.076300
33523   0.070400
33524   0.070900
33525   0.078800
33526   0.082700
33527   0.082500
33528   0.079700
33529   0.076300
33530   0.076100
33531   0.073000
33532   0.071300
33533   0.076800
33534   0.064400
33535   0.062300
33536   0.061200
33537   0.066500
33538   0.065500
33539   0.069200
33540   0.058400
33541   0.057300
33542   0.060200
33543   0.060600
33544   0.065400
33545   0.061900
33546   0.056700
33547   0.058800
33548   0.055800
33549   0.051000
33550   0.050000
33551   0.046700
33552   0.053800
33553   0.056300
33554   0.061100
33555   0.065700
33556   0.068700
33557   0.064900
33558   0.063200
33559   0.063800
33560   0.062800
33561   0.069600
33562   0.065600
33563   0.061000
33564   0.053600
33565   0.063200
33566   0.065100
33567   0.066100
33568   0.057400
33569   0.060100
33570   0.054200
33571   0.054200
33572   0.055600
33573   0.057100
33574   0.065800
33575   0.059900
33576   0.050400
33577   0.051400
33578   0.048100
33579   0.043600
33580   0.042500
33581   0.038400
33582   0.038300
33583   0.042400
33584   0.049700
33585   0.047600
33586   0.038700
33587   0.043200
33588   0.038700
33589   0.038500
33590   0.038500
33591   0.045500
33592   0.057400
33593   0.055100
33594   0.048700
33595   0.047900
33596   0.051200
33597   0.048700
33598   0.046700
33599   0.044800
33600   0.042900
33601   0.042900
33602   0.046600
33603   0.045400
33604   0.047800
33605   0.043400
33606   0.046100
33607   0.045500
33608   0.043400
33609   0.041800
33610   0.045400
33611   0.044900
33612   0.046600
33613   0.035600
33614   0.045200
33615   0.051700
33616   0.053100
33617   0.055400
33618   0.057200
33619   0.054900
33620   0.049100
33621   0.052300
33622   0.052500
33623   0.055200
33624   0.057900
33625   0.059200
33626   0.053800
33627   0.055400
33628   0.051300
33629   0.050800
33630   0.046200
33631   0.045000
33632   0.043800
33633   0.050100
33634   0.052100
33635   0.058900
33636   0.058600
33637   0.064100
33638   0.068100
33639   0.065000
33640   0.065000
33641   0.064500
33642   0.063700
33643   0.061400
33644   0.058400
33645   0.057000
33646   0.056100
33647   0.054200
33648   0.057100
33649   0.056900
33650   0.059500
33651   0.056600
33652   0.061700
33653   0.059400
33654   0.062100
33655   0.066900
33656   0.066200
33657   0.062200
33658   0.065600
33659   0.058900
33660   0.049500
33661   0.048800
33662   0.052900
33663   0.051000
33664   0.050300
33665   0.047400
33666   0.044300
33667   0.047300
33668   0.045800
33669   0.045800
33670   0.049500
33671   0.053900
33672   0.059000
33673   0.055400
33674   0.056400
33675   0.050900
33676   0.052900
33677   0.054000
33678   0.055600
33679   0.058800
33680   0.062200
33681   0.059800
33682   0.066800
33683   0.069700
33684   0.076500
33685   0.068200
33686   0.069900
33687   0.071900
33688   0.067000
33689   0.068100
33690   0.065800
33691   0.066600
33692   0.067300
33693   0.064100
33694   0.060900
33695   0.062200
33696   0.066000
33697   0.063100
33698   0.060200
33699   0.056400
33700   0.055500
33701   0.050300
33702   0.051100
33703   0.050100
33704   0.053400
33705   0.052500
33706   0.050100
33707   0.047800
33708   0.044600
33709   0.043600
33710   0.047800
33711   0.050400
33712   0.055100
33713   0.041700
33714   0.045400
33715   0.041400
33716   0.041800
33717   0.043300
33718   0.042400
33719   0.036500
33720   0.036400
33721   0.044700
33722   0.037400
33723   0.034400
33724   0.032000
33725   0.032200
33726   0.029100
33727   0.032000
33728   0.028300
33729   0.023900
33730   0.023900
33731   0.026900
33732   0.024600
33733   0.021400
33734   0.013900
33735   0.009000
33736   0.009700
33737   0.012000
33738   0.011800
33739   0.005000
33740   0.003800
33741   0.000400
33742  -0.001200
33743  -0.000700
33744   0.003700
33745   0.003200
33746  -0.009500
33747  -0.010300
33748  -0.008000
33749  -0.006900
33750  -0.000700
33751  -0.002500
33752   0.005300
33753   0.005700
33754   0.001400
33755   0.003400
33756   0.004000
33757   0.007400
33758   0.004400
33759   0.006600
33760   0.004000
33761   0.011000
33762   0.012300
33763   0.009000
33764   0.007000
33765  -0.001600
33766   0.001300
33767   0.004700
33768   0.004900
33769   0.011400
33770   0.008500
33771   0.002400
33772   0.012000
33773   0.012700
33774   0.004300
33775   0.001900
33776  -0.006900
33777  -0.007100
33778  -0.008900
33779  -0.009500
33780  -0.008600
33781  -0.006100
33782  -0.006900
33783   0.007100
33784   0.004500
33785   0.005700
33786   0.001600
33787   0.005100
33788   0.005300
33789   0.004200
33790   0.001400
33791   0.006400
33792   0.003300
33793   0.005200
33794   0.003400
33795   0.001400
33796  -0.002100
33797   0.001200
33798   0.005500
33799   0.004400
33800   0.002800
33801  -0.001600
33802   0.001000
33803   0.007300
33804   0.002900
33805   0.007400
33806   0.006200
33807   0.011000
33808   0.009100
33809   0.005300
33810   0.003200
33811   0.003800
33812   0.002200
33813   0.005400
33814   0.007600
33815   0.006300
33816   0.012900
33817   0.016400
33818   0.015300
33819   0.013400
33820   0.015100
33821   0.017600
33822   0.014900
33823   0.015500
33824   0.008500
33825   0.005600
33826   0.006200
33827   0.006400
33828   0.011500
33829   0.017600
33830   0.017400
33831   0.016900
33832   0.014300
33833   0.012800
33834   0.019000
33835   0.023000
33836   0.018200
33837   0.024000
33838   0.021000
33839   0.028300
33840   0.028200
33841   0.027500
33842   0.026300
33843   0.016300
33844   0.016500
33845   0.017600
33846   0.012800
33847   0.002400
33848   0.001900
33849   0.005100
33850   0.006200
33851   0.006900
33852   0.012500
33853   0.016100
33854   0.017800
33855   0.016500
33856   0.011600
33857   0.016900
33858   0.017600
33859   0.015800
33860   0.008200
33861   0.002300
33862   0.005700
33863   0.005300
33864   0.000300
33865   0.006600
33866   0.010100
33867   0.005900
33868  -0.000500
33869   0.003900
33870   0.002300
33871   0.002900
33872   0.002000
33873   0.008700
33874   0.010600
33875   0.013900
33876   0.015200
33877   0.012700
33878   0.011700
33879   0.010700
33880   0.007000
33881   0.005200
33882   0.011600
33883   0.016400
33884   0.022200
33885   0.028200
33886   0.032000
33887   0.027800
33888   0.033800
33889   0.036000
33890   0.023800
33891   0.027900
33892   0.020700
33893   0.022300
33894   0.022600
33895   0.026400
33896   0.022600
33897   0.020300
33898   0.021200
33899   0.015800
33900   0.020300
33901   0.020300
33902   0.016200
33903   0.014900
33904   0.012000
33905   0.014700
33906   0.014000
33907   0.005600
33908   0.003200
33909   0.000400
33910  -0.000900
33911   0.003500
33912   0.002300
33913   0.006600
33914   0.002300
33915  -0.002700
33916  -0.003900
33917  -0.008600
33918  -0.007600
33919  -0.006400
33920  -0.002400
33921   0.000700
33922   0.007100
33923   0.003600
33924  -0.002500
33925   0.004800
33926   0.007700
33927   0.005300
33928   0.003200
33929   0.001000
33930   0.003800
33931  -0.000900
33932  -0.001200
33933   0.001400
33934  -0.005400
33935  -0.006700
33936  -0.015900
33937  -0.014000
33938  -0.015400
33939  -0.023500
33940  -0.018700
33941  -0.018200
33942  -0.018400
33943  -0.013200
33944  -0.015800
33945  -0.016400
33946  -0.016300
33947  -0.017100
33948  -0.014900
33949  -0.013100
33950  -0.018800
33951  -0.018100
33952  -0.014300
33953  -0.014300
33954  -0.006300
33955  -0.004900
33956  -0.003400
33957   0.000500
33958   0.003300
33959   0.003600
33960  -0.002700
33961   0.001200
33962   0.005500
33963   0.003300
33964   0.003200
33965   0.003200
33966   0.000900
33967  -0.006100
33968  -0.004200
33969  -0.003100
33970  -0.004300
33971  -0.008500
33972  -0.007100
33973  -0.008600
33974  -0.008500
33975  -0.003000
33976  -0.006500
33977  -0.004000
33978  -0.002700
33979  -0.004000
33980  -0.000800
33981  -0.003600
33982  -0.001200
33983  -0.000300
33984  -0.005900
33985  -0.014900
33986  -0.017900
33987  -0.024900
33988  -0.020600
33989  -0.015600
33990  -0.013900
33991  -0.009600
33992  -0.012300
33993  -0.016900
33994  -0.006400
33995   0.001900
33996   0.003400
33997   0.009600
33998   0.011100
33999   0.014200
34000   0.009800
34001   0.010800
34002   0.014100
34003   0.015200
34004   0.013600
34005   0.012200
34006   0.020000
34007   0.027000
34008   0.024400
34009   0.015600
34010   0.020500
34011   0.023700
34012   0.030000
34013   0.024300
34014   0.033200
34015   0.028100
34016   0.019600
34017   0.018700
34018   0.021400
34019   0.027700
34020   0.032700
34021   0.034400
34022   0.026100
34023   0.020500
34024   0.023400
34025   0.021100
34026   0.019300
34027   0.023500
34028   0.021300
34029   0.024400
34030   0.026100
34031   0.023100
34032   0.024900
34033   0.023800
34034   0.027600
34035   0.034500
34036   0.036200
34037   0.030700
34038   0.030200
34039   0.026500
34040   0.022300
34041   0.018200
34042   0.019600
34043   0.015800
34044   0.015500
34045   0.011800
34046   0.011400
34047   0.013200
34048   0.011800
34049   0.003800
34050   0.003900
34051   0.004800
34052   0.003800
34053   0.001100
34054  -0.002900
34055  -0.002600
34056  -0.007100
34057  -0.003900
34058   0.000600
34059  -0.003400
34060   0.000100
34061   0.003400
34062  -0.001600
34063   0.001900
34064   0.010100
34065   0.015300
34066   0.012600
34067   0.017100
34068   0.008600
34069   0.005100
34070  -0.000700
34071   0.000400
34072  -0.005500
34073  -0.004900
34074   0.001700
34075  -0.003200
34076   0.000600
34077   0.000100
34078   0.003600
34079   0.002500
34080  -0.002600
34081  -0.003200
34082   0.001100
34083   0.002200
34084  -0.004500
34085  -0.003500
34086  -0.006800
34087  -0.007900
34088  -0.004500
34089  -0.003200
34090   0.002600
34091   0.000500
34092  -0.002100
34093  -0.000600
34094   0.003600
34095   0.006300
34096   0.011100
34097   0.019000
34098   0.019600
34099   0.019700
34100   0.016500
34101   0.016000
34102   0.017900
34103   0.016300
34104   0.015900
34105   0.019300
34106   0.021400
34107   0.025300
34108   0.028100
34109   0.029200
34110   0.023600
34111   0.022700
34112   0.027100
34113   0.025200
34114   0.026800
34115   0.024800
34116   0.026600
34117   0.031100
34118   0.027600
34119   0.028200
34120   0.031300
34121   0.032000
34122   0.027800
34123   0.027500
34124   0.029600
34125   0.026700
34126   0.025100
34127   0.025300
34128   0.027800
34129   0.016400
34130   0.017700
34131   0.017700
34132   0.011600
34133   0.003600
34134   0.007700
34135   0.008500
34136   0.007900
34137   0.007600
34138   0.009600
34139   0.015900
34140   0.017200
34141   0.021200
34142   0.025300
34143   0.033100
34144   0.028300
34145   0.026900
34146   0.027600
34147   0.030100
34148   0.029400
34149   0.032800
34150   0.033400
34151   0.042000
34152   0.039700
34153   0.033300
34154   0.033300
34155   0.029700
34156   0.027700
34157   0.032600
34158   0.031500
34159   0.029300
34160   0.025000
34161   0.029700
34162   0.036600
34163   0.040800
34164   0.036100
34165   0.037800
34166   0.034100
34167   0.031000
34168   0.034100
34169   0.032900
34170   0.027500
34171   0.021500
34172   0.009200
34173   0.005400
34174   0.008900
34175   0.005000
34176   0.012900
34177   0.011100
34178   0.011400
34179   0.018600
34180   0.018100
34181   0.018400
34182   0.016400
34183   0.022400
34184   0.025000
34185   0.024500
34186   0.027300
34187   0.022800
34188   0.020200
34189   0.017000
34190   0.011500
34191   0.008500
34192   0.007400
34193   0.009800
34194   0.009200
34195   0.013100
34196   0.008800
34197   0.006300
34198   0.003000
34199   0.000500
34200   0.003200
34201   0.002100
34202   0.011600
34203   0.016200
34204   0.016700
34205   0.013400
34206   0.018100
34207   0.021900
34208   0.027600
34209   0.029200
34210   0.027900
34211   0.028600
34212   0.030700
34213   0.029400
34214   0.023600
34215   0.024600
34216   0.029000
34217   0.031300
34218   0.031600
34219   0.035000
34220   0.036400
34221   0.036200
34222   0.042200
34223   0.039300
34224   0.037900
34225   0.036800
34226   0.038100
34227   0.029900
34228   0.029000
34229   0.026800
34230   0.029200
34231   0.028500
34232   0.029000
34233   0.027800
34234   0.024100
34235   0.026400
34236   0.028700
34237   0.029200
34238   0.031700
34239   0.034400
34240   0.035500
34241   0.034700
34242   0.032600
34243   0.026100
34244   0.027800
34245   0.030800
34246   0.025000
34247   0.025900
34248   0.030500
34249   0.031400
34250   0.040900
34251   0.039500
34252   0.043600
34253   0.045200
34254   0.046700
34255   0.050600
34256   0.049300
34257   0.048900
34258   0.050700
34259   0.059100
34260   0.070200
34261   0.073400
34262   0.072300
34263   0.068800
34264   0.072500
34265   0.071100
34266   0.076800
34267   0.080500
34268   0.090400
34269   0.092500
34270   0.096300
34271   0.093600
34272   0.093500
34273   0.089200
34274   0.095200
34275   0.091800
34276   0.094900
34277   0.094800
34278   0.089500
34279   0.078000
34280   0.076400
34281   0.076300
34282   0.078400
34283   0.078000
34284   0.073600
34285   0.066800
34286   0.063400
34287   0.060400
34288   0.061300
34289   0.059500
34290   0.062700
34291   0.065500
34292   0.068000
34293   0.069700
34294   0.074900
34295   0.077500
34296   0.074000
34297   0.070800
34298   0.075300
34299   0.075300
34300   0.075800
34301   0.075700
34302   0.075800
34303   0.074600
34304   0.072200
34305   0.066200
34306   0.065300
34307   0.063800
34308   0.064400
34309   0.067200
34310   0.070900
34311   0.075700
34312   0.074000
34313   0.067700
34314   0.063400
34315   0.060100
34316   0.064600
34317   0.064400
34318   0.064500
34319   0.063700
34320   0.066300
34321   0.067500
34322   0.063200
34323   0.067400
34324   0.070400
34325   0.074800
34326   0.075400
34327   0.077400
34328   0.083200
34329   0.080500
34330   0.082200
34331   0.083100
34332   0.081900
34333   0.081800
34334   0.083700
34335   0.088500
34336   0.090700
34337   0.093800
34338   0.090300
34339   0.089700
34340   0.084200
34341   0.080600
34342   0.078900
34343   0.083700
34344   0.088000
34345   0.088800
34346   0.086400
34347   0.082700
34348   0.078500
34349   0.080300
34350   0.079100
34351   0.080600
34352   0.079600
34353   0.079500
34354   0.081000
34355   0.090700
34356   0.080000
34357   0.082000
34358   0.084300
34359   0.086800
34360   0.085900
34361   0.077300
34362   0.077400
34363   0.071100
34364   0.072400
34365   0.077300
34366   0.076800
34367   0.073400
34368   0.067400
34369   0.064300
34370   0.067000
34371   0.063600
34372   0.064800
34373   0.065000
34374   0.065500
34375   0.071800
34376   0.071000
34377   0.070300
34378   0.072400
34379   0.076500
34380   0.078000
34381   0.076800
34382   0.085000
34383   0.089600
34384   0.090600
34385   0.086700
34386   0.089000
34387   0.084000
34388   0.075200
34389   0.075100
34390   0.077200
34391   0.083300
34392   0.082800
34393   0.079200
34394   0.077300
34395   0.084300
34396   0.086600
34397   0.086900
34398   0.087300
34399   0.089700
34400   0.083600
34401   0.084900
34402   0.080600
34403   0.084800
34404   0.086000
34405   0.084800
34406   0.085100
34407   0.084800
34408   0.079500
34409   0.082700
34410   0.084800
34411   0.081400
34412   0.081000
34413   0.069400
34414   0.071600
34415   0.067400
34416   0.066100
34417   0.064000
34418   0.067500
34419   0.066400
34420   0.059900
34421   0.062700
34422   0.061900
34423   0.058000
34424   0.059800
34425   0.064000
34426   0.060000
34427   0.061500
34428   0.061400
34429   0.061800
34430   0.061300
34431   0.057500
34432   0.059400
34433   0.056800
34434   0.057100
34435   0.056800
34436   0.059600
34437   0.059200
34438   0.055500
34439   0.059800
34440   0.049600
34441   0.049300
34442   0.052000
34443   0.052300
34444   0.045900
34445   0.049800
34446   0.047900
34447   0.051800
34448   0.061200
34449   0.063700
34450   0.065500
34451   0.065000
34452   0.068800
34453   0.067900
34454   0.073400
34455   0.074000
34456   0.071900
34457   0.071000
34458   0.072300
34459   0.079100
34460   0.081300
34461   0.080600
34462   0.081400
34463   0.079300
34464   0.084400
34465   0.083200
34466   0.079900
34467   0.080600
34468   0.083300
34469   0.084300
34470   0.086100
34471   0.086900
34472   0.084400
34473   0.082000
34474   0.081900
34475   0.086500
34476   0.089100
34477   0.087000
34478   0.086000
34479   0.092300
34480   0.090900
34481   0.097400
34482   0.099800
34483   0.098800
34484   0.098700
34485   0.098100
34486   0.101000
34487   0.099700
34488   0.098800
34489   0.095700
34490   0.094800
34491   0.097100
34492   0.097900
34493   0.094500
34494   0.083700
34495   0.082900
34496   0.083500
34497   0.078200
34498   0.078400
34499   0.077000
34500   0.074300
34501   0.078000
34502   0.074000
34503   0.071200
34504   0.066600
34505   0.069800
34506   0.064700
34507   0.070500
34508   0.076100
34509   0.072500
34510   0.078800
34511   0.079100
34512   0.076500
34513   0.083100
34514   0.085700
34515   0.089700
34516   0.092500
34517   0.086800
34518   0.087200
34519   0.083400
34520   0.087400
34521   0.079800
34522   0.073400
34523   0.072500
34524   0.074400
34525   0.075500
34526   0.074500
34527   0.070700
34528   0.068400
34529   0.067900
34530   0.066400
34531   0.065700
34532   0.060400
34533   0.061500
34534   0.060300
34535   0.057900
34536   0.059300
34537   0.051600
34538   0.052700
34539   0.053900
34540   0.052100
34541   0.049400
34542   0.048700
34543   0.048100
34544   0.048500
34545   0.049700
34546   0.047800
34547   0.048700
34548   0.049000
34549   0.044200
34550   0.038000
34551   0.033000
34552   0.036400
34553   0.039800
34554   0.038500
34555   0.044500
34556   0.049600
34557   0.055500
34558   0.055500
34559   0.061600
34560   0.060000
34561   0.065900
34562   0.059800
34563   0.056700
34564   0.057800
34565   0.063000
34566   0.063100
34567   0.063800
34568   0.064000
34569   0.064700
34570   0.062300
34571   0.068100
34572   0.066000
34573   0.064100
34574   0.063600
34575   0.070100
34576   0.075400
34577   0.073700
34578   0.079100
34579   0.084400
34580   0.087200
34581   0.090500
34582   0.097200
34583   0.096200
34584   0.087800
34585   0.090000
34586   0.090800
34587   0.090200
34588   0.087800
34589   0.089800
34590   0.083100
34591   0.084700
34592   0.092000
34593   0.084400
34594   0.088300
34595   0.093000
34596   0.090900
34597   0.097400
34598   0.107400
34599   0.108300
34600   0.107900
34601   0.102500
34602   0.106200
34603   0.103700
34604   0.105500
34605   0.104100
34606   0.100700
34607   0.100500
34608   0.097500
34609   0.096000
34610   0.090400
34611   0.084100
34612   0.080000
34613   0.075000
34614   0.075000
34615   0.075900
34616   0.076900
34617   0.080000
34618   0.083200
34619   0.082700
34620   0.090100
34621   0.087000
34622   0.088500
34623   0.093600
34624   0.094400
34625   0.093100
34626   0.088300
34627   0.086100
34628   0.087700
34629   0.088800
34630   0.088000
34631   0.084500
34632   0.079600
34633   0.078300
34634   0.078800
34635   0.075500
34636   0.070900
34637   0.077500
34638   0.080600
34639   0.075000
34640   0.080100
34641   0.068400
34642   0.063700
34643   0.059100
34644   0.065000
34645   0.074800
34646   0.067600
34647   0.063400
34648   0.061000
34649   0.058700
34650   0.056700
34651   0.054400
34652   0.054900
34653   0.052600
34654   0.051900
34655   0.049400
34656   0.046800
34657   0.042100
34658   0.044700
34659   0.038800
34660   0.041500
34661   0.044100
34662   0.047700
34663   0.040900
34664   0.044500
34665   0.046500
34666   0.052900
34667   0.053400
34668   0.049400
34669   0.051600
34670   0.054400
34671   0.058700
34672   0.054100
34673   0.051600
34674   0.049800
34675   0.049100
34676   0.052600
34677   0.046600
34678   0.047900
34679   0.045100
34680   0.046300
34681   0.039800
34682   0.036400
34683   0.035900
34684   0.034400
34685   0.032600
34686   0.032200
34687   0.032300
34688   0.041300
34689   0.044700
34690   0.044900
34691   0.047700
34692   0.046800
34693   0.048400
34694   0.060300
34695   0.060800
34696   0.055500
34697   0.049000
34698   0.047200
34699   0.047100
34700   0.047300
34701   0.043700
34702   0.039700
34703   0.040400
34704   0.048400
34705   0.038000
34706   0.035100
34707   0.036500
34708   0.032300
34709   0.034200
34710   0.030700
34711   0.033400
34712   0.026300
34713   0.021000
34714   0.024500
34715   0.015300
34716   0.016300
34717   0.013300
34718   0.012600
34719   0.011000
34720   0.004100
34721   0.008800
34722   0.007600
34723   0.000900
34724   0.010200
34725   0.009200
34726   0.009400
34727   0.008500
34728   0.014700
34729   0.013600
34730   0.018200
34731   0.013700
34732   0.008500
34733   0.009600
34734   0.020300
34735   0.021000
34736   0.029400
34737   0.025200
34738   0.027600
34739   0.028600
34740   0.030100
34741   0.025000
34742   0.024400
34743   0.026000
34744   0.026300
34745   0.018800
34746   0.022700
34747   0.024100
34748   0.022500
34749   0.022500
34750   0.018500
34751   0.020400
34752   0.021100
34753   0.020000
34754   0.016500
34755   0.011900
34756   0.012600
34757   0.014200
34758   0.013400
34759   0.016900
34760   0.019200
34761   0.019800
34762   0.021100
34763   0.015600
34764   0.010700
34765   0.005600
34766   0.007800
34767   0.008800
34768   0.003300
34769  -0.000200
34770   0.007200
34771   0.011000
34772   0.010000
34773   0.007500
34774   0.005000
34775   0.010400
34776   0.004200
34777   0.001900
34778  -0.001100
34779  -0.000800
34780  -0.001600
34781  -0.003100
34782  -0.008700
34783  -0.000700
34784  -0.002100
34785  -0.000000
34786  -0.000800
34787  -0.001200
34788  -0.002200
34789   0.003800
34790   0.003600
34791  -0.001400
34792  -0.001500
34793   0.000100
34794  -0.000900
34795   0.003700
34796   0.000300
34797  -0.003600
34798  -0.004900
34799  -0.007900
34800  -0.010000
34801  -0.015900
34802  -0.016800
34803  -0.019500
34804  -0.020200
34805  -0.017600
34806  -0.018000
34807  -0.021900
34808  -0.028300
34809  -0.025200
34810  -0.024300
34811  -0.023600
34812  -0.027700
34813  -0.033200
34814  -0.039500
34815  -0.025800
34816  -0.024100
34817  -0.024100
34818  -0.029700
34819  -0.030500
34820  -0.024300
34821  -0.028200
34822  -0.025600
34823  -0.033400
34824  -0.026800
34825  -0.021700
34826  -0.024900
34827  -0.024100
34828  -0.022800
34829  -0.026000
34830  -0.028700
34831  -0.026500
34832  -0.028400
34833  -0.025300
34834  -0.028400
34835  -0.026300
34836  -0.037500
34837  -0.036800
34838  -0.031200
34839  -0.030600
34840  -0.030100
34841  -0.033800
34842  -0.034500
34843  -0.036800
34844  -0.029500
34845  -0.032800
34846  -0.035600
34847  -0.041100
34848  -0.037300
34849  -0.035500
34850  -0.033700
34851  -0.030900
34852  -0.030200
34853  -0.030800
34854  -0.021500
34855  -0.018300
34856  -0.015400
34857  -0.015900
34858  -0.018900
34859  -0.022200
34860  -0.020500
34861  -0.020600
34862  -0.024700
34863  -0.021400
34864  -0.021700
34865  -0.018300
34866  -0.020100
34867  -0.024500
34868  -0.023800
34869  -0.018600
34870  -0.019200
34871  -0.021400
34872  -0.020500
34873  -0.027200
34874  -0.022900
34875  -0.021400
34876  -0.017000
34877  -0.016200
34878  -0.013700
34879  -0.018700
34880  -0.016800
34881  -0.025700
34882  -0.024700
34883  -0.024500
34884  -0.025900
34885  -0.034500
34886  -0.032100
34887  -0.034900
34888  -0.039000
34889  -0.038200
34890  -0.040000
34891  -0.046200
34892  -0.042100
34893  -0.039600
34894  -0.037200
34895  -0.035300
34896  -0.033100
34897  -0.034800
34898  -0.034000
34899  -0.030600
34900  -0.041000
34901  -0.036800
34902  -0.035300
34903  -0.031400
34904  -0.031000
34905  -0.032300
34906  -0.032000
34907  -0.030600
34908  -0.032500
34909  -0.030600
34910  -0.028100
34911  -0.021200
34912  -0.020600
34913  -0.019800
34914  -0.019000
34915  -0.020900
34916  -0.024300
34917  -0.020600
34918  -0.026500
34919  -0.026400
34920  -0.029800
34921  -0.032400
34922  -0.028600
34923  -0.025400
34924  -0.034000
34925  -0.030100
34926  -0.023500
34927  -0.024000
34928  -0.023900
34929  -0.027100
34930  -0.023300
34931  -0.022500
34932  -0.022200
34933  -0.027600
34934  -0.028100
34935  -0.022700
34936  -0.027000
34937  -0.027700
34938  -0.023700
34939  -0.023100
34940  -0.026000
34941  -0.028700
34942  -0.018900
34943  -0.019100
34944  -0.015600
34945  -0.015700
34946  -0.017500
34947  -0.018600
34948  -0.027500
34949  -0.019800
34950  -0.013500
34951  -0.010000
34952  -0.008000
34953  -0.002800
34954  -0.002300
34955   0.001900
34956   0.004600
34957   0.004000
34958  -0.002100
34959   0.000000
34960   0.004500
34961   0.006000
34962   0.006400
34963   0.009600
34964   0.007200
34965   0.008900
34966   0.009400
34967   0.009000
34968   0.010700
34969   0.011700
34970   0.010500
34971   0.004700
34972   0.005300
34973   0.007500
34974   0.010100
34975   0.009200
34976   0.005200
34977  -0.002200
34978   0.002100
34979   0.006400
34980   0.005400
34981   0.002800
34982   0.004400
34983   0.000500
34984  -0.000700
34985   0.002200
34986  -0.000300
34987  -0.009100
34988  -0.013300
34989  -0.007500
34990  -0.014200
34991  -0.014200
34992  -0.017600
34993  -0.017800
34994  -0.012800
34995  -0.020000
34996  -0.016700
34997  -0.005800
34998  -0.009600
34999  -0.009100
35000  -0.008000
35001  -0.009300
35002  -0.006800
35003  -0.002400
35004  -0.003900
35005  -0.007800
35006  -0.002700
35007  -0.005300
35008  -0.008300
35009  -0.002900
35010  -0.000000
35011  -0.007200
35012  -0.009700
35013  -0.013100
35014  -0.014100
35015  -0.013100
35016  -0.008700
35017  -0.005500
35018  -0.008500
35019  -0.009100
35020  -0.010000
35021  -0.008900
35022  -0.004200
35023  -0.002200
35024  -0.005700
35025  -0.007600
35026  -0.005600
35027  -0.008600
35028  -0.003900
35029  -0.002300
35030   0.000300
35031   0.007800
35032   0.007100
35033   0.007900
35034   0.011900
35035   0.009000
35036   0.008600
35037   0.006500
35038   0.002900
35039   0.004900
35040  -0.000200
35041   0.007900
35042   0.008400
35043   0.001500
35044  -0.001600
35045  -0.000200
35046  -0.003800
35047  -0.013000
35048  -0.019200
35049  -0.014700
35050  -0.019300
35051  -0.021800
35052  -0.029800
35053  -0.029000
35054  -0.030400
35055  -0.027800
35056  -0.023400
35057  -0.019100
35058  -0.018000
35059  -0.024700
35060  -0.026400
35061  -0.024500
35062  -0.024600
35063  -0.027500
35064  -0.023800
35065  -0.024600
35066  -0.028000
35067  -0.022600
35068  -0.020800
35069  -0.019200
35070  -0.014600
35071  -0.019300
35072  -0.018900
35073  -0.014500
35074  -0.012600
35075  -0.016600
35076  -0.020900
35077  -0.024300
35078  -0.024800
35079  -0.024000
35080  -0.025200
35081  -0.026400
35082  -0.025400
35083  -0.026500
35084  -0.029600
35085  -0.025900
35086  -0.034900
35087  -0.027400
35088  -0.028300
35089  -0.028500
35090  -0.020400
35091  -0.014200
35092  -0.018800
35093  -0.015900
35094  -0.016700
35095  -0.024600
35096  -0.023800
35097  -0.022800
35098  -0.023500
35099  -0.012000
35100  -0.009100
35101  -0.005600
35102  -0.002100
35103  -0.002600
35104   0.002200
35105   0.001900
35106   0.005600
35107   0.000700
35108   0.000900
35109  -0.005600
35110  -0.008200
35111  -0.015600
35112  -0.016900
35113  -0.009200
35114  -0.012300
35115  -0.014700
35116  -0.014700
35117  -0.009700
35118  -0.012600
35119  -0.013000
35120  -0.017600
35121  -0.021800
35122  -0.026200
35123  -0.021800
35124  -0.027300
35125  -0.029400
35126  -0.023900
35127  -0.027800
35128  -0.026200
35129  -0.030600
35130  -0.029000
35131  -0.030000
35132  -0.036800
35133  -0.041100
35134  -0.043200
35135  -0.045500
35136  -0.045500
35137  -0.047300
35138  -0.049900
35139  -0.051900
35140  -0.053700
35141  -0.054300
35142  -0.058500
35143  -0.058800
35144  -0.058100
35145  -0.051700
35146  -0.055700
35147  -0.056500
35148  -0.055400
35149  -0.049100
35150  -0.047700
35151  -0.046200
35152  -0.047600
35153  -0.055300
35154  -0.055200
35155  -0.058200
35156  -0.055400
35157  -0.054900
35158  -0.053400
35159  -0.053500
35160  -0.062100
35161  -0.061500
35162  -0.061600
35163  -0.063100
35164  -0.061900
35165  -0.067600
35166  -0.066500
35167  -0.060900
35168  -0.061000
35169  -0.060500
35170  -0.065100
35171  -0.064400
35172  -0.063200
35173  -0.056000
35174  -0.053300
35175  -0.057400
35176  -0.046200
35177  -0.042700
35178  -0.045100
35179  -0.045400
35180  -0.042100
35181  -0.038600
35182  -0.034500
35183  -0.030400
35184  -0.022400
35185  -0.018600
35186  -0.018200
35187  -0.019500
35188  -0.021900
35189  -0.022200
35190  -0.023500
35191  -0.023800
35192  -0.027300
35193  -0.026300
35194  -0.032500
35195  -0.039000
35196  -0.039400
35197  -0.042200
35198  -0.039500
35199  -0.035600
35200  -0.040700
35201  -0.039700
35202  -0.038700
35203  -0.044200
35204  -0.047400
35205  -0.047300
35206  -0.051600
35207  -0.049800
35208  -0.049500
35209  -0.051600
35210  -0.046400
35211  -0.047600
35212  -0.047100
35213  -0.043400
35214  -0.040400
35215  -0.035100
35216  -0.039000
35217  -0.038600
35218  -0.033900
35219  -0.029300
35220  -0.027600
35221  -0.027000
35222  -0.029200
35223  -0.035600
35224  -0.037300
35225  -0.037700
35226  -0.029600
35227  -0.035400
35228  -0.031800
35229  -0.031800
35230  -0.035300
35231  -0.039800
35232  -0.035000
35233  -0.031200
35234  -0.035500
35235  -0.038200
35236  -0.031400
35237  -0.032700
35238  -0.028900
35239  -0.026800
35240  -0.026100
35241  -0.023900
35242  -0.024500
35243  -0.022500
35244  -0.017700
35245  -0.016400
35246  -0.018400
35247  -0.022700
35248  -0.025900
35249  -0.031200
35250  -0.030200
35251  -0.027300
35252  -0.037300
35253  -0.032700
35254  -0.037600
35255  -0.041600
35256  -0.041200
35257  -0.034500
35258  -0.026700
35259  -0.032400
35260  -0.027700
35261  -0.028400
35262  -0.029000
35263  -0.020800
35264  -0.013500
35265  -0.015400
35266  -0.016800
35267  -0.011100
35268  -0.003900
35269  -0.005300
35270  -0.003000
35271  -0.004800
35272  -0.005900
35273  -0.001600
35274   0.000600
35275  -0.004600
35276  -0.003800
35277  -0.003700
35278   0.000900
35279  -0.000700
35280  -0.002500
35281  -0.003200
35282   0.000100
35283  -0.000100
35284   0.001900
35285   0.008600
35286   0.011900
35287   0.006900
35288   0.005700
35289   0.001900
35290   0.004200
35291   0.000600
35292   0.000700
35293  -0.000100
35294  -0.000800
35295  -0.001600
35296   0.001800
35297  -0.003000
35298  -0.005400
35299   0.001200
35300   0.001100
35301   0.002400
35302   0.008500
35303   0.012100
35304   0.007600
35305   0.011500
35306   0.008800
35307   0.009600
35308   0.010100
35309   0.004300
35310   0.004600
35311   0.008500
35312   0.002700
35313   0.005300
35314   0.006500
35315   0.000700
35316  -0.003400
35317  -0.002400
35318  -0.005500
35319  -0.008500
35320  -0.011100
35321  -0.011700
35322  -0.009700
35323  -0.014600
35324  -0.016400
35325  -0.020600
35326  -0.023100
35327  -0.020300
35328  -0.019200
35329  -0.020600
35330  -0.025400
35331  -0.028400
35332  -0.028800
35333  -0.030300
35334  -0.026000
35335  -0.026700
35336  -0.034000
35337  -0.035200
35338  -0.031300
35339  -0.030800
35340  -0.031500
35341  -0.026400
35342  -0.028800
35343  -0.026200
35344  -0.031000
35345  -0.032900
35346  -0.031300
35347  -0.040900
35348  -0.037800
35349  -0.023800
35350  -0.021200
35351  -0.018500
35352  -0.024900
35353  -0.024000
35354  -0.020800
35355  -0.015600
35356  -0.013700
35357  -0.013300
35358  -0.012400
35359  -0.010100
35360  -0.018000
35361  -0.017200
35362  -0.016000
35363  -0.013400
35364  -0.015300
35365  -0.016800
35366  -0.012900
35367  -0.010600
35368  -0.015200
35369  -0.003100
35370  -0.004600
35371  -0.006700
35372  -0.002700
35373  -0.008800
35374  -0.015300
35375  -0.019400
35376  -0.022300
35377  -0.026500
35378  -0.020900
35379  -0.021900
35380  -0.018100
35381  -0.012500
35382  -0.015400
35383  -0.021300
35384  -0.020700
35385  -0.021900
35386  -0.018700
35387  -0.012900
35388  -0.011000
35389  -0.015100
35390  -0.018800
35391  -0.017500
35392  -0.015200
35393  -0.016200
35394  -0.011100
35395  -0.013600
35396  -0.002900
35397  -0.002400
35398  -0.004000
35399  -0.005300
35400  -0.003500
35401   0.003100
35402   0.003000
35403   0.007700
35404   0.010300
35405   0.005800
35406   0.010600
35407   0.012100
35408   0.017300
35409   0.011500
35410   0.010700
35411   0.009100
35412   0.009000
35413   0.008100
35414   0.000100
35415   0.000500
35416   0.005000
35417   0.004400
35418  -0.002500
35419  -0.001700
35420   0.005200
35421   0.011100
35422   0.011700
35423   0.008900
35424   0.008800
35425   0.004300
35426   0.010100
35427  -0.000400
35428   0.001800
35429  -0.000300
35430  -0.002600
35431  -0.003900
35432   0.000600
35433   0.003600
35434   0.003800
35435   0.000800
35436   0.002400
35437   0.010300
35438   0.011300
35439   0.013600
35440   0.008000
35441   0.008900
35442   0.007700
35443  -0.002100
35444   0.002700
35445   0.006300
35446   0.000600
35447  -0.003800
35448  -0.003100
35449  -0.000800
35450  -0.002400
35451  -0.005300
35452  -0.009200
35453  -0.002000
35454  -0.000700
35455  -0.011800
35456  -0.016800
35457  -0.017400
35458  -0.013800
35459  -0.010000
35460  -0.009700
35461  -0.005600
35462  -0.005600
35463  -0.000300
35464   0.000900
35465   0.000100
35466  -0.005400
35467  -0.007900
35468  -0.004100
35469  -0.005400
35470  -0.003600
35471  -0.005100
35472  -0.012600
35473  -0.017000
35474  -0.011600
35475  -0.016100
35476  -0.011800
35477  -0.011600
35478  -0.009700
35479  -0.012100
35480  -0.012100
35481  -0.010300
35482  -0.010100
35483  -0.002500
35484   0.000700
35485   0.000900
35486   0.001800
35487   0.000700
35488  -0.001500
35489  -0.006900
35490  -0.014600
35491  -0.009300
35492  -0.016300
35493  -0.013500
35494  -0.015700
35495  -0.017400
35496  -0.019900
35497  -0.014100
35498  -0.009800
35499  -0.008200
35500  -0.005700
35501   0.000800
35502   0.005500
35503   0.004100
35504   0.002200
35505   0.002400
35506   0.008000
35507   0.005000
35508   0.002900
35509   0.002200
35510  -0.000400
35511  -0.004500
35512  -0.000900
35513  -0.001500
35514  -0.007200
35515  -0.005800
35516  -0.006000
35517  -0.005800
35518  -0.003400
35519  -0.005600
35520  -0.007100
35521  -0.005600
35522  -0.000200
35523  -0.005500
35524  -0.006400
35525  -0.003600
35526  -0.004400
35527  -0.009000
35528  -0.007400
35529  -0.004800
35530  -0.009000
35531  -0.008700
35532  -0.007500
35533  -0.012200
35534  -0.009600
35535  -0.010900
35536  -0.013500
35537  -0.010800
35538  -0.013000
35539  -0.005100
35540  -0.003000
35541  -0.005400
35542  -0.006800
35543  -0.012900
35544  -0.005300
35545  -0.007000
35546  -0.007000
35547   0.002000
35548   0.005300
35549   0.004300
35550   0.004200
35551   0.001300
35552   0.006500
35553   0.010500
35554   0.011100
35555   0.008000
35556   0.012800
35557   0.013300
35558   0.018200
35559   0.020000
35560   0.014400
35561   0.018100
35562   0.016500
35563   0.010400
35564   0.012200
35565   0.013300
35566   0.018400
35567   0.016200
35568   0.023700
35569   0.024300
35570   0.029600
35571   0.029900
35572   0.028800
35573   0.021700
35574   0.027400
35575   0.029600
35576   0.023800
35577   0.028900
35578   0.030400
35579   0.026300
35580   0.031600
35581   0.028400
35582   0.029200
35583   0.034800
35584   0.040900
35585   0.039200
35586   0.039900
35587   0.038800
35588   0.038900
35589   0.039100
35590   0.046700
35591   0.049800
35592   0.046800
35593   0.048200
35594   0.046400
35595   0.037900
35596   0.040900
35597   0.039200
35598   0.040500
35599   0.050100
35600   0.044700
35601   0.049300
35602   0.055500
35603   0.057700
35604   0.057600
35605   0.053500
35606   0.060500
35607   0.059800
35608   0.059500
35609   0.053800
35610   0.046500
35611   0.046900
35612   0.050000
35613   0.050100
35614   0.052700
35615   0.054400
35616   0.047400
35617   0.048400
35618   0.055100
35619   0.061600
35620   0.060600
35621   0.060600
35622   0.059700
35623   0.061600
35624   0.066700
35625   0.069600
35626   0.061400
35627   0.064500
35628   0.068500
35629   0.070900
35630   0.081000
35631   0.076300
35632   0.077200
35633   0.078500
35634   0.083300
35635   0.079800
35636   0.076500
35637   0.070600
35638   0.068700
35639   0.064300
35640   0.063400
35641   0.068200
35642   0.076800
35643   0.075300
35644   0.078400
35645   0.074300
35646   0.069800
35647   0.069500
35648   0.069100
35649   0.068000
35650   0.064500
35651   0.061700
35652   0.063200
35653   0.060400
35654   0.057700
35655   0.057400
35656   0.055500
35657   0.056700
35658   0.061500
35659   0.059000
35660   0.054000
35661   0.057500
35662   0.048100
35663   0.048700
35664   0.047100
35665   0.042700
35666   0.045500
35667   0.043700
35668   0.044300
35669   0.044700
35670   0.039200
35671   0.029800
35672   0.037700
35673   0.039800
35674   0.040700
35675   0.041200
35676   0.038200
35677   0.036600
35678   0.037000
35679   0.035900
35680   0.039600
35681   0.033400
35682   0.030000
35683   0.030600
35684   0.027700
35685   0.030100
35686   0.036200
35687   0.031400
35688   0.035100
35689   0.037000
35690   0.043600
35691   0.042100
35692   0.047300
35693   0.044400
35694   0.044900
35695   0.047800
35696   0.047400
35697   0.049000
35698   0.050100
35699   0.056800
35700   0.056000
35701   0.055000
35702   0.055500
35703   0.054900
35704   0.053400
35705   0.058600
35706   0.057700
35707   0.054400
35708   0.056900
35709   0.057300
35710   0.053400
35711   0.053100
35712   0.049700
35713   0.051500
35714   0.053000
35715   0.057900
35716   0.056800
35717   0.060600
35718   0.063000
35719   0.056800
35720   0.057000
35721   0.054200
35722   0.046900
35723   0.045200
35724   0.049000
35725   0.045200
35726   0.042100
35727   0.041200
35728   0.046800
35729   0.040600
35730   0.042100
35731   0.047100
35732   0.042200
35733   0.042300
35734   0.041800
35735   0.042000
35736   0.048000
35737   0.045000
35738   0.048000
35739   0.055200
35740   0.058900
35741   0.058300
35742   0.054800
35743   0.060700
35744   0.062200
35745   0.065000
35746   0.062700
35747   0.064800
35748   0.061300
35749   0.059000
35750   0.057800
35751   0.062600
35752   0.052900
35753   0.057200
35754   0.059600
35755   0.056100
35756   0.061300
35757   0.068100
35758   0.064800
35759   0.067400
35760   0.072000
35761   0.076300
35762   0.083600
35763   0.083000
35764   0.077500
35765   0.076500
35766   0.079500
35767   0.080500
35768   0.077000
35769   0.075500
35770   0.079700
35771   0.083500
35772   0.080400
35773   0.079100
35774   0.079200
35775   0.074200
35776   0.074500
35777   0.072100
35778   0.067000
35779   0.072300
35780   0.073600
35781   0.073900
35782   0.073000
35783   0.075700
35784   0.079000
35785   0.078300
35786   0.078500
35787   0.070700
35788   0.066400
35789   0.065800
35790   0.067200
35791   0.062700
35792   0.062000
35793   0.064300
35794   0.063500
35795   0.056500
35796   0.054300
35797   0.055900
35798   0.055100
35799   0.051200
35800   0.049300
35801   0.056100
35802   0.059800
35803   0.066300
35804   0.069500
35805   0.061700
35806   0.058300
35807   0.061700
35808   0.059600
35809   0.056800
35810   0.060000
35811   0.053100
35812   0.044600
35813   0.041400
35814   0.042900
35815   0.042400
35816   0.037800
35817   0.045200
35818   0.044000
35819   0.042900
35820   0.048400
35821   0.045800
35822   0.048100
35823   0.048000
35824   0.048200
35825   0.049300
35826   0.053800
35827   0.054700
35828   0.056000
35829   0.058000
35830   0.056200
35831   0.062400
35832   0.065400
35833   0.062100
35834   0.060500
35835   0.058100
35836   0.049800
35837   0.044400
35838   0.049100
35839   0.050300
35840   0.046500
35841   0.049900
35842   0.045800
35843   0.040800
35844   0.039400
35845   0.043000
35846   0.038700
35847   0.037000
35848   0.034500
35849   0.034000
35850   0.034200
35851   0.028800
35852   0.030700
35853   0.032500
35854   0.030200
35855   0.035900
35856   0.040700
35857   0.045500
35858   0.045600
35859   0.038600
35860   0.041600
35861   0.044500
35862   0.037500
35863   0.036000
35864   0.033500
35865   0.035100
35866   0.036000
35867   0.037000
35868   0.030800
35869   0.025200
35870   0.032600
35871   0.032500
35872   0.027700
35873   0.031200
35874   0.030400
35875   0.026300
35876   0.032000
35877   0.028300
35878   0.030200
35879   0.030000
35880   0.027700
35881   0.030100
35882   0.030400
35883   0.035200
35884   0.036700
35885   0.037400
35886   0.030500
35887   0.030300
35888   0.031400
35889   0.026900
35890   0.026600
35891   0.025600
35892   0.026100
35893   0.030600
35894   0.027100
35895   0.030300
35896   0.032700
35897   0.029800
35898   0.031800
35899   0.028400
35900   0.033200
35901   0.034700
35902   0.037300
35903   0.042200
35904   0.038700
35905   0.039700
35906   0.049000
35907   0.052100
35908   0.053400
35909   0.052400
35910   0.057600
35911   0.054700
35912   0.056400
35913   0.054600
35914   0.047400
35915   0.047500
35916   0.045900
35917   0.044900
35918   0.047900
35919   0.053800
35920   0.057500
35921   0.061400
35922   0.068400
35923   0.073800
35924   0.072100
35925   0.072000
35926   0.068600
35927   0.068500
35928   0.058000
35929   0.057700
35930   0.055500
35931   0.055100
35932   0.059600
35933   0.064200
35934   0.066900
35935   0.066300
35936   0.058500
35937   0.059000
35938   0.062100
35939   0.060600
35940   0.057100
35941   0.058800
35942   0.055000
35943   0.066300
35944   0.067900
35945   0.075800
35946   0.086900
35947   0.083700
35948   0.090100
35949   0.089000
35950   0.095200
35951   0.099500
35952   0.103400
35953   0.107700
35954   0.099800
35955   0.106900
35956   0.099000
35957   0.099400
35958   0.100500
35959   0.104500
35960   0.105500
35961   0.099900
35962   0.105400
35963   0.106200
35964   0.106100
35965   0.112500
35966   0.118400
35967   0.112300
35968   0.111300
35969   0.109300
35970   0.109900
35971   0.104100
35972   0.100500
35973   0.100600
35974   0.098200
35975   0.097100
35976   0.090900
35977   0.096700
35978   0.098900
35979   0.098400
35980   0.096700
35981   0.098900
35982   0.107500
35983   0.104200
35984   0.098600
35985   0.095400
35986   0.093300
35987   0.090700
35988   0.087900
35989   0.088800
35990   0.085400
35991   0.078700
35992   0.080600
35993   0.079600
35994   0.075700
35995   0.073300
35996   0.071100
35997   0.066400
35998   0.075000
35999   0.074100
36000   0.070000
36001   0.071700
36002   0.070100
36003   0.074300
36004   0.069300
36005   0.066600
36006   0.069500
36007   0.076700
36008   0.081900
36009   0.078600
36010   0.080000
36011   0.080700
36012   0.081300
36013   0.082500
36014   0.082600
36015   0.084200
36016   0.087500
36017   0.090400
36018   0.088500
36019   0.090300
36020   0.090700
36021   0.093100
36022   0.089400
36023   0.086900
36024   0.091300
36025   0.085100
36026   0.084600
36027   0.087600
36028   0.089800
36029   0.087000
36030   0.082700
36031   0.087700
36032   0.089900
36033   0.094500
36034   0.095000
36035   0.091400
36036   0.086100
36037   0.084600
36038   0.082100
36039   0.082200
36040   0.075100
36041   0.076300
36042   0.076900
36043   0.081400
36044   0.084800
36045   0.078100
36046   0.076100
36047   0.073600
36048   0.075900
36049   0.079000
36050   0.076600
36051   0.076400
36052   0.083800
36053   0.080700
36054   0.078200
36055   0.076900
36056   0.071500
36057   0.073900
36058   0.072700
36059   0.069100
36060   0.068700
36061   0.072200
36062   0.076500
36063   0.082200
36064   0.080300
36065   0.084700
36066   0.079700
36067   0.082800
36068   0.084100
36069   0.086500
36070   0.085700
36071   0.086800
36072   0.084600
36073   0.080400
36074   0.084100
36075   0.083700
36076   0.071900
36077   0.072200
36078   0.072700
36079   0.076500
36080   0.070300
36081   0.074900
36082   0.081000
36083   0.078500
36084   0.080400
36085   0.082300
36086   0.080000
36087   0.083200
36088   0.083000
36089   0.077800
36090   0.074200
36091   0.073400
36092   0.067500
36093   0.071600
36094   0.072400
36095   0.067200
36096   0.067000
36097   0.061700
36098   0.066600
36099   0.072800
36100   0.071400
36101   0.074300
36102   0.077700
36103   0.077900
36104   0.078500
36105   0.080300
36106   0.082200
36107   0.083800
36108   0.088200
36109   0.089200
36110   0.093600
36111   0.091900
36112   0.088800
36113   0.089200
36114   0.085000
36115   0.087800
36116   0.088600
36117   0.089900
36118   0.090300
36119   0.097600
36120   0.096900
36121   0.103900
36122   0.098500
36123   0.099500
36124   0.089200
36125   0.092100
36126   0.094800
36127   0.091800
36128   0.087800
36129   0.090500
36130   0.083100
36131   0.079000
36132   0.078000
36133   0.083500
36134   0.085000
36135   0.090200
36136   0.093800
36137   0.092300
36138   0.097100
36139   0.098300
36140   0.100900
36141   0.094800
36142   0.105100
36143   0.107300
36144   0.114300
36145   0.107500
36146   0.103700
36147   0.102000
36148   0.098200
36149   0.090800
36150   0.090200
36151   0.084200
36152   0.088900
36153   0.090200
36154   0.090700
36155   0.094100
36156   0.092200
36157   0.095500
36158   0.104200
36159   0.104000
36160   0.104600
36161   0.103600
36162   0.104100
36163   0.105200
36164   0.100500
36165   0.093800
36166   0.093900
36167   0.094700
36168   0.092200
36169   0.087300
36170   0.085400
36171   0.087900
36172   0.092900
36173   0.096800
36174   0.096900
36175   0.099600
36176   0.106300
36177   0.112700
36178   0.109900
36179   0.113300
36180   0.115000
36181   0.116200
36182   0.121600
36183   0.124100
36184   0.124100
36185   0.122400
36186   0.129500
36187   0.123300
36188   0.130100
36189   0.135100
36190   0.132300
36191   0.138700
36192   0.135300
36193   0.129800
36194   0.131000
36195   0.137900
36196   0.139700
36197   0.140700
36198   0.140000
36199   0.135000
36200   0.133700
36201   0.137400
36202   0.131800
36203   0.123200
36204   0.125300
36205   0.128400
36206   0.124300
36207   0.116800
36208   0.111700
36209   0.112100
36210   0.109200
36211   0.108200
36212   0.108900
36213   0.106600
36214   0.107600
36215   0.106500
36216   0.103600
36217   0.108600
36218   0.111500
36219   0.111000
36220   0.115600
36221   0.113600
36222   0.117400
36223   0.115600
36224   0.113800
36225   0.113600
36226   0.111200
36227   0.111600
36228   0.114400
36229   0.115700
36230   0.117200
36231   0.112800
36232   0.110600
36233   0.106100
36234   0.098300
36235   0.097400
36236   0.101600
36237   0.102600
36238   0.096800
36239   0.099600
36240   0.102000
36241   0.102600
36242   0.099400
36243   0.099200
36244   0.097800
36245   0.095700
36246   0.099500
36247   0.099900
36248   0.104600
36249   0.110800
36250   0.113300
36251   0.115800
36252   0.116100
36253   0.113600
36254   0.111800
36255   0.113900
36256   0.118000
36257   0.112500
36258   0.113000
36259   0.117900
36260   0.119500
36261   0.114800
36262   0.110800
36263   0.112200
36264   0.120900
36265   0.123400
36266   0.114400
36267   0.117100
36268   0.115000
36269   0.112700
36270   0.112900
36271   0.107900
36272   0.101000
36273   0.095200
36274   0.097300
36275   0.090200
36276   0.088800
36277   0.093900
36278   0.091700
36279   0.094000
36280   0.087700
36281   0.080900
36282   0.078500
36283   0.078900
36284   0.082800
36285   0.082400
36286   0.085400
36287   0.092100
36288   0.091800
36289   0.085900
36290   0.091700
36291   0.088300
36292   0.087000
36293   0.091200
36294   0.084700
36295   0.081400
36296   0.079800
36297   0.079400
36298   0.082100
36299   0.083100
36300   0.086200
36301   0.081400
36302   0.082800
36303   0.073100
36304   0.077300
36305   0.075500
36306   0.074000
36307   0.073000
36308   0.069700
36309   0.072000
36310   0.073700
36311   0.080900
36312   0.078800
36313   0.076400
36314   0.079600
36315   0.084000
36316   0.080300
36317   0.076300
36318   0.082600
36319   0.082900
36320   0.079400
36321   0.077200
36322   0.072400
36323   0.074400
36324   0.069700
36325   0.074700
36326   0.076200
36327   0.075500
36328   0.072200
36329   0.073200
36330   0.072900
36331   0.076400
36332   0.074100
36333   0.076400
36334   0.077900
36335   0.074800
36336   0.076700
36337   0.080000
36338   0.084900
36339   0.082100
36340   0.083900
36341   0.086600
36342   0.089500
36343   0.092600
36344   0.098100
36345   0.097300
36346   0.096500
36347   0.097600
36348   0.092000
36349   0.095200
36350   0.098800
36351   0.099800
36352   0.099700
36353   0.105100
36354   0.102700
36355   0.100600
36356   0.098100
36357   0.098400
36358   0.104100
36359   0.103600
36360   0.100900
36361   0.095800
36362   0.098100
36363   0.096200
36364   0.096700
36365   0.093200
36366   0.092900
36367   0.091700
36368   0.097900
36369   0.103400
36370   0.103800
36371   0.104000
36372   0.099400
36373   0.101700
36374   0.098000
36375   0.098600
36376   0.093600
36377   0.090300
36378   0.087500
36379   0.089400
36380   0.086300
36381   0.084900
36382   0.087700
36383   0.086200
36384   0.085200
36385   0.082700
36386   0.081300
36387   0.076800
36388   0.072200
36389   0.071900
36390   0.073700
36391   0.074100
36392   0.076000
36393   0.076900
36394   0.080300
36395   0.083800
36396   0.089800
36397   0.091600
36398   0.094300
36399   0.094000
36400   0.090600
36401   0.088400
36402   0.091600
36403   0.089500
36404   0.091900
36405   0.090500
36406   0.086200
36407   0.077800
36408   0.076200
36409   0.077300
36410   0.076900
36411   0.073900
36412   0.072200
36413   0.073700
36414   0.071500
36415   0.080100
36416   0.078100
36417   0.087300
36418   0.091500
36419   0.091100
36420   0.090100
36421   0.088400
36422   0.083400
36423   0.082500
36424   0.076500
36425   0.072200
36426   0.070700
36427   0.073300
36428   0.075100
36429   0.063600
36430   0.068900
36431   0.069900
36432   0.062000
36433   0.056300
36434   0.055300
36435   0.060800
36436   0.054800
36437   0.059300
36438   0.055500
36439   0.051000
36440   0.049700
36441   0.047800
36442   0.049600
36443   0.048100
36444   0.046300
36445   0.050100
36446   0.041600
36447   0.044500
36448   0.036800
36449   0.038800
36450   0.035500
36451   0.030800
36452   0.031500
36453   0.031300
36454   0.034300
36455   0.031600
36456   0.032900
36457   0.031000
36458   0.031700
36459   0.034400
36460   0.035800
36461   0.040500
36462   0.036700
36463   0.039000
36464   0.036200
36465   0.040600
36466   0.041700
36467   0.038800
36468   0.043500
36469   0.038100
36470   0.035200
36471   0.041800
36472   0.034600
36473   0.037000
36474   0.040100
36475   0.043600
36476   0.040900
36477   0.040900
36478   0.038500
36479   0.034200
36480   0.041900
36481   0.042500
36482   0.046200
36483   0.038500
36484   0.043500
36485   0.047300
36486   0.044800
36487   0.043300
36488   0.042900
36489   0.042400
36490   0.047000
36491   0.042200
36492   0.042300
36493   0.044100
36494   0.046500
36495   0.039300
36496   0.045500
36497   0.049100
36498   0.048100
36499   0.047700
36500   0.042500
36501   0.040900
36502   0.045700
36503   0.047800
36504   0.050800
36505   0.049300
36506   0.056400
36507   0.061700
36508   0.065800
36509   0.063900
36510   0.062400
36511   0.062100
36512   0.061700
36513   0.060700
36514   0.065000
36515   0.069800
36516   0.072200
36517   0.075400
36518   0.073400
36519   0.065600
36520   0.068500
36521   0.066700
36522   0.063900
36523   0.066300
36524   0.059700
36525   0.054300
36526   0.054200
36527   0.051900
36528   0.056600
36529   0.055200
36530   0.047400
36531   0.043200
36532   0.043800
36533   0.045500
36534   0.046000
36535   0.042000
36536   0.044800
36537   0.043600
36538   0.042600
36539   0.049200
36540   0.045000
36541   0.040500
36542   0.036700
36543   0.038700
36544   0.047200
36545   0.045300
36546   0.040200
36547   0.041200
36548   0.036100
36549   0.030300
36550   0.031600
36551   0.031200
36552   0.034000
36553   0.030200
36554   0.031200
36555   0.034000
36556   0.033600
36557   0.032700
36558   0.030400
36559   0.034600
36560   0.041500
36561   0.051700
36562   0.050000
36563   0.053800
36564   0.056800
36565   0.054700
36566   0.056900
36567   0.054600
36568   0.045600
36569   0.045900
36570   0.049200
36571   0.053500
36572   0.059600
36573   0.060500
36574   0.063100
36575   0.064400
36576   0.065400
36577   0.067800
36578   0.069900
36579   0.066600
36580   0.063000
36581   0.062900
36582   0.063600
36583   0.059600
36584   0.060700
36585   0.062800
36586   0.062300
36587   0.057900
36588   0.054900
36589   0.053000
36590   0.057100
36591   0.060800
36592   0.058100
36593   0.061500
36594   0.055300
36595   0.056200
36596   0.059900
36597   0.053100
36598   0.048300
36599   0.052500
36600   0.057600
36601   0.050000
36602   0.045100
36603   0.038700
36604   0.038000
36605   0.035300
36606   0.035800
36607   0.034100
36608   0.036700
36609   0.037600
36610   0.040400
36611   0.045700
36612   0.048400
36613   0.047800
36614   0.044200
36615   0.040400
36616   0.039500
36617   0.042000
36618   0.044900
36619   0.048000
36620   0.046000
36621   0.043900
36622   0.044600
36623   0.040300
36624   0.042100
36625   0.038600
36626   0.033100
36627   0.032700
36628   0.027700
36629   0.031700
36630   0.043200
36631   0.043100
36632   0.042000
36633   0.041800
36634   0.043900
36635   0.039600
36636   0.042900
36637   0.045000
36638   0.051100
36639   0.047300
36640   0.040300
36641   0.038900
36642   0.037100
36643   0.035300
36644   0.032400
36645   0.027600
36646   0.029900
36647   0.023600
36648   0.021500
36649   0.021400
36650   0.019800
36651   0.014300
36652   0.013200
36653   0.011600
36654   0.013500
36655   0.015800
36656   0.016100
36657   0.013900
36658   0.014700
36659   0.015300
36660   0.011800
36661   0.007600
36662   0.010600
36663   0.012000
36664   0.006900
36665   0.003800
36666   0.006000
36667   0.001500
36668   0.000700
36669  -0.001600
36670   0.007700
36671   0.005300
36672   0.004000
36673   0.002400
36674  -0.000500
36675  -0.008400
36676  -0.010500
36677  -0.002100
36678  -0.005800
36679  -0.009600
36680  -0.013600
36681  -0.017100
36682  -0.017200
36683  -0.020400
36684  -0.024100
36685  -0.022600
36686  -0.031500
36687  -0.034300
36688  -0.030500
36689  -0.027900
36690  -0.030500
36691  -0.022400
36692  -0.019100
36693  -0.023500
36694  -0.018200
36695  -0.015900
36696  -0.012200
36697  -0.015000
36698  -0.017300
36699  -0.020800
36700  -0.023300
36701  -0.019400
36702  -0.025000
36703  -0.019400
36704  -0.016400
36705  -0.014000
36706  -0.013400
36707  -0.014700
36708  -0.014900
36709  -0.016700
36710  -0.022400
36711  -0.022100
36712  -0.012700
36713  -0.005200
36714  -0.000900
36715  -0.004800
36716  -0.014100
36717  -0.021000
36718  -0.022300
36719  -0.021000
36720  -0.016100
36721  -0.012200
36722  -0.012000
36723  -0.011900
36724  -0.014700
36725  -0.012900
36726  -0.007500
36727  -0.009900
36728  -0.013100
36729  -0.010700
36730  -0.011500
36731  -0.008400
36732  -0.007300
36733  -0.003100
36734  -0.002200
36735  -0.004400
36736  -0.000900
36737  -0.004900
36738   0.004900
36739   0.001600
36740   0.001600
36741  -0.003000
36742  -0.002300
36743  -0.006300
36744  -0.002900
36745  -0.007100
36746  -0.009700
36747  -0.012500
36748  -0.013700
36749  -0.017300
36750  -0.020200
36751  -0.018000
36752  -0.015600
36753  -0.016000
36754  -0.020500
36755  -0.012100
36756  -0.009100
36757  -0.005900
36758  -0.007900
36759  -0.014500
36760  -0.011300
36761  -0.007100
36762  -0.011000
36763  -0.012000
36764  -0.015800
36765  -0.010700
36766  -0.018700
36767  -0.022700
36768  -0.028500
36769  -0.033900
36770  -0.034400
36771  -0.037300
36772  -0.039100
36773  -0.037600
36774  -0.037300
36775  -0.038400
36776  -0.033100
36777  -0.035400
36778  -0.033500
36779  -0.033200
36780  -0.032600
36781  -0.029100
36782  -0.032500
36783  -0.030900
36784  -0.030900
36785  -0.034800
36786  -0.032000
36787  -0.030200
36788  -0.025500
36789  -0.026300
36790  -0.024800
36791  -0.029500
36792  -0.037000
36793  -0.045200
36794  -0.044900
36795  -0.040200
36796  -0.044700
36797  -0.044600
36798  -0.047400
36799  -0.047000
36800  -0.042600
36801  -0.034500
36802  -0.031200
36803  -0.023000
36804  -0.018000
36805  -0.021200
36806  -0.015000
36807  -0.017000
36808  -0.017200
36809  -0.013000
36810  -0.016300
36811  -0.021000
36812  -0.024300
36813  -0.022000
36814  -0.018900
36815  -0.009800
36816  -0.006900
36817  -0.002100
36818   0.000700
36819   0.006400
36820   0.009500
36821   0.010400
36822   0.009100
36823   0.009300
36824   0.008000
36825   0.006900
36826  -0.002900
36827  -0.013100
36828  -0.016000
36829  -0.017400
36830  -0.019500
36831  -0.020600
36832  -0.025600
36833  -0.027200
36834  -0.025700
36835  -0.023500
36836  -0.019200
36837  -0.019100
36838  -0.023100
36839  -0.026600
36840  -0.029000
36841  -0.027200
36842  -0.030000
36843  -0.032500
36844  -0.028600
36845  -0.032000
36846  -0.032900
36847  -0.033400
36848  -0.028200
36849  -0.027200
36850  -0.020300
36851  -0.020400
36852  -0.026500
36853  -0.023900
36854  -0.017800
36855  -0.018300
36856  -0.019100
36857  -0.018800
36858  -0.020500
36859  -0.018300
36860  -0.027000
36861  -0.026900
36862  -0.023200
36863  -0.024000
36864  -0.018100
36865  -0.020500
36866  -0.020300
36867  -0.020600
36868  -0.024200
36869  -0.028400
36870  -0.020700
36871  -0.016900
36872  -0.026900
36873  -0.028400
36874  -0.033000
36875  -0.033300
36876  -0.031700
36877  -0.028000
36878  -0.029300
36879  -0.029300
36880  -0.026200
36881  -0.025100
36882  -0.028500
36883  -0.031400
36884  -0.035300
36885  -0.026500
36886  -0.028100
36887  -0.030800
36888  -0.031800
36889  -0.033600
36890  -0.041300
36891  -0.038200
36892  -0.037000
36893  -0.034800
36894  -0.029300
36895  -0.022500
36896  -0.022600
36897  -0.018400
36898  -0.017600
36899  -0.021600
36900  -0.018100
36901  -0.020000
36902  -0.018700
36903  -0.020400
36904  -0.020900
36905  -0.023400
36906  -0.019100
36907  -0.021400
36908  -0.014600
36909  -0.007900
36910  -0.010600
36911  -0.010200
36912  -0.010900
36913  -0.002900
36914  -0.003800
36915  -0.008700
36916  -0.009000
36917  -0.013000
36918  -0.008800
36919  -0.006900
36920  -0.009600
36921  -0.009500
36922  -0.012300
36923  -0.014400
36924  -0.005600
36925  -0.012000
36926  -0.015100
36927  -0.014500
36928  -0.019000
36929  -0.022800
36930  -0.024300
36931  -0.023400
36932  -0.023400
36933  -0.021900
36934  -0.026600
36935  -0.024800
36936  -0.027600
36937  -0.024800
36938  -0.021500
36939  -0.020200
36940  -0.018700
36941  -0.019000
36942  -0.025100
36943  -0.018500
36944  -0.019000
36945  -0.019100
36946  -0.018700
36947  -0.021900
36948  -0.027200
36949  -0.036200
36950  -0.029600
36951  -0.034600
36952  -0.030700
36953  -0.028400
36954  -0.026700
36955  -0.026100
36956  -0.024300
36957  -0.023400
36958  -0.022600
36959  -0.024800
36960  -0.023000
36961  -0.026200
36962  -0.025100
36963  -0.019500
36964  -0.022900
36965  -0.026100
36966  -0.019500
36967  -0.021900
36968  -0.021600
36969  -0.026500
36970  -0.024100
36971  -0.025000
36972  -0.017300
36973  -0.018900
36974  -0.018800
36975  -0.018000
36976  -0.018800
36977  -0.014800
36978  -0.012800
36979  -0.013700
36980  -0.017700
36981  -0.015500
36982  -0.016700
36983  -0.012300
36984  -0.020000
36985  -0.024000
36986  -0.019500
36987  -0.016400
36988  -0.007000
36989  -0.006600
36990  -0.009100
36991  -0.012300
36992  -0.009400
36993  -0.010700
36994  -0.011300
36995  -0.013500
36996  -0.012900
36997  -0.006300
36998  -0.009000
36999  -0.009500
37000  -0.010900
37001  -0.011100
37002  -0.017600
37003  -0.022300
37004  -0.019100
37005  -0.021600
37006  -0.017500
37007  -0.019500
37008  -0.017700
37009  -0.018200
37010  -0.016300
37011  -0.020400
37012  -0.015200
37013  -0.018100
37014  -0.019900
37015  -0.014100
37016  -0.016700
37017  -0.018200
37018  -0.013800
37019  -0.012700
37020  -0.008100
37021  -0.000900
37022   0.000300
37023  -0.004800
37024  -0.005600
37025  -0.006300
37026  -0.009600
37027  -0.009300
37028  -0.010600
37029  -0.014500
37030  -0.015900
37031  -0.021300
37032  -0.021200
37033  -0.019400
37034  -0.014400
37035  -0.011300
37036  -0.016100
37037  -0.016700
37038  -0.021200
37039  -0.015800
37040  -0.018700
37041  -0.020400
37042  -0.016500
37043  -0.017900
37044  -0.017200
37045  -0.019700
37046  -0.015300
37047  -0.015900
37048  -0.011000
37049  -0.011200
37050  -0.008800
37051  -0.003300
37052  -0.003000
37053   0.001300
37054  -0.000400
37055   0.002900
37056   0.009600
37057   0.008600
37058   0.004800
37059   0.004900
37060   0.002600
37061  -0.001200
37062  -0.005600
37063  -0.000500
37064  -0.003600
37065   0.001400
37066  -0.001800
37067  -0.002300
37068   0.000000
37069   0.001900
37070   0.000900
37071   0.007700
37072   0.006800
37073   0.005700
37074  -0.000800
37075   0.001400
37076   0.001000
37077  -0.003000
37078  -0.003400
37079  -0.008000
37080  -0.005900
37081  -0.007400
37082  -0.002400
37083  -0.002600
37084  -0.001100
37085   0.005200
37086   0.003800
37087   0.002700
37088   0.004300
37089   0.001300
37090   0.000400
37091   0.001400
37092  -0.000700
37093  -0.005500
37094  -0.006400
37095  -0.004000
37096  -0.003200
37097  -0.003800
37098  -0.004000
37099  -0.001000
37100  -0.007400
37101  -0.011800
37102  -0.009700
37103  -0.007400
37104  -0.010100
37105  -0.005300
37106   0.000600
37107  -0.001100
37108   0.002200
37109  -0.003200
37110  -0.008500
37111  -0.012900
37112  -0.020000
37113  -0.020300
37114  -0.021300
37115  -0.020500
37116  -0.023500
37117  -0.019900
37118  -0.016700
37119  -0.016900
37120  -0.013100
37121  -0.012100
37122  -0.010600
37123  -0.013800
37124  -0.012200
37125  -0.009000
37126  -0.013000
37127  -0.009700
37128  -0.012300
37129  -0.015900
37130  -0.013500
37131  -0.008700
37132  -0.011500
37133  -0.018300
37134  -0.022100
37135  -0.022700
37136  -0.019100
37137  -0.022800
37138  -0.021900
37139  -0.018200
37140  -0.015700
37141  -0.016600
37142  -0.017300
37143  -0.014200
37144  -0.013200
37145  -0.014000
37146  -0.012700
37147  -0.005500
37148  -0.005000
37149   0.001600
37150  -0.001200
37151   0.000900
37152  -0.003500
37153  -0.001200
37154   0.000800
37155   0.002300
37156   0.001400
37157  -0.003400
37158  -0.002100
37159   0.000100
37160   0.002100
37161  -0.002500
37162  -0.001600
37163  -0.001400
37164  -0.000600
37165   0.004100
37166   0.008000
37167   0.002500
37168   0.001600
37169   0.002700
37170  -0.002200
37171  -0.004800
37172  -0.012900
37173  -0.011700
37174  -0.012700
37175  -0.016300
37176  -0.015100
37177  -0.014700
37178  -0.014800
37179  -0.019000
37180  -0.018000
37181  -0.021300
37182  -0.019700
37183  -0.012200
37184  -0.015300
37185  -0.015100
37186  -0.015800
37187  -0.014300
37188  -0.017000
37189  -0.015300
37190  -0.012100
37191  -0.011000
37192  -0.010500
37193  -0.012300
37194  -0.010200
37195  -0.006300
37196  -0.008200
37197  -0.011700
37198  -0.013000
37199  -0.013200
37200  -0.020200
37201  -0.021500
37202  -0.020000
37203  -0.021600
37204  -0.016200
37205  -0.015200
37206  -0.011800
37207  -0.017700
37208  -0.016500
37209  -0.017100
37210  -0.012300
37211  -0.011000
37212  -0.008800
37213  -0.008700
37214  -0.017300
37215  -0.016500
37216  -0.026200
37217  -0.027100
37218  -0.027700
37219  -0.018700
37220  -0.014000
37221  -0.013800
37222  -0.027100
37223  -0.022100
37224  -0.029600
37225  -0.037200
37226  -0.035000
37227  -0.034500
37228  -0.032100
37229  -0.028800
37230  -0.030000
37231  -0.036500
37232  -0.037400
37233  -0.030500
37234  -0.022800
37235  -0.022500
37236  -0.013300
37237  -0.014100
37238  -0.015000
37239  -0.027900
37240  -0.024500
37241  -0.021300
37242  -0.014900
37243  -0.006900
37244  -0.002600
37245   0.000800
37246  -0.000100
37247   0.002400
37248   0.006900
37249   0.009500
37250   0.015100
37251   0.011300
37252   0.014100
37253   0.013800
37254   0.012000
37255   0.011500
37256   0.008700
37257   0.011500
37258   0.003100
37259   0.006100
37260   0.005900
37261   0.003500
37262   0.004200
37263   0.002500
37264  -0.002000
37265  -0.001100
37266   0.002600
37267   0.000900
37268   0.000000
37269   0.002400
37270  -0.000800
37271   0.002000
37272  -0.002100
37273  -0.008100
37274  -0.009700
37275  -0.008300
37276  -0.006200
37277  -0.013900
37278  -0.013400
37279  -0.018400
37280  -0.012900
37281  -0.020000
37282  -0.018400
37283  -0.020300
37284  -0.018100
37285  -0.014700
37286  -0.012300
37287  -0.005800
37288  -0.006700
37289  -0.016000
37290  -0.018400
37291  -0.015800
37292  -0.010200
37293  -0.009200
37294  -0.010500
37295  -0.012500
37296  -0.015500
37297  -0.013800
37298  -0.009400
37299  -0.008000
37300  -0.011400
37301  -0.014100
37302  -0.012100
37303  -0.009900
37304  -0.011700
37305  -0.013100
37306  -0.006800
37307  -0.010400
37308  -0.019600
37309  -0.020600
37310  -0.016700
37311  -0.023500
37312  -0.018400
37313  -0.020500
37314  -0.021500
37315  -0.025700
37316  -0.023900
37317  -0.028000
37318  -0.024000
37319  -0.024400
37320  -0.024700
37321  -0.023600
37322  -0.016600
37323  -0.010900
37324  -0.008800
37325  -0.015500
37326  -0.015400
37327  -0.018600
37328  -0.016700
37329  -0.018100
37330  -0.017000
37331  -0.016600
37332  -0.011300
37333  -0.008000
37334  -0.012500
37335  -0.004700
37336  -0.001600
37337  -0.005200
37338  -0.010400
37339  -0.002400
37340   0.001200
37341  -0.002400
37342  -0.003000
37343   0.000500
37344   0.005200
37345   0.002200
37346  -0.001900
37347  -0.003600
37348  -0.003600
37349  -0.005700
37350  -0.003600
37351  -0.006800
37352  -0.002700
37353  -0.003800
37354  -0.005500
37355  -0.006900
37356   0.004300
37357   0.003800
37358   0.005900
37359  -0.004000
37360  -0.002800
37361  -0.005200
37362  -0.006900
37363  -0.007300
37364  -0.002700
37365  -0.006900
37366  -0.008700
37367  -0.006900
37368  -0.012500
37369  -0.016200
37370  -0.021100
37371  -0.012900
37372  -0.015200
37373  -0.012700
37374  -0.017300
37375  -0.021600
37376  -0.020800
37377  -0.021400
37378  -0.023800
37379  -0.019700
37380  -0.019700
37381  -0.020400
37382  -0.015600
37383  -0.016700
37384  -0.011600
37385  -0.014300
37386  -0.013400
37387  -0.010700
37388  -0.010900
37389  -0.016000
37390  -0.014700
37391  -0.021100
37392  -0.020300
37393  -0.022600
37394  -0.029900
37395  -0.023400
37396  -0.014700
37397  -0.020300
37398  -0.016200
37399  -0.014700
37400  -0.018200
37401  -0.014400
37402  -0.011600
37403  -0.013200
37404  -0.010000
37405  -0.006200
37406  -0.004600
37407  -0.005100
37408  -0.007900
37409  -0.010800
37410  -0.007700
37411  -0.004100
37412  -0.004000
37413  -0.001800
37414  -0.011000
37415  -0.008300
37416  -0.004500
37417  -0.004200
37418   0.001200
37419  -0.003900
37420  -0.010100
37421  -0.006300
37422  -0.009000
37423  -0.006600
37424  -0.003900
37425  -0.004900
37426  -0.004500
37427  -0.007600
37428  -0.014800
37429  -0.016500
37430  -0.016500
37431  -0.017900
37432  -0.018600
37433  -0.024200
37434  -0.027100
37435  -0.024000
37436  -0.018000
37437  -0.013700
37438  -0.014200
37439  -0.009300
37440  -0.009600
37441  -0.007000
37442  -0.007700
37443  -0.007200
37444  -0.007500
37445  -0.007000
37446  -0.005900
37447  -0.008100
37448  -0.013100
37449  -0.015400
37450  -0.017600
37451  -0.016700
37452  -0.020700
37453  -0.019900
37454  -0.016800
37455  -0.017700
37456  -0.014600
37457  -0.017600
37458  -0.013900
37459  -0.011700
37460  -0.017800
37461  -0.019000
37462  -0.012700
37463  -0.016300
37464  -0.013700
37465  -0.015000
37466  -0.011700
37467  -0.012700
37468  -0.006800
37469  -0.008600
37470  -0.009600
37471  -0.010500
37472  -0.006500
37473  -0.007400
37474  -0.006900
37475  -0.012300
37476  -0.016200
37477  -0.019400
37478  -0.018700
37479  -0.016200
37480  -0.018400
37481  -0.019800
37482  -0.015500
37483  -0.020800
37484  -0.020100
37485  -0.016100
37486  -0.017100
37487  -0.018200
37488  -0.017500
37489  -0.020700
37490  -0.021900
37491  -0.021500
37492  -0.020300
37493  -0.022800
37494  -0.016400
37495  -0.020100
37496  -0.017700
37497  -0.020300
37498  -0.022100
37499  -0.023000
37500  -0.026600
37501  -0.033900
37502  -0.038200
37503  -0.035000
37504  -0.039800
37505  -0.037100
37506  -0.030100
37507  -0.029100
37508  -0.029600
37509  -0.027700
37510  -0.021400
37511  -0.017300
37512  -0.019000
37513  -0.018200
37514  -0.017500
37515  -0.020500
37516  -0.018500
37517  -0.022400
37518  -0.019900
37519  -0.025300
37520  -0.019000
37521  -0.019900
37522  -0.020000
37523  -0.022900
37524  -0.018100
37525  -0.018600
37526  -0.014600
37527  -0.019600
37528  -0.017000
37529  -0.016600
37530  -0.020800
37531  -0.019900
37532  -0.016900
37533  -0.012700
37534  -0.013700
37535  -0.015700
37536  -0.012500
37537  -0.017800
37538  -0.016000
37539  -0.016600
37540  -0.014300
37541  -0.012100
37542  -0.017100
37543  -0.023600
37544  -0.029400
37545  -0.028500
37546  -0.027400
37547  -0.025500
37548  -0.028100
37549  -0.028200
37550  -0.022000
37551  -0.024500
37552  -0.022900
37553  -0.023300
37554  -0.025700
37555  -0.019300
37556  -0.016000
37557  -0.018000
37558  -0.019300
37559  -0.027100
37560  -0.025700
37561  -0.030400
37562  -0.022700
37563  -0.023600
37564  -0.021900
37565  -0.019600
37566  -0.022200
37567  -0.029100
37568  -0.027400
37569  -0.031100
37570  -0.028000
37571  -0.027900
37572  -0.031600
37573  -0.038000
37574  -0.034200
37575  -0.031900
37576  -0.028600
37577  -0.025300
37578  -0.026200
37579  -0.028200
37580  -0.021600
37581  -0.029800
37582  -0.023900
37583  -0.020400
37584  -0.021000
37585  -0.026100
37586  -0.024900
37587  -0.028000
37588  -0.027800
37589  -0.034500
37590  -0.036300
37591  -0.037700
37592  -0.032800
37593  -0.027600
37594  -0.033400
37595  -0.029600
37596  -0.025000
37597  -0.025600
37598  -0.027600
37599  -0.030700
37600  -0.030500
37601  -0.031100
37602  -0.032200
37603  -0.039100
37604  -0.035600
37605  -0.037200
37606  -0.032900
37607  -0.032500
37608  -0.034300
37609  -0.029100
37610  -0.023700
37611  -0.028400
37612  -0.026200
37613  -0.033500
37614  -0.045900
37615  -0.041500
37616  -0.045400
37617  -0.050400
37618  -0.054600
37619  -0.045400
37620  -0.045500
37621  -0.041600
37622  -0.037700
37623  -0.029300
37624  -0.031300
37625  -0.032300
37626  -0.025800
37627  -0.024900
37628  -0.017600
37629  -0.022400
37630  -0.022000
37631  -0.015200
37632  -0.021400
37633  -0.022400
37634  -0.023000
37635  -0.022900
37636  -0.021900
37637  -0.022900
37638  -0.026200
37639  -0.025700
37640  -0.022900
37641  -0.017200
37642  -0.021900
37643  -0.023800
37644  -0.022100
37645  -0.022700
37646  -0.019300
37647  -0.024700
37648  -0.025300
37649  -0.027600
37650  -0.032000
37651  -0.034200
37652  -0.030500
37653  -0.031100
37654  -0.032600
37655  -0.026000
37656  -0.030600
37657  -0.028000
37658  -0.028900
37659  -0.021500
37660  -0.022700
37661  -0.021900
37662  -0.027300
37663  -0.025800
37664  -0.029700
37665  -0.025800
37666  -0.023900
37667  -0.021200
37668  -0.018800
37669  -0.014100
37670  -0.020100
37671  -0.021300
37672  -0.024800
37673  -0.033700
37674  -0.032000
37675  -0.030300
37676  -0.035900
37677  -0.030200
37678  -0.034800
37679  -0.026300
37680  -0.028500
37681  -0.022400
37682  -0.022500
37683  -0.017900
37684  -0.017700
37685  -0.015300
37686  -0.016500
37687  -0.013100
37688  -0.012300
37689  -0.018500
37690  -0.020700
37691  -0.018900
37692  -0.014900
37693  -0.016500
37694  -0.018100
37695  -0.019000
37696  -0.016800
37697  -0.014300
37698  -0.017200
37699  -0.017100
37700  -0.019800
37701  -0.022800
37702  -0.025600
37703  -0.023900
37704  -0.025200
37705  -0.022900
37706  -0.028300
37707  -0.030400
37708  -0.031700
37709  -0.028500
37710  -0.024500
37711  -0.024100
37712  -0.026000
37713  -0.029300
37714  -0.022000
37715  -0.025100
37716  -0.028600
37717  -0.024400
37718  -0.029800
37719  -0.031700
37720  -0.037800
37721  -0.036800
37722  -0.039100
37723  -0.031100
37724  -0.025800
37725  -0.022900
37726  -0.021400
37727  -0.019900
37728  -0.019700
37729  -0.025200
37730  -0.027100
37731  -0.025100
37732  -0.025400
37733  -0.027900
37734  -0.027300
37735  -0.018800
37736  -0.022300
37737  -0.018900
37738  -0.017700
37739  -0.011600
37740  -0.014800
37741  -0.010200
37742  -0.014800
37743  -0.004400
37744  -0.008800
37745  -0.003300
37746  -0.002700
37747  -0.007800
37748  -0.001700
37749   0.002300
37750  -0.001100
37751   0.000700
37752   0.003500
37753   0.006800
37754   0.005700
37755   0.015500
37756   0.017100
37757   0.020200
37758   0.019700
37759   0.020800
37760   0.015800
37761   0.016100
37762   0.013600
37763   0.015000
37764   0.014100
37765   0.015200
37766   0.017600
37767   0.010700
37768   0.011300
37769   0.006400
37770   0.016300
37771   0.016700
37772   0.010300
37773   0.009300
37774   0.008400
37775   0.008800
37776   0.006400
37777   0.002000
37778  -0.000100
37779  -0.001300
37780   0.001400
37781   0.001300
37782   0.001900
37783   0.005400
37784   0.004400
37785   0.006300
37786   0.005100
37787   0.007500
37788   0.013200
37789   0.014000
37790   0.011800
37791   0.010000
37792   0.012100
37793   0.013400
37794   0.011800
37795   0.016700
37796   0.014200
37797   0.015700
37798   0.016600
37799   0.016900
37800   0.019900
37801   0.020700
37802   0.018200
37803   0.012800
37804   0.009900
37805   0.016000
37806   0.020200
37807   0.023100
37808   0.020400
37809   0.015800
37810   0.012800
37811   0.009400
37812   0.003200
37813   0.006800
37814   0.004000
37815   0.005400
37816   0.002900
37817   0.004500
37818   0.005400
37819   0.008600
37820   0.008200
37821   0.003000
37822   0.002600
37823   0.008700
37824   0.003900
37825  -0.002700
37826  -0.001200
37827   0.002200
37828   0.004600
37829   0.000700
37830   0.001500
37831  -0.003100
37832   0.003200
37833   0.008100
37834   0.008600
37835   0.011500
37836   0.010200
37837   0.011600
37838   0.009900
37839   0.007300
37840   0.011200
37841   0.005900
37842   0.007500
37843   0.000300
37844   0.003400
37845   0.002000
37846   0.000000
37847   0.000000
37848   0.003900
37849   0.008900
37850   0.013600
37851   0.012800
37852   0.010400
37853   0.016800
37854   0.021600
37855   0.018100
37856   0.022100
37857   0.023000
37858   0.023500
37859   0.024800
37860   0.028800
37861   0.025700
37862   0.027000
37863   0.026100
37864   0.025800
37865   0.018200
37866   0.021600
37867   0.030900
37868   0.034500
37869   0.034800
37870   0.034600
37871   0.030700
37872   0.029400
37873   0.031900
37874   0.030800
37875   0.022900
37876   0.023400
37877   0.021600
37878   0.028500
37879   0.034100
37880   0.030000
37881   0.032800
37882   0.026800
37883   0.032900
37884   0.027700
37885   0.024400
37886   0.015100
37887   0.017400
37888   0.021500
37889   0.023600
37890   0.025000
37891   0.031200
37892   0.033200
37893   0.031400
37894   0.031700
37895   0.026200
37896   0.028900
37897   0.028400
37898   0.024300
37899   0.027200
37900   0.023500
37901   0.019400
37902   0.017600
37903   0.016000
37904   0.016300
37905   0.013700
37906   0.012400
37907   0.014100
37908   0.021600
37909   0.024100
37910   0.020100
37911   0.023600
37912   0.023800
37913   0.025200
37914   0.022700
37915   0.025800
37916   0.032600
37917   0.033800
37918   0.038000
37919   0.037000
37920   0.032400
37921   0.031400
37922   0.036500
37923   0.034900
37924   0.034100
37925   0.041100
37926   0.040100
37927   0.040300
37928   0.040500
37929   0.038400
37930   0.041300
37931   0.041400
37932   0.036700
37933   0.041300
37934   0.034100
37935   0.033900
37936   0.026700
37937   0.028600
37938   0.029500
37939   0.029400
37940   0.020700
37941   0.021500
37942   0.021700
37943   0.019200
37944   0.021100
37945   0.029000
37946   0.031800
37947   0.029400
37948   0.029000
37949   0.026700
37950   0.021300
37951   0.022100
37952   0.027900
37953   0.027100
37954   0.025100
37955   0.022800
37956   0.022200
37957   0.023100
37958   0.017200
37959   0.021800
37960   0.019300
37961   0.012500
37962   0.017300
37963   0.016000
37964   0.017500
37965   0.011200
37966   0.009000
37967   0.004900
37968   0.005000
37969   0.000300
37970  -0.004100
37971  -0.005000
37972  -0.002300
37973  -0.006500
37974  -0.009800
37975  -0.004400
37976  -0.010700
37977  -0.016800
37978  -0.022200
37979  -0.029300
37980  -0.032000
37981  -0.032100
37982  -0.035400
37983  -0.035500
37984  -0.034300
37985  -0.033900
37986  -0.031500
37987  -0.029100
37988  -0.028000
37989  -0.029700
37990  -0.027100
37991  -0.026000
37992  -0.025900
37993  -0.028400
37994  -0.030900
37995  -0.033900
37996  -0.035600
37997  -0.042700
37998  -0.047000
37999  -0.043500
38000  -0.045500
38001  -0.043300
38002  -0.041100
38003  -0.044100
38004  -0.046100
38005  -0.042100
38006  -0.045800
38007  -0.046500
38008  -0.045700
38009  -0.045800
38010  -0.046400
38011  -0.046800
38012  -0.052800
38013  -0.051800
38014  -0.055700
38015  -0.053000
38016  -0.052300
38017  -0.058400
38018  -0.063600
38019  -0.061600
38020  -0.056200
38021  -0.060800
38022  -0.059200
38023  -0.056400
38024  -0.057000
38025  -0.053000
38026  -0.055900
38027  -0.053400
38028  -0.050800
38029  -0.051200
38030  -0.053100
38031  -0.054600
38032  -0.060400
38033  -0.064900
38034  -0.067300
38035  -0.070900
38036  -0.068700
38037  -0.068600
38038  -0.064300
38039  -0.060600
38040  -0.067100
38041  -0.066900
38042  -0.070900
38043  -0.070800
38044  -0.073200
38045  -0.079600
38046  -0.087800
38047  -0.085800
38048  -0.083800
38049  -0.079900
38050  -0.078700
38051  -0.085000
38052  -0.082300
38053  -0.082300
38054  -0.076500
38055  -0.075000
38056  -0.071800
38057  -0.070700
38058  -0.070600
38059  -0.069800
38060  -0.072800
38061  -0.070700
38062  -0.074800
38063  -0.077300
38064  -0.077700
38065  -0.078900
38066  -0.082800
38067  -0.082900
38068  -0.083100
38069  -0.085100
38070  -0.090200
38071  -0.089600
38072  -0.087000
38073  -0.091200
38074  -0.085700
38075  -0.081900
38076  -0.079500
38077  -0.078300
38078  -0.083700
38079  -0.086800
38080  -0.090200
38081  -0.093700
38082  -0.097800
38083  -0.090500
38084  -0.094100
38085  -0.094900
38086  -0.096400
38087  -0.099200
38088  -0.094500
38089  -0.096800
38090  -0.098800
38091  -0.089900
38092  -0.088700
38093  -0.085700
38094  -0.087800
38095  -0.092100
38096  -0.094500
38097  -0.092800
38098  -0.099500
38099  -0.095500
38100  -0.096800
38101  -0.101500
38102  -0.091300
38103  -0.084500
38104  -0.075100
38105  -0.076200
38106  -0.074200
38107  -0.076500
38108  -0.077500
38109  -0.065000
38110  -0.061600
38111  -0.064200
38112  -0.064800
38113  -0.064400
38114  -0.065300
38115  -0.062400
38116  -0.055700
38117  -0.059200
38118  -0.063300
38119  -0.061200
38120  -0.058500
38121  -0.053200
38122  -0.048400
38123  -0.054300
38124  -0.049700
38125  -0.038300
38126  -0.033100
38127  -0.034500
38128  -0.035700
38129  -0.042200
38130  -0.047200
38131  -0.047500
38132  -0.052700
38133  -0.055000
38134  -0.059200
38135  -0.052800
38136  -0.054500
38137  -0.054200
38138  -0.050300
38139  -0.048500
38140  -0.051200
38141  -0.048300
38142  -0.052200
38143  -0.054100
38144  -0.057300
38145  -0.052900
38146  -0.048100
38147  -0.048300
38148  -0.052800
38149  -0.054600
38150  -0.053000
38151  -0.053600
38152  -0.051300
38153  -0.051300
38154  -0.045600
38155  -0.048800
38156  -0.049200
38157  -0.049600
38158  -0.053600
38159  -0.050000
38160  -0.051400
38161  -0.046600
38162  -0.042200
38163  -0.033100
38164  -0.035900
38165  -0.037300
38166  -0.031800
38167  -0.024700
38168  -0.030100
38169  -0.025600
38170  -0.027700
38171  -0.022300
38172  -0.026600
38173  -0.024100
38174  -0.027900
38175  -0.028600
38176  -0.027500
38177  -0.031900
38178  -0.027300
38179  -0.022000
38180  -0.018400
38181  -0.010600
38182  -0.013800
38183  -0.019900
38184  -0.018200
38185  -0.019700
38186  -0.024100
38187  -0.019800
38188  -0.021700
38189  -0.021300
38190  -0.017000
38191  -0.011200
38192  -0.011200
38193  -0.009600
38194  -0.005900
38195  -0.007400
38196  -0.013400
38197  -0.012400
38198  -0.005800
38199  -0.007400
38200  -0.008600
38201  -0.014000
38202  -0.011900
38203  -0.004400
38204  -0.002000
38205  -0.002000
38206   0.000700
38207   0.004000
38208   0.002400
38209   0.000100
38210  -0.000200
38211   0.004300
38212  -0.000500
38213   0.001600
38214  -0.001800
38215  -0.001200
38216  -0.002200
38217   0.000400
38218   0.000500
38219  -0.007200
38220  -0.008000
38221  -0.001900
38222  -0.004000
38223  -0.001100
38224  -0.002600
38225  -0.000900
38226  -0.005200
38227  -0.005700
38228  -0.002500
38229  -0.011300
38230  -0.011300
38231  -0.013300
38232  -0.011900
38233  -0.007800
38234  -0.009600
38235  -0.004400
38236  -0.006300
38237  -0.005700
38238  -0.007200
38239  -0.008200
38240   0.000900
38241  -0.001000
38242  -0.000000
38243   0.002500
38244   0.001700
38245   0.004500
38246   0.004100
38247   0.001500
38248   0.004600
38249   0.010200
38250   0.013700
38251   0.013000
38252   0.012100
38253   0.010400
38254   0.011400
38255   0.007000
38256   0.011200
38257   0.014700
38258   0.018200
38259   0.019300
38260   0.021300
38261   0.022700
38262   0.025400
38263   0.024700
38264   0.027800
38265   0.022600
38266   0.022700
38267   0.026600
38268   0.023900
38269   0.024900
38270   0.024800
38271   0.020800
38272   0.026800
38273   0.034400
38274   0.044700
38275   0.042100
38276   0.041300
38277   0.039300
38278   0.042700
38279   0.043400
38280   0.040400
38281   0.045200
38282   0.037800
38283   0.035700
38284   0.035400
38285   0.045300
38286   0.042900
38287   0.037800
38288   0.043500
38289   0.046100
38290   0.049300
38291   0.044000
38292   0.044600
38293   0.044900
38294   0.041300
38295   0.042100
38296   0.041200
38297   0.035800
38298   0.043200
38299   0.045600
38300   0.045800
38301   0.044400
38302   0.044800
38303   0.042600
38304   0.046600
38305   0.041900
38306   0.043100
38307   0.044500
38308   0.043900
38309   0.045500
38310   0.046300
38311   0.049000
38312   0.051900
38313   0.055000
38314   0.046400
38315   0.051000
38316   0.049300
38317   0.043600
38318   0.035700
38319   0.034400
38320   0.032700
38321   0.027000
38322   0.024600
38323   0.023800
38324   0.025300
38325   0.024300
38326   0.018800
38327   0.020500
38328   0.022300
38329   0.020500
38330   0.018900
38331   0.018200
38332   0.018500
38333   0.017300
38334   0.024800
38335   0.025000
38336   0.028000
38337   0.028300
38338   0.028400
38339   0.022600
38340   0.024700
38341   0.028100
38342   0.021900
38343   0.021300
38344   0.023400
38345   0.025200
38346   0.020200
38347   0.019600
38348   0.016800
38349   0.017200
38350   0.018800
38351   0.017000
38352   0.017400
38353   0.013300
38354   0.014100
38355   0.010800
38356   0.003900
38357   0.003300
38358  -0.000400
38359   0.006500
38360   0.007000
38361   0.009600
38362   0.009400
38363   0.006900
38364   0.010300
38365   0.013400
38366   0.013200
38367   0.014200
38368   0.014600
38369   0.018500
38370   0.017600
38371   0.016200
38372   0.013200
38373   0.012600
38374   0.015100
38375   0.019900
38376   0.021100
38377   0.019200
38378   0.017500
38379   0.013700
38380   0.011400
38381   0.018900
38382   0.027900
38383   0.022600
38384   0.019600
38385   0.018100
38386   0.019500
38387   0.015600
38388   0.018100
38389   0.016300
38390   0.012400
38391   0.015300
38392   0.016400
38393   0.015200
38394   0.014300
38395   0.013700
38396   0.012300
38397   0.007000
38398   0.008900
38399   0.014500
38400   0.014800
38401   0.010100
38402   0.009900
38403   0.007000
38404   0.002100
38405   0.003700
38406   0.002400
38407   0.006200
38408   0.012100
38409   0.006500
38410   0.010600
38411   0.007100
38412   0.010100
38413   0.007500
38414   0.003300
38415   0.010400
38416   0.013500
38417   0.005300
38418   0.003100
38419   0.001400
38420  -0.004000
38421  -0.004300
38422  -0.012600
38423  -0.018600
38424  -0.019600
38425  -0.014500
38426  -0.011500
38427  -0.013600
38428  -0.009600
38429  -0.009400
38430  -0.012300
38431  -0.014700
38432  -0.015700
38433  -0.021300
38434  -0.025700
38435  -0.027400
38436  -0.032000
38437  -0.029600
38438  -0.042400
38439  -0.039500
38440  -0.041300
38441  -0.038500
38442  -0.036800
38443  -0.033400
38444  -0.032200
38445  -0.034700
38446  -0.034100
38447  -0.034300
38448  -0.040600
38449  -0.043900
38450  -0.039800
38451  -0.043700
38452  -0.041100
38453  -0.042400
38454  -0.034700
38455  -0.032600
38456  -0.024100
38457  -0.023700
38458  -0.022600
38459  -0.019500
38460  -0.027900
38461  -0.033000
38462  -0.029900
38463  -0.031200
38464  -0.044200
38465  -0.041300
38466  -0.048600
38467  -0.045900
38468  -0.048200
38469  -0.058300
38470  -0.057300
38471  -0.057100
38472  -0.056500
38473  -0.054800
38474  -0.054800
38475  -0.055200
38476  -0.059000
38477  -0.061600
38478  -0.058700
38479  -0.059200
38480  -0.061100
38481  -0.059500
38482  -0.060100
38483  -0.062500
38484  -0.062600
38485  -0.062000
38486  -0.069300
38487  -0.070700
38488  -0.067300
38489  -0.070400
38490  -0.071600
38491  -0.067500
38492  -0.073200
38493  -0.072400
38494  -0.070400
38495  -0.075900
38496  -0.075700
38497  -0.078900
38498  -0.077800
38499  -0.078700
38500  -0.079600
38501  -0.082200
38502  -0.084000
38503  -0.082500
38504  -0.083500
38505  -0.079800
38506  -0.080500
38507  -0.080800
38508  -0.073700
38509  -0.067800
38510  -0.066000
38511  -0.061800
38512  -0.060800
38513  -0.064800
38514  -0.068500
38515  -0.071500
38516  -0.073800
38517  -0.073800
38518  -0.068500
38519  -0.060900
38520  -0.057900
38521  -0.062600
38522  -0.063300
38523  -0.056500
38524  -0.056800
38525  -0.058100
38526  -0.057900
38527  -0.059200
38528  -0.053000
38529  -0.053100
38530  -0.050200
38531  -0.049100
38532  -0.046700
38533  -0.039300
38534  -0.038800
38535  -0.035700
38536  -0.031700
38537  -0.037900
38538  -0.033900
38539  -0.037300
38540  -0.034100
38541  -0.028000
38542  -0.031600
38543  -0.026700
38544  -0.026000
38545  -0.024300
38546  -0.025500
38547  -0.025700
38548  -0.026900
38549  -0.024900
38550  -0.024600
38551  -0.021600
38552  -0.022800
38553  -0.026300
38554  -0.030000
38555  -0.028300
38556  -0.033100
38557  -0.030200
38558  -0.036500
38559  -0.032900
38560  -0.034300
38561  -0.036300
38562  -0.035700
38563  -0.035700
38564  -0.040200
38565  -0.040400
38566  -0.036600
38567  -0.036000
38568  -0.034500
38569  -0.031200
38570  -0.037400
38571  -0.040800
38572  -0.037400
38573  -0.037100
38574  -0.037400
38575  -0.036400
38576  -0.042700
38577  -0.036900
38578  -0.034100
38579  -0.034800
38580  -0.038200
38581  -0.035200
38582  -0.038300
38583  -0.043900
38584  -0.043300
38585  -0.050600
38586  -0.046500
38587  -0.053000
38588  -0.052900
38589  -0.050600
38590  -0.048100
38591  -0.046900
38592  -0.039600
38593  -0.043200
38594  -0.045100
38595  -0.044300
38596  -0.047100
38597  -0.044900
38598  -0.045800
38599  -0.041400
38600  -0.032600
38601  -0.035500
38602  -0.036100
38603  -0.031200
38604  -0.032000
38605  -0.035800
38606  -0.028800
38607  -0.028000
38608  -0.023200
38609  -0.024900
38610  -0.028700
38611  -0.030000
38612  -0.032100
38613  -0.034200
38614  -0.033200
38615  -0.029700
38616  -0.024500
38617  -0.023500
38618  -0.019300
38619  -0.020800
38620  -0.023700
38621  -0.022300
38622  -0.023500
38623  -0.025800
38624  -0.027500
38625  -0.032300
38626  -0.031400
38627  -0.036200
38628  -0.030700
38629  -0.024000
38630  -0.024000
38631  -0.029100
38632  -0.027500
38633  -0.032200
38634  -0.031600
38635  -0.029200
38636  -0.026900
38637  -0.030800
38638  -0.031800
38639  -0.033700
38640  -0.032100
38641  -0.030100
38642  -0.032300
38643  -0.029700
38644  -0.028900
38645  -0.025200
38646  -0.028300
38647  -0.028900
38648  -0.028100
38649  -0.024900
38650  -0.029200
38651  -0.026100
38652  -0.022000
38653  -0.017500
38654  -0.022300
38655  -0.020100
38656  -0.017200
38657  -0.019500
38658  -0.013800
38659  -0.018900
38660  -0.020700
38661  -0.019700
38662  -0.024100
38663  -0.024900
38664  -0.020200
38665  -0.022500
38666  -0.017500
38667  -0.015700
38668  -0.015600
38669  -0.016700
38670  -0.020400
38671  -0.028000
38672  -0.029400
38673  -0.033800
38674  -0.038500
38675  -0.038100
38676  -0.040300
38677  -0.036400
38678  -0.040100
38679  -0.040600
38680  -0.039600
38681  -0.042600
38682  -0.040000
38683  -0.042200
38684  -0.037200
38685  -0.038100
38686  -0.034800
38687  -0.038100
38688  -0.040800
38689  -0.041800
38690  -0.042300
38691  -0.038000
38692  -0.031800
38693  -0.030600
38694  -0.032600
38695  -0.032000
38696  -0.038000
38697  -0.039800
38698  -0.046900
38699  -0.052600
38700  -0.058200
38701  -0.056500
38702  -0.047600
38703  -0.041200
38704  -0.040800
38705  -0.035000
38706  -0.028100
38707  -0.024900
38708  -0.020300
38709  -0.016900
38710  -0.011300
38711  -0.016100
38712  -0.014100
38713  -0.011000
38714  -0.014500
38715  -0.014500
38716  -0.018400
38717  -0.014700
38718  -0.016500
38719  -0.019400
38720  -0.017600
38721  -0.019100
38722  -0.019900
38723  -0.020400
38724  -0.021400
38725  -0.028300
38726  -0.024300
38727  -0.033000
38728  -0.037800
38729  -0.036000
38730  -0.031600
38731  -0.039500
38732  -0.043500
38733  -0.043400
38734  -0.037900
38735  -0.037500
38736  -0.036800
38737  -0.034000
38738  -0.029800
38739  -0.032000
38740  -0.030300
38741  -0.034400
38742  -0.039100
38743  -0.035000
38744  -0.032600
38745  -0.028600
38746  -0.032900
38747  -0.027600
38748  -0.027700
38749  -0.029000
38750  -0.028700
38751  -0.026400
38752  -0.023500
38753  -0.024600
38754  -0.024800
38755  -0.024400
38756  -0.025200
38757  -0.031300
38758  -0.029000
38759  -0.029300
38760  -0.020100
38761  -0.018900
38762  -0.016700
38763  -0.018700
38764  -0.007900
38765  -0.008200
38766  -0.006500
38767  -0.001500
38768  -0.004600
38769  -0.003200
38770   0.003400
38771   0.000100
38772  -0.002300
38773  -0.005000
38774  -0.001700
38775  -0.000200
38776  -0.005800
38777  -0.005500
38778  -0.004800
38779  -0.007900
38780  -0.018600
38781  -0.015100
38782  -0.016900
38783  -0.016400
38784  -0.016600
38785  -0.015500
38786  -0.014500
38787  -0.012300
38788  -0.010000
38789  -0.012300
38790  -0.015100
38791  -0.019000
38792  -0.015000
38793  -0.013900
38794  -0.017900
38795  -0.016100
38796  -0.025000
38797  -0.028600
38798  -0.037600
38799  -0.036600
38800  -0.042500
38801  -0.044800
38802  -0.037200
38803  -0.040500
38804  -0.033700
38805  -0.032000
38806  -0.034300
38807  -0.036600
38808  -0.030300
38809  -0.029800
38810  -0.025500
38811  -0.027700
38812  -0.022300
38813  -0.018100
38814  -0.017700
38815  -0.017700
38816  -0.017100
38817  -0.012400
38818  -0.010800
38819  -0.011900
38820  -0.008900
38821  -0.002500
38822  -0.000500
38823   0.001300
38824  -0.004600
38825  -0.005600
38826  -0.013100
38827  -0.015300
38828  -0.016300
38829  -0.018800
38830  -0.018900
38831  -0.022400
38832  -0.021200
38833  -0.031400
38834  -0.033900
38835  -0.032600
38836  -0.033600
38837  -0.037500
38838  -0.036400
38839  -0.036700
38840  -0.033900
38841  -0.033400
38842  -0.033800
38843  -0.034400
38844  -0.037600
38845  -0.038000
38846  -0.035700
38847  -0.039600
38848  -0.042300
38849  -0.047300
38850  -0.042600
38851  -0.042400
38852  -0.043700
38853  -0.042700
38854  -0.044500
38855  -0.049400
38856  -0.043900
38857  -0.051800
38858  -0.049800
38859  -0.044400
38860  -0.048900
38861  -0.048800
38862  -0.050400
38863  -0.052300
38864  -0.054500
38865  -0.057700
38866  -0.055600
38867  -0.061100
38868  -0.055000
38869  -0.059700
38870  -0.059700
38871  -0.060000
38872  -0.057800
38873  -0.060700
38874  -0.060600
38875  -0.060600
38876  -0.061800
38877  -0.066400
38878  -0.064100
38879  -0.066900
38880  -0.066400
38881  -0.061300
38882  -0.059300
38883  -0.068100
38884  -0.067600
38885  -0.065700
38886  -0.069800
38887  -0.072900
38888  -0.076700
38889  -0.077500
38890  -0.077700
38891  -0.079300
38892  -0.076700
38893  -0.077300
38894  -0.081000
38895  -0.076900
38896  -0.079000
38897  -0.077300
38898  -0.075400
38899  -0.077300
38900  -0.071600
38901  -0.067500
38902  -0.067000
38903  -0.061600
38904  -0.066100
38905  -0.064200
38906  -0.068600
38907  -0.064800
38908  -0.065200
38909  -0.061900
38910  -0.067500
38911  -0.070700
38912  -0.067900
38913  -0.065900
38914  -0.062700
38915  -0.058000
38916  -0.057200
38917  -0.062500
38918  -0.060900
38919  -0.056800
38920  -0.049200
38921  -0.047900
38922  -0.045000
38923  -0.042100
38924  -0.041600
38925  -0.035700
38926  -0.033100
38927  -0.032100
38928  -0.030200
38929  -0.029900
38930  -0.029000
38931  -0.021400
38932  -0.025700
38933  -0.021700
38934  -0.014800
38935  -0.017700
38936  -0.021100
38937  -0.030600
38938  -0.035200
38939  -0.040500
38940  -0.041400
38941  -0.040600
38942  -0.045400
38943  -0.041800
38944  -0.046800
38945  -0.042800
38946  -0.040500
38947  -0.036400
38948  -0.031300
38949  -0.034900
38950  -0.034000
38951  -0.036400
38952  -0.039900
38953  -0.043900
38954  -0.039900
38955  -0.044000
38956  -0.042200
38957  -0.047300
38958  -0.056000
38959  -0.057000
38960  -0.053000
38961  -0.054200
38962  -0.061100
38963  -0.057200
38964  -0.061200
38965  -0.055600
38966  -0.052200
38967  -0.051900
38968  -0.048200
38969  -0.049100
38970  -0.053500
38971  -0.050400
38972  -0.055700
38973  -0.054800
38974  -0.052300
38975  -0.053700
38976  -0.055000
38977  -0.052200
38978  -0.057700
38979  -0.058600
38980  -0.053200
38981  -0.058000
38982  -0.054000
38983  -0.052900
38984  -0.045500
38985  -0.054100
38986  -0.050100
38987  -0.045200
38988  -0.047200
38989  -0.051600
38990  -0.054000
38991  -0.055500
38992  -0.052200
38993  -0.046300
38994  -0.048300
38995  -0.048900
38996  -0.051900
38997  -0.053500
38998  -0.054700
38999  -0.054500
39000  -0.054600
39001  -0.055200
39002  -0.054000
39003  -0.050100
39004  -0.051100
39005  -0.053900
39006  -0.046100
39007  -0.042300
39008  -0.041000
39009  -0.037300
39010  -0.037900
39011  -0.041500
39012  -0.038800
39013  -0.030800
39014  -0.032500
39015  -0.028300
39016  -0.031200
39017  -0.030300
39018  -0.028200
39019  -0.026900
39020  -0.028800
39021  -0.025400
39022  -0.019400
39023  -0.022500
39024  -0.023800
39025  -0.025700
39026  -0.030100
39027  -0.030900
39028  -0.030500
39029  -0.030500
39030  -0.023200
39031  -0.026400
39032  -0.021800
39033  -0.019400
39034  -0.014100
39035  -0.015300
39036  -0.011400
39037  -0.010500
39038  -0.009800
39039  -0.010900
39040  -0.009800
39041  -0.011200
39042  -0.010200
39043  -0.006700
39044  -0.000200
39045   0.004000
39046   0.012700
39047   0.002000
39048   0.000500
39049   0.005700
39050   0.016700
39051   0.010100
39052   0.005300
39053  -0.002400
39054  -0.000500
39055   0.001200
39056   0.005600
39057   0.003900
39058   0.007100
39059   0.002400
39060  -0.003000
39061   0.000800
39062   0.011400
39063   0.008500
39064   0.006300
39065   0.010800
39066   0.017300
39067   0.014200
39068   0.017400
39069   0.008100
39070   0.009500
39071   0.006100
39072   0.003400
39073   0.002600
39074   0.006200
39075   0.010700
39076   0.017300
39077   0.020500
39078   0.014300
39079   0.003000
39080   0.007100
39081   0.005900
39082   0.005000
39083   0.007400
39084   0.009800
39085   0.014700
39086   0.010000
39087   0.005000
39088   0.000700
39089   0.008600
39090   0.006000
39091   0.008300
39092   0.010800
39093   0.019600
39094   0.021000
39095   0.021900
39096   0.021800
39097   0.020900
39098   0.022600
39099   0.023000
39100   0.021500
39101   0.018900
39102   0.018000
39103   0.017400
39104   0.018800
39105   0.018400
39106   0.012700
39107   0.012400
39108   0.016800
39109   0.018900
39110   0.015300
39111   0.016700
39112   0.014300
39113   0.011800
39114   0.013700
39115   0.012700
39116   0.018400
39117   0.018800
39118   0.020100
39119   0.017600
39120   0.020300
39121   0.022400
39122   0.026200
39123   0.031800
39124   0.033500
39125   0.039400
39126   0.039100
39127   0.040700
39128   0.041200
39129   0.039400
39130   0.042900
39131   0.044200
39132   0.045400
39133   0.043900
39134   0.047300
39135   0.046100
39136   0.048000
39137   0.044000
39138   0.043700
39139   0.041900
39140   0.042200
39141   0.046000
39142   0.041700
39143   0.039300
39144   0.043200
39145   0.051400
39146   0.057100
39147   0.054400
39148   0.050900
39149   0.050800
39150   0.044200
39151   0.046400
39152   0.047100
39153   0.048100
39154   0.050100
39155   0.055500
39156   0.050600
39157   0.055100
39158   0.056600
39159   0.060400
39160   0.055000
39161   0.051800
39162   0.046300
39163   0.044200
39164   0.040000
39165   0.036900
39166   0.047200
39167   0.052300
39168   0.046300
39169   0.044700
39170   0.042500
39171   0.049700
39172   0.053500
39173   0.052400
39174   0.058400
39175   0.066900
39176   0.068400
39177   0.079100
39178   0.075400
39179   0.063100
39180   0.058800
39181   0.055600
39182   0.055500
39183   0.061000
39184   0.062700
39185   0.060100
39186   0.063100
39187   0.054000
39188   0.050500
39189   0.059100
39190   0.053900
39191   0.054000
39192   0.053600
39193   0.055900
39194   0.058800
39195   0.054500
39196   0.055300
39197   0.056500
39198   0.057900
39199   0.053900
39200   0.057600
39201   0.062800
39202   0.062200
39203   0.068500
39204   0.067800
39205   0.072500
39206   0.067500
39207   0.062900
39208   0.066800
39209   0.067400
39210   0.063000
39211   0.062000
39212   0.062700
39213   0.061500
39214   0.063800
39215   0.065800
39216   0.065800
39217   0.067800
39218   0.066800
39219   0.063900
39220   0.061800
39221   0.066000
39222   0.069100
39223   0.073900
39224   0.068900
39225   0.062800
39226   0.058600
39227   0.063700
39228   0.066000
39229   0.063100
39230   0.058200
39231   0.057100
39232   0.059700
39233   0.055900
39234   0.059900
39235   0.053900
39236   0.053400
39237   0.049500
39238   0.051100
39239   0.046700
39240   0.051700
39241   0.054600
39242   0.054100
39243   0.053300
39244   0.053600
39245   0.051000
39246   0.044500
39247   0.041400
39248   0.044400
39249   0.052500
39250   0.049000
39251   0.051600
39252   0.047700
39253   0.047700
39254   0.044900
39255   0.028000
39256   0.029700
39257   0.029800
39258   0.031700
39259   0.028800
39260   0.029500
39261   0.026900
39262   0.024100
39263   0.020100
39264   0.020300
39265   0.022300
39266   0.028500
39267   0.029100
39268   0.023200
39269   0.024200
39270   0.023400
39271   0.017600
39272   0.023700
39273   0.029000
39274   0.030000
39275   0.029900
39276   0.028400
39277   0.028200
39278   0.027300
39279   0.032400
39280   0.034000
39281   0.031400
39282   0.031300
39283   0.025400
39284   0.022000
39285   0.024100
39286   0.017900
39287   0.020600
39288   0.019500
39289   0.024100
39290   0.026600
39291   0.029600
39292   0.033900
39293   0.034300
39294   0.034700
39295   0.024900
39296   0.031000
39297   0.029100
39298   0.030600
39299   0.038000
39300   0.039800
39301   0.041800
39302   0.045000
39303   0.047400
39304   0.041500
39305   0.041300
39306   0.039600
39307   0.040400
39308   0.036300
39309   0.042200
39310   0.046900
39311   0.046800
39312   0.047300
39313   0.047000
39314   0.045800
39315   0.045200
39316   0.043300
39317   0.046300
39318   0.047400
39319   0.042100
39320   0.041700
39321   0.041600
39322   0.045500
39323   0.045600
39324   0.037700
39325   0.031200
39326   0.024900
39327   0.021300
39328   0.019800
39329   0.018300
39330   0.014700
39331   0.014700
39332   0.012300
39333   0.010800
39334   0.002200
39335   0.012300
39336   0.005300
39337   0.007400
39338   0.008000
39339   0.012400
39340   0.011400
39341   0.013600
39342   0.005300
39343   0.005600
39344   0.003100
39345   0.000900
39346   0.007600
39347   0.005300
39348   0.009900
39349   0.007700
39350   0.007300
39351   0.008200
39352   0.010800
39353   0.009300
39354   0.008700
39355   0.012400
39356   0.006300
39357   0.007500
39358   0.006100
39359   0.004300
39360   0.007300
39361   0.012100
39362   0.012900
39363   0.018200
39364   0.017800
39365   0.018300
39366   0.022800
39367   0.027800
39368   0.025200
39369   0.022600
39370   0.020600
39371   0.026800
39372   0.022200
39373   0.025000
39374   0.018000
39375   0.021500
39376   0.026500
39377   0.021100
39378   0.028700
39379   0.022500
39380   0.028100
39381   0.026900
39382   0.026200
39383   0.032800
39384   0.039500
39385   0.044000
39386   0.048800
39387   0.048200
39388   0.045900
39389   0.041800
39390   0.040600
39391   0.048500
39392   0.046000
39393   0.047000
39394   0.052200
39395   0.055700
39396   0.056100
39397   0.054400
39398   0.056000
39399   0.057900
39400   0.049300
39401   0.053400
39402   0.044900
39403   0.041900
39404   0.043600
39405   0.047500
39406   0.049300
39407   0.051500
39408   0.055900
39409   0.062500
39410   0.066700
39411   0.064000
39412   0.066000
39413   0.066300
39414   0.062900
39415   0.054100
39416   0.058000
39417   0.061200
39418   0.066000
39419   0.065400
39420   0.069800
39421   0.064700
39422   0.062700
39423   0.060700
39424   0.057900
39425   0.061200
39426   0.062300
39427   0.064700
39428   0.067800
39429   0.067800
39430   0.067300
39431   0.067000
39432   0.071900
39433   0.073700
39434   0.065000
39435   0.062000
39436   0.059100
39437   0.055400
39438   0.050800
39439   0.052600
39440   0.050700
39441   0.062500
39442   0.062300
39443   0.061900
39444   0.068600
39445   0.062000
39446   0.059700
39447   0.054900
39448   0.053800
39449   0.054400
39450   0.059400
39451   0.052400
39452   0.053200
39453   0.045300
39454   0.043800
39455   0.043400
39456   0.039500
39457   0.041600
39458   0.037100
39459   0.042900
39460   0.053000
39461   0.048600
39462   0.049500
39463   0.057100
39464   0.054300
39465   0.049000
39466   0.050200
39467   0.047600
39468   0.053800
39469   0.051900
39470   0.052700
39471   0.050500
39472   0.059500
39473   0.063400
39474   0.062700
39475   0.068600
39476   0.068700
39477   0.074000
39478   0.073800
39479   0.067800
39480   0.068100
39481   0.064400
39482   0.058000
39483   0.055700
39484   0.055600
39485   0.052500
39486   0.051800
39487   0.051200
39488   0.044200
39489   0.049900
39490   0.049900
39491   0.050700
39492   0.053800
39493   0.058800
39494   0.059900
39495   0.057200
39496   0.065600
39497   0.069200
39498   0.065300
39499   0.072500
39500   0.069200
39501   0.070600
39502   0.073300
39503   0.081700
39504   0.074700
39505   0.076800
39506   0.081000
39507   0.081400
39508   0.090100
39509   0.087500
39510   0.079900
39511   0.079500
39512   0.072000
39513   0.081600
39514   0.079100
39515   0.081500
39516   0.084200
39517   0.090300
39518   0.086800
39519   0.087400
39520   0.087700
39521   0.082400
39522   0.080200
39523   0.076700
39524   0.077000
39525   0.080200
39526   0.071900
39527   0.073700
39528   0.079500
39529   0.083100
39530   0.082700
39531   0.085000
39532   0.091100
39533   0.085300
39534   0.080200
39535   0.075500
39536   0.076300
39537   0.074600
39538   0.072400
39539   0.079700
39540   0.071800
39541   0.071700
39542   0.067100
39543   0.065900
39544   0.063200
39545   0.064000
39546   0.061700
39547   0.064000
39548   0.068100
39549   0.066900
39550   0.071500
39551   0.070200
39552   0.079900
39553   0.080500
39554   0.083800
39555   0.082500
39556   0.086400
39557   0.091500
39558   0.088900
39559   0.087000
39560   0.080900
39561   0.076000
39562   0.075900
39563   0.080000
39564   0.080000
39565   0.074700
39566   0.071700
39567   0.076700
39568   0.080300
39569   0.081700
39570   0.075400
39571   0.067100
39572   0.067500
39573   0.065100
39574   0.062300
39575   0.061800
39576   0.057300
39577   0.054700
39578   0.057500
39579   0.056900
39580   0.060600
39581   0.060800
39582   0.057600
39583   0.058800
39584   0.056600
39585   0.055200
39586   0.055600
39587   0.057100
39588   0.058200
39589   0.064400
39590   0.065800
39591   0.065400
39592   0.064600
39593   0.068000
39594   0.068900
39595   0.072700
39596   0.074700
39597   0.076100
39598   0.069900
39599   0.069000
39600   0.067100
39601   0.068400
39602   0.065600
39603   0.066200
39604   0.069200
39605   0.070600
39606   0.065800
39607   0.064400
39608   0.072400
39609   0.064200
39610   0.067700
39611   0.069100
39612   0.062900
39613   0.055700
39614   0.062400
39615   0.061600
39616   0.060000
39617   0.061900
39618   0.065100
39619   0.062000
39620   0.062300
39621   0.059900
39622   0.061100
39623   0.064100
39624   0.066300
39625   0.065800
39626   0.066900
39627   0.064300
39628   0.063500
39629   0.056800
39630   0.056000
39631   0.055600
39632   0.051200
39633   0.046000
39634   0.041900
39635   0.033100
39636   0.035700
39637   0.035400
39638   0.032200
39639   0.036600
39640   0.044100
39641   0.050600
39642   0.044100
39643   0.043300
39644   0.041400
39645   0.045200
39646   0.043100
39647   0.047200
39648   0.040900
39649   0.043500
39650   0.038500
39651   0.038000
39652   0.037900
39653   0.044600
39654   0.044500
39655   0.042200
39656   0.040700
39657   0.039700
39658   0.038800
39659   0.032300
39660   0.031700
39661   0.030900
39662   0.018100
39663   0.020800
39664   0.024600
39665   0.024000
39666   0.014600
39667   0.020800
39668   0.018800
39669   0.011000
39670   0.011100
39671   0.016200
39672   0.013000
39673   0.017600
39674   0.008100
39675  -0.001400
39676  -0.000100
39677  -0.000500
39678  -0.001500
39679  -0.001900
39680  -0.000400
39681  -0.002900
39682   0.003000
39683   0.003100
39684   0.001000
39685  -0.002900
39686   0.000700
39687   0.006000
39688   0.010500
39689   0.010700
39690   0.010000
39691   0.001700
39692   0.000000
39693  -0.000200
39694  -0.003900
39695  -0.003700
39696   0.001800
39697   0.010800
39698   0.006600
39699   0.001400
39700   0.001300
39701  -0.001100
39702  -0.004000
39703  -0.002800
39704   0.006300
39705  -0.006500
39706  -0.001400
39707  -0.002700
39708  -0.003000
39709  -0.007900
39710  -0.002200
39711  -0.001700
39712  -0.005600
39713  -0.002600
39714   0.007100
39715   0.004900
39716   0.003200
39717   0.001300
39718   0.003100
39719  -0.003300
39720   0.000200
39721   0.000200
39722  -0.001900
39723  -0.006200
39724  -0.005400
39725  -0.004600
39726  -0.011900
39727  -0.008100
39728  -0.012100
39729  -0.014500
39730  -0.013100
39731  -0.009500
39732  -0.007700
39733  -0.006600
39734  -0.004200
39735  -0.005000
39736  -0.007700
39737  -0.009100
39738  -0.007000
39739  -0.011800
39740  -0.013900
39741  -0.010600
39742  -0.011100
39743  -0.003700
39744  -0.001800
39745  -0.003900
39746   0.002200
39747   0.003000
39748   0.005500
39749   0.006100
39750   0.007900
39751   0.009100
39752   0.009900
39753   0.006100
39754   0.012200
39755   0.011300
39756   0.011800
39757   0.008000
39758   0.003900
39759   0.000500
39760  -0.002100
39761   0.005100
39762   0.009000
39763   0.012100
39764   0.015700
39765   0.009900
39766   0.009600
39767   0.009100
39768   0.003600
39769   0.006400
39770   0.006300
39771   0.008600
39772   0.011200
39773   0.016700
39774   0.018700
39775   0.018400
39776   0.012000
39777   0.023700
39778   0.025200
39779   0.018300
39780   0.010700
39781   0.007100
39782   0.013600
39783   0.007200
39784   0.008300
39785   0.002500
39786   0.007400
39787   0.008200
39788   0.006300
39789   0.007800
39790   0.003100
39791   0.005700
39792   0.001400
39793   0.002800
39794   0.005900
39795  -0.000600
39796   0.006200
39797   0.007300
39798   0.006700
39799   0.005100
39800   0.007400
39801   0.008900
39802   0.010800
39803   0.011500
39804   0.008500
39805   0.014000
39806   0.012200
39807   0.017600
39808   0.013600
39809   0.013800
39810   0.011500
39811   0.012600
39812   0.010800
39813   0.009000
39814   0.009000
39815   0.011200
39816   0.010900
39817   0.011800
39818   0.015800
39819   0.020500
39820   0.016800
39821   0.012000
39822   0.017300
39823   0.011400
39824   0.016100
39825   0.020800
39826   0.026900
39827   0.029500
39828   0.026000
39829   0.021700
39830   0.014300
39831   0.012800
39832   0.013300
39833   0.011800
39834   0.012500
39835   0.016000
39836   0.014300
39837   0.014700
39838   0.012900
39839   0.010000
39840   0.004100
39841   0.007500
39842   0.005800
39843   0.012800
39844   0.014800
39845   0.011100
39846   0.009500
39847   0.008600
39848   0.009500
39849   0.008500
39850   0.003900
39851   0.004600
39852   0.010600
39853   0.009900
39854   0.012300
39855   0.010000
39856   0.006300
39857   0.010900
39858   0.008100
39859   0.004100
39860   0.012500
39861   0.012100
39862   0.002100
39863   0.004900
39864   0.003300
39865   0.003200
39866   0.006000
39867   0.013000
39868   0.014100
39869   0.015500
39870   0.017100
39871   0.016900
39872   0.022000
39873   0.018900
39874   0.026400
39875   0.016300
39876   0.015600
39877   0.004800
39878   0.006700
39879   0.008900
39880   0.008200
39881   0.008500
39882   0.004900
39883   0.001400
39884   0.000700
39885   0.007500
39886   0.006500
39887   0.009800
39888   0.012300
39889   0.011800
39890   0.007800
39891   0.007000
39892   0.009900
39893   0.010600
39894   0.011500
39895   0.011200
39896   0.015800
39897   0.011500
39898   0.016600
39899   0.016200
39900   0.021100
39901   0.020400
39902   0.019600
39903   0.016000
39904   0.019200
39905   0.016300
39906   0.012200
39907   0.010400
39908   0.011300
39909   0.007900
39910   0.002200
39911   0.006200
39912   0.011100
39913   0.013000
39914   0.014100
39915   0.018600
39916   0.012400
39917   0.009700
39918   0.008800
39919   0.009300
39920   0.005400
39921   0.006800
39922   0.007400
39923   0.004600
39924  -0.001400
39925  -0.002000
39926  -0.009900
39927  -0.011000
39928  -0.009700
39929  -0.009200
39930  -0.014900
39931  -0.015700
39932  -0.014000
39933  -0.011000
39934  -0.012800
39935  -0.016700
39936  -0.009600
39937  -0.008800
39938  -0.003400
39939  -0.004700
39940  -0.004700
39941  -0.007100
39942  -0.004500
39943  -0.004400
39944  -0.004700
39945  -0.000900
39946  -0.000900
39947  -0.004100
39948  -0.003000
39949   0.002200
39950   0.008900
39951   0.008700
39952   0.011700
39953   0.016200
39954   0.017100
39955   0.014700
39956   0.022200
39957   0.018100
39958   0.018400
39959   0.016500
39960   0.022500
39961   0.020300
39962   0.018700
39963   0.018800
39964   0.017900
39965   0.017400
39966   0.020800
39967   0.020200
39968   0.020800
39969   0.018400
39970   0.020200
39971   0.023000
39972   0.019100
39973   0.017200
39974   0.011500
39975   0.010100
39976   0.009400
39977   0.007000
39978   0.005500
39979   0.009400
39980   0.007400
39981   0.005900
39982   0.001100
39983   0.002600
39984   0.008500
39985   0.009200
39986   0.011200
39987   0.009400
39988   0.008000
39989   0.009000
39990   0.010600
39991   0.012100
39992   0.015300
39993   0.012800
39994   0.011800
39995   0.012200
39996   0.022500
39997   0.018100
39998   0.021600
39999   0.020300
40000   0.019500
40001   0.016500
40002   0.013400
40003   0.015200
40004   0.018900
40005   0.016900
40006   0.015200
40007   0.016600
40008   0.009700
40009   0.010800
40010   0.010000
40011   0.008200
40012   0.005000
40013  -0.002400
40014   0.000000
40015   0.002700
40016   0.001400
40017  -0.004200
40018   0.001700
40019   0.001100
40020   0.001600
40021  -0.001600
40022   0.004300
40023   0.006200
40024   0.005300
40025   0.006100
40026   0.005100
40027   0.007300
40028   0.010200
40029   0.005700
40030   0.001100
40031   0.002600
40032   0.003300
40033   0.004100
40034   0.006600
40035   0.012900
40036   0.010600
40037   0.011800
40038   0.017000
40039   0.016600
40040   0.024400
40041   0.024900
40042   0.023600
40043   0.029000
40044   0.030900
40045   0.029000
40046   0.024400
40047   0.027700
40048   0.027700
40049   0.027500
40050   0.034200
40051   0.038700
40052   0.035000
40053   0.039300
40054   0.033000
40055   0.029000
40056   0.036400
40057   0.036700
40058   0.034800
40059   0.030900
40060   0.035300
40061   0.033700
40062   0.030600
40063   0.027500
40064   0.030800
40065   0.034600
40066   0.032900
40067   0.032600
40068   0.033700
40069   0.036700
40070   0.039700
40071   0.039600
40072   0.047200
40073   0.048400
40074   0.046900
40075   0.045700
40076   0.043500
40077   0.049600
40078   0.049400
40079   0.057400
40080   0.063500
40081   0.070700
40082   0.071000
40083   0.064900
40084   0.074600
40085   0.080100
40086   0.079400
40087   0.080200
40088   0.080400
40089   0.078500
40090   0.072500
40091   0.071300
40092   0.064400
40093   0.058600
40094   0.055400
40095   0.054300
40096   0.049700
40097   0.052000
40098   0.054500
40099   0.057000
40100   0.057200
40101   0.057900
40102   0.057800
40103   0.056800
40104   0.057600
40105   0.056900
40106   0.057600
40107   0.054900
40108   0.048800
40109   0.046500
40110   0.049700
40111   0.047000
40112   0.040600
40113   0.040100
40114   0.039900
40115   0.043500
40116   0.046000
40117   0.050600
40118   0.047200
40119   0.049400
40120   0.052400
40121   0.051900
40122   0.054300
40123   0.055400
40124   0.053900
40125   0.058700
40126   0.054500
40127   0.051100
40128   0.052500
40129   0.045700
40130   0.050300
40131   0.052700
40132   0.052800
40133   0.049700
40134   0.053500
40135   0.056900
40136   0.067500
40137   0.065400
40138   0.069700
40139   0.075300
40140   0.067500
40141   0.068300
40142   0.070100
40143   0.068000
40144   0.069800
40145   0.066700
40146   0.068200
40147   0.068000
40148   0.075700
40149   0.078300
40150   0.076700
40151   0.072800
40152   0.077300
40153   0.076700
40154   0.075300
40155   0.075900
40156   0.071600
40157   0.071600
40158   0.068800
40159   0.072300
40160   0.066900
40161   0.066900
40162   0.066800
40163   0.060100
40164   0.066400
40165   0.067600
40166   0.064900
40167   0.072400
40168   0.068200
40169   0.071200
40170   0.072500
40171   0.069300
40172   0.073100
40173   0.078000
40174   0.080000
40175   0.078200
40176   0.073400
40177   0.077000
40178   0.074200
40179   0.071800
40180   0.072700
40181   0.068700
40182   0.068700
40183   0.064700
40184   0.064800
40185   0.067700
40186   0.074500
40187   0.073000
40188   0.070600
40189   0.069500
40190   0.067100
40191   0.061300
40192   0.059800
40193   0.064600
40194   0.068400
40195   0.071700
40196   0.066100
40197   0.066200
40198   0.065500
40199   0.062600
40200   0.060300
40201   0.060400
40202   0.066000
40203   0.069100
40204   0.063500
40205   0.059500
40206   0.061000
40207   0.053500
40208   0.055400
40209   0.059700
40210   0.055300
40211   0.056400
40212   0.052500
40213   0.049000
40214   0.053500
40215   0.056600
40216   0.056500
40217   0.052700
40218   0.053000
40219   0.056100
40220   0.058900
40221   0.065000
40222   0.061000
40223   0.063400
40224   0.069700
40225   0.068800
40226   0.068700
40227   0.076000
40228   0.078300
40229   0.079600
40230   0.080900
40231   0.079200
40232   0.076400
40233   0.074800
40234   0.073300
40235   0.070700
40236   0.067000
40237   0.064000
40238   0.070700
40239   0.065300
40240   0.069800
40241   0.071800
40242   0.074900
40243   0.076600
40244   0.076200
40245   0.077800
40246   0.077800
40247   0.079900
40248   0.084300
40249   0.078300
40250   0.076200
40251   0.069500
40252   0.071600
40253   0.072400
40254   0.068200
40255   0.066600
40256   0.062700
40257   0.065700
40258   0.062300
40259   0.058800
40260   0.065700
40261   0.056600
40262   0.058400
40263   0.054300
40264   0.058800
40265   0.059300
40266   0.053600
40267   0.055000
40268   0.056300
40269   0.058500
40270   0.062200
40271   0.059600
40272   0.060000
40273   0.058300
40274   0.050700
40275   0.047400
40276   0.049300
40277   0.047500
40278   0.043600
40279   0.047300
40280   0.049400
40281   0.044500
40282   0.041900
40283   0.047200
40284   0.046700
40285   0.050900
40286   0.053000
40287   0.057100
40288   0.055000
40289   0.060200
40290   0.055900
40291   0.049200
40292   0.049700
40293   0.046100
40294   0.051800
40295   0.056200
40296   0.059200
40297   0.058300
40298   0.053100
40299   0.049100
40300   0.042100
40301   0.037600
40302   0.038200
40303   0.039700
40304   0.035900
40305   0.039800
40306   0.042700
40307   0.044000
40308   0.039900
40309   0.042200
40310   0.046200
40311   0.049700
40312   0.048500
40313   0.051200
40314   0.046800
40315   0.042400
40316   0.042500
40317   0.046900
40318   0.047900
40319   0.052200
40320   0.051300
40321   0.043800
40322   0.048200
40323   0.047600
40324   0.049900
40325   0.043400
40326   0.042000
40327   0.043200
40328   0.042200
40329   0.044400
40330   0.045000
40331   0.044900
40332   0.042500
40333   0.043500
40334   0.039700
40335   0.029400
40336   0.032000
40337   0.022600
40338   0.024700
40339   0.024800
40340   0.028000
40341   0.023600
40342   0.017500
40343   0.021800
40344   0.010700
40345   0.003800
40346   0.007200
40347   0.010000
40348   0.009000
40349   0.015000
40350   0.014400
40351   0.016400
40352   0.013100
40353   0.011000
40354   0.007500
40355   0.009900
40356   0.009400
40357   0.004400
40358   0.005400
40359   0.005800
40360   0.013200
40361   0.012000
40362   0.008300
40363   0.000400
40364   0.002000
40365   0.006700
40366   0.001700
40367   0.002800
40368  -0.002000
40369  -0.002800
40370   0.002300
40371   0.002000
40372  -0.000100
40373   0.004200
40374   0.000100
40375  -0.002400
40376   0.001000
40377   0.005700
40378   0.007500
40379   0.007200
40380   0.002700
40381   0.001300
40382  -0.000400
40383  -0.005900
40384  -0.010500
40385  -0.012300
40386  -0.009000
40387  -0.007600
40388  -0.007100
40389  -0.006900
40390  -0.001000
40391  -0.003800
40392   0.000500
40393  -0.001400
40394  -0.005600
40395  -0.003100
40396  -0.006300
40397  -0.008100
40398  -0.008000
40399  -0.008200
40400  -0.010300
40401  -0.004000
40402  -0.000800
40403  -0.003300
40404  -0.011700
40405  -0.008600
40406  -0.004700
40407   0.001000
40408   0.006800
40409   0.000200
40410  -0.000700
40411  -0.004900
40412  -0.000500
40413  -0.002600
40414   0.001100
40415   0.002300
40416   0.007500
40417   0.013900
40418   0.013600
40419   0.014600
40420   0.008900
40421   0.012500
40422   0.017800
40423   0.017100
40424   0.016100
40425   0.015100
40426   0.015900
40427   0.022600
40428   0.028700
40429   0.026800
40430   0.029900
40431   0.038000
40432   0.036500
40433   0.040900
40434   0.044900
40435   0.045600
40436   0.048900
40437   0.049900
40438   0.049100
40439   0.049400
40440   0.045900
40441   0.050600
40442   0.051400
40443   0.053900
40444   0.054600
40445   0.054600
40446   0.052400
40447   0.054400
40448   0.058500
40449   0.058300
40450   0.057000
40451   0.048400
40452   0.046300
40453   0.044600
40454   0.044300
40455   0.039200
40456   0.034500
40457   0.039800
40458   0.043000
40459   0.044500
40460   0.053300
40461   0.045700
40462   0.042400
40463   0.039200
40464   0.036700
40465   0.036500
40466   0.031300
40467   0.030200
40468   0.023900
40469   0.022300
40470   0.022500
40471   0.024000
40472   0.027800
40473   0.024000
40474   0.020900
40475   0.019300
40476   0.017900
40477   0.017600
40478   0.014300
40479   0.011700
40480   0.004600
40481   0.006700
40482  -0.001300
40483  -0.003300
40484  -0.004700
40485  -0.000800
40486   0.001800
40487   0.001400
40488   0.002500
40489   0.003400
40490   0.000100
40491   0.002200
40492   0.001400
40493   0.001100
40494  -0.002100
40495  -0.002000
40496  -0.004800
40497  -0.001900
40498   0.004500
40499   0.007100
40500   0.012000
40501   0.012300
40502   0.013000
40503   0.016800
40504   0.017000
40505   0.021900
40506   0.018800
40507   0.017200
40508   0.018300
40509   0.018300
40510   0.020100
40511   0.024200
40512   0.022300
40513   0.021300
40514   0.020200
40515   0.013900
40516   0.016100
40517   0.018100
40518   0.017900
40519   0.021200
40520   0.026100
40521   0.026300
40522   0.027600
40523   0.027700
40524   0.031800
40525   0.032000
40526   0.025400
40527   0.021100
40528   0.026700
40529   0.021800
40530   0.026900
40531   0.027600
40532   0.034600
40533   0.033800
40534   0.038100
40535   0.037800
40536   0.037800
40537   0.036500
40538   0.035100
40539   0.035900
40540   0.040800
40541   0.042300
40542   0.042200
40543   0.039100
40544   0.035500
40545   0.034400
40546   0.035000
40547   0.034600
40548   0.038000
40549   0.035300
40550   0.038600
40551   0.042000
40552   0.043300
40553   0.045100
40554   0.037700
40555   0.032400
40556   0.036200
40557   0.037200
40558   0.034500
40559   0.029800
40560   0.028400
40561   0.022300
40562   0.023200
40563   0.027200
40564   0.024500
40565   0.029200
40566   0.033200
40567   0.033100
40568   0.036800
40569   0.033800
40570   0.029100
40571   0.029200
40572   0.030600
40573   0.026700
40574   0.019600
40575   0.023500
40576   0.027700
40577   0.015900
40578   0.014000
40579   0.017900
40580   0.021100
40581   0.019200
40582   0.018300
40583   0.018400
40584   0.023100
40585   0.015700
40586   0.017500
40587   0.019400
40588   0.018300
40589   0.021300
40590   0.018500
40591   0.019100
40592   0.016700
40593   0.017000
40594   0.015400
40595   0.011100
40596   0.010800
40597   0.010200
40598   0.017300
40599   0.022400
40600   0.027200
40601   0.024200
40602   0.023700
40603   0.020800
40604   0.022800
40605   0.026700
40606   0.025300
40607   0.025300
40608   0.019300
40609   0.023800
40610   0.025200
40611   0.028700
40612   0.025300
40613   0.024600
40614   0.027600
40615   0.025500
40616   0.030400
40617   0.035200
40618   0.033600
40619   0.033400
40620   0.030600
40621   0.024700
40622   0.035100
40623   0.034600
40624   0.026500
40625   0.028700
40626   0.026500
40627   0.019800
40628   0.019600
40629   0.006800
40630   0.009200
40631   0.003600
40632  -0.004800
40633  -0.002700
40634   0.004600
40635   0.010500
40636   0.008500
40637   0.007900
40638   0.006600
40639   0.008700
40640   0.014400
40641   0.021800
40642   0.028700
40643   0.019200
40644   0.018800
40645   0.018500
40646   0.020900
40647   0.016200
40648   0.014300
40649   0.021000
40650   0.021000
40651   0.025600
40652   0.026500
40653   0.021900
40654   0.028000
40655   0.022100
40656   0.027500
40657   0.030800
40658   0.032600
40659   0.034200
40660   0.041400
40661   0.035300
40662   0.037300
40663   0.036100
40664   0.036100
40665   0.035700
40666   0.035500
40667   0.037800
40668   0.033400
40669   0.036600
40670   0.035100
40671   0.039700
40672   0.041900
40673   0.042400
40674   0.049300
40675   0.043300
40676   0.049700
40677   0.045500
40678   0.049300
40679   0.048300
40680   0.055400
40681   0.055900
40682   0.059000
40683   0.054600
40684   0.051400
40685   0.052800
40686   0.054800
40687   0.049700
40688   0.050300
40689   0.050100
40690   0.055300
40691   0.058500
40692   0.056900
40693   0.058700
40694   0.058600
40695   0.061300
40696   0.067900
40697   0.068500
40698   0.064300
40699   0.063300
40700   0.061000
40701   0.061300
40702   0.067500
40703   0.071600
40704   0.072600
40705   0.067900
40706   0.070200
40707   0.068900
40708   0.074400
40709   0.078300
40710   0.068800
40711   0.072700
40712   0.068300
40713   0.072800
40714   0.072300
40715   0.077100
40716   0.073900
40717   0.079300
40718   0.084600
40719   0.084800
40720   0.085200
40721   0.086400
40722   0.088500
40723   0.085600
40724   0.084000
40725   0.085000
40726   0.081900
40727   0.075800
40728   0.081000
40729   0.085200
40730   0.081500
40731   0.078800
40732   0.078700
40733   0.080400
40734   0.078100
40735   0.074700
40736   0.076000
40737   0.080800
40738   0.083600
40739   0.081400
40740   0.086400
40741   0.085700
40742   0.091300
40743   0.089400
40744   0.088200
40745   0.089900
40746   0.089200
40747   0.086800
40748   0.081600
40749   0.082100
40750   0.085300
40751   0.095300
40752   0.085900
40753   0.088100
40754   0.091900
40755   0.092800
40756   0.090900
40757   0.096800
40758   0.096600
40759   0.096600
40760   0.094700
40761   0.092400
40762   0.090500
40763   0.092100
40764   0.089500
40765   0.093900
40766   0.095000
40767   0.102200
40768   0.097300
40769   0.097000
40770   0.097000
40771   0.100500
40772   0.099700
40773   0.105000
40774   0.104400
40775   0.103300
40776   0.107200
40777   0.111200
40778   0.107800
40779   0.109800
40780   0.108900
40781   0.108300
40782   0.110400
40783   0.108700
40784   0.112900
40785   0.109600
40786   0.103100
40787   0.100300
40788   0.100900
40789   0.101600
40790   0.095200
40791   0.094500
40792   0.096300
40793   0.096600
40794   0.093600
40795   0.093800
40796   0.088400
40797   0.082900
40798   0.082800
40799   0.075000
40800   0.073700
40801   0.070500
40802   0.078300
40803   0.073200
40804   0.075800
40805   0.068800
40806   0.074100
40807   0.070900
40808   0.070300
40809   0.066000
40810   0.059500
40811   0.058700
40812   0.052500
40813   0.053700
40814   0.052100
40815   0.052800
40816   0.058700
40817   0.054600
40818   0.052600
40819   0.054500
40820   0.052000
40821   0.052600
40822   0.047700
40823   0.050700
40824   0.051800
40825   0.052900
40826   0.050600
40827   0.052000
40828   0.053300
40829   0.054100
40830   0.057000
40831   0.052900
40832   0.050200
40833   0.046900
40834   0.044300
40835   0.037800
40836   0.037900
40837   0.039300
40838   0.040100
40839   0.036500
40840   0.034500
40841   0.028400
40842   0.026100
40843   0.032000
40844   0.033700
40845   0.025400
40846   0.021700
40847   0.025100
40848   0.023600
40849   0.021400
40850   0.023800
40851   0.024000
40852   0.028000
40853   0.030500
40854   0.029800
40855   0.037600
40856   0.037500
40857   0.036600
40858   0.035000
40859   0.039700
40860   0.035900
40861   0.038300
40862   0.043100
40863   0.042900
40864   0.045400
40865   0.045000
40866   0.046500
40867   0.049200
40868   0.045600
40869   0.049300
40870   0.041100
40871   0.042800
40872   0.044000
40873   0.044200
40874   0.047200
40875   0.042400
40876   0.036700
40877   0.035300
40878   0.036400
40879   0.034900
40880   0.030200
40881   0.024500
40882   0.028600
40883   0.027900
40884   0.027600
40885   0.034300
40886   0.032000
40887   0.029200
40888   0.028500
40889   0.031100
40890   0.026200
40891   0.017400
40892   0.014700
40893   0.016100
40894   0.013700
40895   0.019000
40896   0.015900
40897   0.018800
40898   0.023500
40899   0.024500
40900   0.022400
40901   0.026200
40902   0.026700
40903   0.024000
40904   0.029200
40905   0.031700
40906   0.036200
40907   0.025900
40908   0.024300
40909   0.033900
40910   0.032700
40911   0.029200
40912   0.027000
40913   0.030100
40914   0.028200
40915   0.029400
40916   0.034800
40917   0.033700
40918   0.033300
40919   0.031000
40920   0.037100
40921   0.037200
40922   0.036100
40923   0.037300
40924   0.038800
40925   0.042400
40926   0.043900
40927   0.042300
40928   0.041500
40929   0.049000
40930   0.051200
40931   0.058700
40932   0.054800
40933   0.049400
40934   0.052600
40935   0.046600
40936   0.044500
40937   0.048300
40938   0.053300
40939   0.055900
40940   0.049100
40941   0.053000
40942   0.051300
40943   0.054000
40944   0.058200
40945   0.057500
40946   0.062700
40947   0.061800
40948   0.062300
40949   0.063800
40950   0.063100
40951   0.061500
40952   0.058700
40953   0.056700
40954   0.057100
40955   0.059900
40956   0.055500
40957   0.063600
40958   0.064300
40959   0.059900
40960   0.064300
40961   0.069600
40962   0.072900
40963   0.070200
40964   0.070300
40965   0.071000
40966   0.075300
40967   0.076200
40968   0.084100
40969   0.087200
40970   0.086100
40971   0.087000
40972   0.083000
40973   0.088100
40974   0.083000
40975   0.080700
40976   0.070300
40977   0.078700
40978   0.080500
40979   0.076700
40980   0.079000
40981   0.076200
40982   0.069700
40983   0.068800
40984   0.064000
40985   0.067500
40986   0.066000
40987   0.069000
40988   0.068800
40989   0.067000
40990   0.068600
40991   0.068400
40992   0.072400
40993   0.077600
40994   0.082200
40995   0.078400
40996   0.082200
40997   0.075500
40998   0.077900
40999   0.076400
41000   0.071900
41001   0.075600
41002   0.077300
41003   0.073100
41004   0.076800
41005   0.076900
41006   0.076700
41007   0.079000
41008   0.082800
41009   0.089200
41010   0.091100
41011   0.092400
41012   0.093900
41013   0.093800
41014   0.094700
41015   0.103400
41016   0.103700
41017   0.106800
41018   0.108900
41019   0.111200
41020   0.113700
41021   0.112300
41022   0.116000
41023   0.115400
41024   0.114300
41025   0.117100
41026   0.113900
41027   0.116200
41028   0.122700
41029   0.116000
41030   0.111400
41031   0.113900
41032   0.113500
41033   0.118000
41034   0.108200
41035   0.107200
41036   0.108700
41037   0.106500
41038   0.101600
41039   0.105800
41040   0.109600
41041   0.120400
41042   0.118900
41043   0.117900
41044   0.119100
41045   0.116200
41046   0.119900
41047   0.122200
41048   0.120300
41049   0.118700
41050   0.112200
41051   0.113700
41052   0.114900
41053   0.116100
41054   0.113000
41055   0.105800
41056   0.105800
41057   0.101100
41058   0.103200
41059   0.101000
41060   0.101400
41061   0.100700
41062   0.099900
41063   0.101500
41064   0.097100
41065   0.095200
41066   0.100700
41067   0.102000
41068   0.093200
41069   0.092400
41070   0.085600
41071   0.085300
41072   0.083400
41073   0.084300
41074   0.087500
41075   0.082200
41076   0.078100
41077   0.082600
41078   0.086000
41079   0.090900
41080   0.091000
41081   0.092700
41082   0.091700
41083   0.094100
41084   0.096400
41085   0.099100
41086   0.096900
41087   0.096200
41088   0.094300
41089   0.095400
41090   0.093200
41091   0.092100
41092   0.096600
41093   0.097600
41094   0.097400
41095   0.098200
41096   0.094900
41097   0.093300
41098   0.087800
41099   0.083500
41100   0.079700
41101   0.084300
41102   0.084700
41103   0.091900
41104   0.088600
41105   0.085800
41106   0.089100
41107   0.084100
41108   0.084400
41109   0.087700
41110   0.088300
41111   0.092400
41112   0.088800
41113   0.088500
41114   0.089700
41115   0.086700
41116   0.092200
41117   0.086000
41118   0.085900
41119   0.086300
41120   0.086800
41121   0.084600
41122   0.086100
41123   0.084900
41124   0.085600
41125   0.087300
41126   0.086100
41127   0.081300
41128   0.075800
41129   0.083000
41130   0.077100
41131   0.079100
41132   0.072900
41133   0.074700
41134   0.073000
41135   0.075300
41136   0.076200
41137   0.083700
41138   0.080900
41139   0.081200
41140   0.079600
41141   0.085600
41142   0.090800
41143   0.086000
41144   0.086300
41145   0.086800
41146   0.087100
41147   0.089700
41148   0.081400
41149   0.086700
41150   0.078900
41151   0.078400
41152   0.082000
41153   0.079900
41154   0.076500
41155   0.077200
41156   0.073200
41157   0.071600
41158   0.068300
41159   0.073200
41160   0.072300
41161   0.075200
41162   0.075500
41163   0.070500
41164   0.071300
41165   0.068000
41166   0.067900
41167   0.065900
41168   0.068800
41169   0.060000
41170   0.055800
41171   0.050100
41172   0.052400
41173   0.050300
41174   0.052600
41175   0.049500
41176   0.046300
41177   0.043900
41178   0.050200
41179   0.046200
41180   0.050300
41181   0.047500
41182   0.049800
41183   0.047600
41184   0.047800
41185   0.047200
41186   0.046500
41187   0.047000
41188   0.047300
41189   0.042900
41190   0.040800
41191   0.040200
41192   0.039700
41193   0.035600
41194   0.037700
41195   0.043500
41196   0.041100
41197   0.044800
41198   0.044100
41199   0.047500
41200   0.050300
41201   0.048700
41202   0.042300
41203   0.042700
41204   0.039900
41205   0.037800
41206   0.040400
41207   0.043000
41208   0.041700
41209   0.046900
41210   0.046900
41211   0.045500
41212   0.036000
41213   0.034700
41214   0.041300
41215   0.040300
41216   0.041900
41217   0.045600
41218   0.041900
41219   0.043500
41220   0.050100
41221   0.050900
41222   0.050400
41223   0.052700
41224   0.061700
41225   0.056200
41226   0.057600
41227   0.055000
41228   0.053000
41229   0.047900
41230   0.047200
41231   0.039500
41232   0.038100
41233   0.034400
41234   0.034900
41235   0.034100
41236   0.035500
41237   0.033300
41238   0.032600
41239   0.027300
41240   0.031800
41241   0.029100
41242   0.033400
41243   0.039400
41244   0.040800
41245   0.037500
41246   0.037900
41247   0.049500
41248   0.048300
41249   0.046600
41250   0.050600
41251   0.055400
41252   0.057900
41253   0.059400
41254   0.059800
41255   0.062100
41256   0.057500
41257   0.059300
41258   0.058600
41259   0.060000
41260   0.060700
41261   0.060800
41262   0.068700
41263   0.071400
41264   0.070600
41265   0.073800
41266   0.074600
41267   0.079300
41268   0.080600
41269   0.082400
41270   0.082100
41271   0.082400
41272   0.075100
41273   0.077700
41274   0.082400
41275   0.089600
41276   0.089100
41277   0.090600
41278   0.088200
41279   0.088700
41280   0.086700
41281   0.078400
41282   0.076600
41283   0.074100
41284   0.079400
41285   0.075700
41286   0.080800
41287   0.076600
41288   0.074200
41289   0.072200
41290   0.071400
41291   0.074000
41292   0.076300
41293   0.069200
41294   0.074500
41295   0.072800
41296   0.078000
41297   0.079000
41298   0.073900
41299   0.072000
41300   0.063300
41301   0.061700
41302   0.059400
41303   0.050800
41304   0.054200
41305   0.044100
41306   0.044200
41307   0.047600
41308   0.047300
41309   0.044800
41310   0.047700
41311   0.051500
41312   0.052100
41313   0.053900
41314   0.052700
41315   0.050600
41316   0.048100
41317   0.044700
41318   0.041900
41319   0.041800
41320   0.052500
41321   0.055800
41322   0.053900
41323   0.053800
41324   0.057300
41325   0.050600
41326   0.049300
41327   0.050900
41328   0.054700
41329   0.053800
41330   0.062100
41331   0.062100
41332   0.066000
41333   0.063800
41334   0.067300
41335   0.078400
41336   0.080000
41337   0.079300
41338   0.081000
41339   0.084700
41340   0.078400
41341   0.074800
41342   0.072600
41343   0.065500
41344   0.067200
41345   0.072000
41346   0.071300
41347   0.071000
41348   0.071600
41349   0.066400
41350   0.065900
41351   0.065500
41352   0.068600
41353   0.072500
41354   0.068800
41355   0.070700
41356   0.066400
41357   0.068000
41358   0.065200
41359   0.060900
41360   0.065200
41361   0.068600
41362   0.072300
41363   0.070900
41364   0.070500
41365   0.071800
41366   0.069700
41367   0.068500
41368   0.077700
41369   0.080800
41370   0.084200
41371   0.085300
41372   0.086100
41373   0.088600
41374   0.085000
41375   0.078500
41376   0.078300
41377   0.080500
41378   0.079400
41379   0.077000
41380   0.080400
41381   0.079500
41382   0.087900
41383   0.085900
41384   0.081200
41385   0.080100
41386   0.083400
41387   0.081600
41388   0.078200
41389   0.080800
41390   0.077800
41391   0.078100
41392   0.078800
41393   0.082100
41394   0.081800
41395   0.078500
41396   0.079000
41397   0.070500
41398   0.068200
41399   0.064600
41400   0.059800
41401   0.060800
41402   0.062800
41403   0.066700
41404   0.069200
41405   0.063800
41406   0.068900
41407   0.067200
41408   0.072800
41409   0.073600
41410   0.066200
41411   0.072800
41412   0.072700
41413   0.072800
41414   0.069400
41415   0.066900
41416   0.065400
41417   0.068400
41418   0.076400
41419   0.076900
41420   0.074100
41421   0.075200
41422   0.077700
41423   0.076500
41424   0.077600
41425   0.074900
41426   0.070300
41427   0.069000
41428   0.073900
41429   0.076800
41430   0.075000
41431   0.071500
41432   0.073100
41433   0.070500
41434   0.072700
41435   0.069500
41436   0.066300
41437   0.071000
41438   0.078700
41439   0.078800
41440   0.082700
41441   0.083400
41442   0.083000
41443   0.087500
41444   0.081600
41445   0.080300
41446   0.076100
41447   0.080900
41448   0.084400
41449   0.086600
41450   0.088800
41451   0.089200
41452   0.084200
41453   0.089700
41454   0.081000
41455   0.082000
41456   0.083800
41457   0.084200
41458   0.088100
41459   0.089100
41460   0.082800
41461   0.083200
41462   0.080000
41463   0.076400
41464   0.083000
41465   0.080600
41466   0.084900
41467   0.081000
41468   0.082500
41469   0.079300
41470   0.080900
41471   0.080200
41472   0.077600
41473   0.076400
41474   0.081500
41475   0.079900
41476   0.075100
41477   0.071800
41478   0.070800
41479   0.070200
41480   0.065600
41481   0.070000
41482   0.068200
41483   0.071000
41484   0.070300
41485   0.066500
41486   0.071900
41487   0.077000
41488   0.073100
41489   0.069700
41490   0.071900
41491   0.068500
41492   0.068800
41493   0.072400
41494   0.072200
41495   0.067100
41496   0.064300
41497   0.068900
41498   0.064100
41499   0.073100
41500   0.069900
41501   0.068700
41502   0.064700
41503   0.061000
41504   0.058500
41505   0.061500
41506   0.059200
41507   0.056600
41508   0.058800
41509   0.057400
41510   0.061700
41511   0.065000
41512   0.067400
41513   0.065900
41514   0.067200
41515   0.071600
41516   0.072000
41517   0.059000
41518   0.061900
41519   0.065400
41520   0.067200
41521   0.072000
41522   0.071300
41523   0.070900
41524   0.071500
41525   0.067600
41526   0.069600
41527   0.067500
41528   0.064900
41529   0.064400
41530   0.064200
41531   0.069700
41532   0.072600
41533   0.076600
41534   0.071900
41535   0.066900
41536   0.057600
41537   0.062900
41538   0.057600
41539   0.059500
41540   0.059400
41541   0.061300
41542   0.060100
41543   0.059200
41544   0.062600
41545   0.063800
41546   0.066100
41547   0.066400
41548   0.068500
41549   0.069600
41550   0.071900
41551   0.066800
41552   0.071800
41553   0.078000
41554   0.069200
41555   0.069500
41556   0.072200
41557   0.071600
41558   0.066500
41559   0.065500
41560   0.065800
41561   0.069400
41562   0.071600
41563   0.073500
41564   0.077200
41565   0.081600
41566   0.073500
41567   0.076000
41568   0.072000
41569   0.078000
41570   0.075100
41571   0.067900
41572   0.069400
41573   0.071200
41574   0.064900
41575   0.069900
41576   0.071800
41577   0.071200
41578   0.070200
41579   0.070200
41580   0.075000
41581   0.070900
41582   0.075500
41583   0.082100
41584   0.084000
41585   0.083500
41586   0.078700
41587   0.081400
41588   0.085800
41589   0.088700
41590   0.082400
41591   0.083800
41592   0.079900
41593   0.080100
41594   0.084300
41595   0.073800
41596   0.066700
41597   0.066800
41598   0.068800
41599   0.066500
41600   0.067900
41601   0.067300
41602   0.068300
41603   0.067100
41604   0.069800
41605   0.072100
41606   0.075200
41607   0.077000
41608   0.076500
41609   0.078900
41610   0.081700
41611   0.082900
41612   0.081900
41613   0.081700
41614   0.079100
41615   0.078700
41616   0.084700
41617   0.081500
41618   0.080800
41619   0.080200
41620   0.079400
41621   0.077200
41622   0.082600
41623   0.083100
41624   0.086200
41625   0.093200
41626   0.092500
41627   0.091900
41628   0.092000
41629   0.093700
41630   0.094500
41631   0.096000
41632   0.096200
41633   0.100000
41634   0.100700
41635   0.099500
41636   0.098400
41637   0.095500
41638   0.099700
41639   0.097000
41640   0.102000
41641   0.102600
41642   0.101400
41643   0.099800
41644   0.100400
41645   0.106500
41646   0.103000
41647   0.104700
41648   0.097100
41649   0.094900
41650   0.087300
41651   0.088000
41652   0.086400
41653   0.085100
41654   0.082500
41655   0.082400
41656   0.084500
41657   0.088800
41658   0.091500
41659   0.089200
41660   0.087400
41661   0.080900
41662   0.078500
41663   0.075700
41664   0.072800
41665   0.082400
41666   0.082400
41667   0.085300
41668   0.082200
41669   0.084300
41670   0.082900
41671   0.075500
41672   0.076600
41673   0.073600
41674   0.072700
41675   0.073900
41676   0.073200
41677   0.072100
41678   0.074600
41679   0.071800
41680   0.075600
41681   0.067200
41682   0.061000
41683   0.059500
41684   0.063600
41685   0.065500
41686   0.063400
41687   0.064200
41688   0.067100
41689   0.063100
41690   0.060800
41691   0.060100
41692   0.058800
41693   0.068900
41694   0.072100
41695   0.074800
41696   0.071600
41697   0.072100
41698   0.073500
41699   0.075500
41700   0.076300
41701   0.067400
41702   0.072900
41703   0.071400
41704   0.072000
41705   0.070500
41706   0.074500
41707   0.072900
41708   0.067000
41709   0.066600
41710   0.066500
41711   0.065900
41712   0.067100
41713   0.060000
41714   0.061000
41715   0.059400
41716   0.062000
41717   0.063300
41718   0.063100
41719   0.066600
41720   0.070000
41721   0.064000
41722   0.063200
41723   0.068300
41724   0.070500
41725   0.064000
41726   0.061600
41727   0.059000
41728   0.057900
41729   0.057900
41730   0.060300
41731   0.053800
41732   0.050800
41733   0.045200
41734   0.052200
41735   0.053200
41736   0.055200
41737   0.052000
41738   0.049100
41739   0.048300
41740   0.046500
41741   0.056300
41742   0.057300
41743   0.055200
41744   0.049600
41745   0.054900
41746   0.053000
41747   0.056200
41748   0.058200
41749   0.056400
41750   0.053600
41751   0.048000
41752   0.051300
41753   0.044700
41754   0.045600
41755   0.045800
41756   0.041700
41757   0.046400
41758   0.038500
41759   0.041300
41760   0.036600
41761   0.030400
41762   0.033000
41763   0.032500
41764   0.030200
41765   0.030300
41766   0.029000
41767   0.029200
41768   0.032600
41769   0.033300
41770   0.030300
41771   0.031500
41772   0.032300
41773   0.028400
41774   0.025900
41775   0.023500
41776   0.022200
41777   0.023200
41778   0.022900
41779   0.021300
41780   0.032000
41781   0.031700
41782   0.035400
41783   0.038100
41784   0.038200
41785   0.036600
41786   0.033400
41787   0.037000
41788   0.035300
41789   0.036200
41790   0.040500
41791   0.042500
41792   0.041800
41793   0.046000
41794   0.047100
41795   0.047100
41796   0.053000
41797   0.056900
41798   0.056100
41799   0.058800
41800   0.065200
41801   0.064700
41802   0.065000
41803   0.062400
41804   0.064600
41805   0.067400
41806   0.067300
41807   0.064900
41808   0.058200
41809   0.062300
41810   0.066100
41811   0.064400
41812   0.061700
41813   0.062800
41814   0.060200
41815   0.058000
41816   0.059300
41817   0.057900
41818   0.059200
41819   0.058000
41820   0.058400
41821   0.057300
41822   0.047200
41823   0.047400
41824   0.049100
41825   0.049900
41826   0.055600
41827   0.056000
41828   0.059400
41829   0.055900
41830   0.055700
41831   0.058200
41832   0.060900
41833   0.059600
41834   0.063500
41835   0.065800
41836   0.067500
41837   0.068500
41838   0.073300
41839   0.075800
41840   0.077300
41841   0.072000
41842   0.067400
41843   0.062000
41844   0.065000
41845   0.061500
41846   0.060900
41847   0.061600
41848   0.058400
41849   0.062600
41850   0.061300
41851   0.054200
41852   0.052500
41853   0.060000
41854   0.066200
41855   0.064200
41856   0.066600
41857   0.064000
41858   0.064400
41859   0.061400
41860   0.058700
41861   0.060400
41862   0.063100
41863   0.059300
41864   0.052600
41865   0.052200
41866   0.059700
41867   0.056500
41868   0.056800
41869   0.052400
41870   0.054100
41871   0.046300
41872   0.044700
41873   0.049300
41874   0.049100
41875   0.052000
41876   0.052900
41877   0.054200
41878   0.053500
41879   0.053600
41880   0.047900
41881   0.052700
41882   0.050400
41883   0.051500
41884   0.053100
41885   0.051100
41886   0.053700
41887   0.058400
41888   0.065700
41889   0.064900
41890   0.063500
41891   0.060900
41892   0.054700
41893   0.052100
41894   0.051000
41895   0.053000
41896   0.055500
41897   0.054500
41898   0.059100
41899   0.058700
41900   0.060500
41901   0.062600
41902   0.061700
41903   0.060200
41904   0.056100
41905   0.051000
41906   0.052500
41907   0.053200
41908   0.057900
41909   0.050000
41910   0.050700
41911   0.055400
41912   0.053000
41913   0.055500
41914   0.060100
41915   0.057600
41916   0.057100
41917   0.066300
41918   0.061300
41919   0.064500
41920   0.067000
41921   0.070100
41922   0.068600
41923   0.072000
41924   0.068700
41925   0.066000
41926   0.063400
41927   0.060200
41928   0.060900
41929   0.068700
41930   0.068300
41931   0.064900
41932   0.066600
41933   0.064300
41934   0.065200
41935   0.071600
41936   0.072900
41937   0.077200
41938   0.083300
41939   0.080000
41940   0.078700
41941   0.077400
41942   0.072600
41943   0.080900
41944   0.081800
41945   0.082600
41946   0.083500
41947   0.087000
41948   0.087900
41949   0.091000
41950   0.100600
41951   0.099400
41952   0.107700
41953   0.108000
41954   0.104400
41955   0.106200
41956   0.102500
41957   0.095300
41958   0.088100
41959   0.088400
41960   0.090900
41961   0.086200
41962   0.082700
41963   0.082800
41964   0.078100
41965   0.076400
41966   0.074800
41967   0.077000
41968   0.074000
41969   0.073000
41970   0.068400
41971   0.064700
41972   0.053700
41973   0.052200
41974   0.050800
41975   0.041000
41976   0.035800
41977   0.030600
41978   0.033600
41979   0.035600
41980   0.035400
41981   0.040000
41982   0.037300
41983   0.031100
41984   0.034600
41985   0.028900
41986   0.025500
41987   0.026300
41988   0.032100
41989   0.032900
41990   0.035600
41991   0.038400
41992   0.026700
41993   0.023600
41994   0.031700
41995   0.035400
41996   0.037800
41997   0.041500
41998   0.037600
41999   0.035800
42000   0.035400
42001   0.040400
42002   0.045800
42003   0.048400
42004   0.048000
42005   0.052700
42006   0.051600
42007   0.049600
42008   0.056400
42009   0.060700
42010   0.057900
42011   0.060400
42012   0.061100
42013   0.058000
42014   0.057500
42015   0.058300
42016   0.062300
42017   0.061900
42018   0.061500
42019   0.058800
42020   0.060100
42021   0.056600
42022   0.054000
42023   0.057300
42024   0.065200
42025   0.062400
42026   0.060200
42027   0.052000
42028   0.056900
42029   0.062500
42030   0.062000
42031   0.061700
42032   0.061800
42033   0.055000
42034   0.061600
42035   0.066300
42036   0.063100
42037   0.063300
42038   0.059400
42039   0.062000
42040   0.061000
42041   0.056400
42042   0.053900
42043   0.051800
42044   0.052300
42045   0.053600
42046   0.057500
42047   0.053200
42048   0.060100
42049   0.062400
42050   0.056200
42051   0.060100
42052   0.053100
42053   0.050600
42054   0.046000
42055   0.043500
42056   0.042500
42057   0.039500
42058   0.036000
42059   0.046800
42060   0.053300
42061   0.048800
42062   0.047200
42063   0.050300
42064   0.050800
42065   0.051700
42066   0.045700
42067   0.045200
42068   0.043600
42069   0.043300
42070   0.043700
42071   0.045300
42072   0.046000
42073   0.047900
42074   0.049100
42075   0.050000
42076   0.051600
42077   0.054400
42078   0.057800
42079   0.054400
42080   0.054400
42081   0.045200
42082   0.051400
42083   0.053600
42084   0.046900
42085   0.043000
42086   0.034900
42087   0.043800
42088   0.042400
42089   0.038400
42090   0.036600
42091   0.035000
42092   0.033500
42093   0.033100
42094   0.033000
42095   0.038700
42096   0.035500
42097   0.038400
42098   0.035400
42099   0.028800
42100   0.024800
42101   0.021900
42102   0.021300
42103   0.024900
42104   0.020000
42105   0.016600
42106   0.020400
42107   0.019900
42108   0.021400
42109   0.017600
42110   0.021100
42111   0.018700
42112   0.022500
42113   0.025400
42114   0.030200
42115   0.025100
42116   0.023700
42117   0.020300
42118   0.021500
42119   0.017900
42120   0.022400
42121   0.015900
42122   0.020200
42123   0.027800
42124   0.029200
42125   0.028800
42126   0.029200
42127   0.024300
42128   0.027700
42129   0.035600
42130   0.034200
42131   0.033400
42132   0.038600
42133   0.038800
42134   0.032100
42135   0.036700
42136   0.037700
42137   0.029500
42138   0.028400
42139   0.031500
42140   0.034000
42141   0.036100
42142   0.037400
42143   0.040900
42144   0.032700
42145   0.028900
42146   0.026600
42147   0.027600
42148   0.029900
42149   0.027300
42150   0.023900
42151   0.023700
42152   0.028700
42153   0.035800
42154   0.038100
42155   0.041600
42156   0.041900
42157   0.045000
42158   0.042900
42159   0.047100
42160   0.046900
42161   0.042500
42162   0.034500
42163   0.030000
42164   0.026400
42165   0.032600
42166   0.037900
42167   0.043900
42168   0.046300
42169   0.046100
42170   0.047100
42171   0.045100
42172   0.046600
42173   0.046000
42174   0.045400
42175   0.048700
42176   0.050600
42177   0.049600
42178   0.053000
42179   0.047300
42180   0.048600
42181   0.048900
42182   0.050600
42183   0.046800
42184   0.041600
42185   0.041000
42186   0.043700
42187   0.041800
42188   0.052100
42189   0.047900
42190   0.049200
42191   0.050500
42192   0.053600
42193   0.053300
42194   0.059400
42195   0.057300
42196   0.064600
42197   0.063000
42198   0.068200
42199   0.073200
42200   0.070600
42201   0.067300
42202   0.061300
42203   0.066500
42204   0.067100
42205   0.067000
42206   0.065700
42207   0.067500
42208   0.067700
42209   0.061900
42210   0.061100
42211   0.057300
42212   0.063600
42213   0.063900
42214   0.059600
42215   0.055700
42216   0.049800
42217   0.052100
42218   0.048800
42219   0.045300
42220   0.035800
42221   0.033400
42222   0.034700
42223   0.041700
42224   0.037000
42225   0.037600
42226   0.038100
42227   0.038000
42228   0.043300
42229   0.040900
42230   0.036900
42231   0.037200
42232   0.039100
42233   0.040900
42234   0.044500
42235   0.043400
42236   0.040500
42237   0.038700
42238   0.038200
42239   0.040600
42240   0.039900
42241   0.038700
42242   0.035700
42243   0.029000
42244   0.030300
42245   0.025300
42246   0.033300
42247   0.037600
42248   0.045900
42249   0.050700
42250   0.045100
42251   0.045400
42252   0.045600
42253   0.048500
42254   0.048800
42255   0.043200
42256   0.043200
42257   0.039900
42258   0.049300
42259   0.050200
42260   0.046500
42261   0.042800
42262   0.045100
42263   0.042300
42264   0.042600
42265   0.044400
42266   0.053000
42267   0.053700
42268   0.056000
42269   0.055700
42270   0.056000
42271   0.058300
42272   0.058700
42273   0.055200
42274   0.058200
42275   0.053100
42276   0.049100
42277   0.054400
42278   0.056000
42279   0.060300
42280   0.058000
42281   0.057200
42282   0.056000
42283   0.056100
42284   0.057900
42285   0.054200
42286   0.060000
42287   0.062300
42288   0.066600
42289   0.059800
42290   0.057900
42291   0.063700
42292   0.056500
42293   0.052200
42294   0.059100
42295   0.057800
42296   0.056600
42297   0.058500
42298   0.054300
42299   0.046800
42300   0.049400
42301   0.046000
42302   0.045300
42303   0.051000
42304   0.051200
42305   0.050800
42306   0.051300
42307   0.057000
42308   0.062500
42309   0.059300
42310   0.058500
42311   0.049300
42312   0.049600
42313   0.047400
42314   0.052200
42315   0.054800
42316   0.058300
42317   0.058400
42318   0.050700
42319   0.047800
42320   0.042700
42321   0.044400
42322   0.044900
42323   0.046600
42324   0.052300
42325   0.050000
42326   0.046700
42327   0.050000
42328   0.053000
42329   0.047400
42330   0.046800
42331   0.043800
42332   0.041900
42333   0.038100
42334   0.043300
42335   0.039700
42336   0.036800
42337   0.039700
42338   0.044800
42339   0.041000
42340   0.040300
42341   0.041600
42342   0.045800
42343   0.051100
42344   0.051600
42345   0.050000
42346   0.045400
42347   0.047700
42348   0.047200
42349   0.045000
42350   0.043400
42351   0.046200
42352   0.047600
42353   0.050900
42354   0.057200
42355   0.059300
42356   0.054200
42357   0.050700
42358   0.052800
42359   0.050100
42360   0.048500
42361   0.055700
42362   0.061900
42363   0.056000
42364   0.062200
42365   0.061800
42366   0.069400
42367   0.066900
42368   0.066900
42369   0.071300
42370   0.065500
42371   0.063900
42372   0.067900
42373   0.068900
42374   0.072000
42375   0.068000
42376   0.065600
42377   0.063400
42378   0.060200
42379   0.062900
42380   0.063400
42381   0.066300
42382   0.070300
42383   0.065200
42384   0.063900
42385   0.067900
42386   0.068500
42387   0.068600
42388   0.075100
42389   0.069000
42390   0.074700
42391   0.068500
42392   0.069300
42393   0.069000
42394   0.066300
42395   0.064800
42396   0.061800
42397   0.065700
42398   0.068700
42399   0.068700
42400   0.063800
42401   0.054800
42402   0.053100
42403   0.061500
42404   0.060900
42405   0.062800
42406   0.057200
42407   0.058200
42408   0.065600
42409   0.068000
42410   0.068800
42411   0.064500
42412   0.059500
42413   0.065000
42414   0.064200
42415   0.056200
42416   0.060600
42417   0.058900
42418   0.067000
42419   0.066500
42420   0.072800
42421   0.070200
42422   0.073300
42423   0.069500
42424   0.059900
42425   0.056000
42426   0.052000
42427   0.057900
42428   0.055600
42429   0.054200
42430   0.047200
42431   0.046100
42432   0.040700
42433   0.045900
42434   0.047300
42435   0.051400
42436   0.049900
42437   0.049100
42438   0.043600
42439   0.046200
42440   0.045100
42441   0.044900
42442   0.045100
42443   0.051800
42444   0.051200
42445   0.056300
42446   0.054400
42447   0.050600
42448   0.053600
42449   0.051400
42450   0.056700
42451   0.053000
42452   0.056500
42453   0.054700
42454   0.056700
42455   0.057200
42456   0.058300
42457   0.058100
42458   0.062900
42459   0.063000
42460   0.061500
42461   0.065700
42462   0.068300
42463   0.072000
42464   0.077000
42465   0.081100
42466   0.079200
42467   0.079300
42468   0.083500
42469   0.087300
42470   0.090800
42471   0.096600
42472   0.100900
42473   0.102300
42474   0.096000
42475   0.098100
42476   0.098800
42477   0.092400
42478   0.092900
42479   0.094200
42480   0.100100
42481   0.104300
42482   0.106100
42483   0.107700
42484   0.108000
42485   0.102100
42486   0.098800
42487   0.096500
42488   0.101200
42489   0.098300
42490   0.104500
42491   0.105200
42492   0.104200
42493   0.108200
42494   0.105400
42495   0.106200
42496   0.108600
42497   0.114800
42498   0.121000
42499   0.117600
42500   0.117600
42501   0.115400
42502   0.106500
42503   0.095700
42504   0.089200
42505   0.091900
42506   0.093100
42507   0.096300
42508   0.102600
42509   0.106700
42510   0.103400
42511   0.113300
42512   0.115000
42513   0.110800
42514   0.113200
42515   0.113600
42516   0.114700
42517   0.118700
42518   0.116900
42519   0.119400
42520   0.114900
42521   0.114900
42522   0.118300
42523   0.119000
42524   0.107500
42525   0.108700
42526   0.106800
42527   0.103800
42528   0.097900
42529   0.104000
42530   0.103100
42531   0.107300
42532   0.105900
42533   0.104000
42534   0.097200
42535   0.095700
42536   0.096900
42537   0.099000
42538   0.100500
42539   0.105000
42540   0.102600
42541   0.101000
42542   0.099900
42543   0.095300
42544   0.097600
42545   0.096400
42546   0.102100
42547   0.103700
42548   0.106000
42549   0.099500
42550   0.097800
42551   0.096700
42552   0.099400
42553   0.100600
42554   0.102700
42555   0.107500
42556   0.108300
42557   0.103900
42558   0.107000
42559   0.103600
42560   0.112600
42561   0.112200
42562   0.113600
42563   0.108600
42564   0.109900
42565   0.110400
42566   0.109000
42567   0.108100
42568   0.106800
42569   0.116700
42570   0.117800
42571   0.120800
42572   0.120600
42573   0.117500
42574   0.113200
42575   0.111500
42576   0.105800
42577   0.107100
42578   0.107900
42579   0.103700
42580   0.099100
42581   0.097700
42582   0.094100
42583   0.099100
42584   0.097600
42585   0.095300
42586   0.093700
42587   0.093200
42588   0.094000
42589   0.090300
42590   0.096100
42591   0.100200
42592   0.098900
42593   0.097700
42594   0.094800
42595   0.091700
42596   0.092700
42597   0.093800
42598   0.089800
42599   0.092300
42600   0.098300
42601   0.097200
42602   0.103100
42603   0.096800
42604   0.091900
42605   0.092300
42606   0.087100
42607   0.091900
42608   0.089700
42609   0.095400
42610   0.097200
42611   0.097400
42612   0.097400
42613   0.103400
42614   0.106200
42615   0.106100
42616   0.106300
42617   0.106100
42618   0.105100
42619   0.101600
42620   0.107600
42621   0.104300
42622   0.102900
42623   0.110300
42624   0.109400
42625   0.113800
42626   0.110900
42627   0.114000
42628   0.114000
42629   0.112300
42630   0.113100
42631   0.111700
42632   0.113500
42633   0.111200
42634   0.113300
42635   0.105800
42636   0.104200
42637   0.099100
42638   0.101400
42639   0.099800
42640   0.101100
42641   0.100100
42642   0.096600
42643   0.094900
42644   0.091400
42645   0.094400
42646   0.095500
42647   0.097900
42648   0.096500
42649   0.095600
42650   0.100300
42651   0.092500
42652   0.087800
42653   0.084500
42654   0.089000
42655   0.084100
42656   0.080500
42657   0.079000
42658   0.083600
42659   0.084600
42660   0.079900
42661   0.077900
42662   0.081200
42663   0.079000
42664   0.074200
42665   0.066300
42666   0.068400
42667   0.065000
42668   0.064800
42669   0.069000
42670   0.077000
42671   0.077000
42672   0.066700
42673   0.073400
42674   0.074900
42675   0.071100
42676   0.074900
42677   0.075600
42678   0.084400
42679   0.077800
42680   0.077400
42681   0.081500
42682   0.078500
42683   0.081200
42684   0.078400
42685   0.081200
42686   0.085300
42687   0.078300
42688   0.072100
42689   0.076400
42690   0.074400
42691   0.081200
42692   0.084400
42693   0.083200
42694   0.079100
42695   0.079600
42696   0.077700
42697   0.070600
42698   0.065800
42699   0.063200
42700   0.061400
42701   0.058700
42702   0.064300
42703   0.066700
42704   0.066300
42705   0.068700
42706   0.075800
42707   0.077400
42708   0.089800
42709   0.086100
42710   0.083200
42711   0.084800
42712   0.088400
42713   0.082900
42714   0.081000
42715   0.078600
42716   0.079600
42717   0.076400
42718   0.077200
42719   0.071800
42720   0.075100
42721   0.072000
42722   0.069500
42723   0.070500
42724   0.071700
42725   0.068900
42726   0.068700
42727   0.066800
42728   0.067300
42729   0.071300
42730   0.075500
42731   0.075900
42732   0.073600
42733   0.076900
42734   0.074700
42735   0.077900
42736   0.079600
42737   0.079400
42738   0.077900
42739   0.079000
42740   0.080400
42741   0.075600
42742   0.070500
42743   0.066600
42744   0.067400
42745   0.066300
42746   0.060600
42747   0.056400
42748   0.059000
42749   0.062200
42750   0.063200
42751   0.058800
42752   0.061000
42753   0.058800
42754   0.060300
42755   0.067900
42756   0.057300
42757   0.058100
42758   0.049700
42759   0.044300
42760   0.049400
42761   0.039500
42762   0.036100
42763   0.043400
42764   0.046000
42765   0.039900
42766   0.038600
42767   0.047300
42768   0.049000
42769   0.050300
42770   0.052000
42771   0.050300
42772   0.052700
42773   0.053700
42774   0.050900
42775   0.048000
42776   0.050000
42777   0.046500
42778   0.053200
42779   0.056800
42780   0.050700
42781   0.048100
42782   0.049600
42783   0.043400
42784   0.044900
42785   0.045200
42786   0.046500
42787   0.057500
42788   0.055200
42789   0.054400
42790   0.053000
42791   0.054300
42792   0.055900
42793   0.056900
42794   0.061500
42795   0.062100
42796   0.064000
42797   0.057700
42798   0.063400
42799   0.063200
42800   0.062800
42801   0.059000
42802   0.051100
42803   0.052800
42804   0.052800
42805   0.046300
42806   0.052300
42807   0.058700
42808   0.054000
42809   0.055800
42810   0.059400
42811   0.064800
42812   0.075100
42813   0.077600
42814   0.080000
42815   0.076000
42816   0.077100
42817   0.075100
42818   0.066900
42819   0.060800
42820   0.053000
42821   0.056700
42822   0.060100
42823   0.068100
42824   0.067700
42825   0.066500
42826   0.076000
42827   0.074900
42828   0.069900
42829   0.067300
42830   0.070300
42831   0.064500
42832   0.065700
42833   0.071900
42834   0.069500
42835   0.065000
42836   0.064900
42837   0.066900
42838   0.073300
42839   0.075500
42840   0.073800
42841   0.067500
42842   0.064100
42843   0.067900
42844   0.068600
42845   0.067300
42846   0.069700
42847   0.070500
42848   0.070900
42849   0.073300
42850   0.067600
42851   0.056800
42852   0.060100
42853   0.054700
42854   0.053600
42855   0.054100
42856   0.057400
42857   0.059500
42858   0.058700
42859   0.058600
42860   0.060000
42861   0.060500
42862   0.054600
42863   0.052200
42864   0.051900
42865   0.048400
42866   0.053800
42867   0.055900
42868   0.058300
42869   0.058900
42870   0.061500
42871   0.060800
42872   0.053100
42873   0.055900
42874   0.057100
42875   0.056300
42876   0.062000
42877   0.064600
42878   0.065800
42879   0.065900
42880   0.061600
42881   0.062000
42882   0.060500
42883   0.065400
42884   0.065000
42885   0.061900
42886   0.064400
42887   0.059800
42888   0.056700
42889   0.058900
42890   0.061400
42891   0.060000
42892   0.062000
42893   0.057800
42894   0.056400
42895   0.056100
42896   0.061700
42897   0.066100
42898   0.071700
42899   0.073600
42900   0.069700
42901   0.073600
42902   0.076000
42903   0.074300
42904   0.073600
42905   0.069600
42906   0.068900
42907   0.064000
42908   0.058700
42909   0.060600
42910   0.065100
42911   0.063500
42912   0.065100
42913   0.064300
42914   0.057500
42915   0.055700
42916   0.052100
42917   0.050400
42918   0.053500
42919   0.055600
42920   0.053300
42921   0.051000
42922   0.053100
42923   0.048500
42924   0.041800
42925   0.042200
42926   0.041000
42927   0.048600
42928   0.052400
42929   0.054100
42930   0.050900
42931   0.050200
42932   0.051200
42933   0.050400
42934   0.053000
42935   0.059000
42936   0.056900
42937   0.061900
42938   0.066900
42939   0.068000
42940   0.064400
42941   0.059500
42942   0.053800
42943   0.054800
42944   0.049700
42945   0.050500
42946   0.049800
42947   0.052900
42948   0.054900
42949   0.055500
42950   0.053600
42951   0.047300
42952   0.043400
42953   0.045600
42954   0.050100
42955   0.041900
42956   0.041900
42957   0.046900
42958   0.045600
42959   0.046200
42960   0.048500
42961   0.048400
42962   0.047200
42963   0.044600
42964   0.051300
42965   0.050000
42966   0.052300
42967   0.057200
42968   0.057600
42969   0.051500
42970   0.046400
42971   0.043800
42972   0.038800
42973   0.041100
42974   0.040500
42975   0.045000
42976   0.047100
42977   0.044100
42978   0.044600
42979   0.045800
42980   0.051300
42981   0.050800
42982   0.047200
42983   0.047800
42984   0.054300
42985   0.051600
42986   0.051700
42987   0.045700
42988   0.043100
42989   0.050200
42990   0.046700
42991   0.044000
42992   0.045300
42993   0.044900
42994   0.044700
42995   0.044700
42996   0.045500
42997   0.045100
42998   0.046000
42999   0.040500
43000   0.037100
43001   0.038500
43002   0.038800
43003   0.041000
43004   0.045500
43005   0.047200
43006   0.045700
43007   0.045900
43008   0.047700
43009   0.046200
43010   0.050300
43011   0.051000
43012   0.049000
43013   0.045200
43014   0.048300
43015   0.054600
43016   0.058200
43017   0.055800
43018   0.049600
43019   0.047600
43020   0.050100
43021   0.052300
43022   0.056300
43023   0.052500
43024   0.049400
43025   0.048000
43026   0.041600
43027   0.045700
43028   0.038200
43029   0.032900
43030   0.029100
43031   0.029200
43032   0.029500
43033   0.031400
43034   0.033600
43035   0.034600
43036   0.038300
43037   0.038800
43038   0.037500
43039   0.030100
43040   0.034300
43041   0.031700
43042   0.027800
43043   0.032900
43044   0.037500
43045   0.041700
43046   0.041600
43047   0.037100
43048   0.033100
43049   0.029400
43050   0.027500
43051   0.020600
43052   0.025600
43053   0.021800
43054   0.026400
43055   0.024300
43056   0.025700
43057   0.028300
43058   0.029500
43059   0.026000
43060   0.023100
43061   0.030400
43062   0.028200
43063   0.029800
43064   0.030600
43065   0.022000
43066   0.019700
43067   0.019300
43068   0.017300
43069   0.017400
43070   0.012800
43071   0.007600
43072   0.009100
43073   0.004100
43074   0.003700
43075  -0.000200
43076  -0.000700
43077   0.005300
43078   0.001000
43079   0.004600
43080  -0.002900
43081  -0.004200
43082  -0.011500
43083  -0.003600
43084  -0.002100
43085   0.000500
43086   0.005900
43087   0.005700
43088  -0.002000
43089   0.001200
43090   0.000700
43091  -0.004200
43092  -0.003500
43093  -0.002300
43094  -0.003600
43095   0.000500
43096   0.000100
43097   0.004000
43098   0.007000
43099   0.006300
43100   0.001700
43101   0.003800
43102   0.006200
43103   0.005800
43104   0.014500
43105   0.026800
43106   0.023500
43107   0.021900
43108   0.018500
43109   0.018200
43110   0.025300
43111   0.030500
43112   0.032200
43113   0.031900
43114   0.030900
43115   0.019800
43116   0.022200
43117   0.018400
43118   0.018100
43119   0.023800
43120   0.021600
43121   0.021100
43122   0.021100
43123   0.025800
43124   0.023800
43125   0.016500
43126   0.012400
43127   0.016800
43128   0.019200
43129   0.011200
43130   0.011800
43131   0.014700
43132   0.019300
43133   0.019800
43134   0.015200
43135   0.017100
43136   0.017500
43137   0.017600
43138   0.017100
43139   0.018200
43140   0.013500
43141   0.023200
43142   0.023000
43143   0.017600
43144   0.010700
43145   0.011400
43146   0.002500
43147   0.004100
43148   0.002300
43149  -0.002300
43150  -0.007800
43151  -0.004400
43152  -0.010000
43153  -0.005900
43154  -0.017400
43155  -0.014300
43156  -0.015600
43157  -0.020900
43158  -0.020100
43159  -0.018900
43160  -0.018600
43161  -0.011600
43162  -0.014200
43163  -0.011600
43164  -0.012200
43165  -0.006200
43166  -0.005300
43167  -0.005200
43168   0.002600
43169   0.002900
43170  -0.002100
43171  -0.004700
43172  -0.010900
43173  -0.014100
43174  -0.019000
43175  -0.011600
43176  -0.011000
43177  -0.007500
43178  -0.002400
43179   0.001000
43180  -0.003900
43181  -0.000500
43182  -0.005800
43183  -0.007100
43184  -0.005700
43185  -0.001400
43186  -0.002200
43187  -0.005800
43188  -0.005500
43189  -0.006600
43190  -0.003100
43191  -0.004800
43192  -0.008400
43193  -0.003200
43194  -0.000700
43195  -0.001000
43196   0.000700
43197   0.002300
43198   0.003900
43199  -0.001600
43200  -0.000900
43201  -0.002000
43202  -0.001000
43203  -0.005800
43204  -0.012000
43205  -0.013500
43206  -0.016600
43207  -0.014200
43208  -0.014200
43209  -0.018800
43210  -0.021900
43211  -0.018500
43212  -0.019000
43213  -0.014300
43214  -0.016400
43215  -0.022700
43216  -0.014500
43217  -0.018500
43218  -0.017200
43219  -0.017200
43220  -0.015100
43221  -0.010700
43222  -0.012000
43223  -0.012500
43224  -0.019300
43225  -0.023500
43226  -0.022300
43227  -0.024200
43228  -0.020700
43229  -0.021300
43230  -0.019200
43231  -0.013100
43232  -0.009400
43233  -0.006700
43234  -0.000800
43235  -0.001800
43236  -0.002200
43237  -0.004600
43238  -0.015400
43239  -0.011200
43240  -0.010700
43241  -0.015100
43242  -0.015200
43243  -0.011200
43244  -0.004200
43245  -0.001400
43246   0.000600
43247   0.002800
43248   0.000700
43249   0.007800
43250   0.002900
43251   0.011200
43252   0.011000
43253   0.006000
43254   0.005500
43255   0.006200
43256   0.012100
43257   0.013200
43258   0.016700
43259   0.018400
43260   0.022000
43261   0.023400
43262   0.025900
43263   0.030000
43264   0.030600
43265   0.032200
43266   0.030800
43267   0.027300
43268   0.024900
43269   0.031600
43270   0.028400
43271   0.025000
43272   0.024700
43273   0.023000
43274   0.025600
43275   0.026500
43276   0.030900
43277   0.036000
43278   0.032700
43279   0.034400
43280   0.033200
43281   0.035800
43282   0.039000
43283   0.039300
43284   0.035800
43285   0.036900
43286   0.032900
43287   0.028900
43288   0.028800
43289   0.031600
43290   0.037300
43291   0.044600
43292   0.044000
43293   0.043000
43294   0.049600
43295   0.048700
43296   0.048200
43297   0.051400
43298   0.052600
43299   0.056000
43300   0.055100
43301   0.053300
43302   0.060300
43303   0.063300
43304   0.060900
43305   0.060600
43306   0.062200
43307   0.068100
43308   0.065400
43309   0.059600
43310   0.061100
43311   0.069000
43312   0.071200
43313   0.067900
43314   0.071500
43315   0.068900
43316   0.077200
43317   0.076100
43318   0.078600
43319   0.071400
43320   0.077700
43321   0.081500
43322   0.073100
43323   0.066800
43324   0.077300
43325   0.081400
43326   0.079100
43327   0.077300
43328   0.075500
43329   0.069100
43330   0.074300
43331   0.074000
43332   0.067400
43333   0.066500
43334   0.066400
43335   0.059000
43336   0.057100
43337   0.055000
43338   0.056400
43339   0.051000
43340   0.045400
43341   0.052500
43342   0.060100
43343   0.056700
43344   0.060500
43345   0.058400
43346   0.061600
43347   0.063100
43348   0.060100
43349   0.068100
43350   0.070600
43351   0.065300
43352   0.066000
43353   0.069500
43354   0.070200
43355   0.071700
43356   0.071000
43357   0.067800
43358   0.066200
43359   0.063200
43360   0.061700
43361   0.057800
43362   0.056300
43363   0.050000
43364   0.052200
43365   0.055000
43366   0.054600
43367   0.053400
43368   0.054400
43369   0.056700
43370   0.051300
43371   0.055900
43372   0.061600
43373   0.058800
43374   0.061400
43375   0.060100
43376   0.066900
43377   0.061000
43378   0.049200
43379   0.050500
43380   0.052700
43381   0.058500
43382   0.051600
43383   0.051000
43384   0.055400
43385   0.059800
43386   0.063600
43387   0.062800
43388   0.060000
43389   0.065400
43390   0.063500
43391   0.061500
43392   0.064400
43393   0.065200
43394   0.065600
43395   0.063700
43396   0.066100
43397   0.066900
43398   0.063000
43399   0.066300
43400   0.066800
43401   0.059800
43402   0.059000
43403   0.064200
43404   0.064000
43405   0.071800
43406   0.068300
43407   0.069800
43408   0.062000
43409   0.059500
43410   0.062100
43411   0.061500
43412   0.058000
43413   0.059700
43414   0.060300
43415   0.059300
43416   0.058800
43417   0.057700
43418   0.053900
43419   0.052800
43420   0.050200
43421   0.057200
43422   0.061600
43423   0.060600
43424   0.057700
43425   0.057000
43426   0.066200
43427   0.069500
43428   0.067900
43429   0.065000
43430   0.064100
43431   0.066700
43432   0.058400
43433   0.056300
43434   0.059400
43435   0.053900
43436   0.055000
43437   0.050700
43438   0.048200
43439   0.038400
43440   0.045300
43441   0.038800
43442   0.042700
43443   0.040300
43444   0.045300
43445   0.047000
43446   0.044500
43447   0.049300
43448   0.054500
43449   0.055100
43450   0.053300
43451   0.048700
43452   0.054100
43453   0.047900
43454   0.045400
43455   0.037800
43456   0.044500
43457   0.050300
43458   0.049100
43459   0.047600
43460   0.045600
43461   0.041000
43462   0.037900
43463   0.036900
43464   0.043400
43465   0.045900
43466   0.052100
43467   0.046200
43468   0.041900
43469   0.049100
43470   0.047900
43471   0.049000
43472   0.049000
43473   0.051800
43474   0.049700
43475   0.052400
43476   0.059900
43477   0.065000
43478   0.063400
43479   0.062500
43480   0.065700
43481   0.069400
43482   0.066000
43483   0.063200
43484   0.061200
43485   0.058500
43486   0.054200
43487   0.055500
43488   0.059000
43489   0.056200
43490   0.051900
43491   0.052400
43492   0.055200
43493   0.051800
43494   0.057900
43495   0.063700
43496   0.061200
43497   0.056400
43498   0.062700
43499   0.069400
43500   0.074200
43501   0.074900
43502   0.071400
43503   0.072800
43504   0.073200
43505   0.077600
43506   0.082600
43507   0.069800
43508   0.068300
43509   0.068600
43510   0.060800
43511   0.054900
43512   0.056300
43513   0.054100
43514   0.051100
43515   0.051800
43516   0.044600
43517   0.046800
43518   0.046700
43519   0.044000
43520   0.043100
43521   0.041200
43522   0.042200
43523   0.045100
43524   0.041600
43525   0.045400
43526   0.040800
43527   0.039500
43528   0.033600
43529   0.034600
43530   0.032000
43531   0.025300
43532   0.024800
43533   0.026400
43534   0.029000
43535   0.031300
43536   0.032700
43537   0.038000
43538   0.041000
43539   0.041200
43540   0.037400
43541   0.031100
43542   0.031500
43543   0.032600
43544   0.029700
43545   0.027900
43546   0.032400
43547   0.032100
43548   0.026000
43549   0.024900
43550   0.024800
43551   0.024000
43552   0.026500
43553   0.026800
43554   0.023900
43555   0.022100
43556   0.030900
43557   0.028100
43558   0.027700
43559   0.027200
43560   0.026900
43561   0.027300
43562   0.029100
43563   0.024300
43564   0.019900
43565   0.026200
43566   0.018500
43567   0.021200
43568   0.018200
43569   0.021600
43570   0.024500
43571   0.022500
43572   0.022200
43573   0.017400
43574   0.009300
43575   0.009400
43576   0.009900
43577   0.009200
43578   0.008300
43579   0.016800
43580   0.014200
43581   0.012100
43582   0.017100
43583   0.014100
43584   0.013300
43585   0.019600
43586   0.018000
43587   0.021600
43588   0.023300
43589   0.020100
43590   0.023300
43591   0.032800
43592   0.037800
43593   0.039400
43594   0.037000
43595   0.034600
43596   0.034900
43597   0.034100
43598   0.045600
43599   0.048800
43600   0.044900
43601   0.050900
43602   0.048400
43603   0.049800
43604   0.053300
43605   0.048800
43606   0.051400
43607   0.051300
43608   0.054700
43609   0.056800
43610   0.061900
43611   0.061900
43612   0.056700
43613   0.056800
43614   0.048600
43615   0.045200
43616   0.047300
43617   0.049900
43618   0.050400
43619   0.047700
43620   0.045900
43621   0.048200
43622   0.052800
43623   0.050300
43624   0.051300
43625   0.053600
43626   0.048400
43627   0.046600
43628   0.047600
43629   0.041000
43630   0.042700
43631   0.037800
43632   0.039800
43633   0.037000
43634   0.034800
43635   0.034300
43636   0.033200
43637   0.030000
43638   0.029800
43639   0.028900
43640   0.022800
43641   0.028600
43642   0.028800
43643   0.026500
43644   0.026900
43645   0.025100
43646   0.028900
43647   0.027600
43648   0.022500
43649   0.026500
43650   0.030600
43651   0.031900
43652   0.029700
43653   0.031000
43654   0.031000
43655   0.039600
43656   0.043600
43657   0.038700
43658   0.042400
43659   0.048700
43660   0.049100
43661   0.045600
43662   0.046200
43663   0.039800
43664   0.043300
43665   0.041900
43666   0.041200
43667   0.035900
43668   0.038900
43669   0.038000
43670   0.040400
43671   0.038700
43672   0.030900
43673   0.033800
43674   0.037200
43675   0.035500
43676   0.037700
43677   0.030800
43678   0.034000
43679   0.034800
43680   0.038800
43681   0.033500
43682   0.034800
43683   0.035200
43684   0.035600
43685   0.039000
43686   0.042700
43687   0.032900
43688   0.031900
43689   0.030900
43690   0.034000
43691   0.040500
43692   0.032900
43693   0.036300
43694   0.035700
43695   0.038200
43696   0.037800
43697   0.043000
43698   0.041600
43699   0.042000
43700   0.047300
43701   0.042700
43702   0.043800
43703   0.037400
43704   0.035900
43705   0.036700
43706   0.036100
43707   0.039700
43708   0.041600
43709   0.043700
43710   0.040900
43711   0.036700
43712   0.045800
43713   0.045800
43714   0.043300
43715   0.043800
43716   0.041500
43717   0.037500
43718   0.035200
43719   0.042200
43720   0.044200
43721   0.045500
43722   0.043700
43723   0.044800
43724   0.041600
43725   0.039700
43726   0.035500
43727   0.036900
43728   0.034500
43729   0.032200
43730   0.028100
43731   0.025800
43732   0.023500
43733   0.026200
43734   0.018500
43735   0.011200
43736   0.010300
43737   0.007900
43738   0.006500
43739   0.005200
43740   0.005300
43741   0.010300
43742   0.009100
43743   0.009100
43744   0.016200
43745   0.019500
43746   0.021200
43747   0.026700
43748   0.028100
43749   0.030500
43750   0.032500
43751   0.037700
43752   0.035400
43753   0.037100
43754   0.037700
43755   0.045300
43756   0.043500
43757   0.044000
43758   0.052500
43759   0.056400
43760   0.057600
43761   0.060600
43762   0.064900
43763   0.059900
43764   0.059900
43765   0.061200
43766   0.060100
43767   0.056000
43768   0.054600
43769   0.048900
43770   0.045800
43771   0.049300
43772   0.054600
43773   0.057400
43774   0.050700
43775   0.041100
43776   0.044500
43777   0.046000
43778   0.048800
43779   0.041700
43780   0.047400
43781   0.046700
43782   0.050800
43783   0.047100
43784   0.048400
43785   0.044300
43786   0.046200
43787   0.042500
43788   0.045200
43789   0.041200
43790   0.041000
43791   0.042500
43792   0.041100
43793   0.041300
43794   0.043000
43795   0.046300
43796   0.052100
43797   0.049500
43798   0.053800
43799   0.056000
43800   0.057500
43801   0.057300
43802   0.057700
43803   0.056100
43804   0.054600
43805   0.056300
43806   0.060000
43807   0.055800
43808   0.061300
43809   0.058900
43810   0.052000
43811   0.052100
43812   0.056200
43813   0.052600
43814   0.054300
43815   0.060500
43816   0.058800
43817   0.060300
43818   0.060300
43819   0.059800
43820   0.056600
43821   0.059900
43822   0.055800
43823   0.057900
43824   0.059500
43825   0.059600
43826   0.053400
43827   0.051800
43828   0.055100
43829   0.053000
43830   0.058100
43831   0.055200
43832   0.054800
43833   0.054300
43834   0.055200
43835   0.059500
43836   0.061000
43837   0.057000
43838   0.060800
43839   0.061100
43840   0.063100
43841   0.066800
43842   0.073100
43843   0.078200
43844   0.083100
43845   0.080400
43846   0.075500
43847   0.075100
43848   0.067500
43849   0.070400
43850   0.070600
43851   0.069500
43852   0.070600
43853   0.071900
43854   0.073500
43855   0.077100
43856   0.077900
43857   0.080100
43858   0.071000
43859   0.073700
43860   0.071300
43861   0.069600
43862   0.072200
43863   0.072200
43864   0.067300
43865   0.062200
43866   0.066400
43867   0.070100
43868   0.073800
43869   0.076000
43870   0.069100
43871   0.070300
43872   0.074800
43873   0.077700
43874   0.077000
43875   0.083400
43876   0.080000
43877   0.080900
43878   0.075400
43879   0.081600
43880   0.093100
43881   0.087800
43882   0.085300
43883   0.081600
43884   0.086700
43885   0.076600
43886   0.070500
43887   0.072900
43888   0.069100
43889   0.072400
43890   0.068300
43891   0.069000
43892   0.071400
43893   0.074100
43894   0.074900
43895   0.073300
43896   0.070100
43897   0.070500
43898   0.073400
43899   0.072900
43900   0.068200
43901   0.063100
43902   0.068400
43903   0.062800
43904   0.064000
43905   0.059700
43906   0.063700
43907   0.068000
43908   0.064600
43909   0.062300
43910   0.067500
43911   0.066700
43912   0.068800
43913   0.066300
43914   0.072400
43915   0.066900
43916   0.066600
43917   0.068000
43918   0.065800
43919   0.067200
43920   0.068600
43921   0.066100
43922   0.066800
43923   0.066100
43924   0.067800
43925   0.066700
43926   0.062200
43927   0.062600
43928   0.062500
43929   0.062400
43930   0.060400
43931   0.059700
43932   0.062900
43933   0.060500
43934   0.061700
43935   0.066200
43936   0.062500
43937   0.056300
43938   0.052900
43939   0.049300
43940   0.045400
43941   0.057200
43942   0.057400
43943   0.055500
43944   0.054700
43945   0.049200
43946   0.047400
43947   0.045200
43948   0.047100
43949   0.046500
43950   0.044900
43951   0.044300
43952   0.039200
43953   0.035400
43954   0.029800
43955   0.026000
43956   0.030000
43957   0.029200
43958   0.027100
43959   0.028200
43960   0.026700
43961   0.025300
43962   0.023500
43963   0.019900
43964   0.025500
43965   0.024800
43966   0.033100
43967   0.037100
43968   0.038300
43969   0.038900
43970   0.036100
43971   0.034800
43972   0.031100
43973   0.030900
43974   0.029600
43975   0.028900
43976   0.024600
43977   0.023400
43978   0.033900
43979   0.036100
43980   0.030700
43981   0.032000
43982   0.038600
43983   0.041300
43984   0.043300
43985   0.038200
43986   0.042800
43987   0.049300
43988   0.053400
43989   0.053700
43990   0.051900
43991   0.049600
43992   0.049100
43993   0.042000
43994   0.045700
43995   0.045700
43996   0.039600
43997   0.041700
43998   0.041300
43999   0.043900
44000   0.038600
44001   0.044000
44002   0.041400
44003   0.050800
44004   0.051600
44005   0.047100
44006   0.050100
44007   0.052600
44008   0.049800
44009   0.052600
44010   0.050000
44011   0.048200
44012   0.050600
44013   0.049300
44014   0.047200
44015   0.048300
44016   0.045100
44017   0.047500
44018   0.048400
44019   0.046100
44020   0.040900
44021   0.043900
44022   0.050000
44023   0.055600
44024   0.058100
44025   0.055900
44026   0.063000
44027   0.061200
44028   0.059800
44029   0.056500
44030   0.054100
44031   0.054000
44032   0.050500
44033   0.047200
44034   0.048400
44035   0.051800
44036   0.055200
44037   0.048700
44038   0.050900
44039   0.041200
44040   0.037100
44041   0.041300
44042   0.039000
44043   0.040400
44044   0.036500
44045   0.033300
44046   0.036000
44047   0.030900
44048   0.031400
44049   0.029400
44050   0.028300
44051   0.027400
44052   0.023700
44053   0.016800
44054   0.014900
44055   0.014900
44056   0.013600
44057   0.012000
44058   0.010500
44059   0.007700
44060   0.013800
44061   0.018400
44062   0.016400
44063   0.016900
44064   0.015600
44065   0.018800
44066   0.015500
44067   0.013900
44068   0.013100
44069   0.011600
44070   0.013100
44071   0.013500
44072   0.013800
44073   0.012700
44074   0.015500
44075   0.013600
44076   0.007900
44077   0.009300
44078  -0.000800
44079  -0.000400
44080   0.006000
44081   0.004200
44082   0.006000
44083   0.003600
44084   0.000900
44085  -0.002200
44086  -0.002100
44087  -0.006300
44088  -0.005400
44089  -0.010400
44090  -0.012500
44091  -0.007900
44092  -0.011700
44093  -0.014800
44094  -0.019500
44095  -0.022700
44096  -0.021100
44097  -0.021200
44098  -0.020300
44099  -0.012800
44100  -0.009800
44101  -0.010400
44102  -0.011100
44103  -0.004700
44104  -0.005600
44105  -0.009200
44106  -0.019900
44107  -0.013800
44108  -0.017300
44109  -0.013900
44110  -0.012000
44111  -0.014100
44112  -0.022800
44113  -0.015000
44114  -0.018100
44115  -0.016600
44116  -0.021600
44117  -0.025600
44118  -0.026100
44119  -0.025600
44120  -0.029600
44121  -0.025800
44122  -0.024000
44123  -0.027700
44124  -0.023200
44125  -0.030700
44126  -0.034700
44127  -0.038700
44128  -0.038100
44129  -0.035500
44130  -0.031300
44131  -0.029300
44132  -0.028800
44133  -0.027900
44134  -0.022500
44135  -0.025300
44136  -0.025200
44137  -0.024000
44138  -0.028900
44139  -0.022300
44140  -0.027300
44141  -0.028300
44142  -0.028700
44143  -0.021200
44144  -0.017900
44145  -0.019100
44146  -0.021700
44147  -0.016600
44148  -0.017800
44149  -0.011600
44150  -0.009600
44151  -0.010500
44152  -0.010800
44153  -0.011500
44154  -0.009700
44155  -0.011500
44156  -0.009000
44157  -0.006400
44158  -0.003800
44159  -0.006400
44160  -0.008100
44161  -0.008200
44162  -0.011100
44163  -0.009400
44164  -0.013200
44165  -0.006700
44166  -0.006000
44167  -0.004400
44168  -0.007800
44169  -0.007500
44170  -0.008400
44171  -0.006700
44172  -0.006800
44173  -0.011500
44174  -0.007700
44175  -0.009100
44176  -0.005800
44177  -0.007900
44178  -0.003600
44179  -0.000300
44180  -0.000900
44181   0.003200
44182   0.001400
44183   0.001600
44184  -0.003800
44185  -0.006500
44186  -0.003900
44187   0.001000
44188   0.006400
44189   0.006200
44190   0.004800
44191   0.004000
44192   0.005600
44193  -0.001100
44194  -0.001000
44195  -0.007000
44196  -0.005300
44197  -0.004100
44198  -0.003500
44199  -0.005000
44200  -0.008700
44201  -0.012800
44202  -0.013600
44203  -0.011400
44204  -0.005900
44205  -0.006800
44206  -0.011500
44207  -0.011200
44208  -0.009600
44209  -0.012100
44210  -0.016000
44211  -0.020000
44212  -0.021100
44213  -0.016600
44214  -0.011900
44215  -0.012400
44216  -0.009300
44217  -0.006200
44218  -0.000800
44219   0.000900
44220  -0.001300
44221  -0.004700
44222  -0.001200
44223   0.002300
44224   0.000200
44225  -0.002500
44226   0.003900
44227  -0.002900
44228  -0.002700
44229   0.003000
44230   0.002700
44231   0.004900
44232   0.003800
44233   0.004700
44234   0.005000
44235   0.006300
44236  -0.001500
44237  -0.001200
44238   0.005300
44239   0.009700
44240   0.015000
44241   0.013400
44242   0.016800
44243   0.019500
44244   0.020700
44245   0.023300
44246   0.022500
44247   0.017900
44248   0.018000
44249   0.017600
44250   0.017500
44251   0.013100
44252   0.012200
44253   0.014700
44254   0.017800
44255   0.021100
44256   0.025900
44257   0.026700
44258   0.020700
44259   0.023200
44260   0.028900
44261   0.030900
44262   0.033600
44263   0.028200
44264   0.030100
44265   0.035000
44266   0.034600
44267   0.030300
44268   0.031700
44269   0.034500
44270   0.035100
44271   0.029300
44272   0.028300
44273   0.035300
44274   0.034500
44275   0.027800
44276   0.032800
44277   0.025600
44278   0.023900
44279   0.021200
44280   0.022700
44281   0.015800
44282   0.017500
44283   0.013600
44284   0.019400
44285   0.017800
44286   0.020300
44287   0.019200
44288   0.018300
44289   0.015200
44290   0.010000
44291   0.010100
44292   0.007900
44293   0.003900
44294  -0.002100
44295  -0.003400
44296   0.003800
44297   0.006600
44298   0.002100
44299   0.002200
44300   0.001400
44301   0.005300
44302   0.006800
44303   0.008400
44304   0.009800
44305   0.008700
44306   0.008500
44307   0.006900
44308   0.006200
44309   0.001100
44310   0.008400
44311   0.006400
44312   0.000800
44313   0.005100
44314   0.001100
44315  -0.004100
44316  -0.006100
44317  -0.007300
44318  -0.014900
44319  -0.010400
44320  -0.012200
44321  -0.015300
44322  -0.015500
44323  -0.015000
44324  -0.007700
44325  -0.008700
44326  -0.003200
44327  -0.008300
44328  -0.010000
44329  -0.008600
44330  -0.006400
44331  -0.013600
44332  -0.014300
44333  -0.020000
44334  -0.020200
44335  -0.019600
44336  -0.015800
44337  -0.016900
44338  -0.017900
44339  -0.017100
44340  -0.010900
44341  -0.007600
44342  -0.010100
44343  -0.005800
44344  -0.007000
44345  -0.008800
44346  -0.011500
44347  -0.008700
44348  -0.010900
44349  -0.012800
44350  -0.018500
44351  -0.019900
44352  -0.021400
44353  -0.018000
44354  -0.016400
44355  -0.017800
44356  -0.018100
44357  -0.011800
44358  -0.013600
44359  -0.016000
44360  -0.018300
44361  -0.015800
44362  -0.020200
44363  -0.023600
44364  -0.024200
44365  -0.028200
44366  -0.032900
44367  -0.033600
44368  -0.020100
44369  -0.023500
44370  -0.020100
44371  -0.019500
44372  -0.014700
44373  -0.015300
44374  -0.011600
44375  -0.005700
44376  -0.003200
44377   0.003600
44378   0.003200
44379  -0.004100
44380   0.001000
44381   0.003400
44382   0.003100
44383   0.003100
44384   0.000500
44385   0.001800
44386  -0.001000
44387  -0.000800
44388  -0.002400
44389  -0.002500
44390  -0.000900
44391   0.001500
44392   0.002700
44393  -0.001500
44394  -0.004100
44395  -0.005000
44396  -0.004700
44397  -0.003600
44398  -0.007500
44399  -0.003600
44400  -0.004300
44401  -0.002600
44402  -0.003100
44403  -0.008100
44404  -0.008900
44405  -0.011300
44406  -0.011000
44407  -0.014400
44408  -0.016200
44409  -0.016600
44410  -0.019700
44411  -0.019700
44412  -0.021800
44413  -0.026200
44414  -0.024700
44415  -0.024600
44416  -0.022800
44417  -0.019900
44418  -0.021600
44419  -0.022900
44420  -0.016500
44421  -0.018200
44422  -0.020500
44423  -0.020200
44424  -0.018700
44425  -0.027300
44426  -0.027600
44427  -0.024200
44428  -0.031600
44429  -0.039500
44430  -0.043600
44431  -0.044500
44432  -0.045100
44433  -0.037400
44434  -0.037000
44435  -0.033900
44436  -0.027800
44437  -0.033300
44438  -0.032000
44439  -0.033500
44440  -0.032400
44441  -0.025600
44442  -0.026500
44443  -0.027700
44444  -0.025600
44445  -0.026500
44446  -0.030100
44447  -0.035200
44448  -0.032300
44449  -0.026800
44450  -0.025000
44451  -0.026500
44452  -0.023900
44453  -0.026300
44454  -0.026900
44455  -0.025700
44456  -0.024400
44457  -0.022900
44458  -0.016300
44459  -0.014400
44460  -0.011000
44461  -0.006300
44462  -0.010400
44463  -0.007100
44464  -0.008900
44465  -0.008500
44466  -0.008200
44467  -0.009600
44468  -0.013000
44469  -0.006900
44470  -0.008400
44471  -0.009900
44472  -0.014400
44473  -0.012800
44474  -0.014900
44475  -0.021800
44476  -0.014400
44477  -0.013800
44478  -0.019500
44479  -0.015900
44480  -0.016400
44481  -0.017100
44482  -0.013900
44483  -0.012400
44484  -0.014800
44485  -0.019300
44486  -0.015800
44487  -0.015100
44488  -0.016600
44489  -0.024900
44490  -0.021600
44491  -0.019800
44492  -0.017800
44493  -0.012900
44494  -0.007600
44495  -0.007200
44496  -0.009400
44497  -0.014000
44498  -0.018500
44499  -0.023500
44500  -0.026100
44501  -0.039800
44502  -0.042900
44503  -0.045700
44504  -0.047400
44505  -0.048700
44506  -0.054500
44507  -0.053500
44508  -0.050100
44509  -0.047600
44510  -0.056300
44511  -0.053600
44512  -0.058300
44513  -0.060100
44514  -0.063200
44515  -0.064500
44516  -0.068400
44517  -0.060700
44518  -0.058200
44519  -0.061900
44520  -0.063400
44521  -0.059000
44522  -0.060400
44523  -0.056100
44524  -0.056100
44525  -0.052700
44526  -0.053400
44527  -0.056700
44528  -0.055500
44529  -0.063400
44530  -0.062100
44531  -0.051700
44532  -0.044000
44533  -0.049400
44534  -0.046200
44535  -0.044000
44536  -0.041700
44537  -0.040400
44538  -0.037800
44539  -0.044700
44540  -0.040800
44541  -0.041000
44542  -0.045900
44543  -0.048600
44544  -0.043100
44545  -0.040300
44546  -0.042800
44547  -0.039900
44548  -0.036800
44549  -0.040400
44550  -0.033600
44551  -0.035600
44552  -0.040400
44553  -0.033600
44554  -0.033000
44555  -0.038000
44556  -0.040900
44557  -0.044800
44558  -0.047300
44559  -0.047400
44560  -0.043800
44561  -0.041800
44562  -0.035200
44563  -0.030000
44564  -0.026800
44565  -0.028900
44566  -0.024600
44567  -0.021500
44568  -0.023100
44569  -0.024400
44570  -0.020700
44571  -0.023200
44572  -0.022400
44573  -0.019900
44574  -0.020900
44575  -0.024500
44576  -0.027900
44577  -0.027100
44578  -0.032400
44579  -0.031300
44580  -0.026100
44581  -0.025300
44582  -0.019800
44583  -0.014200
44584  -0.011600
44585  -0.016300
44586  -0.012000
44587  -0.004200
44588  -0.008900
44589  -0.009500
44590  -0.007100
44591  -0.004800
44592  -0.001000
44593  -0.003700
44594  -0.010500
44595  -0.016600
44596  -0.023800
44597  -0.019100
44598  -0.019100
44599  -0.017200
44600  -0.020600
44601  -0.016700
44602  -0.012900
44603  -0.016600
44604  -0.015900
44605  -0.009200
44606  -0.005600
44607  -0.001900
44608  -0.002200
44609  -0.004100
44610  -0.003800
44611  -0.008200
44612  -0.003400
44613  -0.007400
44614  -0.006100
44615  -0.013800
44616  -0.011600
44617  -0.008700
44618  -0.007200
44619  -0.008100
44620  -0.011200
44621  -0.013300
44622  -0.014900
44623  -0.023300
44624  -0.022600
44625  -0.022000
44626  -0.019900
44627  -0.019100
44628  -0.013500
44629  -0.015600
44630  -0.020300
44631  -0.018800
44632  -0.015900
44633  -0.014800
44634  -0.015500
44635  -0.019800
44636  -0.020000
44637  -0.017100
44638  -0.013300
44639  -0.015100
44640  -0.018300
44641  -0.019600
44642  -0.020300
44643  -0.015600
44644  -0.018700
44645  -0.023500
44646  -0.024300
44647  -0.021700
44648  -0.020700
44649  -0.020500
44650  -0.023100
44651  -0.020200
44652  -0.027800
44653  -0.028500
44654  -0.028900
44655  -0.034500
44656  -0.039600
44657  -0.039400
44658  -0.039300
44659  -0.043600
44660  -0.040400
44661  -0.038700
44662  -0.041700
44663  -0.035400
44664  -0.031800
44665  -0.035400
44666  -0.038500
44667  -0.034800
44668  -0.027500
44669  -0.023300
44670  -0.026200
44671  -0.027300
44672  -0.034400
44673  -0.038800
44674  -0.035600
44675  -0.033600
44676  -0.027900
44677  -0.030700
44678  -0.030300
44679  -0.035900
44680  -0.037900
44681  -0.045200
44682  -0.047100
44683  -0.053000
44684  -0.055600
44685  -0.053900
44686  -0.056600
44687  -0.045300
44688  -0.046600
44689  -0.045400
44690  -0.047200
44691  -0.040000
44692  -0.038500
44693  -0.036400
44694  -0.045800
44695  -0.045600
44696  -0.051200
44697  -0.048900
44698  -0.049500
44699  -0.045900
44700  -0.043400
44701  -0.040000
44702  -0.040300
44703  -0.043300
44704  -0.045500
44705  -0.037500
44706  -0.036600
44707  -0.038800
44708  -0.044200
44709  -0.039400
44710  -0.036200
44711  -0.040400
44712  -0.041700
44713  -0.042100
44714  -0.045400
44715  -0.043200
44716  -0.043500
44717  -0.047800
44718  -0.052600
44719  -0.054400
44720  -0.051400
44721  -0.052300
44722  -0.054200
44723  -0.054200
44724  -0.049000
44725  -0.053000
44726  -0.049300
44727  -0.048600
44728  -0.045800
44729  -0.045400
44730  -0.041200
44731  -0.044000
44732  -0.039800
44733  -0.038700
44734  -0.042200
44735  -0.038800
44736  -0.038500
44737  -0.032200
44738  -0.028000
44739  -0.026300
44740  -0.021100
44741  -0.019500
44742  -0.017200
44743  -0.023300
44744  -0.025100
44745  -0.023200
44746  -0.019500
44747  -0.011200
44748  -0.016400
44749  -0.020300
44750  -0.020400
44751  -0.015300
44752  -0.016200
44753  -0.015900
44754  -0.011100
44755  -0.010900
44756  -0.012400
44757  -0.008700
44758  -0.002200
44759  -0.005700
44760  -0.008200
44761  -0.011200
44762  -0.010600
44763  -0.018400
44764  -0.014500
44765  -0.014300
44766  -0.020300
44767  -0.020200
44768  -0.025200
44769  -0.021500
44770  -0.026300
44771  -0.032700
44772  -0.031400
44773  -0.033800
44774  -0.040200
44775  -0.032600
44776  -0.029000
44777  -0.029700
44778  -0.034700
44779  -0.032700
44780  -0.034800
44781  -0.040300
44782  -0.034600
44783  -0.035400
44784  -0.036900
44785  -0.029800
44786  -0.027000
44787  -0.025700
44788  -0.024200
44789  -0.019600
44790  -0.020300
44791  -0.014400
44792  -0.005100
44793  -0.006300
44794  -0.006200
44795  -0.002800
44796   0.001400
44797   0.000700
44798   0.007800
44799   0.008600
44800   0.018900
44801   0.017200
44802   0.015500
44803   0.026900
44804   0.019900
44805   0.015100
44806   0.017500
44807   0.016000
44808   0.019300
44809   0.021800
44810   0.018700
44811   0.017900
44812   0.020100
44813   0.018000
44814   0.020200
44815   0.017600
44816   0.015500
44817   0.014800
44818   0.019600
44819   0.014200
44820   0.016400
44821   0.015700
44822   0.014600
44823   0.013700
44824   0.015000
44825   0.012600
44826   0.006600
44827   0.003200
44828   0.004200
44829   0.006300
44830   0.006300
44831   0.003600
44832  -0.005300
44833  -0.010400
44834  -0.007400
44835  -0.006300
44836  -0.015100
44837  -0.010800
44838  -0.013100
44839  -0.007600
44840  -0.012500
44841  -0.016500
44842  -0.015100
44843  -0.017400
44844  -0.015200
44845  -0.013200
44846  -0.020400
44847  -0.019600
44848  -0.015200
44849  -0.018800
44850  -0.023700
44851  -0.024400
44852  -0.025900
44853  -0.027100
44854  -0.029300
44855  -0.026600
44856  -0.023100
44857  -0.026100
44858  -0.022600
44859  -0.023200
44860  -0.026500
44861  -0.030400
44862  -0.024900
44863  -0.027000
44864  -0.027300
44865  -0.027000
44866  -0.026000
44867  -0.025800
44868  -0.025100
44869  -0.023600
44870  -0.022900
44871  -0.018900
44872  -0.025200
44873  -0.020900
44874  -0.026100
44875  -0.028500
44876  -0.026400
44877  -0.017800
44878  -0.016500
44879  -0.019300
44880  -0.023000
44881  -0.026700
44882  -0.026000
44883  -0.026900
44884  -0.025200
44885  -0.019200
44886  -0.013600
44887  -0.013000
44888  -0.018400
44889  -0.019500
44890  -0.022500
44891  -0.023200
44892  -0.024400
44893  -0.024300
44894  -0.022800
44895  -0.023100
44896  -0.025200
44897  -0.031000
44898  -0.028300
44899  -0.031600
44900  -0.028200
44901  -0.030100
44902  -0.026500
44903  -0.030600
44904  -0.036100
44905  -0.036400
44906  -0.043100
44907  -0.042700
44908  -0.038900
44909  -0.037000
44910  -0.042500
44911  -0.042100
44912  -0.038600
44913  -0.041400
44914  -0.038100
44915  -0.038200
44916  -0.044300
44917  -0.044000
44918  -0.036800
44919  -0.036200
44920  -0.036600
44921  -0.039800
44922  -0.040000
44923  -0.043200
44924  -0.038200
44925  -0.038000
44926  -0.043800
44927  -0.042700
44928  -0.040600
44929  -0.039100
44930  -0.038500
44931  -0.041700
44932  -0.039100
44933  -0.053800
44934  -0.050600
44935  -0.052900
44936  -0.048100
44937  -0.046100
44938  -0.054200
44939  -0.053600
44940  -0.054000
44941  -0.058900
44942  -0.063600
44943  -0.054200
44944  -0.061100
44945  -0.057300
44946  -0.053000
44947  -0.056200
44948  -0.056100
44949  -0.050200
44950  -0.045000
44951  -0.042400
44952  -0.048000
44953  -0.040100
44954  -0.038600
44955  -0.046400
44956  -0.043900
44957  -0.047200
44958  -0.046400
44959  -0.045500
44960  -0.040100
44961  -0.036900
44962  -0.035600
44963  -0.026700
44964  -0.034200
44965  -0.030700
44966  -0.030000
44967  -0.027400
44968  -0.033000
44969  -0.042500
44970  -0.039600
44971  -0.032100
44972  -0.030900
44973  -0.024500
44974  -0.026800
44975  -0.022600
44976  -0.025900
44977  -0.035200
44978  -0.033800
44979  -0.033000
44980  -0.029900
44981  -0.031600
44982  -0.029900
44983  -0.025800
44984  -0.022400
44985  -0.016800
44986  -0.011200
44987  -0.006200
44988  -0.007500
44989   0.000800
44990   0.001000
44991   0.005200
44992   0.000500
44993   0.000800
44994   0.002900
44995  -0.002600
44996  -0.002100
44997  -0.000300
44998   0.003700
44999   0.002100
45000   0.000200
45001   0.006300
45002   0.008500
45003   0.011200
45004   0.007400
45005   0.001000
45006  -0.002200
45007   0.001200
45008   0.004100
45009   0.003300
45010   0.000300
45011   0.004800
45012   0.001100
45013  -0.002600
45014   0.002000
45015  -0.000800
45016   0.007000
45017   0.008900
45018   0.012500
45019   0.008500
45020   0.011200
45021   0.008800
45022   0.003600
45023  -0.000200
45024  -0.003600
45025  -0.001500
45026  -0.004600
45027  -0.006200
45028  -0.008700
45029  -0.006200
45030  -0.003900
45031  -0.002900
45032  -0.001100
45033   0.000700
45034  -0.001600
45035  -0.000300
45036   0.000500
45037  -0.001600
45038  -0.002300
45039  -0.002600
45040  -0.013400
45041  -0.010000
45042  -0.014500
45043  -0.011300
45044  -0.012800
45045  -0.014600
45046  -0.020700
45047  -0.011300
45048  -0.004500
45049  -0.005900
45050  -0.002100
45051  -0.005900
45052  -0.007800
45053  -0.007100
45054  -0.007000
45055  -0.003200
45056  -0.004400
45057  -0.001200
45058  -0.004700
45059  -0.003000
45060  -0.012200
45061  -0.010000
45062  -0.004600
45063  -0.008700
45064  -0.015200
45065  -0.011700
45066  -0.012200
45067  -0.014800
45068  -0.020000
45069  -0.019900
45070  -0.018900
45071  -0.010000
45072  -0.008200
45073  -0.003300
45074  -0.004800
45075   0.003400
45076   0.011000
45077   0.011000
45078   0.017400
45079   0.014700
45080   0.015700
45081   0.010300
45082   0.015300
45083   0.015500
45084   0.015900
45085   0.008600
45086   0.007800
45087  -0.000400
45088   0.004500
45089   0.013100
45090   0.011800
45091   0.009900
45092   0.009000
45093   0.015300
45094   0.010300
45095   0.005500
45096   0.008800
45097   0.011100
45098   0.007800
45099   0.009500
45100   0.016200
45101   0.018600
45102   0.019100
45103   0.012700
45104   0.007100
45105   0.010300
45106   0.008100
45107   0.010600
45108   0.008900
45109   0.007800
45110   0.004000
45111   0.007000
45112   0.006800
45113   0.008800
45114   0.007100
45115   0.005100
45116   0.006000
45117   0.010500
45118   0.009000
45119   0.018300
45120   0.019300
45121   0.024100
45122   0.028400
45123   0.030900
45124   0.028700
45125   0.031400
45126   0.034100
45127   0.033700
45128   0.035000
45129   0.031000
45130   0.036000
45131   0.038000
45132   0.034800
45133   0.038100
45134   0.041100
45135   0.040900
45136   0.036500
45137   0.041400
45138   0.039900
45139   0.036900
45140   0.034100
45141   0.040700
45142   0.037100
45143   0.037800
45144   0.042400
45145   0.042200
45146   0.045500
45147   0.044000
45148   0.046800
45149   0.046000
45150   0.047900
45151   0.045800
45152   0.048600
45153   0.047800
45154   0.046900
45155   0.045300
45156   0.045500
45157   0.046200
45158   0.045700
45159   0.042100
45160   0.040800
45161   0.038400
45162   0.039000
45163   0.039200
45164   0.044100
45165   0.047900
45166   0.049400
45167   0.048600
45168   0.052700
45169   0.054300
45170   0.048400
45171   0.047800
45172   0.052500
45173   0.056600
45174   0.058400
45175   0.059300
45176   0.064400
45177   0.063000
45178   0.055800
45179   0.056300
45180   0.052100
45181   0.050500
45182   0.052900
45183   0.047000
45184   0.047800
45185   0.049100
45186   0.048100
45187   0.042800
45188   0.043700
45189   0.048000
45190   0.049000
45191   0.048400
45192   0.051000
45193   0.049600
45194   0.049800
45195   0.052800
45196   0.055000
45197   0.057000
45198   0.061600
45199   0.059400
45200   0.062300
45201   0.056400
45202   0.058300
45203   0.059100
45204   0.064300
45205   0.063400
45206   0.062200
45207   0.061600
45208   0.067100
45209   0.067400
45210   0.074900
45211   0.077700
45212   0.077500
45213   0.081300
45214   0.079400
45215   0.077800
45216   0.076700
45217   0.076000
45218   0.075300
45219   0.069700
45220   0.069100
45221   0.071000
45222   0.069500
45223   0.068100
45224   0.068700
45225   0.069700
45226   0.073900
45227   0.069900
45228   0.066400
45229   0.071600
45230   0.075500
45231   0.081000
45232   0.083500
45233   0.084600
45234   0.082100
45235   0.082100
45236   0.078600
45237   0.080800
45238   0.078100
45239   0.085400
45240   0.079200
45241   0.084100
45242   0.084000
45243   0.088200
45244   0.088300
45245   0.086100
45246   0.087100
45247   0.086800
45248   0.089300
45249   0.084600
45250   0.081800
45251   0.080800
45252   0.086000
45253   0.083700
45254   0.084000
45255   0.079000
45256   0.073700
45257   0.077400
45258   0.072900
45259   0.071300
45260   0.070300
45261   0.068800
45262   0.062500
45263   0.057200
45264   0.062400
45265   0.067500
45266   0.067600
45267   0.060900
45268   0.059300
45269   0.051700
45270   0.046000
45271   0.048600
45272   0.043800
45273   0.046200
45274   0.043700
45275   0.036800
45276   0.031900
45277   0.032200
45278   0.035700
45279   0.040700
45280   0.046100
45281   0.047600
45282   0.044200
45283   0.044900
45284   0.042200
45285   0.045400
45286   0.046800
45287   0.047100
45288   0.049900
45289   0.045400
45290   0.045400
45291   0.045000
45292   0.050200
45293   0.053600
45294   0.048600
45295   0.051000
45296   0.052100
45297   0.049000
45298   0.037900
45299   0.037600
45300   0.041600
45301   0.038600
45302   0.036800
45303   0.035900
45304   0.041000
45305   0.038900
45306   0.037700
45307   0.039200
45308   0.039400
45309   0.039600
45310   0.037700
45311   0.040600
45312   0.043200
45313   0.040600
45314   0.037300
45315   0.038500
45316   0.044900
45317   0.054200
45318   0.051200
45319   0.047300
45320   0.039200
45321   0.042400
45322   0.044700
45323   0.042000
45324   0.054000
45325   0.051800
45326   0.052400
45327   0.055100
45328   0.057000
45329   0.053800
45330   0.054500
45331   0.053600
45332   0.053500
45333   0.051400
45334   0.051000
45335   0.051100
45336   0.051400
45337   0.048900
45338   0.052600
45339   0.050400
45340   0.051200
45341   0.052000
45342   0.048300
45343   0.054000
45344   0.051500
45345   0.051000
45346   0.053100
45347   0.053800
45348   0.056600
45349   0.050700
45350   0.047600
45351   0.049400
45352   0.046900
45353   0.045200
45354   0.050700
45355   0.046900
45356   0.055700
45357   0.044400
45358   0.046100
45359   0.044100
45360   0.046700
45361   0.049800
45362   0.044900
45363   0.046000
45364   0.051800
45365   0.053400
45366   0.050000
45367   0.046000
45368   0.043900
45369   0.040800
45370   0.041300
45371   0.045300
45372   0.044300
45373   0.045700
45374   0.047500
45375   0.045600
45376   0.047900
45377   0.047900
45378   0.041600
45379   0.039200
45380   0.041100
45381   0.043600
45382   0.045900
45383   0.039600
45384   0.034200
45385   0.030200
45386   0.034700
45387   0.037100
45388   0.038000
45389   0.039000
45390   0.038300
45391   0.031400
45392   0.031400
45393   0.034100
45394   0.030100
45395   0.033300
45396   0.037100
45397   0.029100
45398   0.025800
45399   0.028300
45400   0.033900
45401   0.038000
45402   0.038600
45403   0.035000
45404   0.033800
45405   0.032900
45406   0.028400
45407   0.032500
45408   0.029800
45409   0.030900
45410   0.030300
45411   0.031500
45412   0.029900
45413   0.029200
45414   0.032800
45415   0.038200
45416   0.035600
45417   0.038900
45418   0.045600
45419   0.043600
45420   0.044500
45421   0.047800
45422   0.043100
45423   0.047400
45424   0.040200
45425   0.037100
45426   0.040900
45427   0.038000
45428   0.037800
45429   0.029500
45430   0.030100
45431   0.032400
45432   0.033200
45433   0.031800
45434   0.036200
45435   0.034300
45436   0.034200
45437   0.034200
45438   0.039900
45439   0.042300
45440   0.039100
45441   0.032700
45442   0.031300
45443   0.031300
45444   0.025500
45445   0.028400
45446   0.031500
45447   0.033600
45448   0.033000
45449   0.031900
45450   0.034000
45451   0.036400
45452   0.039300
45453   0.047200
45454   0.040500
45455   0.041400
45456   0.041800
45457   0.045300
45458   0.044400
45459   0.045200
45460   0.052100
45461   0.049600
45462   0.050600
45463   0.054600
45464   0.046500
45465   0.039500
45466   0.037800
45467   0.039500
45468   0.034100
45469   0.035100
45470   0.029600
45471   0.033100
45472   0.035900
45473   0.034100
45474   0.032500
45475   0.035700
45476   0.035300
45477   0.044100
45478   0.042000
45479   0.043500
45480   0.046900
45481   0.052800
45482   0.056700
45483   0.064200
45484   0.062000
45485   0.059100
45486   0.059500
45487   0.055900
45488   0.059700
45489   0.056600
45490   0.048900
45491   0.050400
45492   0.044600
45493   0.042700
45494   0.038000
45495   0.041100
45496   0.037700
45497   0.045200
45498   0.046800
45499   0.041500
45500   0.047600
45501   0.048100
45502   0.045300
45503   0.040400
45504   0.048000
45505   0.044000
45506   0.040700
45507   0.038700
45508   0.042200
45509   0.046500
45510   0.046400
45511   0.045300
45512   0.049700
45513   0.048300
45514   0.046800
45515   0.048800
45516   0.046500
45517   0.045300
45518   0.044300
45519   0.039300
45520   0.034700
45521   0.032400
45522   0.030100
45523   0.030400
45524   0.030300
45525   0.026800
45526   0.028700
45527   0.024500
45528   0.028700
45529   0.030200
45530   0.028100
45531   0.029600
45532   0.033900
45533   0.032700
45534   0.027800
45535   0.040600
45536   0.042100
45537   0.039800
45538   0.037100
45539   0.038400
45540   0.041100
45541   0.042500
45542   0.043700
45543   0.042200
45544   0.039400
45545   0.039800
45546   0.041300
45547   0.037600
45548   0.039200
45549   0.043500
45550   0.049400
45551   0.046200
45552   0.044900
45553   0.036400
45554   0.037700
45555   0.040300
45556   0.042300
45557   0.041700
45558   0.038600
45559   0.038200
45560   0.045300
45561   0.046300
45562   0.048000
45563   0.043400
45564   0.044100
45565   0.044000
45566   0.038600
45567   0.036700
45568   0.037900
45569   0.033500
45570   0.032100
45571   0.033400
45572   0.030000
45573   0.028900
45574   0.029900
45575   0.030800
45576   0.033400
45577   0.029800
45578   0.032300
45579   0.032400
45580   0.031900
45581   0.028000
45582   0.028700
45583   0.027200
45584   0.032100
45585   0.029900
45586   0.022800
45587   0.022200
45588   0.018500
45589   0.009900
45590   0.009200
45591   0.005800
45592   0.005900
45593   0.009400
45594   0.009100
45595   0.005200
45596   0.003100
45597   0.003700
45598   0.004700
45599   0.009000
45600   0.011100
45601   0.009600
45602   0.011400
45603   0.007500
45604   0.010600
45605   0.010500
45606   0.013900
45607   0.011800
45608   0.013200
45609   0.013100
45610   0.012800
45611   0.009100
45612   0.009900
45613   0.010600
45614   0.010500
45615   0.005000
45616   0.006900
45617   0.011300
45618   0.010900
45619   0.015500
45620   0.007700
45621   0.004200
45622  -0.004200
45623   0.002000
45624   0.000200
45625   0.009000
45626   0.010600
45627   0.015500
45628   0.022100
45629   0.024200
45630   0.022900
45631   0.019800
45632   0.018500
45633   0.016800
45634   0.023700
45635   0.023600
45636   0.024000
45637   0.021600
45638   0.020700
45639   0.012800
45640   0.010100
45641   0.013500
45642   0.016600
45643   0.021000
45644   0.023900
45645   0.014900
45646   0.009800
45647   0.013400
45648   0.018200
45649   0.015100
45650   0.012600
45651   0.014300
45652   0.011800
45653   0.021100
45654   0.014400
45655   0.018300
45656   0.021200
45657   0.019700
45658   0.016900
45659   0.020900
45660   0.017700
45661   0.016600
45662   0.017700
45663   0.017300
45664   0.016300
45665   0.020600
45666   0.014700
45667   0.015400
45668   0.015000
45669   0.015900
45670   0.018100
45671   0.020000
45672   0.017700
45673   0.019100
45674   0.021400
45675   0.021000
45676   0.018700
45677   0.013100
45678   0.020300
45679   0.017700
45680   0.017600
45681   0.020500
45682   0.021000
45683   0.017700
45684   0.024000
45685   0.025300
45686   0.027400
45687   0.024500
45688   0.022400
45689   0.027800
45690   0.027300
45691   0.028600
45692   0.033200
45693   0.031700
45694   0.033200
45695   0.031000
45696   0.034700
45697   0.027100
45698   0.025900
45699   0.019600
45700   0.020000
45701   0.023100
45702   0.020000
45703   0.019200
45704   0.022600
45705   0.022600
45706   0.025900
45707   0.030100
45708   0.024800
45709   0.026100
45710   0.026300
45711   0.027000
45712   0.025700
45713   0.025000
45714   0.031400
45715   0.032600
45716   0.037400
45717   0.037600
45718   0.038500
45719   0.036600
45720   0.040200
45721   0.038700
45722   0.031100
45723   0.032100
45724   0.029500
45725   0.022900
45726   0.027100
45727   0.034400
45728   0.037400
45729   0.033400
45730   0.039000
45731   0.041100
45732   0.040300
45733   0.036600
45734   0.039800
45735   0.039900
45736   0.041700
45737   0.042400
45738   0.039200
45739   0.041700
45740   0.038700
45741   0.037500
45742   0.039600
45743   0.034600
45744   0.040400
45745   0.036500
45746   0.033100
45747   0.035800
45748   0.039200
45749   0.046700
45750   0.044300
45751   0.046000
45752   0.049600
45753   0.050000
45754   0.049000
45755   0.051600
45756   0.052000
45757   0.053600
45758   0.056500
45759   0.062700
45760   0.065400
45761   0.058400
45762   0.065200
45763   0.065700
45764   0.066700
45765   0.068500
45766   0.072200
45767   0.078000
45768   0.072600
45769   0.069600
45770   0.070900
45771   0.065800
45772   0.067500
45773   0.066900
45774   0.070400
45775   0.070200
45776   0.070600
45777   0.074100
45778   0.071400
45779   0.060800
45780   0.065300
45781   0.064700
45782   0.068900
45783   0.072400
45784   0.070800
45785   0.075300
45786   0.077800
45787   0.085200
45788   0.084300
45789   0.087600
45790   0.090200
45791   0.088700
45792   0.084700
45793   0.081400
45794   0.082400
45795   0.079500
45796   0.084400
45797   0.085800
45798   0.089200
45799   0.085700
45800   0.086900
45801   0.084000
45802   0.088400
45803   0.088400
45804   0.090300
45805   0.093700
45806   0.095700
45807   0.089900
45808   0.094700
45809   0.095800
45810   0.098000
45811   0.092500
45812   0.094700
45813   0.096100
45814   0.091500
45815   0.094500
45816   0.097200
45817   0.100200
45818   0.102700
45819   0.102700
45820   0.100400
45821   0.103000
45822   0.101600
45823   0.098200
45824   0.099700
45825   0.093400
45826   0.096300
45827   0.097800
45828   0.100900
45829   0.093400
45830   0.088600
45831   0.089900
45832   0.086500
45833   0.087800
45834   0.088700
45835   0.092100
45836   0.089500
45837   0.089700
45838   0.088700
45839   0.085800
45840   0.086200
45841   0.088900
45842   0.086600
45843   0.088800
45844   0.088900
45845   0.088000
45846   0.091700
45847   0.087200
45848   0.087900
45849   0.083900
45850   0.081800
45851   0.081600
45852   0.082100
45853   0.079700
45854   0.080200
45855   0.080000
45856   0.071700
45857   0.067800
45858   0.072000
45859   0.069300
45860   0.068900
45861   0.077700
45862   0.074900
45863   0.075400
45864   0.084000
45865   0.084500
45866   0.084600
45867   0.084400
45868   0.082100
45869   0.077500
45870   0.073600
45871   0.077400
45872   0.072200
45873   0.070200
45874   0.078000
45875   0.079700
45876   0.076200
45877   0.083200
45878   0.091000
45879   0.091100
45880   0.083500
45881   0.080800
45882   0.079500
45883   0.075700
45884   0.074700
45885   0.076000
45886   0.079500
45887   0.078300
45888   0.079200
45889   0.079300
45890   0.077500
45891   0.077600
45892   0.072300
45893   0.073500
45894   0.069500
45895   0.072400
45896   0.067600
45897   0.070500
45898   0.065900
45899   0.065500
45900   0.062200
45901   0.064000
45902   0.069400
45903   0.072800
45904   0.073300
45905   0.079800
45906   0.078800
45907   0.077700
45908   0.076000
45909   0.079400
45910   0.074300
45911   0.074300
45912   0.072500
45913   0.073500
45914   0.076100
45915   0.069600
45916   0.066800
45917   0.058800
45918   0.061600
45919   0.060800
45920   0.063000
45921   0.063900
45922   0.062600
45923   0.070500
45924   0.067500
45925   0.068500
45926   0.068600
45927   0.067200
45928   0.068200
45929   0.073800
45930   0.077000
45931   0.073600
45932   0.073500
45933   0.074700
45934   0.076000
45935   0.079300
45936   0.079700
45937   0.088300
45938   0.082500
45939   0.081100
45940   0.074900
45941   0.079400
45942   0.076100
45943   0.071400
45944   0.072500
45945   0.071300
45946   0.075500
45947   0.071900
45948   0.075900
45949   0.067200
45950   0.070800
45951   0.074300
45952   0.072700
45953   0.073300
45954   0.073700
45955   0.075000
45956   0.063200
45957   0.060600
45958   0.061800
45959   0.060400
45960   0.057600
45961   0.051000
45962   0.050200
45963   0.043500
45964   0.043800
45965   0.047400
45966   0.048800
45967   0.045400
45968   0.036600
45969   0.038200
45970   0.038900
45971   0.040900
45972   0.041100
45973   0.039600
45974   0.041700
45975   0.033000
45976   0.026800
45977   0.028500
45978   0.027200
45979   0.030900
45980   0.035900
45981   0.032000
45982   0.035200
45983   0.031200
45984   0.031400
45985   0.030900
45986   0.035000
45987   0.031800
45988   0.027700
45989   0.031600
45990   0.037000
45991   0.036300
45992   0.034300
45993   0.033800
45994   0.030900
45995   0.026200
45996   0.023500
45997   0.021400
45998   0.020100
45999   0.021000
46000   0.017400
46001   0.020700
46002   0.017800
46003   0.017500
46004   0.019400
46005   0.014700
46006   0.012600
46007   0.012300
46008   0.016000
46009   0.019200
46010   0.013200
46011   0.018000
46012   0.018000
46013   0.011200
46014   0.014300
46015   0.013100
46016   0.013900
46017   0.016300
46018   0.023300
46019   0.019600
46020   0.020000
46021   0.023200
46022   0.025600
46023   0.029700
46024   0.033800
46025   0.038700
46026   0.039300
46027   0.045800
46028   0.043700
46029   0.047000
46030   0.044100
46031   0.047600
46032   0.044000
46033   0.044100
46034   0.040200
46035   0.043600
46036   0.043700
46037   0.043400
46038   0.041500
46039   0.048700
46040   0.050800
46041   0.046100
46042   0.055200
46043   0.055300
46044   0.052900
46045   0.051200
46046   0.047900
46047   0.041400
46048   0.043800
46049   0.040500
46050   0.044100
46051   0.045600
46052   0.049400
46053   0.050200
46054   0.049400
46055   0.048900
46056   0.047800
46057   0.049600
46058   0.056600
46059   0.055100
46060   0.054200
46061   0.053400
46062   0.045600
46063   0.045900
46064   0.045600
46065   0.038000
46066   0.032100
46067   0.028000
46068   0.034300
46069   0.033200
46070   0.027000
46071   0.030900
46072   0.033000
46073   0.029700
46074   0.029400
46075   0.027000
46076   0.024200
46077   0.020900
46078   0.022300
46079   0.024500
46080   0.023800
46081   0.024900
46082   0.022800
46083   0.026800
46084   0.029500
46085   0.027100
46086   0.030500
46087   0.034400
46088   0.036800
46089   0.039700
46090   0.038200
46091   0.039700
46092   0.044600
46093   0.041700
46094   0.038400
46095   0.035800
46096   0.035700
46097   0.036500
46098   0.038500
46099   0.039600
46100   0.047700
46101   0.042900
46102   0.044100
46103   0.045200
46104   0.045500
46105   0.048000
46106   0.053800
46107   0.055500
46108   0.050900
46109   0.052500
46110   0.046500
46111   0.050900
46112   0.048200
46113   0.044900
46114   0.040900
46115   0.042300
46116   0.041500
46117   0.043400
46118   0.045500
46119   0.041500
46120   0.046400
46121   0.049000
46122   0.041600
46123   0.040900
46124   0.044800
46125   0.047900
46126   0.049400
46127   0.049200
46128   0.050100
46129   0.056600
46130   0.054400
46131   0.055100
46132   0.050800
46133   0.053100
46134   0.048000
46135   0.054200
46136   0.057300
46137   0.053300
46138   0.054700
46139   0.046200
46140   0.051900
46141   0.055700
46142   0.052100
46143   0.053300
46144   0.053500
46145   0.052800
46146   0.051300
46147   0.052200
46148   0.055200
46149   0.061100
46150   0.061700
46151   0.063800
46152   0.064700
46153   0.067500
46154   0.064400
46155   0.065500
46156   0.067000
46157   0.069400
46158   0.062400
46159   0.069400
46160   0.066900
46161   0.073400
46162   0.068400
46163   0.064500
46164   0.062100
46165   0.057800
46166   0.069600
46167   0.069300
46168   0.068000
46169   0.062600
46170   0.062300
46171   0.056300
46172   0.056300
46173   0.064400
46174   0.068700
46175   0.062600
46176   0.062100
46177   0.065800
46178   0.065900
46179   0.065000
46180   0.066700
46181   0.058100
46182   0.063900
46183   0.066400
46184   0.072000
46185   0.066300
46186   0.068200
46187   0.063100
46188   0.068100
46189   0.065500
46190   0.063000
46191   0.066100
46192   0.066600
46193   0.071900
46194   0.075200
46195   0.072600
46196   0.077200
46197   0.076400
46198   0.070200
46199   0.066500
46200   0.071500
46201   0.073100
46202   0.075500
46203   0.075900
46204   0.072800
46205   0.071000
46206   0.064100
46207   0.066000
46208   0.069900
46209   0.076500
46210   0.074000
46211   0.073400
46212   0.078100
46213   0.077600
46214   0.074400
46215   0.078800
46216   0.074900
46217   0.072200
46218   0.070700
46219   0.073200
46220   0.072300
46221   0.069000
46222   0.060600
46223   0.060700
46224   0.060600
46225   0.063900
46226   0.062800
46227   0.066500
46228   0.071700
46229   0.067600
46230   0.061500
46231   0.063600
46232   0.065700
46233   0.062400
46234   0.067900
46235   0.065800
46236   0.063000
46237   0.062800
46238   0.056300
46239   0.056500
46240   0.059500
46241   0.058200
46242   0.055900
46243   0.067600
46244   0.072600
46245   0.074900
46246   0.072300
46247   0.069300
46248   0.066300
46249   0.064800
46250   0.060600
46251   0.070000
46252   0.069500
46253   0.073200
46254   0.071100
46255   0.070000
46256   0.074500
46257   0.071200
46258   0.073200
46259   0.069900
46260   0.067900
46261   0.065400
46262   0.061100
46263   0.070800
46264   0.075000
46265   0.078200
46266   0.077000
46267   0.074100
46268   0.071000
46269   0.071900
46270   0.075400
46271   0.071200
46272   0.069800
46273   0.070100
46274   0.072700
46275   0.073400
46276   0.074300
46277   0.073500
46278   0.074700
46279   0.078400
46280   0.085300
46281   0.084200
46282   0.085900
46283   0.093000
46284   0.088800
46285   0.084900
46286   0.078400
46287   0.084200
46288   0.081500
46289   0.084000
46290   0.084700
46291   0.079900
46292   0.082500
46293   0.084100
46294   0.087200
46295   0.092400
46296   0.091600
46297   0.086300
46298   0.084200
46299   0.077000
46300   0.076100
46301   0.072700
46302   0.064600
46303   0.062200
46304   0.062600
46305   0.067700
46306   0.074000
46307   0.072100
46308   0.073400
46309   0.071800
46310   0.078900
46311   0.078100
46312   0.082100
46313   0.078500
46314   0.072700
46315   0.070800
46316   0.069900
46317   0.064900
46318   0.069000
46319   0.069600
46320   0.072000
46321   0.073000
46322   0.080900
46323   0.072500
46324   0.067100
46325   0.064900
46326   0.069800
46327   0.069300
46328   0.064300
46329   0.063700
46330   0.065100
46331   0.060800
46332   0.053800
46333   0.055000
46334   0.048300
46335   0.047600
46336   0.047000
46337   0.043200
46338   0.039600
46339   0.034900
46340   0.024500
46341   0.032300
46342   0.031600
46343   0.029300
46344   0.031900
46345   0.034800
46346   0.033000
46347   0.039300
46348   0.045300
46349   0.039700
46350   0.040000
46351   0.038700
46352   0.037300
46353   0.037100
46354   0.036000
46355   0.033300
46356   0.031000
46357   0.030500
46358   0.027600
46359   0.029300
46360   0.025300
46361   0.019700
46362   0.030300
46363   0.033800
46364   0.034200
46365   0.035300
46366   0.036100
46367   0.041800
46368   0.039800
46369   0.036900
46370   0.034800
46371   0.037100
46372   0.043100
46373   0.043700
46374   0.044400
46375   0.047700
46376   0.048300
46377   0.051300
46378   0.055400
46379   0.062600
46380   0.067000
46381   0.070300
46382   0.066900
46383   0.062300
46384   0.059900
46385   0.065700
46386   0.067400
46387   0.074000
46388   0.068300
46389   0.066400
46390   0.067200
46391   0.070200
46392   0.068200
46393   0.058300
46394   0.053200
46395   0.059500
46396   0.063900
46397   0.063600
46398   0.068600
46399   0.070200
46400   0.073300
46401   0.071800
46402   0.079700
46403   0.082800
46404   0.082800
46405   0.081500
46406   0.076800
46407   0.078800
46408   0.085200
46409   0.080200
46410   0.083800
46411   0.081500
46412   0.085300
46413   0.083700
46414   0.081900
46415   0.077900
46416   0.077200
46417   0.076800
46418   0.080400
46419   0.075600
46420   0.079400
46421   0.074600
46422   0.069900
46423   0.072800
46424   0.067200
46425   0.069000
46426   0.073600
46427   0.070800
46428   0.072700
46429   0.073400
46430   0.077100
46431   0.083700
46432   0.088500
46433   0.085500
46434   0.082900
46435   0.083400
46436   0.078300
46437   0.075200
46438   0.075900
46439   0.075100
46440   0.076400
46441   0.078500
46442   0.080000
46443   0.078500
46444   0.083600
46445   0.085500
46446   0.091600
46447   0.092200
46448   0.092200
46449   0.096300
46450   0.095100
46451   0.098900
46452   0.097600
46453   0.099200
46454   0.098000
46455   0.099600
46456   0.102000
46457   0.100600
46458   0.099200
46459   0.101000
46460   0.101100
46461   0.098300
46462   0.105900
46463   0.105400
46464   0.099400
46465   0.102000
46466   0.099400
46467   0.107500
46468   0.110200
46469   0.107000
46470   0.104200
46471   0.112200
46472   0.121700
46473   0.120300
46474   0.121000
46475   0.115700
46476   0.121700
46477   0.127200
46478   0.124300
46479   0.124500
46480   0.126900
46481   0.124100
46482   0.121600
46483   0.120400
46484   0.130200
46485   0.132600
46486   0.126300
46487   0.127500
46488   0.121800
46489   0.118800
46490   0.121200
46491   0.116600
46492   0.109100
46493   0.113000
46494   0.110300
46495   0.104400
46496   0.105200
46497   0.105700
46498   0.110100
46499   0.112700
46500   0.110000
46501   0.116500
46502   0.115300
46503   0.110800
46504   0.111700
46505   0.111300
46506   0.105500
46507   0.104100
46508   0.101500
46509   0.101900
46510   0.106500
46511   0.106400
46512   0.107300
46513   0.107000
46514   0.108200
46515   0.110500
46516   0.107700
46517   0.103600
46518   0.099900
46519   0.096800
46520   0.103700
46521   0.107500
46522   0.110100
46523   0.104200
46524   0.100200
46525   0.095600
46526   0.097900
46527   0.095600
46528   0.098900
46529   0.102000
46530   0.107800
46531   0.107000
46532   0.107200
46533   0.106200
46534   0.106400
46535   0.107600
46536   0.102800
46537   0.102300
46538   0.098000
46539   0.088700
46540   0.090000
46541   0.094500
46542   0.095400
46543   0.089900
46544   0.090900
46545   0.093000
46546   0.092500
46547   0.093500
46548   0.091900
46549   0.094300
46550   0.088500
46551   0.088700
46552   0.088000
46553   0.083600
46554   0.080700
46555   0.079100
46556   0.082500
46557   0.078500
46558   0.080900
46559   0.082400
46560   0.089700
46561   0.094400
46562   0.094600
46563   0.100500
46564   0.101100
46565   0.104600
46566   0.101800
46567   0.094400
46568   0.088500
46569   0.077000
46570   0.073800
46571   0.076600
46572   0.074900
46573   0.075900
46574   0.076100
46575   0.076400
46576   0.068200
46577   0.064800
46578   0.066100
46579   0.059900
46580   0.053500
46581   0.057300
46582   0.060500
46583   0.053900
46584   0.060600
46585   0.060600
46586   0.063800
46587   0.066200
46588   0.064100
46589   0.057000
46590   0.058500
46591   0.058800
46592   0.053400
46593   0.057000
46594   0.050800
46595   0.042500
46596   0.044900
46597   0.038500
46598   0.041500
46599   0.038300
46600   0.033800
46601   0.036300
46602   0.039600
46603   0.037400
46604   0.041200
46605   0.044100
46606   0.036500
46607   0.037300
46608   0.037300
46609   0.033600
46610   0.029300
46611   0.027600
46612   0.026500
46613   0.029400
46614   0.033400
46615   0.026300
46616   0.035000
46617   0.040200
46618   0.043100
46619   0.044100
46620   0.047100
46621   0.050700
46622   0.046000
46623   0.054500
46624   0.054200
46625   0.052900
46626   0.047600
46627   0.052200
46628   0.054100
46629   0.054700
46630   0.062000
46631   0.065200
46632   0.070000
46633   0.072100
46634   0.066000
46635   0.062400
46636   0.057200
46637   0.055500
46638   0.052000
46639   0.047400
46640   0.048000
46641   0.052300
46642   0.050300
46643   0.052600
46644   0.054600
46645   0.049300
46646   0.052400
46647   0.055400
46648   0.060300
46649   0.066100
46650   0.068400
46651   0.063500
46652   0.062900
46653   0.061500
46654   0.063600
46655   0.061800
46656   0.061000
46657   0.060400
46658   0.060900
46659   0.060600
46660   0.061100
46661   0.067300
46662   0.067400
46663   0.060300
46664   0.057500
46665   0.057100
46666   0.058300
46667   0.055200
46668   0.055100
46669   0.054100
46670   0.054800
46671   0.046900
46672   0.049500
46673   0.053000
46674   0.056900
46675   0.051600
46676   0.052900
46677   0.055400
46678   0.057400
46679   0.063300
46680   0.064500
46681   0.064500
46682   0.068000
46683   0.072100
46684   0.071900
46685   0.075300
46686   0.072100
46687   0.073000
46688   0.067900
46689   0.073600
46690   0.079400
46691   0.075600
46692   0.080400
46693   0.076700
46694   0.075800
46695   0.079500
46696   0.078000
46697   0.076400
46698   0.076300
46699   0.073700
46700   0.072100
46701   0.069400
46702   0.063000
46703   0.061400
46704   0.062600
46705   0.060300
46706   0.054900
46707   0.052400
46708   0.055100
46709   0.059100
46710   0.053900
46711   0.052700
46712   0.044800
46713   0.047900
46714   0.046100
46715   0.048200
46716   0.045900
46717   0.045200
46718   0.046800
46719   0.046900
46720   0.043200
46721   0.040700
46722   0.038900
46723   0.041000
46724   0.045000
46725   0.044300
46726   0.048000
46727   0.052400
46728   0.053400
46729   0.060900
46730   0.055400
46731   0.054600
46732   0.048800
46733   0.053000
46734   0.051900
46735   0.047100
46736   0.044500
46737   0.041100
46738   0.041800
46739   0.047100
46740   0.052500
46741   0.052800
46742   0.050600
46743   0.053900
46744   0.048800
46745   0.043600
46746   0.039400
46747   0.034100
46748   0.033400
46749   0.038200
46750   0.036000
46751   0.035400
46752   0.033000
46753   0.033200
46754   0.030000
46755   0.031200
46756   0.030000
46757   0.027100
46758   0.030400
46759   0.025400
46760   0.021500
46761   0.022400
46762   0.024500
46763   0.020400
46764   0.020600
46765   0.018400
46766   0.020600
46767   0.011800
46768   0.005800
46769   0.010900
46770   0.009400
46771   0.014900
46772   0.005700
46773  -0.001700
46774  -0.009400
46775  -0.008800
46776  -0.011300
46777  -0.011300
46778  -0.015000
46779  -0.017300
46780  -0.014500
46781  -0.015100
46782  -0.016600
46783  -0.012400
46784  -0.010500
46785  -0.010400
46786  -0.009200
46787  -0.011400
46788  -0.021100
46789  -0.016100
46790  -0.016800
46791  -0.021000
46792  -0.024900
46793  -0.020700
46794  -0.021400
46795  -0.016100
46796  -0.008800
46797  -0.008100
46798  -0.001400
46799   0.004000
46800  -0.000300
46801   0.001200
46802  -0.002000
46803  -0.000300
46804  -0.005700
46805  -0.004000
46806  -0.005900
46807  -0.008000
46808  -0.008000
46809  -0.005900
46810   0.000800
46811  -0.003200
46812  -0.001300
46813  -0.003300
46814  -0.005600
46815  -0.010000
46816  -0.001700
46817   0.000700
46818   0.007600
46819   0.008100
46820   0.016900
46821   0.014800
46822   0.016400
46823   0.011900
46824   0.014300
46825   0.013600
46826   0.007600
46827   0.007800
46828   0.009400
46829   0.013200
46830   0.012100
46831   0.016400
46832   0.020700
46833   0.028100
46834   0.027000
46835   0.026900
46836   0.027400
46837   0.026400
46838   0.025000
46839   0.031700
46840   0.031300
46841   0.030600
46842   0.029400
46843   0.033100
46844   0.032100
46845   0.026900
46846   0.019700
46847   0.021000
46848   0.020000
46849   0.017900
46850   0.018600
46851   0.021200
46852   0.019800
46853   0.015800
46854   0.019300
46855   0.019800
46856   0.022600
46857   0.019600
46858   0.025800
46859   0.025900
46860   0.025100
46861   0.022400
46862   0.016900
46863   0.019100
46864   0.022500
46865   0.027600
46866   0.028600
46867   0.030600
46868   0.029800
46869   0.030000
46870   0.029400
46871   0.032700
46872   0.036100
46873   0.035000
46874   0.037100
46875   0.032000
46876   0.031600
46877   0.031800
46878   0.032500
46879   0.036400
46880   0.034300
46881   0.028000
46882   0.025900
46883   0.025600
46884   0.018500
46885   0.017400
46886   0.018000
46887   0.013900
46888   0.013600
46889   0.015000
46890   0.012400
46891   0.005900
46892  -0.000800
46893   0.003300
46894   0.006900
46895   0.011600
46896   0.012200
46897   0.013200
46898   0.011300
46899   0.011000
46900   0.005100
46901   0.004900
46902  -0.001700
46903  -0.001200
46904  -0.000800
46905   0.000300
46906  -0.002300
46907  -0.005800
46908  -0.005300
46909  -0.004500
46910  -0.010700
46911  -0.013100
46912  -0.010800
46913  -0.010900
46914  -0.005800
46915  -0.011200
46916  -0.010700
46917  -0.016000
46918  -0.012700
46919  -0.005400
46920  -0.011000
46921  -0.001900
46922  -0.005400
46923  -0.000500
46924  -0.005700
46925  -0.003800
46926  -0.009200
46927  -0.006000
46928  -0.009300
46929  -0.011300
46930  -0.013700
46931  -0.012900
46932  -0.004300
46933  -0.005500
46934  -0.005400
46935  -0.006100
46936  -0.003400
46937  -0.004100
46938  -0.003100
46939  -0.002100
46940   0.002000
46941   0.000800
46942  -0.003300
46943  -0.005900
46944  -0.013000
46945  -0.013100
46946  -0.005200
46947  -0.014000
46948  -0.011600
46949  -0.014300
46950  -0.004700
46951  -0.000300
46952  -0.001900
46953  -0.001000
46954  -0.003100
46955  -0.006100
46956  -0.002900
46957  -0.005300
46958  -0.003200
46959  -0.003000
46960  -0.003100
46961  -0.003800
46962  -0.001400
46963  -0.003700
46964  -0.004700
46965  -0.003400
46966  -0.000400
46967  -0.000200
46968  -0.001600
46969   0.003000
46970   0.004300
46971   0.008200
46972   0.002300
46973   0.014200
46974   0.020500
46975   0.022400
46976   0.017900
46977   0.015100
46978   0.011400
46979   0.010300
46980   0.012000
46981   0.019500
46982   0.018900
46983   0.016700
46984   0.021300
46985   0.021000
46986   0.025400
46987   0.026700
46988   0.027700
46989   0.025200
46990   0.027600
46991   0.021100
46992   0.024500
46993   0.026800
46994   0.036500
46995   0.032900
46996   0.035200
46997   0.033200
46998   0.033000
46999   0.034400
47000   0.034300
47001   0.034000
47002   0.039900
47003   0.036900
47004   0.038700
47005   0.038900
47006   0.040100
47007   0.040400
47008   0.039100
47009   0.047300
47010   0.046500
47011   0.042200
47012   0.042800
47013   0.042400
47014   0.044000
47015   0.043400
47016   0.041900
47017   0.046500
47018   0.048200
47019   0.043400
47020   0.041400
47021   0.042600
47022   0.038800
47023   0.043400
47024   0.051600
47025   0.049500
47026   0.053600
47027   0.052500
47028   0.053900
47029   0.052500
47030   0.044100
47031   0.037000
47032   0.039400
47033   0.032800
47034   0.035200
47035   0.035800
47036   0.039200
47037   0.040200
47038   0.038200
47039   0.040500
47040   0.041700
47041   0.042400
47042   0.043300
47043   0.044700
47044   0.042500
47045   0.043700
47046   0.041600
47047   0.036600
47048   0.032200
47049   0.033100
47050   0.033200
47051   0.034500
47052   0.031800
47053   0.030700
47054   0.030100
47055   0.032200
47056   0.037600
47057   0.041600
47058   0.036000
47059   0.037700
47060   0.042400
47061   0.040200
47062   0.039300
47063   0.034800
47064   0.037300
47065   0.035400
47066   0.036700
47067   0.035400
47068   0.039200
47069   0.042600
47070   0.042400
47071   0.041100
47072   0.041300
47073   0.042900
47074   0.046400
47075   0.048500
47076   0.048800
47077   0.047700
47078   0.049900
47079   0.052300
47080   0.055600
47081   0.050600
47082   0.049400
47083   0.049000
47084   0.052000
47085   0.044800
47086   0.043800
47087   0.052500
47088   0.050000
47089   0.050500
47090   0.056300
47091   0.057700
47092   0.058100
47093   0.063500
47094   0.063900
47095   0.068700
47096   0.070800
47097   0.068700
47098   0.072700
47099   0.079100
47100   0.077100
47101   0.077100
47102   0.080800
47103   0.079200
47104   0.080700
47105   0.085100
47106   0.086800
47107   0.083300
47108   0.078400
47109   0.078200
47110   0.086500
47111   0.084700
47112   0.090700
47113   0.089000
47114   0.091300
47115   0.094900
47116   0.093700
47117   0.095600
47118   0.096900
47119   0.097100
47120   0.103400
47121   0.103900
47122   0.103800
47123   0.109400
47124   0.111600
47125   0.106000
47126   0.109300
47127   0.108300
47128   0.109500
47129   0.111200
47130   0.114400
47131   0.113900
47132   0.116100
47133   0.116200
47134   0.105700
47135   0.102600
47136   0.101400
47137   0.103300
47138   0.102300
47139   0.105900
47140   0.105400
47141   0.099400
47142   0.093100
47143   0.088900
47144   0.097300
47145   0.100000
47146   0.103400
47147   0.098300
47148   0.095900
47149   0.095700
47150   0.094900
47151   0.097800
47152   0.097700
47153   0.099700
47154   0.102300
47155   0.110000
47156   0.114900
47157   0.122400
47158   0.123100
47159   0.132400
47160   0.132200
47161   0.130800
47162   0.130400
47163   0.133100
47164   0.129700
47165   0.134500
47166   0.133100
47167   0.125400
47168   0.119500
47169   0.111900
47170   0.110800
47171   0.112000
47172   0.114500
47173   0.112700
47174   0.107800
47175   0.107500
47176   0.109900
47177   0.110000
47178   0.109500
47179   0.112900
47180   0.111500
47181   0.111400
47182   0.111500
47183   0.111500
47184   0.111900
47185   0.111100
47186   0.113000
47187   0.114600
47188   0.114800
47189   0.115400
47190   0.116300
47191   0.119500
47192   0.120600
47193   0.122300
47194   0.121600
47195   0.126800
47196   0.131000
47197   0.133000
47198   0.129500
47199   0.136300
47200   0.133800
47201   0.132600
47202   0.135400
47203   0.142700
47204   0.142900
47205   0.140100
47206   0.133800
47207   0.136100
47208   0.133000
47209   0.132800
47210   0.137100
47211   0.135300
47212   0.134200
47213   0.135400
47214   0.138200
47215   0.137500
47216   0.134400
47217   0.140000
47218   0.138200
47219   0.134300
47220   0.127500
47221   0.131900
47222   0.134900
47223   0.129600
47224   0.121100
47225   0.123400
47226   0.134200
47227   0.134400
47228   0.136400
47229   0.133400
47230   0.135200
47231   0.135300
47232   0.130800
47233   0.139400
47234   0.135200
47235   0.132200
47236   0.138000
47237   0.135100
47238   0.136900
47239   0.137000
47240   0.132400
47241   0.129000
47242   0.126300
47243   0.119900
47244   0.119100
47245   0.119500
47246   0.125500
47247   0.126800
47248   0.130800
47249   0.123600
47250   0.122600
47251   0.122200
47252   0.124700
47253   0.124600
47254   0.116900
47255   0.115300
47256   0.118900
47257   0.109300
47258   0.109500
47259   0.113000
47260   0.106200
47261   0.108200
47262   0.111500
47263   0.113500
47264   0.114000
47265   0.115700
47266   0.112800
47267   0.112300
47268   0.106800
47269   0.107400
47270   0.108200
47271   0.102200
47272   0.103900
47273   0.108700
47274   0.109800
47275   0.112100
47276   0.112400
47277   0.111100
47278   0.106000
47279   0.108500
47280   0.106800
47281   0.112600
47282   0.109600
47283   0.111200
47284   0.110200
47285   0.108700
47286   0.104900
47287   0.105200
47288   0.104100
47289   0.110000
47290   0.108300
47291   0.110200
47292   0.113700
47293   0.108300
47294   0.107800
47295   0.109500
47296   0.112900
47297   0.116800
47298   0.111100
47299   0.105200
47300   0.108100
47301   0.112900
47302   0.117300
47303   0.119100
47304   0.116200
47305   0.119000
47306   0.119500
47307   0.114800
47308   0.112800
47309   0.114300
47310   0.117600
47311   0.117400
47312   0.117900
47313   0.123500
47314   0.118700
47315   0.112000
47316   0.107600
47317   0.108500
47318   0.112000
47319   0.115200
47320   0.112900
47321   0.106100
47322   0.107200
47323   0.105100
47324   0.108600
47325   0.106100
47326   0.111100
47327   0.106100
47328   0.106100
47329   0.108300
47330   0.109400
47331   0.107600
47332   0.107700
47333   0.106400
47334   0.107300
47335   0.106500
47336   0.108200
47337   0.112700
47338   0.107100
47339   0.106200
47340   0.107800
47341   0.106700
47342   0.104600
47343   0.105300
47344   0.109300
47345   0.110500
47346   0.104800
47347   0.108400
47348   0.107600
47349   0.109000
47350   0.109000
47351   0.102100
47352   0.098200
47353   0.095700
47354   0.095600
47355   0.096900
47356   0.105000
47357   0.102800
47358   0.104500
47359   0.103800
47360   0.103900
47361   0.096600
47362   0.088400
47363   0.086000
47364   0.084000
47365   0.090700
47366   0.086300
47367   0.093100
47368   0.085800
47369   0.085300
47370   0.081100
47371   0.084000
47372   0.085300
47373   0.078900
47374   0.079800
47375   0.072400
47376   0.073400
47377   0.076100
47378   0.072900
47379   0.074500
47380   0.076800
47381   0.071200
47382   0.067700
47383   0.070100
47384   0.068000
47385   0.070200
47386   0.075400
47387   0.076000
47388   0.069200
47389   0.066700
47390   0.069100
47391   0.073300
47392   0.072700
47393   0.074900
47394   0.084500
47395   0.085700
47396   0.086500
47397   0.085700
47398   0.088800
47399   0.088700
47400   0.089800
47401   0.092400
47402   0.088600
47403   0.084700
47404   0.087200
47405   0.085900
47406   0.085900
47407   0.082000
47408   0.078200
47409   0.078500
47410   0.072000
47411   0.077500
47412   0.073800
47413   0.074100
47414   0.076900
47415   0.073400
47416   0.063800
47417   0.058600
47418   0.049000
47419   0.055000
47420   0.051800
47421   0.044800
47422   0.039900
47423   0.047400
47424   0.055000
47425   0.055100
47426   0.045300
47427   0.048300
47428   0.049300
47429   0.049600
47430   0.048200
47431   0.048000
47432   0.045500
47433   0.037500
47434   0.029800
47435   0.028700
47436   0.026200
47437   0.025900
47438   0.033300
47439   0.030800
47440   0.030500
47441   0.033100
47442   0.028700
47443   0.026000
47444   0.022700
47445   0.020000
47446   0.014100
47447   0.010700
47448   0.011900
47449   0.011300
47450   0.007000
47451   0.012000
47452   0.013100
47453   0.013000
47454   0.016900
47455   0.014800
47456   0.018800
47457   0.020300
47458   0.017000
47459   0.016200
47460   0.015000
47461   0.015500
47462   0.017700
47463   0.018900
47464   0.021800
47465   0.014200
47466   0.014700
47467   0.014900
47468   0.012400
47469   0.016200
47470   0.016000
47471   0.014600
47472   0.014100
47473   0.015700
47474   0.014300
47475   0.011900
47476   0.012600
47477   0.014600
47478   0.016700
47479   0.018400
47480   0.011300
47481   0.005100
47482   0.002400
47483  -0.000200
47484   0.002500
47485   0.005300
47486   0.008000
47487   0.008200
47488   0.008400
47489   0.008100
47490   0.001200
47491   0.005900
47492   0.010200
47493   0.009300
47494   0.012900
47495   0.016900
47496   0.014800
47497   0.017600
47498   0.020200
47499   0.018200
47500   0.021000
47501   0.021600
47502   0.023700
47503   0.025200
47504   0.024700
47505   0.025100
47506   0.022600
47507   0.023500
47508   0.017900
47509   0.020000
47510   0.025000
47511   0.025300
47512   0.026000
47513   0.023000
47514   0.025200
47515   0.020500
47516   0.021300
47517   0.017700
47518   0.014800
47519   0.020200
47520   0.013400
47521   0.012400
47522   0.008200
47523   0.002600
47524   0.005100
47525   0.005200
47526   0.003000
47527   0.006100
47528   0.004500
47529   0.002100
47530   0.001800
47531   0.005900
47532   0.006800
47533   0.010200
47534   0.008000
47535   0.011700
47536   0.010700
47537   0.005100
47538   0.003400
47539  -0.001000
47540   0.001800
47541  -0.000800
47542  -0.003800
47543  -0.004300
47544   0.000100
47545   0.001200
47546  -0.001200
47547   0.000200
47548  -0.000100
47549   0.001200
47550   0.004800
47551   0.001700
47552   0.006300
47553   0.010800
47554   0.009000
47555   0.010500
47556   0.006500
47557   0.007500
47558   0.001500
47559  -0.003000
47560  -0.001900
47561  -0.002000
47562  -0.008400
47563  -0.012500
47564  -0.014700
47565  -0.011900
47566  -0.015600
47567  -0.013300
47568  -0.012800
47569  -0.000800
47570  -0.002600
47571  -0.001700
47572   0.003300
47573   0.006000
47574   0.005300
47575   0.007100
47576   0.001800
47577   0.000700
47578  -0.002100
47579   0.001300
47580  -0.001600
47581  -0.005400
47582  -0.003700
47583   0.001400
47584   0.001600
47585   0.000900
47586   0.002700
47587   0.002000
47588   0.002700
47589   0.004900
47590   0.005100
47591  -0.002800
47592  -0.002200
47593  -0.001900
47594   0.001300
47595   0.007700
47596   0.007300
47597   0.014100
47598   0.018700
47599   0.014900
47600   0.010100
47601   0.006400
47602   0.002300
47603   0.010300
47604   0.008000
47605   0.010700
47606   0.012100
47607   0.014900
47608   0.015300
47609   0.021800
47610   0.021400
47611   0.022400
47612   0.026600
47613   0.027500
47614   0.021900
47615   0.016800
47616   0.024100
47617   0.019400
47618   0.015100
47619   0.018300
47620   0.016200
47621   0.015300
47622   0.013200
47623   0.017500
47624   0.017700
47625   0.017600
47626   0.021600
47627   0.017100
47628   0.019200
47629   0.012900
47630   0.009600
47631   0.014200
47632   0.013500
47633   0.011300
47634   0.011800
47635   0.007900
47636   0.005800
47637   0.008300
47638   0.001900
47639   0.008000
47640   0.002100
47641   0.002400
47642   0.000600
47643   0.003000
47644   0.000800
47645   0.002300
47646  -0.000300
47647   0.000300
47648  -0.005400
47649  -0.009400
47650  -0.004600
47651  -0.002600
47652  -0.008600
47653  -0.008100
47654  -0.004200
47655  -0.005200
47656  -0.002500
47657  -0.002800
47658  -0.001000
47659  -0.002600
47660  -0.004100
47661  -0.001400
47662  -0.006500
47663  -0.002900
47664  -0.001100
47665  -0.001000
47666   0.002200
47667   0.002600
47668   0.002700
47669   0.003000
47670   0.001700
47671   0.000900
47672   0.004800
47673   0.001800
47674   0.000400
47675  -0.002400
47676  -0.003100
47677  -0.004400
47678  -0.003000
47679  -0.003300
47680  -0.007500
47681  -0.006000
47682  -0.003000
47683   0.004700
47684   0.002400
47685   0.002500
47686   0.000900
47687   0.005300
47688   0.006200
47689   0.005700
47690   0.009400
47691   0.007400
47692   0.007800
47693   0.009500
47694   0.005300
47695   0.001300
47696   0.004200
47697   0.002600
47698   0.004500
47699   0.007800
47700   0.007700
47701   0.008000
47702   0.013200
47703   0.011800
47704   0.010900
47705   0.005800
47706  -0.002200
47707  -0.001300
47708  -0.000000
47709  -0.007900
47710  -0.003800
47711  -0.006400
47712   0.001600
47713   0.001700
47714  -0.000700
47715   0.005500
47716   0.006300
47717   0.003300
47718  -0.000500
47719  -0.000500
47720   0.004500
47721   0.000000
47722  -0.001800
47723  -0.000100
47724   0.000000
47725  -0.002400
47726  -0.001700
47727   0.001100
47728  -0.001100
47729  -0.002600
47730  -0.001300
47731  -0.001000
47732   0.000800
47733   0.005700
47734   0.003500
47735   0.003000
47736   0.000500
47737   0.005000
47738   0.008300
47739   0.007700
47740   0.006700
47741   0.002600
47742   0.000100
47743  -0.001600
47744  -0.011500
47745  -0.002500
47746  -0.000600
47747  -0.005300
47748  -0.000600
47749  -0.003800
47750  -0.006100
47751  -0.012400
47752  -0.016400
47753  -0.013700
47754  -0.014400
47755  -0.013400
47756  -0.016200
47757  -0.013400
47758  -0.003900
47759  -0.001700
47760   0.003900
47761   0.002400
47762   0.005100
47763   0.006400
47764   0.009700
47765   0.010700
47766   0.013900
47767   0.009300
47768   0.011700
47769   0.011500
47770   0.010500
47771   0.012500
47772   0.017900
47773   0.019100
47774   0.016700
47775   0.007500
47776   0.010100
47777   0.005600
47778  -0.002400
47779  -0.008200
47780  -0.009300
47781  -0.012600
47782  -0.010700
47783  -0.007600
47784  -0.008700
47785  -0.009200
47786  -0.004300
47787   0.000200
47788   0.001900
47789   0.001900
47790  -0.004600
47791  -0.005900
47792  -0.001100
47793  -0.001400
47794   0.004100
47795   0.001600
47796  -0.002200
47797  -0.003700
47798  -0.005100
47799   0.003800
47800   0.002500
47801  -0.004200
47802  -0.002200
47803   0.004700
47804   0.002500
47805  -0.001900
47806   0.001200
47807   0.000800
47808   0.003400
47809   0.004800
47810   0.008600
47811   0.010200
47812   0.017800
47813   0.020900
47814   0.021900
47815   0.020500
47816   0.023500
47817   0.026800
47818   0.026000
47819   0.020900
47820   0.013800
47821   0.014700
47822   0.015500
47823   0.008500
47824   0.015100
47825   0.012600
47826   0.008800
47827  -0.003700
47828  -0.009200
47829  -0.008800
47830  -0.000800
47831   0.001100
47832   0.014200
47833   0.019200
47834   0.016000
47835   0.013700
47836   0.010400
47837   0.015200
47838   0.020300
47839   0.017900
47840   0.019200
47841   0.017800
47842   0.020300
47843   0.020000
47844   0.019500
47845   0.016400
47846   0.007600
47847   0.010300
47848   0.008400
47849   0.009200
47850   0.010000
47851   0.014100
47852   0.015000
47853   0.012400
47854   0.013700
47855   0.015500
47856   0.021800
47857   0.017300
47858   0.022300
47859   0.025500
47860   0.024000
47861   0.016900
47862   0.021800
47863   0.027700
47864   0.028700
47865   0.030100
47866   0.023100
47867   0.025400
47868   0.025300
47869   0.030200
47870   0.033000
47871   0.034200
47872   0.038000
47873   0.039800
47874   0.035800
47875   0.036200
47876   0.033600
47877   0.027100
47878   0.033100
47879   0.037700
47880   0.035400
47881   0.031000
47882   0.039100
47883   0.033900
47884   0.035600
47885   0.040200
47886   0.039000
47887   0.039600
47888   0.040500
47889   0.036900
47890   0.035900
47891   0.039600
47892   0.044000
47893   0.048600
47894   0.049000
47895   0.051700
47896   0.047800
47897   0.054100
47898   0.058900
47899   0.060600
47900   0.050200
47901   0.054700
47902   0.050500
47903   0.048500
47904   0.045800
47905   0.047100
47906   0.045600
47907   0.048500
47908   0.043400
47909   0.039800
47910   0.050000
47911   0.047200
47912   0.046600
47913   0.046300
47914   0.046900
47915   0.042100
47916   0.042600
47917   0.045500
47918   0.045000
47919   0.043900
47920   0.042800
47921   0.045300
47922   0.046600
47923   0.048900
47924   0.045100
47925   0.045300
47926   0.037600
47927   0.043700
47928   0.049500
47929   0.046100
47930   0.042500
47931   0.044900
47932   0.046600
47933   0.044500
47934   0.049400
47935   0.051900
47936   0.051500
47937   0.051800
47938   0.051000
47939   0.049100
47940   0.047700
47941   0.050400
47942   0.054200
47943   0.052100
47944   0.053300
47945   0.047500
47946   0.048400
47947   0.047700
47948   0.046200
47949   0.051800
47950   0.052400
47951   0.054000
47952   0.066800
47953   0.066100
47954   0.061900
47955   0.060300
47956   0.065300
47957   0.066300
47958   0.067400
47959   0.072800
47960   0.072200
47961   0.071700
47962   0.073400
47963   0.067800
47964   0.073400
47965   0.073900
47966   0.081100
47967   0.079800
47968   0.078700
47969   0.074700
47970   0.074400
47971   0.076100
47972   0.072700
47973   0.076200
47974   0.070700
47975   0.072100
47976   0.063600
47977   0.060200
47978   0.054800
47979   0.059200
47980   0.053700
47981   0.057100
47982   0.048400
47983   0.048900
47984   0.048800
47985   0.042900
47986   0.044300
47987   0.039100
47988   0.043500
47989   0.041600
47990   0.045300
47991   0.050300
47992   0.054700
47993   0.051700
47994   0.050300
47995   0.055600
47996   0.059100
47997   0.054400
47998   0.051800
47999   0.052500
48000   0.054700
48001   0.056700
48002   0.055700
48003   0.046400
48004   0.045000
48005   0.050500
48006   0.047700
48007   0.039600
48008   0.042700
48009   0.040900
48010   0.034100
48011   0.039000
48012   0.041700
48013   0.039300
48014   0.041900
48015   0.041800
48016   0.031800
48017   0.033200
48018   0.033200
48019   0.035100
48020   0.036900
48021   0.035200
48022   0.039000
48023   0.043800
48024   0.051900
48025   0.055200
48026   0.053600
48027   0.048800
48028   0.045000
48029   0.041800
48030   0.041500
48031   0.036900
48032   0.034900
48033   0.043800
48034   0.046000
48035   0.046900
48036   0.052700
48037   0.049400
48038   0.051000
48039   0.053500
48040   0.048400
48041   0.051400
48042   0.045900
48043   0.051400
48044   0.055000
48045   0.059300
48046   0.056300
48047   0.048400
48048   0.047100
48049   0.036600
48050   0.035400
48051   0.039600
48052   0.045000
48053   0.037000
48054   0.034200
48055   0.032400
48056   0.028700
48057   0.026500
48058   0.028700
48059   0.017100
48060   0.011000
48061   0.010200
48062   0.012700
48063   0.013600
48064   0.015700
48065   0.011600
48066   0.006300
48067   0.000800
48068   0.009800
48069   0.008600
48070   0.009300
48071   0.008200
48072   0.005500
48073   0.005500
48074   0.001400
48075  -0.004100
48076  -0.008300
48077  -0.007100
48078  -0.010200
48079  -0.017000
48080  -0.015900
48081  -0.013300
48082  -0.011600
48083  -0.014900
48084  -0.014700
48085  -0.013500
48086  -0.010800
48087  -0.010200
48088  -0.009100
48089  -0.009900
48090  -0.008400
48091  -0.012700
48092  -0.015000
48093  -0.022100
48094  -0.024400
48095  -0.020200
48096  -0.024800
48097  -0.016600
48098  -0.014500
48099  -0.020800
48100  -0.019600
48101  -0.025400
48102  -0.030000
48103  -0.032600
48104  -0.032400
48105  -0.026700
48106  -0.030800
48107  -0.026100
48108  -0.038600
48109  -0.037900
48110  -0.032900
48111  -0.038100
48112  -0.035100
48113  -0.035300
48114  -0.031400
48115  -0.026200
48116  -0.033100
48117  -0.029700
48118  -0.028500
48119  -0.028900
48120  -0.023800
48121  -0.023400
48122  -0.022900
48123  -0.026800
48124  -0.030500
48125  -0.028000
48126  -0.030300
48127  -0.026300
48128  -0.027300
48129  -0.032700
48130  -0.031900
48131  -0.031100
48132  -0.030700
48133  -0.030300
48134  -0.034100
48135  -0.041000
48136  -0.037900
48137  -0.045500
48138  -0.041000
48139  -0.037400
48140  -0.035600
48141  -0.034100
48142  -0.031900
48143  -0.025600
48144  -0.026000
48145  -0.029700
48146  -0.039300
48147  -0.044400
48148  -0.044300
48149  -0.050700
48150  -0.050700
48151  -0.051700
48152  -0.054700
48153  -0.052900
48154  -0.057100
48155  -0.055800
48156  -0.058000
48157  -0.054300
48158  -0.054900
48159  -0.060300
48160  -0.058700
48161  -0.059700
48162  -0.056200
48163  -0.055000
48164  -0.062500
48165  -0.054500
48166  -0.054200
48167  -0.062100
48168  -0.055900
48169  -0.053500
48170  -0.051200
48171  -0.053000
48172  -0.054100
48173  -0.054400
48174  -0.048500
48175  -0.046900
48176  -0.049000
48177  -0.046100
48178  -0.044400
48179  -0.042400
48180  -0.043400
48181  -0.044000
48182  -0.042300
48183  -0.044300
48184  -0.037800
48185  -0.040000
48186  -0.042600
48187  -0.048400
48188  -0.045800
48189  -0.039700
48190  -0.031300
48191  -0.028200
48192  -0.028600
48193  -0.024400
48194  -0.018500
48195  -0.012600
48196  -0.010000
48197  -0.006900
48198  -0.005300
48199  -0.008600
48200  -0.004400
48201  -0.005200
48202  -0.006800
48203  -0.009700
48204  -0.011000
48205  -0.010000
48206  -0.006200
48207  -0.009400
48208  -0.009500
48209  -0.006400
48210  -0.004400
48211  -0.000500
48212   0.001600
48213  -0.004200
48214  -0.005800
48215  -0.009600
48216  -0.009500
48217  -0.005800
48218  -0.002600
48219  -0.006200
48220  -0.010000
48221  -0.008600
48222  -0.015500
48223  -0.016200
48224  -0.017500
48225  -0.018700
48226  -0.020600
48227  -0.022600
48228  -0.017700
48229  -0.021200
48230  -0.025200
48231  -0.025900
48232  -0.029800
48233  -0.032900
48234  -0.031200
48235  -0.030500
48236  -0.029400
48237  -0.027800
48238  -0.024000
48239  -0.029600
48240  -0.028900
48241  -0.025300
48242  -0.022400
48243  -0.020200
48244  -0.013900
48245  -0.015700
48246  -0.011600
48247  -0.012700
48248  -0.011500
48249  -0.020800
48250  -0.020400
48251  -0.025600
48252  -0.021400
48253  -0.025200
48254  -0.024600
48255  -0.025800
48256  -0.033700
48257  -0.031600
48258  -0.032800
48259  -0.031900
48260  -0.034000
48261  -0.034000
48262  -0.035800
48263  -0.037500
48264  -0.042000
48265  -0.036100
48266  -0.036200
48267  -0.031800
48268  -0.038600
48269  -0.041600
48270  -0.038900
48271  -0.039000
48272  -0.037500
48273  -0.033400
48274  -0.038800
48275  -0.032400
48276  -0.030800
48277  -0.033000
48278  -0.032900
48279  -0.020400
48280  -0.021100
48281  -0.019500
48282  -0.010200
48283  -0.002800
48284  -0.000200
48285  -0.004400
48286  -0.011200
48287  -0.006400
48288   0.005300
48289   0.004300
48290   0.005300
48291   0.004400
48292  -0.001400
48293  -0.006200
48294  -0.007200
48295  -0.006500
48296  -0.012800
48297  -0.008100
48298  -0.009200
48299  -0.005300
48300  -0.018500
48301  -0.018700
48302  -0.020900
48303  -0.019300
48304  -0.015300
48305  -0.007800
48306  -0.009300
48307  -0.010400
48308   0.001200
48309  -0.000600
48310  -0.005900
48311  -0.008400
48312  -0.007100
48313  -0.007300
48314  -0.009300
48315  -0.009400
48316  -0.011800
48317  -0.006900
48318  -0.002000
48319  -0.003900
48320  -0.004900
48321  -0.011900
48322  -0.019500
48323  -0.023200
48324  -0.018700
48325  -0.019800
48326  -0.019400
48327  -0.018600
48328  -0.015800
48329  -0.008800
48330  -0.005700
48331  -0.009300
48332  -0.006400
48333   0.000000
48334   0.004600
48335   0.007400
48336   0.001700
48337   0.003300
48338  -0.002700
48339  -0.001500
48340  -0.007300
48341  -0.012200
48342  -0.012600
48343  -0.016700
48344  -0.016700
48345  -0.018600
48346  -0.013900
48347  -0.015100
48348  -0.014400
48349  -0.015100
48350  -0.015100
48351  -0.017800
48352  -0.011200
48353  -0.009200
48354  -0.011600
48355  -0.009100
48356  -0.013900
48357  -0.022000
48358  -0.024000
48359  -0.024000
48360  -0.019400
48361  -0.018000
48362  -0.017600
48363  -0.019800
48364  -0.018300
48365  -0.017600
48366  -0.013800
48367  -0.014600
48368  -0.006600
48369  -0.002900
48370  -0.007100
48371  -0.003400
48372  -0.003200
48373  -0.007800
48374  -0.012900
48375  -0.018000
48376  -0.012900
48377  -0.017200
48378  -0.018400
48379  -0.022300
48380  -0.023500
48381  -0.024000
48382  -0.025000
48383  -0.019200
48384  -0.018100
48385  -0.010800
48386  -0.011800
48387  -0.010100
48388  -0.010000
48389  -0.013000
48390  -0.011800
48391  -0.017800
48392  -0.012200
48393  -0.015900
48394  -0.019000
48395  -0.019900
48396  -0.015900
48397  -0.017600
48398  -0.020000
48399  -0.017000
48400  -0.017100
48401  -0.010200
48402  -0.006900
48403  -0.011300
48404  -0.005900
48405  -0.002000
48406  -0.005700
48407   0.003500
48408   0.003800
48409   0.001500
48410   0.001400
48411   0.006800
48412   0.007700
48413   0.013500
48414   0.008800
48415   0.011100
48416   0.009700
48417   0.006000
48418   0.001000
48419  -0.004000
48420  -0.001900
48421   0.000100
48422   0.000600
48423  -0.001600
48424  -0.007200
48425  -0.002400
48426   0.002600
48427   0.000200
48428   0.001400
48429   0.001100
48430   0.000200
48431   0.001700
48432   0.001300
48433   0.002900
48434   0.001100
48435   0.001400
48436  -0.001400
48437  -0.007300
48438  -0.005800
48439  -0.000500
48440  -0.004800
48441  -0.005500
48442  -0.005700
48443  -0.008900
48444  -0.008400
48445  -0.004700
48446  -0.003700
48447  -0.006900
48448  -0.008300
48449  -0.007500
48450  -0.008600
48451  -0.010200
48452  -0.008500
48453  -0.010200
48454  -0.014100
48455  -0.009600
48456  -0.011200
48457  -0.008500
48458  -0.014300
48459  -0.015700
48460  -0.014600
48461  -0.016500
48462  -0.015800
48463  -0.015900
48464  -0.010900
48465  -0.013500
48466  -0.015000
48467  -0.013700
48468  -0.013500
48469  -0.011400
48470  -0.013600
48471  -0.012500
48472  -0.019200
48473  -0.018000
48474  -0.016700
48475  -0.012900
48476  -0.005500
48477  -0.010300
48478  -0.003800
48479  -0.003100
48480  -0.002500
48481  -0.000400
48482  -0.000200
48483   0.004700
48484   0.009400
48485   0.008800
48486   0.012900
48487   0.012400
48488   0.015600
48489   0.004800
48490   0.009500
48491   0.010700
48492   0.009000
48493   0.007600
48494   0.004800
48495   0.006000
48496   0.004500
48497   0.005100
48498   0.008200
48499   0.007700
48500   0.010100
48501   0.006300
48502   0.010200
48503   0.009700
48504   0.011000
48505   0.002700
48506   0.006200
48507   0.005900
48508  -0.001600
48509  -0.005300
48510  -0.010800
48511  -0.010000
48512  -0.005400
48513  -0.002600
48514  -0.004200
48515  -0.004100
48516   0.002400
48517  -0.000800
48518  -0.008200
48519  -0.004300
48520  -0.004000
48521  -0.007900
48522  -0.011900
48523  -0.015100
48524  -0.013200
48525  -0.009400
48526  -0.014700
48527  -0.011500
48528  -0.013200
48529  -0.006400
48530  -0.005400
48531  -0.001800
48532  -0.002600
48533   0.003900
48534   0.009900
48535   0.004400
48536   0.014000
48537   0.019100
48538   0.027400
48539   0.024200
48540   0.021100
48541   0.013600
48542   0.018700
48543   0.018400
48544   0.016500
48545   0.017600
48546   0.017700
48547   0.019500
48548   0.011900
48549   0.016100
48550   0.019700
48551   0.024200
48552   0.022500
48553   0.018800
48554   0.014800
48555   0.012600
48556   0.009900
48557   0.016200
48558   0.017300
48559   0.013300
48560   0.014400
48561   0.018900
48562   0.024600
48563   0.024200
48564   0.021400
48565   0.022300
48566   0.022900
48567   0.018600
48568   0.021900
48569   0.030500
48570   0.032400
48571   0.026800
48572   0.034800
48573   0.034900
48574   0.031600
48575   0.039300
48576   0.038800
48577   0.033100
48578   0.035700
48579   0.032700
48580   0.032600
48581   0.034500
48582   0.031200
48583   0.027200
48584   0.029700
48585   0.028700
48586   0.028000
48587   0.030000
48588   0.027800
48589   0.028700
48590   0.023100
48591   0.021800
48592   0.016300
48593   0.012100
48594   0.012500
48595   0.009100
48596   0.014600
48597   0.015900
48598   0.012200
48599   0.008100
48600   0.009900
48601   0.011800
48602   0.012000
48603   0.006300
48604   0.010700
48605   0.017000
48606   0.019600
48607   0.012200
48608   0.010300
48609   0.015600
48610   0.010400
48611   0.006300
48612   0.008500
48613   0.007100
48614   0.010700
48615   0.015200
48616   0.007200
48617   0.009600
48618   0.010600
48619   0.004900
48620  -0.001700
48621  -0.009100
48622  -0.007400
48623  -0.000700
48624   0.002900
48625   0.002500
48626   0.000700
48627   0.005100
48628   0.008200
48629   0.008500
48630   0.006000
48631   0.005100
48632   0.009100
48633   0.016700
48634   0.008800
48635  -0.000300
48636  -0.003000
48637  -0.000200
48638  -0.004300
48639  -0.004700
48640  -0.007100
48641  -0.005200
48642  -0.006400
48643  -0.003600
48644  -0.005000
48645  -0.004800
48646  -0.012600
48647  -0.009500
48648  -0.009500
48649  -0.004200
48650  -0.007300
48651  -0.013300
48652  -0.021400
48653  -0.018900
48654  -0.016200
48655  -0.020400
48656  -0.015400
48657  -0.011600
48658  -0.011000
48659  -0.010000
48660  -0.015500
48661  -0.015800
48662  -0.010700
48663  -0.009000
48664  -0.012900
48665  -0.008600
48666  -0.010900
48667  -0.006600
48668  -0.007700
48669  -0.010400
48670  -0.010300
48671  -0.009900
48672  -0.014300
48673  -0.011300
48674  -0.017900
48675  -0.017500
48676  -0.007800
48677  -0.006300
48678  -0.010500
48679  -0.011700
48680  -0.009200
48681  -0.013300
48682  -0.011600
48683  -0.015000
48684  -0.014300
48685  -0.013100
48686  -0.011800
48687  -0.007600
48688  -0.002900
48689  -0.002600
48690  -0.004300
48691  -0.006000
48692  -0.014000
48693  -0.011900
48694  -0.014400
48695  -0.009600
48696  -0.010300
48697  -0.013000
48698  -0.015100
48699  -0.019500
48700  -0.022300
48701  -0.026000
48702  -0.028800
48703  -0.030700
48704  -0.029100
48705  -0.033400
48706  -0.034300
48707  -0.035400
48708  -0.037300
48709  -0.037000
48710  -0.036500
48711  -0.037200
48712  -0.038600
48713  -0.040000
48714  -0.046900
48715  -0.054300
48716  -0.050400
48717  -0.051600
48718  -0.053400
48719  -0.052100
48720  -0.054500
48721  -0.055800
48722  -0.052000
48723  -0.051700
48724  -0.053200
48725  -0.056800
48726  -0.052400
48727  -0.050200
48728  -0.041900
48729  -0.039900
48730  -0.043600
48731  -0.038700
48732  -0.037600
48733  -0.040600
48734  -0.045000
48735  -0.040300
48736  -0.031700
48737  -0.026100
48738  -0.032100
48739  -0.032300
48740  -0.033600
48741  -0.037200
48742  -0.041000
48743  -0.041300
48744  -0.043800
48745  -0.046800
48746  -0.047800
48747  -0.053100
48748  -0.052500
48749  -0.050300
48750  -0.054100
48751  -0.056400
48752  -0.061500
48753  -0.060500
48754  -0.058500
48755  -0.055600
48756  -0.057000
48757  -0.059500
48758  -0.061900
48759  -0.059000
48760  -0.054600
48761  -0.054100
48762  -0.058400
48763  -0.057400
48764  -0.057500
48765  -0.055200
48766  -0.047800
48767  -0.052100
48768  -0.050900
48769  -0.051400
48770  -0.053200
48771  -0.051400
48772  -0.054200
48773  -0.052000
48774  -0.054700
48775  -0.061200
48776  -0.061900
48777  -0.071900
48778  -0.069300
48779  -0.069000
48780  -0.067600
48781  -0.069500
48782  -0.068100
48783  -0.058400
48784  -0.058600
48785  -0.062200
48786  -0.053300
48787  -0.051400
48788  -0.051600
48789  -0.052300
48790  -0.050500
48791  -0.051700
48792  -0.049300
48793  -0.045900
48794  -0.042100
48795  -0.046700
48796  -0.040500
48797  -0.043300
48798  -0.048200
48799  -0.053700
48800  -0.052500
48801  -0.053400
48802  -0.052800
48803  -0.049300
48804  -0.047900
48805  -0.051600
48806  -0.047800
48807  -0.048000
48808  -0.048600
48809  -0.046200
48810  -0.045300
48811  -0.046700
48812  -0.049100
48813  -0.042800
48814  -0.044400
48815  -0.053400
48816  -0.049500
48817  -0.046900
48818  -0.042200
48819  -0.044600
48820  -0.045200
48821  -0.051300
48822  -0.051100
48823  -0.053500
48824  -0.052400
48825  -0.053200
48826  -0.056900
48827  -0.057100
48828  -0.060500
48829  -0.061000
48830  -0.060600
48831  -0.063200
48832  -0.058400
48833  -0.055200
48834  -0.051300
48835  -0.049200
48836  -0.045000
48837  -0.052100
48838  -0.042400
48839  -0.040900
48840  -0.044300
48841  -0.042700
48842  -0.042500
48843  -0.039300
48844  -0.032800
48845  -0.035300
48846  -0.037600
48847  -0.035000
48848  -0.032000
48849  -0.033300
48850  -0.035800
48851  -0.030800
48852  -0.026900
48853  -0.024800
48854  -0.029000
48855  -0.032400
48856  -0.030000
48857  -0.036900
48858  -0.038400
48859  -0.039400
48860  -0.034900
48861  -0.037200
48862  -0.030800
48863  -0.034300
48864  -0.039900
48865  -0.041900
48866  -0.044500
48867  -0.041000
48868  -0.041100
48869  -0.042600
48870  -0.044700
48871  -0.040500
48872  -0.045000
48873  -0.041500
48874  -0.047900
48875  -0.049200
48876  -0.048000
48877  -0.048500
48878  -0.043900
48879  -0.044600
48880  -0.044000
48881  -0.046400
48882  -0.041400
48883  -0.043100
48884  -0.037200
48885  -0.034700
48886  -0.036200
48887  -0.041100
48888  -0.038500
48889  -0.035700
48890  -0.038600
48891  -0.034400
48892  -0.037000
48893  -0.031300
48894  -0.031400
48895  -0.030000
48896  -0.031400
48897  -0.027400
48898  -0.026700
48899  -0.023900
48900  -0.018700
48901  -0.023800
48902  -0.016900
48903  -0.022400
48904  -0.024700
48905  -0.022600
48906  -0.024600
48907  -0.024900
48908  -0.022800
48909  -0.016400
48910  -0.017600
48911  -0.018000
48912  -0.015800
48913  -0.016300
48914  -0.019800
48915  -0.022600
48916  -0.028700
48917  -0.030400
48918  -0.031600
48919  -0.031500
48920  -0.037500
48921  -0.044100
48922  -0.040100
48923  -0.043400
48924  -0.044500
48925  -0.046700
48926  -0.048700
48927  -0.048300
48928  -0.047300
48929  -0.049000
48930  -0.054300
48931  -0.053800
48932  -0.051500
48933  -0.052700
48934  -0.061100
48935  -0.057200
48936  -0.052100
48937  -0.054700
48938  -0.055100
48939  -0.054000
48940  -0.051600
48941  -0.051900
48942  -0.055200
48943  -0.050600
48944  -0.044400
48945  -0.041900
48946  -0.032600
48947  -0.029100
48948  -0.029200
48949  -0.025300
48950  -0.023500
48951  -0.022000
48952  -0.026900
48953  -0.029200
48954  -0.029700
48955  -0.022500
48956  -0.030700
48957  -0.028600
48958  -0.025200
48959  -0.022100
48960  -0.021100
48961  -0.018700
48962  -0.018300
48963  -0.013600
48964  -0.004800
48965  -0.006800
48966  -0.001200
48967  -0.006900
48968  -0.011000
48969  -0.010100
48970  -0.013300
48971  -0.022200
48972  -0.026800
48973  -0.029900
48974  -0.027300
48975  -0.023900
48976  -0.019200
48977  -0.025100
48978  -0.029300
48979  -0.027700
48980  -0.029800
48981  -0.033800
48982  -0.034900
48983  -0.036700
48984  -0.034900
48985  -0.028400
48986  -0.027400
48987  -0.030600
48988  -0.027400
48989  -0.034800
48990  -0.039800
48991  -0.046200
48992  -0.039300
48993  -0.044600
48994  -0.042900
48995  -0.041700
48996  -0.044000
48997  -0.043100
48998  -0.044300
48999  -0.047900
49000  -0.040900
49001  -0.040900
49002  -0.043800
49003  -0.038800
49004  -0.043200
49005  -0.042800
49006  -0.036800
49007  -0.040100
49008  -0.036800
49009  -0.035800
49010  -0.039900
49011  -0.035700
49012  -0.034900
49013  -0.034800
49014  -0.039600
49015  -0.039800
49016  -0.040400
49017  -0.044600
49018  -0.044900
49019  -0.039400
49020  -0.041200
49021  -0.034900
49022  -0.035600
49023  -0.033300
49024  -0.035300
49025  -0.036100
49026  -0.038400
49027  -0.033200
49028  -0.036200
49029  -0.035100
49030  -0.037200
49031  -0.038600
49032  -0.045300
49033  -0.049700
49034  -0.041500
49035  -0.048800
49036  -0.045100
49037  -0.050400
49038  -0.049800
49039  -0.042900
49040  -0.049200
49041  -0.050500
49042  -0.054300
49043  -0.059000
49044  -0.060400
49045  -0.059300
49046  -0.056800
49047  -0.058800
49048  -0.055300
49049  -0.046600
49050  -0.048000
49051  -0.045300
49052  -0.043100
49053  -0.044800
49054  -0.046400
49055  -0.039700
49056  -0.040800
49057  -0.033500
49058  -0.040100
49059  -0.039400
49060  -0.047900
49061  -0.047200
49062  -0.041800
49063  -0.040900
49064  -0.038200
49065  -0.034500
49066  -0.030800
49067  -0.034200
49068  -0.035400
49069  -0.037800
49070  -0.040200
49071  -0.036900
49072  -0.030800
49073  -0.031000
49074  -0.030600
49075  -0.030900
49076  -0.029400
49077  -0.025400
49078  -0.020700
49079  -0.022400
49080  -0.025600
49081  -0.027200
49082  -0.031200
49083  -0.029000
49084  -0.025900
49085  -0.026800
49086  -0.020400
49087  -0.016700
49088  -0.024100
49089  -0.021100
49090  -0.015600
49091  -0.021800
49092  -0.016800
49093  -0.016600
49094  -0.020300
49095  -0.022200
49096  -0.022100
49097  -0.017000
49098  -0.019100
49099  -0.026400
49100  -0.024200
49101  -0.022400
49102  -0.025800
49103  -0.022700
49104  -0.023600
49105  -0.016300
49106  -0.018100
49107  -0.010000
49108  -0.015600
49109  -0.012000
49110  -0.009400
49111  -0.008600
49112  -0.007400
49113  -0.008700
49114  -0.016600
49115  -0.019900
49116  -0.022000
49117  -0.023100
49118  -0.019400
49119  -0.020800
49120  -0.016800
49121  -0.013000
49122  -0.016000
49123  -0.012700
49124  -0.013200
49125  -0.014800
49126  -0.009100
49127  -0.007000
49128  -0.012700
49129  -0.011100
49130  -0.008000
49131  -0.002900
49132  -0.005700
49133  -0.004500
49134  -0.004900
49135  -0.005100
49136  -0.008900
49137  -0.013800
49138  -0.011200
49139  -0.011500
49140  -0.012000
49141  -0.017400
49142  -0.019100
49143  -0.015000
49144  -0.019400
49145  -0.019400
49146  -0.019100
49147  -0.023900
49148  -0.021700
49149  -0.026400
49150  -0.026900
49151  -0.029200
49152  -0.023400
49153  -0.018500
49154  -0.025400
49155  -0.030100
49156  -0.028500
49157  -0.029500
49158  -0.022100
49159  -0.018400
49160  -0.013900
49161  -0.014100
49162  -0.010800
49163  -0.012500
49164  -0.014700
49165  -0.018000
49166  -0.019800
49167  -0.017100
49168  -0.014700
49169  -0.015500
49170  -0.018600
49171  -0.025800
49172  -0.017200
49173  -0.019200
49174  -0.022800
49175  -0.024000
49176  -0.024300
49177  -0.019000
49178  -0.022100
49179  -0.022500
49180  -0.021700
49181  -0.013500
49182  -0.008700
49183  -0.019200
49184  -0.011800
49185  -0.003700
49186  -0.004800
49187  -0.005800
49188  -0.003500
49189  -0.004800
49190  -0.005700
49191  -0.000300
49192   0.005300
49193   0.003300
49194   0.001000
49195   0.000900
49196  -0.000400
49197   0.000500
49198  -0.003400
49199  -0.001300
49200  -0.001200
49201  -0.000500
49202  -0.006700
49203  -0.008200
49204  -0.002100
49205   0.000300
49206  -0.002800
49207   0.003200
49208   0.009200
49209   0.015400
49210   0.020400
49211   0.020800
49212   0.015900
49213   0.019900
49214   0.020800
49215   0.020800
49216   0.015100
49217   0.017300
49218   0.014700
49219   0.017400
49220   0.011000
49221   0.017600
49222   0.020400
49223   0.024300
49224   0.027900
49225   0.031900
49226   0.031800
49227   0.029700
49228   0.030100
49229   0.029300
49230   0.028400
49231   0.024900
49232   0.023300
49233   0.026200
49234   0.031000
49235   0.029700
49236   0.028100
49237   0.025300
49238   0.029500
49239   0.032000
49240   0.031000
49241   0.031200
49242   0.028600
49243   0.029000
49244   0.026400
49245   0.030100
49246   0.029800
49247   0.031300
49248   0.033600
49249   0.037000
49250   0.035000
49251   0.032700
49252   0.034600
49253   0.034200
49254   0.034900
49255   0.033800
49256   0.033200
49257   0.031100
49258   0.028600
49259   0.024800
49260   0.024800
49261   0.013900
49262   0.012600
49263   0.011000
49264   0.014200
49265   0.016200
49266   0.019500
49267   0.016500
49268   0.016900
49269   0.013400
49270   0.012900
49271   0.017700
49272   0.012300
49273   0.014300
49274   0.009900
49275   0.005200
49276   0.002600
49277  -0.001200
49278  -0.002900
49279  -0.000800
49280   0.003900
49281   0.003200
49282  -0.005700
49283  -0.004400
49284  -0.008800
49285  -0.007900
49286  -0.013000
49287  -0.012100
49288  -0.016200
49289  -0.016500
49290  -0.025400
49291  -0.025300
49292  -0.026400
49293  -0.027200
49294  -0.027000
49295  -0.028100
49296  -0.031900
49297  -0.035100
49298  -0.025700
49299  -0.028800
49300  -0.022500
49301  -0.018000
49302  -0.014300
49303  -0.015600
49304  -0.014700
49305  -0.016000
49306  -0.025400
49307  -0.027000
49308  -0.026300
49309  -0.026600
49310  -0.025100
49311  -0.022900
49312  -0.027400
49313  -0.032100
49314  -0.025400
49315  -0.023500
49316  -0.026900
49317  -0.023000
49318  -0.023300
49319  -0.021400
49320  -0.020100
49321  -0.020400
49322  -0.018700
49323  -0.017300
49324  -0.023400
49325  -0.020500
49326  -0.013300
49327  -0.007500
49328  -0.014200
49329  -0.013300
49330  -0.014500
49331  -0.017900
49332  -0.019000
49333  -0.016700
49334  -0.018400
49335  -0.026600
49336  -0.024300
49337  -0.022300
49338  -0.025700
49339  -0.032800
49340  -0.035600
49341  -0.035000
49342  -0.040800
49343  -0.040400
49344  -0.041400
49345  -0.043900
49346  -0.048800
49347  -0.053400
49348  -0.054300
49349  -0.050500
49350  -0.050100
49351  -0.049100
49352  -0.044600
49353  -0.050500
49354  -0.048100
49355  -0.054400
49356  -0.057000
49357  -0.061500
49358  -0.058200
49359  -0.059300
49360  -0.063700
49361  -0.063600
49362  -0.069400
49363  -0.067000
49364  -0.069700
49365  -0.071600
49366  -0.064700
49367  -0.067100
49368  -0.067900
49369  -0.067900
49370  -0.067500
49371  -0.067200
49372  -0.062200
49373  -0.055000
49374  -0.045000
49375  -0.050600
49376  -0.049200
49377  -0.048200
49378  -0.048100
49379  -0.048500
49380  -0.053200
49381  -0.047200
49382  -0.040100
49383  -0.042000
49384  -0.040500
49385  -0.043100
49386  -0.043900
49387  -0.040100
49388  -0.038900
49389  -0.040700
49390  -0.033600
49391  -0.032700
49392  -0.031800
49393  -0.036100
49394  -0.037000
49395  -0.035700
49396  -0.033800
49397  -0.033700
49398  -0.036700
49399  -0.040700
49400  -0.039100
49401  -0.039700
49402  -0.045100
49403  -0.045300
49404  -0.043100
49405  -0.042600
49406  -0.046500
49407  -0.042400
49408  -0.040600
49409  -0.040000
49410  -0.037100
49411  -0.037900
49412  -0.038600
49413  -0.033000
49414  -0.030200
49415  -0.024100
49416  -0.028200
49417  -0.028900
49418  -0.030200
49419  -0.028500
49420  -0.030100
49421  -0.027800
49422  -0.028100
49423  -0.019800
49424  -0.018900
49425  -0.015700
49426  -0.002900
49427  -0.002700
49428  -0.006200
49429   0.002900
49430   0.007400
49431   0.007800
49432   0.011600
49433   0.009100
49434   0.009100
49435   0.010900
49436   0.012100
49437   0.015100
49438   0.020100
49439   0.018800
49440   0.024300
49441   0.018100
49442   0.011900
49443   0.002400
49444   0.006000
49445   0.009100
49446   0.008200
49447   0.005700
49448   0.007700
49449   0.010800
49450   0.010500
49451   0.004000
49452   0.016400
49453   0.010200
49454   0.009000
49455   0.011800
49456   0.010600
49457   0.011300
49458   0.007700
49459   0.007700
49460   0.004300
49461   0.004200
49462   0.002500
49463  -0.000500
49464   0.002500
49465   0.002900
49466   0.002800
49467   0.002500
49468   0.002800
49469  -0.000100
49470  -0.002000
49471  -0.006200
49472  -0.004600
49473  -0.000200
49474   0.004400
49475   0.000400
49476  -0.002800
49477  -0.002200
49478   0.003700
49479  -0.002500
49480  -0.004600
49481   0.000200
49482   0.000200
49483   0.002000
49484   0.006100
49485   0.011900
49486   0.011700
49487   0.010100
49488   0.009200
49489   0.009400
49490   0.010300
49491   0.007300
49492   0.003300
49493   0.006900
49494  -0.000500
49495   0.004500
49496   0.000800
49497   0.004600
49498   0.005200
49499   0.003300
49500  -0.001300
49501   0.004800
49502   0.007000
49503   0.009800
49504   0.017500
49505   0.016600
49506   0.024600
49507   0.027500
49508   0.026100
49509   0.020800
49510   0.021100
49511   0.020300
49512   0.017500
49513   0.020300
49514   0.022700
49515   0.018500
49516   0.019800
49517   0.015900
49518   0.017200
49519   0.024200
49520   0.023900
49521   0.021700
49522   0.023000
49523   0.027500
49524   0.024100
49525   0.027700
49526   0.024400
49527   0.027200
49528   0.018500
49529   0.009400
49530   0.012400
49531   0.015600
49532   0.019600
49533   0.022800
49534   0.021400
49535   0.016400
49536   0.022500
49537   0.029200
49538   0.021500
49539   0.018200
49540   0.015700
49541   0.018600
49542   0.017200
49543   0.016500
49544   0.017800
49545   0.018900
49546   0.023300
49547   0.025900
49548   0.022200
49549   0.026900
49550   0.024100
49551   0.022700
49552   0.016900
49553   0.016700
49554   0.013300
49555   0.014500
49556   0.014400
49557   0.006000
49558   0.002200
49559  -0.002800
49560  -0.001500
49561   0.005800
49562   0.007100
49563   0.003800
49564   0.006800
49565   0.008600
49566   0.003600
49567  -0.005200
49568   0.002100
49569   0.003500
49570   0.004800
49571   0.006500
49572   0.007500
49573   0.003100
49574   0.002100
49575  -0.005000
49576  -0.001800
49577   0.001400
49578   0.001000
49579   0.004900
49580   0.006000
49581   0.009400
49582   0.008800
49583   0.008200
49584   0.014700
49585   0.018300
49586   0.016400
49587   0.019800
49588   0.023700
49589   0.021300
49590   0.019300
49591   0.016600
49592   0.015200
49593   0.018400
49594   0.019000
49595   0.022900
49596   0.021700
49597   0.024100
49598   0.023400
49599   0.021200
49600   0.020300
49601   0.026700
49602   0.024700
49603   0.019500
49604   0.015700
49605   0.020700
49606   0.024900
49607   0.031800
49608   0.032700
49609   0.036100
49610   0.025700
49611   0.026600
49612   0.037000
49613   0.041500
49614   0.045500
49615   0.042700
49616   0.042400
49617   0.044700
49618   0.042900
49619   0.046400
49620   0.046200
49621   0.043500
49622   0.049400
49623   0.045800
49624   0.049700
49625   0.043400
49626   0.044900
49627   0.045700
49628   0.046200
49629   0.046100
49630   0.049900
49631   0.050800
49632   0.047400
49633   0.049600
49634   0.054300
49635   0.054600
49636   0.058400
49637   0.057300
49638   0.056100
49639   0.059400
49640   0.057000
49641   0.064400
49642   0.059800
49643   0.060500
49644   0.062300
49645   0.066300
49646   0.063600
49647   0.060200
49648   0.060800
49649   0.059400
49650   0.055300
49651   0.046400
49652   0.045400
49653   0.053700
49654   0.055200
49655   0.049000
49656   0.044900
49657   0.043900
49658   0.046000
49659   0.051100
49660   0.052700
49661   0.058000
49662   0.054700
49663   0.052900
49664   0.051200
49665   0.052600
49666   0.051300
49667   0.054500
49668   0.046300
49669   0.046000
49670   0.044700
49671   0.050300
49672   0.049000
49673   0.047400
49674   0.051500
49675   0.056600
49676   0.057400
49677   0.053500
49678   0.059300
49679   0.057100
49680   0.053700
49681   0.053400
49682   0.062100
49683   0.057200
49684   0.057300
49685   0.056500
49686   0.056400
49687   0.054800
49688   0.051000
49689   0.041600
49690   0.042200
49691   0.047500
49692   0.048100
49693   0.051200
49694   0.056700
49695   0.056300
49696   0.050500
49697   0.047600
49698   0.055100
49699   0.057400
49700   0.059800
49701   0.061600
49702   0.060400
49703   0.059900
49704   0.062100
49705   0.058500
49706   0.059700
49707   0.066800
49708   0.066600
49709   0.068400
49710   0.068000
49711   0.066900
49712   0.069000
49713   0.068800
49714   0.058700
49715   0.058400
49716   0.059500
49717   0.056500
49718   0.054800
49719   0.055600
49720   0.061600
49721   0.061500
49722   0.058800
49723   0.056200
49724   0.058400
49725   0.063400
49726   0.060500
49727   0.060700
49728   0.058100
49729   0.066300
49730   0.077300
49731   0.073800
49732   0.072500
49733   0.070100
49734   0.063400
49735   0.060200
49736   0.058800
49737   0.062700
49738   0.057300
49739   0.059000
49740   0.057200
49741   0.057700
49742   0.056400
49743   0.061200
49744   0.059900
49745   0.054500
49746   0.054700
49747   0.054900
49748   0.046000
49749   0.042600
49750   0.041600
49751   0.038600
49752   0.037900
49753   0.037600
49754   0.042700
49755   0.044600
49756   0.045200
49757   0.050000
49758   0.045300
49759   0.045300
49760   0.044500
49761   0.043500
49762   0.047900
49763   0.047600
49764   0.046600
49765   0.049300
49766   0.051000
49767   0.053700
49768   0.053400
49769   0.056100
49770   0.056300
49771   0.054200
49772   0.051900
49773   0.052700
49774   0.046400
49775   0.044100
49776   0.043000
49777   0.041100
49778   0.047900
49779   0.057200
49780   0.050300
49781   0.044700
49782   0.043400
49783   0.045700
49784   0.050300
49785   0.047600
49786   0.047000
49787   0.043400
49788   0.049200
49789   0.046900
49790   0.046400
49791   0.049900
49792   0.053700
49793   0.052100
49794   0.049800
49795   0.046100
49796   0.042000
49797   0.042100
49798   0.038700
49799   0.034900
49800   0.029900
49801   0.031000
49802   0.030800
49803   0.020700
49804   0.022000
49805   0.020200
49806   0.027200
49807   0.028800
49808   0.020100
49809   0.021600
49810   0.019800
49811   0.025500
49812   0.024700
49813   0.025500
49814   0.026200
49815   0.021100
49816   0.022100
49817   0.020500
49818   0.016700
49819   0.009300
49820   0.008100
49821   0.007000
49822   0.011300
49823   0.008400
49824   0.014600
49825   0.016100
49826   0.013000
49827   0.021900
49828   0.021900
49829   0.019100
49830   0.017200
49831   0.016100
49832   0.014800
49833   0.017900
49834   0.019400
49835   0.016800
49836   0.019900
49837   0.016100
49838   0.020300
49839   0.019600
49840   0.018400
49841   0.023300
49842   0.028300
49843   0.024200
49844   0.030300
49845   0.026400
49846   0.025700
49847   0.028200
49848   0.030600
49849   0.032900
49850   0.036500
49851   0.040000
49852   0.032900
49853   0.027500
49854   0.031400
49855   0.030400
49856   0.033900
49857   0.033300
49858   0.032000
49859   0.028000
49860   0.030600
49861   0.029100
49862   0.023600
49863   0.025800
49864   0.027500
49865   0.020500
49866   0.017800
49867   0.016500
49868   0.022200
49869   0.025500
49870   0.027400
49871   0.030000
49872   0.030700
49873   0.022400
49874   0.024100
49875   0.032500
49876   0.028900
49877   0.026700
49878   0.020000
49879   0.019900
49880   0.023000
49881   0.023000
49882   0.033400
49883   0.026500
49884   0.027700
49885   0.029200
49886   0.029600
49887   0.026700
49888   0.028500
49889   0.018500
49890   0.019500
49891   0.015100
49892   0.015700
49893   0.010400
49894   0.013900
49895   0.014700
49896   0.015900
49897   0.005900
49898   0.001100
49899  -0.000500
49900  -0.010500
49901  -0.008100
49902  -0.010900
49903  -0.007700
49904  -0.013700
49905  -0.011000
49906  -0.011300
49907  -0.015300
49908  -0.013300
49909  -0.011500
49910  -0.009600
49911  -0.001900
49912   0.003800
49913   0.002400
49914  -0.001400
49915  -0.002100
49916   0.000100
49917   0.005100
49918   0.005500
49919   0.013300
49920   0.017400
49921   0.022500
49922   0.023800
49923   0.020300
49924   0.019600
49925   0.019800
49926   0.019200
49927   0.013300
49928   0.014900
49929   0.006500
49930   0.000000
49931   0.000600
49932   0.009100
49933   0.012500
49934   0.007100
49935   0.004600
49936   0.004400
49937   0.005800
49938   0.002900
49939   0.006200
49940   0.005300
49941  -0.000300
49942  -0.003200
49943   0.000300
49944   0.002200
49945  -0.003800
49946  -0.005100
49947  -0.009400
49948  -0.006200
49949  -0.000500
49950  -0.005300
49951  -0.007800
49952  -0.005600
49953  -0.008500
49954  -0.007100
49955  -0.001500
49956   0.001900
49957  -0.001100
49958  -0.003100
49959   0.002700
49960   0.009000
49961   0.012500
49962   0.014300
49963   0.016600
49964   0.009900
49965   0.010500
49966   0.007100
49967   0.002500
49968   0.001100
49969   0.000900
49970   0.008600
49971   0.013100
49972   0.019900
49973   0.017100
49974   0.018500
49975   0.025600
49976   0.024000
49977   0.020200
49978   0.024700
49979   0.028100
49980   0.020700
49981   0.012600
49982   0.013800
49983   0.013700
49984   0.010200
49985   0.006600
49986   0.008800
49987   0.008200
49988   0.004800
49989   0.004000
49990   0.005700
49991   0.014000
49992   0.014000
49993   0.009800
49994   0.011200
49995   0.014600
49996   0.013700
49997   0.014900
49998   0.015700
49999   0.008500
