0   0.173900
1   0.174300
2   0.174700
3   0.174900
4   0.175200
5   0.174800
6   0.174900
7   0.174500
8   0.175400
9   0.174900
10   0.174600
11   0.173600
12   0.172900
13   0.172500
14   0.172500
15   0.172600
16   0.174000
17   0.174700
18   0.174800
19   0.175700
20   0.174900
21   0.174300
22   0.173600
23   0.173900
24   0.173700
25   0.173200
26   0.173700
27   0.173300
28   0.171700
29   0.170600
30   0.171300
31   0.172200
32   0.173600
33   0.174200
34   0.174300
35   0.172900
36   0.173700
37   0.174400
38   0.175000
39   0.175500
40   0.175000
41   0.175700
42   0.175700
43   0.176200
44   0.176300
45   0.177000
46   0.176900
47   0.177100
48   0.176200
49   0.176700
50   0.176100
51   0.177100
52   0.176700
53   0.177800
54   0.179100
55   0.178900
56   0.177100
57   0.175300
58   0.176300
59   0.176300
60   0.176700
61   0.176500
62   0.176000
63   0.176900
64   0.176100
65   0.177100
66   0.176700
67   0.177700
68   0.178400
69   0.179400
70   0.179700
71   0.181200
72   0.181800
73   0.183100
74   0.182700
75   0.182600
76   0.184600
77   0.184500
78   0.184300
79   0.183700
80   0.183200
81   0.182000
82   0.181600
83   0.179300
84   0.179300
85   0.180900
86   0.181400
87   0.180700
88   0.179200
89   0.179600
90   0.181200
91   0.179800
92   0.178900
93   0.179300
94   0.178400
95   0.177800
96   0.177700
97   0.177000
98   0.176700
99   0.175800
100   0.174000
101   0.175100
102   0.176700
103   0.178500
104   0.179600
105   0.179500
106   0.179500
107   0.179400
108   0.180400
109   0.181900
110   0.182000
111   0.181800
112   0.181700
113   0.179200
114   0.179100
115   0.178100
116   0.178100
117   0.176900
118   0.177300
119   0.178200
120   0.178700
121   0.178700
122   0.179600
123   0.179500
124   0.180400
125   0.181800
126   0.179900
127   0.179900
128   0.180300
129   0.178600
130   0.178600
131   0.178200
132   0.178700
133   0.180100
134   0.180300
135   0.180800
136   0.180200
137   0.181200
138   0.180000
139   0.180400
140   0.180500
141   0.179500
142   0.181900
143   0.182400
144   0.182700
145   0.183700
146   0.183600
147   0.182400
148   0.183700
149   0.183700
150   0.183800
151   0.182900
152   0.183000
153   0.182200
154   0.180700
155   0.181100
156   0.182600
157   0.183500
158   0.183200
159   0.183300
160   0.185000
161   0.184000
162   0.182200
163   0.183400
164   0.184400
165   0.184500
166   0.185100
167   0.183400
168   0.183600
169   0.185700
170   0.185900
171   0.186900
172   0.189500
173   0.187900
174   0.187600
175   0.186500
176   0.187400
177   0.186200
178   0.185700
179   0.186300
180   0.187200
181   0.186700
182   0.188100
183   0.187300
184   0.186600
185   0.187600
186   0.188700
187   0.188800
188   0.187100
189   0.187200
190   0.187300
191   0.187600
192   0.187400
193   0.186300
194   0.186500
195   0.186900
196   0.187100
197   0.186400
198   0.188600
199   0.187600
200   0.186800
201   0.188200
202   0.189400
203   0.188900
204   0.190300
205   0.190500
206   0.190300
207   0.191800
208   0.191700
209   0.190600
210   0.190000
211   0.188400
212   0.187800
213   0.189300
214   0.189500
215   0.189400
216   0.190500
217   0.190400
218   0.189700
219   0.190600
220   0.191000
221   0.192000
222   0.192400
223   0.192600
224   0.191900
225   0.193800
226   0.195800
227   0.193700
228   0.194300
229   0.192300
230   0.194300
231   0.194000
232   0.193600
233   0.194600
234   0.194300
235   0.192700
236   0.194000
237   0.192700
238   0.192800
239   0.192400
240   0.193400
241   0.193000
242   0.191600
243   0.191000
244   0.190600
245   0.190200
246   0.190600
247   0.189000
248   0.189000
249   0.190300
250   0.189800
251   0.189400
252   0.187800
253   0.187900
254   0.188900
255   0.188500
256   0.189500
257   0.188300
258   0.188600
259   0.189300
260   0.190600
261   0.191400
262   0.191800
263   0.191800
264   0.190700
265   0.190700
266   0.190100
267   0.189500
268   0.188600
269   0.188000
270   0.187700
271   0.186500
272   0.185600
273   0.186100
274   0.185700
275   0.184600
276   0.185300
277   0.184800
278   0.184800
279   0.183900
280   0.182300
281   0.181900
282   0.181000
283   0.181000
284   0.182400
285   0.182500
286   0.180900
287   0.181300
288   0.182000
289   0.181600
290   0.181900
291   0.182500
292   0.182600
293   0.182800
294   0.183600
295   0.184100
296   0.184000
297   0.184800
298   0.186600
299   0.186600
300   0.186900
301   0.185400
302   0.186600
303   0.186500
304   0.188100
305   0.189200
306   0.189600
307   0.191100
308   0.192800
309   0.192800
310   0.194000
311   0.193200
312   0.194200
313   0.194400
314   0.196100
315   0.196600
316   0.195600
317   0.194900
318   0.194400
319   0.194200
320   0.193000
321   0.194200
322   0.195700
323   0.195800
324   0.195100
325   0.196200
326   0.196300
327   0.197800
328   0.196800
329   0.197700
330   0.196400
331   0.198100
332   0.196900
333   0.197200
334   0.197700
335   0.197000
336   0.196600
337   0.196400
338   0.196000
339   0.196200
340   0.196000
341   0.195200
342   0.194200
343   0.194700
344   0.195100
345   0.193500
346   0.194000
347   0.192400
348   0.193700
349   0.193300
350   0.190200
351   0.191200
352   0.191900
353   0.190400
354   0.188700
355   0.189600
356   0.190800
357   0.190100
358   0.190000
359   0.190000
360   0.190500
361   0.190700
362   0.189900
363   0.191000
364   0.191100
365   0.192700
366   0.191100
367   0.191800
368   0.191400
369   0.192400
370   0.192900
371   0.191600
372   0.190900
373   0.190700
374   0.190700
375   0.190500
376   0.191100
377   0.190900
378   0.189200
379   0.189400
380   0.189800
381   0.189700
382   0.190600
383   0.191300
384   0.191400
385   0.191700
386   0.191500
387   0.191500
388   0.192300
389   0.191900
390   0.191600
391   0.191900
392   0.191300
393   0.190700
394   0.191500
395   0.190500
396   0.190800
397   0.191900
398   0.192100
399   0.191800
400   0.192100
401   0.192000
402   0.192600
403   0.193100
404   0.192000
405   0.191800
406   0.190700
407   0.192800
408   0.192900
409   0.193300
410   0.191900
411   0.191700
412   0.191300
413   0.191100
414   0.191100
415   0.190000
416   0.191000
417   0.190600
418   0.189700
419   0.190300
420   0.189200
421   0.189400
422   0.189800
423   0.191000
424   0.191400
425   0.191300
426   0.192000
427   0.191700
428   0.190800
429   0.191900
430   0.191100
431   0.189300
432   0.190800
433   0.191100
434   0.191400
435   0.191400
436   0.191700
437   0.193600
438   0.194200
439   0.194600
440   0.194900
441   0.194000
442   0.192500
443   0.192800
444   0.192700
445   0.192900
446   0.193100
447   0.192400
448   0.193200
449   0.194000
450   0.193800
451   0.193900
452   0.193600
453   0.193800
454   0.193500
455   0.193100
456   0.193000
457   0.192800
458   0.194000
459   0.195200
460   0.195200
461   0.194600
462   0.193700
463   0.193800
464   0.193400
465   0.193400
466   0.195600
467   0.195500
468   0.197100
469   0.197300
470   0.198500
471   0.199200
472   0.200600
473   0.199400
474   0.199600
475   0.199800
476   0.198800
477   0.199800
478   0.199900
479   0.199200
480   0.198500
481   0.196900
482   0.195600
483   0.194900
484   0.194800
485   0.194000
486   0.193600
487   0.194800
488   0.195100
489   0.195000
490   0.195700
491   0.196000
492   0.195800
493   0.196400
494   0.196600
495   0.196600
496   0.197500
497   0.197500
498   0.197300
499   0.197400
500   0.198200
501   0.198500
502   0.197700
503   0.196800
504   0.197300
505   0.197800
506   0.197400
507   0.197900
508   0.197800
509   0.196800
510   0.197700
511   0.197700
512   0.194800
513   0.194400
514   0.194900
515   0.194100
516   0.193200
517   0.194100
518   0.194000
519   0.194500
520   0.195000
521   0.193700
522   0.192500
523   0.190900
524   0.190700
525   0.190400
526   0.188800
527   0.187100
528   0.187800
529   0.187800
530   0.187000
531   0.186200
532   0.188200
533   0.188900
534   0.187200
535   0.187800
536   0.187000
537   0.187400
538   0.187300
539   0.187000
540   0.185900
541   0.187500
542   0.186600
543   0.185900
544   0.186600
545   0.186700
546   0.185300
547   0.187000
548   0.186400
549   0.187000
550   0.186800
551   0.187900
552   0.188300
553   0.189900
554   0.189800
555   0.189100
556   0.190600
557   0.190400
558   0.191400
559   0.190700
560   0.191000
561   0.190700
562   0.188100
563   0.187300
564   0.185600
565   0.186400
566   0.186000
567   0.184600
568   0.183400
569   0.184700
570   0.186100
571   0.186000
572   0.186800
573   0.188000
574   0.188400
575   0.189200
576   0.189700
577   0.190700
578   0.191400
579   0.189500
580   0.190400
581   0.190700
582   0.188400
583   0.188500
584   0.187700
585   0.188700
586   0.188400
587   0.187300
588   0.187300
589   0.186400
590   0.186000
591   0.186000
592   0.186600
593   0.188000
594   0.188600
595   0.190800
596   0.190800
597   0.189200
598   0.189400
599   0.188400
600   0.188000
601   0.188500
602   0.187900
603   0.188000
604   0.189500
605   0.188700
606   0.189000
607   0.187800
608   0.186800
609   0.186700
610   0.186700
611   0.186800
612   0.186800
613   0.187300
614   0.186900
615   0.186400
616   0.186300
617   0.186200
618   0.184200
619   0.183300
620   0.181500
621   0.183000
622   0.181700
623   0.181300
624   0.180700
625   0.180100
626   0.179900
627   0.180400
628   0.181300
629   0.180500
630   0.180800
631   0.180600
632   0.178000
633   0.177100
634   0.177400
635   0.178700
636   0.178400
637   0.178700
638   0.179900
639   0.181400
640   0.181800
641   0.181400
642   0.180700
643   0.181900
644   0.181700
645   0.181500
646   0.181200
647   0.181200
648   0.181300
649   0.180700
650   0.181800
651   0.182500
652   0.182100
653   0.182900
654   0.182800
655   0.183000
656   0.183400
657   0.183300
658   0.183800
659   0.183700
660   0.183400
661   0.185300
662   0.185400
663   0.185800
664   0.185000
665   0.183500
666   0.182300
667   0.182400
668   0.182800
669   0.181600
670   0.180600
671   0.180800
672   0.180400
673   0.181600
674   0.181800
675   0.181200
676   0.180700
677   0.180700
678   0.181300
679   0.181700
680   0.180700
681   0.179600
682   0.179700
683   0.178600
684   0.179000
685   0.179000
686   0.178600
687   0.177000
688   0.175500
689   0.176000
690   0.176100
691   0.176100
692   0.174800
693   0.175400
694   0.175800
695   0.176900
696   0.176800
697   0.177800
698   0.176900
699   0.176500
700   0.175300
701   0.175500
702   0.176000
703   0.175300
704   0.175400
705   0.175300
706   0.176300
707   0.176000
708   0.173800
709   0.174400
710   0.174300
711   0.174000
712   0.175600
713   0.174900
714   0.176300
715   0.175600
716   0.176500
717   0.178000
718   0.179000
719   0.178700
720   0.178400
721   0.179500
722   0.180200
723   0.180500
724   0.181400
725   0.180100
726   0.180900
727   0.180400
728   0.181600
729   0.181800
730   0.181000
731   0.182000
732   0.182400
733   0.183100
734   0.182700
735   0.181900
736   0.182200
737   0.181900
738   0.181700
739   0.182800
740   0.183700
741   0.183500
742   0.182500
743   0.182500
744   0.182200
745   0.182700
746   0.182500
747   0.183200
748   0.182400
749   0.183600
750   0.181800
751   0.181900
752   0.182100
753   0.181500
754   0.179700
755   0.180400
756   0.180700
757   0.181100
758   0.180600
759   0.180100
760   0.179200
761   0.180400
762   0.180300
763   0.181900
764   0.179700
765   0.180600
766   0.179300
767   0.178800
768   0.177300
769   0.178000
770   0.177900
771   0.177500
772   0.177100
773   0.177400
774   0.177800
775   0.178400
776   0.179000
777   0.179500
778   0.179500
779   0.179300
780   0.180300
781   0.178400
782   0.178300
783   0.177800
784   0.176600
785   0.177700
786   0.177500
787   0.179600
788   0.178900
789   0.178500
790   0.178200
791   0.177700
792   0.176600
793   0.176900
794   0.176300
795   0.175600
796   0.178600
797   0.179100
798   0.180300
799   0.182000
800   0.182200
801   0.182700
802   0.181000
803   0.180400
804   0.179500
805   0.178400
806   0.177900
807   0.176000
808   0.175700
809   0.176800
810   0.176200
811   0.176000
812   0.175600
813   0.176400
814   0.177100
815   0.178300
816   0.178300
817   0.177500
818   0.176100
819   0.175500
820   0.175400
821   0.177300
822   0.178400
823   0.179400
824   0.180200
825   0.179900
826   0.179800
827   0.180100
828   0.180400
829   0.180400
830   0.180600
831   0.180100
832   0.179700
833   0.179800
834   0.179000
835   0.179500
836   0.179200
837   0.178900
838   0.179200
839   0.180900
840   0.180800
841   0.180500
842   0.179200
843   0.178600
844   0.178100
845   0.178300
846   0.178600
847   0.180700
848   0.180600
849   0.179300
850   0.179300
851   0.179800
852   0.180800
853   0.180900
854   0.183100
855   0.183100
856   0.185400
857   0.185500
858   0.185400
859   0.186500
860   0.187700
861   0.188800
862   0.186900
863   0.187600
864   0.187400
865   0.186700
866   0.185800
867   0.184400
868   0.184300
869   0.184300
870   0.184300
871   0.183900
872   0.182400
873   0.182700
874   0.182700
875   0.184000
876   0.185900
877   0.186000
878   0.185100
879   0.184700
880   0.183500
881   0.182900
882   0.183800
883   0.181500
884   0.180000
885   0.179600
886   0.178800
887   0.180400
888   0.181000
889   0.181300
890   0.181600
891   0.184300
892   0.185500
893   0.185500
894   0.186200
895   0.186700
896   0.186600
897   0.186800
898   0.187800
899   0.187500
900   0.187600
901   0.187400
902   0.187800
903   0.187000
904   0.187500
905   0.186400
906   0.185900
907   0.186300
908   0.183300
909   0.182800
910   0.182900
911   0.182400
912   0.181300
913   0.181900
914   0.183100
915   0.184500
916   0.185900
917   0.186500
918   0.185200
919   0.184500
920   0.185000
921   0.185700
922   0.185100
923   0.185100
924   0.185100
925   0.186100
926   0.187400
927   0.186300
928   0.184600
929   0.184600
930   0.185700
931   0.184600
932   0.184500
933   0.185500
934   0.185800
935   0.187800
936   0.188700
937   0.187600
938   0.186200
939   0.185900
940   0.186200
941   0.187100
942   0.186700
943   0.185600
944   0.187600
945   0.187300
946   0.187000
947   0.189000
948   0.190000
949   0.191500
950   0.190900
951   0.190400
952   0.191600
953   0.191500
954   0.191100
955   0.190800
956   0.190400
957   0.191400
958   0.191800
959   0.190600
960   0.189000
961   0.189400
962   0.189100
963   0.187700
964   0.188700
965   0.188200
966   0.187100
967   0.187900
968   0.186400
969   0.187700
970   0.186200
971   0.185600
972   0.185400
973   0.186700
974   0.186800
975   0.188500
976   0.187400
977   0.186500
978   0.185300
979   0.183800
980   0.183300
981   0.182800
982   0.182900
983   0.183400
984   0.183800
985   0.185500
986   0.185300
987   0.185600
988   0.185100
989   0.184700
990   0.184600
991   0.184700
992   0.185300
993   0.184100
994   0.185100
995   0.184600
996   0.186500
997   0.186000
998   0.184500
999   0.184000
1000   0.184100
1001   0.184400
1002   0.185500
1003   0.185700
1004   0.185500
1005   0.186000
1006   0.185500
1007   0.184900
1008   0.185400
1009   0.184800
1010   0.184500
1011   0.185200
1012   0.185100
1013   0.184800
1014   0.186100
1015   0.186100
1016   0.185700
1017   0.184600
1018   0.184600
1019   0.182800
1020   0.184000
1021   0.183100
1022   0.183900
1023   0.184100
1024   0.183600
1025   0.182400
1026   0.181200
1027   0.179800
1028   0.179900
1029   0.181100
1030   0.180000
1031   0.180200
1032   0.180700
1033   0.180400
1034   0.179500
1035   0.179600
1036   0.180400
1037   0.178500
1038   0.178900
1039   0.177400
1040   0.176400
1041   0.176500
1042   0.176500
1043   0.178500
1044   0.178400
1045   0.179400
1046   0.179900
1047   0.179200
1048   0.180100
1049   0.180800
1050   0.179700
1051   0.181000
1052   0.181900
1053   0.180500
1054   0.179500
1055   0.180800
1056   0.181600
1057   0.182800
1058   0.181500
1059   0.182500
1060   0.183100
1061   0.183000
1062   0.182400
1063   0.182000
1064   0.181000
1065   0.182100
1066   0.183500
1067   0.184400
1068   0.184200
1069   0.186000
1070   0.187100
1071   0.186500
1072   0.184300
1073   0.184000
1074   0.183100
1075   0.182100
1076   0.180200
1077   0.179400
1078   0.178100
1079   0.178400
1080   0.176700
1081   0.177200
1082   0.177700
1083   0.176000
1084   0.176800
1085   0.176900
1086   0.177000
1087   0.176300
1088   0.175800
1089   0.174600
1090   0.175400
1091   0.174200
1092   0.173000
1093   0.172200
1094   0.173200
1095   0.174000
1096   0.172700
1097   0.173800
1098   0.173600
1099   0.173600
1100   0.174400
1101   0.173600
1102   0.173200
1103   0.172700
1104   0.173600
1105   0.174100
1106   0.174600
1107   0.173300
1108   0.171800
1109   0.172000
1110   0.172200
1111   0.171400
1112   0.171000
1113   0.170700
1114   0.170400
1115   0.169900
1116   0.169600
1117   0.169000
1118   0.169300
1119   0.169800
1120   0.167500
1121   0.168800
1122   0.167700
1123   0.167200
1124   0.167500
1125   0.169100
1126   0.170800
1127   0.170100
1128   0.170700
1129   0.171100
1130   0.170400
1131   0.171000
1132   0.169400
1133   0.169200
1134   0.168800
1135   0.168800
1136   0.168200
1137   0.167800
1138   0.166600
1139   0.166100
1140   0.167500
1141   0.166300
1142   0.166700
1143   0.165700
1144   0.164900
1145   0.165400
1146   0.164500
1147   0.165000
1148   0.164100
1149   0.163300
1150   0.162300
1151   0.161400
1152   0.161400
1153   0.161000
1154   0.160000
1155   0.161000
1156   0.160400
1157   0.158400
1158   0.157600
1159   0.158400
1160   0.159800
1161   0.161200
1162   0.161500
1163   0.161700
1164   0.161600
1165   0.161800
1166   0.161800
1167   0.161400
1168   0.161600
1169   0.160800
1170   0.162000
1171   0.162500
1172   0.162400
1173   0.161300
1174   0.161800
1175   0.160700
1176   0.161000
1177   0.160900
1178   0.160200
1179   0.160100
1180   0.160800
1181   0.160600
1182   0.160700
1183   0.160900
1184   0.161000
1185   0.161000
1186   0.160500
1187   0.160000
1188   0.160500
1189   0.161400
1190   0.160900
1191   0.161400
1192   0.160600
1193   0.159900
1194   0.160700
1195   0.160700
1196   0.162200
1197   0.161200
1198   0.161500
1199   0.163200
1200   0.163600
1201   0.163000
1202   0.163900
1203   0.164100
1204   0.163800
1205   0.163400
1206   0.164300
1207   0.163700
1208   0.163900
1209   0.163600
1210   0.161800
1211   0.162100
1212   0.162900
1213   0.162500
1214   0.161400
1215   0.160400
1216   0.160300
1217   0.159400
1218   0.159200
1219   0.158700
1220   0.159300
1221   0.158800
1222   0.159200
1223   0.160000
1224   0.159800
1225   0.160800
1226   0.161500
1227   0.161600
1228   0.162400
1229   0.161200
1230   0.162300
1231   0.160900
1232   0.160700
1233   0.159500
1234   0.159900
1235   0.158500
1236   0.159200
1237   0.158900
1238   0.159300
1239   0.158200
1240   0.158800
1241   0.158700
1242   0.158700
1243   0.160000
1244   0.159400
1245   0.158700
1246   0.157400
1247   0.157200
1248   0.155400
1249   0.155200
1250   0.157100
1251   0.156700
1252   0.155900
1253   0.155800
1254   0.155100
1255   0.153000
1256   0.153800
1257   0.152300
1258   0.151600
1259   0.150400
1260   0.150300
1261   0.148300
1262   0.149500
1263   0.148200
1264   0.147300
1265   0.147700
1266   0.148300
1267   0.147300
1268   0.147000
1269   0.148700
1270   0.148800
1271   0.148000
1272   0.148500
1273   0.148600
1274   0.147500
1275   0.148300
1276   0.147400
1277   0.146400
1278   0.146400
1279   0.147800
1280   0.146400
1281   0.148400
1282   0.147700
1283   0.148200
1284   0.148400
1285   0.149800
1286   0.149900
1287   0.148800
1288   0.149600
1289   0.149900
1290   0.149100
1291   0.149000
1292   0.148000
1293   0.148500
1294   0.148400
1295   0.147500
1296   0.147800
1297   0.147600
1298   0.146400
1299   0.145700
1300   0.144600
1301   0.145200
1302   0.142900
1303   0.143800
1304   0.143400
1305   0.145000
1306   0.144300
1307   0.143900
1308   0.143900
1309   0.143800
1310   0.144300
1311   0.143500
1312   0.142200
1313   0.143500
1314   0.144600
1315   0.144800
1316   0.143300
1317   0.142300
1318   0.141900
1319   0.141700
1320   0.142300
1321   0.143000
1322   0.143000
1323   0.145300
1324   0.145800
1325   0.145000
1326   0.143900
1327   0.143600
1328   0.141700
1329   0.141100
1330   0.141400
1331   0.140900
1332   0.138900
1333   0.138700
1334   0.138300
1335   0.137200
1336   0.137800
1337   0.135700
1338   0.135200
1339   0.134700
1340   0.133900
1341   0.134300
1342   0.134100
1343   0.134400
1344   0.133600
1345   0.134700
1346   0.134200
1347   0.135000
1348   0.134500
1349   0.134800
1350   0.134100
1351   0.136000
1352   0.135000
1353   0.135000
1354   0.135100
1355   0.136300
1356   0.137400
1357   0.136000
1358   0.134400
1359   0.134800
1360   0.135500
1361   0.133600
1362   0.134700
1363   0.134900
1364   0.134400
1365   0.133700
1366   0.132500
1367   0.131700
1368   0.130500
1369   0.130300
1370   0.130800
1371   0.131900
1372   0.131300
1373   0.130900
1374   0.130300
1375   0.130100
1376   0.131300
1377   0.131200
1378   0.131200
1379   0.130700
1380   0.131400
1381   0.132200
1382   0.131100
1383   0.129300
1384   0.129800
1385   0.129100
1386   0.129300
1387   0.131600
1388   0.132200
1389   0.131800
1390   0.131900
1391   0.131100
1392   0.130700
1393   0.129000
1394   0.129100
1395   0.126900
1396   0.126600
1397   0.126600
1398   0.125400
1399   0.124700
1400   0.124900
1401   0.125700
1402   0.127100
1403   0.126300
1404   0.126100
1405   0.125600
1406   0.125500
1407   0.125800
1408   0.125800
1409   0.126000
1410   0.125300
1411   0.124200
1412   0.123700
1413   0.123000
1414   0.123600
1415   0.122200
1416   0.122400
1417   0.123800
1418   0.124100
1419   0.122800
1420   0.121800
1421   0.122400
1422   0.122000
1423   0.121100
1424   0.121600
1425   0.120800
1426   0.121000
1427   0.120200
1428   0.119300
1429   0.117100
1430   0.118400
1431   0.117800
1432   0.116000
1433   0.114800
1434   0.116500
1435   0.116600
1436   0.115800
1437   0.116100
1438   0.116700
1439   0.117800
1440   0.118300
1441   0.117200
1442   0.118000
1443   0.117400
1444   0.116400
1445   0.116500
1446   0.115900
1447   0.117000
1448   0.115600
1449   0.116400
1450   0.113800
1451   0.113600
1452   0.114600
1453   0.114300
1454   0.116000
1455   0.117000
1456   0.117200
1457   0.117800
1458   0.117900
1459   0.117500
1460   0.117600
1461   0.117400
1462   0.116800
1463   0.116000
1464   0.116000
1465   0.116800
1466   0.116100
1467   0.117300
1468   0.116000
1469   0.115700
1470   0.116000
1471   0.117100
1472   0.116600
1473   0.115400
1474   0.116500
1475   0.116300
1476   0.115800
1477   0.116600
1478   0.118400
1479   0.118000
1480   0.117400
1481   0.117600
1482   0.118000
1483   0.119200
1484   0.118700
1485   0.119100
1486   0.119400
1487   0.119000
1488   0.118100
1489   0.119800
1490   0.119800
1491   0.119700
1492   0.120100
1493   0.121400
1494   0.122000
1495   0.122300
1496   0.120800
1497   0.121000
1498   0.120600
1499   0.122000
1500   0.122000
1501   0.120500
1502   0.119600
1503   0.119200
1504   0.119100
1505   0.121700
1506   0.122500
1507   0.122500
1508   0.122100
1509   0.122800
1510   0.124100
1511   0.124800
1512   0.125400
1513   0.125700
1514   0.127800
1515   0.129500
1516   0.129000
1517   0.127600
1518   0.127300
1519   0.126900
1520   0.127300
1521   0.128400
1522   0.127300
1523   0.127200
1524   0.126900
1525   0.126200
1526   0.125500
1527   0.124800
1528   0.125700
1529   0.127700
1530   0.126400
1531   0.126200
1532   0.126900
1533   0.126700
1534   0.127300
1535   0.126800
1536   0.127300
1537   0.125300
1538   0.124000
1539   0.123600
1540   0.123600
1541   0.124600
1542   0.122400
1543   0.122200
1544   0.123900
1545   0.124100
1546   0.123700
1547   0.124500
1548   0.125000
1549   0.127000
1550   0.128400
1551   0.128400
1552   0.129600
1553   0.128900
1554   0.129100
1555   0.129700
1556   0.130500
1557   0.129500
1558   0.128900
1559   0.129900
1560   0.130500
1561   0.130600
1562   0.130000
1563   0.130200
1564   0.128700
1565   0.128100
1566   0.129000
1567   0.129500
1568   0.129000
1569   0.129200
1570   0.127600
1571   0.129100
1572   0.129500
1573   0.129400
1574   0.128700
1575   0.127900
1576   0.128700
1577   0.128300
1578   0.127900
1579   0.127900
1580   0.129100
1581   0.129500
1582   0.129700
1583   0.128400
1584   0.128000
1585   0.128400
1586   0.130700
1587   0.130800
1588   0.129400
1589   0.128000
1590   0.128400
1591   0.128500
1592   0.128100
1593   0.127700
1594   0.128500
1595   0.129400
1596   0.130600
1597   0.129600
1598   0.130400
1599   0.131400
1600   0.131000
1601   0.131800
1602   0.132400
1603   0.132500
1604   0.132800
1605   0.133400
1606   0.133000
1607   0.133800
1608   0.134200
1609   0.133100
1610   0.131400
1611   0.131500
1612   0.131800
1613   0.131200
1614   0.132000
1615   0.132900
1616   0.133400
1617   0.133700
1618   0.133400
1619   0.135000
1620   0.135400
1621   0.134400
1622   0.134800
1623   0.135400
1624   0.135700
1625   0.135900
1626   0.136800
1627   0.137100
1628   0.137800
1629   0.138700
1630   0.139400
1631   0.137600
1632   0.137300
1633   0.138500
1634   0.137300
1635   0.138000
1636   0.139100
1637   0.139400
1638   0.141500
1639   0.140900
1640   0.140900
1641   0.139900
1642   0.138500
1643   0.137900
1644   0.139200
1645   0.138800
1646   0.140100
1647   0.140500
1648   0.141400
1649   0.140800
1650   0.140400
1651   0.140500
1652   0.140800
1653   0.142100
1654   0.143000
1655   0.143500
1656   0.141100
1657   0.141400
1658   0.142500
1659   0.141900
1660   0.142200
1661   0.143100
1662   0.143900
1663   0.141100
1664   0.141300
1665   0.142100
1666   0.141700
1667   0.143200
1668   0.142800
1669   0.143100
1670   0.144200
1671   0.144500
1672   0.143700
1673   0.143900
1674   0.142900
1675   0.143100
1676   0.144300
1677   0.143200
1678   0.143300
1679   0.143600
1680   0.144000
1681   0.143800
1682   0.143300
1683   0.143700
1684   0.143400
1685   0.141200
1686   0.140400
1687   0.139900
1688   0.140800
1689   0.141600
1690   0.141600
1691   0.142000
1692   0.141500
1693   0.140200
1694   0.140000
1695   0.140300
1696   0.139800
1697   0.139600
1698   0.138300
1699   0.138400
1700   0.139700
1701   0.139700
1702   0.139500
1703   0.138600
1704   0.138000
1705   0.139400
1706   0.139000
1707   0.137900
1708   0.136800
1709   0.136800
1710   0.137400
1711   0.137300
1712   0.137500
1713   0.137200
1714   0.137400
1715   0.137100
1716   0.137800
1717   0.138200
1718   0.138900
1719   0.138300
1720   0.137500
1721   0.137900
1722   0.138600
1723   0.138300
1724   0.138500
1725   0.138100
1726   0.138200
1727   0.138300
1728   0.140000
1729   0.139300
1730   0.139200
1731   0.138800
1732   0.137800
1733   0.137700
1734   0.137500
1735   0.137200
1736   0.137200
1737   0.137700
1738   0.135600
1739   0.136600
1740   0.136500
1741   0.134600
1742   0.135800
1743   0.135300
1744   0.135500
1745   0.136400
1746   0.137000
1747   0.137000
1748   0.137700
1749   0.137300
1750   0.136100
1751   0.136000
1752   0.137600
1753   0.137200
1754   0.137400
1755   0.137300
1756   0.135900
1757   0.135500
1758   0.135500
1759   0.135500
1760   0.136000
1761   0.136200
1762   0.138100
1763   0.136900
1764   0.137700
1765   0.136100
1766   0.135900
1767   0.136000
1768   0.136000
1769   0.135700
1770   0.137000
1771   0.137200
1772   0.137600
1773   0.137600
1774   0.137700
1775   0.138600
1776   0.138100
1777   0.138200
1778   0.137300
1779   0.135300
1780   0.135700
1781   0.135300
1782   0.134800
1783   0.135200
1784   0.135900
1785   0.135200
1786   0.134600
1787   0.134000
1788   0.133900
1789   0.135300
1790   0.135500
1791   0.134500
1792   0.135000
1793   0.134600
1794   0.136200
1795   0.137500
1796   0.139700
1797   0.139300
1798   0.141500
1799   0.141800
1800   0.141900
1801   0.142700
1802   0.142300
1803   0.142200
1804   0.141700
1805   0.139400
1806   0.139100
1807   0.138400
1808   0.138900
1809   0.136900
1810   0.136900
1811   0.138300
1812   0.138200
1813   0.138200
1814   0.137700
1815   0.136900
1816   0.136700
1817   0.135800
1818   0.135900
1819   0.136300
1820   0.136500
1821   0.137700
1822   0.138000
1823   0.138400
1824   0.139400
1825   0.139300
1826   0.139400
1827   0.140300
1828   0.140500
1829   0.139700
1830   0.140500
1831   0.141000
1832   0.141200
1833   0.141500
1834   0.142700
1835   0.142400
1836   0.143600
1837   0.141700
1838   0.142000
1839   0.140400
1840   0.141100
1841   0.141100
1842   0.139900
1843   0.140600
1844   0.141700
1845   0.142800
1846   0.142300
1847   0.144500
1848   0.144200
1849   0.144800
1850   0.144700
1851   0.145700
1852   0.144300
1853   0.143700
1854   0.144000
1855   0.144000
1856   0.143600
1857   0.144900
1858   0.143800
1859   0.144500
1860   0.144500
1861   0.143100
1862   0.145100
1863   0.146300
1864   0.146600
1865   0.147100
1866   0.147100
1867   0.146700
1868   0.146000
1869   0.145800
1870   0.145600
1871   0.145600
1872   0.145900
1873   0.147900
1874   0.149400
1875   0.148300
1876   0.147100
1877   0.146400
1878   0.145800
1879   0.146600
1880   0.147900
1881   0.146800
1882   0.146200
1883   0.146400
1884   0.148000
1885   0.145900
1886   0.147300
1887   0.146000
1888   0.145800
1889   0.145900
1890   0.146000
1891   0.146200
1892   0.145200
1893   0.143700
1894   0.145300
1895   0.144200
1896   0.145200
1897   0.145600
1898   0.147800
1899   0.146800
1900   0.146900
1901   0.145600
1902   0.146700
1903   0.147600
1904   0.147100
1905   0.144200
1906   0.144400
1907   0.144900
1908   0.143400
1909   0.143900
1910   0.144100
1911   0.144300
1912   0.142500
1913   0.142400
1914   0.141500
1915   0.140900
1916   0.140500
1917   0.140800
1918   0.139500
1919   0.139300
1920   0.138000
1921   0.138100
1922   0.138700
1923   0.137100
1924   0.136800
1925   0.136200
1926   0.136400
1927   0.134800
1928   0.135800
1929   0.135100
1930   0.136400
1931   0.135200
1932   0.134600
1933   0.134500
1934   0.134000
1935   0.132900
1936   0.133200
1937   0.134200
1938   0.134100
1939   0.135200
1940   0.135000
1941   0.134300
1942   0.134500
1943   0.135700
1944   0.134800
1945   0.134000
1946   0.134200
1947   0.133500
1948   0.133700
1949   0.133100
1950   0.131800
1951   0.132100
1952   0.131500
1953   0.131800
1954   0.130200
1955   0.129100
1956   0.130900
1957   0.131300
1958   0.132500
1959   0.132600
1960   0.132600
1961   0.131100
1962   0.129500
1963   0.128600
1964   0.128100
1965   0.128900
1966   0.130000
1967   0.132500
1968   0.132200
1969   0.131600
1970   0.132000
1971   0.131100
1972   0.131900
1973   0.132200
1974   0.130800
1975   0.131300
1976   0.131500
1977   0.133000
1978   0.133500
1979   0.133800
1980   0.134300
1981   0.134200
1982   0.135300
1983   0.134700
1984   0.133800
1985   0.133300
1986   0.132800
1987   0.132000
1988   0.132800
1989   0.134300
1990   0.133600
1991   0.131600
1992   0.131000
1993   0.130700
1994   0.128400
1995   0.129200
1996   0.129300
1997   0.129000
1998   0.129500
1999   0.131100
2000   0.129300
2001   0.128600
2002   0.127500
2003   0.127000
2004   0.124900
2005   0.123500
2006   0.123300
2007   0.123400
2008   0.123100
2009   0.124100
2010   0.123700
2011   0.125300
2012   0.125500
2013   0.126400
2014   0.128300
2015   0.128200
2016   0.127400
2017   0.127200
2018   0.128400
2019   0.128000
2020   0.128800
2021   0.128700
2022   0.128600
2023   0.129900
2024   0.129600
2025   0.127600
2026   0.128200
2027   0.128400
2028   0.127500
2029   0.128600
2030   0.129200
2031   0.128700
2032   0.128100
2033   0.128800
2034   0.129200
2035   0.127700
2036   0.128300
2037   0.126800
2038   0.126200
2039   0.127500
2040   0.125900
2041   0.125300
2042   0.124800
2043   0.125100
2044   0.125700
2045   0.127500
2046   0.127100
2047   0.127600
2048   0.127800
2049   0.127800
2050   0.127900
2051   0.128400
2052   0.128900
2053   0.129200
2054   0.130600
2055   0.129200
2056   0.128800
2057   0.131400
2058   0.132200
2059   0.132900
2060   0.131200
2061   0.132700
2062   0.132900
2063   0.133300
2064   0.132100
2065   0.132900
2066   0.132700
2067   0.133100
2068   0.133100
2069   0.131700
2070   0.131700
2071   0.133100
2072   0.131300
2073   0.131700
2074   0.133500
2075   0.131800
2076   0.133800
2077   0.132700
2078   0.132900
2079   0.133700
2080   0.134800
2081   0.135000
2082   0.135000
2083   0.136000
2084   0.136300
2085   0.135600
2086   0.135500
2087   0.135300
2088   0.134300
2089   0.136100
2090   0.135800
2091   0.137000
2092   0.136800
2093   0.136800
2094   0.136600
2095   0.136200
2096   0.135100
2097   0.134300
2098   0.133700
2099   0.131700
2100   0.131500
2101   0.131100
2102   0.131700
2103   0.131800
2104   0.131100
2105   0.131000
2106   0.132100
2107   0.132800
2108   0.132300
2109   0.130900
2110   0.131400
2111   0.132600
2112   0.133800
2113   0.132900
2114   0.132800
2115   0.132500
2116   0.130100
2117   0.129500
2118   0.129600
2119   0.128300
2120   0.129100
2121   0.130000
2122   0.131500
2123   0.132100
2124   0.133900
2125   0.134100
2126   0.133700
2127   0.134700
2128   0.134400
2129   0.134300
2130   0.135200
2131   0.134900
2132   0.134300
2133   0.133900
2134   0.132700
2135   0.134200
2136   0.134800
2137   0.135300
2138   0.137000
2139   0.137000
2140   0.135700
2141   0.133900
2142   0.135600
2143   0.136300
2144   0.135500
2145   0.135400
2146   0.135900
2147   0.135200
2148   0.133100
2149   0.132300
2150   0.133100
2151   0.131600
2152   0.130600
2153   0.131500
2154   0.130300
2155   0.130300
2156   0.129600
2157   0.128600
2158   0.128600
2159   0.128600
2160   0.127900
2161   0.128400
2162   0.128300
2163   0.128400
2164   0.126900
2165   0.127200
2166   0.126100
2167   0.125000
2168   0.124900
2169   0.124700
2170   0.125300
2171   0.125100
2172   0.124100
2173   0.124200
2174   0.124000
2175   0.123600
2176   0.124300
2177   0.125100
2178   0.125200
2179   0.124800
2180   0.124600
2181   0.124500
2182   0.125000
2183   0.127300
2184   0.128500
2185   0.129200
2186   0.129300
2187   0.128600
2188   0.129100
2189   0.129800
2190   0.129600
2191   0.129600
2192   0.130000
2193   0.131100
2194   0.130600
2195   0.131000
2196   0.131600
2197   0.131500
2198   0.131500
2199   0.132600
2200   0.132100
2201   0.132500
2202   0.131300
2203   0.131900
2204   0.130900
2205   0.131500
2206   0.132400
2207   0.132400
2208   0.132200
2209   0.133200
2210   0.131200
2211   0.130100
2212   0.130700
2213   0.131100
2214   0.130100
2215   0.130200
2216   0.129700
2217   0.130000
2218   0.129400
2219   0.128900
2220   0.128600
2221   0.129000
2222   0.129400
2223   0.129300
2224   0.129400
2225   0.129600
2226   0.128800
2227   0.129900
2228   0.129700
2229   0.129400
2230   0.128700
2231   0.128800
2232   0.131400
2233   0.131900
2234   0.132800
2235   0.132500
2236   0.131200
2237   0.132100
2238   0.132700
2239   0.131800
2240   0.130800
2241   0.132200
2242   0.132500
2243   0.131700
2244   0.132500
2245   0.132100
2246   0.133500
2247   0.134400
2248   0.133900
2249   0.134600
2250   0.134800
2251   0.134500
2252   0.134500
2253   0.135800
2254   0.135700
2255   0.135000
2256   0.134100
2257   0.134800
2258   0.136500
2259   0.137400
2260   0.137400
2261   0.137900
2262   0.137000
2263   0.137600
2264   0.137000
2265   0.136200
2266   0.136900
2267   0.137000
2268   0.138000
2269   0.138600
2270   0.139200
2271   0.139400
2272   0.138500
2273   0.139400
2274   0.140000
2275   0.139400
2276   0.139500
2277   0.138500
2278   0.138300
2279   0.138500
2280   0.138800
2281   0.138100
2282   0.137900
2283   0.139200
2284   0.138600
2285   0.137500
2286   0.137400
2287   0.138500
2288   0.138400
2289   0.139900
2290   0.139300
2291   0.138500
2292   0.138200
2293   0.138100
2294   0.137700
2295   0.138100
2296   0.137100
2297   0.136300
2298   0.136000
2299   0.135800
2300   0.136000
2301   0.134800
2302   0.134500
2303   0.133700
2304   0.134000
2305   0.134700
2306   0.135900
2307   0.135900
2308   0.136500
2309   0.137300
2310   0.137100
2311   0.136800
2312   0.137900
2313   0.138800
2314   0.137200
2315   0.138100
2316   0.138500
2317   0.139400
2318   0.141600
2319   0.141300
2320   0.142200
2321   0.142400
2322   0.142700
2323   0.143500
2324   0.141700
2325   0.141800
2326   0.141800
2327   0.142000
2328   0.141300
2329   0.141900
2330   0.142600
2331   0.141700
2332   0.142900
2333   0.143200
2334   0.142500
2335   0.143700
2336   0.144100
2337   0.145600
2338   0.144800
2339   0.144800
2340   0.144700
2341   0.144500
2342   0.143300
2343   0.143200
2344   0.143600
2345   0.142700
2346   0.140900
2347   0.141700
2348   0.141300
2349   0.141700
2350   0.140000
2351   0.139800
2352   0.138500
2353   0.138600
2354   0.138800
2355   0.138900
2356   0.138700
2357   0.140100
2358   0.140700
2359   0.139800
2360   0.139800
2361   0.138600
2362   0.137800
2363   0.137200
2364   0.137200
2365   0.138400
2366   0.138300
2367   0.139800
2368   0.139100
2369   0.139100
2370   0.138300
2371   0.137900
2372   0.137300
2373   0.138900
2374   0.137300
2375   0.137100
2376   0.136000
2377   0.135400
2378   0.133900
2379   0.134100
2380   0.134100
2381   0.133700
2382   0.133200
2383   0.134800
2384   0.133800
2385   0.135200
2386   0.135800
2387   0.136800
2388   0.136700
2389   0.136100
2390   0.135500
2391   0.135000
2392   0.135500
2393   0.135800
2394   0.135400
2395   0.135900
2396   0.137000
2397   0.135900
2398   0.135900
2399   0.135400
2400   0.136000
2401   0.137900
2402   0.136700
2403   0.137600
2404   0.137100
2405   0.138600
2406   0.138500
2407   0.137300
2408   0.135900
2409   0.135300
2410   0.134300
2411   0.134200
2412   0.134200
2413   0.133100
2414   0.131900
2415   0.131000
2416   0.129500
2417   0.129800
2418   0.129200
2419   0.129500
2420   0.132000
2421   0.132300
2422   0.132700
2423   0.132100
2424   0.133700
2425   0.133800
2426   0.133600
2427   0.134400
2428   0.135400
2429   0.135100
2430   0.134700
2431   0.134200
2432   0.134000
2433   0.134400
2434   0.134300
2435   0.134000
2436   0.134300
2437   0.133800
2438   0.133600
2439   0.133200
2440   0.133700
2441   0.133300
2442   0.134000
2443   0.134700
2444   0.135600
2445   0.136600
2446   0.136400
2447   0.136300
2448   0.137100
2449   0.135400
2450   0.135300
2451   0.137600
2452   0.138800
2453   0.138700
2454   0.139300
2455   0.139200
2456   0.139200
2457   0.139800
2458   0.139300
2459   0.138700
2460   0.138000
2461   0.137100
2462   0.138100
2463   0.138500
2464   0.138500
2465   0.139800
2466   0.139100
2467   0.138100
2468   0.137000
2469   0.137700
2470   0.138500
2471   0.137900
2472   0.137200
2473   0.138300
2474   0.137900
2475   0.139800
2476   0.139900
2477   0.140100
2478   0.139300
2479   0.140200
2480   0.141200
2481   0.141500
2482   0.142600
2483   0.144200
2484   0.143500
2485   0.142800
2486   0.142400
2487   0.142100
2488   0.140000
2489   0.139500
2490   0.139800
2491   0.141200
2492   0.140900
2493   0.141400
2494   0.141300
2495   0.141600
2496   0.142200
2497   0.142500
2498   0.143200
2499   0.143500
2500   0.144100
2501   0.144400
2502   0.143300
2503   0.143500
2504   0.144800
2505   0.144400
2506   0.144200
2507   0.144400
2508   0.143900
2509   0.141600
2510   0.141500
2511   0.141900
2512   0.142500
2513   0.142500
2514   0.142200
2515   0.141200
2516   0.141700
2517   0.142000
2518   0.142100
2519   0.142200
2520   0.142300
2521   0.142900
2522   0.141600
2523   0.140900
2524   0.139600
2525   0.139400
2526   0.140700
2527   0.139200
2528   0.137700
2529   0.137100
2530   0.137000
2531   0.136900
2532   0.137000
2533   0.137500
2534   0.138200
2535   0.137400
2536   0.137600
2537   0.138000
2538   0.136600
2539   0.137600
2540   0.137100
2541   0.138500
2542   0.138400
2543   0.138700
2544   0.139700
2545   0.139300
2546   0.139200
2547   0.137300
2548   0.138800
2549   0.137800
2550   0.137500
2551   0.138700
2552   0.138800
2553   0.138300
2554   0.140500
2555   0.139500
2556   0.137100
2557   0.135500
2558   0.135400
2559   0.134500
2560   0.135500
2561   0.133600
2562   0.133000
2563   0.132100
2564   0.131900
2565   0.130300
2566   0.129600
2567   0.130100
2568   0.131200
2569   0.131300
2570   0.131100
2571   0.131300
2572   0.131800
2573   0.132400
2574   0.133400
2575   0.132200
2576   0.131100
2577   0.131000
2578   0.131500
2579   0.131000
2580   0.132800
2581   0.133400
2582   0.133200
2583   0.132700
2584   0.133600
2585   0.133300
2586   0.132200
2587   0.132500
2588   0.133200
2589   0.131400
2590   0.131600
2591   0.132400
2592   0.132400
2593   0.132800
2594   0.132200
2595   0.132100
2596   0.130900
2597   0.131200
2598   0.130100
2599   0.130100
2600   0.130100
2601   0.130000
2602   0.129300
2603   0.129400
2604   0.130300
2605   0.130300
2606   0.129900
2607   0.130200
2608   0.130600
2609   0.132400
2610   0.132400
2611   0.132000
2612   0.131900
2613   0.130800
2614   0.130600
2615   0.131400
2616   0.130800
2617   0.130500
2618   0.131600
2619   0.131800
2620   0.131400
2621   0.132400
2622   0.133200
2623   0.133400
2624   0.131600
2625   0.130600
2626   0.130000
2627   0.130000
2628   0.128800
2629   0.128600
2630   0.129200
2631   0.129700
2632   0.129100
2633   0.128600
2634   0.128600
2635   0.127800
2636   0.128500
2637   0.128000
2638   0.127900
2639   0.128000
2640   0.128200
2641   0.128700
2642   0.129800
2643   0.130400
2644   0.130500
2645   0.129800
2646   0.131200
2647   0.130500
2648   0.130600
2649   0.131500
2650   0.134400
2651   0.136000
2652   0.136400
2653   0.138200
2654   0.138300
2655   0.139700
2656   0.139800
2657   0.139700
2658   0.141300
2659   0.141300
2660   0.141000
2661   0.140100
2662   0.139100
2663   0.138900
2664   0.139300
2665   0.140200
2666   0.139400
2667   0.138900
2668   0.139000
2669   0.137700
2670   0.137300
2671   0.137300
2672   0.138100
2673   0.139200
2674   0.140200
2675   0.139700
2676   0.137300
2677   0.137400
2678   0.136300
2679   0.136900
2680   0.136600
2681   0.136000
2682   0.135500
2683   0.135700
2684   0.135200
2685   0.134200
2686   0.134000
2687   0.133600
2688   0.131700
2689   0.129600
2690   0.129300
2691   0.130300
2692   0.130600
2693   0.131000
2694   0.130900
2695   0.131300
2696   0.131600
2697   0.130200
2698   0.129200
2699   0.128900
2700   0.130400
2701   0.129200
2702   0.129100
2703   0.128800
2704   0.129100
2705   0.127800
2706   0.128000
2707   0.128000
2708   0.128100
2709   0.127500
2710   0.126700
2711   0.127200
2712   0.129700
2713   0.130100
2714   0.131000
2715   0.130400
2716   0.131000
2717   0.130100
2718   0.129700
2719   0.129300
2720   0.131100
2721   0.130500
2722   0.131700
2723   0.133800
2724   0.133600
2725   0.134000
2726   0.134300
2727   0.133400
2728   0.134700
2729   0.135200
2730   0.135500
2731   0.135300
2732   0.135000
2733   0.135700
2734   0.134100
2735   0.133100
2736   0.133200
2737   0.134200
2738   0.134400
2739   0.134500
2740   0.134400
2741   0.134200
2742   0.133700
2743   0.133200
2744   0.131800
2745   0.130400
2746   0.130400
2747   0.128500
2748   0.128100
2749   0.128200
2750   0.128900
2751   0.129600
2752   0.130200
2753   0.130500
2754   0.129800
2755   0.130600
2756   0.132500
2757   0.133000
2758   0.132900
2759   0.133700
2760   0.134100
2761   0.132200
2762   0.131700
2763   0.132800
2764   0.133200
2765   0.132700
2766   0.132700
2767   0.130900
2768   0.132700
2769   0.132900
2770   0.133500
2771   0.133400
2772   0.133200
2773   0.134500
2774   0.133600
2775   0.134500
2776   0.134700
2777   0.134700
2778   0.134100
2779   0.134600
2780   0.135100
2781   0.133300
2782   0.133800
2783   0.134300
2784   0.136100
2785   0.136900
2786   0.137100
2787   0.137200
2788   0.138700
2789   0.138600
2790   0.137300
2791   0.137300
2792   0.138300
2793   0.139700
2794   0.139900
2795   0.139700
2796   0.139100
2797   0.138500
2798   0.140100
2799   0.140900
2800   0.139900
2801   0.139500
2802   0.139900
2803   0.139500
2804   0.138200
2805   0.138400
2806   0.136800
2807   0.138100
2808   0.138000
2809   0.137800
2810   0.136600
2811   0.136300
2812   0.138500
2813   0.136500
2814   0.136000
2815   0.138200
2816   0.136900
2817   0.136700
2818   0.137100
2819   0.138400
2820   0.140700
2821   0.140700
2822   0.138800
2823   0.138800
2824   0.138800
2825   0.138300
2826   0.136900
2827   0.138400
2828   0.137600
2829   0.138600
2830   0.138300
2831   0.137800
2832   0.137400
2833   0.138700
2834   0.139200
2835   0.140400
2836   0.140800
2837   0.140300
2838   0.140300
2839   0.136900
2840   0.137800
2841   0.138400
2842   0.137700
2843   0.138400
2844   0.137700
2845   0.137700
2846   0.137300
2847   0.135500
2848   0.137000
2849   0.135800
2850   0.136000
2851   0.135000
2852   0.134700
2853   0.134200
2854   0.134400
2855   0.133900
2856   0.134000
2857   0.133100
2858   0.132700
2859   0.135400
2860   0.135000
2861   0.135400
2862   0.136300
2863   0.135800
2864   0.135700
2865   0.135600
2866   0.136100
2867   0.136400
2868   0.137300
2869   0.136500
2870   0.135600
2871   0.136300
2872   0.136600
2873   0.136900
2874   0.138000
2875   0.138300
2876   0.137200
2877   0.137700
2878   0.137200
2879   0.137800
2880   0.137500
2881   0.138300
2882   0.138800
2883   0.139900
2884   0.139400
2885   0.139000
2886   0.138500
2887   0.138300
2888   0.137300
2889   0.137800
2890   0.139000
2891   0.139400
2892   0.141300
2893   0.141900
2894   0.139800
2895   0.140400
2896   0.142100
2897   0.142300
2898   0.142000
2899   0.141300
2900   0.139900
2901   0.137700
2902   0.136400
2903   0.136100
2904   0.137200
2905   0.136300
2906   0.136900
2907   0.137800
2908   0.138100
2909   0.138900
2910   0.139200
2911   0.140400
2912   0.140700
2913   0.140700
2914   0.141300
2915   0.141100
2916   0.141700
2917   0.141100
2918   0.140700
2919   0.140900
2920   0.141400
2921   0.141500
2922   0.141700
2923   0.142600
2924   0.143300
2925   0.142500
2926   0.142200
2927   0.143100
2928   0.144600
2929   0.144400
2930   0.145600
2931   0.145100
2932   0.144000
2933   0.144500
2934   0.146000
2935   0.145000
2936   0.144400
2937   0.144700
2938   0.143800
2939   0.143700
2940   0.143700
2941   0.143500
2942   0.145000
2943   0.145100
2944   0.144500
2945   0.145300
2946   0.144200
2947   0.143700
2948   0.143200
2949   0.141500
2950   0.142400
2951   0.143400
2952   0.142400
2953   0.141000
2954   0.139000
2955   0.139600
2956   0.139700
2957   0.138800
2958   0.139100
2959   0.141000
2960   0.140500
2961   0.140600
2962   0.139400
2963   0.138800
2964   0.138700
2965   0.140100
2966   0.139500
2967   0.139800
2968   0.139300
2969   0.139800
2970   0.140800
2971   0.140900
2972   0.140800
2973   0.141100
2974   0.140400
2975   0.140300
2976   0.140500
2977   0.140500
2978   0.139800
2979   0.139800
2980   0.139400
2981   0.139300
2982   0.138200
2983   0.139000
2984   0.138000
2985   0.138500
2986   0.139600
2987   0.139300
2988   0.139500
2989   0.138800
2990   0.138000
2991   0.138200
2992   0.138200
2993   0.139200
2994   0.139800
2995   0.139600
2996   0.139400
2997   0.139500
2998   0.141700
2999   0.140200
3000   0.139900
3001   0.139700
3002   0.140000
3003   0.139800
3004   0.138900
3005   0.137600
3006   0.137400
3007   0.136800
3008   0.136500
3009   0.135100
3010   0.135500
3011   0.136100
3012   0.135700
3013   0.135400
3014   0.135200
3015   0.134500
3016   0.134600
3017   0.134900
3018   0.136400
3019   0.135300
3020   0.136000
3021   0.137000
3022   0.138200
3023   0.137400
3024   0.137000
3025   0.136900
3026   0.135700
3027   0.135800
3028   0.136000
3029   0.137700
3030   0.136400
3031   0.136300
3032   0.136200
3033   0.135800
3034   0.134200
3035   0.133900
3036   0.133900
3037   0.135100
3038   0.134700
3039   0.136000
3040   0.135200
3041   0.135200
3042   0.136800
3043   0.134800
3044   0.136000
3045   0.136200
3046   0.135900
3047   0.136400
3048   0.136100
3049   0.134800
3050   0.134800
3051   0.133600
3052   0.134200
3053   0.135200
3054   0.135700
3055   0.136600
3056   0.135900
3057   0.136400
3058   0.137100
3059   0.136600
3060   0.136400
3061   0.136100
3062   0.135200
3063   0.134900
3064   0.134100
3065   0.133300
3066   0.133600
3067   0.133600
3068   0.133800
3069   0.134500
3070   0.135400
3071   0.136700
3072   0.136100
3073   0.139300
3074   0.138700
3075   0.138900
3076   0.138200
3077   0.138000
3078   0.138200
3079   0.138800
3080   0.137700
3081   0.138400
3082   0.138700
3083   0.139400
3084   0.139400
3085   0.139600
3086   0.139800
3087   0.139200
3088   0.140200
3089   0.142500
3090   0.142300
3091   0.140900
3092   0.139800
3093   0.141600
3094   0.142300
3095   0.142800
3096   0.143500
3097   0.144500
3098   0.143000
3099   0.144000
3100   0.144000
3101   0.143300
3102   0.143900
3103   0.143300
3104   0.143800
3105   0.144100
3106   0.142100
3107   0.144100
3108   0.144100
3109   0.143000
3110   0.143000
3111   0.142900
3112   0.143200
3113   0.141700
3114   0.141300
3115   0.142200
3116   0.143900
3117   0.143300
3118   0.142900
3119   0.143400
3120   0.143600
3121   0.144500
3122   0.145500
3123   0.146100
3124   0.147300
3125   0.147800
3126   0.146400
3127   0.147100
3128   0.148900
3129   0.149800
3130   0.149600
3131   0.149800
3132   0.150700
3133   0.150100
3134   0.151000
3135   0.151700
3136   0.152500
3137   0.152000
3138   0.151500
3139   0.151400
3140   0.152000
3141   0.152300
3142   0.153600
3143   0.153100
3144   0.152200
3145   0.152900
3146   0.153600
3147   0.152400
3148   0.152900
3149   0.153000
3150   0.153500
3151   0.153500
3152   0.154100
3153   0.153500
3154   0.152700
3155   0.153400
3156   0.153500
3157   0.151800
3158   0.151800
3159   0.151100
3160   0.151100
3161   0.151500
3162   0.152900
3163   0.153700
3164   0.153800
3165   0.153200
3166   0.153200
3167   0.152600
3168   0.153200
3169   0.153700
3170   0.152400
3171   0.151400
3172   0.151100
3173   0.150900
3174   0.150100
3175   0.150800
3176   0.152000
3177   0.153200
3178   0.152300
3179   0.151800
3180   0.152600
3181   0.152900
3182   0.153100
3183   0.154200
3184   0.153600
3185   0.153300
3186   0.155100
3187   0.155600
3188   0.154900
3189   0.153900
3190   0.154300
3191   0.152700
3192   0.154100
3193   0.152700
3194   0.151600
3195   0.150500
3196   0.150100
3197   0.151800
3198   0.152500
3199   0.151700
3200   0.151800
3201   0.151300
3202   0.152400
3203   0.152100
3204   0.151500
3205   0.150900
3206   0.151300
3207   0.152200
3208   0.153100
3209   0.154500
3210   0.154000
3211   0.153100
3212   0.153400
3213   0.152900
3214   0.152300
3215   0.152700
3216   0.152200
3217   0.152500
3218   0.152700
3219   0.152000
3220   0.151800
3221   0.151600
3222   0.151200
3223   0.152200
3224   0.152900
3225   0.155000
3226   0.154900
3227   0.155200
3228   0.155400
3229   0.156400
3230   0.155600
3231   0.154600
3232   0.155200
3233   0.156300
3234   0.156300
3235   0.156200
3236   0.157200
3237   0.156000
3238   0.156900
3239   0.157100
3240   0.158500
3241   0.157700
3242   0.157300
3243   0.156300
3244   0.156800
3245   0.158100
3246   0.156700
3247   0.156400
3248   0.157200
3249   0.156900
3250   0.155200
3251   0.153900
3252   0.154700
3253   0.154700
3254   0.154300
3255   0.154700
3256   0.156400
3257   0.156900
3258   0.157800
3259   0.158100
3260   0.157800
3261   0.158300
3262   0.159200
3263   0.159300
3264   0.159900
3265   0.159500
3266   0.160100
3267   0.160400
3268   0.159100
3269   0.159000
3270   0.160000
3271   0.160300
3272   0.160500
3273   0.160300
3274   0.160900
3275   0.162000
3276   0.162000
3277   0.163100
3278   0.162900
3279   0.164800
3280   0.165800
3281   0.165300
3282   0.164700
3283   0.164500
3284   0.165700
3285   0.165300
3286   0.165000
3287   0.163700
3288   0.163800
3289   0.164000
3290   0.162800
3291   0.163000
3292   0.162900
3293   0.163200
3294   0.164000
3295   0.164500
3296   0.165100
3297   0.165500
3298   0.164100
3299   0.163800
3300   0.163100
3301   0.165000
3302   0.165400
3303   0.165900
3304   0.165600
3305   0.165300
3306   0.165500
3307   0.165800
3308   0.166100
3309   0.166700
3310   0.166900
3311   0.167700
3312   0.166700
3313   0.169100
3314   0.170200
3315   0.169300
3316   0.169700
3317   0.168600
3318   0.169400
3319   0.169200
3320   0.166900
3321   0.167000
3322   0.166400
3323   0.164800
3324   0.164200
3325   0.163600
3326   0.162500
3327   0.162100
3328   0.161300
3329   0.160500
3330   0.160400
3331   0.159900
3332   0.161000
3333   0.161100
3334   0.160500
3335   0.159800
3336   0.160500
3337   0.161000
3338   0.160700
3339   0.161400
3340   0.161500
3341   0.160700
3342   0.160600
3343   0.159400
3344   0.161000
3345   0.159700
3346   0.159900
3347   0.160400
3348   0.160200
3349   0.160300
3350   0.160700
3351   0.161200
3352   0.160500
3353   0.160800
3354   0.161600
3355   0.161600
3356   0.160600
3357   0.160600
3358   0.160300
3359   0.159300
3360   0.159200
3361   0.159100
3362   0.158200
3363   0.157900
3364   0.157500
3365   0.158700
3366   0.159200
3367   0.159200
3368   0.158700
3369   0.157400
3370   0.156900
3371   0.157000
3372   0.157000
3373   0.158200
3374   0.156200
3375   0.156800
3376   0.157800
3377   0.159000
3378   0.159000
3379   0.157700
3380   0.157000
3381   0.155600
3382   0.154600
3383   0.155300
3384   0.154700
3385   0.154800
3386   0.155400
3387   0.155600
3388   0.155900
3389   0.155400
3390   0.154600
3391   0.155200
3392   0.153300
3393   0.152500
3394   0.152500
3395   0.154000
3396   0.153900
3397   0.152900
3398   0.153800
3399   0.152300
3400   0.152600
3401   0.151300
3402   0.149800
3403   0.148000
3404   0.148400
3405   0.148900
3406   0.149100
3407   0.147400
3408   0.148400
3409   0.146900
3410   0.148000
3411   0.149900
3412   0.147800
3413   0.148100
3414   0.148500
3415   0.148000
3416   0.148400
3417   0.147600
3418   0.147200
3419   0.146900
3420   0.147900
3421   0.148600
3422   0.148600
3423   0.148200
3424   0.149000
3425   0.149800
3426   0.151000
3427   0.151600
3428   0.150800
3429   0.151800
3430   0.151000
3431   0.151400
3432   0.152100
3433   0.151200
3434   0.151800
3435   0.150200
3436   0.150200
3437   0.150600
3438   0.150800
3439   0.151400
3440   0.151300
3441   0.152100
3442   0.152200
3443   0.152500
3444   0.151900
3445   0.151700
3446   0.152000
3447   0.150600
3448   0.150400
3449   0.151300
3450   0.152000
3451   0.150600
3452   0.150000
3453   0.149200
3454   0.148700
3455   0.149700
3456   0.150000
3457   0.150500
3458   0.150200
3459   0.149400
3460   0.148500
3461   0.147900
3462   0.148500
3463   0.148900
3464   0.147900
3465   0.148800
3466   0.147300
3467   0.145700
3468   0.146100
3469   0.146300
3470   0.147700
3471   0.146900
3472   0.146200
3473   0.145900
3474   0.147400
3475   0.147600
3476   0.148000
3477   0.149600
3478   0.149500
3479   0.149300
3480   0.148000
3481   0.148500
3482   0.149400
3483   0.149700
3484   0.149000
3485   0.150100
3486   0.150600
3487   0.151300
3488   0.150600
3489   0.151800
3490   0.150100
3491   0.151000
3492   0.153300
3493   0.153200
3494   0.153600
3495   0.153100
3496   0.154000
3497   0.155600
3498   0.155800
3499   0.155700
3500   0.156200
3501   0.156000
3502   0.157100
3503   0.156900
3504   0.157300
3505   0.155400
3506   0.156400
3507   0.157300
3508   0.158800
3509   0.158000
3510   0.158200
3511   0.156900
3512   0.157500
3513   0.155600
3514   0.154400
3515   0.153400
3516   0.154100
3517   0.154100
3518   0.155700
3519   0.156500
3520   0.156300
3521   0.156900
3522   0.156300
3523   0.156400
3524   0.156100
3525   0.155400
3526   0.155100
3527   0.154800
3528   0.153800
3529   0.152700
3530   0.154300
3531   0.154500
3532   0.154500
3533   0.155000
3534   0.154400
3535   0.154000
3536   0.153800
3537   0.153400
3538   0.155000
3539   0.154200
3540   0.153900
3541   0.153600
3542   0.154000
3543   0.153900
3544   0.152800
3545   0.152100
3546   0.152200
3547   0.152600
3548   0.152500
3549   0.151600
3550   0.151700
3551   0.151200
3552   0.151800
3553   0.153200
3554   0.152400
3555   0.152900
3556   0.154500
3557   0.154000
3558   0.154000
3559   0.152800
3560   0.153700
3561   0.153700
3562   0.155100
3563   0.155700
3564   0.154600
3565   0.153600
3566   0.153900
3567   0.154400
3568   0.154800
3569   0.155400
3570   0.156200
3571   0.157200
3572   0.158200
3573   0.157200
3574   0.157400
3575   0.157800
3576   0.157900
3577   0.158800
3578   0.159000
3579   0.160500
3580   0.160200
3581   0.160600
3582   0.161300
3583   0.162200
3584   0.160200
3585   0.159500
3586   0.158400
3587   0.156700
3588   0.154900
3589   0.155400
3590   0.156300
3591   0.157300
3592   0.157400
3593   0.156900
3594   0.156900
3595   0.157800
3596   0.159300
3597   0.159500
3598   0.160000
3599   0.160800
3600   0.160800
3601   0.160900
3602   0.161600
3603   0.161700
3604   0.161300
3605   0.163000
3606   0.162700
3607   0.161800
3608   0.163800
3609   0.163700
3610   0.163800
3611   0.162500
3612   0.161300
3613   0.161900
3614   0.162400
3615   0.161800
3616   0.162100
3617   0.162400
3618   0.163900
3619   0.165300
3620   0.165600
3621   0.164600
3622   0.163000
3623   0.163100
3624   0.164700
3625   0.165900
3626   0.165800
3627   0.165700
3628   0.166300
3629   0.166600
3630   0.166100
3631   0.165300
3632   0.166500
3633   0.166900
3634   0.166500
3635   0.166700
3636   0.166800
3637   0.166300
3638   0.167000
3639   0.166200
3640   0.167000
3641   0.166200
3642   0.166900
3643   0.167800
3644   0.167800
3645   0.165400
3646   0.165100
3647   0.165400
3648   0.165600
3649   0.166300
3650   0.166100
3651   0.167700
3652   0.167200
3653   0.166700
3654   0.168300
3655   0.167500
3656   0.168100
3657   0.168200
3658   0.167300
3659   0.166400
3660   0.166100
3661   0.166600
3662   0.166200
3663   0.165200
3664   0.164600
3665   0.164300
3666   0.163600
3667   0.165200
3668   0.165500
3669   0.164900
3670   0.164100
3671   0.162900
3672   0.165300
3673   0.164400
3674   0.165100
3675   0.164500
3676   0.163700
3677   0.162100
3678   0.163300
3679   0.160900
3680   0.159900
3681   0.157600
3682   0.157300
3683   0.156000
3684   0.158300
3685   0.159000
3686   0.158400
3687   0.158400
3688   0.158300
3689   0.158400
3690   0.159600
3691   0.161500
3692   0.160500
3693   0.160600
3694   0.159500
3695   0.159800
3696   0.160800
3697   0.159100
3698   0.159000
3699   0.158600
3700   0.158600
3701   0.158200
3702   0.158000
3703   0.160000
3704   0.159000
3705   0.158600
3706   0.157500
3707   0.159100
3708   0.160100
3709   0.160800
3710   0.161800
3711   0.162400
3712   0.161400
3713   0.161700
3714   0.163000
3715   0.163100
3716   0.163400
3717   0.162000
3718   0.162500
3719   0.163200
3720   0.162500
3721   0.162000
3722   0.162800
3723   0.163900
3724   0.164100
3725   0.163500
3726   0.163500
3727   0.163300
3728   0.163000
3729   0.161500
3730   0.161700
3731   0.161300
3732   0.161500
3733   0.159600
3734   0.160000
3735   0.160900
3736   0.160500
3737   0.159800
3738   0.161000
3739   0.160400
3740   0.158800
3741   0.158600
3742   0.158200
3743   0.158800
3744   0.157800
3745   0.157500
3746   0.156000
3747   0.156000
3748   0.156800
3749   0.157400
3750   0.158200
3751   0.157900
3752   0.158700
3753   0.158100
3754   0.158900
3755   0.159500
3756   0.160000
3757   0.161300
3758   0.160200
3759   0.160700
3760   0.160000
3761   0.159300
3762   0.158600
3763   0.158500
3764   0.157800
3765   0.157800
3766   0.157600
3767   0.159500
3768   0.159700
3769   0.158000
3770   0.157700
3771   0.158500
3772   0.158300
3773   0.158600
3774   0.159700
3775   0.158800
3776   0.159900
3777   0.160500
3778   0.161200
3779   0.160900
3780   0.160200
3781   0.158900
3782   0.159000
3783   0.160100
3784   0.160300
3785   0.160600
3786   0.160900
3787   0.160500
3788   0.161900
3789   0.161600
3790   0.162900
3791   0.163500
3792   0.163700
3793   0.165100
3794   0.164500
3795   0.166200
3796   0.166200
3797   0.166900
3798   0.167700
3799   0.166800
3800   0.168500
3801   0.168500
3802   0.167700
3803   0.168400
3804   0.169700
3805   0.170200
3806   0.169600
3807   0.169800
3808   0.169000
3809   0.168000
3810   0.168200
3811   0.168400
3812   0.169100
3813   0.167800
3814   0.167200
3815   0.167600
3816   0.167200
3817   0.167000
3818   0.166300
3819   0.165800
3820   0.166800
3821   0.166500
3822   0.167500
3823   0.168200
3824   0.167500
3825   0.167100
3826   0.166600
3827   0.166800
3828   0.168300
3829   0.169200
3830   0.169500
3831   0.169200
3832   0.168200
3833   0.169000
3834   0.170400
3835   0.170400
3836   0.170400
3837   0.169400
3838   0.168700
3839   0.169000
3840   0.169300
3841   0.169800
3842   0.170200
3843   0.169800
3844   0.170500
3845   0.171000
3846   0.170700
3847   0.170800
3848   0.171200
3849   0.169800
3850   0.169000
3851   0.169100
3852   0.169900
3853   0.170900
3854   0.171000
3855   0.170700
3856   0.171300
3857   0.171500
3858   0.171500
3859   0.172000
3860   0.174900
3861   0.175700
3862   0.176600
3863   0.175200
3864   0.176500
3865   0.176600
3866   0.176400
3867   0.175800
3868   0.176500
3869   0.177500
3870   0.177000
3871   0.178000
3872   0.179600
3873   0.180500
3874   0.180000
3875   0.179100
3876   0.179200
3877   0.179800
3878   0.181500
3879   0.180800
3880   0.179800
3881   0.177300
3882   0.178700
3883   0.178900
3884   0.179000
3885   0.179700
3886   0.179800
3887   0.179200
3888   0.179600
3889   0.179800
3890   0.180800
3891   0.179800
3892   0.178800
3893   0.178400
3894   0.176800
3895   0.177400
3896   0.178100
3897   0.179500
3898   0.181100
3899   0.181700
3900   0.181100
3901   0.180900
3902   0.181800
3903   0.181900
3904   0.182800
3905   0.183500
3906   0.184700
3907   0.184600
3908   0.185200
3909   0.185000
3910   0.186100
3911   0.185800
3912   0.185300
3913   0.185600
3914   0.185100
3915   0.185100
3916   0.186200
3917   0.185200
3918   0.183800
3919   0.183600
3920   0.182900
3921   0.183000
3922   0.183100
3923   0.182600
3924   0.183900
3925   0.184100
3926   0.184200
3927   0.183600
3928   0.184300
3929   0.184100
3930   0.182500
3931   0.182800
3932   0.182800
3933   0.181800
3934   0.183000
3935   0.182800
3936   0.183800
3937   0.185200
3938   0.184200
3939   0.184900
3940   0.184900
3941   0.185200
3942   0.186700
3943   0.186300
3944   0.185200
3945   0.185100
3946   0.184100
3947   0.184200
3948   0.184500
3949   0.185300
3950   0.186900
3951   0.188700
3952   0.188400
3953   0.189500
3954   0.189200
3955   0.188400
3956   0.188600
3957   0.189000
3958   0.188800
3959   0.187200
3960   0.186300
3961   0.187100
3962   0.188500
3963   0.188900
3964   0.189200
3965   0.188600
3966   0.187500
3967   0.188500
3968   0.188400
3969   0.188000
3970   0.187700
3971   0.187400
3972   0.186100
3973   0.186800
3974   0.187400
3975   0.188000
3976   0.187500
3977   0.187100
3978   0.188400
3979   0.188600
3980   0.188300
3981   0.186700
3982   0.186700
3983   0.185700
3984   0.185500
3985   0.184100
3986   0.184200
3987   0.185400
3988   0.185500
3989   0.186100
3990   0.186900
3991   0.187100
3992   0.186000
3993   0.185700
3994   0.184800
3995   0.185500
3996   0.187100
3997   0.187100
3998   0.187000
3999   0.185700
4000   0.185800
4001   0.186200
4002   0.186300
4003   0.186400
4004   0.187600
4005   0.188600
4006   0.187800
4007   0.187600
4008   0.188900
4009   0.188900
4010   0.188500
4011   0.191500
4012   0.191700
4013   0.191700
4014   0.192600
4015   0.192800
4016   0.192900
4017   0.191400
4018   0.190600
4019   0.190500
4020   0.188300
4021   0.188300
4022   0.189400
4023   0.189500
4024   0.189700
4025   0.190100
4026   0.190200
4027   0.188800
4028   0.187700
4029   0.188200
4030   0.187800
4031   0.188400
4032   0.188100
4033   0.187400
4034   0.188800
4035   0.188900
4036   0.189000
4037   0.189700
4038   0.189100
4039   0.187400
4040   0.189700
4041   0.190000
4042   0.190500
4043   0.191200
4044   0.191000
4045   0.191200
4046   0.190400
4047   0.190000
4048   0.189700
4049   0.189000
4050   0.189100
4051   0.188400
4052   0.190000
4053   0.189800
4054   0.189800
4055   0.188700
4056   0.190000
4057   0.189400
4058   0.189800
4059   0.190400
4060   0.191200
4061   0.190500
4062   0.191600
4063   0.190900
4064   0.192600
4065   0.191700
4066   0.191200
4067   0.191000
4068   0.191600
4069   0.191500
4070   0.190700
4071   0.191400
4072   0.191600
4073   0.191600
4074   0.193000
4075   0.192500
4076   0.192000
4077   0.192000
4078   0.192500
4079   0.191700
4080   0.191500
4081   0.191800
4082   0.191400
4083   0.190600
4084   0.190600
4085   0.191300
4086   0.190900
4087   0.190100
4088   0.188600
4089   0.187600
4090   0.188700
4091   0.190000
4092   0.190500
4093   0.191500
4094   0.191000
4095   0.191700
4096   0.191100
4097   0.191000
4098   0.190300
4099   0.190700
4100   0.189500
4101   0.189900
4102   0.189200
4103   0.189000
4104   0.188800
4105   0.189000
4106   0.188600
4107   0.188500
4108   0.188500
4109   0.186800
4110   0.187400
4111   0.188700
4112   0.188300
4113   0.188500
4114   0.188500
4115   0.188000
4116   0.188400
4117   0.187100
4118   0.186500
4119   0.186700
4120   0.187600
4121   0.187400
4122   0.186800
4123   0.187900
4124   0.186400
4125   0.187300
4126   0.187300
4127   0.187100
4128   0.187600
4129   0.188400
4130   0.188500
4131   0.188400
4132   0.188500
4133   0.188600
4134   0.189600
4135   0.190500
4136   0.189900
4137   0.191100
4138   0.190700
4139   0.190400
4140   0.191200
4141   0.190200
4142   0.190300
4143   0.189800
4144   0.188800
4145   0.189600
4146   0.188800
4147   0.188800
4148   0.189300
4149   0.188500
4150   0.188100
4151   0.188200
4152   0.188600
4153   0.189100
4154   0.189100
4155   0.189300
4156   0.189700
4157   0.190100
4158   0.188800
4159   0.188400
4160   0.187800
4161   0.187500
4162   0.188800
4163   0.188500
4164   0.187400
4165   0.188800
4166   0.189500
4167   0.189800
4168   0.191900
4169   0.191300
4170   0.192800
4171   0.193100
4172   0.192400
4173   0.192600
4174   0.192000
4175   0.192000
4176   0.191800
4177   0.191200
4178   0.189900
4179   0.190200
4180   0.188900
4181   0.188600
4182   0.187500
4183   0.188300
4184   0.188900
4185   0.188900
4186   0.189000
4187   0.189200
4188   0.189700
4189   0.189700
4190   0.189200
4191   0.190400
4192   0.191600
4193   0.193700
4194   0.193300
4195   0.193200
4196   0.192400
4197   0.193000
4198   0.192600
4199   0.193100
4200   0.193200
4201   0.192000
4202   0.192800
4203   0.193500
4204   0.194400
4205   0.194800
4206   0.194200
4207   0.194800
4208   0.194000
4209   0.194200
4210   0.195300
4211   0.193900
4212   0.194700
4213   0.194900
4214   0.194800
4215   0.195100
4216   0.194400
4217   0.193000
4218   0.192400
4219   0.192500
4220   0.192600
4221   0.192700
4222   0.193000
4223   0.193000
4224   0.193300
4225   0.194900
4226   0.196400
4227   0.195500
4228   0.194200
4229   0.193600
4230   0.193000
4231   0.192900
4232   0.193300
4233   0.194500
4234   0.193300
4235   0.192600
4236   0.191000
4237   0.191100
4238   0.192100
4239   0.192100
4240   0.191900
4241   0.191900
4242   0.191200
4243   0.190200
4244   0.189800
4245   0.190000
4246   0.190800
4247   0.191100
4248   0.190100
4249   0.191300
4250   0.191200
4251   0.190400
4252   0.189900
4253   0.189800
4254   0.190900
4255   0.190300
4256   0.192300
4257   0.192800
4258   0.193700
4259   0.195400
4260   0.195400
4261   0.194200
4262   0.196100
4263   0.196700
4264   0.196100
4265   0.196000
4266   0.195800
4267   0.196300
4268   0.195500
4269   0.194900
4270   0.195200
4271   0.193600
4272   0.194400
4273   0.194100
4274   0.194900
4275   0.194500
4276   0.195900
4277   0.195100
4278   0.195200
4279   0.194200
4280   0.194500
4281   0.193900
4282   0.194100
4283   0.193000
4284   0.193000
4285   0.192800
4286   0.193200
4287   0.193700
4288   0.194800
4289   0.195300
4290   0.195100
4291   0.193800
4292   0.194100
4293   0.192900
4294   0.192400
4295   0.192500
4296   0.192900
4297   0.191000
4298   0.190000
4299   0.190300
4300   0.190100
4301   0.190200
4302   0.191000
4303   0.190700
4304   0.188900
4305   0.190100
4306   0.189900
4307   0.190700
4308   0.190000
4309   0.191400
4310   0.192000
4311   0.193200
4312   0.192900
4313   0.195700
4314   0.195800
4315   0.197600
4316   0.197500
4317   0.197000
4318   0.196800
4319   0.196300
4320   0.195100
4321   0.194900
4322   0.195500
4323   0.195900
4324   0.195300
4325   0.193800
4326   0.192200
4327   0.192400
4328   0.193600
4329   0.192700
4330   0.191500
4331   0.191200
4332   0.191000
4333   0.191100
4334   0.191300
4335   0.191300
4336   0.192100
4337   0.192000
4338   0.192400
4339   0.193000
4340   0.195900
4341   0.195800
4342   0.194700
4343   0.193000
4344   0.192700
4345   0.193100
4346   0.193800
4347   0.193300
4348   0.192900
4349   0.192600
4350   0.191500
4351   0.192400
4352   0.191500
4353   0.191600
4354   0.192000
4355   0.191600
4356   0.191700
4357   0.191600
4358   0.191100
4359   0.190700
4360   0.190200
4361   0.191100
4362   0.193400
4363   0.194800
4364   0.194200
4365   0.193900
4366   0.193800
4367   0.192300
4368   0.190600
4369   0.189600
4370   0.188700
4371   0.188900
4372   0.189600
4373   0.189200
4374   0.189400
4375   0.189400
4376   0.189100
4377   0.188600
4378   0.187600
4379   0.187500
4380   0.187000
4381   0.186900
4382   0.188100
4383   0.189100
4384   0.188700
4385   0.189500
4386   0.190100
4387   0.190100
4388   0.189900
4389   0.191300
4390   0.190100
4391   0.191500
4392   0.190800
4393   0.189000
4394   0.188600
4395   0.188500
4396   0.189200
4397   0.189200
4398   0.189300
4399   0.190200
4400   0.189800
4401   0.190600
4402   0.190000
4403   0.191400
4404   0.191900
4405   0.192800
4406   0.192500
4407   0.193000
4408   0.194700
4409   0.193200
4410   0.193600
4411   0.193200
4412   0.193500
4413   0.192900
4414   0.192900
4415   0.193200
4416   0.191800
4417   0.192800
4418   0.192200
4419   0.195100
4420   0.195300
4421   0.194900
4422   0.196100
4423   0.196900
4424   0.196700
4425   0.196300
4426   0.196700
4427   0.196700
4428   0.195400
4429   0.194900
4430   0.195500
4431   0.193300
4432   0.193000
4433   0.194200
4434   0.193100
4435   0.193000
4436   0.192300
4437   0.192400
4438   0.192300
4439   0.192200
4440   0.193300
4441   0.193300
4442   0.194500
4443   0.195200
4444   0.195400
4445   0.197100
4446   0.198000
4447   0.195800
4448   0.194700
4449   0.193600
4450   0.193400
4451   0.193500
4452   0.193100
4453   0.192900
4454   0.193800
4455   0.194800
4456   0.194700
4457   0.195600
4458   0.196900
4459   0.197100
4460   0.197400
4461   0.196600
4462   0.195700
4463   0.194100
4464   0.193900
4465   0.192700
4466   0.192200
4467   0.191400
4468   0.191700
4469   0.190500
4470   0.190300
4471   0.189000
4472   0.187600
4473   0.188600
4474   0.188300
4475   0.186100
4476   0.185100
4477   0.183700
4478   0.184200
4479   0.185100
4480   0.186100
4481   0.187000
4482   0.187800
4483   0.187700
4484   0.188200
4485   0.186900
4486   0.185600
4487   0.186100
4488   0.185700
4489   0.185600
4490   0.186700
4491   0.187000
4492   0.188100
4493   0.188000
4494   0.187800
4495   0.186300
4496   0.184300
4497   0.182700
4498   0.183200
4499   0.184000
4500   0.184400
4501   0.183700
4502   0.182100
4503   0.182100
4504   0.181700
4505   0.180300
4506   0.179500
4507   0.179600
4508   0.179400
4509   0.179800
4510   0.178100
4511   0.178500
4512   0.178800
4513   0.178300
4514   0.177900
4515   0.177100
4516   0.178400
4517   0.178700
4518   0.179500
4519   0.178200
4520   0.175600
4521   0.175400
4522   0.175400
4523   0.176400
4524   0.177300
4525   0.178200
4526   0.177800
4527   0.178200
4528   0.180100
4529   0.179700
4530   0.180400
4531   0.180800
4532   0.181100
4533   0.181000
4534   0.181300
4535   0.182300
4536   0.182500
4537   0.181500
4538   0.183200
4539   0.184500
4540   0.183500
4541   0.182900
4542   0.183100
4543   0.182700
4544   0.182300
4545   0.183600
4546   0.183100
4547   0.183200
4548   0.183300
4549   0.184500
4550   0.183900
4551   0.183500
4552   0.184500
4553   0.183900
4554   0.183500
4555   0.183600
4556   0.184200
4557   0.184000
4558   0.183500
4559   0.181800
4560   0.182700
4561   0.183900
4562   0.183000
4563   0.181100
4564   0.180000
4565   0.178500
4566   0.176500
4567   0.176100
4568   0.176900
4569   0.176400
4570   0.176100
4571   0.175800
4572   0.174500
4573   0.174500
4574   0.176900
4575   0.177400
4576   0.176200
4577   0.174900
4578   0.175500
4579   0.176700
4580   0.176500
4581   0.177400
4582   0.177600
4583   0.178500
4584   0.177500
4585   0.177700
4586   0.177800
4587   0.178800
4588   0.179700
4589   0.179200
4590   0.180500
4591   0.181800
4592   0.182600
4593   0.184200
4594   0.184100
4595   0.182400
4596   0.181000
4597   0.179600
4598   0.179800
4599   0.179800
4600   0.180700
4601   0.180800
4602   0.181100
4603   0.181300
4604   0.181200
4605   0.180900
4606   0.179700
4607   0.179700
4608   0.179600
4609   0.178000
4610   0.178200
4611   0.178900
4612   0.179400
4613   0.181100
4614   0.181300
4615   0.182200
4616   0.182700
4617   0.182900
4618   0.181900
4619   0.182200
4620   0.182800
4621   0.181800
4622   0.183300
4623   0.185200
4624   0.186400
4625   0.185500
4626   0.185200
4627   0.184900
4628   0.185300
4629   0.185800
4630   0.183800
4631   0.182300
4632   0.181900
4633   0.181900
4634   0.182300
4635   0.181600
4636   0.182100
4637   0.182000
4638   0.183900
4639   0.182600
4640   0.183500
4641   0.182900
4642   0.182000
4643   0.182000
4644   0.181700
4645   0.182300
4646   0.182400
4647   0.182400
4648   0.182900
4649   0.181400
4650   0.181000
4651   0.181300
4652   0.181600
4653   0.182000
4654   0.181100
4655   0.181900
4656   0.182300
4657   0.181800
4658   0.181800
4659   0.181900
4660   0.182500
4661   0.184500
4662   0.183800
4663   0.183800
4664   0.183400
4665   0.183700
4666   0.184200
4667   0.184200
4668   0.183300
4669   0.181600
4670   0.182600
4671   0.181200
4672   0.181400
4673   0.181700
4674   0.181500
4675   0.181100
4676   0.181000
4677   0.180300
4678   0.180200
4679   0.179200
4680   0.178200
4681   0.178800
4682   0.178800
4683   0.179900
4684   0.180100
4685   0.179500
4686   0.178000
4687   0.178400
4688   0.179200
4689   0.179600
4690   0.178300
4691   0.178800
4692   0.178700
4693   0.177700
4694   0.177400
4695   0.178100
4696   0.178100
4697   0.178300
4698   0.178500
4699   0.178900
4700   0.178900
4701   0.179200
4702   0.179300
4703   0.178900
4704   0.179000
4705   0.178800
4706   0.179300
4707   0.177800
4708   0.179100
4709   0.178400
4710   0.178400
4711   0.178000
4712   0.176600
4713   0.176600
4714   0.177000
4715   0.175800
4716   0.174900
4717   0.174300
4718   0.173500
4719   0.172500
4720   0.172300
4721   0.171800
4722   0.171000
4723   0.171400
4724   0.172500
4725   0.169200
4726   0.167800
4727   0.166700
4728   0.167300
4729   0.168200
4730   0.168100
4731   0.169200
4732   0.169800
4733   0.169500
4734   0.169000
4735   0.168000
4736   0.167900
4737   0.167400
4738   0.167600
4739   0.167500
4740   0.168600
4741   0.169600
4742   0.170600
4743   0.172200
4744   0.172400
4745   0.172100
4746   0.172400
4747   0.172600
4748   0.172900
4749   0.172200
4750   0.171800
4751   0.171700
4752   0.172100
4753   0.172500
4754   0.173200
4755   0.172900
4756   0.173200
4757   0.174000
4758   0.174700
4759   0.174200
4760   0.173000
4761   0.172900
4762   0.174500
4763   0.175400
4764   0.176700
4765   0.175600
4766   0.176000
4767   0.176200
4768   0.175700
4769   0.175800
4770   0.175600
4771   0.174400
4772   0.174800
4773   0.175300
4774   0.173900
4775   0.172500
4776   0.172900
4777   0.172600
4778   0.172800
4779   0.172800
4780   0.173400
4781   0.173800
4782   0.173600
4783   0.174600
4784   0.175100
4785   0.176000
4786   0.175500
4787   0.175400
4788   0.173400
4789   0.173500
4790   0.173600
4791   0.174500
4792   0.174400
4793   0.174200
4794   0.173600
4795   0.173800
4796   0.175000
4797   0.176200
4798   0.176100
4799   0.175600
4800   0.176400
4801   0.175600
4802   0.175300
4803   0.174000
4804   0.173600
4805   0.173900
4806   0.173900
4807   0.172900
4808   0.172800
4809   0.172700
4810   0.174100
4811   0.172700
4812   0.172200
4813   0.172900
4814   0.174000
4815   0.175300
4816   0.175100
4817   0.175400
4818   0.175700
4819   0.176400
4820   0.175900
4821   0.176700
4822   0.177000
4823   0.177300
4824   0.177600
4825   0.178200
4826   0.177500
4827   0.176900
4828   0.178000
4829   0.178200
4830   0.177600
4831   0.177400
4832   0.176700
4833   0.176300
4834   0.176800
4835   0.177100
4836   0.176300
4837   0.176700
4838   0.175300
4839   0.175400
4840   0.175100
4841   0.176100
4842   0.177800
4843   0.177000
4844   0.176800
4845   0.177600
4846   0.179200
4847   0.180200
4848   0.179700
4849   0.180100
4850   0.179800
4851   0.179300
4852   0.179400
4853   0.179800
4854   0.181100
4855   0.180100
4856   0.179500
4857   0.181200
4858   0.180800
4859   0.179800
4860   0.179800
4861   0.180300
4862   0.179900
4863   0.179800
4864   0.179900
4865   0.180300
4866   0.180900
4867   0.181300
4868   0.181800
4869   0.180800
4870   0.180900
4871   0.181300
4872   0.181700
4873   0.181800
4874   0.182100
4875   0.181400
4876   0.181700
4877   0.182300
4878   0.181500
4879   0.181100
4880   0.181400
4881   0.182400
4882   0.181000
4883   0.181200
4884   0.182300
4885   0.181700
4886   0.181600
4887   0.182500
4888   0.181500
4889   0.180900
4890   0.181800
4891   0.181100
4892   0.180300
4893   0.179800
4894   0.179400
4895   0.179200
4896   0.180200
4897   0.180400
4898   0.180400
4899   0.180400
4900   0.181600
4901   0.181200
4902   0.181300
4903   0.182000
4904   0.180500
4905   0.179500
4906   0.179800
4907   0.181600
4908   0.183000
4909   0.185200
4910   0.186000
4911   0.185900
4912   0.186400
4913   0.187000
4914   0.186100
4915   0.186800
4916   0.186200
4917   0.185100
4918   0.184300
4919   0.184400
4920   0.185600
4921   0.185800
4922   0.185700
4923   0.185700
4924   0.185100
4925   0.184800
4926   0.184300
4927   0.184100
4928   0.184000
4929   0.183900
4930   0.183000
4931   0.182300
4932   0.181900
4933   0.181700
4934   0.181400
4935   0.180500
4936   0.180600
4937   0.180800
4938   0.180900
4939   0.180600
4940   0.180200
4941   0.180000
4942   0.180700
4943   0.181100
4944   0.180500
4945   0.179200
4946   0.179000
4947   0.178900
4948   0.177700
4949   0.177500
4950   0.176900
4951   0.178100
4952   0.177400
4953   0.177500
4954   0.177500
4955   0.179900
4956   0.180200
4957   0.181600
4958   0.180200
4959   0.179500
4960   0.179000
4961   0.179600
4962   0.178800
4963   0.181500
4964   0.182200
4965   0.182000
4966   0.181100
4967   0.180900
4968   0.180100
4969   0.180300
4970   0.180100
4971   0.181100
4972   0.181100
4973   0.179600
4974   0.180300
4975   0.181400
4976   0.181500
4977   0.180600
4978   0.181100
4979   0.180500
4980   0.180400
4981   0.180100
4982   0.179500
4983   0.179200
4984   0.176900
4985   0.177800
4986   0.178500
4987   0.178800
4988   0.178700
4989   0.179100
4990   0.178700
4991   0.177900
4992   0.177300
4993   0.176600
4994   0.176100
4995   0.176500
4996   0.176000
4997   0.174500
4998   0.174600
4999   0.175200
5000   0.176800
5001   0.175900
5002   0.175800
5003   0.176800
5004   0.178400
5005   0.178800
5006   0.177000
5007   0.174900
5008   0.174800
5009   0.174400
5010   0.174900
5011   0.174700
5012   0.174100
5013   0.174400
5014   0.173800
5015   0.175700
5016   0.175900
5017   0.176700
5018   0.177000
5019   0.176900
5020   0.176700
5021   0.176800
5022   0.177800
5023   0.176000
5024   0.178400
5025   0.178200
5026   0.176400
5027   0.176200
5028   0.176600
5029   0.175500
5030   0.175000
5031   0.176900
5032   0.176900
5033   0.177600
5034   0.177200
5035   0.178700
5036   0.178700
5037   0.178300
5038   0.178800
5039   0.176800
5040   0.176500
5041   0.178300
5042   0.177900
5043   0.177400
5044   0.176200
5045   0.176100
5046   0.177300
5047   0.176100
5048   0.176000
5049   0.174600
5050   0.173500
5051   0.172300
5052   0.173400
5053   0.173300
5054   0.173600
5055   0.173200
5056   0.173500
5057   0.173800
5058   0.173600
5059   0.174900
5060   0.174400
5061   0.174700
5062   0.173900
5063   0.173700
5064   0.174300
5065   0.176400
5066   0.176300
5067   0.177100
5068   0.177500
5069   0.176400
5070   0.176200
5071   0.177300
5072   0.177500
5073   0.178600
5074   0.179000
5075   0.179700
5076   0.180200
5077   0.180500
5078   0.180100
5079   0.180100
5080   0.180600
5081   0.179600
5082   0.179700
5083   0.177200
5084   0.176000
5085   0.175900
5086   0.176800
5087   0.177800
5088   0.176600
5089   0.176000
5090   0.176400
5091   0.174500
5092   0.173600
5093   0.173300
5094   0.172800
5095   0.173900
5096   0.175200
5097   0.175600
5098   0.176800
5099   0.175400
5100   0.176200
5101   0.174900
5102   0.175300
5103   0.174800
5104   0.175500
5105   0.175900
5106   0.175400
5107   0.174600
5108   0.174100
5109   0.173500
5110   0.173300
5111   0.174400
5112   0.174600
5113   0.173300
5114   0.173000
5115   0.172100
5116   0.173000
5117   0.173000
5118   0.173500
5119   0.173600
5120   0.172400
5121   0.174900
5122   0.174700
5123   0.174000
5124   0.174000
5125   0.175200
5126   0.174700
5127   0.172900
5128   0.173400
5129   0.173100
5130   0.172900
5131   0.174300
5132   0.174400
5133   0.174900
5134   0.176700
5135   0.177000
5136   0.177900
5137   0.179100
5138   0.178700
5139   0.176900
5140   0.176300
5141   0.176000
5142   0.175500
5143   0.173700
5144   0.174900
5145   0.175500
5146   0.177200
5147   0.178800
5148   0.178800
5149   0.179400
5150   0.177800
5151   0.176900
5152   0.177400
5153   0.177300
5154   0.177500
5155   0.178600
5156   0.178400
5157   0.178100
5158   0.176200
5159   0.176100
5160   0.175700
5161   0.176500
5162   0.175500
5163   0.174600
5164   0.173900
5165   0.172100
5166   0.171300
5167   0.170100
5168   0.170000
5169   0.170400
5170   0.170200
5171   0.170100
5172   0.169800
5173   0.169700
5174   0.168700
5175   0.169300
5176   0.169900
5177   0.168000
5178   0.166900
5179   0.168300
5180   0.168100
5181   0.167600
5182   0.168200
5183   0.167800
5184   0.168400
5185   0.167600
5186   0.168100
5187   0.168800
5188   0.169400
5189   0.167500
5190   0.167000
5191   0.166000
5192   0.166400
5193   0.166100
5194   0.165900
5195   0.165600
5196   0.166600
5197   0.164600
5198   0.163000
5199   0.163700
5200   0.163700
5201   0.162700
5202   0.162900
5203   0.162800
5204   0.163800
5205   0.163200
5206   0.164300
5207   0.165400
5208   0.165300
5209   0.166300
5210   0.165300
5211   0.164200
5212   0.163800
5213   0.164000
5214   0.163800
5215   0.163100
5216   0.162800
5217   0.162200
5218   0.163200
5219   0.163100
5220   0.162500
5221   0.161300
5222   0.161600
5223   0.160500
5224   0.159700
5225   0.159400
5226   0.158700
5227   0.158800
5228   0.158800
5229   0.159000
5230   0.159600
5231   0.159000
5232   0.157700
5233   0.158100
5234   0.157400
5235   0.157900
5236   0.159400
5237   0.158300
5238   0.158600
5239   0.157900
5240   0.156800
5241   0.155500
5242   0.154700
5243   0.156200
5244   0.156200
5245   0.157900
5246   0.157600
5247   0.157300
5248   0.156400
5249   0.155500
5250   0.155200
5251   0.155500
5252   0.155700
5253   0.155000
5254   0.156400
5255   0.155500
5256   0.156600
5257   0.157100
5258   0.158300
5259   0.159800
5260   0.159000
5261   0.158100
5262   0.158200
5263   0.158800
5264   0.158900
5265   0.159300
5266   0.159400
5267   0.159500
5268   0.161200
5269   0.160600
5270   0.159800
5271   0.159200
5272   0.158600
5273   0.158900
5274   0.158900
5275   0.158700
5276   0.158600
5277   0.159300
5278   0.158600
5279   0.159000
5280   0.159300
5281   0.160100
5282   0.159300
5283   0.160200
5284   0.158800
5285   0.158500
5286   0.158200
5287   0.159100
5288   0.158900
5289   0.159700
5290   0.159800
5291   0.158800
5292   0.159500
5293   0.161000
5294   0.160700
5295   0.159700
5296   0.160400
5297   0.159700
5298   0.159700
5299   0.159000
5300   0.158300
5301   0.158200
5302   0.158300
5303   0.159100
5304   0.158000
5305   0.156300
5306   0.156700
5307   0.154200
5308   0.153200
5309   0.153200
5310   0.153400
5311   0.152100
5312   0.152000
5313   0.153000
5314   0.153000
5315   0.152600
5316   0.154700
5317   0.155100
5318   0.153900
5319   0.154300
5320   0.156100
5321   0.156600
5322   0.158600
5323   0.158400
5324   0.158200
5325   0.158800
5326   0.158000
5327   0.159700
5328   0.159400
5329   0.158000
5330   0.157300
5331   0.157000
5332   0.157400
5333   0.156700
5334   0.156100
5335   0.156200
5336   0.155200
5337   0.156100
5338   0.155700
5339   0.155600
5340   0.154900
5341   0.155800
5342   0.155000
5343   0.155000
5344   0.154000
5345   0.154600
5346   0.155300
5347   0.155600
5348   0.155600
5349   0.154000
5350   0.154100
5351   0.155300
5352   0.155100
5353   0.155200
5354   0.154700
5355   0.154000
5356   0.155300
5357   0.155400
5358   0.153300
5359   0.153700
5360   0.152900
5361   0.153600
5362   0.152900
5363   0.153400
5364   0.154200
5365   0.154100
5366   0.153800
5367   0.152000
5368   0.152200
5369   0.152300
5370   0.152800
5371   0.153100
5372   0.153400
5373   0.153300
5374   0.154000
5375   0.152700
5376   0.152800
5377   0.152800
5378   0.153400
5379   0.153400
5380   0.151800
5381   0.151700
5382   0.151800
5383   0.152800
5384   0.152600
5385   0.151200
5386   0.149800
5387   0.150500
5388   0.150700
5389   0.150800
5390   0.149900
5391   0.149900
5392   0.149400
5393   0.148000
5394   0.149100
5395   0.147400
5396   0.147000
5397   0.147100
5398   0.148100
5399   0.147300
5400   0.146700
5401   0.147000
5402   0.148100
5403   0.148700
5404   0.148600
5405   0.148500
5406   0.149000
5407   0.149200
5408   0.149000
5409   0.149100
5410   0.150800
5411   0.151500
5412   0.151800
5413   0.152600
5414   0.153400
5415   0.155300
5416   0.155800
5417   0.155600
5418   0.156000
5419   0.156200
5420   0.157000
5421   0.156400
5422   0.155200
5423   0.156400
5424   0.156000
5425   0.156700
5426   0.155400
5427   0.155700
5428   0.155800
5429   0.154000
5430   0.154200
5431   0.154100
5432   0.154900
5433   0.154200
5434   0.153200
5435   0.153800
5436   0.152800
5437   0.153500
5438   0.154600
5439   0.154000
5440   0.153500
5441   0.153900
5442   0.152800
5443   0.152500
5444   0.151200
5445   0.149000
5446   0.147600
5447   0.147500
5448   0.148600
5449   0.148400
5450   0.148600
5451   0.147800
5452   0.147200
5453   0.146600
5454   0.149100
5455   0.148700
5456   0.147700
5457   0.148500
5458   0.148400
5459   0.148400
5460   0.146600
5461   0.146800
5462   0.146600
5463   0.147500
5464   0.148500
5465   0.149600
5466   0.148900
5467   0.149400
5468   0.149900
5469   0.150500
5470   0.150500
5471   0.151600
5472   0.151700
5473   0.151700
5474   0.151800
5475   0.151500
5476   0.151100
5477   0.150700
5478   0.150400
5479   0.150900
5480   0.151400
5481   0.151100
5482   0.150800
5483   0.150700
5484   0.150000
5485   0.150500
5486   0.150100
5487   0.150500
5488   0.148200
5489   0.149300
5490   0.149700
5491   0.150100
5492   0.151500
5493   0.150200
5494   0.149600
5495   0.150100
5496   0.150700
5497   0.151500
5498   0.151800
5499   0.151600
5500   0.152600
5501   0.152000
5502   0.151400
5503   0.150900
5504   0.150100
5505   0.149500
5506   0.149500
5507   0.150600
5508   0.150500
5509   0.150300
5510   0.151100
5511   0.151300
5512   0.151500
5513   0.151300
5514   0.150100
5515   0.150900
5516   0.151700
5517   0.153100
5518   0.154500
5519   0.155100
5520   0.153800
5521   0.153700
5522   0.154000
5523   0.154200
5524   0.153800
5525   0.154000
5526   0.153200
5527   0.152400
5528   0.152400
5529   0.152400
5530   0.152400
5531   0.153700
5532   0.155500
5533   0.155900
5534   0.156400
5535   0.154100
5536   0.152900
5537   0.152800
5538   0.153600
5539   0.153700
5540   0.154000
5541   0.153900
5542   0.154600
5543   0.155700
5544   0.154600
5545   0.154500
5546   0.153900
5547   0.154700
5548   0.156500
5549   0.155500
5550   0.155400
5551   0.154600
5552   0.154700
5553   0.155200
5554   0.154000
5555   0.155100
5556   0.155400
5557   0.157300
5558   0.158400
5559   0.157700
5560   0.156800
5561   0.158000
5562   0.159200
5563   0.160500
5564   0.157900
5565   0.158500
5566   0.157400
5567   0.159100
5568   0.159400
5569   0.158900
5570   0.160400
5571   0.162000
5572   0.162900
5573   0.162300
5574   0.161200
5575   0.161000
5576   0.161600
5577   0.162900
5578   0.162700
5579   0.163100
5580   0.164100
5581   0.164100
5582   0.163400
5583   0.162300
5584   0.163000
5585   0.164400
5586   0.163000
5587   0.162000
5588   0.162900
5589   0.162200
5590   0.162800
5591   0.162600
5592   0.162800
5593   0.163500
5594   0.165200
5595   0.166400
5596   0.167200
5597   0.166400
5598   0.166400
5599   0.166700
5600   0.166700
5601   0.166200
5602   0.165100
5603   0.164300
5604   0.163100
5605   0.163100
5606   0.163400
5607   0.163300
5608   0.162600
5609   0.163800
5610   0.163700
5611   0.164600
5612   0.165300
5613   0.165700
5614   0.164700
5615   0.164400
5616   0.163900
5617   0.163500
5618   0.164300
5619   0.163400
5620   0.163800
5621   0.163900
5622   0.165000
5623   0.164600
5624   0.164900
5625   0.163500
5626   0.163700
5627   0.164700
5628   0.163900
5629   0.164400
5630   0.164000
5631   0.164500
5632   0.164100
5633   0.163600
5634   0.164000
5635   0.164400
5636   0.163900
5637   0.163100
5638   0.162600
5639   0.161400
5640   0.161100
5641   0.160100
5642   0.160700
5643   0.160400
5644   0.161700
5645   0.160900
5646   0.161200
5647   0.162700
5648   0.163300
5649   0.162600
5650   0.162900
5651   0.163100
5652   0.164000
5653   0.165400
5654   0.166100
5655   0.166300
5656   0.166200
5657   0.165000
5658   0.165200
5659   0.165600
5660   0.166600
5661   0.165600
5662   0.165800
5663   0.166500
5664   0.165800
5665   0.164800
5666   0.163600
5667   0.164000
5668   0.164100
5669   0.164400
5670   0.165200
5671   0.166200
5672   0.165100
5673   0.165200
5674   0.165200
5675   0.165000
5676   0.163500
5677   0.164900
5678   0.164700
5679   0.165500
5680   0.165200
5681   0.165800
5682   0.165600
5683   0.167100
5684   0.166200
5685   0.165400
5686   0.167000
5687   0.166900
5688   0.166200
5689   0.166000
5690   0.166400
5691   0.165800
5692   0.165200
5693   0.165700
5694   0.165600
5695   0.164600
5696   0.166100
5697   0.164600
5698   0.164400
5699   0.164500
5700   0.164000
5701   0.163800
5702   0.164700
5703   0.164000
5704   0.164700
5705   0.164500
5706   0.164900
5707   0.164200
5708   0.165300
5709   0.164600
5710   0.166100
5711   0.165000
5712   0.165500
5713   0.164400
5714   0.164500
5715   0.164800
5716   0.164700
5717   0.165100
5718   0.164700
5719   0.164800
5720   0.166100
5721   0.165700
5722   0.166300
5723   0.166800
5724   0.166800
5725   0.165600
5726   0.166300
5727   0.166900
5728   0.168100
5729   0.168500
5730   0.168000
5731   0.167000
5732   0.165800
5733   0.166500
5734   0.166900
5735   0.165700
5736   0.167600
5737   0.166800
5738   0.166700
5739   0.165900
5740   0.165700
5741   0.165900
5742   0.165800
5743   0.166800
5744   0.167500
5745   0.168600
5746   0.169100
5747   0.169500
5748   0.169100
5749   0.168900
5750   0.169800
5751   0.169000
5752   0.168800
5753   0.169500
5754   0.168600
5755   0.168900
5756   0.169900
5757   0.170200
5758   0.170700
5759   0.171400
5760   0.173500
5761   0.173500
5762   0.172300
5763   0.171300
5764   0.171800
5765   0.171100
5766   0.170800
5767   0.171700
5768   0.171100
5769   0.172600
5770   0.172400
5771   0.170800
5772   0.173400
5773   0.174800
5774   0.176000
5775   0.176300
5776   0.176800
5777   0.177800
5778   0.178600
5779   0.179300
5780   0.180500
5781   0.180500
5782   0.180600
5783   0.181100
5784   0.181800
5785   0.181100
5786   0.182600
5787   0.181700
5788   0.182000
5789   0.182500
5790   0.182900
5791   0.181900
5792   0.181600
5793   0.182500
5794   0.181800
5795   0.181800
5796   0.181300
5797   0.182200
5798   0.182100
5799   0.181800
5800   0.183200
5801   0.183000
5802   0.184200
5803   0.184000
5804   0.184700
5805   0.184000
5806   0.183600
5807   0.183800
5808   0.184500
5809   0.183600
5810   0.184200
5811   0.183500
5812   0.182600
5813   0.183100
5814   0.182600
5815   0.182500
5816   0.183000
5817   0.183300
5818   0.182300
5819   0.185500
5820   0.185100
5821   0.185200
5822   0.185400
5823   0.185600
5824   0.183900
5825   0.184300
5826   0.183300
5827   0.182300
5828   0.182100
5829   0.182900
5830   0.183300
5831   0.182200
5832   0.183200
5833   0.183800
5834   0.183600
5835   0.183200
5836   0.183800
5837   0.183800
5838   0.186400
5839   0.186100
5840   0.185000
5841   0.185000
5842   0.184200
5843   0.185000
5844   0.185700
5845   0.184500
5846   0.183800
5847   0.183100
5848   0.184300
5849   0.183900
5850   0.183600
5851   0.185200
5852   0.183900
5853   0.182900
5854   0.184100
5855   0.184300
5856   0.185900
5857   0.187400
5858   0.188000
5859   0.189000
5860   0.189400
5861   0.188100
5862   0.187800
5863   0.189600
5864   0.188700
5865   0.188600
5866   0.188700
5867   0.188400
5868   0.188700
5869   0.187700
5870   0.187500
5871   0.185900
5872   0.184800
5873   0.184000
5874   0.183800
5875   0.183600
5876   0.184300
5877   0.183500
5878   0.183300
5879   0.182700
5880   0.183500
5881   0.183600
5882   0.183600
5883   0.183700
5884   0.182900
5885   0.183700
5886   0.183100
5887   0.184200
5888   0.183200
5889   0.182200
5890   0.181900
5891   0.182300
5892   0.182200
5893   0.182100
5894   0.181600
5895   0.182100
5896   0.182800
5897   0.181800
5898   0.182400
5899   0.181800
5900   0.181400
5901   0.182800
5902   0.181700
5903   0.180500
5904   0.180200
5905   0.181200
5906   0.182100
5907   0.181800
5908   0.180100
5909   0.179500
5910   0.179500
5911   0.181100
5912   0.181500
5913   0.182000
5914   0.182200
5915   0.181200
5916   0.180400
5917   0.181200
5918   0.181100
5919   0.180100
5920   0.181300
5921   0.180800
5922   0.182100
5923   0.183300
5924   0.183600
5925   0.185600
5926   0.185200
5927   0.185000
5928   0.185900
5929   0.187100
5930   0.186300
5931   0.187400
5932   0.188300
5933   0.189600
5934   0.188800
5935   0.187400
5936   0.188200
5937   0.188400
5938   0.186500
5939   0.186400
5940   0.185900
5941   0.185000
5942   0.185600
5943   0.185600
5944   0.185700
5945   0.186700
5946   0.187400
5947   0.188200
5948   0.189400
5949   0.189600
5950   0.187800
5951   0.189500
5952   0.189600
5953   0.190200
5954   0.189200
5955   0.190100
5956   0.189300
5957   0.188800
5958   0.190700
5959   0.190600
5960   0.190600
5961   0.190500
5962   0.189200
5963   0.188300
5964   0.188700
5965   0.189300
5966   0.189700
5967   0.188100
5968   0.186600
5969   0.187400
5970   0.188000
5971   0.188500
5972   0.188900
5973   0.188200
5974   0.187200
5975   0.186400
5976   0.187400
5977   0.189900
5978   0.192300
5979   0.193200
5980   0.192500
5981   0.191600
5982   0.192700
5983   0.192000
5984   0.191600
5985   0.192200
5986   0.192100
5987   0.191100
5988   0.190000
5989   0.189700
5990   0.190300
5991   0.189900
5992   0.191500
5993   0.189800
5994   0.189600
5995   0.189900
5996   0.189900
5997   0.189900
5998   0.189800
5999   0.189700
6000   0.190800
6001   0.191100
6002   0.191700
6003   0.192300
6004   0.192800
6005   0.192900
6006   0.191900
6007   0.191800
6008   0.191600
6009   0.190800
6010   0.192100
6011   0.192200
6012   0.191900
6013   0.191200
6014   0.190100
6015   0.190700
6016   0.190100
6017   0.189000
6018   0.190400
6019   0.189300
6020   0.188200
6021   0.187900
6022   0.186900
6023   0.187500
6024   0.187800
6025   0.186700
6026   0.187200
6027   0.185700
6028   0.184900
6029   0.184300
6030   0.182400
6031   0.182100
6032   0.182400
6033   0.182800
6034   0.181800
6035   0.180600
6036   0.180800
6037   0.182300
6038   0.182300
6039   0.184000
6040   0.183800
6041   0.184400
6042   0.183500
6043   0.183300
6044   0.183900
6045   0.182400
6046   0.182000
6047   0.181500
6048   0.178500
6049   0.179500
6050   0.179900
6051   0.180000
6052   0.179400
6053   0.179000
6054   0.179700
6055   0.180000
6056   0.179300
6057   0.178700
6058   0.177800
6059   0.178800
6060   0.177300
6061   0.177700
6062   0.177900
6063   0.177100
6064   0.177800
6065   0.177300
6066   0.176800
6067   0.178800
6068   0.180000
6069   0.179300
6070   0.178700
6071   0.178900
6072   0.179900
6073   0.180300
6074   0.180600
6075   0.179900
6076   0.178900
6077   0.179100
6078   0.180900
6079   0.182300
6080   0.182000
6081   0.182400
6082   0.182300
6083   0.181100
6084   0.181200
6085   0.181300
6086   0.181100
6087   0.180400
6088   0.179600
6089   0.179000
6090   0.179400
6091   0.178600
6092   0.179300
6093   0.178600
6094   0.177500
6095   0.176500
6096   0.178500
6097   0.178900
6098   0.178500
6099   0.178800
6100   0.178600
6101   0.178100
6102   0.178300
6103   0.178800
6104   0.179000
6105   0.180800
6106   0.180300
6107   0.179900
6108   0.179300
6109   0.179100
6110   0.179000
6111   0.179500
6112   0.179600
6113   0.178600
6114   0.178700
6115   0.178100
6116   0.177700
6117   0.178200
6118   0.176800
6119   0.178600
6120   0.179600
6121   0.181100
6122   0.181200
6123   0.181900
6124   0.180100
6125   0.180100
6126   0.179700
6127   0.181400
6128   0.181300
6129   0.182500
6130   0.180700
6131   0.180800
6132   0.180700
6133   0.182100
6134   0.181500
6135   0.182000
6136   0.181300
6137   0.180400
6138   0.181300
6139   0.182200
6140   0.184400
6141   0.185600
6142   0.184100
6143   0.182800
6144   0.182400
6145   0.183600
6146   0.184400
6147   0.184700
6148   0.184200
6149   0.184100
6150   0.183700
6151   0.183800
6152   0.184000
6153   0.185000
6154   0.184100
6155   0.183500
6156   0.184100
6157   0.185300
6158   0.186100
6159   0.186000
6160   0.184600
6161   0.184700
6162   0.186600
6163   0.186900
6164   0.185600
6165   0.183700
6166   0.183500
6167   0.184700
6168   0.185200
6169   0.185100
6170   0.183700
6171   0.182900
6172   0.184700
6173   0.184900
6174   0.184400
6175   0.184800
6176   0.184300
6177   0.183200
6178   0.183700
6179   0.183600
6180   0.184200
6181   0.186400
6182   0.186600
6183   0.186300
6184   0.186600
6185   0.185500
6186   0.185300
6187   0.186400
6188   0.187300
6189   0.187600
6190   0.187000
6191   0.186600
6192   0.186800
6193   0.186900
6194   0.187700
6195   0.187300
6196   0.187800
6197   0.188000
6198   0.187700
6199   0.188600
6200   0.188500
6201   0.188900
6202   0.188900
6203   0.189200
6204   0.188100
6205   0.186300
6206   0.186800
6207   0.185200
6208   0.185300
6209   0.185700
6210   0.186000
6211   0.187300
6212   0.188000
6213   0.187700
6214   0.187100
6215   0.186800
6216   0.187700
6217   0.187900
6218   0.187600
6219   0.188000
6220   0.188200
6221   0.189800
6222   0.189500
6223   0.188300
6224   0.187700
6225   0.188400
6226   0.187400
6227   0.186800
6228   0.187100
6229   0.187500
6230   0.188100
6231   0.187300
6232   0.188400
6233   0.187500
6234   0.186400
6235   0.187000
6236   0.186500
6237   0.187600
6238   0.187900
6239   0.188100
6240   0.188100
6241   0.187500
6242   0.186400
6243   0.186700
6244   0.188300
6245   0.188200
6246   0.188900
6247   0.189300
6248   0.189800
6249   0.190600
6250   0.189300
6251   0.188800
6252   0.188800
6253   0.188600
6254   0.187400
6255   0.187800
6256   0.189300
6257   0.188100
6258   0.187700
6259   0.187400
6260   0.188900
6261   0.188300
6262   0.188700
6263   0.189000
6264   0.188300
6265   0.188900
6266   0.188800
6267   0.188700
6268   0.189700
6269   0.189700
6270   0.188800
6271   0.187700
6272   0.188400
6273   0.188300
6274   0.189000
6275   0.189800
6276   0.188100
6277   0.188000
6278   0.188700
6279   0.189100
6280   0.189400
6281   0.190300
6282   0.192200
6283   0.192900
6284   0.193100
6285   0.192500
6286   0.193300
6287   0.193800
6288   0.193700
6289   0.193300
6290   0.193400
6291   0.192800
6292   0.193700
6293   0.193200
6294   0.193500
6295   0.194000
6296   0.194800
6297   0.194100
6298   0.194100
6299   0.195600
6300   0.196300
6301   0.196800
6302   0.197500
6303   0.197800
6304   0.196200
6305   0.195500
6306   0.195900
6307   0.195800
6308   0.195100
6309   0.195600
6310   0.193600
6311   0.192600
6312   0.192100
6313   0.190700
6314   0.190900
6315   0.191100
6316   0.191000
6317   0.191300
6318   0.192200
6319   0.192700
6320   0.192200
6321   0.191900
6322   0.192000
6323   0.192900
6324   0.192500
6325   0.192300
6326   0.191900
6327   0.193200
6328   0.192500
6329   0.192400
6330   0.192800
6331   0.193200
6332   0.194400
6333   0.194400
6334   0.192600
6335   0.191900
6336   0.191900
6337   0.191600
6338   0.190400
6339   0.190600
6340   0.191200
6341   0.191500
6342   0.191500
6343   0.191900
6344   0.193000
6345   0.192800
6346   0.193500
6347   0.193400
6348   0.193400
6349   0.194500
6350   0.195100
6351   0.194800
6352   0.194800
6353   0.194700
6354   0.194500
6355   0.194000
6356   0.193400
6357   0.193500
6358   0.193100
6359   0.193000
6360   0.195400
6361   0.197000
6362   0.197100
6363   0.196900
6364   0.196800
6365   0.196500
6366   0.195200
6367   0.196300
6368   0.196100
6369   0.195800
6370   0.195800
6371   0.195500
6372   0.195600
6373   0.195800
6374   0.193800
6375   0.193300
6376   0.193400
6377   0.192800
6378   0.193000
6379   0.193000
6380   0.194400
6381   0.195200
6382   0.195000
6383   0.194900
6384   0.194900
6385   0.195000
6386   0.194700
6387   0.195500
6388   0.195300
6389   0.195500
6390   0.196700
6391   0.196300
6392   0.195500
6393   0.195500
6394   0.194900
6395   0.194900
6396   0.194300
6397   0.194000
6398   0.193900
6399   0.194300
6400   0.193800
6401   0.193600
6402   0.193800
6403   0.193200
6404   0.193900
6405   0.195000
6406   0.194500
6407   0.194200
6408   0.195800
6409   0.196500
6410   0.198000
6411   0.198000
6412   0.198700
6413   0.198100
6414   0.197400
6415   0.195500
6416   0.196800
6417   0.194800
6418   0.194700
6419   0.195600
6420   0.197800
6421   0.197700
6422   0.197000
6423   0.196600
6424   0.197700
6425   0.197000
6426   0.197100
6427   0.197100
6428   0.198100
6429   0.198600
6430   0.198300
6431   0.198100
6432   0.199000
6433   0.198000
6434   0.197800
6435   0.197400
6436   0.196700
6437   0.199000
6438   0.198100
6439   0.199900
6440   0.200900
6441   0.201100
6442   0.202200
6443   0.200400
6444   0.199600
6445   0.200100
6446   0.199500
6447   0.199700
6448   0.198900
6449   0.198600
6450   0.199200
6451   0.198800
6452   0.199300
6453   0.199900
6454   0.201000
6455   0.200300
6456   0.201000
6457   0.201900
6458   0.201600
6459   0.201600
6460   0.200400
6461   0.199400
6462   0.199200
6463   0.200300
6464   0.201000
6465   0.201400
6466   0.201300
6467   0.202200
6468   0.201000
6469   0.200700
6470   0.200800
6471   0.200800
6472   0.200900
6473   0.200600
6474   0.201100
6475   0.204000
6476   0.202900
6477   0.202100
6478   0.202300
6479   0.202400
6480   0.201300
6481   0.199800
6482   0.200100
6483   0.202000
6484   0.202600
6485   0.202600
6486   0.202400
6487   0.201600
6488   0.202100
6489   0.200800
6490   0.200700
6491   0.201800
6492   0.203800
6493   0.204400
6494   0.206400
6495   0.206200
6496   0.207100
6497   0.206700
6498   0.208400
6499   0.209700
6500   0.210300
6501   0.211000
6502   0.211800
6503   0.211300
6504   0.212000
6505   0.212700
6506   0.211900
6507   0.210900
6508   0.209200
6509   0.209100
6510   0.210200
6511   0.209300
6512   0.208200
6513   0.208300
6514   0.207600
6515   0.208400
6516   0.207700
6517   0.206300
6518   0.206500
6519   0.208600
6520   0.209100
6521   0.209300
6522   0.209000
6523   0.209100
6524   0.210700
6525   0.209400
6526   0.209400
6527   0.208900
6528   0.209300
6529   0.210800
6530   0.211300
6531   0.212000
6532   0.210700
6533   0.209400
6534   0.209800
6535   0.208800
6536   0.209200
6537   0.207600
6538   0.207800
6539   0.208400
6540   0.209400
6541   0.208300
6542   0.208300
6543   0.208100
6544   0.208700
6545   0.208000
6546   0.209800
6547   0.209400
6548   0.208600
6549   0.208600
6550   0.208200
6551   0.208700
6552   0.210900
6553   0.211500
6554   0.212800
6555   0.212200
6556   0.213100
6557   0.211000
6558   0.211200
6559   0.209600
6560   0.209200
6561   0.209900
6562   0.209000
6563   0.209800
6564   0.211100
6565   0.212700
6566   0.212800
6567   0.212200
6568   0.212900
6569   0.212500
6570   0.214100
6571   0.215100
6572   0.215900
6573   0.216100
6574   0.214700
6575   0.214900
6576   0.213500
6577   0.213700
6578   0.215400
6579   0.213400
6580   0.213900
6581   0.214300
6582   0.214800
6583   0.213900
6584   0.214600
6585   0.214900
6586   0.214700
6587   0.214100
6588   0.215100
6589   0.215200
6590   0.216200
6591   0.215500
6592   0.217000
6593   0.217300
6594   0.217800
6595   0.219300
6596   0.218600
6597   0.217500
6598   0.217100
6599   0.218000
6600   0.218700
6601   0.219400
6602   0.219500
6603   0.218700
6604   0.218300
6605   0.218200
6606   0.218100
6607   0.218700
6608   0.218600
6609   0.219200
6610   0.219900
6611   0.218300
6612   0.217700
6613   0.217100
6614   0.218000
6615   0.218500
6616   0.218400
6617   0.218600
6618   0.217700
6619   0.217900
6620   0.219700
6621   0.218700
6622   0.220100
6623   0.219600
6624   0.219500
6625   0.218300
6626   0.219100
6627   0.219000
6628   0.219100
6629   0.220500
6630   0.220700
6631   0.220000
6632   0.219000
6633   0.219000
6634   0.219300
6635   0.219100
6636   0.218600
6637   0.218200
6638   0.217600
6639   0.218300
6640   0.218200
6641   0.219700
6642   0.220100
6643   0.220900
6644   0.221800
6645   0.221600
6646   0.222500
6647   0.222700
6648   0.223600
6649   0.223500
6650   0.223700
6651   0.224000
6652   0.224900
6653   0.225200
6654   0.224600
6655   0.226200
6656   0.226600
6657   0.226500
6658   0.225400
6659   0.224700
6660   0.225000
6661   0.225000
6662   0.223500
6663   0.224400
6664   0.225500
6665   0.225200
6666   0.225400
6667   0.224900
6668   0.224400
6669   0.225100
6670   0.225500
6671   0.226600
6672   0.227500
6673   0.229100
6674   0.229200
6675   0.229600
6676   0.228300
6677   0.227500
6678   0.226100
6679   0.227900
6680   0.228800
6681   0.228400
6682   0.227600
6683   0.227800
6684   0.227600
6685   0.228300
6686   0.229900
6687   0.230400
6688   0.229500
6689   0.230300
6690   0.229700
6691   0.230100
6692   0.229900
6693   0.230300
6694   0.229900
6695   0.229500
6696   0.228400
6697   0.230300
6698   0.231800
6699   0.231800
6700   0.231600
6701   0.231600
6702   0.230100
6703   0.229700
6704   0.229000
6705   0.229300
6706   0.230100
6707   0.231100
6708   0.230900
6709   0.230500
6710   0.231000
6711   0.231900
6712   0.233500
6713   0.234600
6714   0.233300
6715   0.234100
6716   0.234400
6717   0.234300
6718   0.234300
6719   0.232800
6720   0.233100
6721   0.232200
6722   0.232100
6723   0.231300
6724   0.230600
6725   0.231000
6726   0.229900
6727   0.227500
6728   0.226800
6729   0.227200
6730   0.228100
6731   0.227400
6732   0.228100
6733   0.229300
6734   0.228500
6735   0.229500
6736   0.229800
6737   0.230300
6738   0.229200
6739   0.228000
6740   0.227200
6741   0.226100
6742   0.226000
6743   0.225400
6744   0.225500
6745   0.225200
6746   0.224800
6747   0.224000
6748   0.224300
6749   0.224500
6750   0.223900
6751   0.222200
6752   0.223100
6753   0.222300
6754   0.222100
6755   0.221300
6756   0.222300
6757   0.222400
6758   0.223000
6759   0.223200
6760   0.221900
6761   0.223500
6762   0.223200
6763   0.223100
6764   0.223300
6765   0.224200
6766   0.222900
6767   0.222500
6768   0.223000
6769   0.222600
6770   0.222200
6771   0.221100
6772   0.220900
6773   0.221000
6774   0.221300
6775   0.221000
6776   0.222300
6777   0.221300
6778   0.222200
6779   0.222600
6780   0.224500
6781   0.222900
6782   0.224200
6783   0.223200
6784   0.223200
6785   0.223800
6786   0.223900
6787   0.223800
6788   0.224800
6789   0.226900
6790   0.227000
6791   0.227100
6792   0.226500
6793   0.226700
6794   0.227300
6795   0.226300
6796   0.224400
6797   0.225500
6798   0.226100
6799   0.226000
6800   0.226200
6801   0.225200
6802   0.225200
6803   0.224600
6804   0.224500
6805   0.226200
6806   0.227300
6807   0.227900
6808   0.226900
6809   0.226600
6810   0.227000
6811   0.226900
6812   0.227600
6813   0.226800
6814   0.227300
6815   0.228500
6816   0.228100
6817   0.229000
6818   0.229200
6819   0.227700
6820   0.226700
6821   0.227400
6822   0.227500
6823   0.229900
6824   0.229600
6825   0.229500
6826   0.230100
6827   0.229700
6828   0.228200
6829   0.228300
6830   0.228600
6831   0.228500
6832   0.230000
6833   0.229700
6834   0.230000
6835   0.230600
6836   0.227800
6837   0.228100
6838   0.229300
6839   0.228900
6840   0.227700
6841   0.227700
6842   0.227600
6843   0.228600
6844   0.229200
6845   0.229600
6846   0.231500
6847   0.232800
6848   0.231700
6849   0.232700
6850   0.233200
6851   0.232700
6852   0.232800
6853   0.231700
6854   0.231300
6855   0.231800
6856   0.232800
6857   0.231500
6858   0.231100
6859   0.231600
6860   0.231900
6861   0.232400
6862   0.232200
6863   0.232500
6864   0.233000
6865   0.233800
6866   0.234700
6867   0.233900
6868   0.232600
6869   0.234100
6870   0.232900
6871   0.233800
6872   0.234500
6873   0.234600
6874   0.235200
6875   0.235100
6876   0.234800
6877   0.234000
6878   0.234300
6879   0.235200
6880   0.234400
6881   0.234900
6882   0.233400
6883   0.233600
6884   0.232700
6885   0.232100
6886   0.233000
6887   0.233200
6888   0.233900
6889   0.233200
6890   0.232600
6891   0.231700
6892   0.231100
6893   0.230000
6894   0.229700
6895   0.230800
6896   0.231800
6897   0.232300
6898   0.231400
6899   0.230500
6900   0.230600
6901   0.231300
6902   0.230600
6903   0.232900
6904   0.233700
6905   0.232400
6906   0.233400
6907   0.233400
6908   0.232400
6909   0.232400
6910   0.232400
6911   0.232900
6912   0.233000
6913   0.232800
6914   0.232600
6915   0.232800
6916   0.233000
6917   0.232700
6918   0.231800
6919   0.231600
6920   0.231900
6921   0.232800
6922   0.233400
6923   0.232400
6924   0.231000
6925   0.230700
6926   0.231400
6927   0.231700
6928   0.231200
6929   0.229900
6930   0.230900
6931   0.232600
6932   0.231600
6933   0.231100
6934   0.231000
6935   0.229700
6936   0.229800
6937   0.231700
6938   0.231700
6939   0.231300
6940   0.231000
6941   0.232000
6942   0.231100
6943   0.230900
6944   0.230100
6945   0.229500
6946   0.230400
6947   0.230200
6948   0.230400
6949   0.230700
6950   0.232800
6951   0.232700
6952   0.232300
6953   0.232100
6954   0.232700
6955   0.232100
6956   0.232900
6957   0.233300
6958   0.234300
6959   0.234700
6960   0.235400
6961   0.235800
6962   0.236300
6963   0.237800
6964   0.239300
6965   0.239500
6966   0.239500
6967   0.237400
6968   0.238200
6969   0.237200
6970   0.238200
6971   0.237200
6972   0.238500
6973   0.238700
6974   0.239900
6975   0.239700
6976   0.239600
6977   0.239400
6978   0.237700
6979   0.236800
6980   0.236100
6981   0.236200
6982   0.236300
6983   0.234500
6984   0.233000
6985   0.233800
6986   0.233200
6987   0.232900
6988   0.234700
6989   0.234000
6990   0.233900
6991   0.232500
6992   0.232900
6993   0.233800
6994   0.234300
6995   0.234100
6996   0.234300
6997   0.233800
6998   0.234200
6999   0.234800
7000   0.235300
7001   0.235600
7002   0.235100
7003   0.235000
7004   0.235200
7005   0.235700
7006   0.236000
7007   0.237200
7008   0.236600
7009   0.236600
7010   0.236200
7011   0.235200
7012   0.234800
7013   0.233800
7014   0.233500
7015   0.233400
7016   0.231900
7017   0.232200
7018   0.232400
7019   0.233500
7020   0.232600
7021   0.231500
7022   0.231200
7023   0.231600
7024   0.232400
7025   0.233900
7026   0.234800
7027   0.235100
7028   0.236900
7029   0.235700
7030   0.237600
7031   0.237400
7032   0.237600
7033   0.238200
7034   0.237100
7035   0.236100
7036   0.236100
7037   0.235400
7038   0.234800
7039   0.235900
7040   0.236700
7041   0.236300
7042   0.237000
7043   0.237600
7044   0.236700
7045   0.237100
7046   0.235500
7047   0.234300
7048   0.235000
7049   0.234700
7050   0.234200
7051   0.234800
7052   0.235300
7053   0.235100
7054   0.234600
7055   0.234700
7056   0.235500
7057   0.234900
7058   0.234600
7059   0.233800
7060   0.234000
7061   0.234500
7062   0.233900
7063   0.235600
7064   0.235800
7065   0.236500
7066   0.237500
7067   0.237600
7068   0.237900
7069   0.238800
7070   0.238500
7071   0.238400
7072   0.238300
7073   0.237100
7074   0.237500
7075   0.238700
7076   0.238800
7077   0.238100
7078   0.238100
7079   0.238200
7080   0.237100
7081   0.237600
7082   0.236200
7083   0.236700
7084   0.237600
7085   0.239100
7086   0.238800
7087   0.239300
7088   0.238600
7089   0.238600
7090   0.238600
7091   0.238000
7092   0.238600
7093   0.238300
7094   0.239700
7095   0.239400
7096   0.240200
7097   0.239700
7098   0.240200
7099   0.240200
7100   0.240700
7101   0.239400
7102   0.238600
7103   0.237600
7104   0.237600
7105   0.237200
7106   0.238200
7107   0.237500
7108   0.236800
7109   0.236700
7110   0.236800
7111   0.236300
7112   0.235900
7113   0.235600
7114   0.235900
7115   0.236600
7116   0.236000
7117   0.234000
7118   0.234800
7119   0.235300
7120   0.235500
7121   0.236200
7122   0.237000
7123   0.237100
7124   0.237100
7125   0.237400
7126   0.236500
7127   0.236700
7128   0.236200
7129   0.236700
7130   0.236200
7131   0.236000
7132   0.235400
7133   0.235800
7134   0.234000
7135   0.234000
7136   0.232600
7137   0.233600
7138   0.233600
7139   0.232400
7140   0.232800
7141   0.232600
7142   0.233200
7143   0.233700
7144   0.235300
7145   0.235200
7146   0.234100
7147   0.234300
7148   0.233700
7149   0.233900
7150   0.233800
7151   0.234700
7152   0.234500
7153   0.232800
7154   0.233000
7155   0.233200
7156   0.231700
7157   0.232100
7158   0.232700
7159   0.233200
7160   0.233000
7161   0.233900
7162   0.234500
7163   0.235600
7164   0.235500
7165   0.236500
7166   0.236600
7167   0.235900
7168   0.236300
7169   0.237500
7170   0.235900
7171   0.235000
7172   0.234400
7173   0.234900
7174   0.235900
7175   0.235900
7176   0.236100
7177   0.236300
7178   0.235900
7179   0.237100
7180   0.237300
7181   0.237200
7182   0.236800
7183   0.236900
7184   0.235600
7185   0.235500
7186   0.235600
7187   0.237200
7188   0.237400
7189   0.238400
7190   0.239100
7191   0.239100
7192   0.239400
7193   0.240300
7194   0.240100
7195   0.238400
7196   0.239300
7197   0.239600
7198   0.238900
7199   0.238000
7200   0.237100
7201   0.238900
7202   0.238000
7203   0.237900
7204   0.237600
7205   0.238200
7206   0.236700
7207   0.237000
7208   0.237900
7209   0.238100
7210   0.238100
7211   0.238200
7212   0.238600
7213   0.237900
7214   0.237100
7215   0.238300
7216   0.237000
7217   0.236800
7218   0.235700
7219   0.235300
7220   0.236000
7221   0.236400
7222   0.237500
7223   0.237300
7224   0.237300
7225   0.236300
7226   0.236400
7227   0.236200
7228   0.235700
7229   0.235800
7230   0.237100
7231   0.237100
7232   0.235900
7233   0.236700
7234   0.235800
7235   0.236400
7236   0.236200
7237   0.235900
7238   0.236100
7239   0.236800
7240   0.236600
7241   0.237400
7242   0.237100
7243   0.238400
7244   0.239300
7245   0.238900
7246   0.238900
7247   0.238500
7248   0.237700
7249   0.238100
7250   0.239200
7251   0.238600
7252   0.238700
7253   0.237000
7254   0.236200
7255   0.236100
7256   0.236000
7257   0.234800
7258   0.235000
7259   0.233600
7260   0.234400
7261   0.234600
7262   0.234300
7263   0.233600
7264   0.232500
7265   0.232600
7266   0.232700
7267   0.231500
7268   0.232600
7269   0.231100
7270   0.232600
7271   0.232700
7272   0.231800
7273   0.232600
7274   0.231300
7275   0.232700
7276   0.232400
7277   0.233600
7278   0.234100
7279   0.233000
7280   0.234300
7281   0.232900
7282   0.231500
7283   0.231200
7284   0.231600
7285   0.230800
7286   0.231300
7287   0.231000
7288   0.230300
7289   0.229600
7290   0.229600
7291   0.230800
7292   0.230900
7293   0.229900
7294   0.230500
7295   0.230600
7296   0.229900
7297   0.229000
7298   0.229000
7299   0.228400
7300   0.227100
7301   0.227800
7302   0.228600
7303   0.227100
7304   0.226600
7305   0.227600
7306   0.224900
7307   0.224200
7308   0.225000
7309   0.224200
7310   0.225100
7311   0.226600
7312   0.225900
7313   0.226100
7314   0.226900
7315   0.226300
7316   0.227200
7317   0.227500
7318   0.228500
7319   0.230900
7320   0.230900
7321   0.230300
7322   0.230500
7323   0.230200
7324   0.228800
7325   0.227600
7326   0.227400
7327   0.227800
7328   0.227000
7329   0.226300
7330   0.225600
7331   0.224900
7332   0.224600
7333   0.224000
7334   0.224300
7335   0.226100
7336   0.226300
7337   0.227700
7338   0.228000
7339   0.227600
7340   0.227500
7341   0.227700
7342   0.227700
7343   0.227300
7344   0.227900
7345   0.228100
7346   0.229100
7347   0.227200
7348   0.227500
7349   0.229600
7350   0.230700
7351   0.229200
7352   0.228900
7353   0.227600
7354   0.228100
7355   0.226900
7356   0.227000
7357   0.226900
7358   0.227600
7359   0.228000
7360   0.229100
7361   0.230800
7362   0.230400
7363   0.230600
7364   0.230500
7365   0.230800
7366   0.231400
7367   0.231500
7368   0.231800
7369   0.232600
7370   0.232300
7371   0.231900
7372   0.232200
7373   0.232800
7374   0.233300
7375   0.234200
7376   0.234200
7377   0.234400
7378   0.234600
7379   0.233700
7380   0.232800
7381   0.232500
7382   0.233300
7383   0.233300
7384   0.234100
7385   0.234700
7386   0.234800
7387   0.234400
7388   0.234400
7389   0.233400
7390   0.234200
7391   0.236000
7392   0.236200
7393   0.236100
7394   0.235500
7395   0.234600
7396   0.234300
7397   0.235500
7398   0.234200
7399   0.233600
7400   0.233300
7401   0.231300
7402   0.231100
7403   0.231000
7404   0.232200
7405   0.232700
7406   0.232400
7407   0.233400
7408   0.231500
7409   0.231500
7410   0.231200
7411   0.232400
7412   0.232300
7413   0.232900
7414   0.232700
7415   0.233700
7416   0.234000
7417   0.234000
7418   0.233600
7419   0.233500
7420   0.232400
7421   0.232900
7422   0.231400
7423   0.231700
7424   0.230800
7425   0.229900
7426   0.229100
7427   0.229400
7428   0.229500
7429   0.230100
7430   0.229100
7431   0.228100
7432   0.228700
7433   0.227800
7434   0.228300
7435   0.227400
7436   0.226000
7437   0.226200
7438   0.224600
7439   0.225900
7440   0.226000
7441   0.225900
7442   0.226000
7443   0.225700
7444   0.226300
7445   0.227100
7446   0.226700
7447   0.227000
7448   0.226600
7449   0.225900
7450   0.225500
7451   0.225300
7452   0.224600
7453   0.223600
7454   0.224200
7455   0.223800
7456   0.224500
7457   0.224200
7458   0.224000
7459   0.223200
7460   0.222700
7461   0.223400
7462   0.222600
7463   0.221600
7464   0.220200
7465   0.218500
7466   0.218600
7467   0.217500
7468   0.218700
7469   0.219000
7470   0.218800
7471   0.219200
7472   0.220100
7473   0.220900
7474   0.220600
7475   0.221700
7476   0.221900
7477   0.221300
7478   0.222800
7479   0.223900
7480   0.222900
7481   0.222800
7482   0.222500
7483   0.222000
7484   0.221200
7485   0.221100
7486   0.219900
7487   0.221300
7488   0.222900
7489   0.223300
7490   0.223100
7491   0.223300
7492   0.223300
7493   0.223400
7494   0.222500
7495   0.222800
7496   0.223100
7497   0.223400
7498   0.224300
7499   0.224200
7500   0.224300
7501   0.224500
7502   0.224200
7503   0.225400
7504   0.224000
7505   0.223100
7506   0.222700
7507   0.222600
7508   0.222900
7509   0.224200
7510   0.223600
7511   0.224300
7512   0.224800
7513   0.227100
7514   0.227900
7515   0.229000
7516   0.229700
7517   0.229800
7518   0.229700
7519   0.229200
7520   0.228400
7521   0.227800
7522   0.229000
7523   0.229500
7524   0.230500
7525   0.230300
7526   0.230500
7527   0.230300
7528   0.230600
7529   0.229800
7530   0.231400
7531   0.230800
7532   0.229700
7533   0.229500
7534   0.230300
7535   0.231200
7536   0.231700
7537   0.232400
7538   0.233500
7539   0.233200
7540   0.232900
7541   0.233200
7542   0.233400
7543   0.233900
7544   0.234700
7545   0.233900
7546   0.233100
7547   0.233700
7548   0.234500
7549   0.234500
7550   0.234300
7551   0.234000
7552   0.234400
7553   0.232900
7554   0.232400
7555   0.233400
7556   0.234600
7557   0.234400
7558   0.235400
7559   0.234600
7560   0.235400
7561   0.235300
7562   0.235500
7563   0.234600
7564   0.235700
7565   0.235800
7566   0.236000
7567   0.236800
7568   0.235500
7569   0.234400
7570   0.233700
7571   0.234500
7572   0.234200
7573   0.234600
7574   0.235800
7575   0.237200
7576   0.236600
7577   0.237400
7578   0.237400
7579   0.237700
7580   0.238300
7581   0.238900
7582   0.237800
7583   0.236300
7584   0.236600
7585   0.236700
7586   0.235900
7587   0.237400
7588   0.236800
7589   0.237900
7590   0.238800
7591   0.238500
7592   0.237700
7593   0.237500
7594   0.237800
7595   0.238800
7596   0.238700
7597   0.239000
7598   0.239900
7599   0.240100
7600   0.240000
7601   0.240500
7602   0.239100
7603   0.239000
7604   0.240100
7605   0.240800
7606   0.240000
7607   0.239800
7608   0.240300
7609   0.239600
7610   0.239000
7611   0.238700
7612   0.238600
7613   0.237400
7614   0.238100
7615   0.237400
7616   0.237700
7617   0.237400
7618   0.237700
7619   0.237700
7620   0.236800
7621   0.236500
7622   0.237600
7623   0.239300
7624   0.239700
7625   0.240500
7626   0.240000
7627   0.239900
7628   0.240900
7629   0.241300
7630   0.239100
7631   0.239400
7632   0.241000
7633   0.240700
7634   0.240700
7635   0.239800
7636   0.239200
7637   0.239200
7638   0.238600
7639   0.239000
7640   0.239800
7641   0.241600
7642   0.241900
7643   0.242900
7644   0.243500
7645   0.243300
7646   0.243000
7647   0.242700
7648   0.242900
7649   0.241700
7650   0.242200
7651   0.243700
7652   0.243500
7653   0.243500
7654   0.243800
7655   0.245700
7656   0.243800
7657   0.244300
7658   0.245500
7659   0.246300
7660   0.246800
7661   0.246800
7662   0.247500
7663   0.248200
7664   0.246800
7665   0.247700
7666   0.248600
7667   0.247900
7668   0.246600
7669   0.246400
7670   0.246300
7671   0.247000
7672   0.247400
7673   0.246200
7674   0.247300
7675   0.249400
7676   0.249800
7677   0.250600
7678   0.250900
7679   0.250300
7680   0.250900
7681   0.250700
7682   0.249800
7683   0.249100
7684   0.250000
7685   0.249600
7686   0.250100
7687   0.249300
7688   0.249100
7689   0.249700
7690   0.248400
7691   0.247600
7692   0.247300
7693   0.246200
7694   0.246900
7695   0.245500
7696   0.245700
7697   0.246300
7698   0.247400
7699   0.246700
7700   0.248000
7701   0.247300
7702   0.246800
7703   0.246500
7704   0.244900
7705   0.244500
7706   0.245000
7707   0.245100
7708   0.246300
7709   0.244800
7710   0.243900
7711   0.244300
7712   0.245100
7713   0.245000
7714   0.246000
7715   0.247400
7716   0.248500
7717   0.247900
7718   0.248000
7719   0.248100
7720   0.247100
7721   0.247300
7722   0.246500
7723   0.247400
7724   0.247700
7725   0.248000
7726   0.248400
7727   0.248400
7728   0.248100
7729   0.247400
7730   0.247300
7731   0.247900
7732   0.248400
7733   0.248700
7734   0.250500
7735   0.250500
7736   0.250600
7737   0.250400
7738   0.250400
7739   0.251100
7740   0.253600
7741   0.254700
7742   0.255900
7743   0.255800
7744   0.256900
7745   0.256500
7746   0.256600
7747   0.254000
7748   0.254000
7749   0.254400
7750   0.253700
7751   0.253100
7752   0.254700
7753   0.252800
7754   0.252900
7755   0.253600
7756   0.253800
7757   0.253100
7758   0.251700
7759   0.251600
7760   0.252100
7761   0.252500
7762   0.250900
7763   0.253000
7764   0.253500
7765   0.253800
7766   0.252800
7767   0.252600
7768   0.251900
7769   0.253400
7770   0.253100
7771   0.253700
7772   0.253000
7773   0.252800
7774   0.254300
7775   0.254500
7776   0.254400
7777   0.254400
7778   0.252200
7779   0.253000
7780   0.252200
7781   0.252600
7782   0.252700
7783   0.253000
7784   0.253600
7785   0.254500
7786   0.254100
7787   0.254300
7788   0.255000
7789   0.255000
7790   0.254700
7791   0.254900
7792   0.254200
7793   0.254200
7794   0.254800
7795   0.253800
7796   0.254000
7797   0.254200
7798   0.253700
7799   0.253700
7800   0.253000
7801   0.254000
7802   0.254000
7803   0.253300
7804   0.252800
7805   0.252200
7806   0.252400
7807   0.253300
7808   0.254400
7809   0.253500
7810   0.252100
7811   0.252100
7812   0.252000
7813   0.252400
7814   0.252100
7815   0.252700
7816   0.252500
7817   0.252400
7818   0.253100
7819   0.254000
7820   0.254700
7821   0.254500
7822   0.254600
7823   0.254000
7824   0.253300
7825   0.251800
7826   0.251400
7827   0.252400
7828   0.253300
7829   0.253500
7830   0.254400
7831   0.254900
7832   0.255100
7833   0.253900
7834   0.252500
7835   0.252500
7836   0.253400
7837   0.252000
7838   0.251500
7839   0.251900
7840   0.251800
7841   0.251400
7842   0.251400
7843   0.251400
7844   0.252200
7845   0.251000
7846   0.250800
7847   0.250600
7848   0.250400
7849   0.250200
7850   0.250200
7851   0.249400
7852   0.248800
7853   0.248500
7854   0.248600
7855   0.249300
7856   0.249400
7857   0.248400
7858   0.248800
7859   0.251000
7860   0.251000
7861   0.252700
7862   0.251900
7863   0.251600
7864   0.252200
7865   0.251600
7866   0.250700
7867   0.250600
7868   0.251400
7869   0.253400
7870   0.252800
7871   0.252300
7872   0.251200
7873   0.252200
7874   0.252800
7875   0.253600
7876   0.253500
7877   0.253700
7878   0.254000
7879   0.254000
7880   0.254100
7881   0.254600
7882   0.253700
7883   0.253000
7884   0.253700
7885   0.253700
7886   0.253000
7887   0.252700
7888   0.251700
7889   0.253400
7890   0.251900
7891   0.251000
7892   0.251100
7893   0.250400
7894   0.251800
7895   0.251800
7896   0.252500
7897   0.252700
7898   0.253300
7899   0.252700
7900   0.251800
7901   0.250200
7902   0.250500
7903   0.250500
7904   0.250900
7905   0.252100
7906   0.252600
7907   0.252600
7908   0.252300
7909   0.253700
7910   0.252800
7911   0.252700
7912   0.251500
7913   0.251800
7914   0.252500
7915   0.253400
7916   0.253700
7917   0.252700
7918   0.253200
7919   0.252700
7920   0.253200
7921   0.253600
7922   0.253300
7923   0.252100
7924   0.252000
7925   0.250600
7926   0.251700
7927   0.251700
7928   0.251800
7929   0.251500
7930   0.250900
7931   0.251000
7932   0.252200
7933   0.252000
7934   0.252400
7935   0.252800
7936   0.252100
7937   0.251900
7938   0.253000
7939   0.253000
7940   0.252900
7941   0.253700
7942   0.253000
7943   0.253000
7944   0.252400
7945   0.253300
7946   0.253700
7947   0.252400
7948   0.252800
7949   0.252600
7950   0.252700
7951   0.252800
7952   0.252700
7953   0.254400
7954   0.255100
7955   0.254900
7956   0.254200
7957   0.254500
7958   0.255100
7959   0.255900
7960   0.254500
7961   0.252800
7962   0.252300
7963   0.252200
7964   0.251700
7965   0.250800
7966   0.248500
7967   0.249300
7968   0.249600
7969   0.249300
7970   0.249700
7971   0.249500
7972   0.249000
7973   0.247600
7974   0.248500
7975   0.247600
7976   0.247900
7977   0.247900
7978   0.248000
7979   0.246700
7980   0.248300
7981   0.249300
7982   0.249900
7983   0.249700
7984   0.249900
7985   0.250300
7986   0.249000
7987   0.249300
7988   0.250300
7989   0.251500
7990   0.253000
7991   0.251600
7992   0.252600
7993   0.252900
7994   0.252800
7995   0.252300
7996   0.251800
7997   0.251600
7998   0.251600
7999   0.252600
8000   0.252800
8001   0.252400
8002   0.253100
8003   0.253400
8004   0.253100
8005   0.252700
8006   0.253200
8007   0.254300
8008   0.253900
8009   0.253200
8010   0.252800
8011   0.253900
8012   0.254200
8013   0.254700
8014   0.255000
8015   0.255100
8016   0.255900
8017   0.256400
8018   0.255700
8019   0.254700
8020   0.254100
8021   0.253000
8022   0.251800
8023   0.250800
8024   0.251700
8025   0.252700
8026   0.252300
8027   0.251000
8028   0.251700
8029   0.252800
8030   0.252400
8031   0.253100
8032   0.252000
8033   0.250600
8034   0.251000
8035   0.250900
8036   0.250700
8037   0.251900
8038   0.251900
8039   0.252900
8040   0.252200
8041   0.251700
8042   0.250700
8043   0.251300
8044   0.251800
8045   0.252700
8046   0.252800
8047   0.252400
8048   0.253800
8049   0.254300
8050   0.253900
8051   0.254100
8052   0.253900
8053   0.254100
8054   0.255200
8055   0.254100
8056   0.254200
8057   0.255400
8058   0.255500
8059   0.255500
8060   0.255000
8061   0.255600
8062   0.255000
8063   0.253100
8064   0.253300
8065   0.252600
8066   0.251900
8067   0.252500
8068   0.250900
8069   0.249700
8070   0.249300
8071   0.250600
8072   0.251100
8073   0.252700
8074   0.254600
8075   0.253800
8076   0.254000
8077   0.254200
8078   0.253600
8079   0.253400
8080   0.252900
8081   0.250600
8082   0.251800
8083   0.250800
8084   0.250300
8085   0.249100
8086   0.248600
8087   0.247900
8088   0.247900
8089   0.247600
8090   0.247000
8091   0.245700
8092   0.246200
8093   0.245500
8094   0.246000
8095   0.246600
8096   0.246400
8097   0.246800
8098   0.245200
8099   0.245200
8100   0.244900
8101   0.245100
8102   0.245200
8103   0.243000
8104   0.243400
8105   0.243400
8106   0.242700
8107   0.241800
8108   0.241900
8109   0.241000
8110   0.239400
8111   0.239100
8112   0.239600
8113   0.239900
8114   0.238800
8115   0.238600
8116   0.239000
8117   0.238800
8118   0.239200
8119   0.239500
8120   0.239600
8121   0.239100
8122   0.239500
8123   0.239500
8124   0.239200
8125   0.238900
8126   0.239400
8127   0.239900
8128   0.242100
8129   0.242000
8130   0.241700
8131   0.243400
8132   0.244200
8133   0.243100
8134   0.242100
8135   0.243200
8136   0.243600
8137   0.243800
8138   0.244900
8139   0.244100
8140   0.244400
8141   0.244700
8142   0.246800
8143   0.246900
8144   0.247500
8145   0.247500
8146   0.247000
8147   0.246600
8148   0.247000
8149   0.246300
8150   0.245500
8151   0.245900
8152   0.245700
8153   0.246000
8154   0.245100
8155   0.244400
8156   0.244700
8157   0.245000
8158   0.244800
8159   0.245400
8160   0.245900
8161   0.246200
8162   0.247200
8163   0.246000
8164   0.246700
8165   0.246100
8166   0.244800
8167   0.245000
8168   0.244900
8169   0.244500
8170   0.245100
8171   0.243900
8172   0.243500
8173   0.243600
8174   0.242900
8175   0.242300
8176   0.241600
8177   0.242200
8178   0.241700
8179   0.242500
8180   0.242800
8181   0.242800
8182   0.242600
8183   0.242600
8184   0.242000
8185   0.242000
8186   0.242200
8187   0.242500
8188   0.241900
8189   0.243100
8190   0.241500
8191   0.241400
8192   0.241600
8193   0.241900
8194   0.243100
8195   0.242500
8196   0.243200
8197   0.242400
8198   0.244000
8199   0.244000
8200   0.243500
8201   0.244400
8202   0.243800
8203   0.246200
8204   0.247400
8205   0.245800
8206   0.245200
8207   0.245000
8208   0.243400
8209   0.242800
8210   0.242900
8211   0.242900
8212   0.243700
8213   0.243200
8214   0.243400
8215   0.243200
8216   0.243900
8217   0.244500
8218   0.244500
8219   0.243700
8220   0.243100
8221   0.242800
8222   0.244200
8223   0.243100
8224   0.243100
8225   0.244100
8226   0.244300
8227   0.243700
8228   0.244300
8229   0.243800
8230   0.244700
8231   0.245800
8232   0.244900
8233   0.245500
8234   0.245500
8235   0.245800
8236   0.244900
8237   0.245500
8238   0.245500
8239   0.246700
8240   0.246000
8241   0.246300
8242   0.247700
8243   0.247000
8244   0.246300
8245   0.245300
8246   0.244900
8247   0.246000
8248   0.244500
8249   0.246000
8250   0.245400
8251   0.246500
8252   0.245600
8253   0.245800
8254   0.246200
8255   0.246800
8256   0.248100
8257   0.247700
8258   0.248400
8259   0.249500
8260   0.248900
8261   0.248300
8262   0.248100
8263   0.247400
8264   0.247300
8265   0.247000
8266   0.246300
8267   0.246300
8268   0.246600
8269   0.246900
8270   0.246100
8271   0.245300
8272   0.245500
8273   0.244300
8274   0.243700
8275   0.243500
8276   0.243900
8277   0.243900
8278   0.243800
8279   0.244800
8280   0.245000
8281   0.244900
8282   0.245700
8283   0.245800
8284   0.246400
8285   0.247400
8286   0.247200
8287   0.246700
8288   0.246600
8289   0.248000
8290   0.247200
8291   0.248400
8292   0.249300
8293   0.247500
8294   0.246500
8295   0.245500
8296   0.245500
8297   0.244100
8298   0.244700
8299   0.244300
8300   0.243700
8301   0.244900
8302   0.244700
8303   0.244800
8304   0.245300
8305   0.246200
8306   0.246100
8307   0.246300
8308   0.245700
8309   0.245700
8310   0.246700
8311   0.246900
8312   0.246300
8313   0.245100
8314   0.243700
8315   0.244400
8316   0.244300
8317   0.243800
8318   0.244300
8319   0.244100
8320   0.242700
8321   0.243600
8322   0.242000
8323   0.242000
8324   0.241800
8325   0.242100
8326   0.241700
8327   0.241800
8328   0.242100
8329   0.241500
8330   0.241500
8331   0.242100
8332   0.242200
8333   0.241200
8334   0.241500
8335   0.241100
8336   0.241000
8337   0.240200
8338   0.239900
8339   0.240100
8340   0.240100
8341   0.239500
8342   0.239500
8343   0.239700
8344   0.241000
8345   0.241400
8346   0.241900
8347   0.242800
8348   0.242600
8349   0.242100
8350   0.241100
8351   0.241500
8352   0.242700
8353   0.241700
8354   0.241600
8355   0.241500
8356   0.240900
8357   0.241300
8358   0.241400
8359   0.238100
8360   0.237900
8361   0.238300
8362   0.238300
8363   0.238700
8364   0.238500
8365   0.239400
8366   0.238900
8367   0.239100
8368   0.237400
8369   0.237800
8370   0.237200
8371   0.236400
8372   0.237100
8373   0.237400
8374   0.237700
8375   0.238000
8376   0.237200
8377   0.237700
8378   0.236100
8379   0.236400
8380   0.235900
8381   0.236400
8382   0.237300
8383   0.237200
8384   0.237100
8385   0.237100
8386   0.237300
8387   0.238000
8388   0.237700
8389   0.236800
8390   0.236000
8391   0.235200
8392   0.235100
8393   0.234900
8394   0.234100
8395   0.234300
8396   0.233700
8397   0.233300
8398   0.233200
8399   0.235500
8400   0.236000
8401   0.235300
8402   0.236900
8403   0.237600
8404   0.237800
8405   0.237300
8406   0.236700
8407   0.237000
8408   0.236800
8409   0.237400
8410   0.238100
8411   0.236800
8412   0.236000
8413   0.236400
8414   0.236600
8415   0.238300
8416   0.238300
8417   0.238800
8418   0.238000
8419   0.238300
8420   0.239100
8421   0.240000
8422   0.239700
8423   0.241100
8424   0.242600
8425   0.243100
8426   0.243100
8427   0.243100
8428   0.243300
8429   0.243500
8430   0.242400
8431   0.241800
8432   0.242700
8433   0.243500
8434   0.242000
8435   0.241800
8436   0.241900
8437   0.240900
8438   0.239800
8439   0.240000
8440   0.240700
8441   0.241000
8442   0.241800
8443   0.243400
8444   0.244500
8445   0.243600
8446   0.242700
8447   0.241700
8448   0.242800
8449   0.242800
8450   0.243100
8451   0.244200
8452   0.242500
8453   0.242700
8454   0.242600
8455   0.244800
8456   0.245300
8457   0.245300
8458   0.246100
8459   0.246300
8460   0.246100
8461   0.246900
8462   0.247100
8463   0.247700
8464   0.246600
8465   0.246300
8466   0.245200
8467   0.244100
8468   0.243000
8469   0.243900
8470   0.243100
8471   0.243900
8472   0.243300
8473   0.243700
8474   0.241500
8475   0.242000
8476   0.242500
8477   0.243200
8478   0.243400
8479   0.243500
8480   0.243700
8481   0.242800
8482   0.241200
8483   0.240500
8484   0.239600
8485   0.240600
8486   0.241300
8487   0.242700
8488   0.242600
8489   0.242300
8490   0.242800
8491   0.244100
8492   0.244300
8493   0.244400
8494   0.244000
8495   0.243600
8496   0.243200
8497   0.243300
8498   0.242800
8499   0.241800
8500   0.240500
8501   0.240700
8502   0.240600
8503   0.240200
8504   0.239800
8505   0.240500
8506   0.239800
8507   0.240300
8508   0.238900
8509   0.238700
8510   0.238500
8511   0.239900
8512   0.240100
8513   0.240200
8514   0.240900
8515   0.240600
8516   0.238900
8517   0.238600
8518   0.239400
8519   0.239200
8520   0.240500
8521   0.239400
8522   0.239400
8523   0.239400
8524   0.238500
8525   0.239100
8526   0.238900
8527   0.237700
8528   0.238500
8529   0.238200
8530   0.236700
8531   0.237000
8532   0.237500
8533   0.236800
8534   0.236400
8535   0.236800
8536   0.236400
8537   0.236400
8538   0.236300
8539   0.235500
8540   0.234500
8541   0.234700
8542   0.232500
8543   0.232400
8544   0.233900
8545   0.234100
8546   0.235400
8547   0.234500
8548   0.236600
8549   0.237500
8550   0.237800
8551   0.236800
8552   0.237400
8553   0.239200
8554   0.239000
8555   0.238400
8556   0.238600
8557   0.239300
8558   0.240400
8559   0.241500
8560   0.241600
8561   0.241700
8562   0.241100
8563   0.241200
8564   0.239900
8565   0.240200
8566   0.237800
8567   0.238100
8568   0.237000
8569   0.235400
8570   0.234700
8571   0.234300
8572   0.235100
8573   0.234500
8574   0.235400
8575   0.234900
8576   0.235400
8577   0.235700
8578   0.235500
8579   0.235900
8580   0.235900
8581   0.234600
8582   0.233900
8583   0.232700
8584   0.233200
8585   0.232700
8586   0.232600
8587   0.233900
8588   0.234300
8589   0.235100
8590   0.234600
8591   0.236300
8592   0.238000
8593   0.238600
8594   0.237700
8595   0.237900
8596   0.238100
8597   0.237100
8598   0.237000
8599   0.235900
8600   0.237000
8601   0.236600
8602   0.234800
8603   0.234600
8604   0.235600
8605   0.235000
8606   0.235400
8607   0.235400
8608   0.235300
8609   0.235300
8610   0.234900
8611   0.235000
8612   0.235700
8613   0.236500
8614   0.235700
8615   0.236600
8616   0.236500
8617   0.238500
8618   0.238500
8619   0.239100
8620   0.238600
8621   0.238300
8622   0.238300
8623   0.238300
8624   0.237600
8625   0.238400
8626   0.237700
8627   0.238300
8628   0.239200
8629   0.239100
8630   0.239500
8631   0.239000
8632   0.237300
8633   0.237900
8634   0.239400
8635   0.239700
8636   0.239000
8637   0.239700
8638   0.238600
8639   0.238000
8640   0.237800
8641   0.237600
8642   0.237700
8643   0.238000
8644   0.239300
8645   0.240800
8646   0.240000
8647   0.239800
8648   0.238200
8649   0.238600
8650   0.237200
8651   0.237700
8652   0.236800
8653   0.237100
8654   0.237000
8655   0.237600
8656   0.238300
8657   0.238100
8658   0.236600
8659   0.236900
8660   0.236300
8661   0.235000
8662   0.237600
8663   0.237100
8664   0.236200
8665   0.237300
8666   0.236600
8667   0.237400
8668   0.239500
8669   0.239800
8670   0.240200
8671   0.241100
8672   0.240700
8673   0.241300
8674   0.241900
8675   0.242100
8676   0.241700
8677   0.240900
8678   0.240000
8679   0.239300
8680   0.240400
8681   0.240800
8682   0.239700
8683   0.239700
8684   0.240200
8685   0.242000
8686   0.241700
8687   0.242300
8688   0.243200
8689   0.244200
8690   0.244500
8691   0.244200
8692   0.244100
8693   0.245700
8694   0.246100
8695   0.246400
8696   0.243700
8697   0.243000
8698   0.243700
8699   0.245200
8700   0.245100
8701   0.244100
8702   0.245700
8703   0.246400
8704   0.247300
8705   0.247300
8706   0.248100
8707   0.248300
8708   0.247200
8709   0.245600
8710   0.245200
8711   0.245600
8712   0.244900
8713   0.246800
8714   0.247600
8715   0.247000
8716   0.246500
8717   0.247100
8718   0.246400
8719   0.245500
8720   0.245400
8721   0.245600
8722   0.243600
8723   0.244800
8724   0.245300
8725   0.245500
8726   0.244400
8727   0.244300
8728   0.244100
8729   0.244200
8730   0.244900
8731   0.244600
8732   0.245600
8733   0.244600
8734   0.245600
8735   0.245800
8736   0.245400
8737   0.245100
8738   0.245100
8739   0.246200
8740   0.245900
8741   0.246100
8742   0.245100
8743   0.246200
8744   0.246000
8745   0.247500
8746   0.247600
8747   0.248000
8748   0.248400
8749   0.248900
8750   0.250500
8751   0.250400
8752   0.249700
8753   0.250600
8754   0.249400
8755   0.249400
8756   0.250200
8757   0.250200
8758   0.251200
8759   0.250600
8760   0.251000
8761   0.250800
8762   0.250300
8763   0.249600
8764   0.250000
8765   0.250100
8766   0.250600
8767   0.250300
8768   0.249600
8769   0.250100
8770   0.250700
8771   0.250400
8772   0.251200
8773   0.250200
8774   0.250900
8775   0.250400
8776   0.250400
8777   0.250600
8778   0.251600
8779   0.252700
8780   0.252800
8781   0.251300
8782   0.251400
8783   0.250600
8784   0.250700
8785   0.251100
8786   0.249200
8787   0.248900
8788   0.249700
8789   0.249800
8790   0.250600
8791   0.250900
8792   0.251300
8793   0.251600
8794   0.251900
8795   0.253400
8796   0.252900
8797   0.252800
8798   0.252200
8799   0.252300
8800   0.254200
8801   0.252400
8802   0.251500
8803   0.250300
8804   0.249700
8805   0.250800
8806   0.249800
8807   0.249800
8808   0.249300
8809   0.250000
8810   0.250400
8811   0.249900
8812   0.251200
8813   0.253000
8814   0.253400
8815   0.252800
8816   0.252700
8817   0.251400
8818   0.251200
8819   0.251200
8820   0.251600
8821   0.253300
8822   0.253200
8823   0.252800
8824   0.252400
8825   0.251600
8826   0.251100
8827   0.251800
8828   0.251200
8829   0.250200
8830   0.249000
8831   0.249200
8832   0.250100
8833   0.249800
8834   0.250700
8835   0.251600
8836   0.250900
8837   0.251600
8838   0.251500
8839   0.253100
8840   0.252400
8841   0.252800
8842   0.253700
8843   0.253500
8844   0.252500
8845   0.251900
8846   0.252500
8847   0.253400
8848   0.253600
8849   0.253500
8850   0.253100
8851   0.253200
8852   0.254000
8853   0.254200
8854   0.254000
8855   0.252100
8856   0.252400
8857   0.252200
8858   0.252500
8859   0.252500
8860   0.253300
8861   0.253000
8862   0.254000
8863   0.254000
8864   0.253300
8865   0.253800
8866   0.253300
8867   0.253100
8868   0.253500
8869   0.254000
8870   0.253500
8871   0.253700
8872   0.253500
8873   0.252900
8874   0.253500
8875   0.254000
8876   0.253700
8877   0.253300
8878   0.254800
8879   0.254200
8880   0.254700
8881   0.254100
8882   0.253000
8883   0.254400
8884   0.254000
8885   0.254700
8886   0.255400
8887   0.255000
8888   0.254900
8889   0.252900
8890   0.253900
8891   0.253900
8892   0.253900
8893   0.253800
8894   0.253100
8895   0.253900
8896   0.253700
8897   0.253000
8898   0.252900
8899   0.252300
8900   0.251600
8901   0.251700
8902   0.252700
8903   0.252700
8904   0.254200
8905   0.255000
8906   0.256200
8907   0.256600
8908   0.256100
8909   0.256600
8910   0.255900
8911   0.256500
8912   0.256900
8913   0.256800
8914   0.256900
8915   0.256400
8916   0.256900
8917   0.257000
8918   0.257300
8919   0.256800
8920   0.256400
8921   0.254600
8922   0.255400
8923   0.257200
8924   0.258200
8925   0.257700
8926   0.257900
8927   0.258300
8928   0.257500
8929   0.257500
8930   0.258400
8931   0.258500
8932   0.257400
8933   0.256500
8934   0.256100
8935   0.256100
8936   0.254900
8937   0.253900
8938   0.254200
8939   0.255300
8940   0.254700
8941   0.255000
8942   0.256600
8943   0.256500
8944   0.257200
8945   0.257500
8946   0.257400
8947   0.257300
8948   0.256900
8949   0.257700
8950   0.258500
8951   0.259700
8952   0.258900
8953   0.259100
8954   0.259100
8955   0.256700
8956   0.256700
8957   0.255700
8958   0.256600
8959   0.255700
8960   0.256000
8961   0.258000
8962   0.257900
8963   0.258600
8964   0.258000
8965   0.258500
8966   0.260500
8967   0.261000
8968   0.261100
8969   0.263100
8970   0.262500
8971   0.262200
8972   0.262000
8973   0.262700
8974   0.262900
8975   0.263700
8976   0.263100
8977   0.262600
8978   0.262500
8979   0.263400
8980   0.262700
8981   0.263200
8982   0.262000
8983   0.261700
8984   0.261300
8985   0.261100
8986   0.260000
8987   0.259700
8988   0.259400
8989   0.257500
8990   0.259000
8991   0.258500
8992   0.259700
8993   0.259400
8994   0.260300
8995   0.260100
8996   0.262000
8997   0.261900
8998   0.261700
8999   0.261600
9000   0.261000
9001   0.261300
9002   0.262200
9003   0.262500
9004   0.263500
9005   0.264200
9006   0.265000
9007   0.264300
9008   0.264600
9009   0.263600
9010   0.263600
9011   0.263800
9012   0.264600
9013   0.263800
9014   0.262600
9015   0.262500
9016   0.263400
9017   0.262700
9018   0.262400
9019   0.262600
9020   0.263600
9021   0.265100
9022   0.265000
9023   0.265900
9024   0.265700
9025   0.266600
9026   0.266100
9027   0.265600
9028   0.264300
9029   0.263200
9030   0.263300
9031   0.264900
9032   0.266100
9033   0.266400
9034   0.267000
9035   0.265900
9036   0.266600
9037   0.267300
9038   0.266800
9039   0.268400
9040   0.268400
9041   0.269400
9042   0.270100
9043   0.271100
9044   0.269400
9045   0.268500
9046   0.269300
9047   0.270600
9048   0.270500
9049   0.271200
9050   0.271100
9051   0.271400
9052   0.272400
9053   0.273500
9054   0.270900
9055   0.271800
9056   0.272000
9057   0.273400
9058   0.273100
9059   0.271900
9060   0.271200
9061   0.270600
9062   0.270900
9063   0.272900
9064   0.274300
9065   0.275600
9066   0.276400
9067   0.277100
9068   0.274800
9069   0.274300
9070   0.272900
9071   0.272400
9072   0.272800
9073   0.273500
9074   0.273300
9075   0.273100
9076   0.272500
9077   0.272600
9078   0.271800
9079   0.272300
9080   0.272400
9081   0.273100
9082   0.273300
9083   0.273300
9084   0.273200
9085   0.272800
9086   0.272800
9087   0.273400
9088   0.274800
9089   0.275000
9090   0.273700
9091   0.274200
9092   0.273400
9093   0.273800
9094   0.273300
9095   0.273300
9096   0.271900
9097   0.272200
9098   0.272700
9099   0.272100
9100   0.271900
9101   0.273700
9102   0.274700
9103   0.275100
9104   0.273400
9105   0.274400
9106   0.274500
9107   0.274500
9108   0.274500
9109   0.273800
9110   0.272900
9111   0.273300
9112   0.271600
9113   0.271200
9114   0.271300
9115   0.271400
9116   0.271100
9117   0.269700
9118   0.269700
9119   0.268500
9120   0.267800
9121   0.269300
9122   0.269300
9123   0.269600
9124   0.270400
9125   0.270900
9126   0.270900
9127   0.270000
9128   0.269300
9129   0.268900
9130   0.268800
9131   0.268900
9132   0.268100
9133   0.267400
9134   0.268600
9135   0.267200
9136   0.266800
9137   0.265600
9138   0.265800
9139   0.267000
9140   0.266400
9141   0.265000
9142   0.265700
9143   0.265300
9144   0.265300
9145   0.264500
9146   0.264100
9147   0.264300
9148   0.264500
9149   0.265000
9150   0.264600
9151   0.265400
9152   0.266900
9153   0.265700
9154   0.265500
9155   0.266200
9156   0.266100
9157   0.266500
9158   0.265900
9159   0.265500
9160   0.266600
9161   0.265100
9162   0.264300
9163   0.264400
9164   0.265100
9165   0.265700
9166   0.266600
9167   0.268700
9168   0.269100
9169   0.270000
9170   0.270400
9171   0.269800
9172   0.268500
9173   0.268800
9174   0.268900
9175   0.268800
9176   0.268700
9177   0.268800
9178   0.267900
9179   0.267500
9180   0.266900
9181   0.267300
9182   0.267600
9183   0.268000
9184   0.267900
9185   0.267700
9186   0.268800
9187   0.267400
9188   0.268000
9189   0.268000
9190   0.267900
9191   0.268300
9192   0.267600
9193   0.268300
9194   0.268400
9195   0.267200
9196   0.267600
9197   0.267800
9198   0.267500
9199   0.268100
9200   0.267000
9201   0.267400
9202   0.265800
9203   0.264200
9204   0.263300
9205   0.262100
9206   0.261900
9207   0.261000
9208   0.259400
9209   0.259700
9210   0.259200
9211   0.260400
9212   0.259300
9213   0.258800
9214   0.258800
9215   0.258000
9216   0.257700
9217   0.258700
9218   0.258800
9219   0.258600
9220   0.258700
9221   0.257700
9222   0.259100
9223   0.258700
9224   0.259400
9225   0.259800
9226   0.259500
9227   0.259600
9228   0.259700
9229   0.259600
9230   0.259900
9231   0.260800
9232   0.260700
9233   0.261000
9234   0.261400
9235   0.261900
9236   0.262300
9237   0.263100
9238   0.262500
9239   0.263000
9240   0.264500
9241   0.264900
9242   0.265300
9243   0.264500
9244   0.264200
9245   0.265000
9246   0.265900
9247   0.266900
9248   0.268000
9249   0.268900
9250   0.266500
9251   0.265500
9252   0.264200
9253   0.265200
9254   0.264800
9255   0.263500
9256   0.262700
9257   0.261500
9258   0.261400
9259   0.262000
9260   0.261600
9261   0.260700
9262   0.261100
9263   0.261900
9264   0.262600
9265   0.263100
9266   0.262400
9267   0.262300
9268   0.263900
9269   0.263500
9270   0.263700
9271   0.262600
9272   0.263800
9273   0.264700
9274   0.264900
9275   0.265300
9276   0.264900
9277   0.266600
9278   0.267100
9279   0.266900
9280   0.267700
9281   0.270000
9282   0.270800
9283   0.271100
9284   0.270900
9285   0.270800
9286   0.270100
9287   0.269500
9288   0.270200
9289   0.270100
9290   0.270200
9291   0.270500
9292   0.270100
9293   0.269900
9294   0.270200
9295   0.271800
9296   0.272500
9297   0.272200
9298   0.272300
9299   0.271600
9300   0.270700
9301   0.270400
9302   0.271100
9303   0.270800
9304   0.271100
9305   0.272200
9306   0.273900
9307   0.273900
9308   0.273000
9309   0.272000
9310   0.271400
9311   0.272100
9312   0.272400
9313   0.272800
9314   0.272900
9315   0.273100
9316   0.273500
9317   0.272700
9318   0.273400
9319   0.274000
9320   0.274100
9321   0.273400
9322   0.274700
9323   0.275300
9324   0.275700
9325   0.275400
9326   0.277000
9327   0.277200
9328   0.276700
9329   0.276400
9330   0.277600
9331   0.279200
9332   0.278200
9333   0.279200
9334   0.279900
9335   0.280300
9336   0.279000
9337   0.280500
9338   0.281400
9339   0.281800
9340   0.281600
9341   0.280100
9342   0.279700
9343   0.280700
9344   0.280500
9345   0.279600
9346   0.279800
9347   0.279500
9348   0.279100
9349   0.277900
9350   0.280000
9351   0.280300
9352   0.281200
9353   0.282500
9354   0.282700
9355   0.282100
9356   0.281600
9357   0.282700
9358   0.283900
9359   0.284000
9360   0.284200
9361   0.284700
9362   0.285000
9363   0.284300
9364   0.285500
9365   0.283800
9366   0.284500
9367   0.285600
9368   0.285300
9369   0.285600
9370   0.285900
9371   0.285700
9372   0.287200
9373   0.288700
9374   0.289900
9375   0.289400
9376   0.289600
9377   0.288300
9378   0.288000
9379   0.288100
9380   0.288000
9381   0.287000
9382   0.286800
9383   0.286400
9384   0.286600
9385   0.286000
9386   0.286800
9387   0.286600
9388   0.287800
9389   0.288900
9390   0.288500
9391   0.289300
9392   0.289700
9393   0.289800
9394   0.288300
9395   0.287200
9396   0.287700
9397   0.287600
9398   0.287900
9399   0.287100
9400   0.286800
9401   0.287400
9402   0.287700
9403   0.287000
9404   0.287400
9405   0.285400
9406   0.284300
9407   0.285400
9408   0.284000
9409   0.284000
9410   0.284000
9411   0.284200
9412   0.284500
9413   0.284900
9414   0.286500
9415   0.285500
9416   0.285300
9417   0.285400
9418   0.285600
9419   0.284200
9420   0.284000
9421   0.282200
9422   0.283000
9423   0.284600
9424   0.284100
9425   0.283800
9426   0.282800
9427   0.282700
9428   0.282900
9429   0.283600
9430   0.284100
9431   0.284800
9432   0.283800
9433   0.283200
9434   0.281600
9435   0.281800
9436   0.283100
9437   0.283600
9438   0.285300
9439   0.285400
9440   0.283600
9441   0.284800
9442   0.284200
9443   0.284100
9444   0.283500
9445   0.281900
9446   0.282300
9447   0.282300
9448   0.282500
9449   0.282800
9450   0.282400
9451   0.282100
9452   0.284200
9453   0.285000
9454   0.286200
9455   0.287000
9456   0.286800
9457   0.286900
9458   0.287700
9459   0.287100
9460   0.287000
9461   0.286300
9462   0.285900
9463   0.286300
9464   0.286100
9465   0.285500
9466   0.285000
9467   0.286200
9468   0.285500
9469   0.285400
9470   0.285900
9471   0.286800
9472   0.287200
9473   0.286900
9474   0.286700
9475   0.287200
9476   0.287900
9477   0.289800
9478   0.291400
9479   0.290500
9480   0.290200
9481   0.291000
9482   0.290600
9483   0.290500
9484   0.291700
9485   0.291100
9486   0.292100
9487   0.292500
9488   0.291900
9489   0.292800
9490   0.291900
9491   0.290500
9492   0.290800
9493   0.291300
9494   0.292000
9495   0.291700
9496   0.289500
9497   0.288400
9498   0.288800
9499   0.289700
9500   0.288800
9501   0.287400
9502   0.287300
9503   0.288400
9504   0.288300
9505   0.290000
9506   0.289700
9507   0.290000
9508   0.288900
9509   0.288300
9510   0.288500
9511   0.288900
9512   0.288400
9513   0.288400
9514   0.287400
9515   0.288800
9516   0.289000
9517   0.290300
9518   0.291500
9519   0.292200
9520   0.292700
9521   0.293600
9522   0.294100
9523   0.294300
9524   0.295000
9525   0.294900
9526   0.293300
9527   0.294200
9528   0.293000
9529   0.292700
9530   0.291400
9531   0.292700
9532   0.293900
9533   0.294700
9534   0.295100
9535   0.294900
9536   0.294700
9537   0.294900
9538   0.295400
9539   0.296200
9540   0.295600
9541   0.295100
9542   0.295100
9543   0.295900
9544   0.297500
9545   0.297400
9546   0.297000
9547   0.297100
9548   0.298100
9549   0.298000
9550   0.297700
9551   0.298000
9552   0.297900
9553   0.297300
9554   0.298400
9555   0.297900
9556   0.298100
9557   0.297800
9558   0.297000
9559   0.298300
9560   0.296400
9561   0.297200
9562   0.297400
9563   0.296500
9564   0.297700
9565   0.296900
9566   0.297000
9567   0.295800
9568   0.295000
9569   0.294500
9570   0.295900
9571   0.297500
9572   0.297800
9573   0.298000
9574   0.298000
9575   0.297400
9576   0.298600
9577   0.297500
9578   0.297900
9579   0.298300
9580   0.298800
9581   0.297500
9582   0.297200
9583   0.296700
9584   0.296900
9585   0.297900
9586   0.297000
9587   0.295000
9588   0.295100
9589   0.295300
9590   0.295300
9591   0.295800
9592   0.295100
9593   0.295000
9594   0.295200
9595   0.295400
9596   0.295500
9597   0.294800
9598   0.295900
9599   0.294700
9600   0.295500
9601   0.295300
9602   0.294600
9603   0.295100
9604   0.294400
9605   0.294800
9606   0.293200
9607   0.293600
9608   0.294500
9609   0.293400
9610   0.293700
9611   0.292300
9612   0.291400
9613   0.291100
9614   0.291800
9615   0.293000
9616   0.293300
9617   0.292500
9618   0.294100
9619   0.292800
9620   0.292800
9621   0.293000
9622   0.294300
9623   0.292900
9624   0.291400
9625   0.291300
9626   0.290600
9627   0.290000
9628   0.290900
9629   0.290500
9630   0.291400
9631   0.291800
9632   0.291700
9633   0.291100
9634   0.290500
9635   0.291300
9636   0.291500
9637   0.290600
9638   0.291400
9639   0.290600
9640   0.290500
9641   0.291400
9642   0.290600
9643   0.291900
9644   0.292800
9645   0.292700
9646   0.292700
9647   0.293400
9648   0.294200
9649   0.294000
9650   0.294100
9651   0.293900
9652   0.294400
9653   0.294100
9654   0.295800
9655   0.294900
9656   0.294400
9657   0.294200
9658   0.295600
9659   0.295200
9660   0.294100
9661   0.293600
9662   0.294800
9663   0.294100
9664   0.294600
9665   0.294300
9666   0.295200
9667   0.294800
9668   0.295300
9669   0.294000
9670   0.293400
9671   0.294100
9672   0.294800
9673   0.295000
9674   0.294000
9675   0.294400
9676   0.295200
9677   0.296700
9678   0.297200
9679   0.296600
9680   0.297000
9681   0.297900
9682   0.297300
9683   0.297000
9684   0.297400
9685   0.296800
9686   0.296200
9687   0.296100
9688   0.295400
9689   0.294600
9690   0.294100
9691   0.293300
9692   0.292900
9693   0.293200
9694   0.293900
9695   0.294400
9696   0.296000
9697   0.297400
9698   0.296000
9699   0.295400
9700   0.294700
9701   0.294400
9702   0.294700
9703   0.294800
9704   0.294700
9705   0.295100
9706   0.296400
9707   0.295900
9708   0.295000
9709   0.295100
9710   0.294400
9711   0.294300
9712   0.294500
9713   0.295100
9714   0.295000
9715   0.295400
9716   0.296300
9717   0.295900
9718   0.296300
9719   0.296300
9720   0.296700
9721   0.295600
9722   0.295000
9723   0.296300
9724   0.295900
9725   0.297300
9726   0.296000
9727   0.296500
9728   0.296400
9729   0.296100
9730   0.295700
9731   0.295000
9732   0.295400
9733   0.295100
9734   0.294400
9735   0.294600
9736   0.294600
9737   0.295500
9738   0.295500
9739   0.296700
9740   0.296800
9741   0.295300
9742   0.293400
9743   0.294000
9744   0.293900
9745   0.293700
9746   0.292300
9747   0.291300
9748   0.290400
9749   0.290100
9750   0.290300
9751   0.290100
9752   0.291000
9753   0.289800
9754   0.289700
9755   0.289500
9756   0.289400
9757   0.291200
9758   0.290400
9759   0.290600
9760   0.291700
9761   0.291500
9762   0.291700
9763   0.292000
9764   0.292100
9765   0.293700
9766   0.292400
9767   0.293900
9768   0.294200
9769   0.295000
9770   0.295400
9771   0.295600
9772   0.295900
9773   0.296200
9774   0.295700
9775   0.296300
9776   0.295800
9777   0.295900
9778   0.295200
9779   0.295000
9780   0.294700
9781   0.294800
9782   0.295200
9783   0.295000
9784   0.295900
9785   0.296700
9786   0.297400
9787   0.297000
9788   0.297000
9789   0.296500
9790   0.296600
9791   0.296200
9792   0.295700
9793   0.295900
9794   0.295100
9795   0.296700
9796   0.296400
9797   0.296800
9798   0.297600
9799   0.297800
9800   0.297500
9801   0.297300
9802   0.295600
9803   0.295100
9804   0.294700
9805   0.294600
9806   0.294200
9807   0.293100
9808   0.293500
9809   0.294000
9810   0.294800
9811   0.294800
9812   0.295200
9813   0.295700
9814   0.295600
9815   0.294100
9816   0.294600
9817   0.295600
9818   0.295800
9819   0.296400
9820   0.295500
9821   0.295000
9822   0.294900
9823   0.295500
9824   0.295600
9825   0.294800
9826   0.294800
9827   0.293900
9828   0.294800
9829   0.293900
9830   0.293400
9831   0.294100
9832   0.293900
9833   0.295300
9834   0.293700
9835   0.293300
9836   0.293000
9837   0.293200
9838   0.293000
9839   0.293500
9840   0.293800
9841   0.295200
9842   0.294600
9843   0.293800
9844   0.292800
9845   0.292500
9846   0.292100
9847   0.292600
9848   0.292500
9849   0.293600
9850   0.293700
9851   0.293600
9852   0.294400
9853   0.294400
9854   0.294800
9855   0.295200
9856   0.295400
9857   0.294900
9858   0.295000
9859   0.294600
9860   0.294400
9861   0.294400
9862   0.294200
9863   0.295200
9864   0.294700
9865   0.293500
9866   0.293600
9867   0.291900
9868   0.293100
9869   0.293800
9870   0.293000
9871   0.293700
9872   0.294100
9873   0.293100
9874   0.293500
9875   0.293900
9876   0.293800
9877   0.293400
9878   0.292800
9879   0.292500
9880   0.292700
9881   0.292900
9882   0.293000
9883   0.294300
9884   0.294200
9885   0.295400
9886   0.294700
9887   0.296000
9888   0.295300
9889   0.295200
9890   0.296800
9891   0.297700
9892   0.298400
9893   0.298600
9894   0.299800
9895   0.299900
9896   0.298400
9897   0.297500
9898   0.298000
9899   0.297800
9900   0.299600
9901   0.300500
9902   0.300600
9903   0.299900
9904   0.299700
9905   0.299400
9906   0.300200
9907   0.300100
9908   0.301000
9909   0.301700
9910   0.301700
9911   0.301000
9912   0.301100
9913   0.301300
9914   0.300800
9915   0.300500
9916   0.300300
9917   0.300800
9918   0.299600
9919   0.299400
9920   0.299200
9921   0.299600
9922   0.299300
9923   0.299400
9924   0.300000
9925   0.299600
9926   0.299700
9927   0.300000
9928   0.299000
9929   0.298400
9930   0.298400
9931   0.298500
9932   0.298500
9933   0.299200
9934   0.299500
9935   0.299500
9936   0.299800
9937   0.300500
9938   0.300400
9939   0.300300
9940   0.300100
9941   0.301000
9942   0.301600
9943   0.301200
9944   0.300800
9945   0.301600
9946   0.301800
9947   0.302600
9948   0.302800
9949   0.303500
9950   0.303000
9951   0.301600
9952   0.300800
9953   0.299700
9954   0.298500
9955   0.298100
9956   0.298500
9957   0.298100
9958   0.297700
9959   0.297700
9960   0.296700
9961   0.296300
9962   0.295900
9963   0.295500
9964   0.295200
9965   0.295600
9966   0.294400
9967   0.295100
9968   0.293600
9969   0.294100
9970   0.294100
9971   0.294200
9972   0.294500
9973   0.294900
9974   0.294200
9975   0.294300
9976   0.294500
9977   0.293100
9978   0.293000
9979   0.292800
9980   0.293600
9981   0.294000
9982   0.294900
9983   0.294400
9984   0.293600
9985   0.293700
9986   0.292400
9987   0.292300
9988   0.291700
9989   0.291600
9990   0.291200
9991   0.291100
9992   0.291400
9993   0.292400
9994   0.292800
9995   0.292600
9996   0.293100
9997   0.292300
9998   0.293000
9999   0.292600
10000   0.292400
10001   0.294100
10002   0.294000
10003   0.294800
10004   0.294900
10005   0.293500
10006   0.292500
10007   0.292500
10008   0.293800
10009   0.293300
10010   0.292800
10011   0.292900
10012   0.292500
10013   0.292000
10014   0.290900
10015   0.289600
10016   0.289200
10017   0.289300
10018   0.287900
10019   0.288000
10020   0.286900
10021   0.286200
10022   0.285500
10023   0.284900
10024   0.286700
10025   0.287700
10026   0.287500
10027   0.287500
10028   0.286200
10029   0.286500
10030   0.287800
10031   0.287800
10032   0.286800
10033   0.286100
10034   0.287300
10035   0.287400
10036   0.287500
10037   0.287700
10038   0.287600
10039   0.287600
10040   0.288500
10041   0.288300
10042   0.287800
10043   0.289000
10044   0.289900
10045   0.289800
10046   0.288800
10047   0.288100
10048   0.289300
10049   0.289500
10050   0.287500
10051   0.286900
10052   0.286600
10053   0.286400
10054   0.286500
10055   0.284100
10056   0.284200
10057   0.284700
10058   0.284500
10059   0.284300
10060   0.284200
10061   0.284700
10062   0.283400
10063   0.284600
10064   0.285500
10065   0.286200
10066   0.286800
10067   0.287600
10068   0.288200
10069   0.288000
10070   0.287500
10071   0.287000
10072   0.287100
10073   0.288300
10074   0.287100
10075   0.286300
10076   0.286300
10077   0.287000
10078   0.286800
10079   0.288500
10080   0.287500
10081   0.287600
10082   0.288500
10083   0.288700
10084   0.288300
10085   0.289200
10086   0.288400
10087   0.288500
10088   0.289500
10089   0.289300
10090   0.290300
10091   0.290600
10092   0.291000
10093   0.292600
10094   0.292700
10095   0.292400
10096   0.292600
10097   0.293500
10098   0.293500
10099   0.295100
10100   0.296400
10101   0.296400
10102   0.296400
10103   0.296700
10104   0.297500
10105   0.296800
10106   0.297100
10107   0.296800
10108   0.297300
10109   0.295300
10110   0.294900
10111   0.295300
10112   0.295700
10113   0.295200
10114   0.294500
10115   0.294000
10116   0.294600
10117   0.296400
10118   0.295600
10119   0.294200
10120   0.294300
10121   0.294900
10122   0.296300
10123   0.297200
10124   0.297300
10125   0.297100
10126   0.296100
10127   0.295900
10128   0.296000
10129   0.295500
10130   0.295600
10131   0.294900
10132   0.295500
10133   0.296000
10134   0.294700
10135   0.294600
10136   0.294900
10137   0.294200
10138   0.294900
10139   0.294900
10140   0.294900
10141   0.295500
10142   0.296400
10143   0.295900
10144   0.295300
10145   0.295800
10146   0.296100
10147   0.295100
10148   0.294700
10149   0.293400
10150   0.294900
10151   0.292700
10152   0.291800
10153   0.291600
10154   0.291900
10155   0.291900
10156   0.291600
10157   0.291000
10158   0.290600
10159   0.292400
10160   0.292500
10161   0.293000
10162   0.294000
10163   0.294500
10164   0.294700
10165   0.294900
10166   0.297000
10167   0.298600
10168   0.298700
10169   0.298900
10170   0.300600
10171   0.301200
10172   0.300600
10173   0.300200
10174   0.300200
10175   0.298900
10176   0.297700
10177   0.297900
10178   0.297400
10179   0.298100
10180   0.297700
10181   0.296500
10182   0.296600
10183   0.296100
10184   0.296000
10185   0.296400
10186   0.297000
10187   0.298200
10188   0.298500
10189   0.299200
10190   0.298900
10191   0.299200
10192   0.299600
10193   0.299000
10194   0.299700
10195   0.301700
10196   0.301800
10197   0.301200
10198   0.301200
10199   0.301100
10200   0.302600
10201   0.302500
10202   0.303000
10203   0.302400
10204   0.303500
10205   0.304400
10206   0.304300
10207   0.303500
10208   0.303500
10209   0.302900
10210   0.302800
10211   0.301800
10212   0.301700
10213   0.301700
10214   0.302400
10215   0.302400
10216   0.302300
10217   0.302200
10218   0.304100
10219   0.304000
10220   0.303000
10221   0.302800
10222   0.303100
10223   0.303100
10224   0.304300
10225   0.304600
10226   0.304300
10227   0.304700
10228   0.304500
10229   0.305600
10230   0.304800
10231   0.304700
10232   0.303800
10233   0.302800
10234   0.303800
10235   0.303500
10236   0.302600
10237   0.303900
10238   0.302800
10239   0.304400
10240   0.304400
10241   0.304700
10242   0.305300
10243   0.305300
10244   0.305400
10245   0.303700
10246   0.304300
10247   0.305100
10248   0.304700
10249   0.305500
10250   0.305400
10251   0.304600
10252   0.304900
10253   0.303800
10254   0.304300
10255   0.303900
10256   0.302500
10257   0.302400
10258   0.301700
10259   0.301200
10260   0.302200
10261   0.303700
10262   0.305000
10263   0.306900
10264   0.305500
10265   0.306100
10266   0.307800
10267   0.307400
10268   0.307500
10269   0.307000
10270   0.306100
10271   0.305800
10272   0.305700
10273   0.306400
10274   0.305800
10275   0.305500
10276   0.306500
10277   0.306600
10278   0.305800
10279   0.306700
10280   0.307500
10281   0.307600
10282   0.308300
10283   0.307300
10284   0.307300
10285   0.307000
10286   0.307500
10287   0.307700
10288   0.307800
10289   0.307700
10290   0.306800
10291   0.306500
10292   0.306200
10293   0.305400
10294   0.306100
10295   0.306500
10296   0.306200
10297   0.305900
10298   0.304300
10299   0.305200
10300   0.305400
10301   0.304800
10302   0.306100
10303   0.306300
10304   0.305100
10305   0.305000
10306   0.305000
10307   0.305100
10308   0.303900
10309   0.304400
10310   0.304300
10311   0.303300
10312   0.303000
10313   0.301400
10314   0.300200
10315   0.300300
10316   0.301100
10317   0.303100
10318   0.302300
10319   0.302500
10320   0.303800
10321   0.303900
10322   0.303500
10323   0.302800
10324   0.303600
10325   0.302400
10326   0.303000
10327   0.303800
10328   0.303600
10329   0.304400
10330   0.301700
10331   0.301400
10332   0.301800
10333   0.301200
10334   0.301800
10335   0.303100
10336   0.304400
10337   0.304400
10338   0.303900
10339   0.303700
10340   0.303900
10341   0.303200
10342   0.303200
10343   0.305100
10344   0.304900
10345   0.305000
10346   0.303900
10347   0.303700
10348   0.302600
10349   0.301700
10350   0.301500
10351   0.301700
10352   0.301600
10353   0.301100
10354   0.301200
10355   0.301700
10356   0.301100
10357   0.301500
10358   0.300400
10359   0.302300
10360   0.301700
10361   0.302500
10362   0.301900
10363   0.303100
10364   0.303200
10365   0.303100
10366   0.303400
10367   0.303200
10368   0.303300
10369   0.302400
10370   0.302600
10371   0.301800
10372   0.300600
10373   0.300900
10374   0.301100
10375   0.301300
10376   0.301400
10377   0.301400
10378   0.301300
10379   0.299700
10380   0.300200
10381   0.300400
10382   0.299800
10383   0.300400
10384   0.299800
10385   0.300000
10386   0.301100
10387   0.302900
10388   0.303100
10389   0.303000
10390   0.303500
10391   0.303000
10392   0.302100
10393   0.302400
10394   0.303800
10395   0.303100
10396   0.304400
10397   0.303500
10398   0.302800
10399   0.302800
10400   0.302600
10401   0.300600
10402   0.299900
10403   0.299500
10404   0.297800
10405   0.298100
10406   0.298000
10407   0.297900
10408   0.298100
10409   0.296700
10410   0.297300
10411   0.295400
10412   0.295500
10413   0.295100
10414   0.295500
10415   0.295900
10416   0.295300
10417   0.294800
10418   0.293800
10419   0.294100
10420   0.294300
10421   0.293000
10422   0.294000
10423   0.294000
10424   0.292800
10425   0.292600
10426   0.292600
10427   0.293200
10428   0.293000
10429   0.292800
10430   0.292200
10431   0.291700
10432   0.291100
10433   0.291300
10434   0.291200
10435   0.290600
10436   0.290300
10437   0.289600
10438   0.290100
10439   0.291300
10440   0.290200
10441   0.289300
10442   0.290300
10443   0.290600
10444   0.290800
10445   0.290700
10446   0.290900
10447   0.290900
10448   0.291300
10449   0.292000
10450   0.290200
10451   0.290000
10452   0.288900
10453   0.289400
10454   0.289000
10455   0.287800
10456   0.288400
10457   0.286800
10458   0.286500
10459   0.286600
10460   0.286800
10461   0.286700
10462   0.287100
10463   0.286500
10464   0.287400
10465   0.285600
10466   0.286400
10467   0.285200
10468   0.284800
10469   0.285600
10470   0.284000
10471   0.284200
10472   0.284000
10473   0.284100
10474   0.284200
10475   0.283800
10476   0.283900
10477   0.285600
10478   0.284100
10479   0.284800
10480   0.284100
10481   0.283600
10482   0.283100
10483   0.282600
10484   0.281500
10485   0.281100
10486   0.283400
10487   0.283000
10488   0.282800
10489   0.281800
10490   0.281300
10491   0.279500
10492   0.279600
10493   0.279000
10494   0.279400
10495   0.279400
10496   0.280100
10497   0.280400
10498   0.280400
10499   0.280900
10500   0.280400
10501   0.280500
10502   0.279300
10503   0.279600
10504   0.279500
10505   0.277800
10506   0.278500
10507   0.279200
10508   0.279400
10509   0.279900
10510   0.281700
10511   0.281200
10512   0.280200
10513   0.279700
10514   0.280100
10515   0.279200
10516   0.280500
10517   0.281400
10518   0.281700
10519   0.282100
10520   0.281800
10521   0.281200
10522   0.282200
10523   0.281300
10524   0.281900
10525   0.282000
10526   0.282800
10527   0.282200
10528   0.283600
10529   0.283800
10530   0.283700
10531   0.284000
10532   0.284500
10533   0.285300
10534   0.286000
10535   0.285200
10536   0.285300
10537   0.284900
10538   0.284700
10539   0.282400
10540   0.282500
10541   0.282400
10542   0.282200
10543   0.284000
10544   0.282900
10545   0.282900
10546   0.284100
10547   0.284200
10548   0.284900
10549   0.284300
10550   0.284300
10551   0.285000
10552   0.286200
10553   0.285900
10554   0.286200
10555   0.286100
10556   0.286000
10557   0.284900
10558   0.284800
10559   0.284100
10560   0.283300
10561   0.282600
10562   0.282000
10563   0.281200
10564   0.281500
10565   0.281200
10566   0.282500
10567   0.282700
10568   0.282300
10569   0.280800
10570   0.280400
10571   0.280600
10572   0.279700
10573   0.280700
10574   0.279900
10575   0.281000
10576   0.281500
10577   0.281500
10578   0.281500
10579   0.281400
10580   0.281900
10581   0.281900
10582   0.281600
10583   0.282200
10584   0.283100
10585   0.283500
10586   0.284300
10587   0.284800
10588   0.285000
10589   0.285000
10590   0.283600
10591   0.284000
10592   0.283200
10593   0.282100
10594   0.282000
10595   0.280900
10596   0.281800
10597   0.281600
10598   0.281400
10599   0.282800
10600   0.282500
10601   0.281900
10602   0.282100
10603   0.283700
10604   0.284200
10605   0.284000
10606   0.283600
10607   0.284000
10608   0.284300
10609   0.285300
10610   0.285700
10611   0.285300
10612   0.286000
10613   0.284300
10614   0.285000
10615   0.285600
10616   0.285000
10617   0.285400
10618   0.285400
10619   0.285800
10620   0.285600
10621   0.287700
10622   0.288800
10623   0.289600
10624   0.290400
10625   0.289300
10626   0.288400
10627   0.288000
10628   0.289200
10629   0.288300
10630   0.289200
10631   0.289300
10632   0.288800
10633   0.288800
10634   0.289500
10635   0.289800
10636   0.289000
10637   0.289300
10638   0.288800
10639   0.289400
10640   0.289600
10641   0.288000
10642   0.287800
10643   0.288000
10644   0.288700
10645   0.288800
10646   0.287000
10647   0.286800
10648   0.287100
10649   0.287300
10650   0.286200
10651   0.287100
10652   0.287000
10653   0.287500
10654   0.288100
10655   0.289000
10656   0.287800
10657   0.287900
10658   0.287200
10659   0.287000
10660   0.286200
10661   0.287100
10662   0.288700
10663   0.289200
10664   0.289200
10665   0.287500
10666   0.287700
10667   0.286900
10668   0.287200
10669   0.287700
10670   0.288100
10671   0.287300
10672   0.287200
10673   0.286900
10674   0.287300
10675   0.286800
10676   0.285500
10677   0.283800
10678   0.283400
10679   0.283600
10680   0.283700
10681   0.283800
10682   0.283500
10683   0.283100
10684   0.282200
10685   0.282400
10686   0.282200
10687   0.282100
10688   0.282200
10689   0.282100
10690   0.281600
10691   0.281700
10692   0.280600
10693   0.281000
10694   0.280300
10695   0.281600
10696   0.280700
10697   0.280400
10698   0.279900
10699   0.279700
10700   0.279900
10701   0.279000
10702   0.278700
10703   0.278300
10704   0.278900
10705   0.277700
10706   0.278400
10707   0.277400
10708   0.277200
10709   0.276500
10710   0.277100
10711   0.278100
10712   0.279800
10713   0.280000
10714   0.279900
10715   0.279700
10716   0.278500
10717   0.279500
10718   0.280700
10719   0.280200
10720   0.281100
10721   0.281300
10722   0.281700
10723   0.281500
10724   0.281800
10725   0.280600
10726   0.281900
10727   0.282200
10728   0.280100
10729   0.281100
10730   0.280700
10731   0.280400
10732   0.280000
10733   0.279000
10734   0.278700
10735   0.278800
10736   0.279700
10737   0.278500
10738   0.277700
10739   0.276900
10740   0.276200
10741   0.278500
10742   0.277900
10743   0.278400
10744   0.279500
10745   0.279100
10746   0.279400
10747   0.280200
10748   0.281100
10749   0.281100
10750   0.281100
10751   0.281800
10752   0.280700
10753   0.280900
10754   0.281400
10755   0.279800
10756   0.280900
10757   0.280800
10758   0.280100
10759   0.279100
10760   0.280500
10761   0.280400
10762   0.279900
10763   0.279900
10764   0.278600
10765   0.279900
10766   0.279600
10767   0.280000
10768   0.280400
10769   0.280500
10770   0.281700
10771   0.283200
10772   0.284300
10773   0.285000
10774   0.285000
10775   0.285500
10776   0.286400
10777   0.284900
10778   0.285900
10779   0.286700
10780   0.286500
10781   0.285900
10782   0.286000
10783   0.286100
10784   0.285900
10785   0.285300
10786   0.285300
10787   0.286400
10788   0.287400
10789   0.288200
10790   0.288000
10791   0.288400
10792   0.289200
10793   0.288700
10794   0.289200
10795   0.288600
10796   0.288800
10797   0.290100
10798   0.289700
10799   0.288300
10800   0.288600
10801   0.288600
10802   0.288700
10803   0.289400
10804   0.288300
10805   0.288100
10806   0.289200
10807   0.288800
10808   0.287300
10809   0.286000
10810   0.286300
10811   0.286400
10812   0.287000
10813   0.287300
10814   0.287100
10815   0.286400
10816   0.285500
10817   0.285700
10818   0.285700
10819   0.286700
10820   0.287600
10821   0.288300
10822   0.285900
10823   0.285600
10824   0.285700
10825   0.285700
10826   0.287500
10827   0.287800
10828   0.287800
10829   0.288100
10830   0.290200
10831   0.291300
10832   0.291200
10833   0.291400
10834   0.291200
10835   0.292900
10836   0.292600
10837   0.293500
10838   0.294700
10839   0.295600
10840   0.295000
10841   0.294700
10842   0.294600
10843   0.294500
10844   0.294500
10845   0.293100
10846   0.292700
10847   0.291700
10848   0.290800
10849   0.291900
10850   0.292300
10851   0.292300
10852   0.291500
10853   0.291500
10854   0.293300
10855   0.292800
10856   0.291700
10857   0.290900
10858   0.292000
10859   0.292500
10860   0.293500
10861   0.293500
10862   0.293900
10863   0.294200
10864   0.294800
10865   0.295500
10866   0.294300
10867   0.294600
10868   0.294800
10869   0.294600
10870   0.295100
10871   0.294900
10872   0.295800
10873   0.296100
10874   0.295000
10875   0.295700
10876   0.297400
10877   0.296400
10878   0.295200
10879   0.295800
10880   0.296000
10881   0.295500
10882   0.295000
10883   0.294800
10884   0.294100
10885   0.294600
10886   0.295600
10887   0.296500
10888   0.296400
10889   0.295700
10890   0.294900
10891   0.294800
10892   0.295300
10893   0.294400
10894   0.294500
10895   0.293800
10896   0.294100
10897   0.294000
10898   0.292800
10899   0.292500
10900   0.292100
10901   0.291200
10902   0.290200
10903   0.290400
10904   0.290400
10905   0.289600
10906   0.290200
10907   0.289000
10908   0.290500
10909   0.289800
10910   0.290200
10911   0.289500
10912   0.290000
10913   0.290400
10914   0.290600
10915   0.290500
10916   0.290600
10917   0.290800
10918   0.292200
10919   0.290500
10920   0.288900
10921   0.289700
10922   0.289400
10923   0.289000
10924   0.289300
10925   0.289100
10926   0.289400
10927   0.289200
10928   0.290000
10929   0.289500
10930   0.289300
10931   0.289500
10932   0.287600
10933   0.289000
10934   0.288100
10935   0.288900
10936   0.289000
10937   0.288400
10938   0.289200
10939   0.289000
10940   0.288900
10941   0.289900
10942   0.290200
10943   0.289900
10944   0.289800
10945   0.289800
10946   0.289900
10947   0.287700
10948   0.289400
10949   0.288100
10950   0.287500
10951   0.288400
10952   0.287700
10953   0.288500
10954   0.288700
10955   0.289000
10956   0.289900
10957   0.290500
10958   0.290800
10959   0.290800
10960   0.291800
10961   0.292100
10962   0.290800
10963   0.290900
10964   0.290400
10965   0.288800
10966   0.288400
10967   0.289000
10968   0.289600
10969   0.288700
10970   0.288000
10971   0.288500
10972   0.290300
10973   0.290500
10974   0.290700
10975   0.291000
10976   0.291800
10977   0.292000
10978   0.292400
10979   0.292900
10980   0.292700
10981   0.292300
10982   0.291800
10983   0.292400
10984   0.292400
10985   0.293000
10986   0.291700
10987   0.292000
10988   0.290900
10989   0.289800
10990   0.289100
10991   0.290300
10992   0.291700
10993   0.292800
10994   0.293600
10995   0.293300
10996   0.293600
10997   0.294500
10998   0.296500
10999   0.295900
11000   0.296300
11001   0.296900
11002   0.296900
11003   0.296000
11004   0.296100
11005   0.296300
11006   0.294100
11007   0.293200
11008   0.292100
11009   0.292800
11010   0.293300
11011   0.292300
11012   0.292900
11013   0.294200
11014   0.294100
11015   0.293600
11016   0.293100
11017   0.292900
11018   0.293700
11019   0.292500
11020   0.292900
11021   0.294000
11022   0.293900
11023   0.293700
11024   0.293600
11025   0.293900
11026   0.292800
11027   0.292800
11028   0.292800
11029   0.290000
11030   0.289700
11031   0.290700
11032   0.290700
11033   0.291700
11034   0.292500
11035   0.292300
11036   0.293400
11037   0.293600
11038   0.293200
11039   0.293800
11040   0.292200
11041   0.292300
11042   0.293200
11043   0.294200
11044   0.294400
11045   0.293600
11046   0.295000
11047   0.293600
11048   0.294200
11049   0.294300
11050   0.295300
11051   0.295700
11052   0.296200
11053   0.296100
11054   0.296000
11055   0.297100
11056   0.296800
11057   0.295600
11058   0.295500
11059   0.295700
11060   0.295700
11061   0.295100
11062   0.295500
11063   0.295300
11064   0.295100
11065   0.295400
11066   0.295700
11067   0.295400
11068   0.296500
11069   0.297000
11070   0.296500
11071   0.296400
11072   0.297400
11073   0.297800
11074   0.297600
11075   0.296200
11076   0.296900
11077   0.297500
11078   0.297600
11079   0.299100
11080   0.299900
11081   0.299800
11082   0.299500
11083   0.300200
11084   0.300400
11085   0.301400
11086   0.301700
11087   0.302000
11088   0.300800
11089   0.301400
11090   0.301800
11091   0.302500
11092   0.302800
11093   0.302800
11094   0.301500
11095   0.301100
11096   0.300900
11097   0.300500
11098   0.301700
11099   0.303300
11100   0.302800
11101   0.302700
11102   0.302700
11103   0.301400
11104   0.300700
11105   0.300600
11106   0.301200
11107   0.301100
11108   0.301000
11109   0.301400
11110   0.299400
11111   0.300300
11112   0.299700
11113   0.299900
11114   0.299200
11115   0.298800
11116   0.298500
11117   0.298800
11118   0.297200
11119   0.296700
11120   0.296800
11121   0.296300
11122   0.297700
11123   0.297700
11124   0.296900
11125   0.297500
11126   0.296200
11127   0.295000
11128   0.296500
11129   0.297200
11130   0.296700
11131   0.296900
11132   0.297500
11133   0.297200
11134   0.298000
11135   0.298000
11136   0.297700
11137   0.297200
11138   0.297300
11139   0.298500
11140   0.298000
11141   0.297400
11142   0.296200
11143   0.297000
11144   0.297400
11145   0.297200
11146   0.296400
11147   0.297200
11148   0.296000
11149   0.296300
11150   0.295600
11151   0.295200
11152   0.294200
11153   0.294700
11154   0.293100
11155   0.293100
11156   0.294600
11157   0.293500
11158   0.293700
11159   0.293800
11160   0.294000
11161   0.292800
11162   0.292900
11163   0.293300
11164   0.294000
11165   0.295100
11166   0.293700
11167   0.293700
11168   0.294600
11169   0.295700
11170   0.296600
11171   0.297200
11172   0.296600
11173   0.296500
11174   0.296900
11175   0.296600
11176   0.295000
11177   0.294700
11178   0.294800
11179   0.295200
11180   0.295800
11181   0.294900
11182   0.293800
11183   0.293700
11184   0.293100
11185   0.293400
11186   0.292600
11187   0.293300
11188   0.292800
11189   0.294800
11190   0.296300
11191   0.297100
11192   0.295800
11193   0.295500
11194   0.295700
11195   0.297400
11196   0.297100
11197   0.298200
11198   0.298200
11199   0.298300
11200   0.297900
11201   0.298600
11202   0.297500
11203   0.296900
11204   0.296400
11205   0.295600
11206   0.295800
11207   0.296900
11208   0.298100
11209   0.299100
11210   0.300500
11211   0.300300
11212   0.299700
11213   0.301200
11214   0.300900
11215   0.301300
11216   0.303300
11217   0.302900
11218   0.302700
11219   0.303400
11220   0.303100
11221   0.302600
11222   0.302000
11223   0.301300
11224   0.303400
11225   0.302000
11226   0.302300
11227   0.300800
11228   0.301200
11229   0.301400
11230   0.301700
11231   0.301900
11232   0.301300
11233   0.301700
11234   0.303400
11235   0.302200
11236   0.302300
11237   0.301800
11238   0.302100
11239   0.301400
11240   0.301900
11241   0.302300
11242   0.302000
11243   0.301600
11244   0.302100
11245   0.302800
11246   0.304100
11247   0.304200
11248   0.304700
11249   0.304000
11250   0.304200
11251   0.302900
11252   0.301700
11253   0.303100
11254   0.302800
11255   0.302100
11256   0.300700
11257   0.300800
11258   0.300400
11259   0.300000
11260   0.300200
11261   0.301100
11262   0.298900
11263   0.301200
11264   0.300400
11265   0.302400
11266   0.300900
11267   0.301600
11268   0.301600
11269   0.301500
11270   0.301400
11271   0.301100
11272   0.301600
11273   0.300700
11274   0.301400
11275   0.300100
11276   0.301500
11277   0.300900
11278   0.301100
11279   0.302800
11280   0.303400
11281   0.302100
11282   0.303900
11283   0.303600
11284   0.303500
11285   0.302700
11286   0.302500
11287   0.302700
11288   0.302200
11289   0.302200
11290   0.301700
11291   0.301800
11292   0.302200
11293   0.302100
11294   0.302100
11295   0.301400
11296   0.302100
11297   0.301800
11298   0.302500
11299   0.302700
11300   0.302000
11301   0.301700
11302   0.301000
11303   0.301300
11304   0.301700
11305   0.301500
11306   0.299600
11307   0.299600
11308   0.300300
11309   0.300800
11310   0.302200
11311   0.301600
11312   0.302300
11313   0.302300
11314   0.301700
11315   0.301700
11316   0.301600
11317   0.301700
11318   0.302700
11319   0.302800
11320   0.302400
11321   0.303000
11322   0.303300
11323   0.302700
11324   0.304100
11325   0.305400
11326   0.305200
11327   0.305800
11328   0.306400
11329   0.306900
11330   0.306000
11331   0.306100
11332   0.305500
11333   0.305300
11334   0.306300
11335   0.305600
11336   0.304600
11337   0.304100
11338   0.304900
11339   0.303800
11340   0.303800
11341   0.304200
11342   0.302500
11343   0.301900
11344   0.301500
11345   0.301000
11346   0.300600
11347   0.299900
11348   0.299800
11349   0.301000
11350   0.301700
11351   0.302600
11352   0.303000
11353   0.301200
11354   0.300600
11355   0.300100
11356   0.301600
11357   0.301700
11358   0.301100
11359   0.301600
11360   0.300700
11361   0.301300
11362   0.302200
11363   0.301900
11364   0.302000
11365   0.301500
11366   0.303300
11367   0.301700
11368   0.301900
11369   0.300600
11370   0.299000
11371   0.299400
11372   0.299800
11373   0.299200
11374   0.298500
11375   0.297700
11376   0.298900
11377   0.299800
11378   0.301400
11379   0.301600
11380   0.301200
11381   0.300800
11382   0.300100
11383   0.301200
11384   0.300700
11385   0.300500
11386   0.301300
11387   0.300600
11388   0.301400
11389   0.301700
11390   0.301500
11391   0.301400
11392   0.301400
11393   0.299900
11394   0.299600
11395   0.299800
11396   0.300000
11397   0.300000
11398   0.299500
11399   0.298600
11400   0.298700
11401   0.298200
11402   0.297300
11403   0.298800
11404   0.299100
11405   0.299300
11406   0.300400
11407   0.299600
11408   0.298400
11409   0.297600
11410   0.296500
11411   0.297500
11412   0.296500
11413   0.295900
11414   0.295900
11415   0.294800
11416   0.294500
11417   0.296500
11418   0.295200
11419   0.295600
11420   0.295900
11421   0.295100
11422   0.295100
11423   0.294100
11424   0.295500
11425   0.294200
11426   0.294100
11427   0.294100
11428   0.293800
11429   0.296100
11430   0.295800
11431   0.295900
11432   0.296800
11433   0.296800
11434   0.297000
11435   0.298400
11436   0.299300
11437   0.299400
11438   0.299100
11439   0.299700
11440   0.300200
11441   0.300300
11442   0.298900
11443   0.297900
11444   0.298500
11445   0.299200
11446   0.300300
11447   0.299800
11448   0.299500
11449   0.300100
11450   0.299900
11451   0.299500
11452   0.299200
11453   0.299000
11454   0.298900
11455   0.298500
11456   0.297800
11457   0.298300
11458   0.299300
11459   0.298600
11460   0.298500
11461   0.299900
11462   0.297800
11463   0.297400
11464   0.296600
11465   0.296800
11466   0.295800
11467   0.296600
11468   0.298200
11469   0.298700
11470   0.299500
11471   0.300100
11472   0.301900
11473   0.301400
11474   0.300400
11475   0.300400
11476   0.301600
11477   0.302500
11478   0.304300
11479   0.306400
11480   0.308100
11481   0.308300
11482   0.308500
11483   0.309100
11484   0.309600
11485   0.310000
11486   0.310900
11487   0.309100
11488   0.308600
11489   0.310600
11490   0.310800
11491   0.311400
11492   0.311500
11493   0.311400
11494   0.311000
11495   0.311200
11496   0.310000
11497   0.310800
11498   0.310700
11499   0.310200
11500   0.310200
11501   0.310100
11502   0.309200
11503   0.309900
11504   0.310900
11505   0.310900
11506   0.310000
11507   0.310900
11508   0.310100
11509   0.309100
11510   0.308900
11511   0.310300
11512   0.308900
11513   0.310200
11514   0.310500
11515   0.310300
11516   0.310800
11517   0.310900
11518   0.311000
11519   0.309500
11520   0.311100
11521   0.311000
11522   0.310800
11523   0.309900
11524   0.309000
11525   0.309700
11526   0.309800
11527   0.310100
11528   0.309800
11529   0.308700
11530   0.309000
11531   0.308700
11532   0.309000
11533   0.308900
11534   0.309400
11535   0.308300
11536   0.308700
11537   0.309200
11538   0.308800
11539   0.309300
11540   0.310700
11541   0.310800
11542   0.309700
11543   0.310400
11544   0.311800
11545   0.311800
11546   0.311400
11547   0.313400
11548   0.314600
11549   0.315300
11550   0.316300
11551   0.316400
11552   0.314600
11553   0.312900
11554   0.314200
11555   0.314300
11556   0.314500
11557   0.314700
11558   0.315300
11559   0.315000
11560   0.315300
11561   0.315800
11562   0.317800
11563   0.317600
11564   0.317400
11565   0.317700
11566   0.317900
11567   0.318400
11568   0.318700
11569   0.319300
11570   0.319600
11571   0.320500
11572   0.321800
11573   0.322800
11574   0.322400
11575   0.322300
11576   0.322000
11577   0.321200
11578   0.322300
11579   0.321800
11580   0.320800
11581   0.320600
11582   0.320600
11583   0.320200
11584   0.320200
11585   0.320700
11586   0.321900
11587   0.322000
11588   0.321700
11589   0.321300
11590   0.320400
11591   0.321200
11592   0.321500
11593   0.321300
11594   0.321600
11595   0.320000
11596   0.319100
11597   0.319100
11598   0.320000
11599   0.320500
11600   0.318700
11601   0.319100
11602   0.319600
11603   0.319600
11604   0.319800
11605   0.319500
11606   0.320800
11607   0.320300
11608   0.318800
11609   0.317600
11610   0.317400
11611   0.317800
11612   0.317300
11613   0.317300
11614   0.318000
11615   0.317300
11616   0.317200
11617   0.317400
11618   0.316500
11619   0.317500
11620   0.318400
11621   0.319300
11622   0.319100
11623   0.319600
11624   0.320100
11625   0.320200
11626   0.319700
11627   0.318700
11628   0.319500
11629   0.318000
11630   0.319000
11631   0.318000
11632   0.318800
11633   0.318700
11634   0.318000
11635   0.318800
11636   0.318800
11637   0.318000
11638   0.318200
11639   0.317500
11640   0.317300
11641   0.316900
11642   0.317700
11643   0.317700
11644   0.318300
11645   0.317600
11646   0.317300
11647   0.316100
11648   0.316200
11649   0.316600
11650   0.315700
11651   0.317200
11652   0.317600
11653   0.317300
11654   0.318300
11655   0.317400
11656   0.316400
11657   0.316800
11658   0.317200
11659   0.317900
11660   0.317800
11661   0.317300
11662   0.315300
11663   0.314800
11664   0.315600
11665   0.316700
11666   0.317500
11667   0.316400
11668   0.317700
11669   0.318200
11670   0.317800
11671   0.316500
11672   0.315800
11673   0.316200
11674   0.316900
11675   0.317100
11676   0.316500
11677   0.314900
11678   0.314900
11679   0.313900
11680   0.313800
11681   0.312900
11682   0.312800
11683   0.312400
11684   0.312200
11685   0.310000
11686   0.310500
11687   0.311100
11688   0.311900
11689   0.311800
11690   0.310800
11691   0.310700
11692   0.309500
11693   0.310100
11694   0.309900
11695   0.309900
11696   0.311500
11697   0.312100
11698   0.311800
11699   0.312600
11700   0.312600
11701   0.313800
11702   0.313400
11703   0.313600
11704   0.314200
11705   0.314000
11706   0.313500
11707   0.313300
11708   0.313000
11709   0.311100
11710   0.312400
11711   0.312900
11712   0.313700
11713   0.312100
11714   0.313200
11715   0.312900
11716   0.312300
11717   0.312100
11718   0.311800
11719   0.310500
11720   0.311200
11721   0.311500
11722   0.314100
11723   0.313700
11724   0.313800
11725   0.313500
11726   0.311400
11727   0.311800
11728   0.311700
11729   0.311500
11730   0.311300
11731   0.310900
11732   0.310200
11733   0.310300
11734   0.311900
11735   0.312400
11736   0.312100
11737   0.312300
11738   0.311600
11739   0.311700
11740   0.312300
11741   0.312000
11742   0.312800
11743   0.312100
11744   0.311400
11745   0.312900
11746   0.312400
11747   0.312000
11748   0.311400
11749   0.311300
11750   0.310900
11751   0.309500
11752   0.310600
11753   0.311600
11754   0.311200
11755   0.310100
11756   0.311600
11757   0.312300
11758   0.311000
11759   0.309400
11760   0.309200
11761   0.308300
11762   0.307200
11763   0.307300
11764   0.307900
11765   0.306800
11766   0.305500
11767   0.304900
11768   0.305000
11769   0.305200
11770   0.305400
11771   0.304000
11772   0.304200
11773   0.303800
11774   0.304700
11775   0.303400
11776   0.304200
11777   0.304500
11778   0.304600
11779   0.304600
11780   0.305300
11781   0.304800
11782   0.305000
11783   0.305500
11784   0.305700
11785   0.305300
11786   0.305900
11787   0.305200
11788   0.303800
11789   0.303400
11790   0.303900
11791   0.303800
11792   0.305200
11793   0.304000
11794   0.305300
11795   0.304900
11796   0.304400
11797   0.304100
11798   0.302500
11799   0.301000
11800   0.300000
11801   0.299700
11802   0.301300
11803   0.300800
11804   0.302100
11805   0.302900
11806   0.303500
11807   0.303000
11808   0.303800
11809   0.303700
11810   0.302900
11811   0.302300
11812   0.302000
11813   0.302800
11814   0.302700
11815   0.302500
11816   0.301800
11817   0.301700
11818   0.301900
11819   0.302600
11820   0.302100
11821   0.301800
11822   0.302100
11823   0.302600
11824   0.302800
11825   0.303600
11826   0.303700
11827   0.303600
11828   0.303400
11829   0.304100
11830   0.303200
11831   0.303700
11832   0.304300
11833   0.303800
11834   0.304400
11835   0.305000
11836   0.305200
11837   0.306900
11838   0.307400
11839   0.306400
11840   0.306600
11841   0.306900
11842   0.305800
11843   0.305900
11844   0.306100
11845   0.306300
11846   0.305500
11847   0.305500
11848   0.304900
11849   0.305400
11850   0.305700
11851   0.305800
11852   0.306900
11853   0.307100
11854   0.307700
11855   0.307900
11856   0.309200
11857   0.309200
11858   0.308700
11859   0.308300
11860   0.309500
11861   0.310400
11862   0.310800
11863   0.309400
11864   0.307900
11865   0.308600
11866   0.309800
11867   0.309300
11868   0.309000
11869   0.309000
11870   0.309200
11871   0.309800
11872   0.310000
11873   0.307800
11874   0.307900
11875   0.307300
11876   0.306900
11877   0.306700
11878   0.305900
11879   0.306600
11880   0.306900
11881   0.306100
11882   0.306000
11883   0.305100
11884   0.304700
11885   0.305100
11886   0.306300
11887   0.307200
11888   0.307500
11889   0.307600
11890   0.307100
11891   0.306000
11892   0.307100
11893   0.308100
11894   0.308000
11895   0.307900
11896   0.308000
11897   0.307900
11898   0.308500
11899   0.310000
11900   0.311400
11901   0.312500
11902   0.311900
11903   0.312400
11904   0.313400
11905   0.313900
11906   0.313300
11907   0.314500
11908   0.315000
11909   0.316200
11910   0.315300
11911   0.313400
11912   0.313100
11913   0.312900
11914   0.313100
11915   0.314000
11916   0.313600
11917   0.313800
11918   0.313400
11919   0.313600
11920   0.312700
11921   0.313000
11922   0.313700
11923   0.314200
11924   0.314200
11925   0.314400
11926   0.314300
11927   0.314500
11928   0.315100
11929   0.314500
11930   0.312400
11931   0.311300
11932   0.311300
11933   0.311900
11934   0.311200
11935   0.310300
11936   0.309700
11937   0.309300
11938   0.309000
11939   0.309000
11940   0.308300
11941   0.309600
11942   0.310200
11943   0.310300
11944   0.310200
11945   0.309800
11946   0.308600
11947   0.308900
11948   0.308700
11949   0.308800
11950   0.308900
11951   0.309600
11952   0.309800
11953   0.311100
11954   0.311200
11955   0.312400
11956   0.312300
11957   0.311100
11958   0.311000
11959   0.311200
11960   0.309900
11961   0.309500
11962   0.309400
11963   0.310300
11964   0.310000
11965   0.310200
11966   0.311400
11967   0.311800
11968   0.312900
11969   0.313200
11970   0.313000
11971   0.313500
11972   0.314000
11973   0.314300
11974   0.313400
11975   0.314200
11976   0.315000
11977   0.313300
11978   0.315100
11979   0.316300
11980   0.316700
11981   0.316100
11982   0.315100
11983   0.314400
11984   0.313300
11985   0.313700
11986   0.313600
11987   0.313900
11988   0.314300
11989   0.314900
11990   0.314700
11991   0.314600
11992   0.312500
11993   0.312800
11994   0.312700
11995   0.314200
11996   0.315300
11997   0.315800
11998   0.316600
11999   0.315700
12000   0.315600
12001   0.313800
12002   0.312800
12003   0.311400
12004   0.310800
12005   0.310100
12006   0.310900
12007   0.309800
12008   0.310100
12009   0.310100
12010   0.310400
12011   0.311300
12012   0.311100
12013   0.311000
12014   0.311200
12015   0.310500
12016   0.310400
12017   0.309400
12018   0.307300
12019   0.307700
12020   0.307000
12021   0.307000
12022   0.307600
12023   0.306100
12024   0.306200
12025   0.306300
12026   0.307900
12027   0.306500
12028   0.306000
12029   0.307300
12030   0.308100
12031   0.308800
12032   0.308200
12033   0.308700
12034   0.309000
12035   0.308400
12036   0.307500
12037   0.308200
12038   0.306800
12039   0.307600
12040   0.308100
12041   0.307100
12042   0.307300
12043   0.308900
12044   0.308300
12045   0.308400
12046   0.309000
12047   0.309000
12048   0.307900
12049   0.309000
12050   0.310900
12051   0.311900
12052   0.312900
12053   0.312900
12054   0.313400
12055   0.312500
12056   0.311900
12057   0.311400
12058   0.311000
12059   0.310800
12060   0.311200
12061   0.311600
12062   0.311700
12063   0.312200
12064   0.312700
12065   0.312100
12066   0.312700
12067   0.312400
12068   0.312500
12069   0.313100
12070   0.313100
12071   0.311600
12072   0.312200
12073   0.311700
12074   0.310400
12075   0.312000
12076   0.311200
12077   0.311200
12078   0.311200
12079   0.310800
12080   0.311100
12081   0.309900
12082   0.310000
12083   0.310500
12084   0.310800
12085   0.310700
12086   0.310100
12087   0.310600
12088   0.310600
12089   0.310900
12090   0.312600
12091   0.312500
12092   0.313200
12093   0.312400
12094   0.312100
12095   0.312400
12096   0.311600
12097   0.311000
12098   0.310500
12099   0.311200
12100   0.312100
12101   0.311500
12102   0.312500
12103   0.312000
12104   0.311400
12105   0.311500
12106   0.310500
12107   0.311200
12108   0.310800
12109   0.311400
12110   0.311700
12111   0.311700
12112   0.312300
12113   0.312300
12114   0.312200
12115   0.312900
12116   0.313100
12117   0.314200
12118   0.314500
12119   0.313700
12120   0.313900
12121   0.312600
12122   0.312200
12123   0.313200
12124   0.313200
12125   0.311800
12126   0.311500
12127   0.313000
12128   0.311100
12129   0.310700
12130   0.311700
12131   0.312700
12132   0.314100
12133   0.314300
12134   0.314700
12135   0.315000
12136   0.315700
12137   0.315200
12138   0.316100
12139   0.317200
12140   0.317100
12141   0.316300
12142   0.316100
12143   0.316100
12144   0.315600
12145   0.315300
12146   0.315000
12147   0.315900
12148   0.315600
12149   0.315800
12150   0.315600
12151   0.317000
12152   0.317900
12153   0.318400
12154   0.318900
12155   0.319100
12156   0.319200
12157   0.319600
12158   0.319100
12159   0.318100
12160   0.318100
12161   0.317900
12162   0.316800
12163   0.317700
12164   0.317100
12165   0.315100
12166   0.315400
12167   0.315600
12168   0.314500
12169   0.314300
12170   0.313100
12171   0.315000
12172   0.316300
12173   0.316300
12174   0.316100
12175   0.316800
12176   0.316300
12177   0.316300
12178   0.316500
12179   0.315900
12180   0.316400
12181   0.315600
12182   0.314800
12183   0.314000
12184   0.312600
12185   0.312400
12186   0.312500
12187   0.313700
12188   0.313900
12189   0.314900
12190   0.314200
12191   0.314800
12192   0.314900
12193   0.314400
12194   0.313800
12195   0.314700
12196   0.314700
12197   0.315400
12198   0.313300
12199   0.313100
12200   0.314000
12201   0.315500
12202   0.315300
12203   0.316300
12204   0.317600
12205   0.317400
12206   0.316800
12207   0.316800
12208   0.318600
12209   0.319200
12210   0.318800
12211   0.318700
12212   0.319600
12213   0.319000
12214   0.319400
12215   0.319800
12216   0.319900
12217   0.320500
12218   0.319400
12219   0.320500
12220   0.318600
12221   0.318500
12222   0.317700
12223   0.317900
12224   0.317700
12225   0.318100
12226   0.318800
12227   0.319000
12228   0.319200
12229   0.318800
12230   0.318500
12231   0.318900
12232   0.320300
12233   0.320400
12234   0.320900
12235   0.321900
12236   0.320900
12237   0.320200
12238   0.320200
12239   0.321700
12240   0.322500
12241   0.323000
12242   0.322800
12243   0.322900
12244   0.322600
12245   0.322500
12246   0.322300
12247   0.321900
12248   0.321500
12249   0.320800
12250   0.321400
12251   0.321700
12252   0.322000
12253   0.322500
12254   0.321100
12255   0.321200
12256   0.321000
12257   0.320500
12258   0.320400
12259   0.319100
12260   0.318400
12261   0.317000
12262   0.316900
12263   0.315700
12264   0.315600
12265   0.315900
12266   0.315500
12267   0.314800
12268   0.313900
12269   0.313400
12270   0.313900
12271   0.314100
12272   0.313200
12273   0.314200
12274   0.313100
12275   0.314300
12276   0.313500
12277   0.313300
12278   0.313500
12279   0.313600
12280   0.314600
12281   0.315200
12282   0.316000
12283   0.317000
12284   0.316700
12285   0.316600
12286   0.317300
12287   0.316600
12288   0.315400
12289   0.316700
12290   0.317600
12291   0.317700
12292   0.318000
12293   0.317900
12294   0.318200
12295   0.318100
12296   0.317800
12297   0.319100
12298   0.319500
12299   0.319300
12300   0.319600
12301   0.320500
12302   0.319200
12303   0.318900
12304   0.318800
12305   0.318800
12306   0.319000
12307   0.318700
12308   0.318800
12309   0.318500
12310   0.318600
12311   0.318600
12312   0.318000
12313   0.317800
12314   0.318100
12315   0.317700
12316   0.317500
12317   0.316600
12318   0.317300
12319   0.317000
12320   0.316900
12321   0.316100
12322   0.315800
12323   0.316100
12324   0.315500
12325   0.316400
12326   0.316400
12327   0.315800
12328   0.315000
12329   0.315300
12330   0.315500
12331   0.315700
12332   0.315200
12333   0.315500
12334   0.315200
12335   0.315300
12336   0.315700
12337   0.315300
12338   0.315800
12339   0.314400
12340   0.313500
12341   0.312900
12342   0.313500
12343   0.313000
12344   0.312200
12345   0.311700
12346   0.311100
12347   0.310300
12348   0.311700
12349   0.312600
12350   0.312900
12351   0.313900
12352   0.314100
12353   0.314600
12354   0.314400
12355   0.315000
12356   0.314900
12357   0.315600
12358   0.316800
12359   0.316600
12360   0.317600
12361   0.316900
12362   0.316900
12363   0.317800
12364   0.318900
12365   0.318300
12366   0.318600
12367   0.318200
12368   0.317400
12369   0.317200
12370   0.317500
12371   0.318000
12372   0.318200
12373   0.318400
12374   0.319000
12375   0.319400
12376   0.319200
12377   0.319200
12378   0.320400
12379   0.320300
12380   0.320000
12381   0.319100
12382   0.319900
12383   0.321300
12384   0.321600
12385   0.322400
12386   0.322100
12387   0.323300
12388   0.323800
12389   0.322700
12390   0.322700
12391   0.322100
12392   0.321800
12393   0.320200
12394   0.320100
12395   0.319600
12396   0.318000
12397   0.317200
12398   0.316800
12399   0.315300
12400   0.316000
12401   0.316800
12402   0.315600
12403   0.315100
12404   0.315600
12405   0.316900
12406   0.317900
12407   0.317100
12408   0.317100
12409   0.316700
12410   0.317000
12411   0.315900
12412   0.314500
12413   0.314500
12414   0.314000
12415   0.312800
12416   0.312900
12417   0.313500
12418   0.314400
12419   0.315300
12420   0.316200
12421   0.315900
12422   0.315500
12423   0.315600
12424   0.315100
12425   0.314800
12426   0.316300
12427   0.317000
12428   0.317600
12429   0.317700
12430   0.318300
12431   0.319000
12432   0.319300
12433   0.319300
12434   0.319300
12435   0.320600
12436   0.320400
12437   0.320600
12438   0.320500
12439   0.320800
12440   0.320600
12441   0.320400
12442   0.321100
12443   0.321500
12444   0.321300
12445   0.321600
12446   0.321700
12447   0.320900
12448   0.320600
12449   0.318500
12450   0.319000
12451   0.318600
12452   0.318500
12453   0.318400
12454   0.318600
12455   0.318700
12456   0.318500
12457   0.319400
12458   0.318100
12459   0.318400
12460   0.318300
12461   0.317500
12462   0.315200
12463   0.317400
12464   0.318500
12465   0.318500
12466   0.317700
12467   0.318400
12468   0.317900
12469   0.317100
12470   0.315800
12471   0.314500
12472   0.314500
12473   0.314700
12474   0.315000
12475   0.315000
12476   0.315500
12477   0.315900
12478   0.318000
12479   0.318100
12480   0.317900
12481   0.318900
12482   0.319600
12483   0.320600
12484   0.321400
12485   0.322300
12486   0.321100
12487   0.320200
12488   0.319700
12489   0.319300
12490   0.319100
12491   0.319300
12492   0.318600
12493   0.319600
12494   0.319100
12495   0.319000
12496   0.319200
12497   0.320300
12498   0.320800
12499   0.320300
12500   0.320500
12501   0.320000
12502   0.320400
12503   0.320100
12504   0.318900
12505   0.320300
12506   0.321100
12507   0.321000
12508   0.321000
12509   0.320300
12510   0.319400
12511   0.320100
12512   0.319700
12513   0.319200
12514   0.319200
12515   0.319200
12516   0.319000
12517   0.318000
12518   0.318300
12519   0.317900
12520   0.317900
12521   0.316400
12522   0.314800
12523   0.315000
12524   0.314400
12525   0.314000
12526   0.314900
12527   0.316100
12528   0.316200
12529   0.317000
12530   0.317500
12531   0.317300
12532   0.318700
12533   0.317800
12534   0.318700
12535   0.317200
12536   0.317400
12537   0.316900
12538   0.317000
12539   0.316300
12540   0.315500
12541   0.316000
12542   0.314900
12543   0.314200
12544   0.315100
12545   0.316000
12546   0.316000
12547   0.315700
12548   0.315100
12549   0.315000
12550   0.315400
12551   0.314200
12552   0.314700
12553   0.314800
12554   0.314900
12555   0.314700
12556   0.315100
12557   0.315400
12558   0.315300
12559   0.315100
12560   0.315800
12561   0.316900
12562   0.316000
12563   0.316000
12564   0.316000
12565   0.318000
12566   0.317600
12567   0.317500
12568   0.317600
12569   0.318200
12570   0.318700
12571   0.320400
12572   0.321000
12573   0.321200
12574   0.322200
12575   0.321900
12576   0.322400
12577   0.321300
12578   0.321500
12579   0.320800
12580   0.320100
12581   0.320600
12582   0.321000
12583   0.320100
12584   0.320100
12585   0.319900
12586   0.319300
12587   0.318700
12588   0.319000
12589   0.317300
12590   0.317200
12591   0.318400
12592   0.317500
12593   0.316600
12594   0.316200
12595   0.316900
12596   0.316500
12597   0.316600
12598   0.315800
12599   0.316500
12600   0.317800
12601   0.317200
12602   0.317100
12603   0.315800
12604   0.315700
12605   0.316100
12606   0.316500
12607   0.317000
12608   0.317100
12609   0.317600
12610   0.317200
12611   0.317400
12612   0.317500
12613   0.316800
12614   0.316700
12615   0.317100
12616   0.318000
12617   0.318100
12618   0.318200
12619   0.318100
12620   0.318200
12621   0.318100
12622   0.318100
12623   0.317700
12624   0.317200
12625   0.317500
12626   0.318100
12627   0.317200
12628   0.317200
12629   0.317400
12630   0.316800
12631   0.315500
12632   0.316300
12633   0.316700
12634   0.315700
12635   0.315200
12636   0.313800
12637   0.313900
12638   0.313500
12639   0.313700
12640   0.313800
12641   0.313800
12642   0.314100
12643   0.314300
12644   0.313600
12645   0.313700
12646   0.315000
12647   0.315600
12648   0.314100
12649   0.314500
12650   0.315700
12651   0.316100
12652   0.315100
12653   0.314200
12654   0.314600
12655   0.315200
12656   0.316100
12657   0.316000
12658   0.315500
12659   0.316100
12660   0.315400
12661   0.316000
12662   0.315900
12663   0.314900
12664   0.315800
12665   0.315700
12666   0.315800
12667   0.316100
12668   0.316500
12669   0.316200
12670   0.315700
12671   0.315500
12672   0.314800
12673   0.314700
12674   0.313700
12675   0.313700
12676   0.312300
12677   0.311800
12678   0.311600
12679   0.311100
12680   0.310800
12681   0.311400
12682   0.311200
12683   0.310800
12684   0.311900
12685   0.312600
12686   0.313500
12687   0.314300
12688   0.314200
12689   0.316400
12690   0.317200
12691   0.317200
12692   0.317800
12693   0.318400
12694   0.319000
12695   0.320500
12696   0.320000
12697   0.320700
12698   0.319900
12699   0.319200
12700   0.319900
12701   0.320000
12702   0.319500
12703   0.318400
12704   0.318000
12705   0.317900
12706   0.318200
12707   0.318200
12708   0.317800
12709   0.318200
12710   0.317600
12711   0.315800
12712   0.315300
12713   0.314800
12714   0.316400
12715   0.315800
12716   0.316000
12717   0.315300
12718   0.314500
12719   0.314500
12720   0.314000
12721   0.314400
12722   0.313700
12723   0.312700
12724   0.312100
12725   0.311600
12726   0.312800
12727   0.313300
12728   0.315200
12729   0.316000
12730   0.315500
12731   0.315600
12732   0.314500
12733   0.314700
12734   0.315200
12735   0.315600
12736   0.314300
12737   0.315200
12738   0.315400
12739   0.315800
12740   0.316200
12741   0.316800
12742   0.316100
12743   0.316300
12744   0.315600
12745   0.314200
12746   0.313900
12747   0.313000
12748   0.312500
12749   0.311600
12750   0.311300
12751   0.312200
12752   0.311500
12753   0.311300
12754   0.311700
12755   0.312500
12756   0.313400
12757   0.312800
12758   0.314400
12759   0.314700
12760   0.315500
12761   0.314800
12762   0.314600
12763   0.315200
12764   0.313800
12765   0.313500
12766   0.314000
12767   0.314600
12768   0.314100
12769   0.312400
12770   0.311600
12771   0.312000
12772   0.313000
12773   0.314400
12774   0.314100
12775   0.313600
12776   0.313700
12777   0.312900
12778   0.313000
12779   0.312300
12780   0.311900
12781   0.312000
12782   0.310400
12783   0.311100
12784   0.311400
12785   0.312000
12786   0.312000
12787   0.312900
12788   0.311400
12789   0.311600
12790   0.311200
12791   0.310500
12792   0.310900
12793   0.310400
12794   0.310700
12795   0.310100
12796   0.310300
12797   0.310500
12798   0.310800
12799   0.311400
12800   0.311400
12801   0.311400
12802   0.312300
12803   0.312100
12804   0.311800
12805   0.312600
12806   0.312300
12807   0.313500
12808   0.314300
12809   0.312900
12810   0.312000
12811   0.311500
12812   0.311600
12813   0.312900
12814   0.314100
12815   0.314300
12816   0.314200
12817   0.315300
12818   0.316500
12819   0.316500
12820   0.314900
12821   0.314000
12822   0.315200
12823   0.315100
12824   0.315500
12825   0.316000
12826   0.316200
12827   0.316300
12828   0.315400
12829   0.315400
12830   0.315300
12831   0.314500
12832   0.314800
12833   0.314900
12834   0.314900
12835   0.314800
12836   0.315400
12837   0.315100
12838   0.315200
12839   0.315500
12840   0.314900
12841   0.314000
12842   0.313300
12843   0.312600
12844   0.312500
12845   0.310900
12846   0.310900
12847   0.311900
12848   0.312200
12849   0.311400
12850   0.311700
12851   0.311800
12852   0.311600
12853   0.311800
12854   0.312400
12855   0.312000
12856   0.311300
12857   0.311300
12858   0.311500
12859   0.311500
12860   0.312300
12861   0.312400
12862   0.312600
12863   0.313000
12864   0.312800
12865   0.312800
12866   0.313000
12867   0.311400
12868   0.310700
12869   0.310600
12870   0.311100
12871   0.310300
12872   0.310000
12873   0.310900
12874   0.311600
12875   0.310900
12876   0.310700
12877   0.310100
12878   0.309500
12879   0.310900
12880   0.310700
12881   0.311900
12882   0.311800
12883   0.312400
12884   0.312700
12885   0.312700
12886   0.313200
12887   0.314700
12888   0.314800
12889   0.314600
12890   0.313800
12891   0.314400
12892   0.314400
12893   0.315300
12894   0.315400
12895   0.314900
12896   0.315500
12897   0.315800
12898   0.314600
12899   0.315000
12900   0.314900
12901   0.314700
12902   0.315600
12903   0.317000
12904   0.316900
12905   0.317100
12906   0.317400
12907   0.317500
12908   0.316500
12909   0.317400
12910   0.316000
12911   0.315800
12912   0.316300
12913   0.316900
12914   0.316800
12915   0.317500
12916   0.318000
12917   0.317700
12918   0.317000
12919   0.317500
12920   0.317400
12921   0.317800
12922   0.318600
12923   0.319900
12924   0.320100
12925   0.320500
12926   0.319500
12927   0.318400
12928   0.318100
12929   0.317400
12930   0.317700
12931   0.318900
12932   0.318200
12933   0.319300
12934   0.318900
12935   0.320200
12936   0.321000
12937   0.320300
12938   0.320000
12939   0.320200
12940   0.320800
12941   0.320400
12942   0.320200
12943   0.319700
12944   0.320600
12945   0.320600
12946   0.320400
12947   0.321000
12948   0.322300
12949   0.322800
12950   0.322800
12951   0.323000
12952   0.322700
12953   0.322100
12954   0.322100
12955   0.322800
12956   0.322800
12957   0.323200
12958   0.323100
12959   0.324000
12960   0.323200
12961   0.323800
12962   0.324000
12963   0.325300
12964   0.325500
12965   0.325600
12966   0.325400
12967   0.325600
12968   0.325300
12969   0.324400
12970   0.323400
12971   0.322600
12972   0.323700
12973   0.324500
12974   0.324400
12975   0.324100
12976   0.325000
12977   0.324100
12978   0.323800
12979   0.324400
12980   0.325200
12981   0.326000
12982   0.327200
12983   0.328200
12984   0.327200
12985   0.327900
12986   0.329700
12987   0.329400
12988   0.328200
12989   0.328100
12990   0.326400
12991   0.327000
12992   0.327700
12993   0.327100
12994   0.326800
12995   0.326600
12996   0.327000
12997   0.326100
12998   0.326400
12999   0.328300
13000   0.329600
13001   0.329500
13002   0.330100
13003   0.330700
13004   0.329300
13005   0.329300
13006   0.329700
13007   0.329800
13008   0.331000
13009   0.330300
13010   0.329900
13011   0.328900
13012   0.328200
13013   0.329800
13014   0.329500
13015   0.329900
13016   0.330200
13017   0.330100
13018   0.330000
13019   0.329300
13020   0.328700
13021   0.328900
13022   0.327900
13023   0.327900
13024   0.327800
13025   0.328200
13026   0.326500
13027   0.327500
13028   0.326800
13029   0.327100
13030   0.326900
13031   0.326300
13032   0.326400
13033   0.326200
13034   0.325300
13035   0.324900
13036   0.324000
13037   0.322900
13038   0.322500
13039   0.323700
13040   0.323500
13041   0.322800
13042   0.322400
13043   0.322400
13044   0.321900
13045   0.321600
13046   0.322600
13047   0.322500
13048   0.321300
13049   0.321000
13050   0.320100
13051   0.320400
13052   0.319900
13053   0.319900
13054   0.320800
13055   0.320300
13056   0.319700
13057   0.318500
13058   0.317800
13059   0.318600
13060   0.318400
13061   0.318300
13062   0.319100
13063   0.319100
13064   0.318000
13065   0.318900
13066   0.318100
13067   0.317900
13068   0.317700
13069   0.318000
13070   0.319300
13071   0.319200
13072   0.318700
13073   0.318700
13074   0.319600
13075   0.320100
13076   0.320400
13077   0.319700
13078   0.318900
13079   0.319000
13080   0.317200
13081   0.318400
13082   0.317900
13083   0.317700
13084   0.318100
13085   0.318400
13086   0.319400
13087   0.320100
13088   0.320100
13089   0.319500
13090   0.319200
13091   0.319500
13092   0.319500
13093   0.318600
13094   0.318200
13095   0.317400
13096   0.317000
13097   0.318800
13098   0.319900
13099   0.320100
13100   0.319900
13101   0.319700
13102   0.319500
13103   0.319300
13104   0.317800
13105   0.318300
13106   0.318900
13107   0.318200
13108   0.319500
13109   0.319800
13110   0.319500
13111   0.320400
13112   0.321900
13113   0.322700
13114   0.322900
13115   0.324300
13116   0.324200
13117   0.324500
13118   0.324900
13119   0.324000
13120   0.324600
13121   0.326200
13122   0.327000
13123   0.327000
13124   0.327400
13125   0.326100
13126   0.325600
13127   0.325700
13128   0.326300
13129   0.326200
13130   0.327100
13131   0.326800
13132   0.327200
13133   0.327200
13134   0.327000
13135   0.326800
13136   0.326200
13137   0.327000
13138   0.326400
13139   0.325900
13140   0.325000
13141   0.325200
13142   0.325600
13143   0.326600
13144   0.326000
13145   0.325300
13146   0.326200
13147   0.325700
13148   0.325500
13149   0.324900
13150   0.326300
13151   0.325800
13152   0.325600
13153   0.325100
13154   0.324800
13155   0.324300
13156   0.325500
13157   0.325000
13158   0.324600
13159   0.325200
13160   0.325800
13161   0.326300
13162   0.325700
13163   0.325700
13164   0.325900
13165   0.327500
13166   0.327700
13167   0.328700
13168   0.329700
13169   0.330400
13170   0.330200
13171   0.330400
13172   0.330600
13173   0.330900
13174   0.329900
13175   0.328900
13176   0.328400
13177   0.329200
13178   0.328400
13179   0.328500
13180   0.329700
13181   0.330000
13182   0.330500
13183   0.330500
13184   0.330600
13185   0.331400
13186   0.332100
13187   0.332100
13188   0.332100
13189   0.331700
13190   0.331400
13191   0.331000
13192   0.332000
13193   0.332000
13194   0.331000
13195   0.330100
13196   0.330500
13197   0.331400
13198   0.331900
13199   0.331400
13200   0.332500
13201   0.332600
13202   0.332200
13203   0.333000
13204   0.333100
13205   0.332800
13206   0.333300
13207   0.333400
13208   0.333500
13209   0.333500
13210   0.333100
13211   0.334200
13212   0.334300
13213   0.334400
13214   0.334000
13215   0.334100
13216   0.333600
13217   0.333500
13218   0.332800
13219   0.333100
13220   0.334200
13221   0.334400
13222   0.334100
13223   0.333800
13224   0.334800
13225   0.335200
13226   0.335300
13227   0.334700
13228   0.334200
13229   0.334000
13230   0.334300
13231   0.334200
13232   0.333900
13233   0.334300
13234   0.333200
13235   0.333200
13236   0.332400
13237   0.332100
13238   0.333300
13239   0.334000
13240   0.332100
13241   0.333200
13242   0.332300
13243   0.332600
13244   0.333100
13245   0.332600
13246   0.332500
13247   0.333000
13248   0.332700
13249   0.333000
13250   0.332900
13251   0.333100
13252   0.332600
13253   0.333200
13254   0.332300
13255   0.333100
13256   0.332900
13257   0.332700
13258   0.331600
13259   0.331900
13260   0.332900
13261   0.332200
13262   0.332100
13263   0.332700
13264   0.333500
13265   0.334300
13266   0.333900
13267   0.333900
13268   0.334300
13269   0.334800
13270   0.335300
13271   0.335300
13272   0.336100
13273   0.335200
13274   0.333800
13275   0.333800
13276   0.334600
13277   0.334800
13278   0.333800
13279   0.334100
13280   0.334900
13281   0.335300
13282   0.334600
13283   0.335400
13284   0.335200
13285   0.334800
13286   0.335600
13287   0.335500
13288   0.336300
13289   0.337300
13290   0.336700
13291   0.337500
13292   0.336500
13293   0.337100
13294   0.337200
13295   0.337800
13296   0.338600
13297   0.338300
13298   0.337800
13299   0.337200
13300   0.337100
13301   0.337400
13302   0.338700
13303   0.339500
13304   0.340800
13305   0.342400
13306   0.342600
13307   0.343100
13308   0.342300
13309   0.341400
13310   0.341500
13311   0.340800
13312   0.342500
13313   0.342000
13314   0.342500
13315   0.343200
13316   0.343600
13317   0.343500
13318   0.343500
13319   0.344200
13320   0.345000
13321   0.344700
13322   0.345700
13323   0.345400
13324   0.347300
13325   0.346900
13326   0.347700
13327   0.348800
13328   0.349600
13329   0.349400
13330   0.349300
13331   0.348500
13332   0.347600
13333   0.347900
13334   0.348800
13335   0.349200
13336   0.348700
13337   0.348000
13338   0.347200
13339   0.347000
13340   0.346900
13341   0.346500
13342   0.347000
13343   0.348200
13344   0.348200
13345   0.346900
13346   0.347800
13347   0.347100
13348   0.347900
13349   0.347400
13350   0.347100
13351   0.347900
13352   0.348400
13353   0.349300
13354   0.347800
13355   0.347400
13356   0.347700
13357   0.348100
13358   0.347700
13359   0.348000
13360   0.347400
13361   0.348300
13362   0.348100
13363   0.349900
13364   0.349100
13365   0.348900
13366   0.349300
13367   0.349400
13368   0.349600
13369   0.349100
13370   0.349100
13371   0.349400
13372   0.349300
13373   0.348700
13374   0.348400
13375   0.347500
13376   0.347700
13377   0.347000
13378   0.346100
13379   0.344800
13380   0.345100
13381   0.345900
13382   0.345800
13383   0.346200
13384   0.345700
13385   0.345300
13386   0.344900
13387   0.344900
13388   0.345100
13389   0.344400
13390   0.343900
13391   0.344100
13392   0.345200
13393   0.343900
13394   0.343000
13395   0.343400
13396   0.342500
13397   0.343300
13398   0.342800
13399   0.341500
13400   0.341200
13401   0.342200
13402   0.343000
13403   0.341300
13404   0.342200
13405   0.342200
13406   0.342100
13407   0.342400
13408   0.342900
13409   0.343000
13410   0.342600
13411   0.342800
13412   0.341900
13413   0.343000
13414   0.343500
13415   0.344100
13416   0.343300
13417   0.343900
13418   0.343800
13419   0.345200
13420   0.345800
13421   0.345000
13422   0.345200
13423   0.345500
13424   0.345600
13425   0.346400
13426   0.346800
13427   0.347100
13428   0.348000
13429   0.347900
13430   0.349000
13431   0.349100
13432   0.348700
13433   0.347400
13434   0.347000
13435   0.347700
13436   0.348600
13437   0.348900
13438   0.348600
13439   0.350100
13440   0.351300
13441   0.351000
13442   0.351700
13443   0.351100
13444   0.352200
13445   0.352000
13446   0.353000
13447   0.354200
13448   0.354100
13449   0.355000
13450   0.354800
13451   0.356000
13452   0.354100
13453   0.355800
13454   0.356200
13455   0.355800
13456   0.355800
13457   0.357100
13458   0.356800
13459   0.358200
13460   0.357300
13461   0.357200
13462   0.356800
13463   0.358300
13464   0.358400
13465   0.359300
13466   0.359100
13467   0.360800
13468   0.359800
13469   0.359600
13470   0.359700
13471   0.360100
13472   0.360400
13473   0.359800
13474   0.360300
13475   0.359000
13476   0.359000
13477   0.359500
13478   0.359300
13479   0.359400
13480   0.358700
13481   0.358300
13482   0.358700
13483   0.359300
13484   0.360100
13485   0.360800
13486   0.360600
13487   0.361100
13488   0.362000
13489   0.361300
13490   0.362000
13491   0.362100
13492   0.362000
13493   0.362000
13494   0.362300
13495   0.362600
13496   0.363500
13497   0.363500
13498   0.364400
13499   0.364000
13500   0.363600
13501   0.364900
13502   0.364100
13503   0.364100
13504   0.363900
13505   0.364300
13506   0.364100
13507   0.363500
13508   0.362400
13509   0.361700
13510   0.362100
13511   0.361600
13512   0.361500
13513   0.362300
13514   0.363800
13515   0.364100
13516   0.365400
13517   0.365900
13518   0.366200
13519   0.366300
13520   0.366500
13521   0.366000
13522   0.367300
13523   0.367600
13524   0.367800
13525   0.368700
13526   0.368500
13527   0.368300
13528   0.368700
13529   0.368000
13530   0.367600
13531   0.368000
13532   0.367000
13533   0.367400
13534   0.368300
13535   0.367700
13536   0.368200
13537   0.369600
13538   0.370500
13539   0.369900
13540   0.370400
13541   0.370200
13542   0.369700
13543   0.370600
13544   0.371100
13545   0.370600
13546   0.370300
13547   0.369800
13548   0.369700
13549   0.371000
13550   0.370900
13551   0.371200
13552   0.371300
13553   0.370700
13554   0.371300
13555   0.369400
13556   0.369900
13557   0.370100
13558   0.370400
13559   0.369700
13560   0.370200
13561   0.370700
13562   0.371500
13563   0.370500
13564   0.371200
13565   0.372100
13566   0.371100
13567   0.370800
13568   0.370000
13569   0.370400
13570   0.370500
13571   0.369400
13572   0.370100
13573   0.371000
13574   0.371500
13575   0.370900
13576   0.370600
13577   0.371800
13578   0.371600
13579   0.371500
13580   0.370800
13581   0.370000
13582   0.369700
13583   0.369700
13584   0.369900
13585   0.371700
13586   0.371300
13587   0.372200
13588   0.371800
13589   0.371700
13590   0.372100
13591   0.373400
13592   0.374000
13593   0.374000
13594   0.373300
13595   0.372500
13596   0.372700
13597   0.373100
13598   0.374300
13599   0.374600
13600   0.375100
13601   0.375600
13602   0.375800
13603   0.374500
13604   0.374900
13605   0.374900
13606   0.375400
13607   0.375000
13608   0.374900
13609   0.374300
13610   0.374900
13611   0.374100
13612   0.374400
13613   0.375300
13614   0.374200
13615   0.374100
13616   0.374400
13617   0.374200
13618   0.373800
13619   0.374700
13620   0.374000
13621   0.373300
13622   0.373200
13623   0.373500
13624   0.373600
13625   0.374400
13626   0.374200
13627   0.374200
13628   0.374200
13629   0.373600
13630   0.373600
13631   0.373500
13632   0.373600
13633   0.374300
13634   0.373700
13635   0.373900
13636   0.373900
13637   0.373700
13638   0.373500
13639   0.373900
13640   0.374000
13641   0.375400
13642   0.375700
13643   0.374400
13644   0.374600
13645   0.374600
13646   0.376000
13647   0.376300
13648   0.377100
13649   0.377400
13650   0.378000
13651   0.378600
13652   0.378300
13653   0.378900
13654   0.378800
13655   0.378000
13656   0.379100
13657   0.378300
13658   0.378600
13659   0.378900
13660   0.378300
13661   0.379100
13662   0.379500
13663   0.379200
13664   0.379500
13665   0.378500
13666   0.376700
13667   0.376700
13668   0.377700
13669   0.378400
13670   0.378800
13671   0.377700
13672   0.377100
13673   0.378500
13674   0.378000
13675   0.379200
13676   0.379500
13677   0.378800
13678   0.379000
13679   0.379500
13680   0.378600
13681   0.378700
13682   0.379400
13683   0.379700
13684   0.380700
13685   0.380800
13686   0.380200
13687   0.380100
13688   0.381200
13689   0.381100
13690   0.380900
13691   0.379900
13692   0.379200
13693   0.379100
13694   0.378200
13695   0.379900
13696   0.379500
13697   0.378800
13698   0.379600
13699   0.379500
13700   0.379100
13701   0.379800
13702   0.379700
13703   0.379500
13704   0.378800
13705   0.377700
13706   0.377200
13707   0.376800
13708   0.377800
13709   0.378100
13710   0.379000
13711   0.377200
13712   0.376600
13713   0.377400
13714   0.377700
13715   0.379500
13716   0.379300
13717   0.378800
13718   0.377900
13719   0.378300
13720   0.379300
13721   0.379900
13722   0.379800
13723   0.379900
13724   0.381200
13725   0.381000
13726   0.380000
13727   0.381100
13728   0.381500
13729   0.382600
13730   0.383100
13731   0.382700
13732   0.383300
13733   0.384100
13734   0.382500
13735   0.382800
13736   0.383800
13737   0.384000
13738   0.384100
13739   0.384500
13740   0.384000
13741   0.385800
13742   0.385300
13743   0.384900
13744   0.384900
13745   0.385600
13746   0.386300
13747   0.387100
13748   0.388000
13749   0.387300
13750   0.387000
13751   0.387000
13752   0.387900
13753   0.387700
13754   0.387500
13755   0.388300
13756   0.388100
13757   0.388000
13758   0.388400
13759   0.388400
13760   0.387100
13761   0.388000
13762   0.387800
13763   0.387200
13764   0.386700
13765   0.386700
13766   0.386500
13767   0.386300
13768   0.386300
13769   0.386300
13770   0.387100
13771   0.386700
13772   0.386300
13773   0.385500
13774   0.384500
13775   0.384900
13776   0.384900
13777   0.386000
13778   0.386700
13779   0.385200
13780   0.385400
13781   0.386600
13782   0.386000
13783   0.385900
13784   0.386800
13785   0.387200
13786   0.386100
13787   0.386300
13788   0.386800
13789   0.386500
13790   0.385900
13791   0.385600
13792   0.386000
13793   0.385800
13794   0.386200
13795   0.385100
13796   0.384400
13797   0.384500
13798   0.384000
13799   0.383600
13800   0.384400
13801   0.385200
13802   0.385300
13803   0.385300
13804   0.384500
13805   0.384800
13806   0.385100
13807   0.385000
13808   0.385600
13809   0.385100
13810   0.384900
13811   0.384400
13812   0.383500
13813   0.383000
13814   0.382600
13815   0.382800
13816   0.382700
13817   0.383100
13818   0.382600
13819   0.382900
13820   0.383400
13821   0.382900
13822   0.383100
13823   0.383600
13824   0.384400
13825   0.384300
13826   0.385000
13827   0.385400
13828   0.386400
13829   0.387300
13830   0.386400
13831   0.386400
13832   0.386500
13833   0.387200
13834   0.387500
13835   0.386300
13836   0.386100
13837   0.386200
13838   0.386300
13839   0.387200
13840   0.388200
13841   0.388800
13842   0.387800
13843   0.388500
13844   0.388600
13845   0.388800
13846   0.388800
13847   0.388700
13848   0.388700
13849   0.389400
13850   0.390800
13851   0.389900
13852   0.389800
13853   0.389500
13854   0.389100
13855   0.387600
13856   0.387500
13857   0.387900
13858   0.389300
13859   0.390000
13860   0.389600
13861   0.389000
13862   0.389900
13863   0.389700
13864   0.389100
13865   0.389500
13866   0.390700
13867   0.390400
13868   0.388200
13869   0.388200
13870   0.389300
13871   0.388600
13872   0.388000
13873   0.386000
13874   0.386700
13875   0.386200
13876   0.385800
13877   0.384900
13878   0.385300
13879   0.385600
13880   0.385300
13881   0.384200
13882   0.384500
13883   0.384800
13884   0.384900
13885   0.385200
13886   0.385400
13887   0.387000
13888   0.386400
13889   0.386200
13890   0.385400
13891   0.385600
13892   0.385500
13893   0.385500
13894   0.387400
13895   0.387300
13896   0.387700
13897   0.387000
13898   0.387100
13899   0.388200
13900   0.387500
13901   0.386900
13902   0.386900
13903   0.386900
13904   0.388000
13905   0.386900
13906   0.387000
13907   0.386200
13908   0.385600
13909   0.385900
13910   0.385600
13911   0.386500
13912   0.387800
13913   0.388200
13914   0.389500
13915   0.389200
13916   0.389700
13917   0.388400
13918   0.388000
13919   0.386700
13920   0.386600
13921   0.386900
13922   0.387300
13923   0.387700
13924   0.388400
13925   0.388500
13926   0.389400
13927   0.389200
13928   0.389500
13929   0.389700
13930   0.389300
13931   0.387900
13932   0.386900
13933   0.386700
13934   0.386900
13935   0.387900
13936   0.387100
13937   0.389100
13938   0.388900
13939   0.389200
13940   0.389800
13941   0.388700
13942   0.388100
13943   0.387800
13944   0.387400
13945   0.386400
13946   0.386900
13947   0.387900
13948   0.388400
13949   0.388800
13950   0.388600
13951   0.387200
13952   0.386300
13953   0.386200
13954   0.386400
13955   0.387400
13956   0.388700
13957   0.388000
13958   0.388400
13959   0.388000
13960   0.387400
13961   0.387700
13962   0.387300
13963   0.387900
13964   0.388400
13965   0.388000
13966   0.388400
13967   0.389000
13968   0.390900
13969   0.390800
13970   0.389600
13971   0.390300
13972   0.390300
13973   0.390900
13974   0.389400
13975   0.390100
13976   0.391500
13977   0.390800
13978   0.391400
13979   0.391900
13980   0.391500
13981   0.392900
13982   0.392900
13983   0.392400
13984   0.392500
13985   0.391500
13986   0.391400
13987   0.391800
13988   0.391200
13989   0.391000
13990   0.391300
13991   0.391500
13992   0.391300
13993   0.390700
13994   0.390700
13995   0.390800
13996   0.390900
13997   0.390800
13998   0.390800
13999   0.390200
14000   0.390900
14001   0.390900
14002   0.390700
14003   0.391000
14004   0.391900
14005   0.391200
14006   0.390600
14007   0.391300
14008   0.391200
14009   0.391000
14010   0.390600
14011   0.391800
14012   0.392800
14013   0.391400
14014   0.390000
14015   0.389200
14016   0.389100
14017   0.389300
14018   0.389700
14019   0.390600
14020   0.389600
14021   0.389200
14022   0.389400
14023   0.391100
14024   0.391100
14025   0.391000
14026   0.389700
14027   0.388700
14028   0.388300
14029   0.387300
14030   0.387500
14031   0.387500
14032   0.387000
14033   0.386000
14034   0.386200
14035   0.386300
14036   0.385600
14037   0.384600
14038   0.384900
14039   0.385800
14040   0.386100
14041   0.386700
14042   0.387200
14043   0.386400
14044   0.387000
14045   0.386800
14046   0.387700
14047   0.387400
14048   0.386800
14049   0.386200
14050   0.387100
14051   0.388000
14052   0.388800
14053   0.389500
14054   0.389100
14055   0.389300
14056   0.387900
14057   0.388100
14058   0.387700
14059   0.386600
14060   0.386200
14061   0.385600
14062   0.384400
14063   0.382900
14064   0.383100
14065   0.381600
14066   0.382000
14067   0.381400
14068   0.381900
14069   0.381900
14070   0.381200
14071   0.380800
14072   0.380800
14073   0.380400
14074   0.380600
14075   0.381000
14076   0.380000
14077   0.379400
14078   0.378900
14079   0.379200
14080   0.377100
14081   0.376800
14082   0.378000
14083   0.377700
14084   0.379300
14085   0.380200
14086   0.380200
14087   0.380500
14088   0.380900
14089   0.381700
14090   0.382400
14091   0.382300
14092   0.381600
14093   0.380300
14094   0.379900
14095   0.379600
14096   0.379500
14097   0.380300
14098   0.380100
14099   0.380900
14100   0.379900
14101   0.379200
14102   0.379300
14103   0.378500
14104   0.378500
14105   0.379700
14106   0.378900
14107   0.378400
14108   0.378300
14109   0.378000
14110   0.378600
14111   0.379500
14112   0.379400
14113   0.378900
14114   0.379000
14115   0.380900
14116   0.381100
14117   0.380400
14118   0.379700
14119   0.379700
14120   0.378900
14121   0.379300
14122   0.379500
14123   0.379600
14124   0.380000
14125   0.379300
14126   0.378200
14127   0.377500
14128   0.376900
14129   0.377300
14130   0.377300
14131   0.375900
14132   0.374300
14133   0.374100
14134   0.374700
14135   0.374000
14136   0.375000
14137   0.374600
14138   0.376900
14139   0.377700
14140   0.378600
14141   0.379300
14142   0.379900
14143   0.378700
14144   0.379500
14145   0.379300
14146   0.380700
14147   0.381600
14148   0.381800
14149   0.382100
14150   0.382100
14151   0.381200
14152   0.379600
14153   0.378800
14154   0.378200
14155   0.377900
14156   0.377800
14157   0.377900
14158   0.377300
14159   0.377200
14160   0.376000
14161   0.376100
14162   0.375300
14163   0.375900
14164   0.376600
14165   0.377700
14166   0.377200
14167   0.377000
14168   0.375400
14169   0.375900
14170   0.377100
14171   0.377400
14172   0.377700
14173   0.378400
14174   0.378500
14175   0.378600
14176   0.379200
14177   0.379800
14178   0.379400
14179   0.379100
14180   0.378300
14181   0.379100
14182   0.379900
14183   0.379900
14184   0.380300
14185   0.380100
14186   0.381300
14187   0.381500
14188   0.381700
14189   0.381800
14190   0.382200
14191   0.382900
14192   0.381700
14193   0.381800
14194   0.382100
14195   0.382000
14196   0.380900
14197   0.380800
14198   0.380200
14199   0.379500
14200   0.380300
14201   0.381600
14202   0.381700
14203   0.382300
14204   0.382100
14205   0.383300
14206   0.383100
14207   0.383600
14208   0.384000
14209   0.384500
14210   0.385100
14211   0.384100
14212   0.384300
14213   0.385500
14214   0.386400
14215   0.387100
14216   0.387100
14217   0.387700
14218   0.386800
14219   0.386500
14220   0.386300
14221   0.386700
14222   0.385600
14223   0.385300
14224   0.385000
14225   0.384900
14226   0.382900
14227   0.383200
14228   0.384300
14229   0.384700
14230   0.383800
14231   0.384500
14232   0.384800
14233   0.384200
14234   0.384000
14235   0.383900
14236   0.383800
14237   0.383000
14238   0.381800
14239   0.382500
14240   0.381500
14241   0.382100
14242   0.381900
14243   0.383800
14244   0.383200
14245   0.382600
14246   0.383700
14247   0.384200
14248   0.385300
14249   0.385000
14250   0.383800
14251   0.384600
14252   0.385000
14253   0.385800
14254   0.384700
14255   0.385300
14256   0.385100
14257   0.384600
14258   0.383600
14259   0.382800
14260   0.383400
14261   0.382800
14262   0.383400
14263   0.384300
14264   0.383500
14265   0.383200
14266   0.382600
14267   0.383500
14268   0.382800
14269   0.383200
14270   0.382500
14271   0.382600
14272   0.383200
14273   0.383300
14274   0.383200
14275   0.381800
14276   0.380600
14277   0.380800
14278   0.380100
14279   0.379900
14280   0.378900
14281   0.379200
14282   0.378800
14283   0.378300
14284   0.379000
14285   0.379200
14286   0.379400
14287   0.380300
14288   0.380100
14289   0.379300
14290   0.379700
14291   0.380000
14292   0.380800
14293   0.380300
14294   0.380300
14295   0.380100
14296   0.380200
14297   0.380400
14298   0.380800
14299   0.380400
14300   0.381200
14301   0.381100
14302   0.381400
14303   0.381500
14304   0.381700
14305   0.380600
14306   0.380300
14307   0.379800
14308   0.379500
14309   0.377900
14310   0.378200
14311   0.378400
14312   0.377600
14313   0.377500
14314   0.377700
14315   0.377900
14316   0.378500
14317   0.378300
14318   0.379100
14319   0.379300
14320   0.379300
14321   0.379500
14322   0.380700
14323   0.381100
14324   0.383500
14325   0.384100
14326   0.385100
14327   0.384800
14328   0.384300
14329   0.384100
14330   0.385000
14331   0.384200
14332   0.385100
14333   0.385000
14334   0.384400
14335   0.384500
14336   0.384900
14337   0.383900
14338   0.383800
14339   0.383800
14340   0.384300
14341   0.382900
14342   0.383600
14343   0.383400
14344   0.383400
14345   0.383400
14346   0.383200
14347   0.382900
14348   0.383100
14349   0.382900
14350   0.382700
14351   0.382500
14352   0.382800
14353   0.382300
14354   0.381800
14355   0.381800
14356   0.382800
14357   0.382800
14358   0.382900
14359   0.383500
14360   0.383300
14361   0.384700
14362   0.384400
14363   0.383900
14364   0.383600
14365   0.384200
14366   0.383700
14367   0.383200
14368   0.383400
14369   0.383300
14370   0.383300
14371   0.384300
14372   0.384700
14373   0.384800
14374   0.384500
14375   0.383200
14376   0.381900
14377   0.382300
14378   0.382500
14379   0.382500
14380   0.380900
14381   0.380600
14382   0.379700
14383   0.380000
14384   0.380100
14385   0.379900
14386   0.380900
14387   0.381800
14388   0.381900
14389   0.380800
14390   0.380100
14391   0.380100
14392   0.379100
14393   0.378000
14394   0.378900
14395   0.377500
14396   0.376600
14397   0.376200
14398   0.376600
14399   0.377500
14400   0.377900
14401   0.377500
14402   0.377600
14403   0.379000
14404   0.378800
14405   0.377700
14406   0.378500
14407   0.379500
14408   0.378900
14409   0.377900
14410   0.376800
14411   0.377200
14412   0.377500
14413   0.375800
14414   0.376600
14415   0.378400
14416   0.379900
14417   0.380000
14418   0.380700
14419   0.380100
14420   0.380400
14421   0.380500
14422   0.378800
14423   0.379900
14424   0.379500
14425   0.379100
14426   0.379200
14427   0.380400
14428   0.380900
14429   0.380700
14430   0.381500
14431   0.381500
14432   0.381700
14433   0.382100
14434   0.383300
14435   0.382700
14436   0.382600
14437   0.382300
14438   0.384000
14439   0.383700
14440   0.383700
14441   0.384000
14442   0.384700
14443   0.384200
14444   0.385000
14445   0.385300
14446   0.385000
14447   0.384100
14448   0.383600
14449   0.383400
14450   0.383200
14451   0.382600
14452   0.381300
14453   0.381000
14454   0.382800
14455   0.381700
14456   0.380400
14457   0.380900
14458   0.381100
14459   0.381400
14460   0.380700
14461   0.381300
14462   0.381800
14463   0.382000
14464   0.381900
14465   0.382300
14466   0.383000
14467   0.382700
14468   0.383500
14469   0.382900
14470   0.382500
14471   0.384000
14472   0.383500
14473   0.384300
14474   0.384100
14475   0.385000
14476   0.384300
14477   0.385300
14478   0.384500
14479   0.383700
14480   0.384000
14481   0.384700
14482   0.385200
14483   0.386500
14484   0.386200
14485   0.386500
14486   0.386200
14487   0.385300
14488   0.385700
14489   0.386600
14490   0.387000
14491   0.387300
14492   0.386700
14493   0.388800
14494   0.389000
14495   0.389700
14496   0.390700
14497   0.391600
14498   0.391900
14499   0.392000
14500   0.391700
14501   0.391600
14502   0.393000
14503   0.393500
14504   0.393800
14505   0.393400
14506   0.393700
14507   0.394200
14508   0.394200
14509   0.395000
14510   0.395000
14511   0.395600
14512   0.396600
14513   0.397200
14514   0.396800
14515   0.396200
14516   0.396500
14517   0.396700
14518   0.396300
14519   0.395200
14520   0.394800
14521   0.395200
14522   0.395900
14523   0.397200
14524   0.397200
14525   0.396400
14526   0.397900
14527   0.399100
14528   0.398800
14529   0.398500
14530   0.398000
14531   0.397000
14532   0.396200
14533   0.397200
14534   0.396700
14535   0.396500
14536   0.396300
14537   0.396600
14538   0.396000
14539   0.396200
14540   0.397200
14541   0.398600
14542   0.398600
14543   0.398900
14544   0.398700
14545   0.399900
14546   0.399300
14547   0.399300
14548   0.398700
14549   0.398900
14550   0.399700
14551   0.399600
14552   0.401000
14553   0.402100
14554   0.403200
14555   0.403400
14556   0.404300
14557   0.403700
14558   0.403600
14559   0.403800
14560   0.403600
14561   0.403200
14562   0.403000
14563   0.402600
14564   0.401200
14565   0.400700
14566   0.400800
14567   0.400500
14568   0.401100
14569   0.401300
14570   0.401400
14571   0.401900
14572   0.401800
14573   0.400600
14574   0.399800
14575   0.398300
14576   0.398400
14577   0.399000
14578   0.398800
14579   0.398700
14580   0.398200
14581   0.398700
14582   0.398500
14583   0.398300
14584   0.398700
14585   0.399500
14586   0.398600
14587   0.399600
14588   0.399800
14589   0.399700
14590   0.399300
14591   0.400500
14592   0.400200
14593   0.399600
14594   0.399100
14595   0.399200
14596   0.398800
14597   0.396900
14598   0.395900
14599   0.395400
14600   0.396500
14601   0.396000
14602   0.394400
14603   0.394400
14604   0.394300
14605   0.394000
14606   0.393500
14607   0.394100
14608   0.393300
14609   0.393900
14610   0.393300
14611   0.393500
14612   0.393600
14613   0.394000
14614   0.393900
14615   0.393700
14616   0.393300
14617   0.394000
14618   0.394400
14619   0.394800
14620   0.394600
14621   0.394800
14622   0.395000
14623   0.393800
14624   0.394800
14625   0.395400
14626   0.395700
14627   0.394500
14628   0.393700
14629   0.395100
14630   0.394700
14631   0.394400
14632   0.394600
14633   0.394800
14634   0.394500
14635   0.396200
14636   0.397700
14637   0.398400
14638   0.399000
14639   0.398200
14640   0.398400
14641   0.398800
14642   0.399300
14643   0.399100
14644   0.399300
14645   0.400500
14646   0.400400
14647   0.399300
14648   0.398900
14649   0.399400
14650   0.399400
14651   0.400000
14652   0.399700
14653   0.399700
14654   0.399900
14655   0.399600
14656   0.400600
14657   0.401000
14658   0.400500
14659   0.400000
14660   0.399000
14661   0.399900
14662   0.400400
14663   0.400600
14664   0.400500
14665   0.399200
14666   0.399400
14667   0.398900
14668   0.399300
14669   0.399700
14670   0.398700
14671   0.397400
14672   0.398100
14673   0.397900
14674   0.396700
14675   0.396800
14676   0.396900
14677   0.395500
14678   0.396300
14679   0.395600
14680   0.397100
14681   0.397900
14682   0.398600
14683   0.398900
14684   0.397600
14685   0.396800
14686   0.397000
14687   0.397400
14688   0.397200
14689   0.397900
14690   0.397500
14691   0.397700
14692   0.397600
14693   0.397700
14694   0.397200
14695   0.397500
14696   0.397300
14697   0.396800
14698   0.397800
14699   0.397700
14700   0.397800
14701   0.397400
14702   0.397200
14703   0.396700
14704   0.396100
14705   0.397100
14706   0.396000
14707   0.397400
14708   0.397500
14709   0.398100
14710   0.397200
14711   0.397800
14712   0.397500
14713   0.398000
14714   0.398700
14715   0.399300
14716   0.399100
14717   0.399200
14718   0.397900
14719   0.397300
14720   0.397400
14721   0.398000
14722   0.397600
14723   0.398100
14724   0.398200
14725   0.397800
14726   0.397400
14727   0.396700
14728   0.396900
14729   0.396300
14730   0.397200
14731   0.397200
14732   0.396500
14733   0.396100
14734   0.397000
14735   0.398600
14736   0.397800
14737   0.398900
14738   0.397900
14739   0.395700
14740   0.395800
14741   0.395400
14742   0.395400
14743   0.395200
14744   0.394500
14745   0.395200
14746   0.396000
14747   0.394800
14748   0.395300
14749   0.394500
14750   0.394900
14751   0.394200
14752   0.394800
14753   0.395200
14754   0.395700
14755   0.394800
14756   0.394600
14757   0.394400
14758   0.393600
14759   0.394300
14760   0.393900
14761   0.394500
14762   0.395100
14763   0.396300
14764   0.396200
14765   0.395600
14766   0.394300
14767   0.394400
14768   0.393500
14769   0.394000
14770   0.394700
14771   0.394400
14772   0.394700
14773   0.395200
14774   0.395300
14775   0.395800
14776   0.395200
14777   0.395300
14778   0.395700
14779   0.396700
14780   0.397000
14781   0.396700
14782   0.397200
14783   0.397100
14784   0.396300
14785   0.396600
14786   0.396600
14787   0.396200
14788   0.395200
14789   0.394100
14790   0.394000
14791   0.394200
14792   0.393400
14793   0.392400
14794   0.392000
14795   0.391500
14796   0.390900
14797   0.390500
14798   0.391300
14799   0.391200
14800   0.391400
14801   0.390700
14802   0.389700
14803   0.389600
14804   0.390700
14805   0.390900
14806   0.390900
14807   0.391000
14808   0.390700
14809   0.390600
14810   0.391300
14811   0.391600
14812   0.392000
14813   0.392100
14814   0.392100
14815   0.393200
14816   0.393800
14817   0.394500
14818   0.395100
14819   0.394300
14820   0.395900
14821   0.395800
14822   0.396000
14823   0.396100
14824   0.396700
14825   0.396800
14826   0.397400
14827   0.395900
14828   0.397200
14829   0.397600
14830   0.397300
14831   0.397400
14832   0.397100
14833   0.397200
14834   0.397900
14835   0.396200
14836   0.395800
14837   0.394900
14838   0.395200
14839   0.396000
14840   0.396900
14841   0.396200
14842   0.397500
14843   0.396900
14844   0.397200
14845   0.396700
14846   0.396400
14847   0.396500
14848   0.397100
14849   0.396300
14850   0.396800
14851   0.396400
14852   0.395700
14853   0.397500
14854   0.398900
14855   0.398200
14856   0.399000
14857   0.399200
14858   0.398900
14859   0.399400
14860   0.397900
14861   0.397700
14862   0.398500
14863   0.397500
14864   0.396800
14865   0.396100
14866   0.395900
14867   0.395600
14868   0.395400
14869   0.395300
14870   0.395100
14871   0.394900
14872   0.395700
14873   0.394300
14874   0.393300
14875   0.393200
14876   0.394400
14877   0.394400
14878   0.393900
14879   0.393900
14880   0.395100
14881   0.394800
14882   0.396300
14883   0.397100
14884   0.397700
14885   0.396900
14886   0.397300
14887   0.398500
14888   0.398600
14889   0.399300
14890   0.399900
14891   0.399700
14892   0.399000
14893   0.399900
14894   0.399800
14895   0.399500
14896   0.398500
14897   0.398500
14898   0.400800
14899   0.401200
14900   0.401700
14901   0.401800
14902   0.401800
14903   0.402300
14904   0.403400
14905   0.402500
14906   0.402900
14907   0.402700
14908   0.403200
14909   0.402100
14910   0.402300
14911   0.402200
14912   0.401300
14913   0.400800
14914   0.400000
14915   0.401200
14916   0.401500
14917   0.400500
14918   0.400400
14919   0.399100
14920   0.397700
14921   0.397200
14922   0.397300
14923   0.396800
14924   0.397400
14925   0.398000
14926   0.397600
14927   0.397500
14928   0.398200
14929   0.398300
14930   0.399400
14931   0.400200
14932   0.400900
14933   0.399900
14934   0.399200
14935   0.399300
14936   0.398800
14937   0.397600
14938   0.397600
14939   0.396600
14940   0.396700
14941   0.397500
14942   0.397900
14943   0.397400
14944   0.397800
14945   0.397500
14946   0.397300
14947   0.396700
14948   0.395700
14949   0.396000
14950   0.396500
14951   0.396000
14952   0.395100
14953   0.395200
14954   0.395100
14955   0.395200
14956   0.396000
14957   0.395900
14958   0.395600
14959   0.395900
14960   0.396600
14961   0.396500
14962   0.396200
14963   0.396600
14964   0.397000
14965   0.395500
14966   0.395600
14967   0.395900
14968   0.397600
14969   0.397900
14970   0.397800
14971   0.397700
14972   0.397500
14973   0.397400
14974   0.398700
14975   0.398100
14976   0.398800
14977   0.397900
14978   0.397200
14979   0.397400
14980   0.396500
14981   0.396000
14982   0.395800
14983   0.396300
14984   0.396300
14985   0.397000
14986   0.396600
14987   0.396100
14988   0.395900
14989   0.395600
14990   0.395400
14991   0.395200
14992   0.394800
14993   0.394500
14994   0.395200
14995   0.395700
14996   0.396400
14997   0.395600
14998   0.395500
14999   0.395600
15000   0.394300
15001   0.396200
15002   0.395200
15003   0.395900
15004   0.395700
15005   0.395700
15006   0.395500
15007   0.396000
15008   0.395800
15009   0.395300
15010   0.394000
15011   0.393000
15012   0.393500
15013   0.393600
15014   0.393800
15015   0.393200
15016   0.393500
15017   0.392900
15018   0.394300
15019   0.394600
15020   0.394100
15021   0.394500
15022   0.394600
15023   0.394500
15024   0.394000
15025   0.395300
15026   0.395400
15027   0.395500
15028   0.396300
15029   0.395900
15030   0.394800
15031   0.396100
15032   0.396800
15033   0.396900
15034   0.396100
15035   0.396700
15036   0.396300
15037   0.396900
15038   0.396500
15039   0.396600
15040   0.396700
15041   0.396300
15042   0.397500
15043   0.396300
15044   0.395700
15045   0.395600
15046   0.396400
15047   0.395700
15048   0.394700
15049   0.394500
15050   0.395300
15051   0.396600
15052   0.396100
15053   0.395500
15054   0.395800
15055   0.395800
15056   0.395700
15057   0.396300
15058   0.396200
15059   0.396900
15060   0.396300
15061   0.396400
15062   0.396300
15063   0.396400
15064   0.396900
15065   0.397400
15066   0.398200
15067   0.399000
15068   0.400000
15069   0.401900
15070   0.402000
15071   0.401600
15072   0.402600
15073   0.402100
15074   0.401900
15075   0.401500
15076   0.399400
15077   0.400000
15078   0.400300
15079   0.399900
15080   0.400600
15081   0.401000
15082   0.401900
15083   0.402000
15084   0.401100
15085   0.401400
15086   0.399900
15087   0.399900
15088   0.399900
15089   0.399300
15090   0.399300
15091   0.398400
15092   0.397800
15093   0.398100
15094   0.397300
15095   0.398500
15096   0.400000
15097   0.400200
15098   0.400400
15099   0.400700
15100   0.400100
15101   0.400000
15102   0.399800
15103   0.399700
15104   0.399500
15105   0.398800
15106   0.398900
15107   0.400300
15108   0.400100
15109   0.400200
15110   0.399400
15111   0.399800
15112   0.399100
15113   0.400700
15114   0.401400
15115   0.401400
15116   0.400700
15117   0.400500
15118   0.401000
15119   0.402000
15120   0.401500
15121   0.401700
15122   0.402100
15123   0.402900
15124   0.403500
15125   0.403700
15126   0.404800
15127   0.405300
15128   0.405900
15129   0.405300
15130   0.405400
15131   0.403400
15132   0.403000
15133   0.403200
15134   0.402700
15135   0.402700
15136   0.401200
15137   0.400900
15138   0.401100
15139   0.401000
15140   0.401000
15141   0.401000
15142   0.400700
15143   0.400600
15144   0.400200
15145   0.401800
15146   0.402300
15147   0.401800
15148   0.401600
15149   0.402200
15150   0.401500
15151   0.400400
15152   0.399800
15153   0.398900
15154   0.397700
15155   0.398300
15156   0.398100
15157   0.397400
15158   0.396200
15159   0.396800
15160   0.396400
15161   0.394900
15162   0.393700
15163   0.393700
15164   0.393800
15165   0.394200
15166   0.394600
15167   0.393700
15168   0.394300
15169   0.394900
15170   0.394800
15171   0.394000
15172   0.395200
15173   0.395500
15174   0.396300
15175   0.396400
15176   0.397600
15177   0.396900
15178   0.396700
15179   0.395300
15180   0.395000
15181   0.393900
15182   0.394100
15183   0.394100
15184   0.393800
15185   0.394500
15186   0.394300
15187   0.395500
15188   0.396200
15189   0.396900
15190   0.397000
15191   0.397700
15192   0.397500
15193   0.396400
15194   0.396200
15195   0.396900
15196   0.396300
15197   0.397200
15198   0.397100
15199   0.396800
15200   0.397200
15201   0.397700
15202   0.396800
15203   0.396400
15204   0.395400
15205   0.395100
15206   0.395400
15207   0.395300
15208   0.396300
15209   0.397100
15210   0.397100
15211   0.396600
15212   0.396500
15213   0.397200
15214   0.397000
15215   0.397600
15216   0.398400
15217   0.398000
15218   0.397200
15219   0.396900
15220   0.397000
15221   0.396700
15222   0.396500
15223   0.396700
15224   0.396900
15225   0.396300
15226   0.397700
15227   0.397200
15228   0.396800
15229   0.395600
15230   0.394700
15231   0.394500
15232   0.394100
15233   0.395100
15234   0.395300
15235   0.395500
15236   0.395500
15237   0.395700
15238   0.395400
15239   0.395800
15240   0.397200
15241   0.397600
15242   0.397200
15243   0.396400
15244   0.397000
15245   0.396000
15246   0.396700
15247   0.396600
15248   0.395600
15249   0.397600
15250   0.396500
15251   0.396500
15252   0.396300
15253   0.397800
15254   0.398400
15255   0.398800
15256   0.398300
15257   0.398400
15258   0.398900
15259   0.398000
15260   0.397800
15261   0.396900
15262   0.397300
15263   0.396800
15264   0.395800
15265   0.395500
15266   0.396000
15267   0.396800
15268   0.397200
15269   0.398100
15270   0.397400
15271   0.397100
15272   0.397700
15273   0.397900
15274   0.397200
15275   0.397000
15276   0.397100
15277   0.396300
15278   0.397500
15279   0.397800
15280   0.397700
15281   0.397300
15282   0.398100
15283   0.398400
15284   0.398100
15285   0.398800
15286   0.399700
15287   0.398600
15288   0.398700
15289   0.399300
15290   0.399300
15291   0.399800
15292   0.399400
15293   0.400200
15294   0.400000
15295   0.398800
15296   0.397300
15297   0.397200
15298   0.396700
15299   0.397700
15300   0.397200
15301   0.397700
15302   0.396300
15303   0.396200
15304   0.395900
15305   0.394600
15306   0.394400
15307   0.393100
15308   0.393200
15309   0.393100
15310   0.393300
15311   0.393300
15312   0.393700
15313   0.393800
15314   0.394200
15315   0.394600
15316   0.395000
15317   0.394200
15318   0.394200
15319   0.394000
15320   0.394000
15321   0.394400
15322   0.394400
15323   0.393200
15324   0.392900
15325   0.392400
15326   0.392100
15327   0.392000
15328   0.392000
15329   0.391900
15330   0.392300
15331   0.392100
15332   0.391400
15333   0.391200
15334   0.392300
15335   0.392200
15336   0.392300
15337   0.394100
15338   0.392800
15339   0.394400
15340   0.395500
15341   0.396600
15342   0.397000
15343   0.396000
15344   0.396600
15345   0.397200
15346   0.396900
15347   0.396300
15348   0.396700
15349   0.396300
15350   0.396600
15351   0.397200
15352   0.397500
15353   0.397900
15354   0.398000
15355   0.398300
15356   0.399500
15357   0.400600
15358   0.400500
15359   0.400400
15360   0.401300
15361   0.399400
15362   0.399300
15363   0.398500
15364   0.399200
15365   0.401000
15366   0.401300
15367   0.402400
15368   0.401900
15369   0.402100
15370   0.401600
15371   0.401600
15372   0.400900
15373   0.400700
15374   0.400600
15375   0.400600
15376   0.400800
15377   0.401300
15378   0.400700
15379   0.400600
15380   0.400400
15381   0.400500
15382   0.401100
15383   0.402100
15384   0.401900
15385   0.401700
15386   0.401200
15387   0.401200
15388   0.401300
15389   0.401900
15390   0.401300
15391   0.402500
15392   0.401900
15393   0.400800
15394   0.401700
15395   0.402200
15396   0.402100
15397   0.403300
15398   0.404500
15399   0.403800
15400   0.403300
15401   0.403400
15402   0.403200
15403   0.402700
15404   0.402400
15405   0.403300
15406   0.402500
15407   0.402100
15408   0.402900
15409   0.402300
15410   0.402900
15411   0.402800
15412   0.402700
15413   0.401800
15414   0.401800
15415   0.401900
15416   0.401300
15417   0.401300
15418   0.402800
15419   0.402500
15420   0.402900
15421   0.403000
15422   0.402800
15423   0.401800
15424   0.402000
15425   0.402100
15426   0.401800
15427   0.401500
15428   0.401400
15429   0.401800
15430   0.401300
15431   0.401300
15432   0.399900
15433   0.398500
15434   0.399400
15435   0.400400
15436   0.401400
15437   0.400000
15438   0.399800
15439   0.400100
15440   0.400500
15441   0.400200
15442   0.400000
15443   0.399100
15444   0.398300
15445   0.396700
15446   0.397500
15447   0.398800
15448   0.398500
15449   0.398900
15450   0.399300
15451   0.399800
15452   0.399800
15453   0.399000
15454   0.400300
15455   0.400800
15456   0.399600
15457   0.399600
15458   0.398200
15459   0.397800
15460   0.398200
15461   0.396900
15462   0.398400
15463   0.400000
15464   0.400100
15465   0.399500
15466   0.400600
15467   0.401000
15468   0.401800
15469   0.401500
15470   0.400500
15471   0.400200
15472   0.400200
15473   0.400300
15474   0.400700
15475   0.400300
15476   0.399900
15477   0.400600
15478   0.400800
15479   0.399700
15480   0.399800
15481   0.399500
15482   0.400300
15483   0.400200
15484   0.400000
15485   0.399100
15486   0.399800
15487   0.400100
15488   0.399900
15489   0.399900
15490   0.399700
15491   0.400600
15492   0.402100
15493   0.402200
15494   0.402200
15495   0.402100
15496   0.401900
15497   0.401100
15498   0.399800
15499   0.399600
15500   0.399900
15501   0.399300
15502   0.400200
15503   0.399800
15504   0.399500
15505   0.399300
15506   0.398900
15507   0.399200
15508   0.399900
15509   0.400700
15510   0.400400
15511   0.400300
15512   0.399000
15513   0.398400
15514   0.398400
15515   0.398600
15516   0.398200
15517   0.399100
15518   0.399000
15519   0.399000
15520   0.399000
15521   0.398600
15522   0.398800
15523   0.399100
15524   0.399200
15525   0.399800
15526   0.399200
15527   0.399400
15528   0.400500
15529   0.400700
15530   0.400800
15531   0.400800
15532   0.400800
15533   0.401000
15534   0.402300
15535   0.402900
15536   0.402900
15537   0.400900
15538   0.399900
15539   0.401500
15540   0.400700
15541   0.401200
15542   0.401500
15543   0.402600
15544   0.403100
15545   0.403000
15546   0.402800
15547   0.402500
15548   0.403000
15549   0.403500
15550   0.403800
15551   0.404800
15552   0.403900
15553   0.403500
15554   0.402400
15555   0.403500
15556   0.404000
15557   0.403100
15558   0.402600
15559   0.402900
15560   0.402200
15561   0.403200
15562   0.404200
15563   0.404600
15564   0.403900
15565   0.404300
15566   0.404200
15567   0.405300
15568   0.404200
15569   0.404500
15570   0.404900
15571   0.405600
15572   0.404900
15573   0.404800
15574   0.404300
15575   0.404600
15576   0.404200
15577   0.405300
15578   0.405300
15579   0.406000
15580   0.406500
15581   0.406900
15582   0.406800
15583   0.406900
15584   0.405500
15585   0.404500
15586   0.404000
15587   0.403700
15588   0.403000
15589   0.403800
15590   0.402700
15591   0.403500
15592   0.404500
15593   0.405600
15594   0.405700
15595   0.405200
15596   0.405600
15597   0.404900
15598   0.406300
15599   0.406200
15600   0.405800
15601   0.406900
15602   0.406200
15603   0.407700
15604   0.407800
15605   0.407300
15606   0.408500
15607   0.408500
15608   0.407800
15609   0.406500
15610   0.406500
15611   0.408000
15612   0.408700
15613   0.409100
15614   0.408700
15615   0.408700
15616   0.408000
15617   0.406600
15618   0.407400
15619   0.407400
15620   0.406000
15621   0.406200
15622   0.405900
15623   0.405800
15624   0.406700
15625   0.405700
15626   0.405100
15627   0.405100
15628   0.406400
15629   0.406100
15630   0.405600
15631   0.405400
15632   0.405500
15633   0.405400
15634   0.404900
15635   0.405000
15636   0.404600
15637   0.404600
15638   0.402800
15639   0.402900
15640   0.402800
15641   0.402600
15642   0.402200
15643   0.402400
15644   0.402600
15645   0.402500
15646   0.401900
15647   0.403000
15648   0.402800
15649   0.403400
15650   0.404100
15651   0.404300
15652   0.403800
15653   0.404100
15654   0.403700
15655   0.403900
15656   0.404100
15657   0.404800
15658   0.403900
15659   0.404600
15660   0.405000
15661   0.404500
15662   0.404100
15663   0.404900
15664   0.405200
15665   0.404600
15666   0.403700
15667   0.404800
15668   0.405300
15669   0.406900
15670   0.406400
15671   0.406900
15672   0.406100
15673   0.405900
15674   0.405400
15675   0.405900
15676   0.406000
15677   0.407500
15678   0.408300
15679   0.406800
15680   0.405800
15681   0.407300
15682   0.406900
15683   0.406400
15684   0.406600
15685   0.406300
15686   0.406800
15687   0.406500
15688   0.406800
15689   0.407300
15690   0.406500
15691   0.406800
15692   0.407000
15693   0.407600
15694   0.407100
15695   0.407500
15696   0.406300
15697   0.405800
15698   0.405800
15699   0.406900
15700   0.405500
15701   0.405900
15702   0.405900
15703   0.406300
15704   0.405200
15705   0.404000
15706   0.404300
15707   0.404500
15708   0.404300
15709   0.403900
15710   0.405800
15711   0.405600
15712   0.405600
15713   0.405400
15714   0.405000
15715   0.405000
15716   0.405000
15717   0.404900
15718   0.404400
15719   0.404700
15720   0.404100
15721   0.403100
15722   0.403300
15723   0.404700
15724   0.404400
15725   0.403700
15726   0.403200
15727   0.404100
15728   0.405300
15729   0.405200
15730   0.405300
15731   0.404600
15732   0.405800
15733   0.406100
15734   0.405300
15735   0.405300
15736   0.406300
15737   0.405700
15738   0.405900
15739   0.406300
15740   0.406500
15741   0.407000
15742   0.406900
15743   0.407400
15744   0.407600
15745   0.407400
15746   0.407100
15747   0.407300
15748   0.405700
15749   0.406000
15750   0.406500
15751   0.406000
15752   0.406900
15753   0.406300
15754   0.407400
15755   0.406600
15756   0.406600
15757   0.407300
15758   0.408800
15759   0.409700
15760   0.410400
15761   0.411200
15762   0.410600
15763   0.410700
15764   0.410900
15765   0.410300
15766   0.410600
15767   0.410500
15768   0.411600
15769   0.412900
15770   0.411700
15771   0.410800
15772   0.410800
15773   0.411500
15774   0.411700
15775   0.411000
15776   0.410300
15777   0.409400
15778   0.410100
15779   0.410000
15780   0.409900
15781   0.409500
15782   0.409600
15783   0.409700
15784   0.410400
15785   0.411400
15786   0.410700
15787   0.411400
15788   0.411700
15789   0.411000
15790   0.411400
15791   0.411500
15792   0.412700
15793   0.413100
15794   0.413900
15795   0.414100
15796   0.414100
15797   0.414100
15798   0.414800
15799   0.415000
15800   0.414200
15801   0.414800
15802   0.414200
15803   0.414400
15804   0.414500
15805   0.414900
15806   0.413800
15807   0.414900
15808   0.414800
15809   0.414500
15810   0.414800
15811   0.415400
15812   0.416400
15813   0.415900
15814   0.416100
15815   0.415500
15816   0.415100
15817   0.414700
15818   0.416000
15819   0.415600
15820   0.415700
15821   0.416000
15822   0.416600
15823   0.417800
15824   0.417300
15825   0.415600
15826   0.414600
15827   0.414600
15828   0.414900
15829   0.416000
15830   0.416500
15831   0.416800
15832   0.416600
15833   0.416500
15834   0.415700
15835   0.415800
15836   0.414400
15837   0.414100
15838   0.415500
15839   0.416100
15840   0.416400
15841   0.415800
15842   0.414800
15843   0.415000
15844   0.414800
15845   0.415200
15846   0.415200
15847   0.414500
15848   0.414600
15849   0.414600
15850   0.413200
15851   0.413200
15852   0.413100
15853   0.413500
15854   0.414700
15855   0.414800
15856   0.415800
15857   0.415400
15858   0.416200
15859   0.415300
15860   0.415100
15861   0.415500
15862   0.415700
15863   0.415400
15864   0.414100
15865   0.413500
15866   0.413900
15867   0.413600
15868   0.414300
15869   0.413600
15870   0.412700
15871   0.413100
15872   0.411200
15873   0.410200
15874   0.410900
15875   0.410600
15876   0.409800
15877   0.409300
15878   0.408400
15879   0.408700
15880   0.409000
15881   0.409400
15882   0.409300
15883   0.408400
15884   0.407400
15885   0.408100
15886   0.407100
15887   0.406600
15888   0.407500
15889   0.407700
15890   0.408200
15891   0.408100
15892   0.407600
15893   0.407100
15894   0.408800
15895   0.409700
15896   0.410500
15897   0.409900
15898   0.409400
15899   0.411200
15900   0.411000
15901   0.413100
15902   0.413600
15903   0.413400
15904   0.414000
15905   0.413000
15906   0.414400
15907   0.414900
15908   0.414500
15909   0.414500
15910   0.414300
15911   0.413500
15912   0.412500
15913   0.413700
15914   0.413100
15915   0.412700
15916   0.412300
15917   0.411200
15918   0.411000
15919   0.410400
15920   0.409400
15921   0.409700
15922   0.409600
15923   0.409300
15924   0.410000
15925   0.409700
15926   0.410200
15927   0.411300
15928   0.412300
15929   0.412200
15930   0.412700
15931   0.412400
15932   0.412200
15933   0.413200
15934   0.412800
15935   0.413400
15936   0.413500
15937   0.414000
15938   0.412900
15939   0.412700
15940   0.412600
15941   0.412300
15942   0.412900
15943   0.413000
15944   0.411700
15945   0.412100
15946   0.411400
15947   0.412200
15948   0.411800
15949   0.411800
15950   0.411800
15951   0.412700
15952   0.413000
15953   0.413300
15954   0.413200
15955   0.412900
15956   0.411800
15957   0.409900
15958   0.410700
15959   0.410700
15960   0.411400
15961   0.411100
15962   0.410100
15963   0.409600
15964   0.410000
15965   0.410500
15966   0.409400
15967   0.409100
15968   0.408600
15969   0.408100
15970   0.406800
15971   0.407900
15972   0.408400
15973   0.408600
15974   0.407800
15975   0.409400
15976   0.410200
15977   0.411400
15978   0.411900
15979   0.411400
15980   0.410300
15981   0.410600
15982   0.410400
15983   0.410900
15984   0.410700
15985   0.411200
15986   0.410600
15987   0.411700
15988   0.411700
15989   0.412600
15990   0.412400
15991   0.411400
15992   0.411000
15993   0.409900
15994   0.411200
15995   0.410700
15996   0.411200
15997   0.411800
15998   0.411300
15999   0.411200
16000   0.410600
16001   0.409300
16002   0.409200
16003   0.408200
16004   0.408400
16005   0.407700
16006   0.407300
16007   0.407600
16008   0.408100
16009   0.407600
16010   0.408400
16011   0.408800
16012   0.409300
16013   0.409400
16014   0.408900
16015   0.408200
16016   0.407300
16017   0.407200
16018   0.405900
16019   0.406400
16020   0.406100
16021   0.406700
16022   0.406500
16023   0.406600
16024   0.407900
16025   0.409100
16026   0.409700
16027   0.410500
16028   0.410100
16029   0.411000
16030   0.411100
16031   0.411900
16032   0.411900
16033   0.413300
16034   0.413200
16035   0.412700
16036   0.412400
16037   0.413000
16038   0.414000
16039   0.415000
16040   0.414800
16041   0.414200
16042   0.413400
16043   0.414200
16044   0.413700
16045   0.413200
16046   0.412900
16047   0.412600
16048   0.413500
16049   0.413500
16050   0.412700
16051   0.413100
16052   0.412200
16053   0.412300
16054   0.413100
16055   0.413800
16056   0.414200
16057   0.414300
16058   0.413400
16059   0.412600
16060   0.413000
16061   0.412700
16062   0.414100
16063   0.415600
16064   0.415600
16065   0.417000
16066   0.416500
16067   0.416900
16068   0.416800
16069   0.417600
16070   0.418000
16071   0.416600
16072   0.416300
16073   0.416400
16074   0.416400
16075   0.416300
16076   0.416700
16077   0.416500
16078   0.415500
16079   0.416300
16080   0.416800
16081   0.416600
16082   0.416000
16083   0.415400
16084   0.415100
16085   0.414600
16086   0.414000
16087   0.413300
16088   0.413100
16089   0.413300
16090   0.413900
16091   0.413900
16092   0.413100
16093   0.412100
16094   0.411600
16095   0.413100
16096   0.413800
16097   0.413700
16098   0.415200
16099   0.414600
16100   0.413600
16101   0.414400
16102   0.412600
16103   0.411800
16104   0.412000
16105   0.410900
16106   0.411100
16107   0.410600
16108   0.410600
16109   0.410500
16110   0.410700
16111   0.410000
16112   0.410600
16113   0.410600
16114   0.409900
16115   0.409400
16116   0.410100
16117   0.411300
16118   0.410100
16119   0.412100
16120   0.412400
16121   0.411400
16122   0.411800
16123   0.412500
16124   0.411900
16125   0.411800
16126   0.411500
16127   0.411400
16128   0.411700
16129   0.411400
16130   0.410800
16131   0.411400
16132   0.411000
16133   0.411000
16134   0.410000
16135   0.409800
16136   0.409800
16137   0.410200
16138   0.409500
16139   0.409300
16140   0.409600
16141   0.409100
16142   0.408500
16143   0.409200
16144   0.409800
16145   0.409800
16146   0.410000
16147   0.410000
16148   0.411300
16149   0.410200
16150   0.410600
16151   0.410700
16152   0.411100
16153   0.411600
16154   0.411300
16155   0.411900
16156   0.412400
16157   0.411600
16158   0.411600
16159   0.412000
16160   0.411000
16161   0.411000
16162   0.412400
16163   0.412000
16164   0.412300
16165   0.413000
16166   0.413500
16167   0.413900
16168   0.414500
16169   0.415900
16170   0.415800
16171   0.416500
16172   0.415700
16173   0.415500
16174   0.414900
16175   0.415700
16176   0.414700
16177   0.413900
16178   0.415000
16179   0.414600
16180   0.415000
16181   0.414500
16182   0.414400
16183   0.414600
16184   0.414500
16185   0.414500
16186   0.414500
16187   0.414800
16188   0.413900
16189   0.413300
16190   0.413000
16191   0.411700
16192   0.411300
16193   0.412200
16194   0.412700
16195   0.413100
16196   0.412900
16197   0.414200
16198   0.414400
16199   0.414400
16200   0.414500
16201   0.414400
16202   0.415000
16203   0.415100
16204   0.414800
16205   0.415300
16206   0.415400
16207   0.415800
16208   0.414300
16209   0.414600
16210   0.413300
16211   0.413400
16212   0.413800
16213   0.413500
16214   0.413100
16215   0.412600
16216   0.412700
16217   0.412400
16218   0.413200
16219   0.412100
16220   0.411500
16221   0.411300
16222   0.410400
16223   0.410300
16224   0.410200
16225   0.409900
16226   0.407300
16227   0.407300
16228   0.406200
16229   0.405800
16230   0.405800
16231   0.406200
16232   0.405700
16233   0.406400
16234   0.407000
16235   0.408500
16236   0.408100
16237   0.407800
16238   0.406900
16239   0.407000
16240   0.407000
16241   0.408200
16242   0.407200
16243   0.406900
16244   0.406900
16245   0.405900
16246   0.406100
16247   0.406100
16248   0.405500
16249   0.405100
16250   0.406000
16251   0.406600
16252   0.408000
16253   0.408600
16254   0.410000
16255   0.410300
16256   0.409500
16257   0.408500
16258   0.408000
16259   0.408000
16260   0.408600
16261   0.408700
16262   0.409000
16263   0.408600
16264   0.407800
16265   0.407900
16266   0.407100
16267   0.407400
16268   0.407500
16269   0.407100
16270   0.407900
16271   0.409200
16272   0.409400
16273   0.410200
16274   0.410800
16275   0.412100
16276   0.412600
16277   0.412200
16278   0.411500
16279   0.411500
16280   0.412500
16281   0.412800
16282   0.412700
16283   0.412100
16284   0.412600
16285   0.412200
16286   0.411500
16287   0.412200
16288   0.411300
16289   0.410500
16290   0.411700
16291   0.412800
16292   0.411900
16293   0.411600
16294   0.411500
16295   0.410600
16296   0.410400
16297   0.410400
16298   0.410100
16299   0.410600
16300   0.411600
16301   0.411600
16302   0.411500
16303   0.411600
16304   0.411300
16305   0.409600
16306   0.409900
16307   0.410400
16308   0.410200
16309   0.409300
16310   0.407800
16311   0.407000
16312   0.406900
16313   0.406000
16314   0.406200
16315   0.405300
16316   0.404600
16317   0.404200
16318   0.405200
16319   0.405600
16320   0.406000
16321   0.406300
16322   0.405500
16323   0.406500
16324   0.407500
16325   0.407700
16326   0.409500
16327   0.409000
16328   0.409500
16329   0.409400
16330   0.409100
16331   0.408700
16332   0.408600
16333   0.408300
16334   0.407900
16335   0.407500
16336   0.406700
16337   0.406400
16338   0.406000
16339   0.407000
16340   0.406600
16341   0.407400
16342   0.406800
16343   0.407600
16344   0.406300
16345   0.406500
16346   0.406700
16347   0.406200
16348   0.406600
16349   0.407400
16350   0.407900
16351   0.407900
16352   0.409000
16353   0.408500
16354   0.408400
16355   0.410000
16356   0.411200
16357   0.410500
16358   0.410600
16359   0.411700
16360   0.411800
16361   0.411500
16362   0.409800
16363   0.409600
16364   0.409500
16365   0.409100
16366   0.409500
16367   0.409500
16368   0.410900
16369   0.412200
16370   0.412900
16371   0.412400
16372   0.412300
16373   0.413000
16374   0.412500
16375   0.411900
16376   0.412300
16377   0.412200
16378   0.412300
16379   0.412300
16380   0.411600
16381   0.411700
16382   0.411100
16383   0.411100
16384   0.411400
16385   0.412700
16386   0.413000
16387   0.412800
16388   0.412700
16389   0.412000
16390   0.411000
16391   0.409900
16392   0.410800
16393   0.410600
16394   0.409600
16395   0.408500
16396   0.408000
16397   0.408200
16398   0.407700
16399   0.408200
16400   0.408400
16401   0.408800
16402   0.408000
16403   0.407900
16404   0.407900
16405   0.408200
16406   0.408100
16407   0.409800
16408   0.409400
16409   0.409900
16410   0.409300
16411   0.409600
16412   0.410500
16413   0.410200
16414   0.411200
16415   0.410200
16416   0.410900
16417   0.409400
16418   0.409600
16419   0.409400
16420   0.409500
16421   0.408700
16422   0.407500
16423   0.408600
16424   0.408700
16425   0.408400
16426   0.408600
16427   0.409000
16428   0.410500
16429   0.411300
16430   0.411400
16431   0.412200
16432   0.412400
16433   0.413600
16434   0.413700
16435   0.412700
16436   0.411200
16437   0.410800
16438   0.410800
16439   0.410400
16440   0.408900
16441   0.408200
16442   0.407200
16443   0.407800
16444   0.408300
16445   0.408000
16446   0.408800
16447   0.407600
16448   0.407000
16449   0.407300
16450   0.405900
16451   0.407200
16452   0.406400
16453   0.403800
16454   0.403100
16455   0.403500
16456   0.403500
16457   0.403500
16458   0.404200
16459   0.403500
16460   0.403500
16461   0.403100
16462   0.402800
16463   0.402600
16464   0.402200
16465   0.401300
16466   0.400800
16467   0.400700
16468   0.402100
16469   0.401400
16470   0.401500
16471   0.402300
16472   0.403200
16473   0.403000
16474   0.403000
16475   0.403700
16476   0.403100
16477   0.404800
16478   0.405000
16479   0.404900
16480   0.403800
16481   0.404500
16482   0.405400
16483   0.404300
16484   0.402300
16485   0.403000
16486   0.403700
16487   0.403900
16488   0.402900
16489   0.403100
16490   0.402800
16491   0.402600
16492   0.401700
16493   0.402100
16494   0.402500
16495   0.402400
16496   0.402400
16497   0.401900
16498   0.404300
16499   0.403900
16500   0.403400
16501   0.404000
16502   0.403400
16503   0.403700
16504   0.404900
16505   0.404600
16506   0.404300
16507   0.405300
16508   0.405500
16509   0.405300
16510   0.405100
16511   0.404800
16512   0.405100
16513   0.405100
16514   0.405900
16515   0.405000
16516   0.404800
16517   0.404700
16518   0.403000
16519   0.403300
16520   0.403500
16521   0.403400
16522   0.403200
16523   0.403500
16524   0.402700
16525   0.402000
16526   0.402400
16527   0.402700
16528   0.401300
16529   0.399900
16530   0.400200
16531   0.401300
16532   0.400900
16533   0.401200
16534   0.401300
16535   0.401400
16536   0.401300
16537   0.400900
16538   0.400900
16539   0.400800
16540   0.399600
16541   0.399900
16542   0.398200
16543   0.397900
16544   0.398000
16545   0.398200
16546   0.397700
16547   0.397600
16548   0.397300
16549   0.397400
16550   0.397500
16551   0.396200
16552   0.395100
16553   0.395000
16554   0.395200
16555   0.396000
16556   0.396000
16557   0.394400
16558   0.393700
16559   0.393600
16560   0.392900
16561   0.392300
16562   0.392800
16563   0.392400
16564   0.392400
16565   0.392000
16566   0.392300
16567   0.394700
16568   0.394000
16569   0.394200
16570   0.394900
16571   0.395500
16572   0.394300
16573   0.393800
16574   0.393700
16575   0.394800
16576   0.394200
16577   0.394000
16578   0.393700
16579   0.394900
16580   0.394900
16581   0.395300
16582   0.394400
16583   0.395100
16584   0.394300
16585   0.393600
16586   0.392200
16587   0.391700
16588   0.390300
16589   0.391800
16590   0.391100
16591   0.391200
16592   0.390400
16593   0.389800
16594   0.390500
16595   0.392400
16596   0.390800
16597   0.392000
16598   0.392200
16599   0.392400
16600   0.391900
16601   0.392600
16602   0.392800
16603   0.393200
16604   0.393000
16605   0.393100
16606   0.393500
16607   0.394800
16608   0.394500
16609   0.395000
16610   0.395200
16611   0.396200
16612   0.396900
16613   0.396500
16614   0.396000
16615   0.396100
16616   0.396800
16617   0.396100
16618   0.395300
16619   0.395300
16620   0.395500
16621   0.395500
16622   0.395600
16623   0.395100
16624   0.395800
16625   0.396500
16626   0.397300
16627   0.397100
16628   0.396400
16629   0.397100
16630   0.397500
16631   0.397300
16632   0.397000
16633   0.397500
16634   0.396900
16635   0.397300
16636   0.396000
16637   0.395200
16638   0.395300
16639   0.395000
16640   0.395900
16641   0.396300
16642   0.396600
16643   0.396700
16644   0.396500
16645   0.396400
16646   0.395400
16647   0.394200
16648   0.393500
16649   0.394200
16650   0.395700
16651   0.396000
16652   0.396600
16653   0.397500
16654   0.396400
16655   0.394500
16656   0.396300
16657   0.396600
16658   0.395800
16659   0.395400
16660   0.395200
16661   0.395800
16662   0.396200
16663   0.395800
16664   0.395300
16665   0.395400
16666   0.395200
16667   0.395900
16668   0.396300
16669   0.396400
16670   0.394600
16671   0.394900
16672   0.394700
16673   0.394600
16674   0.395200
16675   0.395000
16676   0.395400
16677   0.394700
16678   0.396100
16679   0.396200
16680   0.395100
16681   0.395300
16682   0.396700
16683   0.396700
16684   0.396300
16685   0.397200
16686   0.397400
16687   0.397200
16688   0.397200
16689   0.396800
16690   0.396800
16691   0.397200
16692   0.397100
16693   0.397200
16694   0.397100
16695   0.396400
16696   0.395400
16697   0.395400
16698   0.395900
16699   0.396900
16700   0.396500
16701   0.397100
16702   0.397700
16703   0.398600
16704   0.397800
16705   0.397900
16706   0.398000
16707   0.397100
16708   0.396700
16709   0.396300
16710   0.396800
16711   0.397200
16712   0.395700
16713   0.394800
16714   0.394500
16715   0.394000
16716   0.393600
16717   0.393500
16718   0.393500
16719   0.392600
16720   0.393900
16721   0.394400
16722   0.393800
16723   0.393200
16724   0.393700
16725   0.393800
16726   0.393400
16727   0.393100
16728   0.392100
16729   0.393600
16730   0.392600
16731   0.392200
16732   0.393100
16733   0.392400
16734   0.391700
16735   0.391300
16736   0.391200
16737   0.390000
16738   0.389300
16739   0.389700
16740   0.389700
16741   0.389100
16742   0.389700
16743   0.389200
16744   0.388900
16745   0.389500
16746   0.389100
16747   0.390500
16748   0.391200
16749   0.392300
16750   0.392500
16751   0.392600
16752   0.391900
16753   0.391600
16754   0.391500
16755   0.391400
16756   0.391300
16757   0.391800
16758   0.391200
16759   0.390100
16760   0.389900
16761   0.389600
16762   0.389300
16763   0.389100
16764   0.388900
16765   0.386900
16766   0.386300
16767   0.386700
16768   0.385200
16769   0.385700
16770   0.386400
16771   0.387300
16772   0.388200
16773   0.388000
16774   0.387200
16775   0.387100
16776   0.386900
16777   0.387000
16778   0.388100
16779   0.388400
16780   0.388900
16781   0.388400
16782   0.388700
16783   0.388200
16784   0.388600
16785   0.389500
16786   0.389400
16787   0.388900
16788   0.388900
16789   0.388500
16790   0.388900
16791   0.389200
16792   0.389300
16793   0.389700
16794   0.389400
16795   0.388500
16796   0.388500
16797   0.386900
16798   0.386000
16799   0.385000
16800   0.384500
16801   0.383300
16802   0.384700
16803   0.384900
16804   0.386500
16805   0.386200
16806   0.386400
16807   0.385400
16808   0.383900
16809   0.383300
16810   0.383100
16811   0.382400
16812   0.381400
16813   0.381600
16814   0.381500
16815   0.382400
16816   0.382500
16817   0.381000
16818   0.382500
16819   0.382100
16820   0.382100
16821   0.382700
16822   0.383600
16823   0.383700
16824   0.383300
16825   0.383700
16826   0.383700
16827   0.384300
16828   0.383700
16829   0.382600
16830   0.382000
16831   0.382200
16832   0.383200
16833   0.383400
16834   0.383100
16835   0.383600
16836   0.382300
16837   0.382500
16838   0.382400
16839   0.382900
16840   0.382800
16841   0.382300
16842   0.382500
16843   0.382900
16844   0.382400
16845   0.381500
16846   0.382600
16847   0.383500
16848   0.383100
16849   0.382600
16850   0.382000
16851   0.382300
16852   0.382800
16853   0.383200
16854   0.382600
16855   0.382900
16856   0.382600
16857   0.383100
16858   0.384100
16859   0.383800
16860   0.384700
16861   0.384800
16862   0.384700
16863   0.384300
16864   0.383000
16865   0.383100
16866   0.381600
16867   0.381800
16868   0.381600
16869   0.381400
16870   0.381200
16871   0.381600
16872   0.381400
16873   0.381700
16874   0.380500
16875   0.380100
16876   0.379700
16877   0.380500
16878   0.380100
16879   0.381400
16880   0.381400
16881   0.382600
16882   0.381600
16883   0.380400
16884   0.379500
16885   0.380800
16886   0.381400
16887   0.380900
16888   0.380600
16889   0.381200
16890   0.381600
16891   0.382400
16892   0.383800
16893   0.383000
16894   0.382600
16895   0.382200
16896   0.383300
16897   0.383100
16898   0.382900
16899   0.382500
16900   0.382700
16901   0.382700
16902   0.383000
16903   0.382300
16904   0.382200
16905   0.382300
16906   0.382300
16907   0.382600
16908   0.383300
16909   0.382700
16910   0.384700
16911   0.385500
16912   0.385400
16913   0.386000
16914   0.385500
16915   0.385500
16916   0.384900
16917   0.385100
16918   0.385400
16919   0.385500
16920   0.385900
16921   0.386300
16922   0.386500
16923   0.387100
16924   0.387000
16925   0.387200
16926   0.386300
16927   0.386300
16928   0.387100
16929   0.386900
16930   0.385900
16931   0.386200
16932   0.385900
16933   0.385800
16934   0.385300
16935   0.383800
16936   0.384100
16937   0.384800
16938   0.385300
16939   0.385100
16940   0.385500
16941   0.385400
16942   0.385600
16943   0.386000
16944   0.387200
16945   0.387400
16946   0.388100
16947   0.387700
16948   0.386600
16949   0.386500
16950   0.385700
16951   0.385400
16952   0.384200
16953   0.384000
16954   0.383300
16955   0.381900
16956   0.382100
16957   0.382000
16958   0.382900
16959   0.383500
16960   0.383200
16961   0.383200
16962   0.382900
16963   0.382700
16964   0.382500
16965   0.382900
16966   0.383000
16967   0.382900
16968   0.383300
16969   0.382600
16970   0.382900
16971   0.382600
16972   0.381700
16973   0.382400
16974   0.382500
16975   0.382200
16976   0.382600
16977   0.383300
16978   0.383200
16979   0.382600
16980   0.383200
16981   0.383700
16982   0.383000
16983   0.383500
16984   0.383600
16985   0.385200
16986   0.385500
16987   0.385300
16988   0.385600
16989   0.385900
16990   0.384900
16991   0.385600
16992   0.385800
16993   0.385700
16994   0.385300
16995   0.384600
16996   0.385400
16997   0.386400
16998   0.387800
16999   0.387600
17000   0.387300
17001   0.387600
17002   0.388100
17003   0.387800
17004   0.389200
17005   0.390700
17006   0.390400
17007   0.390600
17008   0.390900
17009   0.390900
17010   0.391200
17011   0.391800
17012   0.391400
17013   0.391800
17014   0.392300
17015   0.390800
17016   0.390800
17017   0.391600
17018   0.392200
17019   0.393000
17020   0.391600
17021   0.391900
17022   0.391400
17023   0.390500
17024   0.391900
17025   0.391900
17026   0.391500
17027   0.392400
17028   0.393400
17029   0.393600
17030   0.392600
17031   0.393500
17032   0.392500
17033   0.391900
17034   0.391400
17035   0.390800
17036   0.390800
17037   0.389900
17038   0.389800
17039   0.389300
17040   0.388200
17041   0.388400
17042   0.389000
17043   0.389600
17044   0.389800
17045   0.390100
17046   0.389500
17047   0.390000
17048   0.391900
17049   0.393100
17050   0.392300
17051   0.392800
17052   0.393200
17053   0.393200
17054   0.392900
17055   0.393200
17056   0.392700
17057   0.392700
17058   0.392600
17059   0.392600
17060   0.393100
17061   0.392400
17062   0.392200
17063   0.392400
17064   0.392800
17065   0.393700
17066   0.394400
17067   0.393800
17068   0.395000
17069   0.394100
17070   0.394700
17071   0.394600
17072   0.396400
17073   0.394800
17074   0.394800
17075   0.393800
17076   0.394100
17077   0.394700
17078   0.395400
17079   0.396100
17080   0.396000
17081   0.395600
17082   0.395300
17083   0.395200
17084   0.395400
17085   0.394900
17086   0.395100
17087   0.395400
17088   0.393900
17089   0.394600
17090   0.396200
17091   0.395800
17092   0.395000
17093   0.395800
17094   0.396400
17095   0.398000
17096   0.399000
17097   0.398700
17098   0.399300
17099   0.400300
17100   0.399700
17101   0.399900
17102   0.399700
17103   0.398500
17104   0.399000
17105   0.398200
17106   0.397900
17107   0.398200
17108   0.397700
17109   0.398800
17110   0.398300
17111   0.398600
17112   0.398200
17113   0.397300
17114   0.396800
17115   0.395500
17116   0.395900
17117   0.395800
17118   0.396400
17119   0.396300
17120   0.396200
17121   0.394200
17122   0.394600
17123   0.394000
17124   0.394000
17125   0.393100
17126   0.393100
17127   0.394600
17128   0.394000
17129   0.393900
17130   0.394900
17131   0.394200
17132   0.394700
17133   0.395500
17134   0.394300
17135   0.394000
17136   0.394500
17137   0.394200
17138   0.392800
17139   0.393200
17140   0.392300
17141   0.392900
17142   0.391900
17143   0.391200
17144   0.391100
17145   0.391900
17146   0.390700
17147   0.391300
17148   0.392400
17149   0.392800
17150   0.394100
17151   0.395000
17152   0.394800
17153   0.396300
17154   0.396500
17155   0.395000
17156   0.394900
17157   0.395500
17158   0.395300
17159   0.395300
17160   0.395500
17161   0.395700
17162   0.394600
17163   0.396400
17164   0.397200
17165   0.396100
17166   0.396500
17167   0.395700
17168   0.396100
17169   0.396200
17170   0.395200
17171   0.394900
17172   0.395300
17173   0.394000
17174   0.394300
17175   0.394100
17176   0.394700
17177   0.395300
17178   0.395200
17179   0.394200
17180   0.394100
17181   0.393800
17182   0.392800
17183   0.392300
17184   0.393000
17185   0.392900
17186   0.392200
17187   0.392900
17188   0.392600
17189   0.390800
17190   0.390300
17191   0.390000
17192   0.389700
17193   0.389500
17194   0.390200
17195   0.390700
17196   0.391400
17197   0.390500
17198   0.390400
17199   0.391200
17200   0.391800
17201   0.393900
17202   0.395100
17203   0.395800
17204   0.394900
17205   0.396700
17206   0.396400
17207   0.397100
17208   0.395900
17209   0.396000
17210   0.395400
17211   0.395400
17212   0.395700
17213   0.396100
17214   0.395100
17215   0.395400
17216   0.395200
17217   0.394200
17218   0.395800
17219   0.395300
17220   0.394900
17221   0.394900
17222   0.394500
17223   0.395200
17224   0.395900
17225   0.397300
17226   0.396500
17227   0.396800
17228   0.396700
17229   0.398200
17230   0.396800
17231   0.395100
17232   0.394100
17233   0.394700
17234   0.394600
17235   0.393600
17236   0.393100
17237   0.393300
17238   0.391900
17239   0.392000
17240   0.391500
17241   0.391600
17242   0.391800
17243   0.391400
17244   0.391500
17245   0.391500
17246   0.392100
17247   0.392900
17248   0.392900
17249   0.393500
17250   0.393300
17251   0.393100
17252   0.393300
17253   0.393100
17254   0.394900
17255   0.395700
17256   0.396700
17257   0.396900
17258   0.396500
17259   0.398400
17260   0.398200
17261   0.399100
17262   0.400700
17263   0.401600
17264   0.402000
17265   0.401900
17266   0.401700
17267   0.402600
17268   0.404200
17269   0.404700
17270   0.404600
17271   0.405500
17272   0.405400
17273   0.406200
17274   0.406700
17275   0.407200
17276   0.406900
17277   0.406700
17278   0.405900
17279   0.406800
17280   0.407100
17281   0.407200
17282   0.407800
17283   0.407800
17284   0.408100
17285   0.408700
17286   0.408500
17287   0.408700
17288   0.409000
17289   0.408100
17290   0.408700
17291   0.408700
17292   0.408700
17293   0.408200
17294   0.407100
17295   0.406200
17296   0.406100
17297   0.407500
17298   0.407700
17299   0.409100
17300   0.410000
17301   0.410500
17302   0.410100
17303   0.410200
17304   0.410300
17305   0.410500
17306   0.410400
17307   0.411500
17308   0.413200
17309   0.413700
17310   0.413600
17311   0.413400
17312   0.414100
17313   0.414600
17314   0.415400
17315   0.415500
17316   0.415700
17317   0.416300
17318   0.416400
17319   0.415700
17320   0.416100
17321   0.415300
17322   0.415300
17323   0.414500
17324   0.415800
17325   0.416600
17326   0.417300
17327   0.417000
17328   0.416600
17329   0.416500
17330   0.417700
17331   0.417800
17332   0.418200
17333   0.418400
17334   0.417500
17335   0.418700
17336   0.419000
17337   0.418500
17338   0.418200
17339   0.418600
17340   0.418000
17341   0.417100
17342   0.417200
17343   0.416600
17344   0.415800
17345   0.416600
17346   0.417800
17347   0.417600
17348   0.417200
17349   0.417000
17350   0.416700
17351   0.417500
17352   0.417300
17353   0.418200
17354   0.417700
17355   0.417800
17356   0.417700
17357   0.416300
17358   0.416200
17359   0.416000
17360   0.415900
17361   0.416300
17362   0.417200
17363   0.417300
17364   0.417100
17365   0.417600
17366   0.418200
17367   0.418400
17368   0.419100
17369   0.418900
17370   0.418700
17371   0.418400
17372   0.417500
17373   0.418600
17374   0.418700
17375   0.419300
17376   0.419800
17377   0.420100
17378   0.420500
17379   0.420900
17380   0.420600
17381   0.420400
17382   0.420400
17383   0.420500
17384   0.420800
17385   0.421300
17386   0.421300
17387   0.422000
17388   0.422600
17389   0.422400
17390   0.423400
17391   0.424700
17392   0.425100
17393   0.425900
17394   0.425700
17395   0.425200
17396   0.425500
17397   0.426400
17398   0.427600
17399   0.427800
17400   0.428700
17401   0.429400
17402   0.429400
17403   0.429500
17404   0.430200
17405   0.430200
17406   0.430000
17407   0.429700
17408   0.429400
17409   0.429600
17410   0.428500
17411   0.427400
17412   0.427300
17413   0.426400
17414   0.426000
17415   0.425700
17416   0.426100
17417   0.425200
17418   0.425300
17419   0.426000
17420   0.426600
17421   0.427000
17422   0.427700
17423   0.427100
17424   0.427500
17425   0.428000
17426   0.427900
17427   0.427500
17428   0.428100
17429   0.429700
17430   0.430800
17431   0.430800
17432   0.430100
17433   0.429800
17434   0.431100
17435   0.429100
17436   0.429500
17437   0.429700
17438   0.430300
17439   0.429900
17440   0.429100
17441   0.430100
17442   0.429800
17443   0.430200
17444   0.430100
17445   0.429800
17446   0.429500
17447   0.429100
17448   0.428800
17449   0.429600
17450   0.429100
17451   0.429000
17452   0.429600
17453   0.430400
17454   0.430000
17455   0.430100
17456   0.430300
17457   0.430400
17458   0.429200
17459   0.428800
17460   0.429300
17461   0.429500
17462   0.428600
17463   0.428000
17464   0.427700
17465   0.427300
17466   0.427000
17467   0.427100
17468   0.427100
17469   0.427100
17470   0.427500
17471   0.427100
17472   0.427800
17473   0.429300
17474   0.429500
17475   0.429100
17476   0.430000
17477   0.429500
17478   0.429100
17479   0.429900
17480   0.429700
17481   0.429100
17482   0.430000
17483   0.429600
17484   0.430200
17485   0.430200
17486   0.430700
17487   0.430800
17488   0.430700
17489   0.431000
17490   0.431700
17491   0.430800
17492   0.432200
17493   0.432000
17494   0.433100
17495   0.433600
17496   0.434100
17497   0.434100
17498   0.434000
17499   0.434500
17500   0.436000
17501   0.436800
17502   0.437400
17503   0.436500
17504   0.435900
17505   0.435700
17506   0.435900
17507   0.435700
17508   0.435900
17509   0.435400
17510   0.436800
17511   0.438300
17512   0.438900
17513   0.439300
17514   0.439800
17515   0.440000
17516   0.441500
17517   0.440800
17518   0.440900
17519   0.441700
17520   0.441600
17521   0.440400
17522   0.440200
17523   0.439500
17524   0.440800
17525   0.441600
17526   0.441400
17527   0.441700
17528   0.441000
17529   0.442200
17530   0.443100
17531   0.442600
17532   0.442400
17533   0.442200
17534   0.443600
17535   0.443300
17536   0.443200
17537   0.442200
17538   0.443400
17539   0.443400
17540   0.443900
17541   0.444200
17542   0.443100
17543   0.444400
17544   0.444500
17545   0.443800
17546   0.443300
17547   0.443900
17548   0.444600
17549   0.445400
17550   0.446100
17551   0.445000
17552   0.444500
17553   0.444200
17554   0.444400
17555   0.443800
17556   0.445100
17557   0.446400
17558   0.446600
17559   0.446500
17560   0.446300
17561   0.446300
17562   0.446000
17563   0.446100
17564   0.447000
17565   0.446500
17566   0.445600
17567   0.445200
17568   0.446000
17569   0.447200
17570   0.447600
17571   0.448400
17572   0.447400
17573   0.447900
17574   0.448000
17575   0.448800
17576   0.449400
17577   0.448400
17578   0.449200
17579   0.450400
17580   0.449600
17581   0.449300
17582   0.448300
17583   0.448400
17584   0.448300
17585   0.448300
17586   0.447800
17587   0.447800
17588   0.448300
17589   0.448500
17590   0.449100
17591   0.448400
17592   0.448600
17593   0.449800
17594   0.449100
17595   0.449200
17596   0.447300
17597   0.447000
17598   0.446100
17599   0.446300
17600   0.447200
17601   0.446600
17602   0.446600
17603   0.446700
17604   0.448100
17605   0.448400
17606   0.447600
17607   0.446600
17608   0.446300
17609   0.447000
17610   0.446300
17611   0.446400
17612   0.446100
17613   0.446300
17614   0.445900
17615   0.446000
17616   0.446600
17617   0.445600
17618   0.446200
17619   0.445300
17620   0.445100
17621   0.446000
17622   0.445300
17623   0.447200
17624   0.447500
17625   0.447700
17626   0.447500
17627   0.447200
17628   0.446400
17629   0.445900
17630   0.446600
17631   0.446100
17632   0.445800
17633   0.445300
17634   0.446500
17635   0.447500
17636   0.447900
17637   0.449700
17638   0.449400
17639   0.449100
17640   0.449200
17641   0.450300
17642   0.450200
17643   0.450200
17644   0.450800
17645   0.449700
17646   0.450900
17647   0.450100
17648   0.450100
17649   0.450600
17650   0.450100
17651   0.450300
17652   0.450200
17653   0.450500
17654   0.450500
17655   0.450000
17656   0.450900
17657   0.451600
17658   0.451500
17659   0.451700
17660   0.451300
17661   0.451000
17662   0.451500
17663   0.451100
17664   0.450600
17665   0.449900
17666   0.450000
17667   0.450600
17668   0.449900
17669   0.449300
17670   0.448300
17671   0.449200
17672   0.449300
17673   0.448700
17674   0.448000
17675   0.446800
17676   0.446300
17677   0.445700
17678   0.445600
17679   0.445900
17680   0.445300
17681   0.444000
17682   0.443600
17683   0.443500
17684   0.444600
17685   0.446200
17686   0.446700
17687   0.447100
17688   0.448000
17689   0.448100
17690   0.447400
17691   0.447600
17692   0.448200
17693   0.447800
17694   0.448400
17695   0.448600
17696   0.448000
17697   0.447500
17698   0.448400
17699   0.448600
17700   0.449500
17701   0.449800
17702   0.450400
17703   0.452000
17704   0.451800
17705   0.452600
17706   0.453500
17707   0.452700
17708   0.452800
17709   0.452100
17710   0.453400
17711   0.453100
17712   0.453900
17713   0.453900
17714   0.451400
17715   0.450500
17716   0.449300
17717   0.449500
17718   0.448400
17719   0.449700
17720   0.450100
17721   0.449600
17722   0.450900
17723   0.450700
17724   0.450700
17725   0.450500
17726   0.449700
17727   0.448700
17728   0.450100
17729   0.450500
17730   0.452100
17731   0.451900
17732   0.453700
17733   0.453600
17734   0.453800
17735   0.454100
17736   0.453900
17737   0.454000
17738   0.454000
17739   0.452700
17740   0.452300
17741   0.452100
17742   0.452500
17743   0.453600
17744   0.454000
17745   0.454300
17746   0.453500
17747   0.453400
17748   0.454400
17749   0.453100
17750   0.453500
17751   0.454000
17752   0.453500
17753   0.453400
17754   0.453700
17755   0.454200
17756   0.453800
17757   0.453900
17758   0.453400
17759   0.453400
17760   0.454700
17761   0.453700
17762   0.454200
17763   0.454100
17764   0.454200
17765   0.453300
17766   0.452800
17767   0.453700
17768   0.453300
17769   0.454200
17770   0.453400
17771   0.454500
17772   0.454600
17773   0.454900
17774   0.455800
17775   0.456400
17776   0.455400
17777   0.454900
17778   0.455900
17779   0.456200
17780   0.458000
17781   0.459000
17782   0.460200
17783   0.460300
17784   0.461800
17785   0.462200
17786   0.461800
17787   0.461400
17788   0.461500
17789   0.461200
17790   0.460600
17791   0.460700
17792   0.460800
17793   0.460600
17794   0.460700
17795   0.459300
17796   0.458700
17797   0.458400
17798   0.458700
17799   0.459700
17800   0.459100
17801   0.457600
17802   0.458100
17803   0.457600
17804   0.457600
17805   0.457800
17806   0.458100
17807   0.459800
17808   0.458600
17809   0.458000
17810   0.457500
17811   0.457700
17812   0.457600
17813   0.456300
17814   0.456600
17815   0.458000
17816   0.457500
17817   0.457700
17818   0.458800
17819   0.458700
17820   0.457900
17821   0.457800
17822   0.459000
17823   0.457900
17824   0.458800
17825   0.458500
17826   0.459000
17827   0.459600
17828   0.459800
17829   0.459900
17830   0.460200
17831   0.460600
17832   0.460600
17833   0.461100
17834   0.460800
17835   0.460900
17836   0.461700
17837   0.462000
17838   0.461500
17839   0.460400
17840   0.460300
17841   0.459600
17842   0.460800
17843   0.460800
17844   0.461100
17845   0.460800
17846   0.460600
17847   0.459900
17848   0.459200
17849   0.458700
17850   0.459300
17851   0.459100
17852   0.458800
17853   0.457900
17854   0.457400
17855   0.457700
17856   0.456700
17857   0.456100
17858   0.456300
17859   0.457100
17860   0.457500
17861   0.457100
17862   0.457400
17863   0.457800
17864   0.458000
17865   0.459700
17866   0.460300
17867   0.459300
17868   0.459900
17869   0.459900
17870   0.459700
17871   0.459600
17872   0.459700
17873   0.459600
17874   0.459400
17875   0.459200
17876   0.458700
17877   0.458700
17878   0.458500
17879   0.458700
17880   0.459500
17881   0.459500
17882   0.459400
17883   0.458200
17884   0.459500
17885   0.459600
17886   0.460000
17887   0.459800
17888   0.459200
17889   0.459500
17890   0.459400
17891   0.459400
17892   0.460500
17893   0.459400
17894   0.460100
17895   0.460800
17896   0.460300
17897   0.460700
17898   0.459900
17899   0.460400
17900   0.459500
17901   0.459100
17902   0.459700
17903   0.459400
17904   0.459700
17905   0.459100
17906   0.458100
17907   0.457600
17908   0.458500
17909   0.457300
17910   0.457600
17911   0.458100
17912   0.458600
17913   0.459400
17914   0.458600
17915   0.459200
17916   0.459100
17917   0.457700
17918   0.458200
17919   0.459300
17920   0.459800
17921   0.459800
17922   0.459800
17923   0.460400
17924   0.460600
17925   0.461000
17926   0.462900
17927   0.460600
17928   0.460000
17929   0.460300
17930   0.459100
17931   0.460700
17932   0.459900
17933   0.460100
17934   0.458700
17935   0.457900
17936   0.457000
17937   0.457500
17938   0.457300
17939   0.457400
17940   0.457900
17941   0.457300
17942   0.458500
17943   0.458100
17944   0.457300
17945   0.458100
17946   0.458500
17947   0.457200
17948   0.457400
17949   0.457700
17950   0.457300
17951   0.456800
17952   0.456100
17953   0.456400
17954   0.455500
17955   0.455200
17956   0.455500
17957   0.455000
17958   0.454900
17959   0.455100
17960   0.455500
17961   0.453700
17962   0.454800
17963   0.454200
17964   0.455000
17965   0.456700
17966   0.457100
17967   0.455900
17968   0.455800
17969   0.456500
17970   0.456600
17971   0.455300
17972   0.453900
17973   0.455000
17974   0.454600
17975   0.453200
17976   0.453600
17977   0.454300
17978   0.454400
17979   0.454900
17980   0.454500
17981   0.455300
17982   0.455600
17983   0.455800
17984   0.455600
17985   0.455600
17986   0.455900
17987   0.456800
17988   0.455100
17989   0.454200
17990   0.453300
17991   0.454100
17992   0.454600
17993   0.455500
17994   0.455500
17995   0.456600
17996   0.456200
17997   0.457100
17998   0.456800
17999   0.457000
18000   0.457300
18001   0.457000
18002   0.457300
18003   0.457300
18004   0.457200
18005   0.456800
18006   0.456700
18007   0.456200
18008   0.456100
18009   0.457100
18010   0.457200
18011   0.455600
18012   0.456100
18013   0.454700
18014   0.454000
18015   0.453600
18016   0.453900
18017   0.453700
18018   0.453400
18019   0.452600
18020   0.452700
18021   0.452400
18022   0.451800
18023   0.452200
18024   0.452100
18025   0.451500
18026   0.450600
18027   0.452000
18028   0.452200
18029   0.451800
18030   0.451600
18031   0.451300
18032   0.450200
18033   0.450500
18034   0.449900
18035   0.449900
18036   0.449600
18037   0.449400
18038   0.449600
18039   0.450100
18040   0.449100
18041   0.449500
18042   0.448300
18043   0.448300
18044   0.449200
18045   0.449200
18046   0.448300
18047   0.448500
18048   0.448600
18049   0.448600
18050   0.448000
18051   0.446600
18052   0.446000
18053   0.447300
18054   0.446800
18055   0.445500
18056   0.445900
18057   0.445500
18058   0.445700
18059   0.446700
18060   0.447000
18061   0.447900
18062   0.448100
18063   0.448600
18064   0.449600
18065   0.448700
18066   0.449300
18067   0.448700
18068   0.447600
18069   0.447800
18070   0.447800
18071   0.448800
18072   0.449500
18073   0.448300
18074   0.448000
18075   0.448600
18076   0.448800
18077   0.448400
18078   0.448200
18079   0.448800
18080   0.448500
18081   0.449100
18082   0.450100
18083   0.451200
18084   0.451900
18085   0.452200
18086   0.451900
18087   0.451800
18088   0.451000
18089   0.450100
18090   0.450000
18091   0.450100
18092   0.450800
18093   0.451800
18094   0.451500
18095   0.452100
18096   0.453500
18097   0.453000
18098   0.452600
18099   0.452000
18100   0.453200
18101   0.453200
18102   0.452200
18103   0.452900
18104   0.452000
18105   0.452000
18106   0.452100
18107   0.451400
18108   0.451100
18109   0.451800
18110   0.451700
18111   0.452100
18112   0.452200
18113   0.452100
18114   0.453000
18115   0.453000
18116   0.453100
18117   0.453200
18118   0.452500
18119   0.452700
18120   0.453200
18121   0.453200
18122   0.453400
18123   0.452900
18124   0.453700
18125   0.453700
18126   0.453700
18127   0.453600
18128   0.454900
18129   0.454400
18130   0.454400
18131   0.455900
18132   0.455800
18133   0.455700
18134   0.454300
18135   0.453900
18136   0.454400
18137   0.454200
18138   0.454800
18139   0.455000
18140   0.455100
18141   0.456100
18142   0.456800
18143   0.457100
18144   0.455700
18145   0.454700
18146   0.455200
18147   0.454700
18148   0.454300
18149   0.453700
18150   0.454800
18151   0.455300
18152   0.454500
18153   0.454000
18154   0.454300
18155   0.454400
18156   0.453600
18157   0.454100
18158   0.454400
18159   0.453300
18160   0.453700
18161   0.453300
18162   0.453900
18163   0.451800
18164   0.452800
18165   0.452300
18166   0.452500
18167   0.453600
18168   0.454400
18169   0.455200
18170   0.454700
18171   0.455300
18172   0.455600
18173   0.454600
18174   0.453800
18175   0.454300
18176   0.453000
18177   0.452400
18178   0.452200
18179   0.452100
18180   0.452600
18181   0.453100
18182   0.452400
18183   0.452800
18184   0.453200
18185   0.453200
18186   0.453900
18187   0.453600
18188   0.453400
18189   0.454100
18190   0.454300
18191   0.454100
18192   0.454400
18193   0.455200
18194   0.455800
18195   0.455700
18196   0.456200
18197   0.457800
18198   0.458700
18199   0.459300
18200   0.458900
18201   0.457600
18202   0.457000
18203   0.456600
18204   0.457200
18205   0.457700
18206   0.457900
18207   0.457600
18208   0.458000
18209   0.458500
18210   0.458900
18211   0.459600
18212   0.459500
18213   0.459600
18214   0.459800
18215   0.460300
18216   0.460000
18217   0.460200
18218   0.460800
18219   0.459900
18220   0.460900
18221   0.460400
18222   0.460600
18223   0.460300
18224   0.460500
18225   0.460600
18226   0.459800
18227   0.460000
18228   0.460300
18229   0.461600
18230   0.461600
18231   0.460900
18232   0.459600
18233   0.459300
18234   0.459600
18235   0.459500
18236   0.458100
18237   0.458000
18238   0.458000
18239   0.458200
18240   0.458300
18241   0.457000
18242   0.456900
18243   0.455200
18244   0.454400
18245   0.454000
18246   0.454900
18247   0.455700
18248   0.456500
18249   0.456600
18250   0.456900
18251   0.458000
18252   0.457400
18253   0.456200
18254   0.455800
18255   0.456200
18256   0.456700
18257   0.457500
18258   0.457400
18259   0.456300
18260   0.456400
18261   0.455700
18262   0.455900
18263   0.456000
18264   0.456900
18265   0.456700
18266   0.457100
18267   0.456500
18268   0.457200
18269   0.457800
18270   0.458100
18271   0.457500
18272   0.456800
18273   0.457300
18274   0.456300
18275   0.455900
18276   0.456100
18277   0.456700
18278   0.457400
18279   0.458800
18280   0.458500
18281   0.458200
18282   0.458400
18283   0.459200
18284   0.458300
18285   0.458500
18286   0.459200
18287   0.460100
18288   0.459300
18289   0.459800
18290   0.459100
18291   0.457700
18292   0.456500
18293   0.456200
18294   0.456600
18295   0.456000
18296   0.455900
18297   0.455700
18298   0.455600
18299   0.455200
18300   0.456000
18301   0.456600
18302   0.455500
18303   0.455100
18304   0.454700
18305   0.455000
18306   0.455000
18307   0.453800
18308   0.451800
18309   0.452000
18310   0.452400
18311   0.451800
18312   0.452300
18313   0.451800
18314   0.451600
18315   0.451800
18316   0.451400
18317   0.451400
18318   0.451500
18319   0.451500
18320   0.450700
18321   0.451300
18322   0.450800
18323   0.450500
18324   0.449200
18325   0.449200
18326   0.449200
18327   0.449800
18328   0.449700
18329   0.449000
18330   0.448900
18331   0.449200
18332   0.448800
18333   0.449000
18334   0.449500
18335   0.449100
18336   0.447700
18337   0.448100
18338   0.448200
18339   0.448800
18340   0.449800
18341   0.449600
18342   0.449200
18343   0.449300
18344   0.449300
18345   0.450300
18346   0.450300
18347   0.449400
18348   0.449600
18349   0.449200
18350   0.449500
18351   0.449400
18352   0.448600
18353   0.448300
18354   0.447900
18355   0.447100
18356   0.447400
18357   0.448400
18358   0.449100
18359   0.449800
18360   0.449400
18361   0.449300
18362   0.449500
18363   0.450300
18364   0.449500
18365   0.449300
18366   0.448900
18367   0.449000
18368   0.450200
18369   0.450100
18370   0.450200
18371   0.449900
18372   0.449400
18373   0.450500
18374   0.449600
18375   0.448600
18376   0.448900
18377   0.449100
18378   0.449000
18379   0.448400
18380   0.448100
18381   0.447400
18382   0.446500
18383   0.447200
18384   0.446200
18385   0.444800
18386   0.444700
18387   0.445000
18388   0.444600
18389   0.443800
18390   0.443900
18391   0.443900
18392   0.443100
18393   0.443000
18394   0.444000
18395   0.443700
18396   0.444700
18397   0.445400
18398   0.446300
18399   0.447300
18400   0.447000
18401   0.447400
18402   0.448000
18403   0.447700
18404   0.447100
18405   0.447500
18406   0.446900
18407   0.446600
18408   0.447700
18409   0.448000
18410   0.448500
18411   0.447400
18412   0.447900
18413   0.447900
18414   0.448000
18415   0.448100
18416   0.447600
18417   0.448000
18418   0.449300
18419   0.449000
18420   0.447900
18421   0.448300
18422   0.448800
18423   0.448300
18424   0.449100
18425   0.448400
18426   0.447900
18427   0.448000
18428   0.447900
18429   0.448300
18430   0.448500
18431   0.448200
18432   0.447400
18433   0.448200
18434   0.448400
18435   0.447700
18436   0.447900
18437   0.448100
18438   0.447800
18439   0.447300
18440   0.447400
18441   0.447700
18442   0.447300
18443   0.446900
18444   0.447500
18445   0.447600
18446   0.446400
18447   0.445500
18448   0.446400
18449   0.445900
18450   0.447000
18451   0.447100
18452   0.448100
18453   0.447600
18454   0.447100
18455   0.447600
18456   0.447800
18457   0.447500
18458   0.446400
18459   0.447200
18460   0.446600
18461   0.447300
18462   0.446400
18463   0.445400
18464   0.445600
18465   0.445100
18466   0.445200
18467   0.446100
18468   0.446000
18469   0.445700
18470   0.445300
18471   0.444900
18472   0.445300
18473   0.446100
18474   0.446400
18475   0.447000
18476   0.447400
18477   0.446800
18478   0.447000
18479   0.447000
18480   0.447800
18481   0.447800
18482   0.448600
18483   0.447700
18484   0.447700
18485   0.449100
18486   0.449400
18487   0.450500
18488   0.450000
18489   0.449600
18490   0.449900
18491   0.450300
18492   0.450600
18493   0.451600
18494   0.451000
18495   0.452300
18496   0.452300
18497   0.451800
18498   0.451800
18499   0.453600
18500   0.451400
18501   0.451300
18502   0.450800
18503   0.450900
18504   0.451200
18505   0.452200
18506   0.452400
18507   0.452900
18508   0.452200
18509   0.452200
18510   0.452100
18511   0.453300
18512   0.452400
18513   0.452700
18514   0.453300
18515   0.455000
18516   0.454700
18517   0.454200
18518   0.454100
18519   0.453300
18520   0.453800
18521   0.453200
18522   0.453400
18523   0.453800
18524   0.453300
18525   0.453900
18526   0.452700
18527   0.451200
18528   0.451300
18529   0.450700
18530   0.450700
18531   0.451000
18532   0.450700
18533   0.450800
18534   0.451100
18535   0.450100
18536   0.450900
18537   0.450800
18538   0.451100
18539   0.451000
18540   0.450900
18541   0.450700
18542   0.450100
18543   0.450800
18544   0.450800
18545   0.450800
18546   0.451900
18547   0.451300
18548   0.451500
18549   0.450700
18550   0.451200
18551   0.451000
18552   0.450500
18553   0.450800
18554   0.450000
18555   0.450900
18556   0.449400
18557   0.447900
18558   0.449400
18559   0.448400
18560   0.447600
18561   0.448700
18562   0.449100
18563   0.448100
18564   0.448800
18565   0.449300
18566   0.449200
18567   0.449100
18568   0.449100
18569   0.448600
18570   0.448500
18571   0.449100
18572   0.448900
18573   0.450200
18574   0.449800
18575   0.449600
18576   0.450100
18577   0.449800
18578   0.451100
18579   0.451200
18580   0.452600
18581   0.451400
18582   0.451000
18583   0.451800
18584   0.451900
18585   0.452700
18586   0.452600
18587   0.452300
18588   0.452100
18589   0.451700
18590   0.452700
18591   0.452000
18592   0.451100
18593   0.451400
18594   0.450600
18595   0.450700
18596   0.450800
18597   0.450400
18598   0.450600
18599   0.451300
18600   0.451800
18601   0.451500
18602   0.451600
18603   0.451100
18604   0.450000
18605   0.450000
18606   0.450200
18607   0.451200
18608   0.451600
18609   0.451200
18610   0.451100
18611   0.452100
18612   0.452800
18613   0.453300
18614   0.452600
18615   0.452800
18616   0.452400
18617   0.453000
18618   0.452800
18619   0.452600
18620   0.452200
18621   0.452100
18622   0.451900
18623   0.451800
18624   0.452200
18625   0.451000
18626   0.450800
18627   0.451100
18628   0.450600
18629   0.451900
18630   0.452900
18631   0.451800
18632   0.452100
18633   0.452700
18634   0.454300
18635   0.453700
18636   0.455200
18637   0.453500
18638   0.454200
18639   0.453200
18640   0.453600
18641   0.455000
18642   0.456700
18643   0.455900
18644   0.456100
18645   0.455300
18646   0.456400
18647   0.456600
18648   0.455400
18649   0.455200
18650   0.455400
18651   0.454200
18652   0.453900
18653   0.453900
18654   0.454800
18655   0.454600
18656   0.455200
18657   0.455000
18658   0.454700
18659   0.454300
18660   0.455300
18661   0.454600
18662   0.454500
18663   0.456200
18664   0.457200
18665   0.456900
18666   0.455600
18667   0.456100
18668   0.456200
18669   0.457300
18670   0.457400
18671   0.457700
18672   0.457800
18673   0.457400
18674   0.458300
18675   0.457500
18676   0.458000
18677   0.457700
18678   0.458500
18679   0.459300
18680   0.459200
18681   0.457700
18682   0.456800
18683   0.456600
18684   0.457700
18685   0.457700
18686   0.457700
18687   0.457800
18688   0.458100
18689   0.459000
18690   0.458500
18691   0.459300
18692   0.459000
18693   0.458900
18694   0.458300
18695   0.457700
18696   0.458000
18697   0.458100
18698   0.457600
18699   0.458300
18700   0.458000
18701   0.457700
18702   0.458200
18703   0.457800
18704   0.457300
18705   0.456600
18706   0.457400
18707   0.457100
18708   0.456700
18709   0.458300
18710   0.459200
18711   0.457900
18712   0.457200
18713   0.456100
18714   0.456300
18715   0.456200
18716   0.455900
18717   0.456000
18718   0.455300
18719   0.456000
18720   0.455700
18721   0.456600
18722   0.457300
18723   0.457600
18724   0.457400
18725   0.457300
18726   0.458500
18727   0.459100
18728   0.459000
18729   0.458500
18730   0.459100
18731   0.459400
18732   0.459700
18733   0.459400
18734   0.458800
18735   0.459200
18736   0.459300
18737   0.459400
18738   0.458800
18739   0.458400
18740   0.457500
18741   0.456700
18742   0.457200
18743   0.456900
18744   0.457700
18745   0.459100
18746   0.459800
18747   0.458700
18748   0.459200
18749   0.459000
18750   0.458900
18751   0.458100
18752   0.459400
18753   0.459000
18754   0.459600
18755   0.459100
18756   0.459700
18757   0.460100
18758   0.460500
18759   0.461600
18760   0.460900
18761   0.460500
18762   0.460700
18763   0.460000
18764   0.460900
18765   0.461000
18766   0.462300
18767   0.462000
18768   0.461800
18769   0.461400
18770   0.459300
18771   0.458600
18772   0.458500
18773   0.458700
18774   0.459500
18775   0.459900
18776   0.460200
18777   0.459000
18778   0.459300
18779   0.458600
18780   0.458100
18781   0.458100
18782   0.457100
18783   0.457000
18784   0.455900
18785   0.455300
18786   0.455800
18787   0.454900
18788   0.454800
18789   0.454800
18790   0.454400
18791   0.453600
18792   0.453700
18793   0.453300
18794   0.453500
18795   0.453300
18796   0.454900
18797   0.454300
18798   0.455400
18799   0.453600
18800   0.452900
18801   0.452400
18802   0.452700
18803   0.452900
18804   0.452400
18805   0.451600
18806   0.450400
18807   0.450700
18808   0.449700
18809   0.450600
18810   0.450300
18811   0.449700
18812   0.448000
18813   0.448100
18814   0.448500
18815   0.449200
18816   0.449200
18817   0.449000
18818   0.448200
18819   0.449300
18820   0.449300
18821   0.449000
18822   0.449000
18823   0.448900
18824   0.449300
18825   0.449500
18826   0.449100
18827   0.448700
18828   0.448900
18829   0.448600
18830   0.448600
18831   0.448600
18832   0.448000
18833   0.447600
18834   0.447400
18835   0.448500
18836   0.447400
18837   0.447600
18838   0.447500
18839   0.448600
18840   0.449100
18841   0.448700
18842   0.448300
18843   0.449000
18844   0.449300
18845   0.449300
18846   0.448800
18847   0.451100
18848   0.452300
18849   0.453000
18850   0.454100
18851   0.454700
18852   0.454900
18853   0.455800
18854   0.455500
18855   0.455900
18856   0.455600
18857   0.457200
18858   0.457600
18859   0.458300
18860   0.459400
18861   0.458500
18862   0.458900
18863   0.459500
18864   0.459900
18865   0.460700
18866   0.460900
18867   0.461300
18868   0.461100
18869   0.461000
18870   0.460900
18871   0.462100
18872   0.461600
18873   0.461400
18874   0.461300
18875   0.460400
18876   0.459900
18877   0.459500
18878   0.459100
18879   0.458700
18880   0.459600
18881   0.459500
18882   0.459600
18883   0.459300
18884   0.458800
18885   0.459000
18886   0.460000
18887   0.459900
18888   0.459000
18889   0.458600
18890   0.459600
18891   0.458800
18892   0.458300
18893   0.459600
18894   0.459000
18895   0.459700
18896   0.458500
18897   0.458600
18898   0.458700
18899   0.458500
18900   0.458300
18901   0.456900
18902   0.457300
18903   0.456300
18904   0.456000
18905   0.455200
18906   0.454700
18907   0.455500
18908   0.455500
18909   0.454800
18910   0.453900
18911   0.454600
18912   0.454100
18913   0.453400
18914   0.453400
18915   0.453200
18916   0.453900
18917   0.454300
18918   0.453300
18919   0.452900
18920   0.453300
18921   0.453700
18922   0.453800
18923   0.453900
18924   0.453500
18925   0.454100
18926   0.454000
18927   0.452800
18928   0.453800
18929   0.453700
18930   0.454300
18931   0.455700
18932   0.455400
18933   0.455200
18934   0.456200
18935   0.455300
18936   0.455700
18937   0.456000
18938   0.456600
18939   0.456700
18940   0.456800
18941   0.457500
18942   0.457800
18943   0.458800
18944   0.458800
18945   0.459100
18946   0.459000
18947   0.459600
18948   0.458600
18949   0.458100
18950   0.458100
18951   0.456500
18952   0.456400
18953   0.456300
18954   0.457100
18955   0.455900
18956   0.455200
18957   0.455200
18958   0.455900
18959   0.455000
18960   0.454300
18961   0.453700
18962   0.454700
18963   0.454000
18964   0.455200
18965   0.455800
18966   0.455800
18967   0.454800
18968   0.454400
18969   0.454500
18970   0.455400
18971   0.455800
18972   0.454100
18973   0.453800
18974   0.453100
18975   0.453200
18976   0.453300
18977   0.453400
18978   0.454100
18979   0.452900
18980   0.453000
18981   0.452200
18982   0.450700
18983   0.450900
18984   0.451600
18985   0.450900
18986   0.451800
18987   0.452300
18988   0.452600
18989   0.453200
18990   0.452700
18991   0.452400
18992   0.452400
18993   0.452400
18994   0.452600
18995   0.453000
18996   0.452900
18997   0.453400
18998   0.453700
18999   0.454000
19000   0.453600
19001   0.453500
19002   0.452200
19003   0.451500
19004   0.451200
19005   0.451500
19006   0.450200
19007   0.450900
19008   0.451500
19009   0.450600
19010   0.450700
19011   0.449600
19012   0.449000
19013   0.449900
19014   0.449300
19015   0.449300
19016   0.449800
19017   0.449500
19018   0.449500
19019   0.449300
19020   0.449400
19021   0.448600
19022   0.448300
19023   0.449300
19024   0.449100
19025   0.448900
19026   0.449000
19027   0.449200
19028   0.448600
19029   0.448900
19030   0.448800
19031   0.449300
19032   0.448100
19033   0.448600
19034   0.448800
19035   0.449900
19036   0.450500
19037   0.449900
19038   0.449600
19039   0.449100
19040   0.448600
19041   0.448400
19042   0.447100
19043   0.447500
19044   0.446700
19045   0.445500
19046   0.444900
19047   0.444400
19048   0.444600
19049   0.444100
19050   0.442900
19051   0.443000
19052   0.443200
19053   0.444400
19054   0.445200
19055   0.445700
19056   0.446200
19057   0.445800
19058   0.446800
19059   0.447000
19060   0.447700
19061   0.447100
19062   0.447400
19063   0.448000
19064   0.447900
19065   0.449200
19066   0.448600
19067   0.449400
19068   0.450200
19069   0.450400
19070   0.450200
19071   0.450100
19072   0.450400
19073   0.449400
19074   0.449000
19075   0.448800
19076   0.449400
19077   0.449500
19078   0.448300
19079   0.447800
19080   0.447100
19081   0.447000
19082   0.446900
19083   0.447500
19084   0.447900
19085   0.448000
19086   0.447600
19087   0.447600
19088   0.446500
19089   0.445800
19090   0.444300
19091   0.444800
19092   0.445100
19093   0.445600
19094   0.444800
19095   0.443900
19096   0.444100
19097   0.444300
19098   0.444200
19099   0.444600
19100   0.443300
19101   0.443200
19102   0.443000
19103   0.443400
19104   0.444200
19105   0.444100
19106   0.444000
19107   0.445300
19108   0.445500
19109   0.446500
19110   0.446200
19111   0.446800
19112   0.447100
19113   0.446500
19114   0.445800
19115   0.446100
19116   0.447200
19117   0.447900
19118   0.446200
19119   0.446300
19120   0.446400
19121   0.447700
19122   0.447900
19123   0.447500
19124   0.447800
19125   0.448300
19126   0.448000
19127   0.447500
19128   0.447500
19129   0.447600
19130   0.448400
19131   0.448600
19132   0.448700
19133   0.446900
19134   0.448600
19135   0.449300
19136   0.448400
19137   0.448500
19138   0.449100
19139   0.448700
19140   0.448200
19141   0.448100
19142   0.447600
19143   0.449000
19144   0.448800
19145   0.447900
19146   0.447900
19147   0.448100
19148   0.447200
19149   0.448100
19150   0.448700
19151   0.447700
19152   0.448300
19153   0.448500
19154   0.449400
19155   0.448700
19156   0.449500
19157   0.450000
19158   0.449100
19159   0.449600
19160   0.450300
19161   0.449500
19162   0.449900
19163   0.451700
19164   0.451300
19165   0.451200
19166   0.450800
19167   0.451100
19168   0.451300
19169   0.450500
19170   0.451300
19171   0.451400
19172   0.452000
19173   0.451900
19174   0.452300
19175   0.452600
19176   0.453100
19177   0.454100
19178   0.454700
19179   0.454800
19180   0.454600
19181   0.455100
19182   0.454900
19183   0.456200
19184   0.456700
19185   0.456300
19186   0.456200
19187   0.456200
19188   0.456100
19189   0.455900
19190   0.455800
19191   0.455300
19192   0.455400
19193   0.455000
19194   0.454100
19195   0.454700
19196   0.455500
19197   0.455200
19198   0.456100
19199   0.456400
19200   0.456700
19201   0.456100
19202   0.455100
19203   0.454700
19204   0.455000
19205   0.454300
19206   0.453900
19207   0.453600
19208   0.453800
19209   0.454800
19210   0.453400
19211   0.453000
19212   0.453300
19213   0.452800
19214   0.453100
19215   0.452700
19216   0.453400
19217   0.452900
19218   0.453000
19219   0.452700
19220   0.452300
19221   0.453100
19222   0.451900
19223   0.450500
19224   0.449400
19225   0.449700
19226   0.449700
19227   0.448800
19228   0.449600
19229   0.449100
19230   0.449500
19231   0.448500
19232   0.448000
19233   0.447500
19234   0.447700
19235   0.447400
19236   0.447200
19237   0.448500
19238   0.449300
19239   0.449900
19240   0.450200
19241   0.449200
19242   0.448900
19243   0.449500
19244   0.448400
19245   0.448500
19246   0.448700
19247   0.447900
19248   0.447500
19249   0.447600
19250   0.447700
19251   0.447800
19252   0.447800
19253   0.449000
19254   0.449900
19255   0.450100
19256   0.449100
19257   0.448800
19258   0.448900
19259   0.449300
19260   0.450200
19261   0.450200
19262   0.450400
19263   0.450200
19264   0.447900
19265   0.447200
19266   0.448700
19267   0.449400
19268   0.449900
19269   0.450200
19270   0.450700
19271   0.450900
19272   0.451500
19273   0.451300
19274   0.452000
19275   0.451300
19276   0.450800
19277   0.450800
19278   0.450900
19279   0.451600
19280   0.451900
19281   0.452500
19282   0.452500
19283   0.452000
19284   0.450700
19285   0.450900
19286   0.451800
19287   0.452500
19288   0.454100
19289   0.453900
19290   0.454800
19291   0.455300
19292   0.454600
19293   0.454900
19294   0.455000
19295   0.455600
19296   0.454900
19297   0.455000
19298   0.455400
19299   0.454900
19300   0.455500
19301   0.454200
19302   0.454300
19303   0.453900
19304   0.454300
19305   0.454300
19306   0.454600
19307   0.452400
19308   0.452600
19309   0.453500
19310   0.453600
19311   0.454500
19312   0.453900
19313   0.454600
19314   0.454900
19315   0.455100
19316   0.455500
19317   0.454800
19318   0.454100
19319   0.454600
19320   0.455200
19321   0.456000
19322   0.455700
19323   0.456900
19324   0.457000
19325   0.456400
19326   0.456700
19327   0.457200
19328   0.458000
19329   0.458900
19330   0.459200
19331   0.459800
19332   0.460400
19333   0.460900
19334   0.462100
19335   0.461700
19336   0.462300
19337   0.463200
19338   0.463500
19339   0.462500
19340   0.461600
19341   0.461200
19342   0.459900
19343   0.460800
19344   0.460600
19345   0.460300
19346   0.460700
19347   0.461800
19348   0.461400
19349   0.460600
19350   0.460700
19351   0.460200
19352   0.460100
19353   0.459400
19354   0.458100
19355   0.458500
19356   0.458100
19357   0.459100
19358   0.458900
19359   0.458700
19360   0.457900
19361   0.456900
19362   0.456800
19363   0.456000
19364   0.455600
19365   0.455300
19366   0.455500
19367   0.455600
19368   0.454900
19369   0.454200
19370   0.454300
19371   0.453400
19372   0.454500
19373   0.455000
19374   0.455000
19375   0.456200
19376   0.456800
19377   0.456400
19378   0.456300
19379   0.456300
19380   0.455800
19381   0.457100
19382   0.456800
19383   0.457300
19384   0.458300
19385   0.457400
19386   0.457000
19387   0.456300
19388   0.455600
19389   0.454600
19390   0.455100
19391   0.455600
19392   0.455300
19393   0.454800
19394   0.453400
19395   0.452700
19396   0.452400
19397   0.451700
19398   0.450900
19399   0.451200
19400   0.451900
19401   0.451200
19402   0.452200
19403   0.452000
19404   0.452100
19405   0.452900
19406   0.452900
19407   0.454000
19408   0.455700
19409   0.455400
19410   0.455300
19411   0.455000
19412   0.455200
19413   0.456300
19414   0.456300
19415   0.456800
19416   0.457400
19417   0.457800
19418   0.457400
19419   0.457800
19420   0.457400
19421   0.457300
19422   0.456000
19423   0.454700
19424   0.455300
19425   0.454800
19426   0.453500
19427   0.454100
19428   0.453600
19429   0.453400
19430   0.453100
19431   0.452400
19432   0.452400
19433   0.452600
19434   0.452000
19435   0.452900
19436   0.453200
19437   0.454200
19438   0.454200
19439   0.455400
19440   0.454200
19441   0.453300
19442   0.452300
19443   0.451100
19444   0.451000
19445   0.450900
19446   0.450500
19447   0.450500
19448   0.450600
19449   0.450100
19450   0.451000
19451   0.450800
19452   0.451100
19453   0.451600
19454   0.452000
19455   0.452000
19456   0.452100
19457   0.452700
19458   0.451700
19459   0.451200
19460   0.450900
19461   0.451500
19462   0.450900
19463   0.450300
19464   0.450100
19465   0.448400
19466   0.449300
19467   0.448600
19468   0.448700
19469   0.450000
19470   0.449900
19471   0.449100
19472   0.449100
19473   0.447900
19474   0.448400
19475   0.448500
19476   0.447800
19477   0.448300
19478   0.448600
19479   0.446500
19480   0.446400
19481   0.445800
19482   0.445900
19483   0.445200
19484   0.444600
19485   0.445000
19486   0.445700
19487   0.445600
19488   0.445500
19489   0.445600
19490   0.445800
19491   0.445500
19492   0.446600
19493   0.446600
19494   0.445200
19495   0.443500
19496   0.443600
19497   0.444000
19498   0.445000
19499   0.445300
19500   0.445300
19501   0.443800
19502   0.444100
19503   0.442900
19504   0.443500
19505   0.443600
19506   0.443800
19507   0.444100
19508   0.444500
19509   0.444300
19510   0.444200
19511   0.444300
19512   0.444800
19513   0.444200
19514   0.444200
19515   0.444900
19516   0.444900
19517   0.445100
19518   0.445600
19519   0.445800
19520   0.445600
19521   0.445500
19522   0.445200
19523   0.445800
19524   0.445100
19525   0.444300
19526   0.444600
19527   0.444400
19528   0.443400
19529   0.442900
19530   0.444000
19531   0.444200
19532   0.444300
19533   0.444000
19534   0.443700
19535   0.443800
19536   0.444300
19537   0.443600
19538   0.444200
19539   0.445100
19540   0.445800
19541   0.447500
19542   0.448200
19543   0.447900
19544   0.447800
19545   0.447700
19546   0.448700
19547   0.449200
19548   0.449400
19549   0.448800
19550   0.449000
19551   0.449300
19552   0.447900
19553   0.447000
19554   0.448000
19555   0.447200
19556   0.447600
19557   0.447500
19558   0.446900
19559   0.447400
19560   0.445800
19561   0.446000
19562   0.445700
19563   0.446600
19564   0.447500
19565   0.447500
19566   0.448800
19567   0.449800
19568   0.449700
19569   0.449500
19570   0.450300
19571   0.451400
19572   0.450200
19573   0.449600
19574   0.450200
19575   0.450800
19576   0.450900
19577   0.450900
19578   0.450900
19579   0.451700
19580   0.452800
19581   0.452200
19582   0.452700
19583   0.452800
19584   0.454100
19585   0.454400
19586   0.454900
19587   0.455500
19588   0.456200
19589   0.456300
19590   0.457000
19591   0.456600
19592   0.456400
19593   0.456500
19594   0.457300
19595   0.456800
19596   0.456900
19597   0.457500
19598   0.456300
19599   0.456500
19600   0.457900
19601   0.457700
19602   0.457200
19603   0.458200
19604   0.458600
19605   0.458300
19606   0.457200
19607   0.458100
19608   0.457500
19609   0.457500
19610   0.457700
19611   0.457700
19612   0.457800
19613   0.456600
19614   0.457100
19615   0.457800
19616   0.458100
19617   0.458000
19618   0.458100
19619   0.457600
19620   0.457500
19621   0.456700
19622   0.457000
19623   0.456500
19624   0.457300
19625   0.457000
19626   0.456900
19627   0.458100
19628   0.458600
19629   0.458800
19630   0.458600
19631   0.458100
19632   0.458700
19633   0.459200
19634   0.459100
19635   0.460800
19636   0.460700
19637   0.460800
19638   0.461200
19639   0.461000
19640   0.460900
19641   0.460700
19642   0.462000
19643   0.461300
19644   0.460800
19645   0.461000
19646   0.461400
19647   0.461600
19648   0.462300
19649   0.461800
19650   0.460700
19651   0.461400
19652   0.462800
19653   0.462600
19654   0.464100
19655   0.464400
19656   0.463300
19657   0.462300
19658   0.462700
19659   0.463000
19660   0.462200
19661   0.462300
19662   0.462400
19663   0.462300
19664   0.461800
19665   0.461800
19666   0.460700
19667   0.460200
19668   0.461100
19669   0.461300
19670   0.461900
19671   0.462700
19672   0.464200
19673   0.464800
19674   0.464800
19675   0.463800
19676   0.463700
19677   0.463300
19678   0.463800
19679   0.464100
19680   0.463800
19681   0.463100
19682   0.463800
19683   0.463400
19684   0.462500
19685   0.462800
19686   0.463100
19687   0.461800
19688   0.461700
19689   0.461600
19690   0.461900
19691   0.462100
19692   0.462300
19693   0.462300
19694   0.461500
19695   0.461100
19696   0.459200
19697   0.461200
19698   0.461200
19699   0.460000
19700   0.459700
19701   0.459200
19702   0.458700
19703   0.458000
19704   0.458100
19705   0.458300
19706   0.458200
19707   0.458500
19708   0.458200
19709   0.458000
19710   0.458500
19711   0.458300
19712   0.458800
19713   0.459300
19714   0.459100
19715   0.459200
19716   0.458700
19717   0.458200
19718   0.458200
19719   0.458800
19720   0.458800
19721   0.458400
19722   0.458700
19723   0.458400
19724   0.458600
19725   0.458100
19726   0.458100
19727   0.457900
19728   0.457700
19729   0.458000
19730   0.457000
19731   0.457200
19732   0.457900
19733   0.458300
19734   0.458200
19735   0.457500
19736   0.457300
19737   0.458100
19738   0.457900
19739   0.458100
19740   0.457900
19741   0.459000
19742   0.458200
19743   0.457700
19744   0.457700
19745   0.457700
19746   0.457400
19747   0.458500
19748   0.458500
19749   0.457700
19750   0.457400
19751   0.456100
19752   0.456100
19753   0.455700
19754   0.455100
19755   0.456000
19756   0.456100
19757   0.455600
19758   0.455100
19759   0.456700
19760   0.455000
19761   0.454900
19762   0.454600
19763   0.454200
19764   0.454000
19765   0.453500
19766   0.453200
19767   0.453000
19768   0.452800
19769   0.452200
19770   0.452600
19771   0.453200
19772   0.453300
19773   0.453700
19774   0.453400
19775   0.453000
19776   0.454000
19777   0.453200
19778   0.454300
19779   0.454500
19780   0.455700
19781   0.455400
19782   0.455700
19783   0.456100
19784   0.456100
19785   0.456800
19786   0.456800
19787   0.456900
19788   0.456200
19789   0.455200
19790   0.454400
19791   0.453700
19792   0.453400
19793   0.454500
19794   0.454500
19795   0.454900
19796   0.454400
19797   0.455700
19798   0.456200
19799   0.456000
19800   0.455500
19801   0.454100
19802   0.453100
19803   0.453900
19804   0.453400
19805   0.453300
19806   0.452400
19807   0.452000
19808   0.452200
19809   0.452700
19810   0.452500
19811   0.452400
19812   0.451300
19813   0.451200
19814   0.451400
19815   0.451000
19816   0.451100
19817   0.450600
19818   0.450300
19819   0.449200
19820   0.449000
19821   0.449700
19822   0.448800
19823   0.449200
19824   0.449300
19825   0.448000
19826   0.447900
19827   0.448300
19828   0.448500
19829   0.448300
19830   0.449700
19831   0.449600
19832   0.450200
19833   0.450100
19834   0.450300
19835   0.450500
19836   0.450200
19837   0.449100
19838   0.448900
19839   0.450100
19840   0.451800
19841   0.452800
19842   0.452500
19843   0.453200
19844   0.452900
19845   0.452600
19846   0.452100
19847   0.451700
19848   0.451300
19849   0.449800
19850   0.450100
19851   0.450500
19852   0.451700
19853   0.450600
19854   0.450800
19855   0.452100
19856   0.452900
19857   0.453200
19858   0.453400
19859   0.454900
19860   0.455000
19861   0.454300
19862   0.455900
19863   0.455800
19864   0.455400
19865   0.455700
19866   0.456000
19867   0.456000
19868   0.454800
19869   0.454700
19870   0.452900
19871   0.452400
19872   0.450300
19873   0.449600
19874   0.449800
19875   0.450600
19876   0.450400
19877   0.449900
19878   0.448800
19879   0.449000
19880   0.448800
19881   0.449500
19882   0.447900
19883   0.447100
19884   0.448000
19885   0.448700
19886   0.448500
19887   0.447500
19888   0.447800
19889   0.447900
19890   0.448000
19891   0.447400
19892   0.446300
19893   0.445800
19894   0.446400
19895   0.446700
19896   0.446600
19897   0.448300
19898   0.447600
19899   0.447500
19900   0.447800
19901   0.448600
19902   0.448600
19903   0.448200
19904   0.448200
19905   0.446700
19906   0.447100
19907   0.446700
19908   0.447400
19909   0.448900
19910   0.448100
19911   0.448300
19912   0.449100
19913   0.449500
19914   0.449600
19915   0.449900
19916   0.451000
19917   0.450700
19918   0.450700
19919   0.450300
19920   0.450900
19921   0.450000
19922   0.450900
19923   0.451800
19924   0.451800
19925   0.450700
19926   0.450500
19927   0.450700
19928   0.451700
19929   0.452200
19930   0.452400
19931   0.452000
19932   0.450700
19933   0.450600
19934   0.451500
19935   0.450900
19936   0.450500
19937   0.450100
19938   0.449800
19939   0.448900
19940   0.448300
19941   0.447500
19942   0.446700
19943   0.447600
19944   0.448100
19945   0.448900
19946   0.448200
19947   0.447400
19948   0.446000
19949   0.446000
19950   0.445300
19951   0.445500
19952   0.446100
19953   0.446200
19954   0.445000
19955   0.444900
19956   0.445500
19957   0.446100
19958   0.445800
19959   0.445600
19960   0.445700
19961   0.445900
19962   0.446200
19963   0.445600
19964   0.445800
19965   0.446300
19966   0.444900
19967   0.445700
19968   0.444600
19969   0.443800
19970   0.443800
19971   0.443800
19972   0.443500
19973   0.443900
19974   0.444200
19975   0.445900
19976   0.446400
19977   0.446100
19978   0.447400
19979   0.447000
19980   0.448000
19981   0.448100
19982   0.448900
19983   0.448600
19984   0.448900
19985   0.449300
19986   0.449200
19987   0.448700
19988   0.448200
19989   0.448300
19990   0.449400
19991   0.448800
19992   0.449000
19993   0.448800
19994   0.448100
19995   0.448400
19996   0.449200
19997   0.449400
19998   0.449900
19999   0.449700
20000   0.450900
20001   0.450600
20002   0.450700
20003   0.450600
20004   0.450600
20005   0.450200
20006   0.449500
20007   0.449400
20008   0.449400
20009   0.449200
20010   0.449100
20011   0.450700
20012   0.450100
20013   0.449100
20014   0.448500
20015   0.448900
20016   0.449400
20017   0.449400
20018   0.449800
20019   0.450100
20020   0.450500
20021   0.450500
20022   0.450500
20023   0.450300
20024   0.450300
20025   0.450200
20026   0.449300
20027   0.449700
20028   0.450400
20029   0.451300
20030   0.450600
20031   0.451200
20032   0.450300
20033   0.449800
20034   0.449900
20035   0.450700
20036   0.450600
20037   0.450900
20038   0.451400
20039   0.451400
20040   0.451400
20041   0.451900
20042   0.453100
20043   0.453700
20044   0.453400
20045   0.453300
20046   0.454400
20047   0.454500
20048   0.454500
20049   0.455100
20050   0.454400
20051   0.454300
20052   0.454100
20053   0.453100
20054   0.453400
20055   0.452800
20056   0.452800
20057   0.452700
20058   0.452400
20059   0.452500
20060   0.451900
20061   0.451400
20062   0.450700
20063   0.450100
20064   0.449000
20065   0.448400
20066   0.449000
20067   0.448600
20068   0.448200
20069   0.448300
20070   0.448100
20071   0.447900
20072   0.447200
20073   0.446400
20074   0.446300
20075   0.446400
20076   0.447000
20077   0.445300
20078   0.446300
20079   0.446800
20080   0.447300
20081   0.446900
20082   0.447900
20083   0.447400
20084   0.447000
20085   0.447300
20086   0.447300
20087   0.447500
20088   0.447600
20089   0.446100
20090   0.446500
20091   0.445900
20092   0.446800
20093   0.446700
20094   0.446800
20095   0.446200
20096   0.446700
20097   0.447700
20098   0.448000
20099   0.449500
20100   0.450700
20101   0.450100
20102   0.450600
20103   0.450600
20104   0.450200
20105   0.450900
20106   0.450600
20107   0.449400
20108   0.449800
20109   0.449400
20110   0.449900
20111   0.450000
20112   0.451900
20113   0.451900
20114   0.450200
20115   0.449800
20116   0.449600
20117   0.449800
20118   0.450200
20119   0.450000
20120   0.450200
20121   0.450500
20122   0.450800
20123   0.450500
20124   0.449400
20125   0.450200
20126   0.450400
20127   0.450500
20128   0.450700
20129   0.449500
20130   0.449300
20131   0.449900
20132   0.449800
20133   0.450400
20134   0.450000
20135   0.450900
20136   0.449300
20137   0.450500
20138   0.450700
20139   0.451500
20140   0.451700
20141   0.450400
20142   0.449900
20143   0.449600
20144   0.449700
20145   0.448800
20146   0.448900
20147   0.449600
20148   0.448900
20149   0.448000
20150   0.448000
20151   0.448100
20152   0.447300
20153   0.447400
20154   0.447800
20155   0.448400
20156   0.448200
20157   0.448700
20158   0.448600
20159   0.448400
20160   0.448700
20161   0.448700
20162   0.448300
20163   0.448600
20164   0.448500
20165   0.447900
20166   0.448300
20167   0.447600
20168   0.447300
20169   0.447400
20170   0.448900
20171   0.450000
20172   0.451200
20173   0.451000
20174   0.451300
20175   0.452200
20176   0.451800
20177   0.451600
20178   0.452500
20179   0.451400
20180   0.452900
20181   0.452400
20182   0.453300
20183   0.453500
20184   0.453600
20185   0.453100
20186   0.452500
20187   0.453200
20188   0.453300
20189   0.453200
20190   0.452300
20191   0.452200
20192   0.452900
20193   0.452700
20194   0.452200
20195   0.452500
20196   0.452000
20197   0.452400
20198   0.452500
20199   0.452200
20200   0.452100
20201   0.452600
20202   0.452400
20203   0.453300
20204   0.454000
20205   0.454700
20206   0.453800
20207   0.454800
20208   0.456300
20209   0.456300
20210   0.455700
20211   0.455200
20212   0.455900
20213   0.454800
20214   0.456200
20215   0.456700
20216   0.456300
20217   0.455900
20218   0.455400
20219   0.455500
20220   0.454600
20221   0.455600
20222   0.455700
20223   0.455100
20224   0.455100
20225   0.455200
20226   0.455600
20227   0.455200
20228   0.455000
20229   0.455500
20230   0.454700
20231   0.455700
20232   0.456800
20233   0.459100
20234   0.459000
20235   0.459200
20236   0.459900
20237   0.460200
20238   0.460600
20239   0.460900
20240   0.461700
20241   0.461200
20242   0.461100
20243   0.461800
20244   0.463200
20245   0.463900
20246   0.463800
20247   0.464500
20248   0.464500
20249   0.464900
20250   0.464100
20251   0.464200
20252   0.463600
20253   0.463700
20254   0.464100
20255   0.464100
20256   0.463200
20257   0.463200
20258   0.462700
20259   0.462400
20260   0.462900
20261   0.463000
20262   0.462800
20263   0.462900
20264   0.462900
20265   0.463700
20266   0.463700
20267   0.463800
20268   0.463700
20269   0.463600
20270   0.463500
20271   0.462700
20272   0.463600
20273   0.463900
20274   0.464200
20275   0.463300
20276   0.463700
20277   0.463600
20278   0.464000
20279   0.464000
20280   0.463000
20281   0.462700
20282   0.463100
20283   0.463700
20284   0.463600
20285   0.464900
20286   0.463700
20287   0.464400
20288   0.463900
20289   0.463700
20290   0.462800
20291   0.463000
20292   0.461800
20293   0.462000
20294   0.461000
20295   0.460600
20296   0.461400
20297   0.461900
20298   0.463700
20299   0.463100
20300   0.463200
20301   0.463600
20302   0.463700
20303   0.464000
20304   0.464700
20305   0.466300
20306   0.466600
20307   0.466300
20308   0.466600
20309   0.467100
20310   0.467300
20311   0.467200
20312   0.469200
20313   0.468000
20314   0.469100
20315   0.469700
20316   0.469500
20317   0.470600
20318   0.470500
20319   0.469700
20320   0.471400
20321   0.470900
20322   0.470100
20323   0.470300
20324   0.469900
20325   0.469500
20326   0.468900
20327   0.469000
20328   0.468600
20329   0.468000
20330   0.468100
20331   0.468100
20332   0.469500
20333   0.470100
20334   0.470900
20335   0.470500
20336   0.470400
20337   0.470700
20338   0.471500
20339   0.471000
20340   0.471500
20341   0.470500
20342   0.470800
20343   0.470900
20344   0.469200
20345   0.469400
20346   0.469200
20347   0.469600
20348   0.469600
20349   0.469900
20350   0.470000
20351   0.469400
20352   0.468600
20353   0.468600
20354   0.469100
20355   0.469000
20356   0.470400
20357   0.470100
20358   0.470000
20359   0.468900
20360   0.468800
20361   0.469600
20362   0.470900
20363   0.469800
20364   0.470100
20365   0.470500
20366   0.470400
20367   0.469900
20368   0.469600
20369   0.469300
20370   0.469600
20371   0.469600
20372   0.470200
20373   0.471300
20374   0.471300
20375   0.471700
20376   0.471900
20377   0.471300
20378   0.471000
20379   0.470200
20380   0.470800
20381   0.469800
20382   0.469600
20383   0.469800
20384   0.469500
20385   0.469600
20386   0.469900
20387   0.470200
20388   0.470200
20389   0.469700
20390   0.469800
20391   0.469700
20392   0.469000
20393   0.468600
20394   0.468700
20395   0.469000
20396   0.469000
20397   0.468600
20398   0.469200
20399   0.469200
20400   0.468500
20401   0.468100
20402   0.468300
20403   0.467600
20404   0.467800
20405   0.468100
20406   0.468400
20407   0.467000
20408   0.467400
20409   0.467800
20410   0.468000
20411   0.468800
20412   0.468800
20413   0.469600
20414   0.469300
20415   0.469800
20416   0.468900
20417   0.468600
20418   0.468700
20419   0.469100
20420   0.470200
20421   0.469600
20422   0.469800
20423   0.470000
20424   0.468600
20425   0.467500
20426   0.467200
20427   0.468000
20428   0.468200
20429   0.468400
20430   0.468400
20431   0.468600
20432   0.469500
20433   0.468100
20434   0.468300
20435   0.469600
20436   0.469000
20437   0.470200
20438   0.470800
20439   0.470200
20440   0.470200
20441   0.470700
20442   0.472300
20443   0.472200
20444   0.472000
20445   0.472500
20446   0.473300
20447   0.473300
20448   0.472400
20449   0.472600
20450   0.472200
20451   0.471700
20452   0.471400
20453   0.472000
20454   0.473500
20455   0.473500
20456   0.473700
20457   0.473900
20458   0.474500
20459   0.475300
20460   0.475900
20461   0.476100
20462   0.476200
20463   0.477200
20464   0.477200
20465   0.475800
20466   0.474400
20467   0.475300
20468   0.475800
20469   0.475800
20470   0.475600
20471   0.474700
20472   0.474100
20473   0.473200
20474   0.473600
20475   0.475200
20476   0.475100
20477   0.474900
20478   0.475100
20479   0.476000
20480   0.477800
20481   0.478300
20482   0.477400
20483   0.477200
20484   0.476600
20485   0.477200
20486   0.476500
20487   0.477000
20488   0.475700
20489   0.475500
20490   0.476900
20491   0.477100
20492   0.476700
20493   0.476200
20494   0.476600
20495   0.475600
20496   0.476600
20497   0.477000
20498   0.478400
20499   0.477700
20500   0.477000
20501   0.476700
20502   0.475600
20503   0.475600
20504   0.476800
20505   0.477300
20506   0.477400
20507   0.477400
20508   0.476200
20509   0.477000
20510   0.476500
20511   0.477500
20512   0.477800
20513   0.477200
20514   0.477200
20515   0.479000
20516   0.478400
20517   0.480000
20518   0.479200
20519   0.479200
20520   0.480100
20521   0.480000
20522   0.480300
20523   0.478700
20524   0.479700
20525   0.480000
20526   0.479800
20527   0.479200
20528   0.479100
20529   0.477900
20530   0.477900
20531   0.477100
20532   0.477600
20533   0.478100
20534   0.478100
20535   0.478300
20536   0.479000
20537   0.477200
20538   0.476700
20539   0.476700
20540   0.477000
20541   0.477000
20542   0.476600
20543   0.476100
20544   0.474400
20545   0.474600
20546   0.473900
20547   0.474000
20548   0.472800
20549   0.472100
20550   0.472700
20551   0.473000
20552   0.473100
20553   0.473700
20554   0.472600
20555   0.472400
20556   0.472000
20557   0.471700
20558   0.471000
20559   0.471200
20560   0.470900
20561   0.469900
20562   0.470200
20563   0.471300
20564   0.470900
20565   0.470900
20566   0.470600
20567   0.471300
20568   0.471700
20569   0.471500
20570   0.471600
20571   0.471700
20572   0.472400
20573   0.472700
20574   0.472100
20575   0.472000
20576   0.472200
20577   0.472800
20578   0.473500
20579   0.472500
20580   0.472300
20581   0.471500
20582   0.471400
20583   0.470900
20584   0.470800
20585   0.470500
20586   0.469300
20587   0.469700
20588   0.469400
20589   0.470100
20590   0.469800
20591   0.469100
20592   0.468800
20593   0.469500
20594   0.469300
20595   0.469500
20596   0.470300
20597   0.470100
20598   0.469100
20599   0.468800
20600   0.468900
20601   0.468400
20602   0.469500
20603   0.470400
20604   0.471300
20605   0.471600
20606   0.472800
20607   0.472300
20608   0.472300
20609   0.472600
20610   0.472600
20611   0.471800
20612   0.472700
20613   0.473300
20614   0.473000
20615   0.473100
20616   0.472000
20617   0.473100
20618   0.472400
20619   0.471900
20620   0.472200
20621   0.473300
20622   0.472700
20623   0.472100
20624   0.472500
20625   0.471900
20626   0.471400
20627   0.471600
20628   0.471900
20629   0.471300
20630   0.470900
20631   0.471100
20632   0.471500
20633   0.472100
20634   0.472000
20635   0.472800
20636   0.471200
20637   0.471100
20638   0.470600
20639   0.469300
20640   0.471200
20641   0.473000
20642   0.473700
20643   0.474900
20644   0.475700
20645   0.475800
20646   0.476000
20647   0.477600
20648   0.478800
20649   0.478800
20650   0.479200
20651   0.479100
20652   0.479700
20653   0.480000
20654   0.479900
20655   0.480100
20656   0.480400
20657   0.481000
20658   0.482000
20659   0.482300
20660   0.480000
20661   0.480400
20662   0.480100
20663   0.480000
20664   0.479500
20665   0.479900
20666   0.480200
20667   0.478500
20668   0.478300
20669   0.477700
20670   0.476400
20671   0.476500
20672   0.476900
20673   0.476700
20674   0.476200
20675   0.475300
20676   0.475300
20677   0.476000
20678   0.476600
20679   0.475500
20680   0.475400
20681   0.476300
20682   0.476600
20683   0.476300
20684   0.477100
20685   0.476000
20686   0.476500
20687   0.476800
20688   0.477500
20689   0.478200
20690   0.478400
20691   0.478100
20692   0.478600
20693   0.478800
20694   0.478700
20695   0.478500
20696   0.477600
20697   0.478300
20698   0.479600
20699   0.479400
20700   0.479100
20701   0.479000
20702   0.478800
20703   0.479800
20704   0.480100
20705   0.480700
20706   0.481000
20707   0.481200
20708   0.480900
20709   0.482500
20710   0.482300
20711   0.482800
20712   0.482300
20713   0.484300
20714   0.483100
20715   0.483600
20716   0.483400
20717   0.484300
20718   0.484300
20719   0.484300
20720   0.485000
20721   0.485100
20722   0.485100
20723   0.486200
20724   0.485800
20725   0.486700
20726   0.487100
20727   0.486800
20728   0.486400
20729   0.486400
20730   0.487600
20731   0.488300
20732   0.488400
20733   0.487800
20734   0.488200
20735   0.488000
20736   0.487400
20737   0.486900
20738   0.487700
20739   0.486500
20740   0.485800
20741   0.485800
20742   0.487000
20743   0.486600
20744   0.487600
20745   0.488700
20746   0.488000
20747   0.488000
20748   0.488400
20749   0.488500
20750   0.488700
20751   0.489100
20752   0.489500
20753   0.489500
20754   0.491200
20755   0.490000
20756   0.490100
20757   0.489800
20758   0.489200
20759   0.489400
20760   0.490700
20761   0.490700
20762   0.490700
20763   0.491200
20764   0.491900
20765   0.491400
20766   0.492000
20767   0.491900
20768   0.491900
20769   0.492400
20770   0.492500
20771   0.493600
20772   0.493800
20773   0.494100
20774   0.495100
20775   0.495900
20776   0.494900
20777   0.494900
20778   0.494500
20779   0.493200
20780   0.493300
20781   0.492900
20782   0.494300
20783   0.494200
20784   0.493500
20785   0.494800
20786   0.494500
20787   0.495200
20788   0.494300
20789   0.494600
20790   0.495400
20791   0.495300
20792   0.496300
20793   0.496900
20794   0.495900
20795   0.496600
20796   0.497100
20797   0.497400
20798   0.499100
20799   0.499300
20800   0.499500
20801   0.498500
20802   0.497400
20803   0.497800
20804   0.497500
20805   0.497500
20806   0.497900
20807   0.497400
20808   0.497600
20809   0.498000
20810   0.496700
20811   0.496900
20812   0.497300
20813   0.498200
20814   0.498500
20815   0.499400
20816   0.499000
20817   0.498900
20818   0.498800
20819   0.499000
20820   0.498000
20821   0.498300
20822   0.497500
20823   0.498900
20824   0.498600
20825   0.498400
20826   0.499400
20827   0.499100
20828   0.498500
20829   0.497800
20830   0.498200
20831   0.498600
20832   0.498900
20833   0.499200
20834   0.499900
20835   0.500700
20836   0.501200
20837   0.500600
20838   0.500800
20839   0.501200
20840   0.501800
20841   0.502200
20842   0.503100
20843   0.503500
20844   0.502700
20845   0.502700
20846   0.502800
20847   0.502600
20848   0.503300
20849   0.503600
20850   0.504100
20851   0.504700
20852   0.505300
20853   0.506500
20854   0.506600
20855   0.506700
20856   0.506800
20857   0.506800
20858   0.505300
20859   0.504500
20860   0.504100
20861   0.505500
20862   0.505100
20863   0.505400
20864   0.505500
20865   0.505400
20866   0.505000
20867   0.504600
20868   0.504700
20869   0.504700
20870   0.505900
20871   0.506000
20872   0.506200
20873   0.505800
20874   0.505700
20875   0.506700
20876   0.507700
20877   0.507800
20878   0.508700
20879   0.509300
20880   0.510200
20881   0.509600
20882   0.508500
20883   0.509700
20884   0.510100
20885   0.510000
20886   0.510900
20887   0.510900
20888   0.511200
20889   0.511400
20890   0.511000
20891   0.510600
20892   0.510900
20893   0.509700
20894   0.510200
20895   0.510100
20896   0.510700
20897   0.510500
20898   0.511100
20899   0.511600
20900   0.511100
20901   0.510300
20902   0.510300
20903   0.511100
20904   0.512300
20905   0.513300
20906   0.513300
20907   0.513200
20908   0.513400
20909   0.513000
20910   0.514100
20911   0.514300
20912   0.514300
20913   0.514900
20914   0.514500
20915   0.513800
20916   0.513600
20917   0.513400
20918   0.512800
20919   0.514300
20920   0.513100
20921   0.513500
20922   0.514200
20923   0.514200
20924   0.514000
20925   0.514200
20926   0.513700
20927   0.514900
20928   0.514600
20929   0.513900
20930   0.514300
20931   0.514100
20932   0.514200
20933   0.514300
20934   0.515300
20935   0.515300
20936   0.515500
20937   0.515100
20938   0.515800
20939   0.516200
20940   0.516800
20941   0.516600
20942   0.517900
20943   0.518000
20944   0.519500
20945   0.520100
20946   0.520500
20947   0.519800
20948   0.519500
20949   0.519000
20950   0.519100
20951   0.518400
20952   0.518700
20953   0.518300
20954   0.518400
20955   0.518800
20956   0.518000
20957   0.518400
20958   0.519200
20959   0.519200
20960   0.519700
20961   0.519200
20962   0.519200
20963   0.518900
20964   0.518200
20965   0.517600
20966   0.516600
20967   0.515900
20968   0.515800
20969   0.516300
20970   0.516600
20971   0.516500
20972   0.517000
20973   0.516300
20974   0.516500
20975   0.516200
20976   0.517400
20977   0.517500
20978   0.517300
20979   0.516800
20980   0.518100
20981   0.518600
20982   0.519100
20983   0.519500
20984   0.521300
20985   0.520800
20986   0.521000
20987   0.522300
20988   0.523200
20989   0.523000
20990   0.523200
20991   0.523700
20992   0.523700
20993   0.523200
20994   0.523400
20995   0.522600
20996   0.523400
20997   0.524100
20998   0.525400
20999   0.525600
21000   0.526000
21001   0.526400
21002   0.526000
21003   0.526900
21004   0.527300
21005   0.528000
21006   0.527100
21007   0.526800
21008   0.526400
21009   0.526300
21010   0.526800
21011   0.526800
21012   0.527500
21013   0.527900
21014   0.527800
21015   0.527600
21016   0.528200
21017   0.528000
21018   0.528000
21019   0.528500
21020   0.529100
21021   0.530100
21022   0.529100
21023   0.529300
21024   0.529400
21025   0.528200
21026   0.528700
21027   0.529100
21028   0.528900
21029   0.529300
21030   0.528400
21031   0.527500
21032   0.527900
21033   0.526100
21034   0.526400
21035   0.526600
21036   0.526200
21037   0.525900
21038   0.525600
21039   0.525600
21040   0.526000
21041   0.525600
21042   0.525500
21043   0.525000
21044   0.524700
21045   0.525000
21046   0.524900
21047   0.525200
21048   0.526500
21049   0.526600
21050   0.526800
21051   0.526400
21052   0.526900
21053   0.525500
21054   0.524500
21055   0.524300
21056   0.524300
21057   0.523900
21058   0.524600
21059   0.523900
21060   0.524600
21061   0.525000
21062   0.525900
21063   0.525400
21064   0.525800
21065   0.526100
21066   0.527500
21067   0.527800
21068   0.528600
21069   0.528200
21070   0.527000
21071   0.527600
21072   0.527800
21073   0.528300
21074   0.525600
21075   0.525900
21076   0.525400
21077   0.524700
21078   0.525200
21079   0.524100
21080   0.524400
21081   0.524000
21082   0.524000
21083   0.523800
21084   0.523500
21085   0.523500
21086   0.522900
21087   0.523900
21088   0.523900
21089   0.524400
21090   0.525500
21091   0.525100
21092   0.523900
21093   0.523500
21094   0.522700
21095   0.522600
21096   0.522200
21097   0.522400
21098   0.521900
21099   0.521500
21100   0.522700
21101   0.523600
21102   0.522800
21103   0.521200
21104   0.521900
21105   0.521800
21106   0.523400
21107   0.524100
21108   0.523900
21109   0.522800
21110   0.522500
21111   0.522200
21112   0.522000
21113   0.522300
21114   0.524100
21115   0.524400
21116   0.524400
21117   0.524700
21118   0.524400
21119   0.525600
21120   0.525000
21121   0.523900
21122   0.525500
21123   0.525800
21124   0.525600
21125   0.526800
21126   0.528100
21127   0.528500
21128   0.529100
21129   0.528300
21130   0.527300
21131   0.527200
21132   0.528300
21133   0.528100
21134   0.527200
21135   0.526800
21136   0.526000
21137   0.527300
21138   0.527500
21139   0.526900
21140   0.525500
21141   0.525000
21142   0.524300
21143   0.525800
21144   0.526100
21145   0.527000
21146   0.526500
21147   0.527400
21148   0.527700
21149   0.529200
21150   0.529400
21151   0.529300
21152   0.529900
21153   0.529100
21154   0.527800
21155   0.528500
21156   0.529200
21157   0.528700
21158   0.528900
21159   0.528800
21160   0.529400
21161   0.528500
21162   0.527600
21163   0.527800
21164   0.527200
21165   0.527300
21166   0.526700
21167   0.526600
21168   0.526200
21169   0.525700
21170   0.525000
21171   0.524000
21172   0.524000
21173   0.523500
21174   0.523800
21175   0.523600
21176   0.523900
21177   0.523500
21178   0.523100
21179   0.523700
21180   0.524000
21181   0.524400
21182   0.522900
21183   0.523600
21184   0.523900
21185   0.524100
21186   0.523900
21187   0.525000
21188   0.524800
21189   0.525800
21190   0.524700
21191   0.524300
21192   0.524800
21193   0.524800
21194   0.524600
21195   0.524400
21196   0.524600
21197   0.525700
21198   0.525200
21199   0.525100
21200   0.525200
21201   0.524800
21202   0.524600
21203   0.524200
21204   0.525200
21205   0.525800
21206   0.526300
21207   0.526100
21208   0.525600
21209   0.525100
21210   0.524400
21211   0.525700
21212   0.524900
21213   0.525300
21214   0.524900
21215   0.525200
21216   0.524700
21217   0.524400
21218   0.524300
21219   0.524200
21220   0.524300
21221   0.525100
21222   0.525500
21223   0.524700
21224   0.524500
21225   0.524100
21226   0.524300
21227   0.523400
21228   0.522700
21229   0.522500
21230   0.521900
21231   0.522500
21232   0.522300
21233   0.522200
21234   0.523000
21235   0.522800
21236   0.523000
21237   0.522800
21238   0.523900
21239   0.522100
21240   0.522000
21241   0.522900
21242   0.521700
21243   0.522100
21244   0.521600
21245   0.521600
21246   0.520900
21247   0.521300
21248   0.522500
21249   0.521600
21250   0.522100
21251   0.521500
21252   0.521700
21253   0.521600
21254   0.522100
21255   0.522400
21256   0.523700
21257   0.523700
21258   0.524000
21259   0.524600
21260   0.524500
21261   0.523800
21262   0.523800
21263   0.523300
21264   0.523700
21265   0.523800
21266   0.523800
21267   0.523000
21268   0.523000
21269   0.522900
21270   0.523500
21271   0.524100
21272   0.523600
21273   0.523500
21274   0.523500
21275   0.524500
21276   0.525900
21277   0.525400
21278   0.525300
21279   0.525800
21280   0.525100
21281   0.525800
21282   0.525800
21283   0.525900
21284   0.526400
21285   0.524600
21286   0.524300
21287   0.524600
21288   0.524800
21289   0.524900
21290   0.524200
21291   0.523700
21292   0.524700
21293   0.524700
21294   0.525900
21295   0.526600
21296   0.527500
21297   0.528100
21298   0.527900
21299   0.528400
21300   0.527900
21301   0.528600
21302   0.528500
21303   0.529200
21304   0.529600
21305   0.530600
21306   0.528900
21307   0.529000
21308   0.529600
21309   0.529800
21310   0.529600
21311   0.530800
21312   0.530800
21313   0.530300
21314   0.529800
21315   0.530400
21316   0.529700
21317   0.529000
21318   0.528000
21319   0.527800
21320   0.527600
21321   0.526900
21322   0.527600
21323   0.527200
21324   0.527100
21325   0.527600
21326   0.527800
21327   0.528400
21328   0.528500
21329   0.529200
21330   0.529200
21331   0.530000
21332   0.530100
21333   0.529500
21334   0.530300
21335   0.530400
21336   0.530600
21337   0.530900
21338   0.531400
21339   0.531900
21340   0.532600
21341   0.532900
21342   0.534800
21343   0.533600
21344   0.533100
21345   0.532200
21346   0.532300
21347   0.532700
21348   0.531800
21349   0.531300
21350   0.532100
21351   0.532600
21352   0.532600
21353   0.533600
21354   0.532300
21355   0.532400
21356   0.532900
21357   0.532900
21358   0.533400
21359   0.533700
21360   0.533400
21361   0.534000
21362   0.534400
21363   0.534600
21364   0.534900
21365   0.534100
21366   0.534600
21367   0.534500
21368   0.534100
21369   0.533900
21370   0.533900
21371   0.534100
21372   0.534200
21373   0.534300
21374   0.534600
21375   0.534900
21376   0.534800
21377   0.535000
21378   0.533700
21379   0.533400
21380   0.532900
21381   0.532000
21382   0.531700
21383   0.530900
21384   0.530200
21385   0.530300
21386   0.531300
21387   0.530900
21388   0.531600
21389   0.532100
21390   0.531900
21391   0.532000
21392   0.531600
21393   0.531700
21394   0.531700
21395   0.531500
21396   0.531500
21397   0.530500
21398   0.530900
21399   0.531600
21400   0.531900
21401   0.532400
21402   0.531700
21403   0.532400
21404   0.531600
21405   0.532800
21406   0.532300
21407   0.532500
21408   0.533200
21409   0.533700
21410   0.533600
21411   0.532800
21412   0.533200
21413   0.532400
21414   0.531700
21415   0.531700
21416   0.531300
21417   0.531800
21418   0.530500
21419   0.528700
21420   0.528700
21421   0.529200
21422   0.528600
21423   0.527900
21424   0.527700
21425   0.526200
21426   0.527300
21427   0.527900
21428   0.527800
21429   0.529500
21430   0.529900
21431   0.530100
21432   0.530200
21433   0.529700
21434   0.529700
21435   0.529000
21436   0.529800
21437   0.529200
21438   0.529900
21439   0.530900
21440   0.530800
21441   0.531600
21442   0.531400
21443   0.532000
21444   0.531800
21445   0.531700
21446   0.532300
21447   0.531700
21448   0.532200
21449   0.533600
21450   0.534700
21451   0.534800
21452   0.533700
21453   0.534300
21454   0.533400
21455   0.532800
21456   0.532500
21457   0.533300
21458   0.533800
21459   0.533100
21460   0.533300
21461   0.533100
21462   0.532400
21463   0.533000
21464   0.534300
21465   0.534000
21466   0.532700
21467   0.532600
21468   0.532000
21469   0.532500
21470   0.532700
21471   0.532900
21472   0.533000
21473   0.533700
21474   0.534200
21475   0.534400
21476   0.534800
21477   0.535900
21478   0.535800
21479   0.535200
21480   0.535000
21481   0.535800
21482   0.535500
21483   0.534600
21484   0.532000
21485   0.533400
21486   0.533400
21487   0.532700
21488   0.532000
21489   0.531800
21490   0.531300
21491   0.532100
21492   0.532200
21493   0.532200
21494   0.532500
21495   0.532500
21496   0.531400
21497   0.531200
21498   0.531100
21499   0.530400
21500   0.530900
21501   0.530100
21502   0.529000
21503   0.530100
21504   0.530800
21505   0.529300
21506   0.529600
21507   0.529900
21508   0.530000
21509   0.530700
21510   0.530000
21511   0.530400
21512   0.531000
21513   0.530400
21514   0.530100
21515   0.529900
21516   0.529500
21517   0.528900
21518   0.528600
21519   0.529200
21520   0.528900
21521   0.529400
21522   0.530200
21523   0.530000
21524   0.529400
21525   0.529900
21526   0.529500
21527   0.529400
21528   0.530200
21529   0.529300
21530   0.529100
21531   0.529000
21532   0.528200
21533   0.528500
21534   0.529300
21535   0.530200
21536   0.530100
21537   0.529200
21538   0.529300
21539   0.529300
21540   0.528900
21541   0.529000
21542   0.529600
21543   0.530000
21544   0.530400
21545   0.530600
21546   0.531000
21547   0.532100
21548   0.532000
21549   0.533100
21550   0.534700
21551   0.534800
21552   0.534600
21553   0.534800
21554   0.535500
21555   0.537600
21556   0.537000
21557   0.536600
21558   0.535200
21559   0.535400
21560   0.535700
21561   0.535600
21562   0.534200
21563   0.533200
21564   0.533000
21565   0.534300
21566   0.533900
21567   0.534700
21568   0.533800
21569   0.535100
21570   0.535400
21571   0.535400
21572   0.535200
21573   0.534600
21574   0.534700
21575   0.534000
21576   0.534400
21577   0.534500
21578   0.534800
21579   0.533800
21580   0.534000
21581   0.534500
21582   0.534900
21583   0.535000
21584   0.534900
21585   0.534500
21586   0.533900
21587   0.534100
21588   0.533900
21589   0.533400
21590   0.533200
21591   0.532200
21592   0.531200
21593   0.531000
21594   0.529900
21595   0.530200
21596   0.531400
21597   0.532400
21598   0.532300
21599   0.531500
21600   0.532500
21601   0.532000
21602   0.532000
21603   0.532200
21604   0.532400
21605   0.531800
21606   0.530100
21607   0.530900
21608   0.531500
21609   0.531300
21610   0.531200
21611   0.531200
21612   0.531200
21613   0.531200
21614   0.532000
21615   0.531700
21616   0.531100
21617   0.530900
21618   0.530700
21619   0.531200
21620   0.532000
21621   0.532700
21622   0.531600
21623   0.531400
21624   0.531300
21625   0.531100
21626   0.531200
21627   0.530800
21628   0.529500
21629   0.529600
21630   0.528800
21631   0.528900
21632   0.528900
21633   0.528800
21634   0.529600
21635   0.530900
21636   0.531700
21637   0.531900
21638   0.532600
21639   0.533400
21640   0.532000
21641   0.531400
21642   0.532800
21643   0.532600
21644   0.533100
21645   0.534900
21646   0.536700
21647   0.536700
21648   0.536500
21649   0.537400
21650   0.536000
21651   0.535900
21652   0.536000
21653   0.537400
21654   0.537800
21655   0.537400
21656   0.537100
21657   0.536900
21658   0.537200
21659   0.537500
21660   0.539000
21661   0.539300
21662   0.539800
21663   0.539700
21664   0.540300
21665   0.541100
21666   0.541100
21667   0.541700
21668   0.541100
21669   0.542300
21670   0.542800
21671   0.543800
21672   0.543500
21673   0.543400
21674   0.544400
21675   0.545000
21676   0.544100
21677   0.544900
21678   0.543600
21679   0.543300
21680   0.543000
21681   0.543600
21682   0.542700
21683   0.543200
21684   0.543700
21685   0.542700
21686   0.543200
21687   0.543900
21688   0.543500
21689   0.543500
21690   0.543100
21691   0.542300
21692   0.542600
21693   0.541600
21694   0.541500
21695   0.541300
21696   0.541200
21697   0.541500
21698   0.542300
21699   0.541300
21700   0.541300
21701   0.540900
21702   0.540600
21703   0.541000
21704   0.541500
21705   0.540300
21706   0.539300
21707   0.538600
21708   0.538600
21709   0.539200
21710   0.540600
21711   0.539300
21712   0.539200
21713   0.538000
21714   0.538300
21715   0.538900
21716   0.538500
21717   0.538600
21718   0.538300
21719   0.538000
21720   0.539200
21721   0.539200
21722   0.539100
21723   0.538800
21724   0.538400
21725   0.537700
21726   0.537500
21727   0.537200
21728   0.536800
21729   0.535000
21730   0.534300
21731   0.534400
21732   0.534300
21733   0.534600
21734   0.533900
21735   0.533700
21736   0.532600
21737   0.532700
21738   0.532000
21739   0.531600
21740   0.532000
21741   0.531200
21742   0.531100
21743   0.532200
21744   0.531200
21745   0.532200
21746   0.531900
21747   0.532000
21748   0.531900
21749   0.532600
21750   0.533800
21751   0.532500
21752   0.533500
21753   0.532600
21754   0.532800
21755   0.533100
21756   0.532300
21757   0.532100
21758   0.531100
21759   0.530800
21760   0.530000
21761   0.528900
21762   0.528800
21763   0.528900
21764   0.529300
21765   0.529400
21766   0.529600
21767   0.529900
21768   0.530400
21769   0.530200
21770   0.530000
21771   0.530000
21772   0.531000
21773   0.530900
21774   0.530800
21775   0.530000
21776   0.531200
21777   0.530600
21778   0.530100
21779   0.530200
21780   0.530300
21781   0.530800
21782   0.530900
21783   0.530300
21784   0.529900
21785   0.531000
21786   0.530600
21787   0.530800
21788   0.530400
21789   0.530500
21790   0.531100
21791   0.530700
21792   0.530400
21793   0.529700
21794   0.531100
21795   0.532100
21796   0.532200
21797   0.531600
21798   0.532300
21799   0.532000
21800   0.531200
21801   0.530800
21802   0.531500
21803   0.531300
21804   0.532300
21805   0.532800
21806   0.532000
21807   0.532200
21808   0.531400
21809   0.532300
21810   0.531700
21811   0.532600
21812   0.532600
21813   0.532900
21814   0.531000
21815   0.529800
21816   0.529100
21817   0.529500
21818   0.529300
21819   0.529600
21820   0.530700
21821   0.530700
21822   0.530000
21823   0.529800
21824   0.530100
21825   0.530400
21826   0.531400
21827   0.531800
21828   0.532300
21829   0.532000
21830   0.531600
21831   0.531400
21832   0.531000
21833   0.530100
21834   0.529900
21835   0.530500
21836   0.530600
21837   0.531600
21838   0.532100
21839   0.532100
21840   0.533100
21841   0.533100
21842   0.532900
21843   0.533900
21844   0.534300
21845   0.535300
21846   0.536100
21847   0.536500
21848   0.537100
21849   0.538900
21850   0.539200
21851   0.540200
21852   0.540300
21853   0.540300
21854   0.540200
21855   0.540500
21856   0.540700
21857   0.540000
21858   0.540100
21859   0.540000
21860   0.540200
21861   0.540300
21862   0.540300
21863   0.540000
21864   0.539700
21865   0.541500
21866   0.541500
21867   0.541700
21868   0.544100
21869   0.543800
21870   0.544600
21871   0.544500
21872   0.545700
21873   0.546800
21874   0.546200
21875   0.545700
21876   0.545600
21877   0.546100
21878   0.544600
21879   0.545500
21880   0.545000
21881   0.544800
21882   0.543900
21883   0.543400
21884   0.543500
21885   0.543100
21886   0.542600
21887   0.543400
21888   0.543800
21889   0.544500
21890   0.543900
21891   0.543600
21892   0.545300
21893   0.544900
21894   0.546400
21895   0.546900
21896   0.547300
21897   0.548200
21898   0.548100
21899   0.548800
21900   0.549800
21901   0.550100
21902   0.549500
21903   0.548300
21904   0.549000
21905   0.548800
21906   0.547600
21907   0.546700
21908   0.547900
21909   0.548100
21910   0.547800
21911   0.548000
21912   0.548000
21913   0.547200
21914   0.547400
21915   0.547500
21916   0.546500
21917   0.545800
21918   0.545800
21919   0.546300
21920   0.547500
21921   0.547900
21922   0.546700
21923   0.547000
21924   0.547200
21925   0.547400
21926   0.546800
21927   0.547100
21928   0.547600
21929   0.548400
21930   0.548500
21931   0.547900
21932   0.548200
21933   0.547200
21934   0.546600
21935   0.545700
21936   0.545900
21937   0.547100
21938   0.547400
21939   0.548500
21940   0.548600
21941   0.547600
21942   0.547000
21943   0.546900
21944   0.547000
21945   0.546700
21946   0.547400
21947   0.546900
21948   0.547300
21949   0.547600
21950   0.547800
21951   0.548600
21952   0.547200
21953   0.546600
21954   0.547300
21955   0.546900
21956   0.546700
21957   0.546500
21958   0.547300
21959   0.546800
21960   0.546300
21961   0.546300
21962   0.546500
21963   0.546400
21964   0.545700
21965   0.545600
21966   0.546200
21967   0.546500
21968   0.546000
21969   0.546200
21970   0.547000
21971   0.546700
21972   0.546200
21973   0.546900
21974   0.547600
21975   0.546500
21976   0.546600
21977   0.546200
21978   0.546200
21979   0.546900
21980   0.547200
21981   0.546800
21982   0.545900
21983   0.544900
21984   0.546700
21985   0.546900
21986   0.546300
21987   0.547100
21988   0.547300
21989   0.547600
21990   0.547000
21991   0.546700
21992   0.545700
21993   0.546900
21994   0.546800
21995   0.546400
21996   0.546800
21997   0.547500
21998   0.547500
21999   0.547400
22000   0.547000
22001   0.546300
22002   0.546300
22003   0.545700
22004   0.544600
22005   0.545300
22006   0.544600
22007   0.544300
22008   0.544800
22009   0.544400
22010   0.545100
22011   0.545300
22012   0.545200
22013   0.544900
22014   0.544100
22015   0.542900
22016   0.543000
22017   0.543100
22018   0.542000
22019   0.541400
22020   0.541300
22021   0.541300
22022   0.540800
22023   0.541900
22024   0.543100
22025   0.543100
22026   0.543600
22027   0.543700
22028   0.543300
22029   0.542700
22030   0.544100
22031   0.543600
22032   0.544200
22033   0.544100
22034   0.543500
22035   0.543600
22036   0.544000
22037   0.542700
22038   0.542700
22039   0.543200
22040   0.543700
22041   0.544000
22042   0.544000
22043   0.543500
22044   0.543200
22045   0.543800
22046   0.543300
22047   0.544000
22048   0.544000
22049   0.543400
22050   0.542900
22051   0.544500
22052   0.544100
22053   0.543700
22054   0.543000
22055   0.542700
22056   0.544200
22057   0.544800
22058   0.543500
22059   0.544800
22060   0.545900
22061   0.546200
22062   0.546700
22063   0.545500
22064   0.545900
22065   0.545900
22066   0.547200
22067   0.548300
22068   0.547200
22069   0.546000
22070   0.545000
22071   0.544200
22072   0.544000
22073   0.543700
22074   0.544100
22075   0.543600
22076   0.543100
22077   0.543400
22078   0.542700
22079   0.541600
22080   0.541500
22081   0.541900
22082   0.542800
22083   0.541800
22084   0.542200
22085   0.543100
22086   0.542300
22087   0.542300
22088   0.542800
22089   0.543100
22090   0.544400
22091   0.544200
22092   0.545000
22093   0.544500
22094   0.543200
22095   0.543700
22096   0.544800
22097   0.545400
22098   0.545700
22099   0.546800
22100   0.545900
22101   0.545500
22102   0.545400
22103   0.546200
22104   0.546400
22105   0.546800
22106   0.546400
22107   0.546000
22108   0.546100
22109   0.546200
22110   0.547100
22111   0.547900
22112   0.547500
22113   0.546500
22114   0.546200
22115   0.546300
22116   0.545800
22117   0.545500
22118   0.544700
22119   0.545900
22120   0.545400
22121   0.546400
22122   0.545700
22123   0.544900
22124   0.545300
22125   0.546500
22126   0.546600
22127   0.545800
22128   0.547000
22129   0.547500
22130   0.547500
22131   0.549400
22132   0.548600
22133   0.549100
22134   0.548200
22135   0.548000
22136   0.547900
22137   0.548100
22138   0.548200
22139   0.546700
22140   0.546400
22141   0.547100
22142   0.546800
22143   0.548100
22144   0.547300
22145   0.547600
22146   0.547500
22147   0.548200
22148   0.548200
22149   0.547500
22150   0.547300
22151   0.547700
22152   0.547300
22153   0.546800
22154   0.545400
22155   0.545500
22156   0.545500
22157   0.544200
22158   0.543900
22159   0.544100
22160   0.544200
22161   0.545300
22162   0.544900
22163   0.545500
22164   0.546700
22165   0.547300
22166   0.547600
22167   0.548900
22168   0.549400
22169   0.549800
22170   0.549900
22171   0.550300
22172   0.551200
22173   0.552100
22174   0.552700
22175   0.553200
22176   0.553000
22177   0.553400
22178   0.553200
22179   0.552800
22180   0.552900
22181   0.552100
22182   0.553300
22183   0.552800
22184   0.553900
22185   0.553800
22186   0.553900
22187   0.554500
22188   0.554900
22189   0.554200
22190   0.553200
22191   0.554000
22192   0.554600
22193   0.555300
22194   0.556300
22195   0.556100
22196   0.555500
22197   0.556000
22198   0.555900
22199   0.554600
22200   0.554800
22201   0.554800
22202   0.555300
22203   0.555100
22204   0.554700
22205   0.555200
22206   0.555300
22207   0.555700
22208   0.556200
22209   0.556300
22210   0.556000
22211   0.556000
22212   0.555900
22213   0.555200
22214   0.554200
22215   0.553700
22216   0.552700
22217   0.553100
22218   0.554300
22219   0.553900
22220   0.554300
22221   0.553500
22222   0.553600
22223   0.554700
22224   0.553900
22225   0.553600
22226   0.554400
22227   0.554700
22228   0.553700
22229   0.553100
22230   0.552500
22231   0.551500
22232   0.551300
22233   0.551100
22234   0.550900
22235   0.551000
22236   0.550500
22237   0.550700
22238   0.549500
22239   0.548700
22240   0.549000
22241   0.548700
22242   0.548000
22243   0.548300
22244   0.548900
22245   0.549400
22246   0.548000
22247   0.549300
22248   0.549100
22249   0.548400
22250   0.548800
22251   0.548500
22252   0.549000
22253   0.548700
22254   0.549400
22255   0.548600
22256   0.548700
22257   0.548900
22258   0.547800
22259   0.547700
22260   0.548300
22261   0.549100
22262   0.549400
22263   0.549000
22264   0.547500
22265   0.548500
22266   0.549200
22267   0.550000
22268   0.551200
22269   0.550300
22270   0.549700
22271   0.549800
22272   0.550400
22273   0.550000
22274   0.551100
22275   0.549100
22276   0.548200
22277   0.548500
22278   0.549100
22279   0.547900
22280   0.547500
22281   0.546400
22282   0.545400
22283   0.545700
22284   0.545800
22285   0.545400
22286   0.545700
22287   0.545400
22288   0.545000
22289   0.544200
22290   0.543100
22291   0.543000
22292   0.541700
22293   0.541800
22294   0.542100
22295   0.542000
22296   0.542000
22297   0.541900
22298   0.541700
22299   0.542900
22300   0.542700
22301   0.542700
22302   0.542900
22303   0.543100
22304   0.543400
22305   0.542800
22306   0.542300
22307   0.542500
22308   0.541700
22309   0.542800
22310   0.543100
22311   0.543200
22312   0.543400
22313   0.543100
22314   0.543200
22315   0.544100
22316   0.543800
22317   0.543900
22318   0.545800
22319   0.545200
22320   0.544800
22321   0.544400
22322   0.545000
22323   0.544600
22324   0.544900
22325   0.544500
22326   0.544000
22327   0.544600
22328   0.546100
22329   0.546700
22330   0.547900
22331   0.548800
22332   0.549100
22333   0.548600
22334   0.548500
22335   0.548700
22336   0.549500
22337   0.549800
22338   0.550200
22339   0.550500
22340   0.551100
22341   0.550900
22342   0.549900
22343   0.550800
22344   0.551200
22345   0.550600
22346   0.550700
22347   0.551500
22348   0.552600
22349   0.553100
22350   0.553400
22351   0.554600
22352   0.554800
22353   0.555100
22354   0.553300
22355   0.554600
22356   0.554900
22357   0.556000
22358   0.557200
22359   0.557100
22360   0.558300
22361   0.558800
22362   0.559300
22363   0.558000
22364   0.557400
22365   0.558000
22366   0.557300
22367   0.556800
22368   0.557000
22369   0.556900
22370   0.556900
22371   0.557000
22372   0.556600
22373   0.556500
22374   0.556500
22375   0.556500
22376   0.555200
22377   0.555200
22378   0.555700
22379   0.554300
22380   0.553800
22381   0.553800
22382   0.553900
22383   0.554000
22384   0.554000
22385   0.553500
22386   0.554100
22387   0.554500
22388   0.553400
22389   0.553800
22390   0.553800
22391   0.553700
22392   0.553900
22393   0.553800
22394   0.553700
22395   0.554200
22396   0.553800
22397   0.553300
22398   0.552000
22399   0.553200
22400   0.553600
22401   0.553700
22402   0.553100
22403   0.553500
22404   0.554300
22405   0.554900
22406   0.554800
22407   0.555300
22408   0.554900
22409   0.554400
22410   0.554500
22411   0.553400
22412   0.553700
22413   0.553300
22414   0.552900
22415   0.553500
22416   0.551700
22417   0.551700
22418   0.551400
22419   0.551900
22420   0.551200
22421   0.549900
22422   0.549100
22423   0.548500
22424   0.549300
22425   0.549700
22426   0.549800
22427   0.549200
22428   0.549300
22429   0.551500
22430   0.550500
22431   0.550300
22432   0.550100
22433   0.549300
22434   0.549500
22435   0.549600
22436   0.549800
22437   0.550500
22438   0.549200
22439   0.549400
22440   0.549900
22441   0.549800
22442   0.550400
22443   0.550000
22444   0.549100
22445   0.550100
22446   0.549100
22447   0.549300
22448   0.549600
22449   0.549300
22450   0.549700
22451   0.549300
22452   0.550700
22453   0.551200
22454   0.551500
22455   0.552400
22456   0.552400
22457   0.551900
22458   0.551400
22459   0.551000
22460   0.551100
22461   0.551200
22462   0.550700
22463   0.551900
22464   0.551600
22465   0.552600
22466   0.552900
22467   0.553200
22468   0.552800
22469   0.552500
22470   0.553100
22471   0.553000
22472   0.552100
22473   0.551000
22474   0.551200
22475   0.550200
22476   0.551300
22477   0.551400
22478   0.551600
22479   0.551000
22480   0.551900
22481   0.552100
22482   0.552100
22483   0.551600
22484   0.552500
22485   0.553800
22486   0.553900
22487   0.553900
22488   0.552800
22489   0.552400
22490   0.551500
22491   0.551200
22492   0.550500
22493   0.551200
22494   0.551400
22495   0.550000
22496   0.549600
22497   0.550100
22498   0.550100
22499   0.549800
22500   0.550700
22501   0.551400
22502   0.550700
22503   0.549100
22504   0.550100
22505   0.550600
22506   0.551100
22507   0.551500
22508   0.550900
22509   0.550900
22510   0.549900
22511   0.549800
22512   0.549900
22513   0.550000
22514   0.549300
22515   0.547900
22516   0.547200
22517   0.547000
22518   0.548100
22519   0.548300
22520   0.549000
22521   0.549800
22522   0.551200
22523   0.550600
22524   0.550100
22525   0.549400
22526   0.549100
22527   0.549300
22528   0.550200
22529   0.550000
22530   0.549700
22531   0.549200
22532   0.547500
22533   0.548000
22534   0.548400
22535   0.547900
22536   0.547200
22537   0.549000
22538   0.548300
22539   0.547800
22540   0.548300
22541   0.547100
22542   0.547300
22543   0.547800
22544   0.547100
22545   0.546900
22546   0.544800
22547   0.545200
22548   0.543800
22549   0.544400
22550   0.543200
22551   0.542700
22552   0.542000
22553   0.541700
22554   0.540700
22555   0.540700
22556   0.540100
22557   0.539800
22558   0.539800
22559   0.539100
22560   0.539300
22561   0.538000
22562   0.538600
22563   0.538900
22564   0.539000
22565   0.539400
22566   0.538700
22567   0.538200
22568   0.538800
22569   0.538800
22570   0.539200
22571   0.537700
22572   0.538400
22573   0.538500
22574   0.539800
22575   0.540400
22576   0.540700
22577   0.541300
22578   0.540900
22579   0.540800
22580   0.541400
22581   0.542100
22582   0.541500
22583   0.541800
22584   0.542000
22585   0.540900
22586   0.541200
22587   0.540200
22588   0.540600
22589   0.540800
22590   0.539800
22591   0.540200
22592   0.539700
22593   0.539400
22594   0.538300
22595   0.537200
22596   0.535900
22597   0.536300
22598   0.536400
22599   0.537500
22600   0.538400
22601   0.538600
22602   0.538500
22603   0.538400
22604   0.536900
22605   0.535900
22606   0.536400
22607   0.536100
22608   0.535900
22609   0.536400
22610   0.537500
22611   0.537100
22612   0.537000
22613   0.537300
22614   0.537700
22615   0.537200
22616   0.537200
22617   0.536300
22618   0.536800
22619   0.536700
22620   0.536900
22621   0.536400
22622   0.535200
22623   0.536100
22624   0.536300
22625   0.536800
22626   0.536800
22627   0.537200
22628   0.538300
22629   0.538700
22630   0.540000
22631   0.539400
22632   0.539400
22633   0.539400
22634   0.538500
22635   0.538600
22636   0.538100
22637   0.537900
22638   0.538000
22639   0.538700
22640   0.539300
22641   0.540300
22642   0.540800
22643   0.539000
22644   0.540200
22645   0.540400
22646   0.539900
22647   0.539100
22648   0.538600
22649   0.538000
22650   0.537600
22651   0.538300
22652   0.538000
22653   0.538000
22654   0.537300
22655   0.535000
22656   0.535200
22657   0.533500
22658   0.532400
22659   0.533000
22660   0.532800
22661   0.533300
22662   0.532600
22663   0.532300
22664   0.532400
22665   0.533400
22666   0.532200
22667   0.531800
22668   0.531200
22669   0.530700
22670   0.532000
22671   0.532600
22672   0.531800
22673   0.531500
22674   0.531300
22675   0.532300
22676   0.532800
22677   0.532800
22678   0.533500
22679   0.533300
22680   0.533200
22681   0.534300
22682   0.535400
22683   0.534500
22684   0.534300
22685   0.535100
22686   0.534900
22687   0.534700
22688   0.534300
22689   0.534300
22690   0.534900
22691   0.535500
22692   0.536200
22693   0.535700
22694   0.535100
22695   0.536200
22696   0.536500
22697   0.536600
22698   0.537700
22699   0.537900
22700   0.538000
22701   0.539000
22702   0.538700
22703   0.538800
22704   0.538700
22705   0.538600
22706   0.537800
22707   0.537600
22708   0.538000
22709   0.540100
22710   0.539300
22711   0.538300
22712   0.538000
22713   0.538900
22714   0.539000
22715   0.538300
22716   0.538000
22717   0.538700
22718   0.538100
22719   0.537900
22720   0.536900
22721   0.537300
22722   0.537700
22723   0.538500
22724   0.538900
22725   0.538800
22726   0.538800
22727   0.538900
22728   0.539100
22729   0.539700
22730   0.540400
22731   0.540800
22732   0.540800
22733   0.540800
22734   0.541000
22735   0.541000
22736   0.540600
22737   0.540600
22738   0.540900
22739   0.541200
22740   0.541600
22741   0.541300
22742   0.539700
22743   0.539600
22744   0.539000
22745   0.538700
22746   0.537900
22747   0.538100
22748   0.537600
22749   0.538500
22750   0.538900
22751   0.539200
22752   0.540800
22753   0.541100
22754   0.541300
22755   0.542400
22756   0.541900
22757   0.541000
22758   0.540200
22759   0.541100
22760   0.540300
22761   0.540100
22762   0.539900
22763   0.539500
22764   0.539900
22765   0.539300
22766   0.538800
22767   0.539800
22768   0.540000
22769   0.540100
22770   0.540100
22771   0.539800
22772   0.539200
22773   0.539000
22774   0.537700
22775   0.538900
22776   0.538700
22777   0.538700
22778   0.538400
22779   0.537200
22780   0.537300
22781   0.537000
22782   0.536200
22783   0.536100
22784   0.535600
22785   0.535200
22786   0.535000
22787   0.534800
22788   0.535800
22789   0.534800
22790   0.535300
22791   0.535500
22792   0.535500
22793   0.535500
22794   0.536400
22795   0.536400
22796   0.535800
22797   0.535100
22798   0.534700
22799   0.534800
22800   0.533500
22801   0.534000
22802   0.534700
22803   0.534300
22804   0.534700
22805   0.536000
22806   0.537400
22807   0.538600
22808   0.538600
22809   0.538400
22810   0.537700
22811   0.538900
22812   0.538400
22813   0.538800
22814   0.539200
22815   0.538600
22816   0.537300
22817   0.536200
22818   0.534700
22819   0.535000
22820   0.535500
22821   0.535200
22822   0.535600
22823   0.535400
22824   0.535900
22825   0.535900
22826   0.536800
22827   0.536200
22828   0.536300
22829   0.536100
22830   0.536400
22831   0.536700
22832   0.536900
22833   0.536000
22834   0.536000
22835   0.536100
22836   0.535400
22837   0.535900
22838   0.536000
22839   0.534900
22840   0.533200
22841   0.533700
22842   0.533300
22843   0.532000
22844   0.532200
22845   0.532800
22846   0.533700
22847   0.533700
22848   0.533500
22849   0.533100
22850   0.533900
22851   0.532900
22852   0.533300
22853   0.532900
22854   0.531900
22855   0.532800
22856   0.532100
22857   0.532300
22858   0.531600
22859   0.530900
22860   0.530800
22861   0.531400
22862   0.531100
22863   0.531100
22864   0.532300
22865   0.532600
22866   0.532100
22867   0.533000
22868   0.532700
22869   0.531700
22870   0.530800
22871   0.530200
22872   0.530300
22873   0.529800
22874   0.529600
22875   0.529500
22876   0.529100
22877   0.529100
22878   0.529300
22879   0.529300
22880   0.529900
22881   0.530500
22882   0.529900
22883   0.529500
22884   0.528900
22885   0.529200
22886   0.529100
22887   0.529000
22888   0.529000
22889   0.529000
22890   0.530000
22891   0.529800
22892   0.529600
22893   0.529800
22894   0.530100
22895   0.529500
22896   0.528900
22897   0.528900
22898   0.529400
22899   0.528700
22900   0.529100
22901   0.530600
22902   0.531100
22903   0.530200
22904   0.530200
22905   0.530000
22906   0.529400
22907   0.529600
22908   0.529100
22909   0.530100
22910   0.530700
22911   0.529400
22912   0.529600
22913   0.528100
22914   0.527600
22915   0.526800
22916   0.526000
22917   0.526300
22918   0.526500
22919   0.527100
22920   0.527800
22921   0.528000
22922   0.527300
22923   0.527300
22924   0.527600
22925   0.528000
22926   0.527200
22927   0.527500
22928   0.527800
22929   0.527200
22930   0.526600
22931   0.527500
22932   0.527300
22933   0.527300
22934   0.527100
22935   0.526900
22936   0.527300
22937   0.528400
22938   0.529400
22939   0.528800
22940   0.529500
22941   0.530300
22942   0.531500
22943   0.532300
22944   0.532600
22945   0.533000
22946   0.532600
22947   0.532800
22948   0.531700
22949   0.531900
22950   0.532500
22951   0.533100
22952   0.533600
22953   0.533600
22954   0.535100
22955   0.535300
22956   0.535500
22957   0.535300
22958   0.534900
22959   0.534900
22960   0.534600
22961   0.534400
22962   0.534300
22963   0.534700
22964   0.535100
22965   0.535200
22966   0.535400
22967   0.535000
22968   0.535000
22969   0.535700
22970   0.535800
22971   0.535700
22972   0.536300
22973   0.537900
22974   0.537700
22975   0.538000
22976   0.538400
22977   0.537800
22978   0.538700
22979   0.538700
22980   0.539100
22981   0.538200
22982   0.538800
22983   0.538600
22984   0.538700
22985   0.538800
22986   0.539100
22987   0.538700
22988   0.538900
22989   0.539700
22990   0.539000
22991   0.539500
22992   0.539000
22993   0.539100
22994   0.539400
22995   0.540100
22996   0.540800
22997   0.541300
22998   0.542400
22999   0.542200
23000   0.543100
23001   0.542500
23002   0.542700
23003   0.542000
23004   0.542400
23005   0.542800
23006   0.542500
23007   0.542800
23008   0.543500
23009   0.542800
23010   0.542400
23011   0.542300
23012   0.542400
23013   0.542600
23014   0.542000
23015   0.542100
23016   0.542100
23017   0.541800
23018   0.541700
23019   0.541600
23020   0.540800
23021   0.540300
23022   0.540500
23023   0.540100
23024   0.540300
23025   0.541200
23026   0.540600
23027   0.541600
23028   0.541900
23029   0.542600
23030   0.543700
23031   0.544200
23032   0.544600
23033   0.545200
23034   0.545800
23035   0.545500
23036   0.545100
23037   0.546200
23038   0.546000
23039   0.547000
23040   0.547900
23041   0.547700
23042   0.547200
23043   0.548500
23044   0.548400
23045   0.547700
23046   0.547800
23047   0.548100
23048   0.547800
23049   0.548100
23050   0.548300
23051   0.548600
23052   0.548900
23053   0.549900
23054   0.549600
23055   0.549600
23056   0.550400
23057   0.550700
23058   0.551500
23059   0.551800
23060   0.551100
23061   0.549800
23062   0.549900
23063   0.549800
23064   0.549500
23065   0.549800
23066   0.550100
23067   0.549500
23068   0.549500
23069   0.549800
23070   0.550400
23071   0.549700
23072   0.548900
23073   0.549600
23074   0.549200
23075   0.548600
23076   0.547300
23077   0.546600
23078   0.547100
23079   0.547600
23080   0.546600
23081   0.547200
23082   0.547400
23083   0.547400
23084   0.546800
23085   0.547200
23086   0.546800
23087   0.546700
23088   0.545300
23089   0.545600
23090   0.545300
23091   0.545500
23092   0.545700
23093   0.546400
23094   0.545800
23095   0.545800
23096   0.546400
23097   0.546700
23098   0.546900
23099   0.547100
23100   0.546800
23101   0.546400
23102   0.545200
23103   0.543800
23104   0.543400
23105   0.543000
23106   0.543100
23107   0.542700
23108   0.543100
23109   0.543600
23110   0.544000
23111   0.544600
23112   0.543800
23113   0.544600
23114   0.544500
23115   0.545100
23116   0.544900
23117   0.545200
23118   0.544600
23119   0.545400
23120   0.546100
23121   0.544700
23122   0.545700
23123   0.545200
23124   0.545700
23125   0.546200
23126   0.547100
23127   0.547800
23128   0.547800
23129   0.547900
23130   0.548300
23131   0.548500
23132   0.548600
23133   0.548500
23134   0.549000
23135   0.548800
23136   0.549900
23137   0.549600
23138   0.550000
23139   0.550000
23140   0.549200
23141   0.550000
23142   0.549700
23143   0.550400
23144   0.549700
23145   0.549400
23146   0.549100
23147   0.549200
23148   0.549700
23149   0.549900
23150   0.549800
23151   0.550700
23152   0.551500
23153   0.551400
23154   0.550100
23155   0.549800
23156   0.550300
23157   0.551400
23158   0.551700
23159   0.551700
23160   0.552100
23161   0.553600
23162   0.552400
23163   0.553200
23164   0.552800
23165   0.553500
23166   0.552600
23167   0.553000
23168   0.553200
23169   0.553200
23170   0.553300
23171   0.552200
23172   0.552800
23173   0.552800
23174   0.552100
23175   0.552400
23176   0.552300
23177   0.551900
23178   0.552000
23179   0.551500
23180   0.551300
23181   0.551700
23182   0.551400
23183   0.551900
23184   0.553200
23185   0.552900
23186   0.552200
23187   0.552000
23188   0.552200
23189   0.553000
23190   0.554500
23191   0.555200
23192   0.556200
23193   0.556600
23194   0.556700
23195   0.556900
23196   0.558300
23197   0.557300
23198   0.557700
23199   0.556900
23200   0.557000
23201   0.557400
23202   0.557700
23203   0.557200
23204   0.556300
23205   0.556500
23206   0.557400
23207   0.557800
23208   0.557500
23209   0.557600
23210   0.558300
23211   0.556700
23212   0.555800
23213   0.555600
23214   0.555800
23215   0.556000
23216   0.555100
23217   0.553700
23218   0.554600
23219   0.552600
23220   0.552200
23221   0.551900
23222   0.552500
23223   0.552900
23224   0.552800
23225   0.552000
23226   0.552600
23227   0.553000
23228   0.553300
23229   0.553100
23230   0.554600
23231   0.553800
23232   0.554400
23233   0.554500
23234   0.554900
23235   0.555400
23236   0.554700
23237   0.555500
23238   0.555100
23239   0.553500
23240   0.552600
23241   0.553100
23242   0.553700
23243   0.553400
23244   0.553100
23245   0.552500
23246   0.552400
23247   0.553000
23248   0.553000
23249   0.554100
23250   0.554400
23251   0.553700
23252   0.553800
23253   0.553800
23254   0.554100
23255   0.554100
23256   0.554100
23257   0.554100
23258   0.553900
23259   0.553600
23260   0.554200
23261   0.553200
23262   0.552800
23263   0.552400
23264   0.553100
23265   0.553600
23266   0.554100
23267   0.554500
23268   0.553200
23269   0.554500
23270   0.554300
23271   0.554700
23272   0.555200
23273   0.555100
23274   0.554500
23275   0.553900
23276   0.553100
23277   0.553800
23278   0.553600
23279   0.554400
23280   0.554100
23281   0.552500
23282   0.553200
23283   0.553600
23284   0.553400
23285   0.553000
23286   0.553500
23287   0.554400
23288   0.554200
23289   0.554300
23290   0.555000
23291   0.555000
23292   0.555400
23293   0.555600
23294   0.555800
23295   0.555100
23296   0.555200
23297   0.555200
23298   0.555900
23299   0.555900
23300   0.556500
23301   0.557000
23302   0.556600
23303   0.556800
23304   0.556700
23305   0.558300
23306   0.558000
23307   0.557900
23308   0.558200
23309   0.557000
23310   0.556600
23311   0.556400
23312   0.556800
23313   0.556700
23314   0.556300
23315   0.556900
23316   0.556200
23317   0.556800
23318   0.557300
23319   0.556900
23320   0.557400
23321   0.556700
23322   0.556100
23323   0.556800
23324   0.556800
23325   0.555800
23326   0.557100
23327   0.556600
23328   0.556300
23329   0.556600
23330   0.556200
23331   0.555600
23332   0.555700
23333   0.555500
23334   0.555400
23335   0.556600
23336   0.556400
23337   0.557900
23338   0.558300
23339   0.559100
23340   0.558500
23341   0.559000
23342   0.558400
23343   0.558200
23344   0.558300
23345   0.558500
23346   0.559200
23347   0.559200
23348   0.559000
23349   0.560300
23350   0.560800
23351   0.561900
23352   0.562000
23353   0.561300
23354   0.562000
23355   0.561000
23356   0.560800
23357   0.560100
23358   0.560000
23359   0.559800
23360   0.559900
23361   0.560000
23362   0.559500
23363   0.559500
23364   0.558900
23365   0.559100
23366   0.558100
23367   0.560000
23368   0.559600
23369   0.558700
23370   0.559200
23371   0.557700
23372   0.557800
23373   0.557600
23374   0.557800
23375   0.557700
23376   0.557400
23377   0.557500
23378   0.556400
23379   0.556600
23380   0.557300
23381   0.556800
23382   0.556500
23383   0.555600
23384   0.554900
23385   0.555300
23386   0.556800
23387   0.557400
23388   0.557600
23389   0.557300
23390   0.556700
23391   0.557300
23392   0.556200
23393   0.557100
23394   0.558200
23395   0.559300
23396   0.559500
23397   0.560300
23398   0.559700
23399   0.560300
23400   0.560300
23401   0.559200
23402   0.559600
23403   0.559900
23404   0.560100
23405   0.561100
23406   0.561500
23407   0.561700
23408   0.561400
23409   0.560700
23410   0.559700
23411   0.560600
23412   0.559500
23413   0.559700
23414   0.559200
23415   0.558900
23416   0.559100
23417   0.558100
23418   0.557000
23419   0.557400
23420   0.557700
23421   0.558500
23422   0.557700
23423   0.557900
23424   0.557300
23425   0.557200
23426   0.556700
23427   0.557200
23428   0.557500
23429   0.557200
23430   0.557000
23431   0.557100
23432   0.556400
23433   0.557100
23434   0.558300
23435   0.557800
23436   0.558000
23437   0.558100
23438   0.557600
23439   0.557700
23440   0.558900
23441   0.558900
23442   0.558600
23443   0.558300
23444   0.559000
23445   0.559600
23446   0.559300
23447   0.560200
23448   0.561000
23449   0.560700
23450   0.561700
23451   0.561300
23452   0.562000
23453   0.561500
23454   0.561600
23455   0.561200
23456   0.559400
23457   0.560600
23458   0.560600
23459   0.561700
23460   0.562100
23461   0.562300
23462   0.562800
23463   0.562400
23464   0.562300
23465   0.562500
23466   0.562700
23467   0.562300
23468   0.561700
23469   0.560800
23470   0.560300
23471   0.560600
23472   0.560700
23473   0.562000
23474   0.561600
23475   0.560500
23476   0.560500
23477   0.560200
23478   0.559600
23479   0.561200
23480   0.560900
23481   0.561900
23482   0.562700
23483   0.562900
23484   0.563500
23485   0.564000
23486   0.563900
23487   0.563900
23488   0.563000
23489   0.563300
23490   0.563000
23491   0.563300
23492   0.562800
23493   0.563000
23494   0.563300
23495   0.562000
23496   0.561100
23497   0.560300
23498   0.561100
23499   0.561600
23500   0.561400
23501   0.561400
23502   0.560800
23503   0.562000
23504   0.562200
23505   0.562800
23506   0.562600
23507   0.562800
23508   0.561800
23509   0.561500
23510   0.562500
23511   0.562300
23512   0.563400
23513   0.563400
23514   0.563100
23515   0.562900
23516   0.561900
23517   0.560900
23518   0.561100
23519   0.561400
23520   0.562400
23521   0.562200
23522   0.562400
23523   0.561900
23524   0.560900
23525   0.560700
23526   0.561600
23527   0.562100
23528   0.561600
23529   0.562900
23530   0.563300
23531   0.562400
23532   0.562800
23533   0.563000
23534   0.563500
23535   0.564300
23536   0.563800
23537   0.563000
23538   0.561700
23539   0.562400
23540   0.561000
23541   0.560900
23542   0.560200
23543   0.560300
23544   0.560000
23545   0.559100
23546   0.559400
23547   0.558900
23548   0.559700
23549   0.559100
23550   0.558500
23551   0.558300
23552   0.558900
23553   0.559600
23554   0.559800
23555   0.560200
23556   0.559900
23557   0.559400
23558   0.558900
23559   0.558100
23560   0.558900
23561   0.557700
23562   0.557400
23563   0.556900
23564   0.556300
23565   0.556600
23566   0.557200
23567   0.556700
23568   0.557500
23569   0.557200
23570   0.557000
23571   0.556700
23572   0.556700
23573   0.556400
23574   0.556400
23575   0.556400
23576   0.556800
23577   0.557000
23578   0.556400
23579   0.556900
23580   0.558200
23581   0.559200
23582   0.558600
23583   0.559400
23584   0.559800
23585   0.559800
23586   0.559800
23587   0.558800
23588   0.559100
23589   0.560100
23590   0.560600
23591   0.560400
23592   0.559900
23593   0.558100
23594   0.557900
23595   0.557500
23596   0.556900
23597   0.556200
23598   0.555500
23599   0.555400
23600   0.556200
23601   0.555900
23602   0.555700
23603   0.556700
23604   0.556100
23605   0.556200
23606   0.557600
23607   0.556400
23608   0.556400
23609   0.555600
23610   0.556700
23611   0.557400
23612   0.557600
23613   0.558300
23614   0.558200
23615   0.558400
23616   0.558400
23617   0.557500
23618   0.558600
23619   0.558800
23620   0.559200
23621   0.559600
23622   0.559200
23623   0.559300
23624   0.559700
23625   0.560100
23626   0.559400
23627   0.559900
23628   0.560300
23629   0.559700
23630   0.559500
23631   0.560100
23632   0.559900
23633   0.560200
23634   0.559600
23635   0.559600
23636   0.560400
23637   0.561200
23638   0.561100
23639   0.561500
23640   0.560800
23641   0.561100
23642   0.561400
23643   0.561400
23644   0.561500
23645   0.560100
23646   0.561100
23647   0.560400
23648   0.560100
23649   0.561500
23650   0.561500
23651   0.561700
23652   0.561600
23653   0.561700
23654   0.561100
23655   0.560600
23656   0.560900
23657   0.561000
23658   0.560900
23659   0.560800
23660   0.560300
23661   0.560800
23662   0.561100
23663   0.561300
23664   0.562000
23665   0.561300
23666   0.561600
23667   0.561000
23668   0.560700
23669   0.561000
23670   0.562500
23671   0.563100
23672   0.564000
23673   0.563200
23674   0.562900
23675   0.562700
23676   0.561700
23677   0.562600
23678   0.562000
23679   0.560200
23680   0.560500
23681   0.560500
23682   0.559600
23683   0.560300
23684   0.559900
23685   0.559500
23686   0.558900
23687   0.560000
23688   0.560200
23689   0.559500
23690   0.560100
23691   0.560000
23692   0.559800
23693   0.562500
23694   0.562100
23695   0.560900
23696   0.560400
23697   0.561600
23698   0.562200
23699   0.561500
23700   0.561700
23701   0.561700
23702   0.562400
23703   0.561200
23704   0.561900
23705   0.562500
23706   0.563200
23707   0.563100
23708   0.563500
23709   0.565400
23710   0.564800
23711   0.563700
23712   0.563400
23713   0.563500
23714   0.564000
23715   0.564400
23716   0.564300
23717   0.564000
23718   0.562700
23719   0.562700
23720   0.562500
23721   0.562500
23722   0.563800
23723   0.563900
23724   0.563800
23725   0.563300
23726   0.562600
23727   0.562500
23728   0.561500
23729   0.561700
23730   0.561400
23731   0.560500
23732   0.561600
23733   0.561700
23734   0.560800
23735   0.561200
23736   0.560900
23737   0.560900
23738   0.561300
23739   0.561600
23740   0.561100
23741   0.561900
23742   0.561600
23743   0.562800
23744   0.562200
23745   0.560500
23746   0.560400
23747   0.560900
23748   0.559600
23749   0.560100
23750   0.560000
23751   0.561300
23752   0.561300
23753   0.562300
23754   0.560600
23755   0.560200
23756   0.559500
23757   0.559800
23758   0.561000
23759   0.560000
23760   0.560500
23761   0.561000
23762   0.559700
23763   0.559400
23764   0.559100
23765   0.558800
23766   0.558100
23767   0.557700
23768   0.558500
23769   0.558400
23770   0.558700
23771   0.559600
23772   0.559000
23773   0.559200
23774   0.558600
23775   0.559700
23776   0.561000
23777   0.561400
23778   0.560800
23779   0.561000
23780   0.560400
23781   0.560800
23782   0.560100
23783   0.559500
23784   0.560100
23785   0.561000
23786   0.561700
23787   0.562300
23788   0.561900
23789   0.561400
23790   0.561100
23791   0.561600
23792   0.561300
23793   0.560600
23794   0.561500
23795   0.562700
23796   0.562500
23797   0.562700
23798   0.562000
23799   0.561700
23800   0.562300
23801   0.563200
23802   0.563900
23803   0.564200
23804   0.563800
23805   0.564700
23806   0.563000
23807   0.563200
23808   0.563500
23809   0.563300
23810   0.562900
23811   0.562700
23812   0.563600
23813   0.563300
23814   0.562100
23815   0.561900
23816   0.562200
23817   0.561300
23818   0.560100
23819   0.559200
23820   0.558300
23821   0.558300
23822   0.557500
23823   0.556700
23824   0.556600
23825   0.555900
23826   0.555800
23827   0.555900
23828   0.555900
23829   0.555400
23830   0.555700
23831   0.554700
23832   0.555000
23833   0.555100
23834   0.554500
23835   0.554800
23836   0.554400
23837   0.554200
23838   0.554400
23839   0.554200
23840   0.553700
23841   0.554200
23842   0.553300
23843   0.553500
23844   0.552600
23845   0.552400
23846   0.552400
23847   0.552000
23848   0.552200
23849   0.551900
23850   0.550400
23851   0.550800
23852   0.550100
23853   0.550000
23854   0.550000
23855   0.549500
23856   0.550200
23857   0.550200
23858   0.550300
23859   0.550200
23860   0.549900
23861   0.549400
23862   0.549100
23863   0.550000
23864   0.550200
23865   0.550400
23866   0.551200
23867   0.551900
23868   0.552900
23869   0.554100
23870   0.554600
23871   0.555300
23872   0.555100
23873   0.553900
23874   0.554100
23875   0.554300
23876   0.554800
23877   0.554500
23878   0.554800
23879   0.555300
23880   0.555600
23881   0.555500
23882   0.555100
23883   0.555300
23884   0.555200
23885   0.555500
23886   0.555300
23887   0.554700
23888   0.555200
23889   0.555200
23890   0.556100
23891   0.556400
23892   0.556300
23893   0.556700
23894   0.556400
23895   0.556500
23896   0.556700
23897   0.557600
23898   0.557500
23899   0.558200
23900   0.558100
23901   0.557800
23902   0.558400
23903   0.558500
23904   0.559700
23905   0.560300
23906   0.560200
23907   0.560500
23908   0.559300
23909   0.559000
23910   0.559700
23911   0.559200
23912   0.559100
23913   0.559200
23914   0.559300
23915   0.560700
23916   0.560500
23917   0.559800
23918   0.559600
23919   0.558800
23920   0.558100
23921   0.557800
23922   0.558200
23923   0.558500
23924   0.559100
23925   0.558900
23926   0.558600
23927   0.558300
23928   0.557300
23929   0.557900
23930   0.557400
23931   0.557000
23932   0.557500
23933   0.556100
23934   0.556900
23935   0.557400
23936   0.558300
23937   0.558600
23938   0.557800
23939   0.557800
23940   0.558100
23941   0.557900
23942   0.557600
23943   0.557400
23944   0.556500
23945   0.555400
23946   0.555300
23947   0.555200
23948   0.556000
23949   0.556100
23950   0.555000
23951   0.554800
23952   0.554500
23953   0.555400
23954   0.554800
23955   0.553700
23956   0.553700
23957   0.553900
23958   0.555200
23959   0.555400
23960   0.554300
23961   0.554600
23962   0.554500
23963   0.554300
23964   0.554500
23965   0.553500
23966   0.553000
23967   0.552000
23968   0.550600
23969   0.550400
23970   0.549100
23971   0.550000
23972   0.550200
23973   0.550600
23974   0.551700
23975   0.552100
23976   0.552700
23977   0.552900
23978   0.551900
23979   0.551400
23980   0.551600
23981   0.552600
23982   0.552900
23983   0.552500
23984   0.552700
23985   0.551800
23986   0.551700
23987   0.551700
23988   0.551800
23989   0.552900
23990   0.553000
23991   0.552800
23992   0.552700
23993   0.552100
23994   0.551600
23995   0.551800
23996   0.551500
23997   0.551300
23998   0.552200
23999   0.551700
24000   0.551100
24001   0.550600
24002   0.551600
24003   0.551700
24004   0.551900
24005   0.551700
24006   0.550900
24007   0.550800
24008   0.549600
24009   0.550100
24010   0.550000
24011   0.549900
24012   0.550600
24013   0.550500
24014   0.550500
24015   0.550100
24016   0.551500
24017   0.552400
24018   0.551400
24019   0.552200
24020   0.551400
24021   0.551600
24022   0.553400
24023   0.553100
24024   0.552000
24025   0.551700
24026   0.551500
24027   0.551000
24028   0.551100
24029   0.552000
24030   0.552200
24031   0.552000
24032   0.550400
24033   0.550200
24034   0.551100
24035   0.552000
24036   0.551900
24037   0.552600
24038   0.552400
24039   0.551500
24040   0.551000
24041   0.550800
24042   0.550400
24043   0.550600
24044   0.552200
24045   0.552000
24046   0.552100
24047   0.552400
24048   0.553400
24049   0.553300
24050   0.552000
24051   0.552800
24052   0.553000
24053   0.553600
24054   0.553300
24055   0.553200
24056   0.553800
24057   0.554000
24058   0.554500
24059   0.555100
24060   0.555400
24061   0.555600
24062   0.555700
24063   0.554900
24064   0.555000
24065   0.555500
24066   0.556900
24067   0.556500
24068   0.555500
24069   0.555700
24070   0.556300
24071   0.556500
24072   0.557700
24073   0.557700
24074   0.557400
24075   0.558600
24076   0.559800
24077   0.561100
24078   0.562000
24079   0.562700
24080   0.561400
24081   0.561000
24082   0.561600
24083   0.560500
24084   0.560900
24085   0.561300
24086   0.561300
24087   0.561300
24088   0.562000
24089   0.561200
24090   0.561600
24091   0.560600
24092   0.561000
24093   0.561700
24094   0.562000
24095   0.562200
24096   0.563000
24097   0.563400
24098   0.562500
24099   0.562800
24100   0.562500
24101   0.562400
24102   0.562000
24103   0.560800
24104   0.560500
24105   0.561500
24106   0.562700
24107   0.562700
24108   0.563700
24109   0.563400
24110   0.563500
24111   0.563600
24112   0.564100
24113   0.564200
24114   0.564500
24115   0.563800
24116   0.563600
24117   0.563800
24118   0.563900
24119   0.564200
24120   0.563500
24121   0.563900
24122   0.563800
24123   0.564500
24124   0.564700
24125   0.565300
24126   0.564300
24127   0.564400
24128   0.564800
24129   0.564700
24130   0.565000
24131   0.563600
24132   0.563400
24133   0.563100
24134   0.562600
24135   0.562600
24136   0.563000
24137   0.562900
24138   0.563700
24139   0.563300
24140   0.563300
24141   0.563000
24142   0.562400
24143   0.562900
24144   0.563000
24145   0.563400
24146   0.563500
24147   0.564200
24148   0.564600
24149   0.565200
24150   0.565700
24151   0.565500
24152   0.565800
24153   0.565900
24154   0.564500
24155   0.565300
24156   0.565100
24157   0.563800
24158   0.564200
24159   0.562900
24160   0.563100
24161   0.562900
24162   0.561600
24163   0.561200
24164   0.560200
24165   0.560600
24166   0.560000
24167   0.560800
24168   0.559600
24169   0.559700
24170   0.561300
24171   0.561100
24172   0.560900
24173   0.560500
24174   0.560100
24175   0.559600
24176   0.561200
24177   0.562100
24178   0.562000
24179   0.562200
24180   0.562400
24181   0.563400
24182   0.563400
24183   0.563700
24184   0.563600
24185   0.563700
24186   0.564100
24187   0.563800
24188   0.564500
24189   0.565100
24190   0.564300
24191   0.565200
24192   0.564900
24193   0.565700
24194   0.565800
24195   0.564600
24196   0.564200
24197   0.563500
24198   0.563200
24199   0.561900
24200   0.561900
24201   0.562000
24202   0.562200
24203   0.562100
24204   0.562400
24205   0.563500
24206   0.563600
24207   0.563900
24208   0.564600
24209   0.564100
24210   0.564400
24211   0.564900
24212   0.564900
24213   0.564700
24214   0.564400
24215   0.563500
24216   0.563100
24217   0.564100
24218   0.563400
24219   0.562900
24220   0.564000
24221   0.564700
24222   0.565000
24223   0.565100
24224   0.564500
24225   0.564700
24226   0.564900
24227   0.565400
24228   0.564300
24229   0.564600
24230   0.564600
24231   0.564100
24232   0.564100
24233   0.564600
24234   0.565100
24235   0.565600
24236   0.565700
24237   0.566200
24238   0.566600
24239   0.566800
24240   0.565400
24241   0.565100
24242   0.565600
24243   0.565700
24244   0.565300
24245   0.565000
24246   0.565000
24247   0.564000
24248   0.563500
24249   0.563200
24250   0.564100
24251   0.564400
24252   0.565100
24253   0.565700
24254   0.565500
24255   0.564700
24256   0.564300
24257   0.563600
24258   0.564300
24259   0.564300
24260   0.563400
24261   0.564000
24262   0.563600
24263   0.562700
24264   0.562900
24265   0.563100
24266   0.563400
24267   0.562800
24268   0.563800
24269   0.564500
24270   0.564700
24271   0.564900
24272   0.565000
24273   0.564000
24274   0.563700
24275   0.563700
24276   0.563100
24277   0.561400
24278   0.560400
24279   0.561200
24280   0.560300
24281   0.560900
24282   0.559400
24283   0.559300
24284   0.560300
24285   0.560200
24286   0.559700
24287   0.560000
24288   0.561200
24289   0.560800
24290   0.560700
24291   0.561000
24292   0.560600
24293   0.560900
24294   0.561700
24295   0.561700
24296   0.562500
24297   0.563300
24298   0.563000
24299   0.562300
24300   0.562200
24301   0.561700
24302   0.561100
24303   0.560700
24304   0.562600
24305   0.562700
24306   0.562900
24307   0.562400
24308   0.562100
24309   0.561700
24310   0.561200
24311   0.561200
24312   0.561500
24313   0.561100
24314   0.560700
24315   0.561800
24316   0.561000
24317   0.561000
24318   0.560700
24319   0.559200
24320   0.559400
24321   0.559100
24322   0.559500
24323   0.559000
24324   0.559600
24325   0.560000
24326   0.559300
24327   0.560300
24328   0.559800
24329   0.559000
24330   0.559600
24331   0.559400
24332   0.559500
24333   0.560400
24334   0.560700
24335   0.560200
24336   0.560200
24337   0.560000
24338   0.559900
24339   0.560000
24340   0.559900
24341   0.558900
24342   0.558900
24343   0.559400
24344   0.559700
24345   0.559800
24346   0.559100
24347   0.557500
24348   0.558300
24349   0.557900
24350   0.557800
24351   0.557500
24352   0.557800
24353   0.557200
24354   0.556300
24355   0.556100
24356   0.556600
24357   0.556700
24358   0.557300
24359   0.557600
24360   0.558000
24361   0.557900
24362   0.556800
24363   0.558200
24364   0.559100
24365   0.559000
24366   0.558600
24367   0.558800
24368   0.558500
24369   0.558300
24370   0.558300
24371   0.558700
24372   0.557800
24373   0.557100
24374   0.557800
24375   0.558600
24376   0.559100
24377   0.560300
24378   0.559700
24379   0.558800
24380   0.558200
24381   0.558200
24382   0.557900
24383   0.558100
24384   0.558000
24385   0.558400
24386   0.559500
24387   0.560600
24388   0.561300
24389   0.561900
24390   0.561900
24391   0.561300
24392   0.561300
24393   0.560600
24394   0.560400
24395   0.560400
24396   0.559800
24397   0.559100
24398   0.558900
24399   0.558200
24400   0.557900
24401   0.558300
24402   0.557600
24403   0.557500
24404   0.557800
24405   0.558500
24406   0.558600
24407   0.558000
24408   0.557400
24409   0.558100
24410   0.558300
24411   0.558000
24412   0.558100
24413   0.557800
24414   0.558700
24415   0.558500
24416   0.558100
24417   0.558600
24418   0.560000
24419   0.561100
24420   0.561300
24421   0.561100
24422   0.562200
24423   0.562900
24424   0.562800
24425   0.563000
24426   0.563600
24427   0.563700
24428   0.563500
24429   0.563200
24430   0.563500
24431   0.562300
24432   0.562100
24433   0.562800
24434   0.564000
24435   0.564300
24436   0.564200
24437   0.564000
24438   0.563500
24439   0.563700
24440   0.563900
24441   0.564100
24442   0.564100
24443   0.564600
24444   0.564000
24445   0.562900
24446   0.562300
24447   0.562300
24448   0.563100
24449   0.563300
24450   0.562200
24451   0.562600
24452   0.562600
24453   0.563900
24454   0.564400
24455   0.564800
24456   0.563900
24457   0.564200
24458   0.564500
24459   0.564100
24460   0.562900
24461   0.561200
24462   0.560200
24463   0.560900
24464   0.561600
24465   0.561000
24466   0.560100
24467   0.560300
24468   0.559700
24469   0.559400
24470   0.559700
24471   0.560100
24472   0.559600
24473   0.559300
24474   0.559700
24475   0.560500
24476   0.560300
24477   0.559800
24478   0.559800
24479   0.560200
24480   0.560400
24481   0.561500
24482   0.561700
24483   0.561200
24484   0.560900
24485   0.560400
24486   0.559800
24487   0.559700
24488   0.559000
24489   0.558600
24490   0.559600
24491   0.559500
24492   0.559500
24493   0.559900
24494   0.558800
24495   0.559100
24496   0.559500
24497   0.560100
24498   0.559300
24499   0.558900
24500   0.558700
24501   0.558000
24502   0.558100
24503   0.558100
24504   0.558200
24505   0.558300
24506   0.557600
24507   0.556800
24508   0.557500
24509   0.557700
24510   0.558100
24511   0.558400
24512   0.558600
24513   0.558400
24514   0.559900
24515   0.560000
24516   0.560100
24517   0.559300
24518   0.558400
24519   0.557600
24520   0.558500
24521   0.558300
24522   0.557800
24523   0.558600
24524   0.558700
24525   0.558300
24526   0.557200
24527   0.556500
24528   0.556500
24529   0.557400
24530   0.558500
24531   0.559100
24532   0.559000
24533   0.558900
24534   0.559800
24535   0.559200
24536   0.558800
24537   0.558900
24538   0.558500
24539   0.558300
24540   0.557200
24541   0.558700
24542   0.559100
24543   0.558300
24544   0.556800
24545   0.558500
24546   0.557800
24547   0.558300
24548   0.558200
24549   0.558600
24550   0.559200
24551   0.559800
24552   0.560100
24553   0.560500
24554   0.561500
24555   0.562300
24556   0.563000
24557   0.563400
24558   0.563500
24559   0.563800
24560   0.564200
24561   0.565000
24562   0.565800
24563   0.566000
24564   0.565800
24565   0.566900
24566   0.568100
24567   0.568100
24568   0.567400
24569   0.568000
24570   0.567300
24571   0.567200
24572   0.567700
24573   0.566400
24574   0.566200
24575   0.567500
24576   0.566900
24577   0.566600
24578   0.567500
24579   0.567000
24580   0.566800
24581   0.568100
24582   0.568100
24583   0.567400
24584   0.567900
24585   0.568500
24586   0.568400
24587   0.567800
24588   0.568600
24589   0.568900
24590   0.569400
24591   0.569200
24592   0.568100
24593   0.569400
24594   0.570000
24595   0.570300
24596   0.570500
24597   0.571100
24598   0.571300
24599   0.571900
24600   0.571700
24601   0.572200
24602   0.572700
24603   0.572100
24604   0.572900
24605   0.573100
24606   0.572900
24607   0.573000
24608   0.572400
24609   0.571400
24610   0.571300
24611   0.572100
24612   0.572000
24613   0.571600
24614   0.573000
24615   0.574000
24616   0.573700
24617   0.573900
24618   0.574600
24619   0.573900
24620   0.573900
24621   0.573500
24622   0.574300
24623   0.574400
24624   0.575300
24625   0.576000
24626   0.575400
24627   0.575000
24628   0.573900
24629   0.573400
24630   0.572500
24631   0.571600
24632   0.570700
24633   0.570500
24634   0.570300
24635   0.571400
24636   0.571100
24637   0.571600
24638   0.571600
24639   0.570800
24640   0.570700
24641   0.570900
24642   0.570500
24643   0.570800
24644   0.571000
24645   0.570300
24646   0.569700
24647   0.569200
24648   0.570400
24649   0.570200
24650   0.569200
24651   0.569400
24652   0.569000
24653   0.570100
24654   0.570700
24655   0.571300
24656   0.570000
24657   0.570300
24658   0.571000
24659   0.570600
24660   0.570100
24661   0.570400
24662   0.570700
24663   0.571300
24664   0.571200
24665   0.571500
24666   0.571700
24667   0.573000
24668   0.572700
24669   0.572700
24670   0.573000
24671   0.573500
24672   0.573700
24673   0.573500
24674   0.573400
24675   0.573700
24676   0.573000
24677   0.572900
24678   0.573400
24679   0.573800
24680   0.574800
24681   0.575300
24682   0.575400
24683   0.576500
24684   0.577300
24685   0.576000
24686   0.574500
24687   0.574700
24688   0.574800
24689   0.574600
24690   0.574400
24691   0.575000
24692   0.575100
24693   0.575300
24694   0.576200
24695   0.575500
24696   0.575800
24697   0.575800
24698   0.575300
24699   0.574900
24700   0.573900
24701   0.573000
24702   0.572400
24703   0.572000
24704   0.570800
24705   0.569700
24706   0.568000
24707   0.568600
24708   0.567200
24709   0.566400
24710   0.567400
24711   0.568500
24712   0.568700
24713   0.569200
24714   0.569100
24715   0.570100
24716   0.569500
24717   0.568500
24718   0.568200
24719   0.569800
24720   0.569600
24721   0.568500
24722   0.568400
24723   0.567100
24724   0.566300
24725   0.566800
24726   0.567500
24727   0.568100
24728   0.567800
24729   0.568200
24730   0.567400
24731   0.568000
24732   0.569300
24733   0.568900
24734   0.568600
24735   0.568300
24736   0.567300
24737   0.567700
24738   0.567400
24739   0.567900
24740   0.568200
24741   0.568300
24742   0.568400
24743   0.568700
24744   0.568600
24745   0.568300
24746   0.569000
24747   0.569100
24748   0.568200
24749   0.566900
24750   0.567300
24751   0.567300
24752   0.567700
24753   0.567300
24754   0.567700
24755   0.568100
24756   0.567300
24757   0.567100
24758   0.566800
24759   0.567800
24760   0.567000
24761   0.565800
24762   0.565400
24763   0.565200
24764   0.565600
24765   0.565400
24766   0.564600
24767   0.565200
24768   0.565200
24769   0.566300
24770   0.566300
24771   0.565600
24772   0.565600
24773   0.564900
24774   0.564700
24775   0.563800
24776   0.563700
24777   0.564800
24778   0.565600
24779   0.566200
24780   0.566700
24781   0.567100
24782   0.567000
24783   0.566500
24784   0.566600
24785   0.565000
24786   0.565200
24787   0.564200
24788   0.564400
24789   0.564000
24790   0.564100
24791   0.563500
24792   0.562400
24793   0.562200
24794   0.561900
24795   0.562200
24796   0.561800
24797   0.561900
24798   0.562200
24799   0.562500
24800   0.562300
24801   0.560900
24802   0.560800
24803   0.561000
24804   0.561000
24805   0.560500
24806   0.561000
24807   0.562000
24808   0.561300
24809   0.561700
24810   0.560500
24811   0.560500
24812   0.559200
24813   0.558900
24814   0.560100
24815   0.561300
24816   0.560900
24817   0.560800
24818   0.561600
24819   0.561700
24820   0.562200
24821   0.562500
24822   0.563200
24823   0.563200
24824   0.562600
24825   0.562300
24826   0.562900
24827   0.562700
24828   0.562500
24829   0.561200
24830   0.561800
24831   0.561600
24832   0.561200
24833   0.561000
24834   0.560700
24835   0.561800
24836   0.563000
24837   0.564100
24838   0.564700
24839   0.564300
24840   0.565100
24841   0.563900
24842   0.562800
24843   0.561700
24844   0.561100
24845   0.561700
24846   0.561800
24847   0.562500
24848   0.562400
24849   0.561400
24850   0.562100
24851   0.562600
24852   0.562000
24853   0.560600
24854   0.561400
24855   0.561000
24856   0.560500
24857   0.559700
24858   0.559000
24859   0.558600
24860   0.559500
24861   0.559600
24862   0.559200
24863   0.558600
24864   0.559100
24865   0.559200
24866   0.559500
24867   0.558400
24868   0.558900
24869   0.559200
24870   0.558100
24871   0.558100
24872   0.557300
24873   0.557600
24874   0.557400
24875   0.558500
24876   0.559300
24877   0.560000
24878   0.560400
24879   0.559600
24880   0.559900
24881   0.559700
24882   0.559700
24883   0.559400
24884   0.559400
24885   0.559400
24886   0.559400
24887   0.559200
24888   0.560000
24889   0.560200
24890   0.558600
24891   0.559300
24892   0.559300
24893   0.559400
24894   0.560100
24895   0.560200
24896   0.560100
24897   0.561000
24898   0.561000
24899   0.560400
24900   0.560400
24901   0.560100
24902   0.559200
24903   0.559300
24904   0.559200
24905   0.559700
24906   0.559400
24907   0.559500
24908   0.559300
24909   0.560200
24910   0.560500
24911   0.561400
24912   0.561600
24913   0.561200
24914   0.561200
24915   0.560900
24916   0.560200
24917   0.560800
24918   0.559600
24919   0.560200
24920   0.560000
24921   0.559900
24922   0.560700
24923   0.560900
24924   0.562000
24925   0.561600
24926   0.560000
24927   0.559200
24928   0.559000
24929   0.558500
24930   0.559300
24931   0.559400
24932   0.558300
24933   0.556900
24934   0.556900
24935   0.556100
24936   0.557200
24937   0.557900
24938   0.559000
24939   0.557400
24940   0.557800
24941   0.558300
24942   0.559000
24943   0.558400
24944   0.558400
24945   0.558900
24946   0.558300
24947   0.558200
24948   0.557900
24949   0.558800
24950   0.558600
24951   0.559300
24952   0.559300
24953   0.558700
24954   0.559500
24955   0.558900
24956   0.559100
24957   0.558900
24958   0.558600
24959   0.558300
24960   0.557900
24961   0.558300
24962   0.558400
24963   0.557900
24964   0.557800
24965   0.557100
24966   0.556700
24967   0.556400
24968   0.556200
24969   0.556000
24970   0.556900
24971   0.556400
24972   0.555700
24973   0.555700
24974   0.555800
24975   0.556200
24976   0.556300
24977   0.556900
24978   0.556400
24979   0.556900
24980   0.557200
24981   0.557500
24982   0.557300
24983   0.557600
24984   0.558400
24985   0.558900
24986   0.558400
24987   0.558200
24988   0.558300
24989   0.557600
24990   0.558800
24991   0.558600
24992   0.558000
24993   0.558300
24994   0.558100
24995   0.557500
24996   0.556900
24997   0.556700
24998   0.556500
24999   0.557400
25000   0.557600
25001   0.558400
25002   0.558400
25003   0.558400
25004   0.559400
25005   0.560600
25006   0.563100
25007   0.563400
25008   0.563300
25009   0.562900
25010   0.563400
25011   0.563900
25012   0.564100
25013   0.564900
25014   0.565400
25015   0.565800
25016   0.566400
25017   0.567400
25018   0.568100
25019   0.568500
25020   0.569100
25021   0.568200
25022   0.567700
25023   0.567600
25024   0.565900
25025   0.564900
25026   0.564600
25027   0.565900
25028   0.565700
25029   0.564700
25030   0.564200
25031   0.565100
25032   0.564600
25033   0.564000
25034   0.563400
25035   0.562900
25036   0.563600
25037   0.564400
25038   0.564100
25039   0.564400
25040   0.565000
25041   0.565100
25042   0.564400
25043   0.564700
25044   0.563700
25045   0.563400
25046   0.564700
25047   0.563900
25048   0.564200
25049   0.564300
25050   0.565200
25051   0.565400
25052   0.565900
25053   0.564200
25054   0.563500
25055   0.564500
25056   0.564300
25057   0.565300
25058   0.564400
25059   0.564400
25060   0.563900
25061   0.564400
25062   0.564700
25063   0.563800
25064   0.563700
25065   0.563600
25066   0.564100
25067   0.564300
25068   0.564500
25069   0.563800
25070   0.563800
25071   0.564100
25072   0.563200
25073   0.562700
25074   0.563200
25075   0.563200
25076   0.563100
25077   0.563600
25078   0.563600
25079   0.563300
25080   0.564200
25081   0.563400
25082   0.562900
25083   0.562800
25084   0.562700
25085   0.562200
25086   0.562100
25087   0.562100
25088   0.562700
25089   0.561800
25090   0.561800
25091   0.561300
25092   0.560900
25093   0.561200
25094   0.561500
25095   0.562600
25096   0.562800
25097   0.564300
25098   0.564900
25099   0.565800
25100   0.566000
25101   0.566700
25102   0.566300
25103   0.567000
25104   0.568400
25105   0.568600
25106   0.568900
25107   0.568400
25108   0.568100
25109   0.567300
25110   0.567900
25111   0.568400
25112   0.568700
25113   0.569100
25114   0.568600
25115   0.568700
25116   0.569400
25117   0.569600
25118   0.570900
25119   0.571100
25120   0.571400
25121   0.571400
25122   0.572000
25123   0.572300
25124   0.572300
25125   0.572200
25126   0.572700
25127   0.572300
25128   0.571700
25129   0.570800
25130   0.570400
25131   0.570500
25132   0.569800
25133   0.569900
25134   0.570400
25135   0.570100
25136   0.569700
25137   0.569500
25138   0.570300
25139   0.571400
25140   0.571100
25141   0.570000
25142   0.569700
25143   0.570600
25144   0.570100
25145   0.570100
25146   0.570300
25147   0.570300
25148   0.571300
25149   0.571000
25150   0.571500
25151   0.572400
25152   0.570800
25153   0.570200
25154   0.568900
25155   0.568400
25156   0.568800
25157   0.568100
25158   0.568500
25159   0.568900
25160   0.568400
25161   0.569200
25162   0.568800
25163   0.567900
25164   0.568500
25165   0.568800
25166   0.569200
25167   0.570800
25168   0.570700
25169   0.570200
25170   0.569800
25171   0.568700
25172   0.568700
25173   0.568600
25174   0.567600
25175   0.567100
25176   0.567200
25177   0.566100
25178   0.567500
25179   0.567500
25180   0.566600
25181   0.566100
25182   0.565300
25183   0.564200
25184   0.564600
25185   0.565500
25186   0.566200
25187   0.567300
25188   0.567300
25189   0.567800
25190   0.568600
25191   0.567300
25192   0.567900
25193   0.567700
25194   0.567800
25195   0.567100
25196   0.566700
25197   0.567300
25198   0.567600
25199   0.567800
25200   0.567400
25201   0.567800
25202   0.566800
25203   0.566800
25204   0.565900
25205   0.566400
25206   0.566200
25207   0.566200
25208   0.565200
25209   0.565100
25210   0.565400
25211   0.565600
25212   0.566000
25213   0.566400
25214   0.566400
25215   0.567400
25216   0.567400
25217   0.567100
25218   0.567000
25219   0.566500
25220   0.566800
25221   0.566000
25222   0.566600
25223   0.566700
25224   0.565100
25225   0.564200
25226   0.565300
25227   0.565500
25228   0.565600
25229   0.566500
25230   0.566500
25231   0.566700
25232   0.566800
25233   0.566100
25234   0.565500
25235   0.566800
25236   0.566900
25237   0.566900
25238   0.566200
25239   0.566300
25240   0.565600
25241   0.565300
25242   0.563500
25243   0.562700
25244   0.562700
25245   0.563300
25246   0.562400
25247   0.562100
25248   0.561600
25249   0.560700
25250   0.561400
25251   0.561600
25252   0.561900
25253   0.562100
25254   0.562000
25255   0.561700
25256   0.561500
25257   0.562100
25258   0.560500
25259   0.560600
25260   0.561100
25261   0.561000
25262   0.560500
25263   0.559800
25264   0.560000
25265   0.560200
25266   0.560500
25267   0.560700
25268   0.561300
25269   0.560500
25270   0.560800
25271   0.561000
25272   0.561500
25273   0.561100
25274   0.562100
25275   0.561800
25276   0.562500
25277   0.561800
25278   0.562300
25279   0.562100
25280   0.563200
25281   0.564300
25282   0.564100
25283   0.563500
25284   0.563800
25285   0.564700
25286   0.564100
25287   0.564300
25288   0.564400
25289   0.564100
25290   0.563900
25291   0.564100
25292   0.565100
25293   0.563900
25294   0.564400
25295   0.564900
25296   0.564100
25297   0.563600
25298   0.562800
25299   0.561900
25300   0.562000
25301   0.563200
25302   0.563800
25303   0.563700
25304   0.564400
25305   0.566200
25306   0.565700
25307   0.566400
25308   0.566100
25309   0.568000
25310   0.567000
25311   0.567600
25312   0.567400
25313   0.567400
25314   0.567900
25315   0.567300
25316   0.567700
25317   0.567000
25318   0.567400
25319   0.566100
25320   0.566300
25321   0.566700
25322   0.566700
25323   0.567200
25324   0.566100
25325   0.565600
25326   0.565100
25327   0.564800
25328   0.564100
25329   0.564500
25330   0.564400
25331   0.564300
25332   0.563400
25333   0.563800
25334   0.563900
25335   0.563500
25336   0.562900
25337   0.563000
25338   0.562300
25339   0.562300
25340   0.561900
25341   0.562400
25342   0.561900
25343   0.562300
25344   0.562800
25345   0.562800
25346   0.562300
25347   0.561200
25348   0.560900
25349   0.560700
25350   0.560700
25351   0.560800
25352   0.559000
25353   0.558400
25354   0.558000
25355   0.557000
25356   0.556800
25357   0.556000
25358   0.555700
25359   0.556200
25360   0.556500
25361   0.557300
25362   0.557800
25363   0.558100
25364   0.559200
25365   0.560400
25366   0.561100
25367   0.560500
25368   0.560400
25369   0.560700
25370   0.560400
25371   0.561700
25372   0.563200
25373   0.562700
25374   0.563400
25375   0.563300
25376   0.563000
25377   0.562800
25378   0.562500
25379   0.563300
25380   0.562600
25381   0.561900
25382   0.561400
25383   0.561000
25384   0.560800
25385   0.558900
25386   0.559500
25387   0.559500
25388   0.560000
25389   0.559200
25390   0.558500
25391   0.559200
25392   0.558900
25393   0.558400
25394   0.558500
25395   0.559600
25396   0.558600
25397   0.558200
25398   0.557300
25399   0.558300
25400   0.558200
25401   0.558800
25402   0.559000
25403   0.558900
25404   0.559100
25405   0.559400
25406   0.560200
25407   0.560100
25408   0.561700
25409   0.561600
25410   0.561700
25411   0.561700
25412   0.561400
25413   0.561200
25414   0.561500
25415   0.561300
25416   0.561100
25417   0.561100
25418   0.561200
25419   0.561300
25420   0.561600
25421   0.561500
25422   0.562700
25423   0.561900
25424   0.561200
25425   0.560500
25426   0.560900
25427   0.559500
25428   0.559800
25429   0.559200
25430   0.559300
25431   0.560600
25432   0.561300
25433   0.561200
25434   0.561100
25435   0.562300
25436   0.562900
25437   0.563200
25438   0.563300
25439   0.562500
25440   0.562900
25441   0.563500
25442   0.564100
25443   0.564000
25444   0.562500
25445   0.562600
25446   0.562700
25447   0.562800
25448   0.561600
25449   0.561500
25450   0.561200
25451   0.561700
25452   0.561800
25453   0.561800
25454   0.562000
25455   0.561900
25456   0.561900
25457   0.562600
25458   0.562800
25459   0.563600
25460   0.564800
25461   0.564400
25462   0.563700
25463   0.563100
25464   0.563800
25465   0.564200
25466   0.563500
25467   0.564400
25468   0.563800
25469   0.563600
25470   0.562900
25471   0.563100
25472   0.563300
25473   0.564100
25474   0.564400
25475   0.564300
25476   0.564800
25477   0.563800
25478   0.563500
25479   0.563400
25480   0.563100
25481   0.563600
25482   0.563400
25483   0.563300
25484   0.563500
25485   0.563900
25486   0.563700
25487   0.563600
25488   0.563000
25489   0.563400
25490   0.562700
25491   0.562600
25492   0.562400
25493   0.561900
25494   0.560600
25495   0.561000
25496   0.560400
25497   0.560200
25498   0.559600
25499   0.560000
25500   0.559700
25501   0.560000
25502   0.560500
25503   0.561800
25504   0.561000
25505   0.561000
25506   0.560500
25507   0.561100
25508   0.560700
25509   0.561600
25510   0.561400
25511   0.561100
25512   0.560600
25513   0.561600
25514   0.561400
25515   0.561400
25516   0.561300
25517   0.561900
25518   0.561600
25519   0.561800
25520   0.561200
25521   0.562000
25522   0.561600
25523   0.561700
25524   0.561800
25525   0.562700
25526   0.563600
25527   0.564800
25528   0.564700
25529   0.564600
25530   0.565900
25531   0.566200
25532   0.566200
25533   0.566500
25534   0.566400
25535   0.567000
25536   0.567700
25537   0.567600
25538   0.566900
25539   0.565800
25540   0.565600
25541   0.565000
25542   0.565000
25543   0.565900
25544   0.565700
25545   0.565500
25546   0.565100
25547   0.566000
25548   0.566600
25549   0.567000
25550   0.567200
25551   0.566900
25552   0.567600
25553   0.568400
25554   0.566900
25555   0.568700
25556   0.569000
25557   0.569100
25558   0.569100
25559   0.571300
25560   0.571100
25561   0.571400
25562   0.570700
25563   0.570300
25564   0.568800
25565   0.570500
25566   0.570300
25567   0.570200
25568   0.569800
25569   0.569400
25570   0.568300
25571   0.570100
25572   0.570000
25573   0.570900
25574   0.570900
25575   0.570700
25576   0.570100
25577   0.570400
25578   0.571200
25579   0.569800
25580   0.570200
25581   0.570100
25582   0.571300
25583   0.571900
25584   0.571400
25585   0.571100
25586   0.570800
25587   0.570700
25588   0.571000
25589   0.570300
25590   0.569500
25591   0.569900
25592   0.569700
25593   0.569000
25594   0.569000
25595   0.568600
25596   0.569700
25597   0.569600
25598   0.570400
25599   0.569900
25600   0.570600
25601   0.571300
25602   0.572400
25603   0.572600
25604   0.573600
25605   0.573900
25606   0.573700
25607   0.574100
25608   0.574400
25609   0.574300
25610   0.574400
25611   0.574500
25612   0.573500
25613   0.573700
25614   0.574600
25615   0.575200
25616   0.574400
25617   0.575100
25618   0.576500
25619   0.576900
25620   0.576800
25621   0.575300
25622   0.575500
25623   0.575200
25624   0.574900
25625   0.575200
25626   0.575500
25627   0.575800
25628   0.576200
25629   0.575500
25630   0.575500
25631   0.575600
25632   0.574800
25633   0.574900
25634   0.575100
25635   0.575600
25636   0.576000
25637   0.576400
25638   0.575800
25639   0.574400
25640   0.573500
25641   0.573800
25642   0.573600
25643   0.573500
25644   0.573200
25645   0.573200
25646   0.573700
25647   0.574400
25648   0.573900
25649   0.573400
25650   0.572800
25651   0.573200
25652   0.573800
25653   0.574000
25654   0.574000
25655   0.574300
25656   0.574600
25657   0.575900
25658   0.575200
25659   0.575400
25660   0.575500
25661   0.574900
25662   0.574200
25663   0.573400
25664   0.572300
25665   0.571600
25666   0.571900
25667   0.573200
25668   0.573200
25669   0.574200
25670   0.573600
25671   0.572800
25672   0.572400
25673   0.572300
25674   0.572700
25675   0.573000
25676   0.573200
25677   0.572000
25678   0.571200
25679   0.572100
25680   0.572600
25681   0.572800
25682   0.573700
25683   0.572700
25684   0.572000
25685   0.572800
25686   0.571900
25687   0.571600
25688   0.572400
25689   0.573400
25690   0.573100
25691   0.573000
25692   0.574600
25693   0.574700
25694   0.575700
25695   0.574800
25696   0.574300
25697   0.573600
25698   0.573800
25699   0.573400
25700   0.573900
25701   0.573900
25702   0.573700
25703   0.574800
25704   0.575300
25705   0.574000
25706   0.573200
25707   0.572100
25708   0.571100
25709   0.570600
25710   0.570600
25711   0.570200
25712   0.571100
25713   0.571500
25714   0.572700
25715   0.573300
25716   0.572800
25717   0.572100
25718   0.571000
25719   0.570700
25720   0.571800
25721   0.572600
25722   0.573600
25723   0.573800
25724   0.574600
25725   0.575000
25726   0.574400
25727   0.574400
25728   0.575400
25729   0.575400
25730   0.575000
25731   0.575200
25732   0.574800
25733   0.575700
25734   0.575100
25735   0.576700
25736   0.577100
25737   0.576000
25738   0.576000
25739   0.575900
25740   0.576100
25741   0.576300
25742   0.577000
25743   0.575700
25744   0.575200
25745   0.574300
25746   0.574500
25747   0.573300
25748   0.572900
25749   0.573300
25750   0.572600
25751   0.573000
25752   0.573200
25753   0.574100
25754   0.575300
25755   0.573700
25756   0.574200
25757   0.574900
25758   0.574700
25759   0.575100
25760   0.573900
25761   0.573100
25762   0.573300
25763   0.572300
25764   0.571600
25765   0.571100
25766   0.572000
25767   0.572100
25768   0.572800
25769   0.573200
25770   0.573500
25771   0.573700
25772   0.573000
25773   0.572800
25774   0.571700
25775   0.571800
25776   0.572100
25777   0.571600
25778   0.571200
25779   0.570900
25780   0.571500
25781   0.570600
25782   0.570200
25783   0.568600
25784   0.568800
25785   0.568800
25786   0.568100
25787   0.568200
25788   0.567700
25789   0.566700
25790   0.566300
25791   0.566300
25792   0.566000
25793   0.566000
25794   0.565900
25795   0.566700
25796   0.566800
25797   0.566900
25798   0.567600
25799   0.566800
25800   0.566500
25801   0.566600
25802   0.565600
25803   0.566600
25804   0.566900
25805   0.567200
25806   0.565900
25807   0.564900
25808   0.564300
25809   0.564700
25810   0.564700
25811   0.564200
25812   0.565000
25813   0.563900
25814   0.564500
25815   0.565300
25816   0.565300
25817   0.564300
25818   0.563300
25819   0.564300
25820   0.563300
25821   0.562800
25822   0.563300
25823   0.563800
25824   0.563400
25825   0.563600
25826   0.563800
25827   0.562700
25828   0.562500
25829   0.561700
25830   0.561700
25831   0.562600
25832   0.563100
25833   0.563200
25834   0.563200
25835   0.562300
25836   0.561700
25837   0.562000
25838   0.561700
25839   0.561300
25840   0.561900
25841   0.561600
25842   0.561700
25843   0.562000
25844   0.562300
25845   0.562300
25846   0.562000
25847   0.562800
25848   0.562500
25849   0.562300
25850   0.562500
25851   0.563500
25852   0.563600
25853   0.564000
25854   0.563600
25855   0.563400
25856   0.564200
25857   0.563900
25858   0.563600
25859   0.563400
25860   0.563700
25861   0.563900
25862   0.564200
25863   0.565000
25864   0.564900
25865   0.565500
25866   0.565000
25867   0.564600
25868   0.565100
25869   0.564300
25870   0.564100
25871   0.564400
25872   0.564100
25873   0.564300
25874   0.565000
25875   0.564600
25876   0.563700
25877   0.564000
25878   0.563200
25879   0.564300
25880   0.564700
25881   0.565300
25882   0.564700
25883   0.564100
25884   0.563600
25885   0.563200
25886   0.563400
25887   0.563200
25888   0.562400
25889   0.563000
25890   0.561600
25891   0.561600
25892   0.561500
25893   0.561400
25894   0.561800
25895   0.562800
25896   0.563700
25897   0.563500
25898   0.564100
25899   0.564900
25900   0.563200
25901   0.562200
25902   0.561400
25903   0.560600
25904   0.561400
25905   0.560600
25906   0.560100
25907   0.560600
25908   0.560800
25909   0.561400
25910   0.561300
25911   0.560700
25912   0.561200
25913   0.561300
25914   0.560200
25915   0.561300
25916   0.561500
25917   0.561800
25918   0.561300
25919   0.561400
25920   0.560400
25921   0.559900
25922   0.560700
25923   0.561000
25924   0.560600
25925   0.560100
25926   0.560100
25927   0.559400
25928   0.560700
25929   0.561700
25930   0.562500
25931   0.561000
25932   0.561600
25933   0.561000
25934   0.562300
25935   0.562600
25936   0.562700
25937   0.562900
25938   0.563500
25939   0.564100
25940   0.564000
25941   0.564500
25942   0.563300
25943   0.562700
25944   0.563400
25945   0.563600
25946   0.563100
25947   0.564200
25948   0.564300
25949   0.565000
25950   0.565800
25951   0.565300
25952   0.566200
25953   0.566100
25954   0.567600
25955   0.566600
25956   0.565800
25957   0.566000
25958   0.567200
25959   0.568700
25960   0.568900
25961   0.569400
25962   0.569800
25963   0.569300
25964   0.569800
25965   0.568600
25966   0.568600
25967   0.567800
25968   0.567400
25969   0.567500
25970   0.566900
25971   0.567100
25972   0.567500
25973   0.566700
25974   0.567300
25975   0.567600
25976   0.567100
25977   0.566400
25978   0.565100
25979   0.565600
25980   0.565400
25981   0.565400
25982   0.564600
25983   0.565300
25984   0.565300
25985   0.564500
25986   0.563000
25987   0.562800
25988   0.561400
25989   0.560800
25990   0.560300
25991   0.561800
25992   0.562300
25993   0.562400
25994   0.562300
25995   0.562700
25996   0.562600
25997   0.561900
25998   0.561700
25999   0.562100
26000   0.563100
26001   0.561900
26002   0.562100
26003   0.562400
26004   0.562100
26005   0.562300
26006   0.561800
26007   0.562800
26008   0.562200
26009   0.563300
26010   0.563400
26011   0.563300
26012   0.563500
26013   0.563700
26014   0.563600
26015   0.565000
26016   0.565600
26017   0.565700
26018   0.565100
26019   0.565000
26020   0.565300
26021   0.564700
26022   0.564400
26023   0.562800
26024   0.562200
26025   0.563000
26026   0.563200
26027   0.563100
26028   0.562800
26029   0.562900
26030   0.563100
26031   0.562400
26032   0.562600
26033   0.562700
26034   0.562900
26035   0.563300
26036   0.564300
26037   0.564200
26038   0.564500
26039   0.563900
26040   0.564700
26041   0.564200
26042   0.563900
26043   0.563300
26044   0.563700
26045   0.564500
26046   0.563300
26047   0.562900
26048   0.563100
26049   0.562600
26050   0.560800
26051   0.560100
26052   0.561200
26053   0.562100
26054   0.562100
26055   0.562500
26056   0.562500
26057   0.562700
26058   0.563300
26059   0.564600
26060   0.564000
26061   0.564500
26062   0.564700
26063   0.565200
26064   0.564500
26065   0.564000
26066   0.562900
26067   0.563200
26068   0.563000
26069   0.562800
26070   0.563300
26071   0.564000
26072   0.564300
26073   0.564200
26074   0.564800
26075   0.565700
26076   0.566100
26077   0.567000
26078   0.567400
26079   0.567600
26080   0.567200
26081   0.567200
26082   0.567200
26083   0.567000
26084   0.566600
26085   0.567000
26086   0.567400
26087   0.568100
26088   0.567000
26089   0.566600
26090   0.566700
26091   0.568100
26092   0.568200
26093   0.567600
26094   0.567500
26095   0.567000
26096   0.567500
26097   0.569500
26098   0.570700
26099   0.571300
26100   0.571700
26101   0.571100
26102   0.571200
26103   0.572400
26104   0.572400
26105   0.571500
26106   0.572100
26107   0.572300
26108   0.573900
26109   0.574300
26110   0.574500
26111   0.575200
26112   0.575900
26113   0.575100
26114   0.574300
26115   0.574300
26116   0.574300
26117   0.574000
26118   0.574100
26119   0.573500
26120   0.573600
26121   0.574700
26122   0.575000
26123   0.574700
26124   0.575600
26125   0.576000
26126   0.575700
26127   0.575600
26128   0.575200
26129   0.575100
26130   0.574600
26131   0.575100
26132   0.575200
26133   0.575000
26134   0.574300
26135   0.575600
26136   0.575200
26137   0.575000
26138   0.574600
26139   0.574800
26140   0.575100
26141   0.575100
26142   0.574500
26143   0.575000
26144   0.575100
26145   0.574900
26146   0.575300
26147   0.574700
26148   0.574000
26149   0.572600
26150   0.572400
26151   0.572200
26152   0.571300
26153   0.571600
26154   0.571500
26155   0.571300
26156   0.570900
26157   0.569600
26158   0.568900
26159   0.569300
26160   0.569900
26161   0.570200
26162   0.570300
26163   0.569800
26164   0.569700
26165   0.569700
26166   0.570500
26167   0.570300
26168   0.569700
26169   0.570000
26170   0.569900
26171   0.569800
26172   0.569400
26173   0.568600
26174   0.567600
26175   0.568100
26176   0.567900
26177   0.567900
26178   0.568000
26179   0.568000
26180   0.567600
26181   0.567800
26182   0.567400
26183   0.568500
26184   0.568200
26185   0.568400
26186   0.567400
26187   0.568200
26188   0.566900
26189   0.567000
26190   0.567400
26191   0.567900
26192   0.567800
26193   0.568000
26194   0.567900
26195   0.567900
26196   0.566300
26197   0.565300
26198   0.567200
26199   0.567600
26200   0.566700
26201   0.566200
26202   0.565500
26203   0.564700
26204   0.565300
26205   0.565000
26206   0.565900
26207   0.566700
26208   0.566600
26209   0.567600
26210   0.566400
26211   0.566700
26212   0.565900
26213   0.565800
26214   0.564400
26215   0.563800
26216   0.565100
26217   0.566000
26218   0.566800
26219   0.566800
26220   0.566000
26221   0.566000
26222   0.566400
26223   0.567100
26224   0.566900
26225   0.568100
26226   0.567900
26227   0.567300
26228   0.567100
26229   0.567900
26230   0.566800
26231   0.567100
26232   0.567800
26233   0.565600
26234   0.566700
26235   0.566600
26236   0.567500
26237   0.567500
26238   0.567800
26239   0.567800
26240   0.567900
26241   0.568300
26242   0.568500
26243   0.567900
26244   0.568300
26245   0.568100
26246   0.569700
26247   0.570400
26248   0.570400
26249   0.570100
26250   0.569700
26251   0.569800
26252   0.569500
26253   0.569500
26254   0.569500
26255   0.568500
26256   0.567700
26257   0.567000
26258   0.567700
26259   0.567700
26260   0.566100
26261   0.566100
26262   0.566600
26263   0.568000
26264   0.568500
26265   0.569000
26266   0.568700
26267   0.569700
26268   0.570500
26269   0.571300
26270   0.570900
26271   0.570900
26272   0.571100
26273   0.570500
26274   0.571800
26275   0.571400
26276   0.571900
26277   0.572000
26278   0.571700
26279   0.572100
26280   0.572100
26281   0.572800
26282   0.574000
26283   0.573600
26284   0.574400
26285   0.574900
26286   0.576300
26287   0.575500
26288   0.575800
26289   0.576100
26290   0.576800
26291   0.577200
26292   0.577700
26293   0.576400
26294   0.576900
26295   0.576800
26296   0.575800
26297   0.575400
26298   0.575500
26299   0.575800
26300   0.575400
26301   0.574900
26302   0.574500
26303   0.573600
26304   0.572800
26305   0.573600
26306   0.572800
26307   0.574100
26308   0.575300
26309   0.576300
26310   0.576800
26311   0.577500
26312   0.577500
26313   0.576500
26314   0.577400
26315   0.577200
26316   0.577300
26317   0.577500
26318   0.578100
26319   0.578800
26320   0.578700
26321   0.578900
26322   0.578900
26323   0.578700
26324   0.578300
26325   0.578300
26326   0.580200
26327   0.581500
26328   0.582000
26329   0.581400
26330   0.580800
26331   0.579600
26332   0.580500
26333   0.580700
26334   0.582500
26335   0.582500
26336   0.582400
26337   0.583300
26338   0.583000
26339   0.582500
26340   0.582900
26341   0.582300
26342   0.582900
26343   0.582500
26344   0.583000
26345   0.583000
26346   0.582000
26347   0.581800
26348   0.582800
26349   0.584000
26350   0.584600
26351   0.584100
26352   0.583500
26353   0.583300
26354   0.583000
26355   0.582700
26356   0.583000
26357   0.583200
26358   0.582600
26359   0.581900
26360   0.581000
26361   0.581500
26362   0.581500
26363   0.582300
26364   0.581400
26365   0.581400
26366   0.581700
26367   0.580900
26368   0.579600
26369   0.579900
26370   0.578900
26371   0.579600
26372   0.579600
26373   0.580800
26374   0.580600
26375   0.580000
26376   0.579300
26377   0.580300
26378   0.579500
26379   0.580000
26380   0.580400
26381   0.582000
26382   0.580700
26383   0.581500
26384   0.581900
26385   0.581500
26386   0.580900
26387   0.580500
26388   0.580300
26389   0.580300
26390   0.580800
26391   0.580700
26392   0.579900
26393   0.578900
26394   0.578300
26395   0.577000
26396   0.577300
26397   0.576800
26398   0.576200
26399   0.576600
26400   0.575600
26401   0.575000
26402   0.574000
26403   0.574500
26404   0.574100
26405   0.574000
26406   0.573600
26407   0.572700
26408   0.571800
26409   0.572800
26410   0.573500
26411   0.573200
26412   0.573400
26413   0.574300
26414   0.573200
26415   0.572900
26416   0.571900
26417   0.572000
26418   0.572600
26419   0.573300
26420   0.573700
26421   0.573800
26422   0.573700
26423   0.573500
26424   0.573300
26425   0.573300
26426   0.573200
26427   0.573800
26428   0.573500
26429   0.574500
26430   0.574100
26431   0.574100
26432   0.574900
26433   0.575200
26434   0.574700
26435   0.575600
26436   0.575300
26437   0.575300
26438   0.575500
26439   0.576200
26440   0.576300
26441   0.575800
26442   0.576400
26443   0.575700
26444   0.576500
26445   0.577600
26446   0.578800
26447   0.579300
26448   0.578000
26449   0.578200
26450   0.576800
26451   0.577200
26452   0.576600
26453   0.578000
26454   0.578400
26455   0.578000
26456   0.577600
26457   0.579100
26458   0.579100
26459   0.579300
26460   0.579100
26461   0.578200
26462   0.577600
26463   0.577800
26464   0.579400
26465   0.579700
26466   0.580000
26467   0.581300
26468   0.581900
26469   0.581300
26470   0.581100
26471   0.580800
26472   0.581000
26473   0.582300
26474   0.582100
26475   0.581700
26476   0.581400
26477   0.582100
26478   0.582300
26479   0.583300
26480   0.582600
26481   0.581500
26482   0.582100
26483   0.582100
26484   0.581600
26485   0.582500
26486   0.583200
26487   0.582700
26488   0.583400
26489   0.583400
26490   0.583500
26491   0.582900
26492   0.581400
26493   0.581900
26494   0.581500
26495   0.582400
26496   0.581700
26497   0.582900
26498   0.581900
26499   0.581500
26500   0.580800
26501   0.580500
26502   0.580300
26503   0.580800
26504   0.580600
26505   0.579600
26506   0.579600
26507   0.579300
26508   0.579500
26509   0.577800
26510   0.577700
26511   0.576900
26512   0.576500
26513   0.576000
26514   0.576400
26515   0.576500
26516   0.575300
26517   0.575700
26518   0.575800
26519   0.576200
26520   0.576100
26521   0.575500
26522   0.576200
26523   0.576400
26524   0.576700
26525   0.576900
26526   0.577400
26527   0.577500
26528   0.577100
26529   0.576600
26530   0.577200
26531   0.577000
26532   0.577500
26533   0.577800
26534   0.577100
26535   0.576900
26536   0.577000
26537   0.576300
26538   0.575600
26539   0.575700
26540   0.575400
26541   0.575400
26542   0.575900
26543   0.575900
26544   0.576300
26545   0.577300
26546   0.577200
26547   0.577800
26548   0.578000
26549   0.578000
26550   0.578600
26551   0.578900
26552   0.580700
26553   0.579000
26554   0.579000
26555   0.578400
26556   0.578700
26557   0.578000
26558   0.578100
26559   0.578700
26560   0.579300
26561   0.579100
26562   0.579500
26563   0.580200
26564   0.580500
26565   0.579700
26566   0.578900
26567   0.578400
26568   0.579000
26569   0.578300
26570   0.577900
26571   0.578200
26572   0.577400
26573   0.577900
26574   0.577600
26575   0.578000
26576   0.578300
26577   0.578800
26578   0.578400
26579   0.577400
26580   0.578600
26581   0.578400
26582   0.578700
26583   0.577200
26584   0.577500
26585   0.578200
26586   0.578500
26587   0.578800
26588   0.579000
26589   0.580900
26590   0.581800
26591   0.581800
26592   0.582200
26593   0.581400
26594   0.581500
26595   0.581700
26596   0.581000
26597   0.579000
26598   0.579200
26599   0.579200
26600   0.579500
26601   0.578800
26602   0.579000
26603   0.580000
26604   0.579900
26605   0.579300
26606   0.579000
26607   0.579800
26608   0.580100
26609   0.579300
26610   0.578200
26611   0.578700
26612   0.579200
26613   0.580000
26614   0.580800
26615   0.582500
26616   0.583500
26617   0.584200
26618   0.584000
26619   0.584400
26620   0.583700
26621   0.583400
26622   0.582700
26623   0.582500
26624   0.582800
26625   0.583400
26626   0.583800
26627   0.584200
26628   0.582200
26629   0.581300
26630   0.582400
26631   0.581400
26632   0.581500
26633   0.582200
26634   0.582400
26635   0.582300
26636   0.580400
26637   0.579900
26638   0.580700
26639   0.579600
26640   0.580000
26641   0.579700
26642   0.580000
26643   0.578800
26644   0.579500
26645   0.579500
26646   0.580900
26647   0.580700
26648   0.580400
26649   0.580400
26650   0.581400
26651   0.581600
26652   0.582600
26653   0.583000
26654   0.583900
26655   0.583900
26656   0.584300
26657   0.584800
26658   0.584600
26659   0.584500
26660   0.585400
26661   0.586700
26662   0.586000
26663   0.586300
26664   0.585100
26665   0.585200
26666   0.586100
26667   0.585800
26668   0.585000
26669   0.583000
26670   0.582300
26671   0.582500
26672   0.582700
26673   0.582000
26674   0.581200
26675   0.581100
26676   0.581100
26677   0.581200
26678   0.580100
26679   0.580600
26680   0.581500
26681   0.581000
26682   0.581000
26683   0.581500
26684   0.580800
26685   0.580800
26686   0.581500
26687   0.582500
26688   0.582500
26689   0.583000
26690   0.583200
26691   0.583800
26692   0.584500
26693   0.583900
26694   0.585200
26695   0.585200
26696   0.586100
26697   0.585500
26698   0.585600
26699   0.586800
26700   0.587000
26701   0.587000
26702   0.586100
26703   0.585700
26704   0.585800
26705   0.587200
26706   0.586800
26707   0.586900
26708   0.588100
26709   0.587900
26710   0.588200
26711   0.588200
26712   0.587800
26713   0.588000
26714   0.587800
26715   0.587300
26716   0.587000
26717   0.586700
26718   0.585800
26719   0.585200
26720   0.583900
26721   0.583800
26722   0.584500
26723   0.584100
26724   0.583300
26725   0.582800
26726   0.581800
26727   0.582200
26728   0.581500
26729   0.581200
26730   0.580500
26731   0.579800
26732   0.580100
26733   0.580900
26734   0.579900
26735   0.580500
26736   0.580500
26737   0.580100
26738   0.580600
26739   0.580500
26740   0.580300
26741   0.579400
26742   0.578900
26743   0.579400
26744   0.580900
26745   0.581000
26746   0.581500
26747   0.582500
26748   0.582500
26749   0.583200
26750   0.583200
26751   0.582400
26752   0.581300
26753   0.581000
26754   0.580100
26755   0.580500
26756   0.580300
26757   0.580300
26758   0.580900
26759   0.579700
26760   0.579000
26761   0.580000
26762   0.579300
26763   0.579600
26764   0.580600
26765   0.581000
26766   0.580900
26767   0.581100
26768   0.582000
26769   0.582000
26770   0.581500
26771   0.582100
26772   0.582000
26773   0.581800
26774   0.582200
26775   0.582000
26776   0.581800
26777   0.582300
26778   0.583000
26779   0.583500
26780   0.584800
26781   0.585800
26782   0.585800
26783   0.585900
26784   0.585500
26785   0.585800
26786   0.585700
26787   0.584900
26788   0.585600
26789   0.585800
26790   0.586000
26791   0.586700
26792   0.585400
26793   0.585400
26794   0.585300
26795   0.584700
26796   0.585100
26797   0.584700
26798   0.585700
26799   0.585600
26800   0.586600
26801   0.586100
26802   0.585900
26803   0.584800
26804   0.584400
26805   0.584300
26806   0.584600
26807   0.584100
26808   0.584700
26809   0.583400
26810   0.583600
26811   0.582700
26812   0.582200
26813   0.583400
26814   0.582900
26815   0.581700
26816   0.581500
26817   0.581700
26818   0.581800
26819   0.581000
26820   0.582100
26821   0.582100
26822   0.580900
26823   0.580900
26824   0.579900
26825   0.579800
26826   0.579300
26827   0.578700
26828   0.579000
26829   0.579900
26830   0.581100
26831   0.580700
26832   0.580500
26833   0.581300
26834   0.582200
26835   0.582400
26836   0.582700
26837   0.582800
26838   0.582600
26839   0.582800
26840   0.583200
26841   0.584200
26842   0.584300
26843   0.584900
26844   0.584000
26845   0.584600
26846   0.584000
26847   0.584200
26848   0.583600
26849   0.583900
26850   0.584000
26851   0.584400
26852   0.584800
26853   0.584500
26854   0.584600
26855   0.585100
26856   0.586300
26857   0.586100
26858   0.587100
26859   0.587200
26860   0.587900
26861   0.587200
26862   0.587900
26863   0.588000
26864   0.588100
26865   0.588000
26866   0.586900
26867   0.586000
26868   0.585800
26869   0.587000
26870   0.586200
26871   0.586400
26872   0.587100
26873   0.586700
26874   0.586300
26875   0.587100
26876   0.586200
26877   0.586600
26878   0.586000
26879   0.586500
26880   0.587300
26881   0.586800
26882   0.586900
26883   0.586800
26884   0.587400
26885   0.586400
26886   0.586000
26887   0.585200
26888   0.584700
26889   0.584100
26890   0.584900
26891   0.586500
26892   0.585700
26893   0.586100
26894   0.587400
26895   0.587600
26896   0.587600
26897   0.588900
26898   0.588800
26899   0.588600
26900   0.588600
26901   0.588500
26902   0.588500
26903   0.588900
26904   0.588400
26905   0.586700
26906   0.586700
26907   0.586000
26908   0.585300
26909   0.585500
26910   0.585500
26911   0.585100
26912   0.585500
26913   0.585300
26914   0.584700
26915   0.584100
26916   0.584400
26917   0.584200
26918   0.584300
26919   0.584800
26920   0.585300
26921   0.585400
26922   0.586900
26923   0.587100
26924   0.586800
26925   0.586000
26926   0.584900
26927   0.585800
26928   0.584400
26929   0.584200
26930   0.583800
26931   0.584400
26932   0.584200
26933   0.584300
26934   0.584400
26935   0.583500
26936   0.583200
26937   0.582800
26938   0.582700
26939   0.583600
26940   0.584100
26941   0.583800
26942   0.583900
26943   0.582700
26944   0.581800
26945   0.582400
26946   0.582700
26947   0.582200
26948   0.582600
26949   0.581600
26950   0.581800
26951   0.581700
26952   0.581500
26953   0.581200
26954   0.580800
26955   0.580600
26956   0.580100
26957   0.579900
26958   0.580400
26959   0.580700
26960   0.580400
26961   0.581200
26962   0.582500
26963   0.582800
26964   0.582000
26965   0.583100
26966   0.582700
26967   0.582300
26968   0.583400
26969   0.583100
26970   0.583400
26971   0.582600
26972   0.582300
26973   0.583400
26974   0.582500
26975   0.581900
26976   0.581800
26977   0.580800
26978   0.580100
26979   0.581300
26980   0.581100
26981   0.581200
26982   0.581300
26983   0.581000
26984   0.582400
26985   0.582900
26986   0.582600
26987   0.582600
26988   0.582000
26989   0.583200
26990   0.582700
26991   0.582700
26992   0.583100
26993   0.583200
26994   0.582800
26995   0.582800
26996   0.584200
26997   0.584300
26998   0.583700
26999   0.584000
27000   0.583600
27001   0.583000
27002   0.581300
27003   0.581900
27004   0.582600
27005   0.582000
27006   0.581400
27007   0.581800
27008   0.581600
27009   0.581600
27010   0.582800
27011   0.582800
27012   0.582100
27013   0.583000
27014   0.582900
27015   0.584300
27016   0.584000
27017   0.583800
27018   0.583800
27019   0.583900
27020   0.583200
27021   0.582800
27022   0.582400
27023   0.583100
27024   0.584200
27025   0.585000
27026   0.585500
27027   0.586000
27028   0.585400
27029   0.585800
27030   0.585200
27031   0.585100
27032   0.585200
27033   0.584400
27034   0.585500
27035   0.586200
27036   0.586400
27037   0.586900
27038   0.586700
27039   0.587600
27040   0.587300
27041   0.588300
27042   0.588000
27043   0.587800
27044   0.588800
27045   0.587800
27046   0.587500
27047   0.587700
27048   0.587500
27049   0.588300
27050   0.587600
27051   0.587500
27052   0.587300
27053   0.586600
27054   0.587100
27055   0.587300
27056   0.588500
27057   0.588400
27058   0.587800
27059   0.587900
27060   0.587800
27061   0.588500
27062   0.589500
27063   0.588500
27064   0.588400
27065   0.588900
27066   0.590000
27067   0.590000
27068   0.590200
27069   0.590700
27070   0.591500
27071   0.590100
27072   0.589800
27073   0.589600
27074   0.590800
27075   0.590600
27076   0.591700
27077   0.591300
27078   0.592600
27079   0.592500
27080   0.592600
27081   0.591500
27082   0.591100
27083   0.589800
27084   0.590800
27085   0.591800
27086   0.591900
27087   0.591300
27088   0.590100
27089   0.589800
27090   0.590000
27091   0.590000
27092   0.589000
27093   0.588400
27094   0.588600
27095   0.588300
27096   0.589000
27097   0.588800
27098   0.587100
27099   0.586400
27100   0.587000
27101   0.588000
27102   0.589200
27103   0.589200
27104   0.589500
27105   0.588100
27106   0.587400
27107   0.587200
27108   0.586200
27109   0.586900
27110   0.584700
27111   0.585300
27112   0.585400
27113   0.586400
27114   0.585900
27115   0.585800
27116   0.586100
27117   0.587200
27118   0.588100
27119   0.587300
27120   0.587700
27121   0.586800
27122   0.586800
27123   0.587100
27124   0.586800
27125   0.588100
27126   0.589400
27127   0.589900
27128   0.589400
27129   0.588700
27130   0.588800
27131   0.588300
27132   0.588000
27133   0.587500
27134   0.588200
27135   0.587400
27136   0.586300
27137   0.587300
27138   0.587800
27139   0.587700
27140   0.587900
27141   0.587100
27142   0.586500
27143   0.587100
27144   0.587800
27145   0.587600
27146   0.588100
27147   0.586900
27148   0.585600
27149   0.586100
27150   0.585900
27151   0.586900
27152   0.587100
27153   0.587400
27154   0.588400
27155   0.588400
27156   0.587900
27157   0.588700
27158   0.587300
27159   0.586700
27160   0.586600
27161   0.587600
27162   0.587300
27163   0.587900
27164   0.586700
27165   0.586000
27166   0.586300
27167   0.586600
27168   0.586200
27169   0.586500
27170   0.585800
27171   0.586400
27172   0.585900
27173   0.585900
27174   0.586300
27175   0.587100
27176   0.587500
27177   0.588700
27178   0.589800
27179   0.589300
27180   0.589700
27181   0.589000
27182   0.588400
27183   0.588000
27184   0.587800
27185   0.587500
27186   0.588300
27187   0.589200
27188   0.588800
27189   0.588800
27190   0.589000
27191   0.589500
27192   0.589300
27193   0.589000
27194   0.589000
27195   0.588700
27196   0.588700
27197   0.589100
27198   0.589000
27199   0.590100
27200   0.591200
27201   0.590600
27202   0.591900
27203   0.590900
27204   0.590900
27205   0.590400
27206   0.590300
27207   0.590800
27208   0.591300
27209   0.591800
27210   0.591000
27211   0.590800
27212   0.590100
27213   0.590400
27214   0.590700
27215   0.591200
27216   0.591300
27217   0.591700
27218   0.592400
27219   0.591700
27220   0.591000
27221   0.590800
27222   0.591600
27223   0.591700
27224   0.591400
27225   0.592000
27226   0.592300
27227   0.592200
27228   0.591600
27229   0.591500
27230   0.591400
27231   0.590600
27232   0.590300
27233   0.591300
27234   0.591700
27235   0.591100
27236   0.592100
27237   0.593100
27238   0.593100
27239   0.594100
27240   0.593800
27241   0.594200
27242   0.595400
27243   0.595600
27244   0.595900
27245   0.596600
27246   0.595800
27247   0.596100
27248   0.596700
27249   0.596300
27250   0.595500
27251   0.595800
27252   0.595800
27253   0.595700
27254   0.595200
27255   0.594800
27256   0.595700
27257   0.595000
27258   0.594700
27259   0.594600
27260   0.595800
27261   0.595600
27262   0.594800
27263   0.594400
27264   0.595000
27265   0.595100
27266   0.595600
27267   0.595600
27268   0.596300
27269   0.596400
27270   0.595900
27271   0.594600
27272   0.594000
27273   0.593400
27274   0.591600
27275   0.591600
27276   0.592700
27277   0.593000
27278   0.593000
27279   0.592700
27280   0.593100
27281   0.593800
27282   0.593500
27283   0.593900
27284   0.595500
27285   0.595800
27286   0.596400
27287   0.596300
27288   0.596400
27289   0.596500
27290   0.596500
27291   0.596100
27292   0.597400
27293   0.597700
27294   0.597300
27295   0.597200
27296   0.596800
27297   0.597400
27298   0.596900
27299   0.598400
27300   0.597900
27301   0.598800
27302   0.600200
27303   0.600900
27304   0.601000
27305   0.601900
27306   0.603100
27307   0.602700
27308   0.602300
27309   0.602300
27310   0.601600
27311   0.600600
27312   0.601300
27313   0.601700
27314   0.600800
27315   0.600500
27316   0.600600
27317   0.600500
27318   0.600100
27319   0.600400
27320   0.600500
27321   0.600500
27322   0.601200
27323   0.601300
27324   0.601800
27325   0.601900
27326   0.601600
27327   0.603500
27328   0.604100
27329   0.604700
27330   0.604900
27331   0.605200
27332   0.606000
27333   0.604800
27334   0.604000
27335   0.604800
27336   0.605100
27337   0.606000
27338   0.605700
27339   0.605100
27340   0.605300
27341   0.605500
27342   0.605500
27343   0.605200
27344   0.606800
27345   0.606800
27346   0.607400
27347   0.607400
27348   0.607800
27349   0.608700
27350   0.608500
27351   0.609400
27352   0.608900
27353   0.609000
27354   0.609400
27355   0.609100
27356   0.609800
27357   0.609800
27358   0.608600
27359   0.608500
27360   0.608300
27361   0.608800
27362   0.608700
27363   0.608500
27364   0.608500
27365   0.608200
27366   0.608600
27367   0.609400
27368   0.608300
27369   0.607200
27370   0.606700
27371   0.606200
27372   0.606400
27373   0.606100
27374   0.606100
27375   0.606900
27376   0.606100
27377   0.606700
27378   0.607300
27379   0.606600
27380   0.607000
27381   0.607300
27382   0.607700
27383   0.608200
27384   0.607800
27385   0.608300
27386   0.608000
27387   0.608000
27388   0.606800
27389   0.607000
27390   0.607600
27391   0.607700
27392   0.607500
27393   0.606700
27394   0.607100
27395   0.606900
27396   0.607400
27397   0.607800
27398   0.608100
27399   0.608200
27400   0.607500
27401   0.608100
27402   0.607700
27403   0.607800
27404   0.606500
27405   0.606900
27406   0.606700
27407   0.606400
27408   0.606200
27409   0.605500
27410   0.606400
27411   0.606700
27412   0.607000
27413   0.607600
27414   0.607800
27415   0.608200
27416   0.608100
27417   0.607400
27418   0.608100
27419   0.608300
27420   0.608000
27421   0.607900
27422   0.608600
27423   0.608200
27424   0.608000
27425   0.607700
27426   0.607100
27427   0.607000
27428   0.607100
27429   0.607900
27430   0.607800
27431   0.607200
27432   0.606600
27433   0.606500
27434   0.606000
27435   0.605900
27436   0.607100
27437   0.607100
27438   0.608100
27439   0.607700
27440   0.607600
27441   0.607300
27442   0.608200
27443   0.608000
27444   0.608700
27445   0.607400
27446   0.607200
27447   0.608700
27448   0.608800
27449   0.608700
27450   0.608700
27451   0.608500
27452   0.607900
27453   0.608400
27454   0.607100
27455   0.607000
27456   0.607200
27457   0.607200
27458   0.606700
27459   0.607400
27460   0.608100
27461   0.608100
27462   0.607200
27463   0.607500
27464   0.606900
27465   0.605700
27466   0.605900
27467   0.605100
27468   0.606100
27469   0.606500
27470   0.606700
27471   0.606500
27472   0.606000
27473   0.606200
27474   0.607000
27475   0.607000
27476   0.605500
27477   0.605600
27478   0.605500
27479   0.604800
27480   0.605400
27481   0.606500
27482   0.606200
27483   0.606200
27484   0.605900
27485   0.606000
27486   0.606900
27487   0.607100
27488   0.607400
27489   0.606600
27490   0.607400
27491   0.607200
27492   0.608100
27493   0.607900
27494   0.607800
27495   0.608200
27496   0.608700
27497   0.608300
27498   0.607700
27499   0.606900
27500   0.606900
27501   0.609200
27502   0.608300
27503   0.608200
27504   0.607200
27505   0.606500
27506   0.606100
27507   0.606300
27508   0.606000
27509   0.606000
27510   0.606100
27511   0.606100
27512   0.606700
27513   0.607200
27514   0.607200
27515   0.607300
27516   0.607400
27517   0.606800
27518   0.607400
27519   0.606200
27520   0.606800
27521   0.606700
27522   0.606800
27523   0.605900
27524   0.605500
27525   0.605500
27526   0.605900
27527   0.605500
27528   0.605400
27529   0.605400
27530   0.605300
27531   0.604900
27532   0.605200
27533   0.604600
27534   0.604100
27535   0.605100
27536   0.605100
27537   0.604900
27538   0.604700
27539   0.604300
27540   0.604200
27541   0.604400
27542   0.604500
27543   0.604400
27544   0.603300
27545   0.602400
27546   0.603700
27547   0.604300
27548   0.605200
27549   0.604400
27550   0.603700
27551   0.603100
27552   0.604100
27553   0.603000
27554   0.603000
27555   0.602400
27556   0.602600
27557   0.602800
27558   0.603000
27559   0.603500
27560   0.604100
27561   0.604500
27562   0.604000
27563   0.603700
27564   0.604000
27565   0.604300
27566   0.604500
27567   0.604000
27568   0.604900
27569   0.604900
27570   0.604400
27571   0.603900
27572   0.603800
27573   0.604100
27574   0.603700
27575   0.604400
27576   0.603600
27577   0.603800
27578   0.604000
27579   0.604800
27580   0.604800
27581   0.604700
27582   0.604200
27583   0.605400
27584   0.605300
27585   0.606200
27586   0.606100
27587   0.606100
27588   0.605600
27589   0.605400
27590   0.606500
27591   0.607300
27592   0.607300
27593   0.606700
27594   0.606600
27595   0.606500
27596   0.606200
27597   0.607500
27598   0.607500
27599   0.608100
27600   0.607400
27601   0.608100
27602   0.608900
27603   0.607900
27604   0.607500
27605   0.608000
27606   0.607200
27607   0.606500
27608   0.607200
27609   0.607900
27610   0.607800
27611   0.606600
27612   0.607400
27613   0.607000
27614   0.606800
27615   0.606400
27616   0.605600
27617   0.605800
27618   0.605000
27619   0.606300
27620   0.606700
27621   0.605200
27622   0.605100
27623   0.604900
27624   0.605400
27625   0.605600
27626   0.606000
27627   0.606300
27628   0.605600
27629   0.604900
27630   0.603300
27631   0.603400
27632   0.603700
27633   0.604300
27634   0.604700
27635   0.605800
27636   0.607300
27637   0.607100
27638   0.607600
27639   0.608900
27640   0.609000
27641   0.608800
27642   0.608100
27643   0.608200
27644   0.606800
27645   0.606800
27646   0.607200
27647   0.606700
27648   0.606300
27649   0.606000
27650   0.606300
27651   0.606000
27652   0.607100
27653   0.608400
27654   0.608600
27655   0.608700
27656   0.608300
27657   0.607900
27658   0.607700
27659   0.607800
27660   0.607900
27661   0.608700
27662   0.609700
27663   0.608800
27664   0.609400
27665   0.609200
27666   0.608800
27667   0.609100
27668   0.610100
27669   0.610400
27670   0.609200
27671   0.608300
27672   0.609200
27673   0.610000
27674   0.611200
27675   0.611700
27676   0.611000
27677   0.611000
27678   0.611200
27679   0.611100
27680   0.611500
27681   0.610200
27682   0.608900
27683   0.609400
27684   0.609700
27685   0.609200
27686   0.609000
27687   0.609600
27688   0.609400
27689   0.608900
27690   0.607800
27691   0.607700
27692   0.606900
27693   0.606700
27694   0.607300
27695   0.607300
27696   0.607500
27697   0.607000
27698   0.606900
27699   0.607000
27700   0.607600
27701   0.607600
27702   0.608600
27703   0.608900
27704   0.608600
27705   0.607500
27706   0.607400
27707   0.606400
27708   0.606400
27709   0.607400
27710   0.608000
27711   0.608600
27712   0.607500
27713   0.607600
27714   0.607400
27715   0.607400
27716   0.606800
27717   0.607100
27718   0.607700
27719   0.607700
27720   0.608800
27721   0.609500
27722   0.610100
27723   0.611000
27724   0.610500
27725   0.610300
27726   0.610100
27727   0.611700
27728   0.611500
27729   0.611100
27730   0.612000
27731   0.612200
27732   0.610100
27733   0.609900
27734   0.609900
27735   0.610100
27736   0.609700
27737   0.609300
27738   0.609600
27739   0.609800
27740   0.610000
27741   0.610200
27742   0.610400
27743   0.611000
27744   0.611000
27745   0.609800
27746   0.609200
27747   0.609000
27748   0.609200
27749   0.609900
27750   0.610200
27751   0.610500
27752   0.609300
27753   0.608800
27754   0.608500
27755   0.608900
27756   0.609900
27757   0.609700
27758   0.609400
27759   0.609900
27760   0.609700
27761   0.610400
27762   0.610500
27763   0.610700
27764   0.610900
27765   0.610800
27766   0.611200
27767   0.612100
27768   0.611800
27769   0.611900
27770   0.611800
27771   0.611800
27772   0.612200
27773   0.612200
27774   0.612400
27775   0.612400
27776   0.612200
27777   0.612300
27778   0.612800
27779   0.613000
27780   0.612600
27781   0.612600
27782   0.612900
27783   0.613300
27784   0.613700
27785   0.613800
27786   0.614100
27787   0.613500
27788   0.613500
27789   0.612700
27790   0.612900
27791   0.612100
27792   0.612500
27793   0.613200
27794   0.613200
27795   0.612800
27796   0.612200
27797   0.611500
27798   0.611300
27799   0.610900
27800   0.611000
27801   0.609800
27802   0.610000
27803   0.609200
27804   0.609300
27805   0.608900
27806   0.610500
27807   0.610800
27808   0.609800
27809   0.609700
27810   0.609200
27811   0.608500
27812   0.608900
27813   0.608400
27814   0.608400
27815   0.608800
27816   0.609400
27817   0.609400
27818   0.608700
27819   0.607600
27820   0.606800
27821   0.608300
27822   0.607300
27823   0.606900
27824   0.606900
27825   0.607100
27826   0.607600
27827   0.607900
27828   0.608000
27829   0.607400
27830   0.608000
27831   0.609300
27832   0.609200
27833   0.608100
27834   0.607700
27835   0.608300
27836   0.608800
27837   0.607900
27838   0.607600
27839   0.607200
27840   0.607300
27841   0.607600
27842   0.606100
27843   0.606700
27844   0.608200
27845   0.607300
27846   0.606700
27847   0.606800
27848   0.606100
27849   0.606500
27850   0.605200
27851   0.604500
27852   0.605900
27853   0.606100
27854   0.606300
27855   0.607200
27856   0.605800
27857   0.606200
27858   0.606200
27859   0.605400
27860   0.604700
27861   0.604600
27862   0.604400
27863   0.605800
27864   0.605100
27865   0.603400
27866   0.604300
27867   0.604400
27868   0.605100
27869   0.605400
27870   0.606200
27871   0.606300
27872   0.605400
27873   0.605300
27874   0.604200
27875   0.603800
27876   0.603300
27877   0.603700
27878   0.602900
27879   0.602600
27880   0.603500
27881   0.603400
27882   0.603900
27883   0.603600
27884   0.603700
27885   0.604400
27886   0.605000
27887   0.605600
27888   0.606100
27889   0.605900
27890   0.606200
27891   0.606500
27892   0.606300
27893   0.605700
27894   0.605100
27895   0.605600
27896   0.605500
27897   0.604500
27898   0.605100
27899   0.605500
27900   0.605800
27901   0.606000
27902   0.606400
27903   0.606700
27904   0.607200
27905   0.608300
27906   0.608600
27907   0.607200
27908   0.607800
27909   0.607400
27910   0.607000
27911   0.607400
27912   0.608000
27913   0.608100
27914   0.606600
27915   0.607700
27916   0.607900
27917   0.608100
27918   0.607900
27919   0.607300
27920   0.607800
27921   0.608600
27922   0.608100
27923   0.610100
27924   0.611000
27925   0.609800
27926   0.610000
27927   0.609300
27928   0.609300
27929   0.610200
27930   0.609200
27931   0.608800
27932   0.608800
27933   0.608400
27934   0.608900
27935   0.608600
27936   0.608500
27937   0.609700
27938   0.609800
27939   0.610800
27940   0.611900
27941   0.611000
27942   0.612100
27943   0.612900
27944   0.613400
27945   0.614400
27946   0.614200
27947   0.614300
27948   0.614400
27949   0.614300
27950   0.613700
27951   0.613500
27952   0.614200
27953   0.613800
27954   0.614100
27955   0.615100
27956   0.614900
27957   0.614700
27958   0.615100
27959   0.614600
27960   0.615300
27961   0.615600
27962   0.615400
27963   0.614400
27964   0.614900
27965   0.614100
27966   0.614400
27967   0.614900
27968   0.615900
27969   0.615800
27970   0.615200
27971   0.615400
27972   0.614500
27973   0.613400
27974   0.613800
27975   0.613600
27976   0.614000
27977   0.614700
27978   0.614600
27979   0.614500
27980   0.614000
27981   0.614200
27982   0.613600
27983   0.612700
27984   0.612500
27985   0.612900
27986   0.613000
27987   0.612600
27988   0.612800
27989   0.613500
27990   0.612900
27991   0.612600
27992   0.612800
27993   0.614100
27994   0.612800
27995   0.613000
27996   0.613500
27997   0.613400
27998   0.613300
27999   0.612100
28000   0.612500
28001   0.611800
28002   0.611400
28003   0.611100
28004   0.611200
28005   0.610800
28006   0.611200
28007   0.612500
28008   0.611500
28009   0.610600
28010   0.610600
28011   0.610500
28012   0.610300
28013   0.610700
28014   0.610600
28015   0.610100
28016   0.610100
28017   0.610600
28018   0.611400
28019   0.611400
28020   0.610600
28021   0.610800
28022   0.610100
28023   0.609900
28024   0.609200
28025   0.607600
28026   0.607700
28027   0.608200
28028   0.607900
28029   0.606900
28030   0.607400
28031   0.606400
28032   0.606100
28033   0.607100
28034   0.607200
28035   0.606700
28036   0.607100
28037   0.607700
28038   0.608200
28039   0.608700
28040   0.609400
28041   0.609500
28042   0.608200
28043   0.608200
28044   0.608500
28045   0.609500
28046   0.610000
28047   0.610200
28048   0.609000
28049   0.609000
28050   0.609400
28051   0.609500
28052   0.609000
28053   0.609800
28054   0.609900
28055   0.610000
28056   0.609700
28057   0.609400
28058   0.609300
28059   0.609200
28060   0.609600
28061   0.609300
28062   0.609600
28063   0.609600
28064   0.609900
28065   0.609800
28066   0.609700
28067   0.609500
28068   0.609900
28069   0.610800
28070   0.610300
28071   0.609200
28072   0.610500
28073   0.610200
28074   0.609700
28075   0.609200
28076   0.609200
28077   0.610100
28078   0.609600
28079   0.610700
28080   0.610600
28081   0.611600
28082   0.611200
28083   0.611700
28084   0.612600
28085   0.612600
28086   0.613600
28087   0.614200
28088   0.613900
28089   0.613300
28090   0.613600
28091   0.614100
28092   0.614100
28093   0.615200
28094   0.615100
28095   0.615300
28096   0.615200
28097   0.615700
28098   0.616200
28099   0.615800
28100   0.615500
28101   0.615000
28102   0.615900
28103   0.616700
28104   0.616300
28105   0.616400
28106   0.617300
28107   0.618200
28108   0.618300
28109   0.618500
28110   0.618500
28111   0.617900
28112   0.618100
28113   0.617500
28114   0.617300
28115   0.617100
28116   0.617700
28117   0.617700
28118   0.618200
28119   0.617700
28120   0.617700
28121   0.617100
28122   0.616500
28123   0.616800
28124   0.617300
28125   0.617100
28126   0.617000
28127   0.617000
28128   0.617600
28129   0.617000
28130   0.616700
28131   0.617200
28132   0.617300
28133   0.616000
28134   0.616800
28135   0.618400
28136   0.619200
28137   0.619500
28138   0.619600
28139   0.620200
28140   0.620200
28141   0.620400
28142   0.619300
28143   0.619400
28144   0.621300
28145   0.619500
28146   0.619700
28147   0.620800
28148   0.620100
28149   0.619500
28150   0.620100
28151   0.620200
28152   0.621000
28153   0.621600
28154   0.620800
28155   0.620000
28156   0.619600
28157   0.619400
28158   0.618800
28159   0.617700
28160   0.616200
28161   0.615600
28162   0.616400
28163   0.616900
28164   0.618300
28165   0.617500
28166   0.618700
28167   0.617900
28168   0.617300
28169   0.618700
28170   0.618200
28171   0.616900
28172   0.617200
28173   0.617600
28174   0.617000
28175   0.617900
28176   0.617100
28177   0.617500
28178   0.616200
28179   0.617000
28180   0.616000
28181   0.617300
28182   0.617900
28183   0.617800
28184   0.617100
28185   0.617100
28186   0.617700
28187   0.617100
28188   0.617500
28189   0.615900
28190   0.615600
28191   0.615300
28192   0.614100
28193   0.614100
28194   0.614600
28195   0.614100
28196   0.614100
28197   0.614500
28198   0.615800
28199   0.614100
28200   0.614800
28201   0.612500
28202   0.611800
28203   0.612300
28204   0.612600
28205   0.612000
28206   0.611000
28207   0.611100
28208   0.610600
28209   0.610900
28210   0.611900
28211   0.611000
28212   0.610100
28213   0.610200
28214   0.610900
28215   0.610900
28216   0.611200
28217   0.611600
28218   0.611000
28219   0.611300
28220   0.611200
28221   0.611400
28222   0.610800
28223   0.610500
28224   0.611100
28225   0.611700
28226   0.610700
28227   0.610300
28228   0.610100
28229   0.608800
28230   0.609100
28231   0.609800
28232   0.610100
28233   0.609900
28234   0.609600
28235   0.610900
28236   0.610700
28237   0.611200
28238   0.610700
28239   0.610900
28240   0.610700
28241   0.609900
28242   0.609700
28243   0.609100
28244   0.609100
28245   0.609800
28246   0.609200
28247   0.609700
28248   0.609100
28249   0.609500
28250   0.607500
28251   0.608400
28252   0.610700
28253   0.610600
28254   0.609800
28255   0.609800
28256   0.610500
28257   0.610800
28258   0.610900
28259   0.611500
28260   0.613000
28261   0.612900
28262   0.613300
28263   0.612700
28264   0.613400
28265   0.614400
28266   0.614300
28267   0.613100
28268   0.612800
28269   0.613300
28270   0.614000
28271   0.615800
28272   0.615400
28273   0.615700
28274   0.616700
28275   0.616100
28276   0.616500
28277   0.616400
28278   0.615500
28279   0.615500
28280   0.616300
28281   0.616000
28282   0.615700
28283   0.615900
28284   0.615200
28285   0.614400
28286   0.613400
28287   0.613000
28288   0.612900
28289   0.612700
28290   0.613600
28291   0.614300
28292   0.615200
28293   0.615300
28294   0.615500
28295   0.616500
28296   0.616700
28297   0.618100
28298   0.618100
28299   0.618100
28300   0.619200
28301   0.619500
28302   0.619100
28303   0.619900
28304   0.620400
28305   0.621200
28306   0.620400
28307   0.620700
28308   0.621700
28309   0.622600
28310   0.622100
28311   0.622200
28312   0.623000
28313   0.622100
28314   0.622500
28315   0.620700
28316   0.620500
28317   0.620000
28318   0.618600
28319   0.618600
28320   0.618600
28321   0.618000
28322   0.617900
28323   0.617500
28324   0.617900
28325   0.617700
28326   0.617400
28327   0.617300
28328   0.617100
28329   0.618200
28330   0.618100
28331   0.618200
28332   0.618400
28333   0.618900
28334   0.617500
28335   0.616900
28336   0.615900
28337   0.616000
28338   0.615700
28339   0.614900
28340   0.615700
28341   0.616000
28342   0.615900
28343   0.616400
28344   0.616500
28345   0.616000
28346   0.616400
28347   0.616400
28348   0.615700
28349   0.616000
28350   0.613600
28351   0.613600
28352   0.613400
28353   0.613900
28354   0.614400
28355   0.613700
28356   0.613200
28357   0.614400
28358   0.615000
28359   0.615500
28360   0.615400
28361   0.613700
28362   0.613200
28363   0.613400
28364   0.613900
28365   0.614300
28366   0.614200
28367   0.613700
28368   0.615100
28369   0.615000
28370   0.616400
28371   0.616900
28372   0.615900
28373   0.615800
28374   0.615500
28375   0.615800
28376   0.614500
28377   0.613700
28378   0.613500
28379   0.614700
28380   0.614300
28381   0.614400
28382   0.616200
28383   0.616900
28384   0.618100
28385   0.616800
28386   0.618200
28387   0.618500
28388   0.617800
28389   0.617300
28390   0.618700
28391   0.618300
28392   0.618700
28393   0.618900
28394   0.618300
28395   0.617200
28396   0.617000
28397   0.617400
28398   0.617100
28399   0.617800
28400   0.617500
28401   0.617100
28402   0.616300
28403   0.614800
28404   0.615500
28405   0.614900
28406   0.616300
28407   0.617300
28408   0.617300
28409   0.617500
28410   0.616800
28411   0.616100
28412   0.616700
28413   0.616500
28414   0.616900
28415   0.618500
28416   0.617000
28417   0.616700
28418   0.616000
28419   0.615700
28420   0.615400
28421   0.615200
28422   0.616700
28423   0.616100
28424   0.615700
28425   0.615000
28426   0.614500
28427   0.612900
28428   0.611900
28429   0.611900
28430   0.612200
28431   0.612000
28432   0.612700
28433   0.611400
28434   0.611200
28435   0.611000
28436   0.610500
28437   0.610200
28438   0.609900
28439   0.609600
28440   0.609300
28441   0.609000
28442   0.610200
28443   0.610500
28444   0.611300
28445   0.610500
28446   0.610300
28447   0.608900
28448   0.608800
28449   0.608000
28450   0.608000
28451   0.608200
28452   0.608700
28453   0.608800
28454   0.608800
28455   0.609000
28456   0.609500
28457   0.610100
28458   0.609900
28459   0.608200
28460   0.607000
28461   0.607300
28462   0.606600
28463   0.607300
28464   0.605900
28465   0.607300
28466   0.606900
28467   0.606700
28468   0.606900
28469   0.606100
28470   0.607600
28471   0.607700
28472   0.607700
28473   0.608100
28474   0.607900
28475   0.608300
28476   0.609900
28477   0.609700
28478   0.610600
28479   0.610700
28480   0.610000
28481   0.609700
28482   0.609300
28483   0.608800
28484   0.609100
28485   0.608700
28486   0.607700
28487   0.607800
28488   0.608200
28489   0.608000
28490   0.608800
28491   0.607300
28492   0.607100
28493   0.608400
28494   0.608100
28495   0.608800
28496   0.608500
28497   0.607900
28498   0.608600
28499   0.607500
28500   0.608100
28501   0.607300
28502   0.606600
28503   0.606800
28504   0.607500
28505   0.607200
28506   0.606800
28507   0.605700
28508   0.605500
28509   0.606900
28510   0.607000
28511   0.607000
28512   0.607700
28513   0.608200
28514   0.606900
28515   0.606400
28516   0.606900
28517   0.606500
28518   0.607100
28519   0.606200
28520   0.605800
28521   0.605500
28522   0.604500
28523   0.604400
28524   0.604300
28525   0.604200
28526   0.603900
28527   0.604100
28528   0.604300
28529   0.604200
28530   0.603300
28531   0.602800
28532   0.602600
28533   0.602800
28534   0.603400
28535   0.602600
28536   0.602900
28537   0.602600
28538   0.603000
28539   0.602400
28540   0.601800
28541   0.601900
28542   0.603000
28543   0.602500
28544   0.603900
28545   0.603700
28546   0.604800
28547   0.605100
28548   0.603900
28549   0.603800
28550   0.603700
28551   0.604200
28552   0.604600
28553   0.604100
28554   0.602900
28555   0.602900
28556   0.601700
28557   0.601000
28558   0.600600
28559   0.600600
28560   0.600300
28561   0.600700
28562   0.601000
28563   0.600600
28564   0.601200
28565   0.601300
28566   0.600400
28567   0.600000
28568   0.599100
28569   0.599400
28570   0.600400
28571   0.599300
28572   0.599000
28573   0.599400
28574   0.599300
28575   0.600200
28576   0.600400
28577   0.599700
28578   0.598800
28579   0.598800
28580   0.599200
28581   0.599900
28582   0.599800
28583   0.599200
28584   0.599400
28585   0.600000
28586   0.599600
28587   0.599700
28588   0.598900
28589   0.599100
28590   0.600300
28591   0.600400
28592   0.600600
28593   0.601100
28594   0.602500
28595   0.602700
28596   0.601400
28597   0.600800
28598   0.600200
28599   0.599700
28600   0.600100
28601   0.600400
28602   0.598700
28603   0.598900
28604   0.599400
28605   0.598700
28606   0.598600
28607   0.598600
28608   0.599000
28609   0.599600
28610   0.599700
28611   0.599800
28612   0.599400
28613   0.600200
28614   0.600600
28615   0.600800
28616   0.602400
28617   0.602800
28618   0.601900
28619   0.601200
28620   0.601500
28621   0.602100
28622   0.602500
28623   0.601800
28624   0.601700
28625   0.601600
28626   0.601900
28627   0.602100
28628   0.602100
28629   0.603000
28630   0.603200
28631   0.603700
28632   0.604400
28633   0.604300
28634   0.605100
28635   0.605100
28636   0.605100
28637   0.604700
28638   0.604500
28639   0.605700
28640   0.605600
28641   0.606000
28642   0.605900
28643   0.606500
28644   0.605600
28645   0.607100
28646   0.607600
28647   0.607100
28648   0.607000
28649   0.607100
28650   0.606300
28651   0.606100
28652   0.605200
28653   0.605500
28654   0.605600
28655   0.604800
28656   0.604300
28657   0.605400
28658   0.604800
28659   0.604800
28660   0.604500
28661   0.604900
28662   0.605700
28663   0.605700
28664   0.606100
28665   0.606100
28666   0.605900
28667   0.606400
28668   0.606300
28669   0.606600
28670   0.605300
28671   0.605400
28672   0.604700
28673   0.605800
28674   0.605800
28675   0.606600
28676   0.607300
28677   0.608200
28678   0.610400
28679   0.609500
28680   0.609100
28681   0.608600
28682   0.608100
28683   0.607300
28684   0.607300
28685   0.607900
28686   0.608000
28687   0.607700
28688   0.607900
28689   0.606800
28690   0.606900
28691   0.607000
28692   0.608700
28693   0.609300
28694   0.609600
28695   0.608600
28696   0.608500
28697   0.608600
28698   0.609900
28699   0.609500
28700   0.609800
28701   0.609600
28702   0.610400
28703   0.610800
28704   0.611600
28705   0.610800
28706   0.610400
28707   0.610000
28708   0.609400
28709   0.609100
28710   0.609900
28711   0.609900
28712   0.609300
28713   0.609500
28714   0.610200
28715   0.609700
28716   0.610600
28717   0.610400
28718   0.610600
28719   0.610700
28720   0.611800
28721   0.612200
28722   0.612800
28723   0.611700
28724   0.612100
28725   0.612100
28726   0.611700
28727   0.611400
28728   0.611500
28729   0.612000
28730   0.612100
28731   0.612000
28732   0.612500
28733   0.612800
28734   0.612600
28735   0.613600
28736   0.614300
28737   0.613200
28738   0.613900
28739   0.613500
28740   0.613600
28741   0.614100
28742   0.613300
28743   0.613600
28744   0.613800
28745   0.613100
28746   0.613600
28747   0.613600
28748   0.613300
28749   0.612300
28750   0.612300
28751   0.611500
28752   0.612500
28753   0.611400
28754   0.612000
28755   0.611500
28756   0.611400
28757   0.611400
28758   0.612000
28759   0.612500
28760   0.612100
28761   0.611900
28762   0.611600
28763   0.611300
28764   0.610800
28765   0.609800
28766   0.610000
28767   0.610000
28768   0.609700
28769   0.608900
28770   0.608000
28771   0.609100
28772   0.608200
28773   0.609000
28774   0.608700
28775   0.608600
28776   0.609100
28777   0.608700
28778   0.608800
28779   0.608100
28780   0.608000
28781   0.608200
28782   0.608600
28783   0.608100
28784   0.607700
28785   0.607400
28786   0.607700
28787   0.607900
28788   0.608000
28789   0.608000
28790   0.607900
28791   0.606800
28792   0.605900
28793   0.605300
28794   0.606200
28795   0.606000
28796   0.604900
28797   0.604900
28798   0.605400
28799   0.605600
28800   0.606000
28801   0.606200
28802   0.606900
28803   0.607000
28804   0.606000
28805   0.607900
28806   0.608000
28807   0.607900
28808   0.607100
28809   0.607400
28810   0.607600
28811   0.607900
28812   0.609400
28813   0.609000
28814   0.609900
28815   0.609500
28816   0.608700
28817   0.608600
28818   0.608600
28819   0.608900
28820   0.608300
28821   0.609200
28822   0.609300
28823   0.609800
28824   0.610000
28825   0.610100
28826   0.609700
28827   0.609900
28828   0.609100
28829   0.609400
28830   0.608200
28831   0.608500
28832   0.607600
28833   0.607000
28834   0.607800
28835   0.607100
28836   0.607200
28837   0.607600
28838   0.608300
28839   0.607900
28840   0.608600
28841   0.606700
28842   0.606700
28843   0.606800
28844   0.607100
28845   0.607800
28846   0.607900
28847   0.608300
28848   0.607600
28849   0.607100
28850   0.607300
28851   0.608600
28852   0.608700
28853   0.607400
28854   0.608000
28855   0.609000
28856   0.608200
28857   0.608500
28858   0.608500
28859   0.608500
28860   0.608400
28861   0.608100
28862   0.607500
28863   0.606900
28864   0.608400
28865   0.608900
28866   0.610300
28867   0.609900
28868   0.608700
28869   0.610100
28870   0.610800
28871   0.611400
28872   0.611600
28873   0.611000
28874   0.611200
28875   0.612000
28876   0.612100
28877   0.612400
28878   0.613500
28879   0.614700
28880   0.614900
28881   0.614700
28882   0.614400
28883   0.615000
28884   0.614800
28885   0.614800
28886   0.614800
28887   0.614500
28888   0.615700
28889   0.616600
28890   0.617400
28891   0.617900
28892   0.618800
28893   0.619100
28894   0.619800
28895   0.620100
28896   0.618900
28897   0.619500
28898   0.619500
28899   0.619000
28900   0.618700
28901   0.618000
28902   0.617800
28903   0.616700
28904   0.615800
28905   0.615500
28906   0.614800
28907   0.615300
28908   0.615500
28909   0.614900
28910   0.615000
28911   0.615300
28912   0.616100
28913   0.616900
28914   0.616700
28915   0.615800
28916   0.617200
28917   0.617800
28918   0.616800
28919   0.616800
28920   0.616400
28921   0.616300
28922   0.615900
28923   0.615900
28924   0.616700
28925   0.616800
28926   0.616300
28927   0.616700
28928   0.616500
28929   0.617200
28930   0.617200
28931   0.617200
28932   0.617200
28933   0.617700
28934   0.617900
28935   0.618500
28936   0.618700
28937   0.617800
28938   0.617600
28939   0.617000
28940   0.616000
28941   0.616600
28942   0.616900
28943   0.616400
28944   0.616500
28945   0.615100
28946   0.614700
28947   0.615700
28948   0.615300
28949   0.615100
28950   0.614700
28951   0.614400
28952   0.614100
28953   0.614400
28954   0.614900
28955   0.614800
28956   0.615200
28957   0.614900
28958   0.615300
28959   0.615600
28960   0.615000
28961   0.614400
28962   0.614800
28963   0.613900
28964   0.612600
28965   0.614200
28966   0.614600
28967   0.614300
28968   0.613700
28969   0.613600
28970   0.614300
28971   0.612700
28972   0.612300
28973   0.612300
28974   0.613100
28975   0.613000
28976   0.611900
28977   0.611600
28978   0.612000
28979   0.612100
28980   0.612100
28981   0.612900
28982   0.612700
28983   0.612000
28984   0.612000
28985   0.612800
28986   0.612200
28987   0.612900
28988   0.613900
28989   0.613800
28990   0.614500
28991   0.614800
28992   0.615000
28993   0.615300
28994   0.614900
28995   0.614200
28996   0.614400
28997   0.615200
28998   0.616000
28999   0.615900
29000   0.616700
29001   0.616900
29002   0.617700
29003   0.618600
29004   0.619100
29005   0.618800
29006   0.618700
29007   0.618400
29008   0.617200
29009   0.618000
29010   0.618400
29011   0.619000
29012   0.618700
29013   0.618400
29014   0.617800
29015   0.618500
29016   0.618300
29017   0.618300
29018   0.617900
29019   0.617400
29020   0.617200
29021   0.616600
29022   0.616000
29023   0.614600
29024   0.615300
29025   0.615700
29026   0.615800
29027   0.615800
29028   0.616000
29029   0.615400
29030   0.615900
29031   0.615400
29032   0.614900
29033   0.615500
29034   0.616100
29035   0.616400
29036   0.616200
29037   0.614900
29038   0.615300
29039   0.614800
29040   0.614700
29041   0.613600
29042   0.614000
29043   0.613700
29044   0.613500
29045   0.613200
29046   0.613800
29047   0.614300
29048   0.614400
29049   0.613300
29050   0.613500
29051   0.613100
29052   0.613500
29053   0.612400
29054   0.613500
29055   0.613300
29056   0.614300
29057   0.615600
29058   0.615500
29059   0.615300
29060   0.615700
29061   0.615400
29062   0.616000
29063   0.615800
29064   0.615400
29065   0.616500
29066   0.617100
29067   0.617100
29068   0.617700
29069   0.618000
29070   0.618500
29071   0.617300
29072   0.617100
29073   0.616100
29074   0.616900
29075   0.615800
29076   0.614100
29077   0.614800
29078   0.614900
29079   0.613700
29080   0.613800
29081   0.613200
29082   0.614200
29083   0.614200
29084   0.614900
29085   0.614100
29086   0.613900
29087   0.613400
29088   0.613200
29089   0.612800
29090   0.613700
29091   0.612900
29092   0.613300
29093   0.613700
29094   0.614100
29095   0.614600
29096   0.614000
29097   0.613000
29098   0.613700
29099   0.613200
29100   0.614200
29101   0.614400
29102   0.614700
29103   0.615700
29104   0.615900
29105   0.616700
29106   0.617000
29107   0.616800
29108   0.616400
29109   0.616400
29110   0.616700
29111   0.617000
29112   0.616700
29113   0.616100
29114   0.617500
29115   0.617000
29116   0.616900
29117   0.617000
29118   0.616000
29119   0.616200
29120   0.616000
29121   0.616300
29122   0.616100
29123   0.616400
29124   0.616100
29125   0.615900
29126   0.616000
29127   0.616100
29128   0.616000
29129   0.616100
29130   0.616100
29131   0.616000
29132   0.616800
29133   0.618100
29134   0.617000
29135   0.616600
29136   0.617400
29137   0.616800
29138   0.616700
29139   0.616100
29140   0.615700
29141   0.615700
29142   0.615300
29143   0.615400
29144   0.614700
29145   0.616100
29146   0.617000
29147   0.617000
29148   0.617700
29149   0.618100
29150   0.617500
29151   0.617000
29152   0.617100
29153   0.616800
29154   0.616700
29155   0.615800
29156   0.616300
29157   0.616800
29158   0.616700
29159   0.616900
29160   0.616700
29161   0.617400
29162   0.617500
29163   0.617200
29164   0.617700
29165   0.618500
29166   0.617900
29167   0.617700
29168   0.617700
29169   0.617700
29170   0.618400
29171   0.617000
29172   0.616400
29173   0.615900
29174   0.616400
29175   0.615300
29176   0.615600
29177   0.615200
29178   0.614000
29179   0.613300
29180   0.613200
29181   0.614000
29182   0.614400
29183   0.615100
29184   0.615400
29185   0.614500
29186   0.615300
29187   0.615200
29188   0.616400
29189   0.616200
29190   0.617600
29191   0.617900
29192   0.617500
29193   0.618000
29194   0.617600
29195   0.617900
29196   0.617600
29197   0.617000
29198   0.616900
29199   0.616000
29200   0.616800
29201   0.618400
29202   0.617800
29203   0.617700
29204   0.617800
29205   0.618400
29206   0.617600
29207   0.617100
29208   0.616500
29209   0.616200
29210   0.616100
29211   0.616000
29212   0.615800
29213   0.614300
29214   0.614000
29215   0.614100
29216   0.613900
29217   0.613300
29218   0.613200
29219   0.613700
29220   0.613700
29221   0.613100
29222   0.612000
29223   0.612400
29224   0.612600
29225   0.612600
29226   0.612000
29227   0.613300
29228   0.612600
29229   0.611700
29230   0.610300
29231   0.610900
29232   0.610000
29233   0.609200
29234   0.609300
29235   0.609100
29236   0.609100
29237   0.609400
29238   0.611300
29239   0.610600
29240   0.610500
29241   0.610600
29242   0.611200
29243   0.611400
29244   0.611700
29245   0.611300
29246   0.611300
29247   0.611000
29248   0.610600
29249   0.610700
29250   0.609300
29251   0.609400
29252   0.608700
29253   0.608300
29254   0.608800
29255   0.609300
29256   0.608200
29257   0.609700
29258   0.610300
29259   0.611200
29260   0.611200
29261   0.611500
29262   0.611100
29263   0.611600
29264   0.611700
29265   0.612300
29266   0.611900
29267   0.612400
29268   0.611900
29269   0.611300
29270   0.611200
29271   0.612100
29272   0.611500
29273   0.610700
29274   0.611200
29275   0.611100
29276   0.610700
29277   0.612100
29278   0.612400
29279   0.611900
29280   0.611900
29281   0.611800
29282   0.612600
29283   0.612300
29284   0.612300
29285   0.613500
29286   0.612500
29287   0.612300
29288   0.611100
29289   0.610800
29290   0.610400
29291   0.609800
29292   0.610200
29293   0.609400
29294   0.609300
29295   0.609500
29296   0.609200
29297   0.609200
29298   0.609200
29299   0.610400
29300   0.610000
29301   0.610500
29302   0.610700
29303   0.611500
29304   0.611100
29305   0.611500
29306   0.611300
29307   0.610900
29308   0.611300
29309   0.611300
29310   0.612000
29311   0.612200
29312   0.611200
29313   0.610800
29314   0.612200
29315   0.611500
29316   0.611500
29317   0.609900
29318   0.610300
29319   0.610500
29320   0.611300
29321   0.611900
29322   0.611500
29323   0.609700
29324   0.609900
29325   0.608700
29326   0.609100
29327   0.609100
29328   0.610400
29329   0.609100
29330   0.609100
29331   0.609300
29332   0.609900
29333   0.611500
29334   0.611300
29335   0.612000
29336   0.612000
29337   0.612200
29338   0.612600
29339   0.612500
29340   0.612100
29341   0.611900
29342   0.612000
29343   0.611900
29344   0.613100
29345   0.613500
29346   0.612200
29347   0.611500
29348   0.612300
29349   0.611500
29350   0.611700
29351   0.611900
29352   0.611800
29353   0.611300
29354   0.611100
29355   0.610300
29356   0.610800
29357   0.610400
29358   0.609300
29359   0.610500
29360   0.610800
29361   0.610400
29362   0.609800
29363   0.609900
29364   0.609700
29365   0.610200
29366   0.610200
29367   0.611300
29368   0.612100
29369   0.612200
29370   0.612500
29371   0.611600
29372   0.612600
29373   0.613000
29374   0.612800
29375   0.612900
29376   0.613300
29377   0.612500
29378   0.612300
29379   0.613500
29380   0.612500
29381   0.613000
29382   0.613300
29383   0.614200
29384   0.614400
29385   0.614000
29386   0.614200
29387   0.614300
29388   0.614200
29389   0.614600
29390   0.614200
29391   0.614900
29392   0.614400
29393   0.615000
29394   0.614500
29395   0.614200
29396   0.613900
29397   0.613300
29398   0.613400
29399   0.613400
29400   0.612800
29401   0.613100
29402   0.612400
29403   0.612000
29404   0.611900
29405   0.611600
29406   0.612000
29407   0.611700
29408   0.611800
29409   0.611400
29410   0.611400
29411   0.612600
29412   0.613500
29413   0.612400
29414   0.612600
29415   0.612500
29416   0.611800
29417   0.612200
29418   0.610900
29419   0.612100
29420   0.611100
29421   0.611800
29422   0.610800
29423   0.610700
29424   0.611200
29425   0.611500
29426   0.610400
29427   0.612000
29428   0.611700
29429   0.611900
29430   0.612300
29431   0.612200
29432   0.611800
29433   0.612800
29434   0.613500
29435   0.614400
29436   0.614200
29437   0.614300
29438   0.614300
29439   0.613800
29440   0.614500
29441   0.614300
29442   0.614700
29443   0.613700
29444   0.614900
29445   0.615400
29446   0.615000
29447   0.614700
29448   0.615000
29449   0.615500
29450   0.615600
29451   0.615500
29452   0.615100
29453   0.614200
29454   0.614800
29455   0.615900
29456   0.616900
29457   0.616500
29458   0.617600
29459   0.618000
29460   0.618400
29461   0.618500
29462   0.618300
29463   0.618100
29464   0.618100
29465   0.617500
29466   0.618600
29467   0.618000
29468   0.617400
29469   0.617700
29470   0.617100
29471   0.617000
29472   0.617200
29473   0.617600
29474   0.618000
29475   0.617700
29476   0.616300
29477   0.615800
29478   0.615800
29479   0.615000
29480   0.614700
29481   0.614700
29482   0.614300
29483   0.615000
29484   0.615600
29485   0.616600
29486   0.616400
29487   0.616400
29488   0.615800
29489   0.616200
29490   0.616600
29491   0.617100
29492   0.616700
29493   0.617100
29494   0.616700
29495   0.617000
29496   0.616900
29497   0.618900
29498   0.618800
29499   0.618900
29500   0.618900
29501   0.618400
29502   0.618900
29503   0.618500
29504   0.618000
29505   0.617900
29506   0.617500
29507   0.617100
29508   0.616600
29509   0.617800
29510   0.618000
29511   0.617100
29512   0.618000
29513   0.617600
29514   0.617600
29515   0.617900
29516   0.617800
29517   0.616900
29518   0.616700
29519   0.617000
29520   0.616300
29521   0.616300
29522   0.616200
29523   0.615700
29524   0.615500
29525   0.615000
29526   0.616500
29527   0.616800
29528   0.616900
29529   0.615200
29530   0.615000
29531   0.615200
29532   0.615100
29533   0.615400
29534   0.615800
29535   0.616200
29536   0.616800
29537   0.617200
29538   0.616600
29539   0.617300
29540   0.618500
29541   0.618700
29542   0.619500
29543   0.619400
29544   0.620500
29545   0.620200
29546   0.620200
29547   0.619900
29548   0.619100
29549   0.619200
29550   0.619200
29551   0.619100
29552   0.618900
29553   0.618700
29554   0.618800
29555   0.619400
29556   0.620300
29557   0.620300
29558   0.620300
29559   0.620900
29560   0.619300
29561   0.618800
29562   0.618400
29563   0.618500
29564   0.618000
29565   0.618400
29566   0.618200
29567   0.618700
29568   0.618400
29569   0.619000
29570   0.619800
29571   0.619000
29572   0.619000
29573   0.619600
29574   0.619700
29575   0.619000
29576   0.619300
29577   0.620500
29578   0.621400
29579   0.620500
29580   0.620500
29581   0.620400
29582   0.620600
29583   0.620200
29584   0.621500
29585   0.622000
29586   0.622500
29587   0.621500
29588   0.621000
29589   0.622000
29590   0.623200
29591   0.623900
29592   0.625000
29593   0.624700
29594   0.624400
29595   0.625000
29596   0.624900
29597   0.625400
29598   0.625400
29599   0.625000
29600   0.626700
29601   0.627000
29602   0.627200
29603   0.627600
29604   0.627500
29605   0.627200
29606   0.628500
29607   0.627700
29608   0.627800
29609   0.628000
29610   0.629600
29611   0.629300
29612   0.629500
29613   0.628800
29614   0.628300
29615   0.628800
29616   0.628400
29617   0.628100
29618   0.627700
29619   0.626500
29620   0.626600
29621   0.626700
29622   0.626500
29623   0.626400
29624   0.626500
29625   0.626500
29626   0.626000
29627   0.626600
29628   0.627600
29629   0.627400
29630   0.627700
29631   0.628800
29632   0.629000
29633   0.628900
29634   0.627600
29635   0.627600
29636   0.628200
29637   0.627800
29638   0.626100
29639   0.626700
29640   0.626000
29641   0.625400
29642   0.624900
29643   0.625400
29644   0.625500
29645   0.625900
29646   0.625100
29647   0.625800
29648   0.625300
29649   0.625000
29650   0.625400
29651   0.625700
29652   0.625700
29653   0.626100
29654   0.625200
29655   0.624300
29656   0.625500
29657   0.625800
29658   0.625900
29659   0.625500
29660   0.625600
29661   0.625100
29662   0.624900
29663   0.623700
29664   0.623200
29665   0.623800
29666   0.624300
29667   0.624600
29668   0.624900
29669   0.624300
29670   0.624800
29671   0.626100
29672   0.626600
29673   0.627900
29674   0.628100
29675   0.627200
29676   0.627000
29677   0.625800
29678   0.625600
29679   0.625800
29680   0.627200
29681   0.627500
29682   0.626400
29683   0.626800
29684   0.627200
29685   0.626400
29686   0.626600
29687   0.626100
29688   0.626400
29689   0.626900
29690   0.626600
29691   0.626400
29692   0.626100
29693   0.625200
29694   0.625900
29695   0.625600
29696   0.625500
29697   0.625000
29698   0.625400
29699   0.625200
29700   0.625500
29701   0.625500
29702   0.626500
29703   0.626400
29704   0.626500
29705   0.626100
29706   0.625900
29707   0.623500
29708   0.623100
29709   0.623000
29710   0.622800
29711   0.623200
29712   0.622800
29713   0.623100
29714   0.623800
29715   0.624700
29716   0.624700
29717   0.624800
29718   0.625300
29719   0.625100
29720   0.625600
29721   0.626300
29722   0.625500
29723   0.624900
29724   0.625500
29725   0.624500
29726   0.624000
29727   0.623300
29728   0.622300
29729   0.622000
29730   0.622200
29731   0.622900
29732   0.622000
29733   0.622300
29734   0.622400
29735   0.622500
29736   0.622800
29737   0.622400
29738   0.623500
29739   0.623900
29740   0.623200
29741   0.622500
29742   0.621700
29743   0.621500
29744   0.621300
29745   0.621900
29746   0.620400
29747   0.620100
29748   0.619000
29749   0.618700
29750   0.619700
29751   0.620200
29752   0.620200
29753   0.619700
29754   0.619500
29755   0.618400
29756   0.618300
29757   0.617000
29758   0.618600
29759   0.618300
29760   0.618000
29761   0.617700
29762   0.618600
29763   0.619000
29764   0.619200
29765   0.618700
29766   0.618800
29767   0.618500
29768   0.619400
29769   0.620000
29770   0.620400
29771   0.620400
29772   0.619900
29773   0.619400
29774   0.619500
29775   0.619400
29776   0.619100
29777   0.618400
29778   0.617800
29779   0.616900
29780   0.618700
29781   0.619100
29782   0.618800
29783   0.618400
29784   0.617200
29785   0.617300
29786   0.617700
29787   0.617300
29788   0.616700
29789   0.616400
29790   0.617200
29791   0.617100
29792   0.618300
29793   0.619400
29794   0.620600
29795   0.621700
29796   0.621700
29797   0.621700
29798   0.622000
29799   0.622800
29800   0.622900
29801   0.622700
29802   0.623300
29803   0.623100
29804   0.623400
29805   0.623200
29806   0.622300
29807   0.622200
29808   0.621800
29809   0.621900
29810   0.621300
29811   0.621800
29812   0.622400
29813   0.622400
29814   0.620400
29815   0.620300
29816   0.620900
29817   0.621100
29818   0.620500
29819   0.620900
29820   0.620800
29821   0.620800
29822   0.619900
29823   0.620800
29824   0.621400
29825   0.622000
29826   0.622300
29827   0.622300
29828   0.620400
29829   0.619100
29830   0.619300
29831   0.620200
29832   0.620800
29833   0.621300
29834   0.621400
29835   0.620500
29836   0.620900
29837   0.620100
29838   0.619500
29839   0.619900
29840   0.619200
29841   0.619300
29842   0.619700
29843   0.620100
29844   0.619800
29845   0.620100
29846   0.620400
29847   0.620800
29848   0.620300
29849   0.620500
29850   0.620200
29851   0.620100
29852   0.619600
29853   0.619600
29854   0.619700
29855   0.620400
29856   0.620100
29857   0.620600
29858   0.621500
29859   0.622600
29860   0.623600
29861   0.623800
29862   0.622500
29863   0.622000
29864   0.622500
29865   0.622600
29866   0.623600
29867   0.624600
29868   0.625200
29869   0.625500
29870   0.625900
29871   0.626500
29872   0.627000
29873   0.626700
29874   0.626300
29875   0.626500
29876   0.627000
29877   0.625600
29878   0.625300
29879   0.624800
29880   0.623900
29881   0.623100
29882   0.624400
29883   0.624200
29884   0.623200
29885   0.622800
29886   0.622600
29887   0.623200
29888   0.623200
29889   0.622500
29890   0.621800
29891   0.622000
29892   0.622900
29893   0.624300
29894   0.624300
29895   0.625600
29896   0.625900
29897   0.626900
29898   0.627300
29899   0.627900
29900   0.627400
29901   0.627300
29902   0.627200
29903   0.627100
29904   0.627700
29905   0.626500
29906   0.626700
29907   0.626900
29908   0.627600
29909   0.627500
29910   0.626600
29911   0.625300
29912   0.626600
29913   0.626000
29914   0.625400
29915   0.626000
29916   0.625700
29917   0.625900
29918   0.625200
29919   0.625500
29920   0.625200
29921   0.625400
29922   0.625400
29923   0.626200
29924   0.626400
29925   0.625400
29926   0.624500
29927   0.625500
29928   0.624200
29929   0.624800
29930   0.624600
29931   0.624400
29932   0.624600
29933   0.625200
29934   0.625900
29935   0.626500
29936   0.626400
29937   0.626700
29938   0.627000
29939   0.626900
29940   0.627000
29941   0.626000
29942   0.625500
29943   0.625900
29944   0.625500
29945   0.626000
29946   0.626300
29947   0.625800
29948   0.626200
29949   0.626700
29950   0.626700
29951   0.626400
29952   0.626500
29953   0.626700
29954   0.627700
29955   0.626100
29956   0.625400
29957   0.624700
29958   0.625300
29959   0.625900
29960   0.625600
29961   0.626400
29962   0.626400
29963   0.626900
29964   0.627000
29965   0.626700
29966   0.626400
29967   0.627200
29968   0.627000
29969   0.625700
29970   0.626100
29971   0.625300
29972   0.625300
29973   0.625900
29974   0.625600
29975   0.624800
29976   0.624200
29977   0.624400
29978   0.623700
29979   0.623300
29980   0.623600
29981   0.624100
29982   0.623700
29983   0.623200
29984   0.623300
29985   0.623600
29986   0.624700
29987   0.623400
29988   0.624700
29989   0.625600
29990   0.625100
29991   0.624500
29992   0.624000
29993   0.623800
29994   0.623200
29995   0.623800
29996   0.623300
29997   0.624300
29998   0.624100
29999   0.624500
30000   0.625800
30001   0.627000
30002   0.626600
30003   0.626800
30004   0.626800
30005   0.626300
30006   0.625500
30007   0.626700
30008   0.627200
30009   0.627200
30010   0.626500
30011   0.625600
30012   0.625600
30013   0.624600
30014   0.624600
30015   0.624400
30016   0.624100
30017   0.624800
30018   0.626400
30019   0.627300
30020   0.627000
30021   0.627400
30022   0.626900
30023   0.627600
30024   0.628400
30025   0.628900
30026   0.627700
30027   0.627100
30028   0.627700
30029   0.627400
30030   0.626900
30031   0.627400
30032   0.627000
30033   0.627200
30034   0.628600
30035   0.629100
30036   0.629200
30037   0.629600
30038   0.629800
30039   0.629500
30040   0.630000
30041   0.630600
30042   0.630000
30043   0.629900
30044   0.630600
30045   0.630200
30046   0.630700
30047   0.630400
30048   0.630500
30049   0.630500
30050   0.630200
30051   0.628800
30052   0.628500
30053   0.628100
30054   0.627800
30055   0.628300
30056   0.627700
30057   0.628500
30058   0.629200
30059   0.630100
30060   0.630000
30061   0.629000
30062   0.627900
30063   0.626700
30064   0.627500
30065   0.627300
30066   0.628500
30067   0.628800
30068   0.628800
30069   0.628800
30070   0.628800
30071   0.628100
30072   0.628600
30073   0.629400
30074   0.628700
30075   0.630900
30076   0.631600
30077   0.630600
30078   0.630100
30079   0.629400
30080   0.630400
30081   0.630200
30082   0.630200
30083   0.630100
30084   0.629700
30085   0.630200
30086   0.630300
30087   0.629700
30088   0.630100
30089   0.629700
30090   0.630200
30091   0.630200
30092   0.630700
30093   0.630500
30094   0.630600
30095   0.629300
30096   0.628500
30097   0.627800
30098   0.628400
30099   0.629000
30100   0.630400
30101   0.630600
30102   0.631600
30103   0.632000
30104   0.631900
30105   0.631800
30106   0.632900
30107   0.633700
30108   0.634800
30109   0.635100
30110   0.634600
30111   0.634600
30112   0.635100
30113   0.635000
30114   0.635400
30115   0.634600
30116   0.634400
30117   0.634400
30118   0.633500
30119   0.633300
30120   0.634400
30121   0.634100
30122   0.634500
30123   0.633400
30124   0.633000
30125   0.633500
30126   0.633800
30127   0.633600
30128   0.634300
30129   0.634100
30130   0.633600
30131   0.632200
30132   0.631900
30133   0.630400
30134   0.629900
30135   0.630800
30136   0.629300
30137   0.630300
30138   0.629800
30139   0.630500
30140   0.630000
30141   0.630000
30142   0.629600
30143   0.630200
30144   0.630400
30145   0.630500
30146   0.631200
30147   0.631400
30148   0.631700
30149   0.631400
30150   0.631700
30151   0.630600
30152   0.630800
30153   0.630800
30154   0.631900
30155   0.631500
30156   0.631600
30157   0.631500
30158   0.631500
30159   0.631600
30160   0.630600
30161   0.630000
30162   0.630500
30163   0.630700
30164   0.630100
30165   0.631100
30166   0.632100
30167   0.632500
30168   0.632300
30169   0.632600
30170   0.631900
30171   0.632800
30172   0.632800
30173   0.632500
30174   0.633100
30175   0.632400
30176   0.633000
30177   0.633700
30178   0.633400
30179   0.633300
30180   0.632700
30181   0.632400
30182   0.633100
30183   0.632100
30184   0.631900
30185   0.632200
30186   0.632000
30187   0.632500
30188   0.633200
30189   0.632000
30190   0.632200
30191   0.632300
30192   0.632600
30193   0.631700
30194   0.632400
30195   0.632600
30196   0.633500
30197   0.633500
30198   0.633400
30199   0.633400
30200   0.634000
30201   0.634300
30202   0.634300
30203   0.633800
30204   0.633500
30205   0.633000
30206   0.633000
30207   0.633100
30208   0.633400
30209   0.633300
30210   0.633700
30211   0.633700
30212   0.633700
30213   0.633600
30214   0.633300
30215   0.633500
30216   0.633300
30217   0.633600
30218   0.633400
30219   0.633500
30220   0.634300
30221   0.634400
30222   0.633800
30223   0.633300
30224   0.632500
30225   0.632500
30226   0.632900
30227   0.632100
30228   0.632500
30229   0.632200
30230   0.632100
30231   0.631000
30232   0.631200
30233   0.631400
30234   0.630800
30235   0.631700
30236   0.632000
30237   0.632800
30238   0.631600
30239   0.631600
30240   0.632800
30241   0.632700
30242   0.632200
30243   0.632400
30244   0.632800
30245   0.633300
30246   0.633200
30247   0.633100
30248   0.633500
30249   0.633100
30250   0.632600
30251   0.631600
30252   0.631000
30253   0.630100
30254   0.630000
30255   0.630100
30256   0.631000
30257   0.631400
30258   0.630900
30259   0.631000
30260   0.629600
30261   0.629600
30262   0.629900
30263   0.630700
30264   0.631800
30265   0.631000
30266   0.631400
30267   0.630600
30268   0.630300
30269   0.631100
30270   0.631600
30271   0.630700
30272   0.630400
30273   0.632400
30274   0.631900
30275   0.631500
30276   0.631200
30277   0.630800
30278   0.629800
30279   0.630200
30280   0.630500
30281   0.630200
30282   0.628900
30283   0.629100
30284   0.629700
30285   0.628900
30286   0.629600
30287   0.630300
30288   0.630600
30289   0.630400
30290   0.629600
30291   0.629100
30292   0.629200
30293   0.628900
30294   0.630200
30295   0.630200
30296   0.629700
30297   0.629800
30298   0.630100
30299   0.630400
30300   0.630300
30301   0.630300
30302   0.630700
30303   0.631000
30304   0.631200
30305   0.631000
30306   0.631600
30307   0.631800
30308   0.630500
30309   0.630600
30310   0.629200
30311   0.628200
30312   0.627800
30313   0.628000
30314   0.627400
30315   0.628500
30316   0.627900
30317   0.628300
30318   0.627200
30319   0.627000
30320   0.626900
30321   0.626100
30322   0.625900
30323   0.625300
30324   0.625100
30325   0.624400
30326   0.625300
30327   0.625600
30328   0.626300
30329   0.627500
30330   0.626600
30331   0.627900
30332   0.627700
30333   0.627700
30334   0.627900
30335   0.628200
30336   0.628000
30337   0.627500
30338   0.627000
30339   0.625300
30340   0.625400
30341   0.625600
30342   0.625100
30343   0.625200
30344   0.625500
30345   0.625700
30346   0.626000
30347   0.625400
30348   0.625500
30349   0.625700
30350   0.625500
30351   0.626800
30352   0.627200
30353   0.626400
30354   0.626000
30355   0.626900
30356   0.628200
30357   0.628700
30358   0.629100
30359   0.629300
30360   0.628600
30361   0.628100
30362   0.627100
30363   0.627900
30364   0.628400
30365   0.629100
30366   0.629200
30367   0.628600
30368   0.627800
30369   0.626600
30370   0.626700
30371   0.626300
30372   0.626100
30373   0.625900
30374   0.625900
30375   0.624800
30376   0.624400
30377   0.623900
30378   0.624600
30379   0.624700
30380   0.624400
30381   0.624500
30382   0.624900
30383   0.624200
30384   0.624000
30385   0.624000
30386   0.623900
30387   0.624500
30388   0.624600
30389   0.625900
30390   0.625900
30391   0.626600
30392   0.627300
30393   0.627200
30394   0.626600
30395   0.625900
30396   0.625200
30397   0.624600
30398   0.624300
30399   0.623700
30400   0.622800
30401   0.622700
30402   0.622900
30403   0.623400
30404   0.622300
30405   0.620900
30406   0.620600
30407   0.619800
30408   0.620800
30409   0.621700
30410   0.621900
30411   0.621100
30412   0.621000
30413   0.621000
30414   0.621000
30415   0.620200
30416   0.620400
30417   0.621200
30418   0.619100
30419   0.619700
30420   0.620000
30421   0.620200
30422   0.619500
30423   0.619200
30424   0.618100
30425   0.617800
30426   0.617700
30427   0.618800
30428   0.618000
30429   0.617800
30430   0.618200
30431   0.619000
30432   0.619600
30433   0.619500
30434   0.618100
30435   0.618300
30436   0.618000
30437   0.617800
30438   0.618000
30439   0.618100
30440   0.617000
30441   0.616900
30442   0.618000
30443   0.617600
30444   0.616800
30445   0.617200
30446   0.617600
30447   0.617400
30448   0.617000
30449   0.616200
30450   0.616400
30451   0.616800
30452   0.616300
30453   0.616200
30454   0.616500
30455   0.616200
30456   0.616500
30457   0.616500
30458   0.616200
30459   0.615700
30460   0.616300
30461   0.616200
30462   0.616000
30463   0.616800
30464   0.617600
30465   0.617200
30466   0.616700
30467   0.616100
30468   0.616500
30469   0.615700
30470   0.615500
30471   0.615300
30472   0.615600
30473   0.615700
30474   0.615400
30475   0.615200
30476   0.615100
30477   0.615400
30478   0.615100
30479   0.615000
30480   0.615800
30481   0.616300
30482   0.616500
30483   0.617000
30484   0.616600
30485   0.616100
30486   0.615700
30487   0.615800
30488   0.615800
30489   0.615200
30490   0.615200
30491   0.615900
30492   0.615200
30493   0.615300
30494   0.615700
30495   0.615900
30496   0.616500
30497   0.617300
30498   0.617900
30499   0.618400
30500   0.619100
30501   0.619400
30502   0.618400
30503   0.618600
30504   0.618800
30505   0.619200
30506   0.619500
30507   0.619600
30508   0.619800
30509   0.620400
30510   0.620700
30511   0.621000
30512   0.620300
30513   0.620900
30514   0.621600
30515   0.621100
30516   0.621200
30517   0.620800
30518   0.620700
30519   0.620500
30520   0.619400
30521   0.619300
30522   0.619000
30523   0.620300
30524   0.620300
30525   0.620600
30526   0.621400
30527   0.621500
30528   0.621600
30529   0.621900
30530   0.622000
30531   0.621100
30532   0.621200
30533   0.622500
30534   0.622200
30535   0.621800
30536   0.621500
30537   0.620900
30538   0.621000
30539   0.620100
30540   0.620400
30541   0.619700
30542   0.620700
30543   0.621100
30544   0.621500
30545   0.621800
30546   0.621100
30547   0.620700
30548   0.620400
30549   0.620000
30550   0.619300
30551   0.619000
30552   0.618100
30553   0.619600
30554   0.620200
30555   0.621200
30556   0.621600
30557   0.622300
30558   0.622300
30559   0.621800
30560   0.622000
30561   0.622000
30562   0.621900
30563   0.621200
30564   0.620600
30565   0.620700
30566   0.621200
30567   0.621800
30568   0.622400
30569   0.622100
30570   0.621600
30571   0.622300
30572   0.623400
30573   0.623700
30574   0.623900
30575   0.624500
30576   0.623900
30577   0.623900
30578   0.622500
30579   0.622200
30580   0.621900
30581   0.620900
30582   0.620100
30583   0.620300
30584   0.619500
30585   0.619300
30586   0.618700
30587   0.618700
30588   0.619200
30589   0.618900
30590   0.618500
30591   0.618800
30592   0.618600
30593   0.617700
30594   0.618400
30595   0.619000
30596   0.618500
30597   0.617500
30598   0.618300
30599   0.618300
30600   0.618000
30601   0.617700
30602   0.617000
30603   0.617300
30604   0.618000
30605   0.617800
30606   0.617800
30607   0.617900
30608   0.617900
30609   0.617100
30610   0.617000
30611   0.617200
30612   0.616500
30613   0.616600
30614   0.617300
30615   0.616600
30616   0.616700
30617   0.617800
30618   0.617200
30619   0.616900
30620   0.616900
30621   0.616900
30622   0.617300
30623   0.618500
30624   0.618000
30625   0.618000
30626   0.618300
30627   0.617900
30628   0.619300
30629   0.618700
30630   0.618700
30631   0.618900
30632   0.619600
30633   0.619000
30634   0.620000
30635   0.620700
30636   0.621300
30637   0.621700
30638   0.622000
30639   0.622000
30640   0.622400
30641   0.622200
30642   0.621800
30643   0.621700
30644   0.622600
30645   0.622900
30646   0.622900
30647   0.623300
30648   0.623000
30649   0.623200
30650   0.623200
30651   0.622200
30652   0.622000
30653   0.622100
30654   0.621500
30655   0.622100
30656   0.622300
30657   0.622500
30658   0.621700
30659   0.621400
30660   0.621000
30661   0.620200
30662   0.619300
30663   0.620600
30664   0.620000
30665   0.620500
30666   0.619500
30667   0.619100
30668   0.618500
30669   0.618100
30670   0.617700
30671   0.617800
30672   0.617500
30673   0.617200
30674   0.617400
30675   0.617800
30676   0.618200
30677   0.617100
30678   0.616200
30679   0.615200
30680   0.614700
30681   0.614900
30682   0.615400
30683   0.614900
30684   0.615000
30685   0.614900
30686   0.616600
30687   0.615000
30688   0.615200
30689   0.616300
30690   0.616100
30691   0.614800
30692   0.614500
30693   0.614800
30694   0.614200
30695   0.614100
30696   0.614900
30697   0.615200
30698   0.614900
30699   0.614400
30700   0.614100
30701   0.613200
30702   0.613000
30703   0.613300
30704   0.614700
30705   0.614200
30706   0.614600
30707   0.615000
30708   0.614900
30709   0.615300
30710   0.615600
30711   0.615100
30712   0.616400
30713   0.616900
30714   0.617500
30715   0.616000
30716   0.616800
30717   0.615900
30718   0.615200
30719   0.614500
30720   0.614800
30721   0.614100
30722   0.613300
30723   0.613500
30724   0.613800
30725   0.613500
30726   0.614300
30727   0.614000
30728   0.613200
30729   0.612200
30730   0.612100
30731   0.612600
30732   0.611900
30733   0.611000
30734   0.611800
30735   0.612100
30736   0.613000
30737   0.613000
30738   0.613000
30739   0.611900
30740   0.613100
30741   0.612600
30742   0.613400
30743   0.613000
30744   0.613500
30745   0.613700
30746   0.614400
30747   0.613900
30748   0.612800
30749   0.612500
30750   0.612600
30751   0.612300
30752   0.612400
30753   0.612700
30754   0.611800
30755   0.611200
30756   0.610800
30757   0.611600
30758   0.611400
30759   0.609600
30760   0.609600
30761   0.610300
30762   0.611400
30763   0.611300
30764   0.611700
30765   0.610600
30766   0.611700
30767   0.610800
30768   0.611200
30769   0.612000
30770   0.611900
30771   0.611500
30772   0.611700
30773   0.610700
30774   0.611500
30775   0.609600
30776   0.609100
30777   0.608900
30778   0.606900
30779   0.606900
30780   0.606800
30781   0.606500
30782   0.606200
30783   0.606100
30784   0.607000
30785   0.607400
30786   0.607000
30787   0.606900
30788   0.606700
30789   0.607200
30790   0.607500
30791   0.608400
30792   0.608100
30793   0.607800
30794   0.607700
30795   0.607400
30796   0.607800
30797   0.607800
30798   0.607800
30799   0.606900
30800   0.605500
30801   0.605900
30802   0.606000
30803   0.607600
30804   0.607000
30805   0.608600
30806   0.608800
30807   0.608900
30808   0.609000
30809   0.608600
30810   0.607900
30811   0.608600
30812   0.608100
30813   0.607900
30814   0.607700
30815   0.607800
30816   0.608400
30817   0.608800
30818   0.608900
30819   0.607800
30820   0.607300
30821   0.607200
30822   0.607600
30823   0.608500
30824   0.609200
30825   0.609500
30826   0.610500
30827   0.611000
30828   0.610800
30829   0.610900
30830   0.610300
30831   0.610500
30832   0.610100
30833   0.608600
30834   0.607800
30835   0.608800
30836   0.608800
30837   0.608200
30838   0.608200
30839   0.609100
30840   0.609300
30841   0.608300
30842   0.608500
30843   0.608900
30844   0.610200
30845   0.610000
30846   0.609900
30847   0.609600
30848   0.609600
30849   0.609900
30850   0.609900
30851   0.609200
30852   0.608400
30853   0.608400
30854   0.609400
30855   0.609200
30856   0.609100
30857   0.608200
30858   0.607900
30859   0.606800
30860   0.606100
30861   0.606500
30862   0.606400
30863   0.607500
30864   0.607700
30865   0.608000
30866   0.607600
30867   0.607500
30868   0.607500
30869   0.606600
30870   0.607200
30871   0.607500
30872   0.607800
30873   0.608200
30874   0.607900
30875   0.607500
30876   0.607000
30877   0.607900
30878   0.607900
30879   0.607800
30880   0.608200
30881   0.608400
30882   0.607800
30883   0.607500
30884   0.606800
30885   0.607600
30886   0.607400
30887   0.608100
30888   0.607400
30889   0.607400
30890   0.607600
30891   0.608400
30892   0.608400
30893   0.609200
30894   0.608500
30895   0.609100
30896   0.609400
30897   0.609500
30898   0.609200
30899   0.609700
30900   0.609600
30901   0.609300
30902   0.609500
30903   0.608700
30904   0.608400
30905   0.608600
30906   0.609700
30907   0.609600
30908   0.609600
30909   0.610600
30910   0.611500
30911   0.611900
30912   0.611800
30913   0.611400
30914   0.609800
30915   0.609200
30916   0.608200
30917   0.607700
30918   0.607700
30919   0.606700
30920   0.606000
30921   0.606100
30922   0.606300
30923   0.606100
30924   0.606300
30925   0.605200
30926   0.604100
30927   0.604100
30928   0.603200
30929   0.603700
30930   0.603000
30931   0.602700
30932   0.602000
30933   0.601800
30934   0.601200
30935   0.601600
30936   0.601400
30937   0.601500
30938   0.599800
30939   0.598400
30940   0.598200
30941   0.597800
30942   0.598500
30943   0.599200
30944   0.599900
30945   0.600000
30946   0.600400
30947   0.601300
30948   0.601500
30949   0.600500
30950   0.600500
30951   0.600200
30952   0.600400
30953   0.599700
30954   0.600400
30955   0.600900
30956   0.600300
30957   0.600300
30958   0.602200
30959   0.602500
30960   0.602700
30961   0.602400
30962   0.602700
30963   0.602400
30964   0.602500
30965   0.601900
30966   0.602300
30967   0.602300
30968   0.602200
30969   0.601400
30970   0.600500
30971   0.600200
30972   0.600100
30973   0.599500
30974   0.598900
30975   0.599300
30976   0.599600
30977   0.598700
30978   0.597700
30979   0.597300
30980   0.597100
30981   0.597400
30982   0.597500
30983   0.597200
30984   0.595900
30985   0.595000
30986   0.596300
30987   0.595900
30988   0.594900
30989   0.594300
30990   0.594100
30991   0.593200
30992   0.594300
30993   0.594300
30994   0.594400
30995   0.594600
30996   0.595200
30997   0.594700
30998   0.594900
30999   0.594700
31000   0.595000
31001   0.594400
31002   0.595500
31003   0.596200
31004   0.595800
31005   0.595700
31006   0.595600
31007   0.595700
31008   0.595400
31009   0.595400
31010   0.596200
31011   0.596400
31012   0.596400
31013   0.595800
31014   0.595300
31015   0.595400
31016   0.595900
31017   0.595600
31018   0.595500
31019   0.595200
31020   0.594800
31021   0.594700
31022   0.594400
31023   0.594700
31024   0.594300
31025   0.594700
31026   0.594300
31027   0.594900
31028   0.595000
31029   0.595600
31030   0.595800
31031   0.595600
31032   0.594700
31033   0.594600
31034   0.594200
31035   0.594300
31036   0.594900
31037   0.596200
31038   0.597700
31039   0.597500
31040   0.598100
31041   0.598400
31042   0.598600
31043   0.598400
31044   0.598100
31045   0.597300
31046   0.598000
31047   0.598100
31048   0.599700
31049   0.599200
31050   0.599100
31051   0.599600
31052   0.600400
31053   0.600600
31054   0.601200
31055   0.602200
31056   0.602600
31057   0.602400
31058   0.602800
31059   0.603200
31060   0.604000
31061   0.603700
31062   0.602900
31063   0.602600
31064   0.603300
31065   0.601600
31066   0.601300
31067   0.600300
31068   0.599000
31069   0.599200
31070   0.599000
31071   0.598600
31072   0.599000
31073   0.599700
31074   0.600400
31075   0.599700
31076   0.600000
31077   0.599400
31078   0.599700
31079   0.600100
31080   0.599800
31081   0.599800
31082   0.599800
31083   0.599400
31084   0.599500
31085   0.599300
31086   0.598100
31087   0.596700
31088   0.596300
31089   0.597900
31090   0.598200
31091   0.598500
31092   0.598600
31093   0.598100
31094   0.597400
31095   0.597400
31096   0.596800
31097   0.597100
31098   0.597200
31099   0.597400
31100   0.597600
31101   0.598300
31102   0.597700
31103   0.598000
31104   0.596400
31105   0.596400
31106   0.596300
31107   0.595200
31108   0.595800
31109   0.596100
31110   0.596100
31111   0.597100
31112   0.597400
31113   0.597000
31114   0.597000
31115   0.597000
31116   0.598100
31117   0.598500
31118   0.598100
31119   0.598100
31120   0.597800
31121   0.598000
31122   0.598200
31123   0.597800
31124   0.597800
31125   0.597400
31126   0.597600
31127   0.597200
31128   0.597700
31129   0.597800
31130   0.598700
31131   0.599000
31132   0.599000
31133   0.598200
31134   0.599500
31135   0.600300
31136   0.601000
31137   0.600400
31138   0.600600
31139   0.602400
31140   0.602100
31141   0.601900
31142   0.602100
31143   0.602100
31144   0.602100
31145   0.601600
31146   0.602800
31147   0.603200
31148   0.603300
31149   0.602300
31150   0.603200
31151   0.603500
31152   0.604200
31153   0.604600
31154   0.604900
31155   0.604900
31156   0.604800
31157   0.604400
31158   0.604300
31159   0.604900
31160   0.604600
31161   0.603400
31162   0.602900
31163   0.602800
31164   0.602500
31165   0.602900
31166   0.602100
31167   0.601900
31168   0.601700
31169   0.602500
31170   0.602500
31171   0.603100
31172   0.603000
31173   0.603000
31174   0.602900
31175   0.603400
31176   0.602300
31177   0.602000
31178   0.601300
31179   0.600600
31180   0.600600
31181   0.599600
31182   0.599700
31183   0.599500
31184   0.600400
31185   0.600300
31186   0.600800
31187   0.601200
31188   0.600100
31189   0.599700
31190   0.600600
31191   0.601000
31192   0.600300
31193   0.600300
31194   0.601300
31195   0.601000
31196   0.600900
31197   0.600500
31198   0.600300
31199   0.600600
31200   0.601200
31201   0.601000
31202   0.600700
31203   0.601400
31204   0.601300
31205   0.602200
31206   0.602100
31207   0.601900
31208   0.603200
31209   0.604400
31210   0.605200
31211   0.605000
31212   0.606400
31213   0.607200
31214   0.606800
31215   0.605500
31216   0.605100
31217   0.605100
31218   0.605700
31219   0.606000
31220   0.606200
31221   0.605700
31222   0.605800
31223   0.604800
31224   0.605200
31225   0.605200
31226   0.605600
31227   0.606400
31228   0.605500
31229   0.605400
31230   0.606100
31231   0.606100
31232   0.605800
31233   0.605000
31234   0.604200
31235   0.603700
31236   0.603800
31237   0.603700
31238   0.603000
31239   0.604300
31240   0.604400
31241   0.605100
31242   0.606000
31243   0.606400
31244   0.605200
31245   0.604700
31246   0.604800
31247   0.605400
31248   0.606100
31249   0.605700
31250   0.605100
31251   0.606400
31252   0.606200
31253   0.606400
31254   0.606500
31255   0.607000
31256   0.607200
31257   0.607800
31258   0.607500
31259   0.609100
31260   0.608700
31261   0.608300
31262   0.609100
31263   0.609000
31264   0.608400
31265   0.607700
31266   0.607300
31267   0.607500
31268   0.608500
31269   0.607500
31270   0.607800
31271   0.606900
31272   0.605600
31273   0.606400
31274   0.606000
31275   0.605600
31276   0.605200
31277   0.605700
31278   0.606300
31279   0.606600
31280   0.606900
31281   0.606500
31282   0.605800
31283   0.606300
31284   0.606600
31285   0.606700
31286   0.605700
31287   0.605600
31288   0.606900
31289   0.607000
31290   0.607300
31291   0.607900
31292   0.607400
31293   0.607500
31294   0.607500
31295   0.607700
31296   0.607900
31297   0.607700
31298   0.607500
31299   0.606900
31300   0.606500
31301   0.606400
31302   0.605600
31303   0.606800
31304   0.606200
31305   0.604100
31306   0.603900
31307   0.604300
31308   0.603500
31309   0.603800
31310   0.603100
31311   0.602300
31312   0.602100
31313   0.602000
31314   0.602100
31315   0.602000
31316   0.601700
31317   0.601500
31318   0.601500
31319   0.601300
31320   0.601400
31321   0.600800
31322   0.600900
31323   0.601100
31324   0.601200
31325   0.600900
31326   0.602100
31327   0.602800
31328   0.603700
31329   0.602800
31330   0.603100
31331   0.603400
31332   0.604100
31333   0.603300
31334   0.603500
31335   0.603600
31336   0.603100
31337   0.603300
31338   0.604000
31339   0.603000
31340   0.603100
31341   0.603100
31342   0.602600
31343   0.603400
31344   0.603800
31345   0.603000
31346   0.602800
31347   0.602500
31348   0.602300
31349   0.601700
31350   0.602000
31351   0.601900
31352   0.601500
31353   0.601900
31354   0.601900
31355   0.602300
31356   0.603100
31357   0.602700
31358   0.602700
31359   0.603900
31360   0.603500
31361   0.603100
31362   0.602900
31363   0.603500
31364   0.603700
31365   0.602900
31366   0.603100
31367   0.603300
31368   0.603100
31369   0.602900
31370   0.603200
31371   0.603800
31372   0.603100
31373   0.603300
31374   0.603100
31375   0.602800
31376   0.601900
31377   0.602700
31378   0.603000
31379   0.602700
31380   0.603900
31381   0.605700
31382   0.605500
31383   0.605400
31384   0.605800
31385   0.606100
31386   0.606200
31387   0.606300
31388   0.606400
31389   0.605600
31390   0.606000
31391   0.605900
31392   0.605500
31393   0.605600
31394   0.606100
31395   0.606200
31396   0.606100
31397   0.606200
31398   0.608300
31399   0.609000
31400   0.607700
31401   0.608300
31402   0.608200
31403   0.608200
31404   0.608000
31405   0.607700
31406   0.607900
31407   0.607700
31408   0.607400
31409   0.607000
31410   0.606200
31411   0.606000
31412   0.606000
31413   0.606000
31414   0.605800
31415   0.606100
31416   0.606700
31417   0.607700
31418   0.606700
31419   0.607200
31420   0.607000
31421   0.607600
31422   0.607400
31423   0.607100
31424   0.607600
31425   0.608400
31426   0.609100
31427   0.609600
31428   0.608100
31429   0.607000
31430   0.607000
31431   0.606300
31432   0.607000
31433   0.607600
31434   0.608300
31435   0.607800
31436   0.606800
31437   0.608200
31438   0.607600
31439   0.608000
31440   0.608900
31441   0.609200
31442   0.609200
31443   0.608500
31444   0.607800
31445   0.607100
31446   0.606600
31447   0.606600
31448   0.605900
31449   0.605900
31450   0.606400
31451   0.605500
31452   0.605000
31453   0.603900
31454   0.604200
31455   0.605000
31456   0.606400
31457   0.606800
31458   0.608000
31459   0.608200
31460   0.607400
31461   0.606400
31462   0.607400
31463   0.607000
31464   0.607500
31465   0.607500
31466   0.607400
31467   0.607800
31468   0.608400
31469   0.609400
31470   0.608800
31471   0.609500
31472   0.610000
31473   0.609600
31474   0.609100
31475   0.610000
31476   0.609900
31477   0.610700
31478   0.611700
31479   0.611100
31480   0.610800
31481   0.611100
31482   0.611300
31483   0.611500
31484   0.611800
31485   0.610400
31486   0.609600
31487   0.610700
31488   0.610500
31489   0.609800
31490   0.609000
31491   0.608100
31492   0.607500
31493   0.606300
31494   0.606200
31495   0.606100
31496   0.605300
31497   0.605300
31498   0.605300
31499   0.605400
31500   0.604500
31501   0.604800
31502   0.604000
31503   0.604600
31504   0.603600
31505   0.603600
31506   0.603600
31507   0.603300
31508   0.603100
31509   0.603400
31510   0.603600
31511   0.603500
31512   0.603200
31513   0.601800
31514   0.601100
31515   0.601400
31516   0.601500
31517   0.602000
31518   0.602500
31519   0.602300
31520   0.602200
31521   0.601700
31522   0.602800
31523   0.603200
31524   0.602300
31525   0.603100
31526   0.603100
31527   0.602900
31528   0.603400
31529   0.602700
31530   0.602300
31531   0.602700
31532   0.602600
31533   0.602700
31534   0.603600
31535   0.604100
31536   0.603700
31537   0.603800
31538   0.604200
31539   0.604700
31540   0.604400
31541   0.604100
31542   0.604700
31543   0.605200
31544   0.604900
31545   0.604900
31546   0.606000
31547   0.606700
31548   0.607400
31549   0.607600
31550   0.608400
31551   0.607800
31552   0.607700
31553   0.607500
31554   0.607600
31555   0.607900
31556   0.607300
31557   0.607500
31558   0.607500
31559   0.606200
31560   0.605300
31561   0.605400
31562   0.605600
31563   0.604900
31564   0.605100
31565   0.604100
31566   0.604400
31567   0.604200
31568   0.603900
31569   0.603300
31570   0.602700
31571   0.602500
31572   0.603000
31573   0.603800
31574   0.603200
31575   0.603000
31576   0.601900
31577   0.601400
31578   0.600900
31579   0.601800
31580   0.601100
31581   0.599900
31582   0.600200
31583   0.600200
31584   0.600100
31585   0.599800
31586   0.600600
31587   0.599500
31588   0.599000
31589   0.599900
31590   0.599700
31591   0.599100
31592   0.599000
31593   0.599600
31594   0.600000
31595   0.600100
31596   0.599600
31597   0.600500
31598   0.600700
31599   0.599900
31600   0.599600
31601   0.599700
31602   0.600000
31603   0.599500
31604   0.601200
31605   0.602500
31606   0.601800
31607   0.602900
31608   0.602900
31609   0.603200
31610   0.603700
31611   0.604100
31612   0.604300
31613   0.604100
31614   0.605100
31615   0.605000
31616   0.605000
31617   0.605200
31618   0.605900
31619   0.605400
31620   0.605300
31621   0.606200
31622   0.607100
31623   0.606000
31624   0.606600
31625   0.606900
31626   0.606300
31627   0.606600
31628   0.606300
31629   0.606600
31630   0.606800
31631   0.606300
31632   0.606400
31633   0.606200
31634   0.607100
31635   0.606800
31636   0.606800
31637   0.606900
31638   0.606900
31639   0.606600
31640   0.606700
31641   0.608300
31642   0.608400
31643   0.608900
31644   0.608800
31645   0.609200
31646   0.609400
31647   0.610400
31648   0.610800
31649   0.610900
31650   0.610200
31651   0.609800
31652   0.609900
31653   0.610500
31654   0.610000
31655   0.609700
31656   0.610500
31657   0.610800
31658   0.611400
31659   0.610300
31660   0.610400
31661   0.610600
31662   0.610300
31663   0.610000
31664   0.611000
31665   0.611900
31666   0.611700
31667   0.612200
31668   0.613100
31669   0.613900
31670   0.614000
31671   0.613700
31672   0.614700
31673   0.614900
31674   0.613700
31675   0.613700
31676   0.614400
31677   0.614500
31678   0.615700
31679   0.615800
31680   0.614700
31681   0.613600
31682   0.613600
31683   0.612800
31684   0.613600
31685   0.613700
31686   0.613700
31687   0.613700
31688   0.613500
31689   0.613400
31690   0.613300
31691   0.613800
31692   0.614700
31693   0.615100
31694   0.614800
31695   0.615100
31696   0.615500
31697   0.615500
31698   0.615800
31699   0.615000
31700   0.615600
31701   0.615700
31702   0.615300
31703   0.616500
31704   0.616800
31705   0.617700
31706   0.618500
31707   0.618000
31708   0.617700
31709   0.618300
31710   0.617400
31711   0.617300
31712   0.617800
31713   0.617700
31714   0.618000
31715   0.619100
31716   0.619400
31717   0.619500
31718   0.620000
31719   0.620700
31720   0.620900
31721   0.621200
31722   0.621300
31723   0.621900
31724   0.620600
31725   0.620700
31726   0.620800
31727   0.621400
31728   0.622000
31729   0.622500
31730   0.623200
31731   0.623500
31732   0.623800
31733   0.623800
31734   0.623400
31735   0.623600
31736   0.624300
31737   0.624400
31738   0.622600
31739   0.623200
31740   0.623500
31741   0.623600
31742   0.623500
31743   0.623500
31744   0.623200
31745   0.623500
31746   0.623500
31747   0.624300
31748   0.623600
31749   0.623200
31750   0.623400
31751   0.624100
31752   0.623800
31753   0.624800
31754   0.624900
31755   0.624300
31756   0.622300
31757   0.623600
31758   0.622700
31759   0.622100
31760   0.621000
31761   0.620500
31762   0.620500
31763   0.621100
31764   0.620800
31765   0.620700
31766   0.619800
31767   0.620600
31768   0.620400
31769   0.621600
31770   0.623000
31771   0.623100
31772   0.623200
31773   0.621300
31774   0.621500
31775   0.620900
31776   0.621200
31777   0.621100
31778   0.621500
31779   0.621500
31780   0.621200
31781   0.621000
31782   0.620600
31783   0.620700
31784   0.620800
31785   0.620300
31786   0.620800
31787   0.620800
31788   0.620600
31789   0.620900
31790   0.620800
31791   0.621100
31792   0.620600
31793   0.620300
31794   0.620300
31795   0.619300
31796   0.619000
31797   0.618800
31798   0.620000
31799   0.620800
31800   0.620200
31801   0.620100
31802   0.620900
31803   0.620400
31804   0.621000
31805   0.622300
31806   0.621800
31807   0.623500
31808   0.623000
31809   0.623000
31810   0.624400
31811   0.623100
31812   0.622800
31813   0.623800
31814   0.623300
31815   0.623800
31816   0.623200
31817   0.623200
31818   0.623200
31819   0.623500
31820   0.623100
31821   0.624000
31822   0.623700
31823   0.622900
31824   0.623700
31825   0.624100
31826   0.624300
31827   0.622900
31828   0.623100
31829   0.623600
31830   0.623700
31831   0.624400
31832   0.624800
31833   0.625300
31834   0.624600
31835   0.624100
31836   0.625100
31837   0.625400
31838   0.625800
31839   0.625800
31840   0.624900
31841   0.623900
31842   0.622800
31843   0.623900
31844   0.622800
31845   0.623200
31846   0.622700
31847   0.623400
31848   0.622900
31849   0.623100
31850   0.622800
31851   0.622200
31852   0.622500
31853   0.621400
31854   0.620300
31855   0.620600
31856   0.621100
31857   0.621500
31858   0.621700
31859   0.622400
31860   0.622400
31861   0.623000
31862   0.622800
31863   0.622800
31864   0.622500
31865   0.622800
31866   0.623000
31867   0.622600
31868   0.623200
31869   0.623600
31870   0.623900
31871   0.624000
31872   0.624400
31873   0.623400
31874   0.623200
31875   0.623000
31876   0.621400
31877   0.622100
31878   0.622000
31879   0.623200
31880   0.624700
31881   0.625400
31882   0.625400
31883   0.625800
31884   0.625200
31885   0.625800
31886   0.626100
31887   0.627000
31888   0.626100
31889   0.625200
31890   0.624900
31891   0.624900
31892   0.623800
31893   0.623400
31894   0.623900
31895   0.624100
31896   0.624200
31897   0.624500
31898   0.624900
31899   0.625900
31900   0.626700
31901   0.627400
31902   0.628700
31903   0.628700
31904   0.628100
31905   0.627700
31906   0.626900
31907   0.626600
31908   0.626500
31909   0.626800
31910   0.627200
31911   0.628300
31912   0.627300
31913   0.627700
31914   0.628100
31915   0.628800
31916   0.628200
31917   0.628300
31918   0.628100
31919   0.628100
31920   0.628500
31921   0.627500
31922   0.626900
31923   0.628000
31924   0.627300
31925   0.628100
31926   0.628900
31927   0.629100
31928   0.628400
31929   0.628000
31930   0.629000
31931   0.628800
31932   0.629100
31933   0.629400
31934   0.627900
31935   0.629600
31936   0.629800
31937   0.629600
31938   0.630000
31939   0.630000
31940   0.630000
31941   0.629700
31942   0.629200
31943   0.629300
31944   0.629800
31945   0.630500
31946   0.630000
31947   0.630100
31948   0.630700
31949   0.631600
31950   0.631100
31951   0.630700
31952   0.630300
31953   0.631100
31954   0.631100
31955   0.630900
31956   0.630100
31957   0.630400
31958   0.629500
31959   0.630300
31960   0.629800
31961   0.629100
31962   0.629500
31963   0.629700
31964   0.629600
31965   0.630300
31966   0.630800
31967   0.630800
31968   0.629800
31969   0.630400
31970   0.630800
31971   0.631500
31972   0.633400
31973   0.633300
31974   0.634100
31975   0.633000
31976   0.633300
31977   0.633500
31978   0.633500
31979   0.632600
31980   0.633100
31981   0.634100
31982   0.633900
31983   0.633500
31984   0.632700
31985   0.632600
31986   0.632600
31987   0.633300
31988   0.633200
31989   0.633900
31990   0.633100
31991   0.634200
31992   0.634100
31993   0.633500
31994   0.633800
31995   0.634700
31996   0.635100
31997   0.634700
31998   0.634900
31999   0.635400
32000   0.635100
32001   0.634500
32002   0.634700
32003   0.635000
32004   0.635800
32005   0.635900
32006   0.635800
32007   0.636500
32008   0.637100
32009   0.637200
32010   0.636600
32011   0.637200
32012   0.637500
32013   0.637100
32014   0.636300
32015   0.636500
32016   0.636500
32017   0.635500
32018   0.634000
32019   0.634300
32020   0.634300
32021   0.635600
32022   0.634700
32023   0.634500
32024   0.634700
32025   0.634700
32026   0.633600
32027   0.634300
32028   0.635400
32029   0.634300
32030   0.634300
32031   0.634000
32032   0.632600
32033   0.633200
32034   0.633900
32035   0.632300
32036   0.632100
32037   0.632200
32038   0.632200
32039   0.630800
32040   0.631200
32041   0.631500
32042   0.631200
32043   0.631200
32044   0.632000
32045   0.632200
32046   0.632900
32047   0.632700
32048   0.632900
32049   0.632200
32050   0.632300
32051   0.632600
32052   0.631100
32053   0.632300
32054   0.633000
32055   0.633200
32056   0.633100
32057   0.633700
32058   0.635000
32059   0.635500
32060   0.636200
32061   0.637100
32062   0.636800
32063   0.635900
32064   0.637100
32065   0.636800
32066   0.637000
32067   0.636600
32068   0.636800
32069   0.635600
32070   0.636000
32071   0.635800
32072   0.634900
32073   0.634800
32074   0.633800
32075   0.633400
32076   0.633300
32077   0.633900
32078   0.632600
32079   0.631900
32080   0.633700
32081   0.634300
32082   0.634700
32083   0.635000
32084   0.634600
32085   0.634200
32086   0.633400
32087   0.633200
32088   0.632500
32089   0.631600
32090   0.631700
32091   0.632100
32092   0.632700
32093   0.633100
32094   0.633100
32095   0.633500
32096   0.633700
32097   0.633500
32098   0.634400
32099   0.633700
32100   0.634300
32101   0.634000
32102   0.634300
32103   0.634800
32104   0.634000
32105   0.633100
32106   0.632400
32107   0.632700
32108   0.632600
32109   0.631700
32110   0.631300
32111   0.632200
32112   0.631800
32113   0.632200
32114   0.633500
32115   0.632900
32116   0.632800
32117   0.632800
32118   0.632200
32119   0.633300
32120   0.632800
32121   0.631600
32122   0.631600
32123   0.631800
32124   0.631400
32125   0.631400
32126   0.630700
32127   0.630400
32128   0.631100
32129   0.631200
32130   0.631300
32131   0.631600
32132   0.631800
32133   0.631000
32134   0.631500
32135   0.631500
32136   0.633600
32137   0.633200
32138   0.633300
32139   0.633400
32140   0.633500
32141   0.633000
32142   0.633100
32143   0.632400
32144   0.632400
32145   0.632300
32146   0.633300
32147   0.632900
32148   0.633400
32149   0.633200
32150   0.632500
32151   0.631100
32152   0.631300
32153   0.631000
32154   0.631200
32155   0.629800
32156   0.629900
32157   0.630300
32158   0.631500
32159   0.632500
32160   0.632500
32161   0.632600
32162   0.632900
32163   0.633600
32164   0.632700
32165   0.631300
32166   0.631300
32167   0.631800
32168   0.630600
32169   0.630500
32170   0.630000
32171   0.629400
32172   0.628600
32173   0.628300
32174   0.627600
32175   0.627500
32176   0.627600
32177   0.627800
32178   0.627800
32179   0.628600
32180   0.629000
32181   0.629100
32182   0.628400
32183   0.629000
32184   0.629300
32185   0.629300
32186   0.628400
32187   0.628200
32188   0.628100
32189   0.627600
32190   0.628500
32191   0.628100
32192   0.629000
32193   0.628600
32194   0.628100
32195   0.628100
32196   0.628000
32197   0.626800
32198   0.627300
32199   0.627300
32200   0.628100
32201   0.628300
32202   0.628200
32203   0.628900
32204   0.628400
32205   0.628800
32206   0.628700
32207   0.629300
32208   0.628300
32209   0.629000
32210   0.629200
32211   0.629900
32212   0.629200
32213   0.629500
32214   0.629500
32215   0.629900
32216   0.630300
32217   0.630200
32218   0.630000
32219   0.629800
32220   0.630400
32221   0.630700
32222   0.630500
32223   0.630100
32224   0.631000
32225   0.630600
32226   0.630900
32227   0.630500
32228   0.628500
32229   0.629200
32230   0.629400
32231   0.629100
32232   0.628400
32233   0.630000
32234   0.629500
32235   0.629000
32236   0.629900
32237   0.629200
32238   0.629500
32239   0.631100
32240   0.629300
32241   0.629700
32242   0.629700
32243   0.629700
32244   0.627900
32245   0.627300
32246   0.626800
32247   0.626100
32248   0.624700
32249   0.624800
32250   0.625800
32251   0.625700
32252   0.624900
32253   0.625400
32254   0.624600
32255   0.624500
32256   0.624500
32257   0.624800
32258   0.625100
32259   0.625400
32260   0.624900
32261   0.625400
32262   0.625700
32263   0.624100
32264   0.623200
32265   0.623100
32266   0.622000
32267   0.621900
32268   0.622600
32269   0.623300
32270   0.623700
32271   0.623700
32272   0.624700
32273   0.625700
32274   0.626200
32275   0.626400
32276   0.627000
32277   0.627100
32278   0.627200
32279   0.628000
32280   0.627400
32281   0.626600
32282   0.625900
32283   0.625900
32284   0.626600
32285   0.626200
32286   0.625500
32287   0.626300
32288   0.626800
32289   0.626600
32290   0.625600
32291   0.624500
32292   0.624500
32293   0.624200
32294   0.623900
32295   0.622400
32296   0.622800
32297   0.623000
32298   0.622500
32299   0.621300
32300   0.620600
32301   0.621100
32302   0.620200
32303   0.620900
32304   0.621200
32305   0.620300
32306   0.621300
32307   0.621500
32308   0.621400
32309   0.620100
32310   0.619300
32311   0.619500
32312   0.620200
32313   0.619500
32314   0.618900
32315   0.619100
32316   0.619300
32317   0.619500
32318   0.618900
32319   0.619000
32320   0.618900
32321   0.620100
32322   0.621600
32323   0.621500
32324   0.621700
32325   0.621700
32326   0.622900
32327   0.622400
32328   0.622200
32329   0.623100
32330   0.623700
32331   0.623600
32332   0.624100
32333   0.624500
32334   0.625900
32335   0.626700
32336   0.626900
32337   0.626300
32338   0.625500
32339   0.625400
32340   0.625900
32341   0.625600
32342   0.625700
32343   0.626000
32344   0.625800
32345   0.625200
32346   0.625400
32347   0.624400
32348   0.625100
32349   0.625300
32350   0.625100
32351   0.624500
32352   0.624100
32353   0.625200
32354   0.624900
32355   0.623500
32356   0.623400
32357   0.623900
32358   0.623800
32359   0.624500
32360   0.624900
32361   0.623200
32362   0.623200
32363   0.623400
32364   0.623900
32365   0.624000
32366   0.624200
32367   0.623700
32368   0.623300
32369   0.623300
32370   0.624100
32371   0.624800
32372   0.624100
32373   0.623900
32374   0.623700
32375   0.622000
32376   0.623800
32377   0.623700
32378   0.622900
32379   0.623900
32380   0.624700
32381   0.624300
32382   0.624600
32383   0.624500
32384   0.624500
32385   0.623100
32386   0.623000
32387   0.622600
32388   0.622900
32389   0.623100
32390   0.623300
32391   0.623700
32392   0.623200
32393   0.622700
32394   0.623000
32395   0.622700
32396   0.622600
32397   0.623700
32398   0.623600
32399   0.623300
32400   0.623400
32401   0.623700
32402   0.622700
32403   0.622900
32404   0.621400
32405   0.622200
32406   0.621400
32407   0.621600
32408   0.621200
32409   0.620900
32410   0.621000
32411   0.621300
32412   0.620900
32413   0.620800
32414   0.621000
32415   0.620700
32416   0.619300
32417   0.618900
32418   0.617900
32419   0.617600
32420   0.617300
32421   0.617700
32422   0.617700
32423   0.618800
32424   0.619500
32425   0.619900
32426   0.619700
32427   0.619300
32428   0.619400
32429   0.619000
32430   0.618200
32431   0.618600
32432   0.619400
32433   0.619000
32434   0.618900
32435   0.618600
32436   0.618500
32437   0.617900
32438   0.616300
32439   0.617400
32440   0.616700
32441   0.617700
32442   0.617500
32443   0.618000
32444   0.617400
32445   0.618400
32446   0.618700
32447   0.617900
32448   0.617200
32449   0.617400
32450   0.617100
32451   0.617000
32452   0.617500
32453   0.617400
32454   0.616900
32455   0.617400
32456   0.617700
32457   0.618700
32458   0.618800
32459   0.619200
32460   0.618000
32461   0.618400
32462   0.618900
32463   0.619000
32464   0.619200
32465   0.618500
32466   0.618400
32467   0.617500
32468   0.617000
32469   0.616900
32470   0.616800
32471   0.616300
32472   0.616300
32473   0.616700
32474   0.617700
32475   0.619100
32476   0.619300
32477   0.619700
32478   0.620000
32479   0.620600
32480   0.620400
32481   0.619900
32482   0.619600
32483   0.620700
32484   0.620400
32485   0.621000
32486   0.621800
32487   0.621500
32488   0.620900
32489   0.621000
32490   0.620800
32491   0.621000
32492   0.621800
32493   0.621600
32494   0.621300
32495   0.621900
32496   0.621800
32497   0.621000
32498   0.621000
32499   0.621400
32500   0.621000
32501   0.621500
32502   0.622000
32503   0.621600
32504   0.620800
32505   0.620600
32506   0.620900
32507   0.621200
32508   0.620700
32509   0.621400
32510   0.621200
32511   0.620800
32512   0.620100
32513   0.619500
32514   0.618600
32515   0.618900
32516   0.619500
32517   0.619100
32518   0.618500
32519   0.618500
32520   0.619400
32521   0.619300
32522   0.618500
32523   0.618700
32524   0.618200
32525   0.618600
32526   0.618600
32527   0.618700
32528   0.618400
32529   0.619600
32530   0.620100
32531   0.619800
32532   0.621000
32533   0.621800
32534   0.621900
32535   0.622500
32536   0.621000
32537   0.620600
32538   0.621100
32539   0.621200
32540   0.621700
32541   0.621800
32542   0.623000
32543   0.622100
32544   0.622700
32545   0.623500
32546   0.623400
32547   0.623200
32548   0.622100
32549   0.621900
32550   0.621700
32551   0.621400
32552   0.622000
32553   0.621800
32554   0.622000
32555   0.621900
32556   0.622100
32557   0.622200
32558   0.622300
32559   0.621700
32560   0.621900
32561   0.622400
32562   0.622500
32563   0.621900
32564   0.621900
32565   0.621400
32566   0.621100
32567   0.620100
32568   0.620100
32569   0.619800
32570   0.619900
32571   0.619600
32572   0.620100
32573   0.620800
32574   0.619700
32575   0.619400
32576   0.620100
32577   0.619500
32578   0.618700
32579   0.617500
32580   0.617100
32581   0.616900
32582   0.617400
32583   0.617200
32584   0.618500
32585   0.617600
32586   0.617900
32587   0.617600
32588   0.618300
32589   0.618400
32590   0.619300
32591   0.619100
32592   0.618700
32593   0.619300
32594   0.619500
32595   0.618800
32596   0.619800
32597   0.620100
32598   0.620400
32599   0.619600
32600   0.620000
32601   0.620200
32602   0.620700
32603   0.621300
32604   0.621700
32605   0.622700
32606   0.623100
32607   0.622600
32608   0.623300
32609   0.622500
32610   0.622000
32611   0.621700
32612   0.620500
32613   0.620600
32614   0.620800
32615   0.620700
32616   0.620200
32617   0.619600
32618   0.618500
32619   0.618700
32620   0.618000
32621   0.618200
32622   0.618600
32623   0.619200
32624   0.618300
32625   0.619000
32626   0.618400
32627   0.618500
32628   0.617900
32629   0.619000
32630   0.618500
32631   0.618800
32632   0.618700
32633   0.618200
32634   0.617600
32635   0.618200
32636   0.618100
32637   0.618500
32638   0.618800
32639   0.619100
32640   0.619300
32641   0.619100
32642   0.618000
32643   0.618100
32644   0.616600
32645   0.616500
32646   0.616400
32647   0.616600
32648   0.617200
32649   0.616500
32650   0.616000
32651   0.615300
32652   0.615000
32653   0.615400
32654   0.615500
32655   0.615400
32656   0.615400
32657   0.615200
32658   0.614800
32659   0.615500
32660   0.615600
32661   0.616000
32662   0.615700
32663   0.616900
32664   0.616400
32665   0.616100
32666   0.616300
32667   0.616000
32668   0.617100
32669   0.618000
32670   0.619400
32671   0.619300
32672   0.619500
32673   0.619400
32674   0.618800
32675   0.619400
32676   0.619200
32677   0.619500
32678   0.618900
32679   0.617800
32680   0.617400
32681   0.617200
32682   0.617600
32683   0.616900
32684   0.616500
32685   0.616200
32686   0.616100
32687   0.617200
32688   0.617900
32689   0.617400
32690   0.617600
32691   0.617500
32692   0.618400
32693   0.617800
32694   0.618200
32695   0.618400
32696   0.618100
32697   0.618400
32698   0.619100
32699   0.618500
32700   0.618700
32701   0.618300
32702   0.618800
32703   0.619500
32704   0.618600
32705   0.619800
32706   0.620500
32707   0.620100
32708   0.619800
32709   0.619700
32710   0.619000
32711   0.618800
32712   0.617000
32713   0.616600
32714   0.616800
32715   0.616900
32716   0.616500
32717   0.615800
32718   0.615200
32719   0.615700
32720   0.615500
32721   0.615500
32722   0.615000
32723   0.615100
32724   0.615300
32725   0.615800
32726   0.616800
32727   0.616700
32728   0.616900
32729   0.617200
32730   0.618000
32731   0.617500
32732   0.616600
32733   0.617200
32734   0.616000
32735   0.618100
32736   0.617600
32737   0.616600
32738   0.617300
32739   0.616700
32740   0.617100
32741   0.618000
32742   0.618300
32743   0.618600
32744   0.618600
32745   0.619800
32746   0.621000
32747   0.621400
32748   0.620800
32749   0.619900
32750   0.619000
32751   0.619100
32752   0.618600
32753   0.618400
32754   0.618800
32755   0.619400
32756   0.619200
32757   0.618900
32758   0.618500
32759   0.617900
32760   0.618600
32761   0.618900
32762   0.620300
32763   0.619900
32764   0.619300
32765   0.619200
32766   0.619300
32767   0.618900
32768   0.618300
32769   0.616900
32770   0.616900
32771   0.616900
32772   0.617100
32773   0.617700
32774   0.618000
32775   0.617700
32776   0.617200
32777   0.617300
32778   0.618300
32779   0.618800
32780   0.620000
32781   0.619400
32782   0.618300
32783   0.618400
32784   0.618800
32785   0.618900
32786   0.617700
32787   0.618200
32788   0.619400
32789   0.618000
32790   0.618100
32791   0.618500
32792   0.619000
32793   0.619000
32794   0.618600
32795   0.619000
32796   0.618700
32797   0.618300
32798   0.619000
32799   0.619100
32800   0.619000
32801   0.619600
32802   0.618700
32803   0.619800
32804   0.619200
32805   0.619000
32806   0.619600
32807   0.618600
32808   0.618600
32809   0.618600
32810   0.617900
32811   0.617400
32812   0.617700
32813   0.617300
32814   0.617600
32815   0.618400
32816   0.618200
32817   0.618800
32818   0.619400
32819   0.619900
32820   0.620300
32821   0.620500
32822   0.619700
32823   0.620500
32824   0.620000
32825   0.619400
32826   0.619900
32827   0.619600
32828   0.619400
32829   0.619600
32830   0.619100
32831   0.619300
32832   0.619200
32833   0.619400
32834   0.618800
32835   0.618100
32836   0.617500
32837   0.618300
32838   0.617200
32839   0.616900
32840   0.616400
32841   0.616300
32842   0.615700
32843   0.616200
32844   0.616200
32845   0.616500
32846   0.617200
32847   0.618000
32848   0.618100
32849   0.618700
32850   0.619300
32851   0.619800
32852   0.619800
32853   0.619800
32854   0.618800
32855   0.618400
32856   0.618300
32857   0.618100
32858   0.617600
32859   0.616500
32860   0.616600
32861   0.616700
32862   0.616300
32863   0.616900
32864   0.616900
32865   0.617100
32866   0.617000
32867   0.615400
32868   0.615500
32869   0.614500
32870   0.614800
32871   0.615000
32872   0.615600
32873   0.614700
32874   0.615300
32875   0.616300
32876   0.616500
32877   0.616900
32878   0.616300
32879   0.614900
32880   0.613800
32881   0.614500
32882   0.615800
32883   0.615700
32884   0.615300
32885   0.613700
32886   0.613000
32887   0.612000
32888   0.612000
32889   0.612800
32890   0.613700
32891   0.612900
32892   0.614000
32893   0.613400
32894   0.613300
32895   0.613400
32896   0.613100
32897   0.613300
32898   0.613900
32899   0.614200
32900   0.613300
32901   0.611900
32902   0.612200
32903   0.612000
32904   0.612700
32905   0.611400
32906   0.610800
32907   0.611100
32908   0.611100
32909   0.611400
32910   0.611600
32911   0.610300
32912   0.611200
32913   0.610700
32914   0.610700
32915   0.611200
32916   0.610900
32917   0.611000
32918   0.611500
32919   0.611600
32920   0.611800
32921   0.612600
32922   0.612100
32923   0.612600
32924   0.611700
32925   0.611500
32926   0.612400
32927   0.611700
32928   0.611200
32929   0.610000
32930   0.610600
32931   0.610200
32932   0.609800
32933   0.610300
32934   0.610700
32935   0.610100
32936   0.609900
32937   0.609700
32938   0.609500
32939   0.610500
32940   0.611100
32941   0.609900
32942   0.609200
32943   0.609700
32944   0.609900
32945   0.609900
32946   0.610700
32947   0.609700
32948   0.609900
32949   0.609400
32950   0.609200
32951   0.609100
32952   0.609400
32953   0.609100
32954   0.609500
32955   0.610400
32956   0.610800
32957   0.610800
32958   0.610900
32959   0.610500
32960   0.609900
32961   0.609500
32962   0.608900
32963   0.607600
32964   0.608300
32965   0.608600
32966   0.609600
32967   0.609700
32968   0.609700
32969   0.609700
32970   0.609200
32971   0.609000
32972   0.608400
32973   0.608100
32974   0.608000
32975   0.607300
32976   0.608300
32977   0.608400
32978   0.607700
32979   0.607300
32980   0.607500
32981   0.606600
32982   0.606200
32983   0.606600
32984   0.607300
32985   0.607500
32986   0.607300
32987   0.608300
32988   0.608300
32989   0.608600
32990   0.609800
32991   0.609900
32992   0.611200
32993   0.611100
32994   0.610700
32995   0.609700
32996   0.610000
32997   0.609000
32998   0.608900
32999   0.607700
33000   0.608200
33001   0.608500
33002   0.608600
33003   0.609100
33004   0.610800
33005   0.610400
33006   0.611400
33007   0.610400
33008   0.610000
33009   0.609900
33010   0.609600
33011   0.611200
33012   0.610300
33013   0.611600
33014   0.610600
33015   0.609800
33016   0.609700
33017   0.608200
33018   0.608000
33019   0.607600
33020   0.607700
33021   0.608400
33022   0.608200
33023   0.608200
33024   0.608900
33025   0.608300
33026   0.607500
33027   0.608300
33028   0.607600
33029   0.607000
33030   0.608000
33031   0.608900
33032   0.609100
33033   0.609300
33034   0.609300
33035   0.610000
33036   0.610500
33037   0.610700
33038   0.609700
33039   0.611300
33040   0.612400
33041   0.612000
33042   0.611700
33043   0.611600
33044   0.611400
33045   0.611800
33046   0.612500
33047   0.613100
33048   0.613900
33049   0.613600
33050   0.614400
33051   0.615200
33052   0.615500
33053   0.615300
33054   0.614500
33055   0.614700
33056   0.614000
33057   0.614400
33058   0.615300
33059   0.615600
33060   0.614800
33061   0.615000
33062   0.616000
33063   0.615900
33064   0.616400
33065   0.616500
33066   0.616000
33067   0.616600
33068   0.616800
33069   0.616400
33070   0.617500
33071   0.617400
33072   0.618100
33073   0.618400
33074   0.617900
33075   0.617600
33076   0.615900
33077   0.616100
33078   0.616800
33079   0.617200
33080   0.616800
33081   0.617600
33082   0.617500
33083   0.617400
33084   0.617100
33085   0.616900
33086   0.616100
33087   0.614900
33088   0.615000
33089   0.614900
33090   0.614400
33091   0.613400
33092   0.613900
33093   0.614300
33094   0.613500
33095   0.613200
33096   0.612000
33097   0.612600
33098   0.612000
33099   0.612500
33100   0.613000
33101   0.613100
33102   0.613500
33103   0.613400
33104   0.613300
33105   0.613200
33106   0.613900
33107   0.613800
33108   0.614500
33109   0.614800
33110   0.615100
33111   0.615200
33112   0.615300
33113   0.615600
33114   0.615300
33115   0.614700
33116   0.614000
33117   0.614800
33118   0.614900
33119   0.615600
33120   0.615700
33121   0.615700
33122   0.615500
33123   0.615700
33124   0.616300
33125   0.615800
33126   0.617100
33127   0.617500
33128   0.616300
33129   0.616400
33130   0.616700
33131   0.615800
33132   0.615000
33133   0.615100
33134   0.614500
33135   0.613000
33136   0.613200
33137   0.613400
33138   0.614500
33139   0.615400
33140   0.614800
33141   0.615600
33142   0.616000
33143   0.616100
33144   0.616200
33145   0.616400
33146   0.616500
33147   0.617100
33148   0.617700
33149   0.617300
33150   0.618100
33151   0.618300
33152   0.617900
33153   0.616800
33154   0.615700
33155   0.616000
33156   0.615200
33157   0.615100
33158   0.614900
33159   0.614900
33160   0.614700
33161   0.615700
33162   0.615700
33163   0.614600
33164   0.615600
33165   0.615900
33166   0.616500
33167   0.617800
33168   0.617700
33169   0.618100
33170   0.618900
33171   0.618900
33172   0.618400
33173   0.618400
33174   0.618400
33175   0.618600
33176   0.619200
33177   0.618800
33178   0.619400
33179   0.619300
33180   0.618500
33181   0.618100
33182   0.618400
33183   0.618500
33184   0.618100
33185   0.617000
33186   0.616300
33187   0.615800
33188   0.616000
33189   0.615700
33190   0.615400
33191   0.615500
33192   0.615500
33193   0.615800
33194   0.615300
33195   0.614600
33196   0.614100
33197   0.614000
33198   0.613700
33199   0.613700
33200   0.614300
33201   0.614700
33202   0.615100
33203   0.614500
33204   0.614500
33205   0.614100
33206   0.613300
33207   0.613300
33208   0.613500
33209   0.614200
33210   0.615200
33211   0.615100
33212   0.615000
33213   0.615900
33214   0.616200
33215   0.614700
33216   0.614200
33217   0.614900
33218   0.614800
33219   0.614300
33220   0.614800
33221   0.614500
33222   0.614300
33223   0.614200
33224   0.614200
33225   0.612900
33226   0.612600
33227   0.612300
33228   0.612200
33229   0.613500
33230   0.613300
33231   0.613000
33232   0.612900
33233   0.612800
33234   0.614000
33235   0.613800
33236   0.613500
33237   0.614600
33238   0.614400
33239   0.614400
33240   0.614700
33241   0.614800
33242   0.614400
33243   0.614500
33244   0.614400
33245   0.614500
33246   0.614900
33247   0.614300
33248   0.613100
33249   0.613800
33250   0.613500
33251   0.614000
33252   0.613800
33253   0.613900
33254   0.614200
33255   0.614000
33256   0.614200
33257   0.614400
33258   0.614900
33259   0.614600
33260   0.614300
33261   0.615000
33262   0.615600
33263   0.615600
33264   0.614400
33265   0.614300
33266   0.613600
33267   0.613500
33268   0.613900
33269   0.612300
33270   0.613200
33271   0.613900
33272   0.614500
33273   0.615400
33274   0.616000
33275   0.615200
33276   0.615800
33277   0.615200
33278   0.616800
33279   0.616400
33280   0.616400
33281   0.614600
33282   0.614600
33283   0.613900
33284   0.614900
33285   0.615500
33286   0.615900
33287   0.616300
33288   0.616700
33289   0.617500
33290   0.617200
33291   0.617200
33292   0.618500
33293   0.619000
33294   0.617900
33295   0.617500
33296   0.617200
33297   0.617700
33298   0.617900
33299   0.617800
33300   0.617900
33301   0.617900
33302   0.617900
33303   0.618200
33304   0.618300
33305   0.617300
33306   0.617300
33307   0.617000
33308   0.617200
33309   0.617200
33310   0.617100
33311   0.617600
33312   0.617300
33313   0.618000
33314   0.617900
33315   0.617700
33316   0.617700
33317   0.616800
33318   0.615500
33319   0.615500
33320   0.616400
33321   0.615000
33322   0.614200
33323   0.612800
33324   0.612000
33325   0.611100
33326   0.609200
33327   0.608700
33328   0.609000
33329   0.608900
33330   0.608300
33331   0.608800
33332   0.610700
33333   0.610800
33334   0.610300
33335   0.611000
33336   0.611300
33337   0.611000
33338   0.611500
33339   0.610800
33340   0.609400
33341   0.609400
33342   0.609000
33343   0.608600
33344   0.607300
33345   0.607700
33346   0.607900
33347   0.608000
33348   0.607600
33349   0.607000
33350   0.607700
33351   0.608200
33352   0.608200
33353   0.607300
33354   0.608000
33355   0.608400
33356   0.608800
33357   0.608100
33358   0.607400
33359   0.608400
33360   0.607600
33361   0.606700
33362   0.606100
33363   0.606200
33364   0.606000
33365   0.606100
33366   0.606100
33367   0.605000
33368   0.604400
33369   0.604700
33370   0.604400
33371   0.605400
33372   0.604900
33373   0.605400
33374   0.603400
33375   0.603800
33376   0.602800
33377   0.601600
33378   0.601900
33379   0.601100
33380   0.600900
33381   0.601100
33382   0.601900
33383   0.601700
33384   0.601800
33385   0.602000
33386   0.602600
33387   0.602600
33388   0.603200
33389   0.602700
33390   0.602300
33391   0.601600
33392   0.601600
33393   0.600400
33394   0.599600
33395   0.600200
33396   0.600500
33397   0.599600
33398   0.598900
33399   0.597000
33400   0.598500
33401   0.598600
33402   0.598500
33403   0.599300
33404   0.599700
33405   0.600300
33406   0.599700
33407   0.599300
33408   0.600000
33409   0.599700
33410   0.598700
33411   0.599600
33412   0.600300
33413   0.600200
33414   0.599100
33415   0.599400
33416   0.599300
33417   0.600100
33418   0.600500
33419   0.599900
33420   0.599600
33421   0.599000
33422   0.598800
33423   0.598900
33424   0.598000
33425   0.597500
33426   0.597200
33427   0.596500
33428   0.597500
33429   0.597200
33430   0.596700
33431   0.596400
33432   0.596300
33433   0.594400
33434   0.594800
33435   0.595200
33436   0.595500
33437   0.595900
33438   0.595400
33439   0.594300
33440   0.593800
33441   0.594200
33442   0.594400
33443   0.594500
33444   0.594600
33445   0.594900
33446   0.595100
33447   0.594700
33448   0.595400
33449   0.595300
33450   0.594200
33451   0.593900
33452   0.593700
33453   0.593800
33454   0.594200
33455   0.593700
33456   0.593100
33457   0.593600
33458   0.593100
33459   0.593200
33460   0.593100
33461   0.592600
33462   0.591900
33463   0.592000
33464   0.591800
33465   0.592000
33466   0.591200
33467   0.591100
33468   0.590100
33469   0.590200
33470   0.590400
33471   0.590000
33472   0.589900
33473   0.589300
33474   0.589000
33475   0.588900
33476   0.590100
33477   0.589600
33478   0.590600
33479   0.590200
33480   0.589700
33481   0.590500
33482   0.591800
33483   0.591200
33484   0.590600
33485   0.590300
33486   0.590600
33487   0.589800
33488   0.590000
33489   0.589100
33490   0.589600
33491   0.589000
33492   0.589500
33493   0.590300
33494   0.589800
33495   0.588900
33496   0.588800
33497   0.589500
33498   0.589500
33499   0.589000
33500   0.588900
33501   0.588700
33502   0.588800
33503   0.588900
33504   0.588800
33505   0.589400
33506   0.588500
33507   0.588600
33508   0.588400
33509   0.589600
33510   0.589500
33511   0.589800
33512   0.589800
33513   0.590300
33514   0.589600
33515   0.589000
33516   0.589800
33517   0.590800
33518   0.590200
33519   0.590700
33520   0.590800
33521   0.590500
33522   0.591000
33523   0.590600
33524   0.590000
33525   0.590300
33526   0.590000
33527   0.590500
33528   0.590100
33529   0.590600
33530   0.591100
33531   0.590400
33532   0.591100
33533   0.592300
33534   0.592800
33535   0.592800
33536   0.593600
33537   0.593800
33538   0.594000
33539   0.594500
33540   0.594100
33541   0.594200
33542   0.593800
33543   0.593800
33544   0.593100
33545   0.593900
33546   0.593800
33547   0.593400
33548   0.592600
33549   0.592200
33550   0.591500
33551   0.590900
33552   0.591900
33553   0.591800
33554   0.591800
33555   0.591600
33556   0.591400
33557   0.590600
33558   0.590600
33559   0.591500
33560   0.589900
33561   0.589400
33562   0.589500
33563   0.587300
33564   0.586200
33565   0.585400
33566   0.585100
33567   0.585500
33568   0.585300
33569   0.585400
33570   0.585100
33571   0.585800
33572   0.585900
33573   0.585800
33574   0.586200
33575   0.587000
33576   0.587400
33577   0.587400
33578   0.587900
33579   0.588100
33580   0.587100
33581   0.587400
33582   0.587700
33583   0.587400
33584   0.587200
33585   0.587000
33586   0.587200
33587   0.588100
33588   0.588300
33589   0.588800
33590   0.588800
33591   0.588200
33592   0.587900
33593   0.587600
33594   0.588000
33595   0.587900
33596   0.588000
33597   0.587700
33598   0.586900
33599   0.585700
33600   0.585500
33601   0.585800
33602   0.585100
33603   0.584500
33604   0.584600
33605   0.585100
33606   0.585300
33607   0.583700
33608   0.584400
33609   0.583000
33610   0.583000
33611   0.583500
33612   0.584500
33613   0.584800
33614   0.584600
33615   0.584700
33616   0.584200
33617   0.583900
33618   0.582800
33619   0.582300
33620   0.581300
33621   0.582500
33622   0.582900
33623   0.583300
33624   0.583700
33625   0.583500
33626   0.583700
33627   0.582800
33628   0.582600
33629   0.581500
33630   0.581600
33631   0.581000
33632   0.580000
33633   0.580100
33634   0.580500
33635   0.580300
33636   0.579600
33637   0.579600
33638   0.579600
33639   0.579400
33640   0.578800
33641   0.578600
33642   0.579500
33643   0.578800
33644   0.579100
33645   0.580600
33646   0.580300
33647   0.580100
33648   0.579100
33649   0.580200
33650   0.579500
33651   0.579500
33652   0.580100
33653   0.578600
33654   0.578500
33655   0.577100
33656   0.577600
33657   0.578400
33658   0.577700
33659   0.576600
33660   0.576400
33661   0.576200
33662   0.576200
33663   0.576200
33664   0.576000
33665   0.576700
33666   0.576200
33667   0.576700
33668   0.576100
33669   0.576700
33670   0.576000
33671   0.575500
33672   0.573900
33673   0.573400
33674   0.573300
33675   0.574300
33676   0.573500
33677   0.572400
33678   0.572100
33679   0.572600
33680   0.572400
33681   0.573000
33682   0.573500
33683   0.573900
33684   0.574900
33685   0.574000
33686   0.572900
33687   0.571600
33688   0.571300
33689   0.571900
33690   0.571200
33691   0.570800
33692   0.571700
33693   0.571800
33694   0.572000
33695   0.571800
33696   0.572800
33697   0.572500
33698   0.572400
33699   0.572900
33700   0.573400
33701   0.573500
33702   0.574300
33703   0.574100
33704   0.574500
33705   0.575100
33706   0.574800
33707   0.575500
33708   0.575800
33709   0.575700
33710   0.575300
33711   0.575600
33712   0.574800
33713   0.574300
33714   0.574300
33715   0.574900
33716   0.575500
33717   0.574700
33718   0.573700
33719   0.573400
33720   0.572100
33721   0.572400
33722   0.572700
33723   0.574300
33724   0.574800
33725   0.575100
33726   0.575300
33727   0.575600
33728   0.575800
33729   0.575300
33730   0.575300
33731   0.575900
33732   0.575400
33733   0.575300
33734   0.575800
33735   0.575300
33736   0.574100
33737   0.573300
33738   0.573800
33739   0.572800
33740   0.572700
33741   0.572300
33742   0.572800
33743   0.571800
33744   0.571400
33745   0.571600
33746   0.571700
33747   0.570900
33748   0.569200
33749   0.570200
33750   0.569900
33751   0.571000
33752   0.571200
33753   0.572100
33754   0.571800
33755   0.571000
33756   0.570200
33757   0.571000
33758   0.570700
33759   0.571100
33760   0.570100
33761   0.569700
33762   0.569400
33763   0.569300
33764   0.568800
33765   0.569200
33766   0.570100
33767   0.570700
33768   0.570100
33769   0.570000
33770   0.570200
33771   0.570000
33772   0.570300
33773   0.571000
33774   0.571300
33775   0.570900
33776   0.570000
33777   0.569100
33778   0.568900
33779   0.569100
33780   0.568800
33781   0.569100
33782   0.569000
33783   0.569300
33784   0.569800
33785   0.569500
33786   0.568700
33787   0.569500
33788   0.570100
33789   0.569500
33790   0.569600
33791   0.569600
33792   0.569000
33793   0.568700
33794   0.568600
33795   0.567200
33796   0.566800
33797   0.567200
33798   0.567100
33799   0.567100
33800   0.568200
33801   0.567800
33802   0.568600
33803   0.568800
33804   0.568700
33805   0.569200
33806   0.569300
33807   0.568700
33808   0.569500
33809   0.569000
33810   0.569900
33811   0.569600
33812   0.570100
33813   0.569600
33814   0.570100
33815   0.569400
33816   0.569700
33817   0.570500
33818   0.570300
33819   0.569900
33820   0.569800
33821   0.570100
33822   0.570400
33823   0.570500
33824   0.570600
33825   0.570000
33826   0.571000
33827   0.571800
33828   0.570600
33829   0.570900
33830   0.570500
33831   0.570000
33832   0.570200
33833   0.570300
33834   0.570700
33835   0.570000
33836   0.570500
33837   0.569400
33838   0.569200
33839   0.568200
33840   0.567700
33841   0.568700
33842   0.569200
33843   0.569800
33844   0.569900
33845   0.569700
33846   0.569400
33847   0.570400
33848   0.570800
33849   0.569500
33850   0.569600
33851   0.569800
33852   0.569200
33853   0.567300
33854   0.567800
33855   0.567700
33856   0.566300
33857   0.566400
33858   0.566100
33859   0.566200
33860   0.566800
33861   0.566500
33862   0.566700
33863   0.566000
33864   0.565900
33865   0.566200
33866   0.565000
33867   0.565400
33868   0.565400
33869   0.566900
33870   0.566700
33871   0.566500
33872   0.566400
33873   0.567600
33874   0.567200
33875   0.567400
33876   0.567600
33877   0.568000
33878   0.569200
33879   0.569800
33880   0.569300
33881   0.570100
33882   0.569000
33883   0.570100
33884   0.570500
33885   0.571000
33886   0.570100
33887   0.570100
33888   0.569500
33889   0.570000
33890   0.570900
33891   0.571400
33892   0.571700
33893   0.572100
33894   0.571300
33895   0.571200
33896   0.571300
33897   0.572300
33898   0.571500
33899   0.571700
33900   0.570900
33901   0.570200
33902   0.571000
33903   0.570800
33904   0.571200
33905   0.570100
33906   0.569600
33907   0.569200
33908   0.568400
33909   0.568600
33910   0.568700
33911   0.568600
33912   0.568300
33913   0.567800
33914   0.568400
33915   0.569000
33916   0.568800
33917   0.569500
33918   0.568700
33919   0.568500
33920   0.568000
33921   0.567500
33922   0.567700
33923   0.568000
33924   0.568200
33925   0.569200
33926   0.569600
33927   0.569900
33928   0.570200
33929   0.569700
33930   0.569500
33931   0.569700
33932   0.569200
33933   0.569300
33934   0.569600
33935   0.569100
33936   0.569600
33937   0.569700
33938   0.570200
33939   0.569800
33940   0.569400
33941   0.569300
33942   0.570900
33943   0.570300
33944   0.570700
33945   0.571100
33946   0.569900
33947   0.569300
33948   0.568600
33949   0.567800
33950   0.568300
33951   0.568400
33952   0.569600
33953   0.568800
33954   0.569600
33955   0.570200
33956   0.569700
33957   0.570200
33958   0.570000
33959   0.570100
33960   0.570800
33961   0.570400
33962   0.570000
33963   0.570600
33964   0.569700
33965   0.569800
33966   0.570400
33967   0.570100
33968   0.570000
33969   0.570000
33970   0.570100
33971   0.569700
33972   0.569500
33973   0.570400
33974   0.571000
33975   0.571300
33976   0.571400
33977   0.571300
33978   0.571700
33979   0.570700
33980   0.570000
33981   0.570000
33982   0.570000
33983   0.569700
33984   0.568900
33985   0.569600
33986   0.569900
33987   0.570100
33988   0.570500
33989   0.569700
33990   0.570800
33991   0.572000
33992   0.571000
33993   0.571800
33994   0.571400
33995   0.571900
33996   0.571300
33997   0.571700
33998   0.572500
33999   0.573000
34000   0.573400
34001   0.573200
34002   0.573000
34003   0.574200
34004   0.575000
34005   0.575000
34006   0.574500
34007   0.574200
34008   0.573100
34009   0.572800
34010   0.573100
34011   0.573800
34012   0.573300
34013   0.573600
34014   0.573500
34015   0.573700
34016   0.573900
34017   0.574200
34018   0.573700
34019   0.574200
34020   0.573700
34021   0.574100
34022   0.574800
34023   0.575100
34024   0.575100
34025   0.574600
34026   0.574000
34027   0.574000
34028   0.573400
34029   0.573800
34030   0.574500
34031   0.574600
34032   0.574200
34033   0.572900
34034   0.573200
34035   0.573500
34036   0.572700
34037   0.571900
34038   0.571500
34039   0.571600
34040   0.570100
34041   0.569800
34042   0.570100
34043   0.570700
34044   0.570800
34045   0.570600
34046   0.570100
34047   0.570700
34048   0.570400
34049   0.570700
34050   0.570800
34051   0.570800
34052   0.571500
34053   0.571100
34054   0.571100
34055   0.571300
34056   0.571500
34057   0.571600
34058   0.571300
34059   0.571300
34060   0.571300
34061   0.571200
34062   0.570200
34063   0.570100
34064   0.569400
34065   0.569000
34066   0.569200
34067   0.569200
34068   0.568000
34069   0.569600
34070   0.568300
34071   0.567900
34072   0.569100
34073   0.569900
34074   0.568900
34075   0.568900
34076   0.568500
34077   0.568400
34078   0.568300
34079   0.568300
34080   0.568900
34081   0.568200
34082   0.568900
34083   0.569400
34084   0.570000
34085   0.570200
34086   0.571000
34087   0.569600
34088   0.568500
34089   0.567600
34090   0.568500
34091   0.568400
34092   0.568800
34093   0.569600
34094   0.569800
34095   0.569200
34096   0.569800
34097   0.569900
34098   0.570200
34099   0.571000
34100   0.570500
34101   0.570000
34102   0.569100
34103   0.568600
34104   0.569700
34105   0.569500
34106   0.570200
34107   0.570500
34108   0.569100
34109   0.568300
34110   0.567700
34111   0.569400
34112   0.570100
34113   0.571200
34114   0.570300
34115   0.570400
34116   0.569500
34117   0.570200
34118   0.570200
34119   0.569200
34120   0.570200
34121   0.569800
34122   0.570100
34123   0.570100
34124   0.570900
34125   0.570900
34126   0.569900
34127   0.570100
34128   0.569300
34129   0.568300
34130   0.568900
34131   0.568100
34132   0.569200
34133   0.568700
34134   0.569600
34135   0.569200
34136   0.569800
34137   0.569200
34138   0.568400
34139   0.568200
34140   0.568500
34141   0.567900
34142   0.567700
34143   0.569200
34144   0.569100
34145   0.568100
34146   0.568500
34147   0.568200
34148   0.569000
34149   0.569800
34150   0.570300
34151   0.570500
34152   0.570600
34153   0.571500
34154   0.570700
34155   0.571800
34156   0.571100
34157   0.571000
34158   0.571100
34159   0.571000
34160   0.570900
34161   0.571100
34162   0.571100
34163   0.571600
34164   0.572000
34165   0.572900
34166   0.573200
34167   0.572800
34168   0.572500
34169   0.572300
34170   0.572300
34171   0.572900
34172   0.574000
34173   0.574500
34174   0.575000
34175   0.575300
34176   0.574600
34177   0.575300
34178   0.574800
34179   0.574800
34180   0.573900
34181   0.573700
34182   0.574400
34183   0.574700
34184   0.574600
34185   0.574200
34186   0.574600
34187   0.575300
34188   0.574100
34189   0.573400
34190   0.574100
34191   0.573900
34192   0.573600
34193   0.573600
34194   0.573100
34195   0.573500
34196   0.573900
34197   0.574300
34198   0.574200
34199   0.574300
34200   0.574600
34201   0.574700
34202   0.574200
34203   0.574700
34204   0.574100
34205   0.574100
34206   0.573900
34207   0.574900
34208   0.575300
34209   0.574800
34210   0.574500
34211   0.574300
34212   0.575200
34213   0.576100
34214   0.576000
34215   0.574800
34216   0.574400
34217   0.574800
34218   0.573100
34219   0.573600
34220   0.573500
34221   0.573100
34222   0.573900
34223   0.573500
34224   0.573800
34225   0.574200
34226   0.574700
34227   0.574600
34228   0.574800
34229   0.574500
34230   0.574000
34231   0.574000
34232   0.573600
34233   0.573400
34234   0.573400
34235   0.574100
34236   0.573900
34237   0.574000
34238   0.575100
34239   0.574700
34240   0.575400
34241   0.575800
34242   0.574500
34243   0.575100
34244   0.574700
34245   0.575600
34246   0.575400
34247   0.575700
34248   0.575300
34249   0.574400
34250   0.574500
34251   0.575000
34252   0.574600
34253   0.574900
34254   0.575200
34255   0.574800
34256   0.574400
34257   0.574400
34258   0.573500
34259   0.574300
34260   0.573700
34261   0.573300
34262   0.573500
34263   0.572700
34264   0.572800
34265   0.572700
34266   0.571800
34267   0.571300
34268   0.572300
34269   0.572000
34270   0.571000
34271   0.571500
34272   0.571000
34273   0.572500
34274   0.571700
34275   0.572400
34276   0.573700
34277   0.571700
34278   0.570900
34279   0.570500
34280   0.569100
34281   0.569000
34282   0.568600
34283   0.567500
34284   0.567000
34285   0.566800
34286   0.567600
34287   0.567800
34288   0.567100
34289   0.566400
34290   0.567300
34291   0.567300
34292   0.568200
34293   0.567900
34294   0.568700
34295   0.568800
34296   0.568900
34297   0.568800
34298   0.568400
34299   0.568400
34300   0.568600
34301   0.569000
34302   0.568800
34303   0.569700
34304   0.570100
34305   0.570600
34306   0.570700
34307   0.570700
34308   0.571000
34309   0.571200
34310   0.570100
34311   0.570400
34312   0.569800
34313   0.570000
34314   0.569800
34315   0.570100
34316   0.570100
34317   0.569700
34318   0.570900
34319   0.570100
34320   0.569700
34321   0.570700
34322   0.570900
34323   0.571200
34324   0.570900
34325   0.571700
34326   0.572200
34327   0.572100
34328   0.571600
34329   0.570600
34330   0.571400
34331   0.570800
34332   0.570800
34333   0.571600
34334   0.570300
34335   0.570900
34336   0.570500
34337   0.570600
34338   0.570500
34339   0.571700
34340   0.572200
34341   0.571600
34342   0.572700
34343   0.572300
34344   0.572300
34345   0.571300
34346   0.571400
34347   0.571500
34348   0.571500
34349   0.572000
34350   0.571500
34351   0.571500
34352   0.571300
34353   0.570700
34354   0.569700
34355   0.570200
34356   0.570100
34357   0.570200
34358   0.570700
34359   0.570600
34360   0.571100
34361   0.571900
34362   0.572800
34363   0.572500
34364   0.573500
34365   0.572900
34366   0.572600
34367   0.572700
34368   0.573100
34369   0.573700
34370   0.573500
34371   0.574200
34372   0.574200
34373   0.574100
34374   0.574700
34375   0.574000
34376   0.574300
34377   0.574100
34378   0.573700
34379   0.573000
34380   0.572600
34381   0.573900
34382   0.572700
34383   0.572200
34384   0.571600
34385   0.570800
34386   0.570200
34387   0.569800
34388   0.569300
34389   0.569800
34390   0.569600
34391   0.569400
34392   0.570100
34393   0.570400
34394   0.572400
34395   0.571900
34396   0.571800
34397   0.572700
34398   0.572900
34399   0.573000
34400   0.572800
34401   0.573700
34402   0.575100
34403   0.575200
34404   0.573700
34405   0.574800
34406   0.575500
34407   0.575800
34408   0.575700
34409   0.576000
34410   0.577100
34411   0.576600
34412   0.576300
34413   0.577100
34414   0.576600
34415   0.576700
34416   0.577800
34417   0.579200
34418   0.580900
34419   0.581400
34420   0.581500
34421   0.581100
34422   0.582500
34423   0.582200
34424   0.582200
34425   0.581700
34426   0.582000
34427   0.581800
34428   0.581300
34429   0.581200
34430   0.581700
34431   0.581000
34432   0.581000
34433   0.580700
34434   0.580800
34435   0.581200
34436   0.580400
34437   0.580600
34438   0.581700
34439   0.582000
34440   0.583100
34441   0.582700
34442   0.582300
34443   0.581000
34444   0.581100
34445   0.581000
34446   0.580600
34447   0.581100
34448   0.582000
34449   0.581700
34450   0.581700
34451   0.581500
34452   0.582100
34453   0.581800
34454   0.582700
34455   0.582500
34456   0.582000
34457   0.581900
34458   0.581400
34459   0.581700
34460   0.582600
34461   0.581700
34462   0.581300
34463   0.581600
34464   0.582300
34465   0.583400
34466   0.584400
34467   0.585500
34468   0.584900
34469   0.585000
34470   0.585200
34471   0.585300
34472   0.585500
34473   0.584800
34474   0.585100
34475   0.586000
34476   0.585800
34477   0.586900
34478   0.586500
34479   0.586700
34480   0.588000
34481   0.588600
34482   0.589200
34483   0.589100
34484   0.589300
34485   0.589600
34486   0.589700
34487   0.590300
34488   0.590000
34489   0.589900
34490   0.590300
34491   0.589900
34492   0.589400
34493   0.589300
34494   0.589800
34495   0.589500
34496   0.589200
34497   0.588000
34498   0.588600
34499   0.588500
34500   0.588500
34501   0.588100
34502   0.587500
34503   0.587300
34504   0.587300
34505   0.587500
34506   0.587700
34507   0.587900
34508   0.588700
34509   0.589600
34510   0.589700
34511   0.589400
34512   0.589900
34513   0.591000
34514   0.591400
34515   0.590800
34516   0.591300
34517   0.592200
34518   0.591600
34519   0.590400
34520   0.590500
34521   0.590300
34522   0.591900
34523   0.591500
34524   0.591300
34525   0.592100
34526   0.591100
34527   0.591300
34528   0.591400
34529   0.592300
34530   0.592400
34531   0.593200
34532   0.593100
34533   0.592700
34534   0.592500
34535   0.592500
34536   0.592800
34537   0.592600
34538   0.592600
34539   0.592500
34540   0.591400
34541   0.590800
34542   0.591100
34543   0.591100
34544   0.591000
34545   0.591900
34546   0.590800
34547   0.590700
34548   0.590600
34549   0.590900
34550   0.590400
34551   0.591300
34552   0.591200
34553   0.592000
34554   0.591800
34555   0.590700
34556   0.590400
34557   0.590900
34558   0.590500
34559   0.591400
34560   0.591600
34561   0.592000
34562   0.591800
34563   0.592900
34564   0.592000
34565   0.592500
34566   0.592400
34567   0.591500
34568   0.591300
34569   0.591600
34570   0.592100
34571   0.592400
34572   0.591400
34573   0.592600
34574   0.592800
34575   0.593200
34576   0.593800
34577   0.593800
34578   0.593900
34579   0.593100
34580   0.593400
34581   0.593800
34582   0.593600
34583   0.592600
34584   0.594100
34585   0.594100
34586   0.594700
34587   0.594800
34588   0.594700
34589   0.593800
34590   0.594000
34591   0.593900
34592   0.593700
34593   0.594200
34594   0.594400
34595   0.594400
34596   0.594800
34597   0.595300
34598   0.595100
34599   0.595100
34600   0.594200
34601   0.594600
34602   0.594500
34603   0.593800
34604   0.594300
34605   0.594000
34606   0.595300
34607   0.596400
34608   0.596300
34609   0.596900
34610   0.597200
34611   0.596400
34612   0.596800
34613   0.596200
34614   0.596800
34615   0.596600
34616   0.597100
34617   0.595900
34618   0.595200
34619   0.595600
34620   0.595100
34621   0.595700
34622   0.594700
34623   0.595100
34624   0.594400
34625   0.595400
34626   0.595500
34627   0.596300
34628   0.597500
34629   0.598200
34630   0.598000
34631   0.598100
34632   0.598300
34633   0.598200
34634   0.598200
34635   0.598600
34636   0.598900
34637   0.599000
34638   0.599600
34639   0.600200
34640   0.600100
34641   0.600500
34642   0.598800
34643   0.598500
34644   0.598700
34645   0.598400
34646   0.598500
34647   0.598600
34648   0.598400
34649   0.598200
34650   0.598800
34651   0.599100
34652   0.598000
34653   0.597700
34654   0.597700
34655   0.597900
34656   0.597800
34657   0.597800
34658   0.597300
34659   0.595600
34660   0.595000
34661   0.595700
34662   0.597500
34663   0.597200
34664   0.597400
34665   0.597200
34666   0.596600
34667   0.597100
34668   0.596900
34669   0.597100
34670   0.597500
34671   0.598100
34672   0.598300
34673   0.598500
34674   0.597800
34675   0.598200
34676   0.598100
34677   0.598300
34678   0.597900
34679   0.596100
34680   0.597200
34681   0.598100
34682   0.596900
34683   0.596300
34684   0.595800
34685   0.594600
34686   0.595400
34687   0.595800
34688   0.597000
34689   0.596300
34690   0.595700
34691   0.595600
34692   0.595300
34693   0.595800
34694   0.596700
34695   0.598300
34696   0.598200
34697   0.597500
34698   0.596800
34699   0.596900
34700   0.597200
34701   0.596300
34702   0.596000
34703   0.596100
34704   0.596700
34705   0.597300
34706   0.597400
34707   0.596400
34708   0.596600
34709   0.596400
34710   0.596100
34711   0.595700
34712   0.594800
34713   0.596200
34714   0.596200
34715   0.595700
34716   0.595600
34717   0.596000
34718   0.596800
34719   0.597200
34720   0.597000
34721   0.598300
34722   0.598000
34723   0.597100
34724   0.598200
34725   0.597700
34726   0.597900
34727   0.596800
34728   0.597000
34729   0.596600
34730   0.597000
34731   0.597200
34732   0.597200
34733   0.597500
34734   0.598500
34735   0.598800
34736   0.598600
34737   0.599400
34738   0.599600
34739   0.599900
34740   0.600000
34741   0.599900
34742   0.599800
34743   0.600300
34744   0.600400
34745   0.600300
34746   0.599900
34747   0.598900
34748   0.598200
34749   0.598200
34750   0.598500
34751   0.598500
34752   0.597800
34753   0.598100
34754   0.598500
34755   0.599300
34756   0.600300
34757   0.600000
34758   0.600000
34759   0.599800
34760   0.599200
34761   0.599900
34762   0.600300
34763   0.600000
34764   0.600100
34765   0.600900
34766   0.598700
34767   0.598100
34768   0.598400
34769   0.597400
34770   0.596400
34771   0.595600
34772   0.595200
34773   0.593800
34774   0.593200
34775   0.592800
34776   0.593000
34777   0.592700
34778   0.591900
34779   0.591600
34780   0.591400
34781   0.592100
34782   0.593300
34783   0.593300
34784   0.592200
34785   0.592400
34786   0.592500
34787   0.592600
34788   0.592800
34789   0.593500
34790   0.592900
34791   0.592900
34792   0.592800
34793   0.592800
34794   0.591700
34795   0.592000
34796   0.591400
34797   0.591600
34798   0.593200
34799   0.592900
34800   0.592500
34801   0.592700
34802   0.592000
34803   0.591800
34804   0.592600
34805   0.594000
34806   0.594900
34807   0.594200
34808   0.594900
34809   0.594800
34810   0.593800
34811   0.593800
34812   0.593800
34813   0.594200
34814   0.594000
34815   0.594500
34816   0.595100
34817   0.594800
34818   0.595700
34819   0.595400
34820   0.595600
34821   0.595800
34822   0.596300
34823   0.595600
34824   0.596400
34825   0.596700
34826   0.597300
34827   0.598100
34828   0.597300
34829   0.597200
34830   0.597500
34831   0.597300
34832   0.596900
34833   0.599100
34834   0.598300
34835   0.599700
34836   0.600000
34837   0.599700
34838   0.598500
34839   0.597500
34840   0.597700
34841   0.598400
34842   0.598500
34843   0.598900
34844   0.598600
34845   0.597800
34846   0.597600
34847   0.598000
34848   0.598700
34849   0.597400
34850   0.597400
34851   0.598300
34852   0.598000
34853   0.599000
34854   0.598100
34855   0.598200
34856   0.598400
34857   0.597800
34858   0.598900
34859   0.598200
34860   0.599900
34861   0.599600
34862   0.600200
34863   0.599800
34864   0.600400
34865   0.600300
34866   0.600700
34867   0.600500
34868   0.599800
34869   0.600700
34870   0.600200
34871   0.600700
34872   0.600500
34873   0.602100
34874   0.601800
34875   0.602600
34876   0.602700
34877   0.602300
34878   0.602900
34879   0.603200
34880   0.603800
34881   0.603400
34882   0.602700
34883   0.603700
34884   0.603700
34885   0.602500
34886   0.603500
34887   0.602500
34888   0.603000
34889   0.602800
34890   0.602700
34891   0.602600
34892   0.601800
34893   0.602500
34894   0.602700
34895   0.602700
34896   0.602700
34897   0.602400
34898   0.601800
34899   0.598800
34900   0.599200
34901   0.599000
34902   0.600000
34903   0.600600
34904   0.601500
34905   0.600100
34906   0.599900
34907   0.600100
34908   0.600600
34909   0.599600
34910   0.599100
34911   0.600200
34912   0.600900
34913   0.601800
34914   0.601800
34915   0.601000
34916   0.601700
34917   0.601300
34918   0.601700
34919   0.600600
34920   0.599700
34921   0.599400
34922   0.599100
34923   0.599200
34924   0.598100
34925   0.597500
34926   0.597900
34927   0.598200
34928   0.599100
34929   0.599400
34930   0.599400
34931   0.599000
34932   0.599700
34933   0.599300
34934   0.598900
34935   0.598400
34936   0.596800
34937   0.596600
34938   0.596400
34939   0.597200
34940   0.597500
34941   0.597200
34942   0.597300
34943   0.597100
34944   0.596500
34945   0.597200
34946   0.598200
34947   0.597800
34948   0.598400
34949   0.599100
34950   0.599400
34951   0.598600
34952   0.597100
34953   0.597700
34954   0.598700
34955   0.600600
34956   0.600400
34957   0.601600
34958   0.601600
34959   0.601000
34960   0.602100
34961   0.602600
34962   0.602300
34963   0.602900
34964   0.603300
34965   0.603900
34966   0.604000
34967   0.603300
34968   0.604100
34969   0.604000
34970   0.603500
34971   0.603700
34972   0.602900
34973   0.601700
34974   0.601800
34975   0.601100
34976   0.601000
34977   0.599600
34978   0.600400
34979   0.599900
34980   0.599500
34981   0.599200
34982   0.598900
34983   0.599600
34984   0.599400
34985   0.597700
34986   0.598400
34987   0.600000
34988   0.599100
34989   0.599600
34990   0.599800
34991   0.600600
34992   0.600800
34993   0.600400
34994   0.599600
34995   0.599700
34996   0.601000
34997   0.601700
34998   0.600600
34999   0.600100
35000   0.599800
35001   0.600300
35002   0.600800
35003   0.600500
35004   0.600800
35005   0.601100
35006   0.601600
35007   0.601200
35008   0.601300
35009   0.601400
35010   0.602600
35011   0.601900
35012   0.601600
35013   0.601900
35014   0.602400
35015   0.602500
35016   0.602900
35017   0.603500
35018   0.604100
35019   0.604200
35020   0.604900
35021   0.604300
35022   0.604500
35023   0.605000
35024   0.605000
35025   0.604500
35026   0.604800
35027   0.604700
35028   0.605900
35029   0.605200
35030   0.604700
35031   0.604000
35032   0.604300
35033   0.603900
35034   0.603600
35035   0.603500
35036   0.603100
35037   0.602300
35038   0.602800
35039   0.601900
35040   0.602500
35041   0.602400
35042   0.603600
35043   0.603300
35044   0.603700
35045   0.601800
35046   0.601400
35047   0.601000
35048   0.599900
35049   0.599600
35050   0.600200
35051   0.599800
35052   0.599000
35053   0.598600
35054   0.599500
35055   0.599200
35056   0.598400
35057   0.597800
35058   0.598200
35059   0.598100
35060   0.598400
35061   0.599100
35062   0.599300
35063   0.598800
35064   0.598100
35065   0.598500
35066   0.598700
35067   0.599600
35068   0.598600
35069   0.599800
35070   0.599900
35071   0.600100
35072   0.599900
35073   0.600000
35074   0.599400
35075   0.599400
35076   0.598800
35077   0.599800
35078   0.598900
35079   0.599000
35080   0.599500
35081   0.599000
35082   0.599200
35083   0.598900
35084   0.598500
35085   0.599300
35086   0.599500
35087   0.599900
35088   0.600700
35089   0.599500
35090   0.599500
35091   0.600800
35092   0.600200
35093   0.600000
35094   0.599900
35095   0.600100
35096   0.600300
35097   0.600900
35098   0.601100
35099   0.600900
35100   0.599700
35101   0.600600
35102   0.600700
35103   0.601200
35104   0.600500
35105   0.600100
35106   0.600900
35107   0.600800
35108   0.600800
35109   0.601400
35110   0.601700
35111   0.600900
35112   0.600900
35113   0.600400
35114   0.601000
35115   0.600500
35116   0.600200
35117   0.600800
35118   0.600000
35119   0.599800
35120   0.599900
35121   0.599100
35122   0.598000
35123   0.598800
35124   0.599900
35125   0.600400
35126   0.600600
35127   0.600300
35128   0.600900
35129   0.601200
35130   0.600800
35131   0.600000
35132   0.599700
35133   0.600100
35134   0.600800
35135   0.600000
35136   0.599500
35137   0.600000
35138   0.599200
35139   0.598700
35140   0.599100
35141   0.598900
35142   0.597400
35143   0.598500
35144   0.599100
35145   0.599000
35146   0.598900
35147   0.598900
35148   0.598600
35149   0.598000
35150   0.596500
35151   0.597000
35152   0.596700
35153   0.597300
35154   0.597800
35155   0.597900
35156   0.598200
35157   0.598100
35158   0.598100
35159   0.598100
35160   0.597500
35161   0.596600
35162   0.596700
35163   0.595400
35164   0.594600
35165   0.594900
35166   0.594500
35167   0.594700
35168   0.594900
35169   0.594600
35170   0.594500
35171   0.594400
35172   0.595700
35173   0.595800
35174   0.596200
35175   0.595000
35176   0.595700
35177   0.596200
35178   0.596000
35179   0.595400
35180   0.595000
35181   0.595700
35182   0.596300
35183   0.596200
35184   0.597400
35185   0.597600
35186   0.597700
35187   0.598200
35188   0.597700
35189   0.597200
35190   0.597800
35191   0.598400
35192   0.597600
35193   0.597900
35194   0.597700
35195   0.596800
35196   0.595500
35197   0.596300
35198   0.596200
35199   0.594500
35200   0.593800
35201   0.593600
35202   0.593700
35203   0.593400
35204   0.593800
35205   0.593700
35206   0.594900
35207   0.594000
35208   0.593800
35209   0.592500
35210   0.591800
35211   0.591100
35212   0.592200
35213   0.590400
35214   0.588800
35215   0.588200
35216   0.588200
35217   0.588500
35218   0.586200
35219   0.586400
35220   0.585700
35221   0.586000
35222   0.587400
35223   0.588000
35224   0.588300
35225   0.588300
35226   0.588500
35227   0.588200
35228   0.588100
35229   0.586700
35230   0.586600
35231   0.586600
35232   0.587200
35233   0.588000
35234   0.588200
35235   0.588500
35236   0.588600
35237   0.589600
35238   0.589600
35239   0.589700
35240   0.590800
35241   0.590500
35242   0.590800
35243   0.589900
35244   0.589900
35245   0.589900
35246   0.589400
35247   0.589400
35248   0.589300
35249   0.587900
35250   0.588000
35251   0.586900
35252   0.588600
35253   0.589600
35254   0.590000
35255   0.589800
35256   0.589800
35257   0.589200
35258   0.589300
35259   0.590200
35260   0.590800
35261   0.589900
35262   0.590300
35263   0.590700
35264   0.590200
35265   0.590300
35266   0.590700
35267   0.591900
35268   0.592100
35269   0.591700
35270   0.590600
35271   0.591000
35272   0.591200
35273   0.590300
35274   0.590900
35275   0.590300
35276   0.590600
35277   0.591500
35278   0.590900
35279   0.591300
35280   0.590600
35281   0.590900
35282   0.590900
35283   0.590000
35284   0.589200
35285   0.589200
35286   0.591100
35287   0.591300
35288   0.590500
35289   0.590100
35290   0.588600
35291   0.588700
35292   0.588300
35293   0.588800
35294   0.588500
35295   0.588300
35296   0.588700
35297   0.588000
35298   0.587600
35299   0.586900
35300   0.586400
35301   0.587300
35302   0.586500
35303   0.586200
35304   0.586800
35305   0.586000
35306   0.585800
35307   0.585600
35308   0.585400
35309   0.585500
35310   0.586500
35311   0.587200
35312   0.587000
35313   0.586400
35314   0.585900
35315   0.585900
35316   0.585100
35317   0.583800
35318   0.582900
35319   0.582200
35320   0.581600
35321   0.581900
35322   0.581100
35323   0.580700
35324   0.581200
35325   0.581400
35326   0.582300
35327   0.582400
35328   0.581900
35329   0.582500
35330   0.582300
35331   0.581800
35332   0.582800
35333   0.582100
35334   0.582100
35335   0.582700
35336   0.583200
35337   0.582800
35338   0.583200
35339   0.583300
35340   0.583100
35341   0.583200
35342   0.583600
35343   0.583500
35344   0.584400
35345   0.584700
35346   0.584500
35347   0.583300
35348   0.584000
35349   0.582800
35350   0.582900
35351   0.583500
35352   0.583600
35353   0.584500
35354   0.584500
35355   0.584100
35356   0.584700
35357   0.584700
35358   0.584600
35359   0.585500
35360   0.585400
35361   0.584500
35362   0.585400
35363   0.585500
35364   0.585700
35365   0.586400
35366   0.587700
35367   0.586800
35368   0.587700
35369   0.587700
35370   0.588200
35371   0.587600
35372   0.586500
35373   0.587500
35374   0.586600
35375   0.586900
35376   0.587000
35377   0.587100
35378   0.586800
35379   0.587600
35380   0.587000
35381   0.587800
35382   0.586500
35383   0.586400
35384   0.587000
35385   0.586400
35386   0.586900
35387   0.587600
35388   0.587000
35389   0.588100
35390   0.587000
35391   0.588000
35392   0.587900
35393   0.588100
35394   0.588200
35395   0.588600
35396   0.589000
35397   0.587800
35398   0.587800
35399   0.587200
35400   0.587600
35401   0.587800
35402   0.587700
35403   0.589200
35404   0.588800
35405   0.589100
35406   0.589300
35407   0.588500
35408   0.588300
35409   0.588200
35410   0.587600
35411   0.588000
35412   0.587000
35413   0.587400
35414   0.586200
35415   0.585300
35416   0.584700
35417   0.584300
35418   0.584100
35419   0.584500
35420   0.583800
35421   0.584100
35422   0.584300
35423   0.584200
35424   0.583700
35425   0.583400
35426   0.583100
35427   0.583100
35428   0.583700
35429   0.583800
35430   0.584100
35431   0.583700
35432   0.584500
35433   0.584800
35434   0.584500
35435   0.584100
35436   0.584400
35437   0.584300
35438   0.585800
35439   0.585300
35440   0.585100
35441   0.585500
35442   0.585100
35443   0.584200
35444   0.585000
35445   0.585100
35446   0.584800
35447   0.585500
35448   0.585600
35449   0.584700
35450   0.584100
35451   0.584100
35452   0.583600
35453   0.584100
35454   0.583700
35455   0.584200
35456   0.584300
35457   0.584900
35458   0.585800
35459   0.586700
35460   0.586400
35461   0.587500
35462   0.586300
35463   0.585800
35464   0.585600
35465   0.587200
35466   0.586300
35467   0.585600
35468   0.584900
35469   0.586100
35470   0.586600
35471   0.586500
35472   0.586600
35473   0.586200
35474   0.585400
35475   0.585300
35476   0.585700
35477   0.585600
35478   0.585500
35479   0.585600
35480   0.585800
35481   0.585700
35482   0.586100
35483   0.586000
35484   0.586600
35485   0.587100
35486   0.587200
35487   0.586200
35488   0.585700
35489   0.585700
35490   0.585500
35491   0.586100
35492   0.585900
35493   0.585700
35494   0.585200
35495   0.584800
35496   0.584700
35497   0.586100
35498   0.585400
35499   0.584700
35500   0.585100
35501   0.585100
35502   0.585000
35503   0.585300
35504   0.584800
35505   0.585800
35506   0.586700
35507   0.586600
35508   0.586800
35509   0.586300
35510   0.586500
35511   0.588400
35512   0.588000
35513   0.588200
35514   0.587900
35515   0.587600
35516   0.587200
35517   0.587300
35518   0.586300
35519   0.586200
35520   0.586600
35521   0.585600
35522   0.586600
35523   0.586500
35524   0.585800
35525   0.586100
35526   0.586500
35527   0.586900
35528   0.585900
35529   0.585000
35530   0.585300
35531   0.585000
35532   0.584800
35533   0.584100
35534   0.583600
35535   0.583200
35536   0.584300
35537   0.584600
35538   0.584600
35539   0.584200
35540   0.584800
35541   0.584000
35542   0.584300
35543   0.583100
35544   0.582700
35545   0.581700
35546   0.581600
35547   0.580800
35548   0.580100
35549   0.579700
35550   0.579600
35551   0.579300
35552   0.579500
35553   0.580500
35554   0.580600
35555   0.580100
35556   0.579800
35557   0.578600
35558   0.578900
35559   0.579900
35560   0.580100
35561   0.580100
35562   0.579400
35563   0.580100
35564   0.580800
35565   0.580100
35566   0.580300
35567   0.581300
35568   0.581600
35569   0.581000
35570   0.580500
35571   0.581100
35572   0.581500
35573   0.579900
35574   0.579300
35575   0.580200
35576   0.579600
35577   0.578700
35578   0.578300
35579   0.578500
35580   0.578800
35581   0.578000
35582   0.577900
35583   0.577400
35584   0.577300
35585   0.577500
35586   0.577100
35587   0.578600
35588   0.577600
35589   0.577800
35590   0.577400
35591   0.577900
35592   0.577900
35593   0.578100
35594   0.577800
35595   0.577700
35596   0.578200
35597   0.577800
35598   0.578700
35599   0.578400
35600   0.578200
35601   0.578300
35602   0.578500
35603   0.579300
35604   0.579700
35605   0.579200
35606   0.579500
35607   0.579800
35608   0.581000
35609   0.581100
35610   0.580500
35611   0.581100
35612   0.580900
35613   0.582600
35614   0.582700
35615   0.583900
35616   0.584800
35617   0.585000
35618   0.584600
35619   0.585100
35620   0.584600
35621   0.584300
35622   0.585200
35623   0.586500
35624   0.587500
35625   0.588300
35626   0.587900
35627   0.587700
35628   0.587600
35629   0.587200
35630   0.587000
35631   0.586900
35632   0.586700
35633   0.587800
35634   0.587300
35635   0.587500
35636   0.588400
35637   0.587900
35638   0.588000
35639   0.587200
35640   0.587100
35641   0.588100
35642   0.587400
35643   0.586800
35644   0.587100
35645   0.587700
35646   0.587600
35647   0.587700
35648   0.588000
35649   0.587300
35650   0.587800
35651   0.586900
35652   0.587100
35653   0.586400
35654   0.586200
35655   0.586800
35656   0.586400
35657   0.586800
35658   0.587200
35659   0.586900
35660   0.586600
35661   0.587200
35662   0.587200
35663   0.586900
35664   0.585900
35665   0.585600
35666   0.585700
35667   0.586500
35668   0.585500
35669   0.585300
35670   0.584500
35671   0.584900
35672   0.585900
35673   0.584700
35674   0.585600
35675   0.586500
35676   0.587000
35677   0.586100
35678   0.585600
35679   0.585300
35680   0.585300
35681   0.585700
35682   0.586000
35683   0.585500
35684   0.586800
35685   0.587900
35686   0.586900
35687   0.587300
35688   0.587000
35689   0.587500
35690   0.587300
35691   0.587700
35692   0.588200
35693   0.588300
35694   0.588400
35695   0.588400
35696   0.588900
35697   0.589500
35698   0.590100
35699   0.590400
35700   0.591000
35701   0.590400
35702   0.590300
35703   0.590200
35704   0.590300
35705   0.590000
35706   0.590100
35707   0.592200
35708   0.593400
35709   0.593700
35710   0.593300
35711   0.594800
35712   0.594300
35713   0.595300
35714   0.595800
35715   0.595300
35716   0.595500
35717   0.595000
35718   0.595600
35719   0.596100
35720   0.596600
35721   0.596300
35722   0.596100
35723   0.596000
35724   0.595100
35725   0.596000
35726   0.596700
35727   0.597800
35728   0.596800
35729   0.596700
35730   0.596000
35731   0.595300
35732   0.595200
35733   0.596400
35734   0.596500
35735   0.596300
35736   0.595300
35737   0.594800
35738   0.594700
35739   0.595000
35740   0.595400
35741   0.595000
35742   0.594900
35743   0.595200
35744   0.595600
35745   0.596400
35746   0.595400
35747   0.595100
35748   0.594500
35749   0.596100
35750   0.595900
35751   0.596200
35752   0.595400
35753   0.594200
35754   0.594800
35755   0.594800
35756   0.594500
35757   0.594700
35758   0.594100
35759   0.594000
35760   0.594100
35761   0.593800
35762   0.593100
35763   0.593600
35764   0.595800
35765   0.596300
35766   0.596300
35767   0.596200
35768   0.596700
35769   0.597400
35770   0.598000
35771   0.597300
35772   0.597500
35773   0.598200
35774   0.598900
35775   0.599400
35776   0.599400
35777   0.599100
35778   0.599500
35779   0.599600
35780   0.599500
35781   0.600000
35782   0.600000
35783   0.599800
35784   0.599900
35785   0.599200
35786   0.599800
35787   0.599600
35788   0.598600
35789   0.598000
35790   0.598100
35791   0.598800
35792   0.599700
35793   0.598700
35794   0.597800
35795   0.598000
35796   0.598100
35797   0.599000
35798   0.598700
35799   0.598800
35800   0.598700
35801   0.598800
35802   0.598700
35803   0.597800
35804   0.598500
35805   0.598100
35806   0.599200
35807   0.598600
35808   0.599100
35809   0.599600
35810   0.599200
35811   0.598100
35812   0.598800
35813   0.599300
35814   0.598800
35815   0.597300
35816   0.598400
35817   0.597900
35818   0.597800
35819   0.597900
35820   0.598200
35821   0.598700
35822   0.597700
35823   0.596900
35824   0.597100
35825   0.597300
35826   0.597600
35827   0.597100
35828   0.596800
35829   0.595800
35830   0.595800
35831   0.595500
35832   0.595100
35833   0.596100
35834   0.596100
35835   0.595700
35836   0.595000
35837   0.594500
35838   0.595500
35839   0.594900
35840   0.595600
35841   0.596300
35842   0.596500
35843   0.597500
35844   0.596800
35845   0.596400
35846   0.596800
35847   0.595900
35848   0.596900
35849   0.596300
35850   0.596400
35851   0.596800
35852   0.597300
35853   0.596500
35854   0.598000
35855   0.597500
35856   0.597500
35857   0.596900
35858   0.596200
35859   0.595600
35860   0.594300
35861   0.594000
35862   0.593400
35863   0.593800
35864   0.594600
35865   0.595100
35866   0.596000
35867   0.596400
35868   0.595600
35869   0.595800
35870   0.595700
35871   0.596300
35872   0.596100
35873   0.595400
35874   0.595100
35875   0.595000
35876   0.594000
35877   0.594200
35878   0.594600
35879   0.594700
35880   0.595100
35881   0.594600
35882   0.595200
35883   0.595000
35884   0.595100
35885   0.594800
35886   0.594600
35887   0.594000
35888   0.594000
35889   0.594400
35890   0.593900
35891   0.594500
35892   0.594000
35893   0.593700
35894   0.593600
35895   0.593200
35896   0.592400
35897   0.592300
35898   0.592000
35899   0.591300
35900   0.591400
35901   0.591000
35902   0.589900
35903   0.590400
35904   0.589400
35905   0.589500
35906   0.589400
35907   0.588200
35908   0.588800
35909   0.588500
35910   0.588300
35911   0.589600
35912   0.590300
35913   0.591800
35914   0.591400
35915   0.592200
35916   0.592300
35917   0.592600
35918   0.593200
35919   0.593200
35920   0.593300
35921   0.593200
35922   0.592500
35923   0.593000
35924   0.593200
35925   0.593700
35926   0.593100
35927   0.593400
35928   0.592900
35929   0.593100
35930   0.592900
35931   0.594200
35932   0.594600
35933   0.595100
35934   0.595400
35935   0.595900
35936   0.595900
35937   0.596300
35938   0.596100
35939   0.596500
35940   0.596300
35941   0.595600
35942   0.595100
35943   0.594300
35944   0.594700
35945   0.594500
35946   0.594100
35947   0.592600
35948   0.592700
35949   0.592300
35950   0.593000
35951   0.592600
35952   0.592600
35953   0.592000
35954   0.591600
35955   0.591300
35956   0.592400
35957   0.591700
35958   0.592100
35959   0.591000
35960   0.590800
35961   0.590600
35962   0.590300
35963   0.589100
35964   0.590000
35965   0.589200
35966   0.589200
35967   0.589000
35968   0.588100
35969   0.589400
35970   0.589500
35971   0.589700
35972   0.589100
35973   0.589400
35974   0.588800
35975   0.589500
35976   0.589200
35977   0.588600
35978   0.589500
35979   0.589500
35980   0.590100
35981   0.590800
35982   0.592400
35983   0.593200
35984   0.594000
35985   0.593500
35986   0.593800
35987   0.594400
35988   0.593600
35989   0.592800
35990   0.593300
35991   0.594800
35992   0.596000
35993   0.595900
35994   0.597800
35995   0.598700
35996   0.598700
35997   0.597400
35998   0.597200
35999   0.597600
36000   0.597400
36001   0.597500
36002   0.597400
36003   0.597800
36004   0.598200
36005   0.598700
36006   0.598600
36007   0.599800
36008   0.599300
36009   0.600100
36010   0.600100
36011   0.599500
36012   0.598700
36013   0.598500
36014   0.598300
36015   0.598200
36016   0.598300
36017   0.598300
36018   0.597700
36019   0.598400
36020   0.597400
36021   0.597700
36022   0.597700
36023   0.598300
36024   0.598100
36025   0.598000
36026   0.599300
36027   0.600100
36028   0.598500
36029   0.598000
36030   0.598000
36031   0.598700
36032   0.599700
36033   0.599400
36034   0.599600
36035   0.600600
36036   0.600300
36037   0.600200
36038   0.600900
36039   0.600900
36040   0.602300
36041   0.602000
36042   0.601200
36043   0.600800
36044   0.599700
36045   0.600100
36046   0.601100
36047   0.601500
36048   0.601300
36049   0.601300
36050   0.601900
36051   0.601200
36052   0.600200
36053   0.600300
36054   0.600200
36055   0.600800
36056   0.600800
36057   0.600500
36058   0.600000
36059   0.600000
36060   0.600400
36061   0.600100
36062   0.599800
36063   0.598800
36064   0.599100
36065   0.598900
36066   0.598200
36067   0.598000
36068   0.597800
36069   0.597500
36070   0.596900
36071   0.596200
36072   0.596700
36073   0.595700
36074   0.595600
36075   0.595600
36076   0.596200
36077   0.595300
36078   0.595900
36079   0.596000
36080   0.596000
36081   0.596300
36082   0.595600
36083   0.595600
36084   0.595600
36085   0.594800
36086   0.594500
36087   0.594000
36088   0.595200
36089   0.594700
36090   0.594400
36091   0.595100
36092   0.595300
36093   0.594700
36094   0.593600
36095   0.593600
36096   0.593600
36097   0.592900
36098   0.592600
36099   0.594400
36100   0.593400
36101   0.593300
36102   0.593000
36103   0.593800
36104   0.594000
36105   0.594800
36106   0.595100
36107   0.594700
36108   0.594100
36109   0.593900
36110   0.593400
36111   0.593100
36112   0.593100
36113   0.593600
36114   0.593800
36115   0.593700
36116   0.594600
36117   0.594300
36118   0.594200
36119   0.595000
36120   0.595500
36121   0.595500
36122   0.595800
36123   0.596400
36124   0.596200
36125   0.596800
36126   0.596500
36127   0.596000
36128   0.595200
36129   0.594300
36130   0.595400
36131   0.595400
36132   0.595000
36133   0.594800
36134   0.594300
36135   0.594200
36136   0.594500
36137   0.594300
36138   0.592900
36139   0.592800
36140   0.591500
36141   0.592000
36142   0.591400
36143   0.592500
36144   0.593100
36145   0.592500
36146   0.592800
36147   0.591200
36148   0.591500
36149   0.591300
36150   0.591000
36151   0.591200
36152   0.591100
36153   0.590800
36154   0.590800
36155   0.591000
36156   0.590300
36157   0.588900
36158   0.588900
36159   0.588800
36160   0.588900
36161   0.590000
36162   0.590100
36163   0.590700
36164   0.590200
36165   0.588800
36166   0.588100
36167   0.587400
36168   0.586700
36169   0.586600
36170   0.586500
36171   0.586500
36172   0.586600
36173   0.587000
36174   0.586900
36175   0.586300
36176   0.586700
36177   0.587400
36178   0.587900
36179   0.586900
36180   0.586200
36181   0.586500
36182   0.586500
36183   0.586000
36184   0.586600
36185   0.586700
36186   0.586500
36187   0.585600
36188   0.585700
36189   0.585900
36190   0.584600
36191   0.585800
36192   0.585400
36193   0.586000
36194   0.585400
36195   0.586500
36196   0.588000
36197   0.589300
36198   0.588600
36199   0.588900
36200   0.589100
36201   0.589100
36202   0.587600
36203   0.587800
36204   0.588100
36205   0.587700
36206   0.588200
36207   0.588800
36208   0.588900
36209   0.588900
36210   0.589200
36211   0.589400
36212   0.590300
36213   0.589900
36214   0.590400
36215   0.590000
36216   0.590100
36217   0.591100
36218   0.590900
36219   0.590800
36220   0.590800
36221   0.590700
36222   0.590800
36223   0.589800
36224   0.589900
36225   0.589800
36226   0.589300
36227   0.588600
36228   0.589200
36229   0.589700
36230   0.588700
36231   0.589300
36232   0.589000
36233   0.589800
36234   0.590500
36235   0.590400
36236   0.591000
36237   0.590700
36238   0.591000
36239   0.590000
36240   0.590200
36241   0.590300
36242   0.590400
36243   0.590000
36244   0.590700
36245   0.590700
36246   0.591500
36247   0.592300
36248   0.592100
36249   0.592900
36250   0.593000
36251   0.593300
36252   0.594000
36253   0.594000
36254   0.594400
36255   0.594200
36256   0.594500
36257   0.592900
36258   0.592800
36259   0.591700
36260   0.591800
36261   0.592200
36262   0.592300
36263   0.593100
36264   0.592900
36265   0.592600
36266   0.592800
36267   0.592300
36268   0.591900
36269   0.591800
36270   0.590700
36271   0.590900
36272   0.590700
36273   0.589800
36274   0.591300
36275   0.591400
36276   0.591300
36277   0.591900
36278   0.592100
36279   0.592700
36280   0.592500
36281   0.593300
36282   0.592700
36283   0.593300
36284   0.592900
36285   0.592600
36286   0.591700
36287   0.592100
36288   0.592800
36289   0.594500
36290   0.594100
36291   0.593800
36292   0.594300
36293   0.594500
36294   0.595600
36295   0.595700
36296   0.595700
36297   0.597100
36298   0.596100
36299   0.595800
36300   0.596100
36301   0.595900
36302   0.594800
36303   0.595000
36304   0.595400
36305   0.595600
36306   0.594500
36307   0.594700
36308   0.593900
36309   0.593800
36310   0.593900
36311   0.594400
36312   0.594000
36313   0.595400
36314   0.595200
36315   0.595500
36316   0.594700
36317   0.594100
36318   0.594800
36319   0.595700
36320   0.595400
36321   0.596000
36322   0.596500
36323   0.596800
36324   0.596800
36325   0.596700
36326   0.597000
36327   0.596500
36328   0.597100
36329   0.598600
36330   0.598900
36331   0.598200
36332   0.597800
36333   0.598500
36334   0.598300
36335   0.599000
36336   0.599700
36337   0.599700
36338   0.598200
36339   0.598100
36340   0.598300
36341   0.598000
36342   0.598400
36343   0.598000
36344   0.597500
36345   0.596600
36346   0.596200
36347   0.595200
36348   0.595500
36349   0.595300
36350   0.596100
36351   0.595700
36352   0.595300
36353   0.594800
36354   0.596200
36355   0.596100
36356   0.596200
36357   0.596900
36358   0.597100
36359   0.597000
36360   0.596600
36361   0.597400
36362   0.597400
36363   0.598200
36364   0.598200
36365   0.597600
36366   0.598100
36367   0.597800
36368   0.598500
36369   0.598300
36370   0.598700
36371   0.598800
36372   0.599700
36373   0.600200
36374   0.600900
36375   0.600300
36376   0.601400
36377   0.601700
36378   0.601600
36379   0.601500
36380   0.602100
36381   0.602800
36382   0.603900
36383   0.603700
36384   0.604100
36385   0.604200
36386   0.604800
36387   0.604300
36388   0.604900
36389   0.603800
36390   0.602900
36391   0.602800
36392   0.603000
36393   0.603400
36394   0.603600
36395   0.604800
36396   0.603600
36397   0.604300
36398   0.603200
36399   0.603000
36400   0.602100
36401   0.603400
36402   0.602900
36403   0.603600
36404   0.603100
36405   0.601500
36406   0.601000
36407   0.600400
36408   0.601300
36409   0.600700
36410   0.600300
36411   0.600300
36412   0.600100
36413   0.600700
36414   0.600400
36415   0.600700
36416   0.599500
36417   0.599200
36418   0.598600
36419   0.599100
36420   0.599400
36421   0.599500
36422   0.598900
36423   0.599100
36424   0.599500
36425   0.599600
36426   0.599700
36427   0.598700
36428   0.598300
36429   0.598600
36430   0.598100
36431   0.599200
36432   0.598500
36433   0.598300
36434   0.598600
36435   0.599500
36436   0.599500
36437   0.600000
36438   0.599600
36439   0.598600
36440   0.598000
36441   0.597000
36442   0.598000
36443   0.598400
36444   0.598100
36445   0.598200
36446   0.598000
36447   0.597300
36448   0.598200
36449   0.596700
36450   0.597200
36451   0.597200
36452   0.597500
36453   0.597800
36454   0.597400
36455   0.598400
36456   0.599000
36457   0.598900
36458   0.599500
36459   0.600300
36460   0.599500
36461   0.598400
36462   0.599000
36463   0.599400
36464   0.599500
36465   0.599600
36466   0.600300
36467   0.599800
36468   0.600000
36469   0.600200
36470   0.599600
36471   0.599500
36472   0.599800
36473   0.599500
36474   0.599500
36475   0.599600
36476   0.598800
36477   0.599100
36478   0.598500
36479   0.599400
36480   0.599900
36481   0.599700
36482   0.599200
36483   0.598800
36484   0.599000
36485   0.598800
36486   0.599600
36487   0.599000
36488   0.598400
36489   0.598200
36490   0.595500
36491   0.594200
36492   0.594000
36493   0.593800
36494   0.593100
36495   0.592600
36496   0.593600
36497   0.594700
36498   0.595800
36499   0.596500
36500   0.597200
36501   0.597300
36502   0.598100
36503   0.599400
36504   0.598700
36505   0.599300
36506   0.598900
36507   0.597700
36508   0.598300
36509   0.599900
36510   0.600400
36511   0.601000
36512   0.601700
36513   0.602600
36514   0.602500
36515   0.603300
36516   0.602400
36517   0.602300
36518   0.602300
36519   0.601900
36520   0.602400
36521   0.601800
36522   0.602100
36523   0.601200
36524   0.601600
36525   0.602200
36526   0.602200
36527   0.602100
36528   0.601600
36529   0.601600
36530   0.600800
36531   0.601000
36532   0.601100
36533   0.600400
36534   0.601300
36535   0.602100
36536   0.601200
36537   0.601100
36538   0.601200
36539   0.602100
36540   0.602400
36541   0.601000
36542   0.600600
36543   0.601500
36544   0.601800
36545   0.602000
36546   0.602700
36547   0.602200
36548   0.602400
36549   0.602500
36550   0.602500
36551   0.602800
36552   0.602300
36553   0.602700
36554   0.602200
36555   0.602600
36556   0.602800
36557   0.602200
36558   0.602300
36559   0.603200
36560   0.602200
36561   0.602700
36562   0.602200
36563   0.602500
36564   0.602900
36565   0.602000
36566   0.601100
36567   0.601200
36568   0.601100
36569   0.600800
36570   0.601600
36571   0.601200
36572   0.601300
36573   0.601500
36574   0.601800
36575   0.601700
36576   0.601700
36577   0.601300
36578   0.602000
36579   0.601000
36580   0.602200
36581   0.601700
36582   0.601900
36583   0.601800
36584   0.600800
36585   0.600200
36586   0.599400
36587   0.599600
36588   0.600100
36589   0.600000
36590   0.601300
36591   0.601600
36592   0.601800
36593   0.601000
36594   0.601100
36595   0.601700
36596   0.601900
36597   0.602400
36598   0.601900
36599   0.602000
36600   0.602700
36601   0.602700
36602   0.603000
36603   0.603100
36604   0.604200
36605   0.603600
36606   0.602100
36607   0.601900
36608   0.601500
36609   0.601800
36610   0.602700
36611   0.604000
36612   0.604800
36613   0.605200
36614   0.605300
36615   0.606200
36616   0.607100
36617   0.608500
36618   0.609300
36619   0.608700
36620   0.609300
36621   0.609000
36622   0.609500
36623   0.609300
36624   0.608500
36625   0.609600
36626   0.609600
36627   0.609300
36628   0.609800
36629   0.609400
36630   0.610200
36631   0.610400
36632   0.610000
36633   0.610800
36634   0.611000
36635   0.610900
36636   0.609400
36637   0.610000
36638   0.610900
36639   0.610800
36640   0.611100
36641   0.610900
36642   0.610400
36643   0.610300
36644   0.610900
36645   0.609900
36646   0.610400
36647   0.610000
36648   0.610800
36649   0.610700
36650   0.609200
36651   0.608800
36652   0.608600
36653   0.607600
36654   0.608000
36655   0.607200
36656   0.607200
36657   0.606600
36658   0.607200
36659   0.607300
36660   0.607100
36661   0.607900
36662   0.608600
36663   0.608700
36664   0.609200
36665   0.608000
36666   0.607600
36667   0.607400
36668   0.608000
36669   0.607600
36670   0.608400
36671   0.609200
36672   0.609000
36673   0.609400
36674   0.608600
36675   0.608600
36676   0.607300
36677   0.607400
36678   0.607500
36679   0.607700
36680   0.607000
36681   0.607400
36682   0.609400
36683   0.608500
36684   0.607900
36685   0.608000
36686   0.608300
36687   0.608800
36688   0.609300
36689   0.608700
36690   0.609100
36691   0.609200
36692   0.609000
36693   0.610100
36694   0.610600
36695   0.610500
36696   0.610000
36697   0.610300
36698   0.610200
36699   0.610800
36700   0.610400
36701   0.609600
36702   0.609600
36703   0.609900
36704   0.610400
36705   0.610200
36706   0.609700
36707   0.609500
36708   0.609500
36709   0.610300
36710   0.611000
36711   0.611100
36712   0.612000
36713   0.610600
36714   0.611000
36715   0.610200
36716   0.611400
36717   0.611000
36718   0.611100
36719   0.610800
36720   0.610800
36721   0.610500
36722   0.610000
36723   0.609700
36724   0.608800
36725   0.608600
36726   0.608800
36727   0.608700
36728   0.607700
36729   0.607200
36730   0.607700
36731   0.607700
36732   0.608500
36733   0.608000
36734   0.608400
36735   0.608100
36736   0.607900
36737   0.607500
36738   0.607600
36739   0.606900
36740   0.606300
36741   0.606400
36742   0.606600
36743   0.606000
36744   0.604700
36745   0.604800
36746   0.605300
36747   0.605000
36748   0.604700
36749   0.604300
36750   0.604400
36751   0.603900
36752   0.604300
36753   0.604400
36754   0.604100
36755   0.604400
36756   0.603900
36757   0.604200
36758   0.604200
36759   0.603200
36760   0.604300
36761   0.603800
36762   0.604200
36763   0.604300
36764   0.603600
36765   0.602900
36766   0.601900
36767   0.601900
36768   0.601200
36769   0.601500
36770   0.601400
36771   0.601200
36772   0.600500
36773   0.601500
36774   0.602000
36775   0.601900
36776   0.601600
36777   0.600700
36778   0.599700
36779   0.600300
36780   0.600200
36781   0.600100
36782   0.599900
36783   0.600500
36784   0.600200
36785   0.600400
36786   0.600600
36787   0.599800
36788   0.598700
36789   0.597500
36790   0.598300
36791   0.598200
36792   0.598600
36793   0.599500
36794   0.600100
36795   0.600600
36796   0.600500
36797   0.600800
36798   0.600900
36799   0.601500
36800   0.601800
36801   0.601600
36802   0.602000
36803   0.600700
36804   0.600400
36805   0.600400
36806   0.600300
36807   0.599800
36808   0.600300
36809   0.600300
36810   0.599600
36811   0.599500
36812   0.598800
36813   0.599400
36814   0.599600
36815   0.599300
36816   0.599800
36817   0.599600
36818   0.599800
36819   0.600600
36820   0.600400
36821   0.600400
36822   0.600800
36823   0.601500
36824   0.601000
36825   0.602300
36826   0.602400
36827   0.602200
36828   0.601900
36829   0.602100
36830   0.602300
36831   0.602700
36832   0.603300
36833   0.603200
36834   0.602700
36835   0.602200
36836   0.602200
36837   0.602900
36838   0.602000
36839   0.602500
36840   0.602900
36841   0.602500
36842   0.602600
36843   0.602200
36844   0.602600
36845   0.602800
36846   0.602600
36847   0.602100
36848   0.601900
36849   0.602100
36850   0.601600
36851   0.599800
36852   0.601200
36853   0.601200
36854   0.601400
36855   0.601300
36856   0.600500
36857   0.600400
36858   0.600200
36859   0.600600
36860   0.600600
36861   0.600300
36862   0.598900
36863   0.598300
36864   0.597700
36865   0.597600
36866   0.597900
36867   0.598000
36868   0.598200
36869   0.597800
36870   0.597100
36871   0.597500
36872   0.597000
36873   0.597500
36874   0.598500
36875   0.598000
36876   0.597900
36877   0.598400
36878   0.598600
36879   0.597900
36880   0.597800
36881   0.599300
36882   0.599800
36883   0.600400
36884   0.600800
36885   0.600600
36886   0.601700
36887   0.602100
36888   0.601300
36889   0.601000
36890   0.600700
36891   0.600800
36892   0.601700
36893   0.603500
36894   0.603600
36895   0.603000
36896   0.602900
36897   0.602900
36898   0.603400
36899   0.602300
36900   0.601800
36901   0.601100
36902   0.601000
36903   0.600300
36904   0.600200
36905   0.601100
36906   0.601000
36907   0.601300
36908   0.601100
36909   0.601400
36910   0.601800
36911   0.601700
36912   0.601900
36913   0.602400
36914   0.603400
36915   0.602100
36916   0.602600
36917   0.603100
36918   0.603300
36919   0.604100
36920   0.604000
36921   0.603600
36922   0.603400
36923   0.603300
36924   0.603300
36925   0.602800
36926   0.602000
36927   0.602800
36928   0.602500
36929   0.602100
36930   0.602300
36931   0.602600
36932   0.603100
36933   0.603500
36934   0.603200
36935   0.603100
36936   0.603000
36937   0.602500
36938   0.602600
36939   0.602300
36940   0.603100
36941   0.602900
36942   0.603000
36943   0.603200
36944   0.604200
36945   0.604000
36946   0.604000
36947   0.603300
36948   0.603400
36949   0.603400
36950   0.603700
36951   0.604000
36952   0.603400
36953   0.603400
36954   0.602900
36955   0.603700
36956   0.604500
36957   0.604800
36958   0.605900
36959   0.605500
36960   0.605100
36961   0.605400
36962   0.606400
36963   0.605400
36964   0.604800
36965   0.603900
36966   0.604400
36967   0.605100
36968   0.604400
36969   0.604300
36970   0.604200
36971   0.604200
36972   0.604400
36973   0.604200
36974   0.603300
36975   0.602900
36976   0.602500
36977   0.602300
36978   0.601700
36979   0.601200
36980   0.601700
36981   0.602800
36982   0.602700
36983   0.602100
36984   0.602400
36985   0.603400
36986   0.603500
36987   0.603000
36988   0.602100
36989   0.602400
36990   0.602500
36991   0.603900
36992   0.604600
36993   0.605400
36994   0.605600
36995   0.605500
36996   0.605600
36997   0.605600
36998   0.604400
36999   0.603200
37000   0.603000
37001   0.603600
37002   0.603700
37003   0.603800
37004   0.604500
37005   0.604300
37006   0.603700
37007   0.603900
37008   0.603800
37009   0.604400
37010   0.604800
37011   0.604200
37012   0.604200
37013   0.604500
37014   0.603300
37015   0.602600
37016   0.602400
37017   0.602200
37018   0.602000
37019   0.601900
37020   0.601500
37021   0.601300
37022   0.601300
37023   0.601200
37024   0.600400
37025   0.600400
37026   0.600500
37027   0.599200
37028   0.598700
37029   0.598600
37030   0.598700
37031   0.598500
37032   0.598300
37033   0.597200
37034   0.597800
37035   0.598000
37036   0.597600
37037   0.597500
37038   0.597800
37039   0.597700
37040   0.597300
37041   0.596800
37042   0.597300
37043   0.597100
37044   0.597500
37045   0.598500
37046   0.598900
37047   0.597300
37048   0.597100
37049   0.597100
37050   0.597200
37051   0.596600
37052   0.596100
37053   0.596200
37054   0.596100
37055   0.596000
37056   0.596800
37057   0.596400
37058   0.596500
37059   0.595400
37060   0.595900
37061   0.596100
37062   0.596600
37063   0.596500
37064   0.597200
37065   0.597700
37066   0.597100
37067   0.596900
37068   0.598100
37069   0.598000
37070   0.598600
37071   0.600100
37072   0.600400
37073   0.601600
37074   0.602200
37075   0.601700
37076   0.601700
37077   0.602300
37078   0.601500
37079   0.602100
37080   0.601600
37081   0.600900
37082   0.601800
37083   0.601000
37084   0.601000
37085   0.601600
37086   0.602100
37087   0.602400
37088   0.602300
37089   0.602400
37090   0.603200
37091   0.603600
37092   0.603400
37093   0.603800
37094   0.602200
37095   0.601800
37096   0.601100
37097   0.601200
37098   0.600800
37099   0.601200
37100   0.601400
37101   0.601700
37102   0.601900
37103   0.601300
37104   0.601200
37105   0.601300
37106   0.601200
37107   0.600700
37108   0.601700
37109   0.601200
37110   0.600300
37111   0.600400
37112   0.600600
37113   0.600900
37114   0.600300
37115   0.600900
37116   0.601300
37117   0.601700
37118   0.601800
37119   0.600300
37120   0.599500
37121   0.598600
37122   0.597900
37123   0.597500
37124   0.597900
37125   0.597500
37126   0.597700
37127   0.597600
37128   0.597400
37129   0.597500
37130   0.597000
37131   0.597800
37132   0.597300
37133   0.596700
37134   0.597000
37135   0.597200
37136   0.597100
37137   0.596100
37138   0.596700
37139   0.596700
37140   0.596100
37141   0.596100
37142   0.595500
37143   0.595000
37144   0.595200
37145   0.595200
37146   0.595000
37147   0.595600
37148   0.594500
37149   0.594200
37150   0.594200
37151   0.594000
37152   0.594000
37153   0.594300
37154   0.594400
37155   0.595200
37156   0.595500
37157   0.595800
37158   0.595700
37159   0.596000
37160   0.596800
37161   0.596600
37162   0.598100
37163   0.598300
37164   0.598200
37165   0.598200
37166   0.599600
37167   0.600400
37168   0.600700
37169   0.600600
37170   0.601200
37171   0.600700
37172   0.600300
37173   0.600300
37174   0.599900
37175   0.600000
37176   0.598700
37177   0.599500
37178   0.599800
37179   0.599400
37180   0.600200
37181   0.601100
37182   0.601200
37183   0.600600
37184   0.599900
37185   0.599100
37186   0.598000
37187   0.598600
37188   0.597800
37189   0.597800
37190   0.599500
37191   0.599500
37192   0.600000
37193   0.601200
37194   0.601400
37195   0.601100
37196   0.600300
37197   0.600200
37198   0.599800
37199   0.601300
37200   0.601800
37201   0.601000
37202   0.601300
37203   0.601600
37204   0.601400
37205   0.600700
37206   0.601200
37207   0.601400
37208   0.600600
37209   0.600800
37210   0.600600
37211   0.600800
37212   0.601900
37213   0.601700
37214   0.601600
37215   0.601700
37216   0.602000
37217   0.601500
37218   0.600700
37219   0.599900
37220   0.600100
37221   0.600600
37222   0.601100
37223   0.600800
37224   0.600400
37225   0.601100
37226   0.601500
37227   0.602200
37228   0.602300
37229   0.602800
37230   0.603600
37231   0.602900
37232   0.602200
37233   0.602200
37234   0.601100
37235   0.600900
37236   0.601500
37237   0.600500
37238   0.600700
37239   0.600900
37240   0.601100
37241   0.600400
37242   0.602600
37243   0.602700
37244   0.603100
37245   0.603500
37246   0.603700
37247   0.603200
37248   0.602900
37249   0.603900
37250   0.603700
37251   0.603600
37252   0.603500
37253   0.603400
37254   0.603000
37255   0.603900
37256   0.603100
37257   0.602900
37258   0.602800
37259   0.603000
37260   0.602000
37261   0.601600
37262   0.601200
37263   0.600800
37264   0.601700
37265   0.602300
37266   0.602300
37267   0.601200
37268   0.602600
37269   0.602500
37270   0.601500
37271   0.601500
37272   0.601300
37273   0.601700
37274   0.601400
37275   0.600900
37276   0.602000
37277   0.601400
37278   0.601800
37279   0.602300
37280   0.601200
37281   0.602000
37282   0.600700
37283   0.599700
37284   0.599900
37285   0.599000
37286   0.599500
37287   0.600100
37288   0.599600
37289   0.599600
37290   0.600000
37291   0.600400
37292   0.600700
37293   0.599800
37294   0.600000
37295   0.600400
37296   0.601200
37297   0.601400
37298   0.600900
37299   0.600500
37300   0.600100
37301   0.600900
37302   0.601600
37303   0.600800
37304   0.601200
37305   0.600500
37306   0.600300
37307   0.600700
37308   0.601700
37309   0.601100
37310   0.602500
37311   0.601600
37312   0.601700
37313   0.600900
37314   0.600500
37315   0.601200
37316   0.601400
37317   0.601400
37318   0.601900
37319   0.602600
37320   0.602400
37321   0.602100
37322   0.601300
37323   0.600800
37324   0.602000
37325   0.602400
37326   0.602700
37327   0.601900
37328   0.602000
37329   0.602700
37330   0.601800
37331   0.601300
37332   0.600400
37333   0.600000
37334   0.599400
37335   0.598800
37336   0.599200
37337   0.598500
37338   0.599300
37339   0.599700
37340   0.600100
37341   0.600200
37342   0.600600
37343   0.599900
37344   0.600200
37345   0.600800
37346   0.600800
37347   0.600500
37348   0.600400
37349   0.600700
37350   0.601100
37351   0.601100
37352   0.601600
37353   0.601700
37354   0.601800
37355   0.601800
37356   0.601400
37357   0.600900
37358   0.599800
37359   0.598900
37360   0.599900
37361   0.600300
37362   0.599400
37363   0.599500
37364   0.598600
37365   0.598300
37366   0.598500
37367   0.599000
37368   0.599000
37369   0.599400
37370   0.599200
37371   0.598400
37372   0.597800
37373   0.597800
37374   0.597400
37375   0.597800
37376   0.597600
37377   0.597000
37378   0.597500
37379   0.597800
37380   0.597300
37381   0.597300
37382   0.598100
37383   0.598100
37384   0.597000
37385   0.596200
37386   0.596900
37387   0.596500
37388   0.595300
37389   0.595400
37390   0.595700
37391   0.595400
37392   0.595800
37393   0.595800
37394   0.595500
37395   0.595500
37396   0.595400
37397   0.595100
37398   0.593900
37399   0.593600
37400   0.593300
37401   0.593000
37402   0.592900
37403   0.593600
37404   0.593700
37405   0.593500
37406   0.593000
37407   0.592500
37408   0.592100
37409   0.593900
37410   0.594600
37411   0.595200
37412   0.595300
37413   0.595000
37414   0.594900
37415   0.594900
37416   0.595700
37417   0.594600
37418   0.593900
37419   0.593500
37420   0.592600
37421   0.592800
37422   0.593400
37423   0.593400
37424   0.594200
37425   0.593900
37426   0.593400
37427   0.593700
37428   0.593400
37429   0.593500
37430   0.594600
37431   0.594600
37432   0.595400
37433   0.595100
37434   0.595600
37435   0.595300
37436   0.595200
37437   0.594900
37438   0.595800
37439   0.596000
37440   0.596600
37441   0.596600
37442   0.596800
37443   0.596800
37444   0.596300
37445   0.596300
37446   0.597100
37447   0.597000
37448   0.596900
37449   0.597400
37450   0.596900
37451   0.596000
37452   0.596200
37453   0.597700
37454   0.597700
37455   0.597900
37456   0.598400
37457   0.597400
37458   0.598200
37459   0.597900
37460   0.597300
37461   0.596400
37462   0.596100
37463   0.596200
37464   0.597100
37465   0.596600
37466   0.596300
37467   0.595900
37468   0.595600
37469   0.595500
37470   0.594900
37471   0.595700
37472   0.596800
37473   0.597100
37474   0.597500
37475   0.597500
37476   0.597400
37477   0.597300
37478   0.597500
37479   0.596900
37480   0.596800
37481   0.596300
37482   0.596300
37483   0.596400
37484   0.596600
37485   0.597000
37486   0.596700
37487   0.595900
37488   0.595800
37489   0.595600
37490   0.595500
37491   0.596200
37492   0.597200
37493   0.596800
37494   0.596500
37495   0.595700
37496   0.595000
37497   0.594500
37498   0.594300
37499   0.594800
37500   0.595100
37501   0.594700
37502   0.594600
37503   0.593700
37504   0.592700
37505   0.591800
37506   0.591600
37507   0.590400
37508   0.590500
37509   0.592200
37510   0.592600
37511   0.592700
37512   0.593400
37513   0.593800
37514   0.594200
37515   0.593700
37516   0.592900
37517   0.593100
37518   0.593000
37519   0.592400
37520   0.594100
37521   0.594400
37522   0.594100
37523   0.593800
37524   0.593600
37525   0.593400
37526   0.592300
37527   0.592600
37528   0.591200
37529   0.590100
37530   0.590300
37531   0.591400
37532   0.590700
37533   0.589600
37534   0.588100
37535   0.587800
37536   0.587500
37537   0.587600
37538   0.586400
37539   0.586100
37540   0.585900
37541   0.586200
37542   0.586900
37543   0.587600
37544   0.587400
37545   0.586600
37546   0.587000
37547   0.586900
37548   0.586700
37549   0.587700
37550   0.587900
37551   0.587600
37552   0.587100
37553   0.586600
37554   0.585300
37555   0.584400
37556   0.584400
37557   0.583900
37558   0.584200
37559   0.584300
37560   0.584600
37561   0.584100
37562   0.583500
37563   0.584000
37564   0.583100
37565   0.582400
37566   0.581800
37567   0.581600
37568   0.581900
37569   0.582600
37570   0.582200
37571   0.582200
37572   0.583200
37573   0.582600
37574   0.583200
37575   0.584600
37576   0.584700
37577   0.585800
37578   0.585700
37579   0.586400
37580   0.586900
37581   0.585900
37582   0.585700
37583   0.586000
37584   0.586800
37585   0.586600
37586   0.586300
37587   0.585500
37588   0.585500
37589   0.585900
37590   0.585300
37591   0.584300
37592   0.584500
37593   0.585100
37594   0.585300
37595   0.586000
37596   0.586200
37597   0.586300
37598   0.586400
37599   0.585700
37600   0.585600
37601   0.585300
37602   0.585700
37603   0.586700
37604   0.587200
37605   0.588400
37606   0.588700
37607   0.588700
37608   0.588900
37609   0.588900
37610   0.589900
37611   0.590000
37612   0.589600
37613   0.589200
37614   0.589500
37615   0.589700
37616   0.590400
37617   0.590900
37618   0.591300
37619   0.592100
37620   0.592700
37621   0.593200
37622   0.593200
37623   0.593200
37624   0.593100
37625   0.592900
37626   0.592400
37627   0.591000
37628   0.591600
37629   0.591900
37630   0.591600
37631   0.592400
37632   0.593200
37633   0.593500
37634   0.593900
37635   0.594000
37636   0.594100
37637   0.594100
37638   0.594100
37639   0.593400
37640   0.593400
37641   0.594400
37642   0.593700
37643   0.593600
37644   0.594200
37645   0.593700
37646   0.593800
37647   0.593600
37648   0.593100
37649   0.592500
37650   0.592000
37651   0.592800
37652   0.592500
37653   0.593400
37654   0.593300
37655   0.594400
37656   0.594500
37657   0.592800
37658   0.592800
37659   0.593300
37660   0.592600
37661   0.593000
37662   0.592700
37663   0.593100
37664   0.593600
37665   0.594200
37666   0.594400
37667   0.594500
37668   0.595700
37669   0.596000
37670   0.596900
37671   0.597100
37672   0.597300
37673   0.598200
37674   0.598100
37675   0.598600
37676   0.597400
37677   0.596900
37678   0.596400
37679   0.595400
37680   0.596200
37681   0.596200
37682   0.596100
37683   0.595000
37684   0.594400
37685   0.595200
37686   0.595100
37687   0.594600
37688   0.594200
37689   0.594700
37690   0.593600
37691   0.594200
37692   0.595000
37693   0.594700
37694   0.594300
37695   0.593400
37696   0.593000
37697   0.593900
37698   0.593600
37699   0.593900
37700   0.592400
37701   0.591800
37702   0.590900
37703   0.589800
37704   0.589900
37705   0.589300
37706   0.589100
37707   0.589300
37708   0.589900
37709   0.590900
37710   0.589600
37711   0.589200
37712   0.590700
37713   0.591300
37714   0.591900
37715   0.590800
37716   0.590800
37717   0.590000
37718   0.590800
37719   0.591000
37720   0.590700
37721   0.590800
37722   0.591600
37723   0.591800
37724   0.591400
37725   0.591800
37726   0.592800
37727   0.592700
37728   0.593100
37729   0.592200
37730   0.592200
37731   0.592100
37732   0.592100
37733   0.592300
37734   0.591700
37735   0.590900
37736   0.591300
37737   0.591600
37738   0.591300
37739   0.591200
37740   0.591200
37741   0.590800
37742   0.590200
37743   0.589900
37744   0.591600
37745   0.591800
37746   0.591700
37747   0.591300
37748   0.590500
37749   0.590500
37750   0.589700
37751   0.589500
37752   0.588400
37753   0.587200
37754   0.586300
37755   0.584800
37756   0.584400
37757   0.584500
37758   0.584200
37759   0.584100
37760   0.584400
37761   0.584200
37762   0.583600
37763   0.584100
37764   0.584100
37765   0.583400
37766   0.582900
37767   0.583500
37768   0.583600
37769   0.582600
37770   0.581700
37771   0.579900
37772   0.579900
37773   0.581000
37774   0.580500
37775   0.580300
37776   0.581200
37777   0.580700
37778   0.580200
37779   0.579500
37780   0.579200
37781   0.579100
37782   0.579300
37783   0.579400
37784   0.579200
37785   0.579100
37786   0.578700
37787   0.578500
37788   0.578900
37789   0.579600
37790   0.578500
37791   0.578400
37792   0.578600
37793   0.578600
37794   0.577700
37795   0.578800
37796   0.578500
37797   0.578200
37798   0.577900
37799   0.577800
37800   0.577500
37801   0.577200
37802   0.577000
37803   0.577000
37804   0.576800
37805   0.576600
37806   0.578600
37807   0.577600
37808   0.576500
37809   0.575900
37810   0.575400
37811   0.575300
37812   0.574700
37813   0.573800
37814   0.572600
37815   0.573000
37816   0.572800
37817   0.572200
37818   0.572600
37819   0.571900
37820   0.571500
37821   0.571700
37822   0.571900
37823   0.571900
37824   0.572600
37825   0.573400
37826   0.573300
37827   0.573400
37828   0.573000
37829   0.571700
37830   0.571900
37831   0.571600
37832   0.571300
37833   0.571500
37834   0.570600
37835   0.570800
37836   0.571400
37837   0.571700
37838   0.572900
37839   0.572300
37840   0.572100
37841   0.572800
37842   0.572300
37843   0.572900
37844   0.573600
37845   0.573100
37846   0.572700
37847   0.572700
37848   0.572600
37849   0.573500
37850   0.573400
37851   0.573200
37852   0.572600
37853   0.573400
37854   0.574100
37855   0.574500
37856   0.574300
37857   0.574000
37858   0.573700
37859   0.572900
37860   0.572300
37861   0.571800
37862   0.572300
37863   0.572100
37864   0.572200
37865   0.572600
37866   0.572400
37867   0.571900
37868   0.572800
37869   0.572700
37870   0.572100
37871   0.572000
37872   0.571000
37873   0.570100
37874   0.569700
37875   0.569500
37876   0.568100
37877   0.568500
37878   0.568200
37879   0.567600
37880   0.566900
37881   0.566700
37882   0.566200
37883   0.566700
37884   0.566300
37885   0.565700
37886   0.565200
37887   0.564900
37888   0.565500
37889   0.565900
37890   0.566300
37891   0.565200
37892   0.565500
37893   0.565600
37894   0.563900
37895   0.564300
37896   0.564600
37897   0.564300
37898   0.563800
37899   0.563300
37900   0.564200
37901   0.564900
37902   0.564400
37903   0.565200
37904   0.565100
37905   0.565200
37906   0.566000
37907   0.565800
37908   0.565300
37909   0.566300
37910   0.565700
37911   0.565100
37912   0.565500
37913   0.563700
37914   0.564000
37915   0.564400
37916   0.564600
37917   0.565100
37918   0.564000
37919   0.563800
37920   0.564000
37921   0.564000
37922   0.563500
37923   0.563300
37924   0.563100
37925   0.563500
37926   0.563200
37927   0.563100
37928   0.563600
37929   0.563200
37930   0.563400
37931   0.562400
37932   0.563200
37933   0.563100
37934   0.563000
37935   0.563200
37936   0.563700
37937   0.563300
37938   0.564000
37939   0.564100
37940   0.565100
37941   0.564100
37942   0.563700
37943   0.564600
37944   0.564200
37945   0.564400
37946   0.564300
37947   0.565000
37948   0.565100
37949   0.564700
37950   0.564200
37951   0.564400
37952   0.564200
37953   0.563900
37954   0.563200
37955   0.564300
37956   0.564400
37957   0.564100
37958   0.562600
37959   0.562800
37960   0.562800
37961   0.563000
37962   0.563100
37963   0.562500
37964   0.562800
37965   0.562800
37966   0.562800
37967   0.563300
37968   0.562700
37969   0.562200
37970   0.562400
37971   0.562100
37972   0.561200
37973   0.560800
37974   0.560900
37975   0.560400
37976   0.560400
37977   0.560100
37978   0.559900
37979   0.560100
37980   0.560800
37981   0.560400
37982   0.560400
37983   0.560600
37984   0.561300
37985   0.561900
37986   0.561800
37987   0.561700
37988   0.562300
37989   0.563100
37990   0.562500
37991   0.563000
37992   0.563100
37993   0.562700
37994   0.562700
37995   0.562600
37996   0.562100
37997   0.562600
37998   0.562600
37999   0.563700
38000   0.564200
38001   0.563600
38002   0.563600
38003   0.564000
38004   0.563900
38005   0.564000
38006   0.563900
38007   0.564100
38008   0.564300
38009   0.564600
38010   0.565100
38011   0.565700
38012   0.564800
38013   0.564900
38014   0.564000
38015   0.564400
38016   0.564800
38017   0.565400
38018   0.564500
38019   0.565200
38020   0.566700
38021   0.567000
38022   0.567300
38023   0.567300
38024   0.567300
38025   0.566900
38026   0.565900
38027   0.565800
38028   0.565900
38029   0.566000
38030   0.566100
38031   0.566200
38032   0.566300
38033   0.566300
38034   0.566400
38035   0.566700
38036   0.566800
38037   0.565500
38038   0.565800
38039   0.565700
38040   0.565400
38041   0.566300
38042   0.566300
38043   0.566000
38044   0.566300
38045   0.566700
38046   0.566300
38047   0.567300
38048   0.566800
38049   0.567600
38050   0.568100
38051   0.567100
38052   0.566800
38053   0.566700
38054   0.567200
38055   0.567500
38056   0.566600
38057   0.566800
38058   0.567200
38059   0.566600
38060   0.567600
38061   0.567300
38062   0.566900
38063   0.566700
38064   0.565900
38065   0.567000
38066   0.567000
38067   0.568100
38068   0.567100
38069   0.566200
38070   0.565900
38071   0.564800
38072   0.563900
38073   0.563100
38074   0.562500
38075   0.562700
38076   0.563200
38077   0.562000
38078   0.562600
38079   0.562200
38080   0.562200
38081   0.563400
38082   0.562800
38083   0.562600
38084   0.562600
38085   0.562300
38086   0.561800
38087   0.562800
38088   0.562600
38089   0.562200
38090   0.562600
38091   0.561800
38092   0.562400
38093   0.561400
38094   0.561400
38095   0.561000
38096   0.561400
38097   0.561200
38098   0.561400
38099   0.561600
38100   0.562000
38101   0.562200
38102   0.562300
38103   0.562900
38104   0.562700
38105   0.562500
38106   0.561800
38107   0.560600
38108   0.560800
38109   0.560600
38110   0.560700
38111   0.560200
38112   0.559100
38113   0.559700
38114   0.560400
38115   0.561300
38116   0.561200
38117   0.560700
38118   0.559800
38119   0.560500
38120   0.561000
38121   0.560700
38122   0.560400
38123   0.559700
38124   0.560300
38125   0.560500
38126   0.561500
38127   0.561300
38128   0.560600
38129   0.560800
38130   0.561200
38131   0.561900
38132   0.562400
38133   0.562800
38134   0.562700
38135   0.562600
38136   0.561300
38137   0.561500
38138   0.560800
38139   0.561200
38140   0.561000
38141   0.560600
38142   0.559000
38143   0.559800
38144   0.559800
38145   0.558700
38146   0.559000
38147   0.559400
38148   0.558500
38149   0.558400
38150   0.558300
38151   0.558900
38152   0.559000
38153   0.558900
38154   0.558500
38155   0.558100
38156   0.558100
38157   0.559000
38158   0.560800
38159   0.561100
38160   0.560000
38161   0.560000
38162   0.559000
38163   0.559700
38164   0.558100
38165   0.557600
38166   0.557700
38167   0.557700
38168   0.558100
38169   0.557400
38170   0.557300
38171   0.557600
38172   0.556500
38173   0.556900
38174   0.556600
38175   0.556300
38176   0.555500
38177   0.555800
38178   0.555700
38179   0.556200
38180   0.556900
38181   0.557100
38182   0.557000
38183   0.557100
38184   0.556800
38185   0.557600
38186   0.558800
38187   0.558900
38188   0.558000
38189   0.556600
38190   0.556500
38191   0.556700
38192   0.557200
38193   0.556500
38194   0.555400
38195   0.555400
38196   0.555200
38197   0.555200
38198   0.554400
38199   0.554700
38200   0.554600
38201   0.555000
38202   0.554200
38203   0.553500
38204   0.552800
38205   0.552900
38206   0.551900
38207   0.551300
38208   0.551200
38209   0.550900
38210   0.550500
38211   0.550400
38212   0.549400
38213   0.549400
38214   0.550400
38215   0.549900
38216   0.549700
38217   0.549400
38218   0.549700
38219   0.549500
38220   0.550700
38221   0.549900
38222   0.549800
38223   0.550000
38224   0.550100
38225   0.549600
38226   0.548700
38227   0.549200
38228   0.548800
38229   0.549500
38230   0.550600
38231   0.550600
38232   0.550500
38233   0.550300
38234   0.550200
38235   0.550200
38236   0.550100
38237   0.549900
38238   0.549500
38239   0.550000
38240   0.550400
38241   0.550400
38242   0.549900
38243   0.550700
38244   0.551700
38245   0.552100
38246   0.552200
38247   0.552800
38248   0.552900
38249   0.553100
38250   0.553300
38251   0.554500
38252   0.554600
38253   0.554800
38254   0.555300
38255   0.554800
38256   0.555600
38257   0.555100
38258   0.554400
38259   0.554900
38260   0.555300
38261   0.553500
38262   0.553000
38263   0.553700
38264   0.553800
38265   0.554300
38266   0.555600
38267   0.555700
38268   0.555300
38269   0.555000
38270   0.555800
38271   0.556300
38272   0.556600
38273   0.556600
38274   0.557300
38275   0.556300
38276   0.556100
38277   0.557400
38278   0.557100
38279   0.556500
38280   0.556900
38281   0.557900
38282   0.557800
38283   0.557100
38284   0.556600
38285   0.556600
38286   0.556500
38287   0.556800
38288   0.556900
38289   0.557200
38290   0.557000
38291   0.556800
38292   0.556600
38293   0.556500
38294   0.557500
38295   0.557200
38296   0.557100
38297   0.556400
38298   0.555600
38299   0.555900
38300   0.556100
38301   0.555700
38302   0.556600
38303   0.556400
38304   0.555900
38305   0.556500
38306   0.556000
38307   0.555200
38308   0.554700
38309   0.554500
38310   0.554800
38311   0.555200
38312   0.555500
38313   0.555200
38314   0.555100
38315   0.554900
38316   0.555500
38317   0.555000
38318   0.555400
38319   0.555900
38320   0.555700
38321   0.555700
38322   0.556600
38323   0.557300
38324   0.557200
38325   0.557500
38326   0.557100
38327   0.558100
38328   0.558700
38329   0.558000
38330   0.558200
38331   0.557900
38332   0.557600
38333   0.557700
38334   0.558400
38335   0.559500
38336   0.559300
38337   0.559500
38338   0.558400
38339   0.558700
38340   0.557500
38341   0.557900
38342   0.557400
38343   0.558300
38344   0.559200
38345   0.558400
38346   0.559200
38347   0.559300
38348   0.560500
38349   0.561100
38350   0.561900
38351   0.561900
38352   0.562400
38353   0.562600
38354   0.563200
38355   0.562700
38356   0.563000
38357   0.563300
38358   0.563800
38359   0.563000
38360   0.563900
38361   0.564900
38362   0.564700
38363   0.565200
38364   0.565700
38365   0.566200
38366   0.566200
38367   0.566400
38368   0.566600
38369   0.566200
38370   0.565200
38371   0.565700
38372   0.566300
38373   0.566000
38374   0.565900
38375   0.565300
38376   0.566100
38377   0.566100
38378   0.566500
38379   0.567700
38380   0.567200
38381   0.568400
38382   0.569500
38383   0.570000
38384   0.571100
38385   0.570600
38386   0.570000
38387   0.569100
38388   0.568300
38389   0.567600
38390   0.568400
38391   0.568300
38392   0.568000
38393   0.567800
38394   0.568100
38395   0.568700
38396   0.568900
38397   0.568900
38398   0.568700
38399   0.568500
38400   0.568400
38401   0.569300
38402   0.569000
38403   0.569900
38404   0.568700
38405   0.567900
38406   0.567300
38407   0.567600
38408   0.568000
38409   0.567200
38410   0.567900
38411   0.568400
38412   0.568700
38413   0.568900
38414   0.569200
38415   0.569200
38416   0.569100
38417   0.570100
38418   0.569900
38419   0.569400
38420   0.570300
38421   0.570500
38422   0.569100
38423   0.569100
38424   0.569300
38425   0.569400
38426   0.570200
38427   0.569400
38428   0.568900
38429   0.568800
38430   0.568900
38431   0.568800
38432   0.568800
38433   0.569500
38434   0.569400
38435   0.571000
38436   0.571700
38437   0.570400
38438   0.570600
38439   0.570800
38440   0.569400
38441   0.568900
38442   0.569100
38443   0.568900
38444   0.569000
38445   0.569300
38446   0.570100
38447   0.569600
38448   0.570000
38449   0.569400
38450   0.569000
38451   0.568600
38452   0.567400
38453   0.566500
38454   0.565700
38455   0.565800
38456   0.566400
38457   0.566200
38458   0.566900
38459   0.566400
38460   0.566700
38461   0.567700
38462   0.566800
38463   0.567500
38464   0.568500
38465   0.568800
38466   0.567900
38467   0.568500
38468   0.567700
38469   0.568200
38470   0.569000
38471   0.569300
38472   0.568200
38473   0.568700
38474   0.569200
38475   0.570600
38476   0.570000
38477   0.569700
38478   0.569900
38479   0.570000
38480   0.570300
38481   0.570700
38482   0.571000
38483   0.571400
38484   0.571900
38485   0.570600
38486   0.571300
38487   0.571400
38488   0.570800
38489   0.571700
38490   0.571900
38491   0.571300
38492   0.571600
38493   0.571900
38494   0.571400
38495   0.572100
38496   0.572000
38497   0.571600
38498   0.571400
38499   0.572200
38500   0.572300
38501   0.572900
38502   0.572800
38503   0.574200
38504   0.575000
38505   0.575400
38506   0.575000
38507   0.574800
38508   0.575300
38509   0.575300
38510   0.574400
38511   0.574500
38512   0.574700
38513   0.574400
38514   0.573600
38515   0.573700
38516   0.573000
38517   0.571900
38518   0.571600
38519   0.572000
38520   0.572100
38521   0.572000
38522   0.571900
38523   0.571500
38524   0.572400
38525   0.571900
38526   0.570800
38527   0.571100
38528   0.571400
38529   0.570900
38530   0.570800
38531   0.571100
38532   0.572000
38533   0.571600
38534   0.571500
38535   0.571300
38536   0.572100
38537   0.571500
38538   0.571400
38539   0.571400
38540   0.572200
38541   0.572100
38542   0.572000
38543   0.571700
38544   0.572600
38545   0.571900
38546   0.572700
38547   0.572800
38548   0.572500
38549   0.572000
38550   0.571000
38551   0.569900
38552   0.569800
38553   0.569000
38554   0.569000
38555   0.568500
38556   0.568300
38557   0.567400
38558   0.567800
38559   0.566900
38560   0.567100
38561   0.566400
38562   0.566300
38563   0.566100
38564   0.566300
38565   0.566800
38566   0.566400
38567   0.566500
38568   0.565500
38569   0.566000
38570   0.566900
38571   0.566700
38572   0.567100
38573   0.567100
38574   0.566600
38575   0.566800
38576   0.566300
38577   0.567200
38578   0.566100
38579   0.566200
38580   0.566200
38581   0.565800
38582   0.565800
38583   0.565300
38584   0.566600
38585   0.566500
38586   0.567000
38587   0.565800
38588   0.566200
38589   0.565100
38590   0.565800
38591   0.566600
38592   0.567100
38593   0.566700
38594   0.566900
38595   0.567000
38596   0.566700
38597   0.567800
38598   0.567800
38599   0.567100
38600   0.567500
38601   0.566800
38602   0.566200
38603   0.565200
38604   0.564100
38605   0.563800
38606   0.564200
38607   0.562600
38608   0.563000
38609   0.563600
38610   0.564200
38611   0.564200
38612   0.563300
38613   0.563200
38614   0.563500
38615   0.563100
38616   0.562700
38617   0.563300
38618   0.562900
38619   0.562500
38620   0.562100
38621   0.561600
38622   0.560600
38623   0.560200
38624   0.559100
38625   0.558600
38626   0.557900
38627   0.557200
38628   0.557100
38629   0.556300
38630   0.557100
38631   0.557200
38632   0.556900
38633   0.557200
38634   0.556900
38635   0.556600
38636   0.556600
38637   0.556100
38638   0.556700
38639   0.556600
38640   0.556700
38641   0.555900
38642   0.555400
38643   0.556300
38644   0.555600
38645   0.556500
38646   0.557000
38647   0.556400
38648   0.557800
38649   0.557200
38650   0.556700
38651   0.556100
38652   0.556400
38653   0.556300
38654   0.556600
38655   0.557100
38656   0.556100
38657   0.556700
38658   0.556200
38659   0.556400
38660   0.555500
38661   0.554700
38662   0.555700
38663   0.554900
38664   0.553900
38665   0.554100
38666   0.553500
38667   0.553800
38668   0.553700
38669   0.553200
38670   0.553300
38671   0.553300
38672   0.553100
38673   0.553200
38674   0.553900
38675   0.554000
38676   0.552800
38677   0.553700
38678   0.553400
38679   0.552400
38680   0.551900
38681   0.551900
38682   0.552100
38683   0.551400
38684   0.551400
38685   0.549700
38686   0.548900
38687   0.549500
38688   0.549900
38689   0.550100
38690   0.550000
38691   0.550200
38692   0.550100
38693   0.549900
38694   0.551000
38695   0.550400
38696   0.550600
38697   0.550600
38698   0.551300
38699   0.551000
38700   0.550700
38701   0.550500
38702   0.549800
38703   0.550000
38704   0.549900
38705   0.550100
38706   0.550100
38707   0.550300
38708   0.550100
38709   0.548800
38710   0.548200
38711   0.548100
38712   0.549300
38713   0.549200
38714   0.550000
38715   0.549500
38716   0.549700
38717   0.550800
38718   0.551600
38719   0.553100
38720   0.552800
38721   0.553500
38722   0.553100
38723   0.552800
38724   0.552900
38725   0.554000
38726   0.554200
38727   0.554000
38728   0.554500
38729   0.554400
38730   0.554500
38731   0.554900
38732   0.554500
38733   0.554100
38734   0.553900
38735   0.555000
38736   0.555000
38737   0.554500
38738   0.555100
38739   0.553800
38740   0.553400
38741   0.552800
38742   0.553200
38743   0.552300
38744   0.551400
38745   0.552200
38746   0.552800
38747   0.553100
38748   0.552700
38749   0.552800
38750   0.553600
38751   0.553800
38752   0.554500
38753   0.555100
38754   0.554800
38755   0.555900
38756   0.556600
38757   0.556600
38758   0.556000
38759   0.555600
38760   0.554600
38761   0.555300
38762   0.554600
38763   0.555000
38764   0.555200
38765   0.555400
38766   0.554800
38767   0.554600
38768   0.555300
38769   0.555200
38770   0.554100
38771   0.553900
38772   0.553600
38773   0.553200
38774   0.553600
38775   0.553200
38776   0.553200
38777   0.552600
38778   0.552500
38779   0.552600
38780   0.552600
38781   0.552900
38782   0.552600
38783   0.553100
38784   0.552000
38785   0.553000
38786   0.552300
38787   0.552400
38788   0.552300
38789   0.552600
38790   0.552900
38791   0.553100
38792   0.553900
38793   0.553700
38794   0.553100
38795   0.553100
38796   0.552200
38797   0.552500
38798   0.553000
38799   0.553100
38800   0.553200
38801   0.553100
38802   0.553700
38803   0.554700
38804   0.555200
38805   0.555100
38806   0.554200
38807   0.554000
38808   0.554200
38809   0.554600
38810   0.554500
38811   0.554300
38812   0.554300
38813   0.554500
38814   0.554700
38815   0.553200
38816   0.553300
38817   0.552400
38818   0.553100
38819   0.552900
38820   0.553100
38821   0.553100
38822   0.553100
38823   0.553000
38824   0.552300
38825   0.552400
38826   0.552300
38827   0.552600
38828   0.552000
38829   0.551700
38830   0.551700
38831   0.551900
38832   0.552600
38833   0.553300
38834   0.552600
38835   0.552800
38836   0.552800
38837   0.552700
38838   0.553300
38839   0.553500
38840   0.553800
38841   0.554100
38842   0.554500
38843   0.554500
38844   0.555700
38845   0.555300
38846   0.556200
38847   0.556500
38848   0.555700
38849   0.557600
38850   0.557700
38851   0.558100
38852   0.557100
38853   0.557800
38854   0.558000
38855   0.558900
38856   0.558700
38857   0.558200
38858   0.558000
38859   0.557700
38860   0.556900
38861   0.557200
38862   0.557500
38863   0.558700
38864   0.560300
38865   0.561400
38866   0.561700
38867   0.562400
38868   0.562400
38869   0.562200
38870   0.561900
38871   0.561100
38872   0.560800
38873   0.561400
38874   0.562600
38875   0.562700
38876   0.562700
38877   0.562900
38878   0.563000
38879   0.564300
38880   0.564600
38881   0.564800
38882   0.564200
38883   0.564100
38884   0.563600
38885   0.564100
38886   0.564400
38887   0.565000
38888   0.564600
38889   0.564400
38890   0.564100
38891   0.564500
38892   0.565300
38893   0.564900
38894   0.565200
38895   0.564700
38896   0.564000
38897   0.563400
38898   0.562100
38899   0.562200
38900   0.561500
38901   0.561800
38902   0.561400
38903   0.561500
38904   0.561000
38905   0.560700
38906   0.561400
38907   0.561200
38908   0.560300
38909   0.560600
38910   0.560200
38911   0.560300
38912   0.560400
38913   0.560400
38914   0.560300
38915   0.560300
38916   0.560400
38917   0.560600
38918   0.560000
38919   0.559800
38920   0.560000
38921   0.560100
38922   0.559800
38923   0.560200
38924   0.560300
38925   0.559500
38926   0.558700
38927   0.558400
38928   0.558300
38929   0.557900
38930   0.558600
38931   0.558200
38932   0.557400
38933   0.557800
38934   0.559200
38935   0.558200
38936   0.559000
38937   0.558800
38938   0.558300
38939   0.558200
38940   0.559100
38941   0.557800
38942   0.556900
38943   0.557500
38944   0.557200
38945   0.556600
38946   0.555800
38947   0.556500
38948   0.556400
38949   0.556700
38950   0.556600
38951   0.556600
38952   0.556200
38953   0.556000
38954   0.556000
38955   0.556400
38956   0.556400
38957   0.555900
38958   0.556000
38959   0.556100
38960   0.556300
38961   0.555900
38962   0.554900
38963   0.554600
38964   0.553200
38965   0.553000
38966   0.552800
38967   0.553100
38968   0.553400
38969   0.553400
38970   0.553400
38971   0.553500
38972   0.553900
38973   0.553800
38974   0.555000
38975   0.554900
38976   0.554800
38977   0.555400
38978   0.555200
38979   0.554600
38980   0.554200
38981   0.554300
38982   0.554100
38983   0.554100
38984   0.554800
38985   0.556300
38986   0.556200
38987   0.555800
38988   0.556200
38989   0.556800
38990   0.557700
38991   0.557900
38992   0.557600
38993   0.559000
38994   0.559200
38995   0.558100
38996   0.558300
38997   0.558600
38998   0.559000
38999   0.557700
39000   0.557500
39001   0.557600
39002   0.558200
39003   0.557900
39004   0.557500
39005   0.558400
39006   0.558500
39007   0.558100
39008   0.558000
39009   0.557100
39010   0.556600
39011   0.557400
39012   0.556800
39013   0.557500
39014   0.557900
39015   0.557700
39016   0.557900
39017   0.557900
39018   0.558000
39019   0.557700
39020   0.556900
39021   0.556000
39022   0.556400
39023   0.556800
39024   0.556600
39025   0.556600
39026   0.556500
39027   0.556700
39028   0.557000
39029   0.557000
39030   0.557700
39031   0.557300
39032   0.558100
39033   0.558800
39034   0.559300
39035   0.559800
39036   0.560300
39037   0.560500
39038   0.560200
39039   0.559400
39040   0.558100
39041   0.557800
39042   0.557000
39043   0.557000
39044   0.555800
39045   0.556000
39046   0.556300
39047   0.556100
39048   0.556000
39049   0.556700
39050   0.556900
39051   0.557900
39052   0.556900
39053   0.555900
39054   0.555700
39055   0.555800
39056   0.556200
39057   0.555700
39058   0.557000
39059   0.557200
39060   0.557900
39061   0.558000
39062   0.558300
39063   0.557500
39064   0.557800
39065   0.557900
39066   0.556700
39067   0.556800
39068   0.555300
39069   0.555800
39070   0.555700
39071   0.555200
39072   0.554200
39073   0.554000
39074   0.554700
39075   0.554600
39076   0.555400
39077   0.556000
39078   0.557600
39079   0.556700
39080   0.556500
39081   0.557600
39082   0.557400
39083   0.557900
39084   0.557500
39085   0.558800
39086   0.558500
39087   0.557800
39088   0.558100
39089   0.557800
39090   0.558100
39091   0.557800
39092   0.557700
39093   0.558600
39094   0.559600
39095   0.559400
39096   0.559800
39097   0.559900
39098   0.560800
39099   0.560100
39100   0.560100
39101   0.560700
39102   0.561500
39103   0.561000
39104   0.561400
39105   0.561300
39106   0.562100
39107   0.562100
39108   0.563200
39109   0.562800
39110   0.563400
39111   0.562400
39112   0.563000
39113   0.563000
39114   0.561900
39115   0.561400
39116   0.561300
39117   0.560600
39118   0.560900
39119   0.561900
39120   0.561100
39121   0.560800
39122   0.559700
39123   0.559600
39124   0.559900
39125   0.559200
39126   0.558600
39127   0.558100
39128   0.557800
39129   0.558900
39130   0.557400
39131   0.556700
39132   0.556200
39133   0.555400
39134   0.555000
39135   0.554700
39136   0.555300
39137   0.556000
39138   0.556300
39139   0.557100
39140   0.557600
39141   0.556600
39142   0.557300
39143   0.557300
39144   0.558700
39145   0.558300
39146   0.557400
39147   0.558200
39148   0.557300
39149   0.556900
39150   0.557100
39151   0.557300
39152   0.556200
39153   0.556100
39154   0.554900
39155   0.554900
39156   0.554700
39157   0.555700
39158   0.555800
39159   0.555800
39160   0.556700
39161   0.556200
39162   0.555600
39163   0.557400
39164   0.556300
39165   0.557100
39166   0.557200
39167   0.556200
39168   0.555700
39169   0.554600
39170   0.555600
39171   0.554800
39172   0.554600
39173   0.554900
39174   0.554200
39175   0.554700
39176   0.554400
39177   0.555200
39178   0.554700
39179   0.555400
39180   0.555700
39181   0.554300
39182   0.554600
39183   0.555400
39184   0.555200
39185   0.554000
39186   0.554300
39187   0.555600
39188   0.555900
39189   0.555400
39190   0.555700
39191   0.555400
39192   0.555000
39193   0.554600
39194   0.555000
39195   0.555000
39196   0.554400
39197   0.554800
39198   0.554300
39199   0.553600
39200   0.553400
39201   0.553700
39202   0.554700
39203   0.553900
39204   0.554300
39205   0.555100
39206   0.555200
39207   0.555300
39208   0.554700
39209   0.554800
39210   0.554300
39211   0.555500
39212   0.555500
39213   0.555600
39214   0.554700
39215   0.555000
39216   0.554900
39217   0.554300
39218   0.554100
39219   0.552600
39220   0.552700
39221   0.553000
39222   0.552100
39223   0.552200
39224   0.552700
39225   0.553300
39226   0.554100
39227   0.554100
39228   0.554900
39229   0.555000
39230   0.553900
39231   0.554000
39232   0.554000
39233   0.553600
39234   0.554400
39235   0.553800
39236   0.554100
39237   0.554100
39238   0.555000
39239   0.553700
39240   0.553900
39241   0.554200
39242   0.553800
39243   0.553100
39244   0.554300
39245   0.554200
39246   0.554100
39247   0.553500
39248   0.554100
39249   0.554000
39250   0.553300
39251   0.553700
39252   0.554500
39253   0.555000
39254   0.554500
39255   0.553600
39256   0.553400
39257   0.552800
39258   0.552300
39259   0.552900
39260   0.553800
39261   0.552800
39262   0.552000
39263   0.551300
39264   0.552000
39265   0.551800
39266   0.551900
39267   0.551300
39268   0.552400
39269   0.552300
39270   0.552900
39271   0.552600
39272   0.553200
39273   0.553000
39274   0.553000
39275   0.553000
39276   0.552900
39277   0.552000
39278   0.552600
39279   0.552400
39280   0.552000
39281   0.551700
39282   0.552200
39283   0.551100
39284   0.551500
39285   0.551000
39286   0.550100
39287   0.550100
39288   0.549100
39289   0.549500
39290   0.549300
39291   0.549900
39292   0.549900
39293   0.550100
39294   0.550100
39295   0.550000
39296   0.548600
39297   0.550000
39298   0.549400
39299   0.548700
39300   0.548600
39301   0.548300
39302   0.548900
39303   0.548600
39304   0.548300
39305   0.548800
39306   0.548900
39307   0.548800
39308   0.549100
39309   0.548600
39310   0.548000
39311   0.548300
39312   0.548700
39313   0.548600
39314   0.548900
39315   0.549500
39316   0.549800
39317   0.549100
39318   0.549400
39319   0.550100
39320   0.550300
39321   0.550600
39322   0.550800
39323   0.551500
39324   0.551600
39325   0.551400
39326   0.551600
39327   0.551000
39328   0.550300
39329   0.549200
39330   0.547800
39331   0.548300
39332   0.548500
39333   0.549700
39334   0.549500
39335   0.550200
39336   0.548400
39337   0.548200
39338   0.548100
39339   0.547800
39340   0.548300
39341   0.547600
39342   0.546300
39343   0.546300
39344   0.546000
39345   0.546000
39346   0.547000
39347   0.547100
39348   0.547600
39349   0.549000
39350   0.548400
39351   0.547400
39352   0.547400
39353   0.547800
39354   0.547700
39355   0.547900
39356   0.548900
39357   0.549700
39358   0.551300
39359   0.551000
39360   0.550500
39361   0.550400
39362   0.550400
39363   0.549600
39364   0.548400
39365   0.547800
39366   0.548000
39367   0.547900
39368   0.547500
39369   0.547700
39370   0.548300
39371   0.547300
39372   0.546000
39373   0.545900
39374   0.546200
39375   0.545200
39376   0.544500
39377   0.544600
39378   0.544800
39379   0.545900
39380   0.545300
39381   0.545400
39382   0.545600
39383   0.545900
39384   0.545700
39385   0.545700
39386   0.546000
39387   0.546100
39388   0.547100
39389   0.546200
39390   0.546500
39391   0.546000
39392   0.546300
39393   0.546300
39394   0.545900
39395   0.546100
39396   0.546300
39397   0.545600
39398   0.545800
39399   0.545300
39400   0.545300
39401   0.545300
39402   0.545100
39403   0.545700
39404   0.545200
39405   0.544800
39406   0.544300
39407   0.544300
39408   0.544200
39409   0.544400
39410   0.544600
39411   0.544100
39412   0.543600
39413   0.544100
39414   0.544300
39415   0.544000
39416   0.544000
39417   0.544700
39418   0.544100
39419   0.544700
39420   0.546000
39421   0.545700
39422   0.545900
39423   0.546000
39424   0.546200
39425   0.546600
39426   0.546400
39427   0.546000
39428   0.546300
39429   0.545200
39430   0.545300
39431   0.544800
39432   0.545300
39433   0.545900
39434   0.545800
39435   0.546600
39436   0.547400
39437   0.547300
39438   0.547200
39439   0.548000
39440   0.547700
39441   0.547800
39442   0.548100
39443   0.549500
39444   0.549600
39445   0.549300
39446   0.549800
39447   0.549800
39448   0.550000
39449   0.550100
39450   0.550000
39451   0.550200
39452   0.550500
39453   0.550600
39454   0.550500
39455   0.550200
39456   0.550200
39457   0.549400
39458   0.548600
39459   0.548300
39460   0.548000
39461   0.548900
39462   0.547800
39463   0.547400
39464   0.547000
39465   0.546200
39466   0.545700
39467   0.545500
39468   0.545400
39469   0.545900
39470   0.545600
39471   0.545600
39472   0.546600
39473   0.546600
39474   0.545800
39475   0.546000
39476   0.546000
39477   0.545100
39478   0.544800
39479   0.544500
39480   0.544600
39481   0.544200
39482   0.544600
39483   0.543500
39484   0.544000
39485   0.543400
39486   0.542900
39487   0.542600
39488   0.542900
39489   0.543800
39490   0.543400
39491   0.543200
39492   0.542700
39493   0.543100
39494   0.544000
39495   0.544500
39496   0.543500
39497   0.542900
39498   0.542500
39499   0.541700
39500   0.540400
39501   0.541200
39502   0.542100
39503   0.541600
39504   0.542000
39505   0.542600
39506   0.542800
39507   0.542700
39508   0.542600
39509   0.542900
39510   0.543300
39511   0.543400
39512   0.543600
39513   0.544100
39514   0.543000
39515   0.543600
39516   0.543800
39517   0.544700
39518   0.544800
39519   0.545900
39520   0.546500
39521   0.547400
39522   0.546200
39523   0.546700
39524   0.547200
39525   0.547500
39526   0.547200
39527   0.547300
39528   0.546800
39529   0.547900
39530   0.548100
39531   0.548500
39532   0.547700
39533   0.546800
39534   0.546500
39535   0.547100
39536   0.547700
39537   0.547400
39538   0.547200
39539   0.546400
39540   0.546500
39541   0.546100
39542   0.546500
39543   0.547300
39544   0.548100
39545   0.548100
39546   0.547900
39547   0.549300
39548   0.549200
39549   0.548800
39550   0.548600
39551   0.548700
39552   0.549400
39553   0.549200
39554   0.548300
39555   0.548800
39556   0.548800
39557   0.548600
39558   0.548800
39559   0.548800
39560   0.548600
39561   0.547700
39562   0.547300
39563   0.546600
39564   0.546300
39565   0.545900
39566   0.545900
39567   0.546000
39568   0.545000
39569   0.546000
39570   0.545700
39571   0.545800
39572   0.546500
39573   0.546500
39574   0.545900
39575   0.546000
39576   0.544900
39577   0.544900
39578   0.544500
39579   0.544600
39580   0.545000
39581   0.544400
39582   0.544100
39583   0.544300
39584   0.543000
39585   0.542000
39586   0.542400
39587   0.542900
39588   0.543500
39589   0.543900
39590   0.544400
39591   0.544000
39592   0.544200
39593   0.544800
39594   0.544500
39595   0.544500
39596   0.545100
39597   0.545400
39598   0.545600
39599   0.546000
39600   0.545700
39601   0.546600
39602   0.546200
39603   0.546900
39604   0.548600
39605   0.548200
39606   0.547700
39607   0.548100
39608   0.548300
39609   0.548700
39610   0.548600
39611   0.548900
39612   0.548300
39613   0.548800
39614   0.548600
39615   0.547500
39616   0.547600
39617   0.547100
39618   0.547400
39619   0.547200
39620   0.547800
39621   0.548200
39622   0.548300
39623   0.547600
39624   0.547400
39625   0.548000
39626   0.549000
39627   0.548000
39628   0.547500
39629   0.546500
39630   0.546100
39631   0.547000
39632   0.547500
39633   0.547400
39634   0.547800
39635   0.547700
39636   0.548100
39637   0.548500
39638   0.548000
39639   0.547600
39640   0.549100
39641   0.548300
39642   0.548300
39643   0.548200
39644   0.548300
39645   0.548000
39646   0.547500
39647   0.546300
39648   0.546900
39649   0.546400
39650   0.546600
39651   0.547100
39652   0.547900
39653   0.547700
39654   0.547600
39655   0.548200
39656   0.548300
39657   0.548200
39658   0.548000
39659   0.548400
39660   0.548800
39661   0.549800
39662   0.549500
39663   0.549100
39664   0.549100
39665   0.548500
39666   0.547800
39667   0.548700
39668   0.549500
39669   0.548200
39670   0.547600
39671   0.547100
39672   0.546600
39673   0.546500
39674   0.546600
39675   0.547300
39676   0.546000
39677   0.547000
39678   0.546500
39679   0.546600
39680   0.546500
39681   0.546900
39682   0.547800
39683   0.547200
39684   0.547300
39685   0.547600
39686   0.547800
39687   0.548700
39688   0.549300
39689   0.549500
39690   0.549200
39691   0.550500
39692   0.551300
39693   0.551000
39694   0.550300
39695   0.549700
39696   0.549300
39697   0.548600
39698   0.549300
39699   0.548500
39700   0.548600
39701   0.548900
39702   0.549000
39703   0.549100
39704   0.548200
39705   0.549100
39706   0.550600
39707   0.550200
39708   0.550400
39709   0.550700
39710   0.550700
39711   0.551300
39712   0.551300
39713   0.550800
39714   0.549300
39715   0.548700
39716   0.549400
39717   0.549300
39718   0.549000
39719   0.549900
39720   0.549000
39721   0.549100
39722   0.547900
39723   0.547500
39724   0.546800
39725   0.547700
39726   0.547700
39727   0.547100
39728   0.547700
39729   0.548000
39730   0.547900
39731   0.546800
39732   0.546800
39733   0.547200
39734   0.546700
39735   0.546700
39736   0.546900
39737   0.546100
39738   0.546100
39739   0.545800
39740   0.547400
39741   0.547600
39742   0.547600
39743   0.547600
39744   0.548600
39745   0.548900
39746   0.549000
39747   0.549600
39748   0.548700
39749   0.548800
39750   0.548500
39751   0.548400
39752   0.548100
39753   0.548300
39754   0.549700
39755   0.549900
39756   0.550200
39757   0.550100
39758   0.550100
39759   0.550800
39760   0.549800
39761   0.550500
39762   0.550400
39763   0.550500
39764   0.550300
39765   0.550300
39766   0.550500
39767   0.550800
39768   0.551000
39769   0.551100
39770   0.550900
39771   0.551500
39772   0.550500
39773   0.550800
39774   0.552300
39775   0.552300
39776   0.552400
39777   0.553100
39778   0.551900
39779   0.552300
39780   0.552700
39781   0.552200
39782   0.553000
39783   0.553700
39784   0.553900
39785   0.554100
39786   0.554600
39787   0.554300
39788   0.554200
39789   0.554700
39790   0.555200
39791   0.555300
39792   0.554700
39793   0.554200
39794   0.554700
39795   0.555400
39796   0.555900
39797   0.556200
39798   0.556400
39799   0.556500
39800   0.557600
39801   0.557000
39802   0.558000
39803   0.557500
39804   0.557700
39805   0.557500
39806   0.557800
39807   0.558300
39808   0.557900
39809   0.558200
39810   0.558400
39811   0.558400
39812   0.557900
39813   0.557200
39814   0.557200
39815   0.556500
39816   0.557400
39817   0.557600
39818   0.558400
39819   0.557500
39820   0.557400
39821   0.557400
39822   0.556300
39823   0.557500
39824   0.557200
39825   0.556600
39826   0.556900
39827   0.557000
39828   0.555800
39829   0.556100
39830   0.556600
39831   0.557700
39832   0.556400
39833   0.557700
39834   0.556800
39835   0.557000
39836   0.556000
39837   0.555600
39838   0.555000
39839   0.555000
39840   0.554000
39841   0.553800
39842   0.553600
39843   0.553000
39844   0.553000
39845   0.553200
39846   0.553600
39847   0.552700
39848   0.552700
39849   0.553100
39850   0.553600
39851   0.553300
39852   0.553000
39853   0.553100
39854   0.552900
39855   0.552400
39856   0.551800
39857   0.551200
39858   0.550200
39859   0.550900
39860   0.551300
39861   0.551400
39862   0.551300
39863   0.551900
39864   0.551600
39865   0.552800
39866   0.551700
39867   0.552500
39868   0.553500
39869   0.554100
39870   0.554100
39871   0.554400
39872   0.555700
39873   0.555400
39874   0.555900
39875   0.556300
39876   0.557900
39877   0.557600
39878   0.558400
39879   0.558100
39880   0.557600
39881   0.557600
39882   0.558200
39883   0.557700
39884   0.557300
39885   0.556900
39886   0.556700
39887   0.556600
39888   0.557100
39889   0.556800
39890   0.556500
39891   0.557000
39892   0.556600
39893   0.557500
39894   0.558000
39895   0.558100
39896   0.557700
39897   0.557200
39898   0.557300
39899   0.556600
39900   0.557300
39901   0.557700
39902   0.557200
39903   0.557200
39904   0.557300
39905   0.558200
39906   0.558900
39907   0.557500
39908   0.558700
39909   0.557800
39910   0.558200
39911   0.558600
39912   0.557900
39913   0.558400
39914   0.557600
39915   0.556800
39916   0.557500
39917   0.558200
39918   0.558500
39919   0.560200
39920   0.561100
39921   0.560700
39922   0.561700
39923   0.562400
39924   0.562000
39925   0.562800
39926   0.563600
39927   0.562500
39928   0.563300
39929   0.564300
39930   0.564200
39931   0.564700
39932   0.564100
39933   0.563700
39934   0.563600
39935   0.564400
39936   0.564500
39937   0.563800
39938   0.563300
39939   0.563900
39940   0.563600
39941   0.563900
39942   0.563400
39943   0.564200
39944   0.564200
39945   0.563400
39946   0.561500
39947   0.561400
39948   0.561700
39949   0.562300
39950   0.562100
39951   0.562300
39952   0.561000
39953   0.561500
39954   0.561900
39955   0.561200
39956   0.561600
39957   0.561200
39958   0.561700
39959   0.561200
39960   0.560700
39961   0.561300
39962   0.561200
39963   0.560700
39964   0.560400
39965   0.560600
39966   0.559600
39967   0.560000
39968   0.559300
39969   0.559600
39970   0.559700
39971   0.559800
39972   0.559500
39973   0.558700
39974   0.558700
39975   0.557700
39976   0.557700
39977   0.558400
39978   0.558300
39979   0.557700
39980   0.557400
39981   0.558000
39982   0.557800
39983   0.558300
39984   0.558400
39985   0.557500
39986   0.556700
39987   0.556600
39988   0.556200
39989   0.556900
39990   0.556000
39991   0.556600
39992   0.556600
39993   0.556900
39994   0.556100
39995   0.555500
39996   0.555900
39997   0.555700
39998   0.557300
39999   0.557600
40000   0.556700
40001   0.555900
40002   0.556100
40003   0.556400
40004   0.556600
40005   0.555600
40006   0.555700
40007   0.555600
40008   0.556600
40009   0.556000
40010   0.556300
40011   0.556600
40012   0.556600
40013   0.556400
40014   0.557000
40015   0.557100
40016   0.556800
40017   0.557300
40018   0.556500
40019   0.556400
40020   0.556000
40021   0.555600
40022   0.555500
40023   0.554900
40024   0.554100
40025   0.554600
40026   0.553700
40027   0.553800
40028   0.553300
40029   0.553700
40030   0.554700
40031   0.553400
40032   0.553000
40033   0.553000
40034   0.553100
40035   0.553400
40036   0.553600
40037   0.554100
40038   0.554500
40039   0.553800
40040   0.554300
40041   0.555000
40042   0.554200
40043   0.553400
40044   0.553300
40045   0.552900
40046   0.552800
40047   0.553000
40048   0.553200
40049   0.552600
40050   0.552600
40051   0.553100
40052   0.553000
40053   0.553400
40054   0.553300
40055   0.552700
40056   0.553100
40057   0.553200
40058   0.551900
40059   0.552800
40060   0.553500
40061   0.553400
40062   0.552900
40063   0.553800
40064   0.553800
40065   0.552600
40066   0.553000
40067   0.553000
40068   0.553100
40069   0.553400
40070   0.553600
40071   0.552900
40072   0.553100
40073   0.553400
40074   0.554300
40075   0.553500
40076   0.553200
40077   0.553100
40078   0.553200
40079   0.552800
40080   0.552600
40081   0.552200
40082   0.552700
40083   0.553800
40084   0.553500
40085   0.552600
40086   0.552700
40087   0.553100
40088   0.552900
40089   0.553700
40090   0.554600
40091   0.554900
40092   0.555300
40093   0.555100
40094   0.554800
40095   0.555100
40096   0.555900
40097   0.557000
40098   0.556700
40099   0.557100
40100   0.557300
40101   0.558800
40102   0.559500
40103   0.559100
40104   0.559500
40105   0.559000
40106   0.559000
40107   0.558900
40108   0.559400
40109   0.559800
40110   0.559300
40111   0.558600
40112   0.559900
40113   0.559600
40114   0.558800
40115   0.558600
40116   0.558600
40117   0.558400
40118   0.558100
40119   0.558000
40120   0.557900
40121   0.558200
40122   0.559500
40123   0.559000
40124   0.560100
40125   0.560500
40126   0.560300
40127   0.560200
40128   0.560800
40129   0.559300
40130   0.558400
40131   0.557800
40132   0.558600
40133   0.558700
40134   0.558800
40135   0.559300
40136   0.559000
40137   0.558000
40138   0.557900
40139   0.558100
40140   0.558400
40141   0.558900
40142   0.559000
40143   0.558900
40144   0.558900
40145   0.558800
40146   0.559600
40147   0.559300
40148   0.559300
40149   0.558900
40150   0.558200
40151   0.559600
40152   0.558700
40153   0.558500
40154   0.558200
40155   0.558900
40156   0.557500
40157   0.556600
40158   0.557100
40159   0.557300
40160   0.556800
40161   0.557700
40162   0.558300
40163   0.558500
40164   0.557300
40165   0.556600
40166   0.556800
40167   0.557600
40168   0.557600
40169   0.557400
40170   0.558200
40171   0.558100
40172   0.557500
40173   0.556000
40174   0.556800
40175   0.557400
40176   0.557000
40177   0.556400
40178   0.555800
40179   0.556100
40180   0.556000
40181   0.555600
40182   0.556100
40183   0.555500
40184   0.555600
40185   0.555700
40186   0.556100
40187   0.556000
40188   0.556500
40189   0.556800
40190   0.557900
40191   0.558300
40192   0.558400
40193   0.558300
40194   0.558100
40195   0.557900
40196   0.558500
40197   0.558500
40198   0.558200
40199   0.558500
40200   0.559100
40201   0.558700
40202   0.559400
40203   0.561400
40204   0.561100
40205   0.561000
40206   0.561300
40207   0.560400
40208   0.560600
40209   0.561200
40210   0.560800
40211   0.561900
40212   0.563200
40213   0.564100
40214   0.564200
40215   0.565200
40216   0.564900
40217   0.564000
40218   0.563600
40219   0.562700
40220   0.562800
40221   0.563100
40222   0.562800
40223   0.562200
40224   0.562800
40225   0.562400
40226   0.562600
40227   0.563200
40228   0.562800
40229   0.561600
40230   0.561100
40231   0.561300
40232   0.561500
40233   0.560500
40234   0.560600
40235   0.560200
40236   0.559900
40237   0.560900
40238   0.560400
40239   0.559600
40240   0.558700
40241   0.559100
40242   0.558700
40243   0.558500
40244   0.558600
40245   0.559100
40246   0.559400
40247   0.559300
40248   0.559100
40249   0.559500
40250   0.558900
40251   0.559000
40252   0.558700
40253   0.558500
40254   0.558100
40255   0.557500
40256   0.557200
40257   0.558300
40258   0.558200
40259   0.557600
40260   0.559000
40261   0.558700
40262   0.558300
40263   0.557900
40264   0.558100
40265   0.558200
40266   0.558500
40267   0.559700
40268   0.559300
40269   0.559800
40270   0.559300
40271   0.559700
40272   0.560900
40273   0.561000
40274   0.560300
40275   0.561300
40276   0.562400
40277   0.561600
40278   0.561800
40279   0.562000
40280   0.561700
40281   0.560900
40282   0.560500
40283   0.560800
40284   0.561800
40285   0.562100
40286   0.562100
40287   0.562500
40288   0.562800
40289   0.563000
40290   0.563600
40291   0.563400
40292   0.563800
40293   0.562900
40294   0.563400
40295   0.562800
40296   0.562400
40297   0.562800
40298   0.562200
40299   0.561700
40300   0.561600
40301   0.561300
40302   0.559500
40303   0.559300
40304   0.558300
40305   0.558000
40306   0.558100
40307   0.558600
40308   0.559100
40309   0.559300
40310   0.559700
40311   0.560000
40312   0.559900
40313   0.559100
40314   0.558400
40315   0.558300
40316   0.558800
40317   0.558100
40318   0.558200
40319   0.558100
40320   0.557500
40321   0.558300
40322   0.557300
40323   0.558300
40324   0.558700
40325   0.558300
40326   0.558500
40327   0.558800
40328   0.559300
40329   0.558900
40330   0.558700
40331   0.558800
40332   0.558200
40333   0.557900
40334   0.558000
40335   0.558300
40336   0.557500
40337   0.558300
40338   0.558300
40339   0.558100
40340   0.557800
40341   0.557500
40342   0.557100
40343   0.557600
40344   0.557400
40345   0.557700
40346   0.557400
40347   0.557400
40348   0.558400
40349   0.558300
40350   0.559200
40351   0.559200
40352   0.559200
40353   0.558800
40354   0.558400
40355   0.557700
40356   0.557700
40357   0.557600
40358   0.557600
40359   0.557000
40360   0.557300
40361   0.557500
40362   0.556400
40363   0.556400
40364   0.555700
40365   0.554800
40366   0.554200
40367   0.554400
40368   0.554300
40369   0.553500
40370   0.553700
40371   0.553500
40372   0.553400
40373   0.554600
40374   0.554100
40375   0.554100
40376   0.554900
40377   0.555600
40378   0.555300
40379   0.554800
40380   0.554500
40381   0.554900
40382   0.554500
40383   0.554200
40384   0.554400
40385   0.553700
40386   0.554100
40387   0.553400
40388   0.553500
40389   0.553500
40390   0.553100
40391   0.553000
40392   0.553000
40393   0.551100
40394   0.550700
40395   0.551200
40396   0.551500
40397   0.552100
40398   0.552500
40399   0.552100
40400   0.551700
40401   0.550500
40402   0.550900
40403   0.551600
40404   0.551300
40405   0.551900
40406   0.552100
40407   0.551200
40408   0.550900
40409   0.549900
40410   0.549600
40411   0.549300
40412   0.549000
40413   0.548800
40414   0.548500
40415   0.549200
40416   0.548300
40417   0.547900
40418   0.547500
40419   0.547400
40420   0.547700
40421   0.548000
40422   0.548300
40423   0.548900
40424   0.548900
40425   0.548400
40426   0.548900
40427   0.548300
40428   0.548300
40429   0.548400
40430   0.548200
40431   0.548200
40432   0.548600
40433   0.548000
40434   0.548000
40435   0.548000
40436   0.548500
40437   0.547500
40438   0.547500
40439   0.546300
40440   0.545600
40441   0.544900
40442   0.544900
40443   0.545200
40444   0.546300
40445   0.546600
40446   0.547100
40447   0.547900
40448   0.548300
40449   0.548000
40450   0.547200
40451   0.546800
40452   0.547900
40453   0.547200
40454   0.547200
40455   0.546600
40456   0.547500
40457   0.547500
40458   0.548100
40459   0.547300
40460   0.546600
40461   0.545700
40462   0.545400
40463   0.544500
40464   0.544500
40465   0.544400
40466   0.544700
40467   0.545200
40468   0.546200
40469   0.545800
40470   0.546000
40471   0.546700
40472   0.547800
40473   0.547800
40474   0.548900
40475   0.548200
40476   0.547800
40477   0.548000
40478   0.547400
40479   0.547600
40480   0.548100
40481   0.548300
40482   0.548800
40483   0.550200
40484   0.549200
40485   0.548900
40486   0.550000
40487   0.549500
40488   0.549500
40489   0.550300
40490   0.550500
40491   0.550200
40492   0.551200
40493   0.550500
40494   0.550100
40495   0.550300
40496   0.550700
40497   0.549500
40498   0.549100
40499   0.549800
40500   0.550600
40501   0.551200
40502   0.552300
40503   0.551400
40504   0.551200
40505   0.552700
40506   0.552600
40507   0.552100
40508   0.551800
40509   0.551500
40510   0.552300
40511   0.552500
40512   0.553200
40513   0.554100
40514   0.553900
40515   0.555000
40516   0.554900
40517   0.555600
40518   0.555000
40519   0.555600
40520   0.556800
40521   0.556900
40522   0.556900
40523   0.557000
40524   0.556600
40525   0.557800
40526   0.557200
40527   0.558200
40528   0.557600
40529   0.558200
40530   0.558800
40531   0.559800
40532   0.560000
40533   0.560100
40534   0.560700
40535   0.561100
40536   0.560900
40537   0.561300
40538   0.561300
40539   0.560400
40540   0.562000
40541   0.562000
40542   0.562200
40543   0.562500
40544   0.562800
40545   0.562300
40546   0.562300
40547   0.562600
40548   0.562800
40549   0.562700
40550   0.562600
40551   0.563000
40552   0.562700
40553   0.562100
40554   0.563100
40555   0.562900
40556   0.563500
40557   0.562900
40558   0.563200
40559   0.563600
40560   0.565000
40561   0.564500
40562   0.563700
40563   0.562700
40564   0.563200
40565   0.563300
40566   0.564300
40567   0.564700
40568   0.564200
40569   0.563500
40570   0.564100
40571   0.563800
40572   0.563800
40573   0.563400
40574   0.564000
40575   0.563100
40576   0.563100
40577   0.563500
40578   0.564200
40579   0.564800
40580   0.564400
40581   0.563000
40582   0.562900
40583   0.563300
40584   0.562900
40585   0.563500
40586   0.563900
40587   0.563700
40588   0.564300
40589   0.564500
40590   0.565200
40591   0.565200
40592   0.565800
40593   0.566000
40594   0.566300
40595   0.566300
40596   0.565900
40597   0.565800
40598   0.565600
40599   0.566900
40600   0.566400
40601   0.566800
40602   0.565700
40603   0.566100
40604   0.565700
40605   0.565800
40606   0.565400
40607   0.565300
40608   0.565000
40609   0.565300
40610   0.565600
40611   0.566200
40612   0.566700
40613   0.566100
40614   0.566000
40615   0.566600
40616   0.566800
40617   0.566900
40618   0.567300
40619   0.567500
40620   0.566800
40621   0.566200
40622   0.565900
40623   0.564600
40624   0.564800
40625   0.564000
40626   0.563600
40627   0.562900
40628   0.561900
40629   0.561300
40630   0.563500
40631   0.563800
40632   0.563200
40633   0.562600
40634   0.562500
40635   0.563200
40636   0.563700
40637   0.563200
40638   0.563400
40639   0.563900
40640   0.563600
40641   0.562800
40642   0.562900
40643   0.563800
40644   0.564400
40645   0.564100
40646   0.563500
40647   0.563600
40648   0.564100
40649   0.563700
40650   0.564100
40651   0.563700
40652   0.564000
40653   0.564100
40654   0.564700
40655   0.565600
40656   0.566400
40657   0.566400
40658   0.566900
40659   0.566800
40660   0.567000
40661   0.567500
40662   0.567100
40663   0.567600
40664   0.567700
40665   0.568000
40666   0.567600
40667   0.566800
40668   0.567000
40669   0.567400
40670   0.567300
40671   0.567800
40672   0.568800
40673   0.568000
40674   0.568800
40675   0.569900
40676   0.570300
40677   0.569500
40678   0.569900
40679   0.570200
40680   0.571100
40681   0.571800
40682   0.571800
40683   0.572000
40684   0.571800
40685   0.570900
40686   0.570100
40687   0.569400
40688   0.569100
40689   0.570100
40690   0.569900
40691   0.570400
40692   0.569800
40693   0.570100
40694   0.570600
40695   0.570900
40696   0.571900
40697   0.572300
40698   0.573100
40699   0.573300
40700   0.572800
40701   0.572700
40702   0.573300
40703   0.574000
40704   0.574400
40705   0.573500
40706   0.573400
40707   0.572800
40708   0.571700
40709   0.571900
40710   0.572100
40711   0.572800
40712   0.573900
40713   0.573000
40714   0.573400
40715   0.572700
40716   0.573400
40717   0.573000
40718   0.573400
40719   0.573000
40720   0.572700
40721   0.573400
40722   0.574700
40723   0.574700
40724   0.574000
40725   0.574200
40726   0.574800
40727   0.574500
40728   0.575000
40729   0.574900
40730   0.574100
40731   0.573700
40732   0.573700
40733   0.573200
40734   0.573700
40735   0.572100
40736   0.572700
40737   0.572800
40738   0.572500
40739   0.572900
40740   0.573800
40741   0.575300
40742   0.575500
40743   0.574700
40744   0.574700
40745   0.574100
40746   0.574000
40747   0.573600
40748   0.574700
40749   0.575300
40750   0.575100
40751   0.575800
40752   0.576100
40753   0.576300
40754   0.576600
40755   0.575800
40756   0.575700
40757   0.575600
40758   0.576300
40759   0.575300
40760   0.575200
40761   0.574500
40762   0.574700
40763   0.574400
40764   0.573800
40765   0.573100
40766   0.572800
40767   0.572600
40768   0.573600
40769   0.573800
40770   0.573000
40771   0.574000
40772   0.574400
40773   0.573700
40774   0.572400
40775   0.572700
40776   0.572900
40777   0.572400
40778   0.573100
40779   0.573500
40780   0.573700
40781   0.573000
40782   0.571600
40783   0.570800
40784   0.571300
40785   0.572100
40786   0.572800
40787   0.572800
40788   0.572500
40789   0.572200
40790   0.571400
40791   0.571300
40792   0.572700
40793   0.572800
40794   0.572300
40795   0.572500
40796   0.571300
40797   0.571700
40798   0.571500
40799   0.572100
40800   0.571900
40801   0.572000
40802   0.572900
40803   0.573700
40804   0.574200
40805   0.575500
40806   0.575700
40807   0.576700
40808   0.576400
40809   0.575900
40810   0.575500
40811   0.575700
40812   0.575500
40813   0.576400
40814   0.576300
40815   0.576100
40816   0.576900
40817   0.577300
40818   0.577600
40819   0.577000
40820   0.577600
40821   0.577400
40822   0.577100
40823   0.576700
40824   0.576100
40825   0.576300
40826   0.575500
40827   0.575000
40828   0.574900
40829   0.576100
40830   0.576400
40831   0.576400
40832   0.576300
40833   0.577200
40834   0.577100
40835   0.577700
40836   0.578100
40837   0.577700
40838   0.577100
40839   0.577100
40840   0.577100
40841   0.577400
40842   0.577000
40843   0.577100
40844   0.576800
40845   0.576600
40846   0.576200
40847   0.576800
40848   0.576900
40849   0.575500
40850   0.575100
40851   0.573700
40852   0.573100
40853   0.573800
40854   0.573800
40855   0.573300
40856   0.572800
40857   0.573300
40858   0.573100
40859   0.572200
40860   0.571900
40861   0.571600
40862   0.571900
40863   0.572300
40864   0.572100
40865   0.571500
40866   0.570200
40867   0.569800
40868   0.570100
40869   0.570200
40870   0.570600
40871   0.571200
40872   0.570000
40873   0.570200
40874   0.570500
40875   0.570200
40876   0.571000
40877   0.571400
40878   0.571000
40879   0.572200
40880   0.572600
40881   0.572800
40882   0.572000
40883   0.572000
40884   0.572100
40885   0.572400
40886   0.572100
40887   0.572000
40888   0.572400
40889   0.571600
40890   0.571200
40891   0.570900
40892   0.571000
40893   0.570600
40894   0.571200
40895   0.571600
40896   0.572800
40897   0.573200
40898   0.572500
40899   0.573300
40900   0.572400
40901   0.573200
40902   0.572800
40903   0.574000
40904   0.574900
40905   0.575200
40906   0.575500
40907   0.575900
40908   0.575700
40909   0.575100
40910   0.575200
40911   0.575300
40912   0.575000
40913   0.575300
40914   0.575900
40915   0.576800
40916   0.576400
40917   0.577800
40918   0.577300
40919   0.576500
40920   0.578200
40921   0.578600
40922   0.578300
40923   0.578300
40924   0.578100
40925   0.578100
40926   0.577200
40927   0.577500
40928   0.577500
40929   0.578100
40930   0.578100
40931   0.578200
40932   0.577600
40933   0.578500
40934   0.578300
40935   0.578500
40936   0.578900
40937   0.577900
40938   0.577800
40939   0.578400
40940   0.579300
40941   0.578400
40942   0.578500
40943   0.579100
40944   0.579800
40945   0.579800
40946   0.579600
40947   0.580000
40948   0.579800
40949   0.580200
40950   0.580300
40951   0.580000
40952   0.578900
40953   0.579200
40954   0.579600
40955   0.579900
40956   0.580400
40957   0.580300
40958   0.580100
40959   0.579700
40960   0.579900
40961   0.579400
40962   0.578300
40963   0.579000
40964   0.579700
40965   0.580300
40966   0.580900
40967   0.580800
40968   0.581300
40969   0.581200
40970   0.581300
40971   0.582500
40972   0.583800
40973   0.583500
40974   0.583700
40975   0.584400
40976   0.584600
40977   0.584300
40978   0.584400
40979   0.584500
40980   0.584500
40981   0.583200
40982   0.583600
40983   0.583800
40984   0.584500
40985   0.584900
40986   0.584500
40987   0.584400
40988   0.584800
40989   0.586000
40990   0.585800
40991   0.586200
40992   0.585900
40993   0.585800
40994   0.586300
40995   0.586900
40996   0.585900
40997   0.585200
40998   0.585300
40999   0.584500
41000   0.585100
41001   0.584000
41002   0.584400
41003   0.583600
41004   0.583500
41005   0.583800
41006   0.584900
41007   0.585100
41008   0.584900
41009   0.584900
41010   0.584400
41011   0.584400
41012   0.584500
41013   0.584200
41014   0.585500
41015   0.585700
41016   0.585100
41017   0.586200
41018   0.585700
41019   0.586300
41020   0.586400
41021   0.585700
41022   0.585300
41023   0.585000
41024   0.584400
41025   0.583900
41026   0.584600
41027   0.584400
41028   0.585500
41029   0.585800
41030   0.584200
41031   0.584600
41032   0.584500
41033   0.585200
41034   0.585800
41035   0.586100
41036   0.586700
41037   0.586300
41038   0.585600
41039   0.586500
41040   0.587300
41041   0.586900
41042   0.587400
41043   0.587300
41044   0.587700
41045   0.587700
41046   0.587000
41047   0.586500
41048   0.586500
41049   0.587100
41050   0.587400
41051   0.586700
41052   0.586400
41053   0.586700
41054   0.586600
41055   0.586900
41056   0.587300
41057   0.587200
41058   0.585900
41059   0.585100
41060   0.584400
41061   0.584100
41062   0.583900
41063   0.583100
41064   0.582300
41065   0.581700
41066   0.582400
41067   0.581900
41068   0.581400
41069   0.580900
41070   0.581400
41071   0.581300
41072   0.582700
41073   0.583900
41074   0.583600
41075   0.582800
41076   0.582500
41077   0.582900
41078   0.582200
41079   0.582000
41080   0.581600
41081   0.581300
41082   0.582000
41083   0.581600
41084   0.581100
41085   0.580900
41086   0.580300
41087   0.580300
41088   0.579700
41089   0.579900
41090   0.580200
41091   0.579700
41092   0.579800
41093   0.579200
41094   0.578700
41095   0.578500
41096   0.578000
41097   0.578500
41098   0.577900
41099   0.577600
41100   0.577500
41101   0.576500
41102   0.575700
41103   0.574800
41104   0.575100
41105   0.575300
41106   0.574900
41107   0.573600
41108   0.573700
41109   0.573500
41110   0.573600
41111   0.573800
41112   0.573900
41113   0.573600
41114   0.573700
41115   0.573600
41116   0.573800
41117   0.573600
41118   0.573800
41119   0.574300
41120   0.574100
41121   0.573800
41122   0.573400
41123   0.574000
41124   0.573800
41125   0.574100
41126   0.574200
41127   0.574300
41128   0.575000
41129   0.575600
41130   0.575200
41131   0.575000
41132   0.575100
41133   0.574900
41134   0.574600
41135   0.574600
41136   0.574400
41137   0.575500
41138   0.575200
41139   0.574400
41140   0.574000
41141   0.574200
41142   0.573200
41143   0.572900
41144   0.571600
41145   0.571700
41146   0.571400
41147   0.570400
41148   0.569600
41149   0.569800
41150   0.569900
41151   0.569700
41152   0.569400
41153   0.570400
41154   0.570800
41155   0.571000
41156   0.570400
41157   0.572000
41158   0.572300
41159   0.571800
41160   0.571900
41161   0.571300
41162   0.571500
41163   0.572100
41164   0.572800
41165   0.573800
41166   0.573700
41167   0.572700
41168   0.571300
41169   0.572800
41170   0.573500
41171   0.573900
41172   0.574000
41173   0.574600
41174   0.575400
41175   0.575600
41176   0.575700
41177   0.575100
41178   0.575500
41179   0.574300
41180   0.573600
41181   0.573500
41182   0.574300
41183   0.575500
41184   0.575600
41185   0.576600
41186   0.576300
41187   0.575800
41188   0.576100
41189   0.574900
41190   0.574400
41191   0.574700
41192   0.575800
41193   0.576400
41194   0.576800
41195   0.577200
41196   0.576800
41197   0.576300
41198   0.576300
41199   0.577000
41200   0.578000
41201   0.577300
41202   0.577300
41203   0.577800
41204   0.578000
41205   0.578500
41206   0.578700
41207   0.578600
41208   0.578800
41209   0.578900
41210   0.579100
41211   0.577900
41212   0.577700
41213   0.577900
41214   0.578300
41215   0.577900
41216   0.578500
41217   0.578400
41218   0.578000
41219   0.578200
41220   0.578300
41221   0.579500
41222   0.580200
41223   0.579800
41224   0.580000
41225   0.580700
41226   0.580400
41227   0.580600
41228   0.580700
41229   0.580500
41230   0.580000
41231   0.580400
41232   0.581500
41233   0.581200
41234   0.579900
41235   0.580200
41236   0.580300
41237   0.579300
41238   0.578600
41239   0.579800
41240   0.580000
41241   0.578900
41242   0.578300
41243   0.577600
41244   0.576400
41245   0.576800
41246   0.576800
41247   0.577200
41248   0.577100
41249   0.576900
41250   0.575800
41251   0.577100
41252   0.576700
41253   0.577500
41254   0.576600
41255   0.577500
41256   0.576700
41257   0.575700
41258   0.576000
41259   0.576600
41260   0.576800
41261   0.577000
41262   0.577100
41263   0.577200
41264   0.577600
41265   0.577200
41266   0.577500
41267   0.577400
41268   0.576400
41269   0.576300
41270   0.576700
41271   0.577100
41272   0.576100
41273   0.575900
41274   0.575800
41275   0.575700
41276   0.577300
41277   0.576600
41278   0.575900
41279   0.576600
41280   0.576100
41281   0.576400
41282   0.575900
41283   0.575600
41284   0.576100
41285   0.576500
41286   0.576300
41287   0.576600
41288   0.576900
41289   0.576700
41290   0.577700
41291   0.578200
41292   0.578300
41293   0.577100
41294   0.577000
41295   0.576900
41296   0.576800
41297   0.576300
41298   0.576100
41299   0.576700
41300   0.576300
41301   0.576400
41302   0.576400
41303   0.576500
41304   0.577300
41305   0.577200
41306   0.575700
41307   0.575500
41308   0.575100
41309   0.574700
41310   0.574700
41311   0.575200
41312   0.574700
41313   0.574800
41314   0.574700
41315   0.574800
41316   0.574100
41317   0.574100
41318   0.574200
41319   0.573900
41320   0.573300
41321   0.572700
41322   0.572600
41323   0.572600
41324   0.574000
41325   0.573400
41326   0.573200
41327   0.572800
41328   0.573100
41329   0.573900
41330   0.574300
41331   0.573900
41332   0.573900
41333   0.573200
41334   0.573300
41335   0.573200
41336   0.572800
41337   0.573700
41338   0.574200
41339   0.574500
41340   0.576000
41341   0.575700
41342   0.574100
41343   0.573400
41344   0.573100
41345   0.573000
41346   0.573600
41347   0.573000
41348   0.572500
41349   0.573200
41350   0.573200
41351   0.574400
41352   0.574600
41353   0.574200
41354   0.574200
41355   0.574400
41356   0.573500
41357   0.574400
41358   0.575900
41359   0.576300
41360   0.576100
41361   0.575600
41362   0.575900
41363   0.575500
41364   0.573800
41365   0.573900
41366   0.573800
41367   0.574200
41368   0.573900
41369   0.572900
41370   0.574000
41371   0.574500
41372   0.574700
41373   0.574500
41374   0.574700
41375   0.574700
41376   0.575600
41377   0.575300
41378   0.575500
41379   0.576000
41380   0.575800
41381   0.575700
41382   0.576500
41383   0.575800
41384   0.576000
41385   0.575800
41386   0.576400
41387   0.577300
41388   0.577400
41389   0.577100
41390   0.577400
41391   0.576700
41392   0.578400
41393   0.578900
41394   0.579400
41395   0.578600
41396   0.578300
41397   0.577900
41398   0.578000
41399   0.577900
41400   0.578000
41401   0.577800
41402   0.576700
41403   0.575800
41404   0.575600
41405   0.575200
41406   0.575000
41407   0.575700
41408   0.575600
41409   0.576000
41410   0.576100
41411   0.577400
41412   0.576200
41413   0.575500
41414   0.576300
41415   0.576200
41416   0.574900
41417   0.575200
41418   0.575000
41419   0.575100
41420   0.576500
41421   0.576600
41422   0.577300
41423   0.578100
41424   0.578100
41425   0.579300
41426   0.579100
41427   0.578300
41428   0.579000
41429   0.578900
41430   0.577400
41431   0.577600
41432   0.576200
41433   0.575200
41434   0.576200
41435   0.576400
41436   0.577300
41437   0.577600
41438   0.576700
41439   0.576900
41440   0.577000
41441   0.577200
41442   0.577600
41443   0.577100
41444   0.576800
41445   0.576000
41446   0.576700
41447   0.576500
41448   0.577400
41449   0.577400
41450   0.576900
41451   0.576300
41452   0.576600
41453   0.577600
41454   0.577500
41455   0.577100
41456   0.576800
41457   0.576800
41458   0.577100
41459   0.577300
41460   0.577300
41461   0.578300
41462   0.577800
41463   0.578600
41464   0.578200
41465   0.578000
41466   0.577700
41467   0.578300
41468   0.578300
41469   0.577400
41470   0.578600
41471   0.579200
41472   0.579600
41473   0.580700
41474   0.579500
41475   0.579400
41476   0.579400
41477   0.580300
41478   0.580800
41479   0.580900
41480   0.580800
41481   0.580900
41482   0.580200
41483   0.580100
41484   0.580300
41485   0.579600
41486   0.581400
41487   0.581900
41488   0.582000
41489   0.582500
41490   0.582500
41491   0.583100
41492   0.582700
41493   0.582700
41494   0.582800
41495   0.584100
41496   0.584700
41497   0.584100
41498   0.584100
41499   0.584300
41500   0.584700
41501   0.584200
41502   0.584700
41503   0.584700
41504   0.585600
41505   0.585400
41506   0.584200
41507   0.584500
41508   0.584000
41509   0.583500
41510   0.583500
41511   0.584000
41512   0.582900
41513   0.583900
41514   0.583000
41515   0.584100
41516   0.584100
41517   0.583800
41518   0.583300
41519   0.583200
41520   0.582800
41521   0.581600
41522   0.581500
41523   0.581400
41524   0.581200
41525   0.581100
41526   0.580500
41527   0.580900
41528   0.580900
41529   0.579600
41530   0.579600
41531   0.579300
41532   0.579200
41533   0.580000
41534   0.580700
41535   0.579900
41536   0.579600
41537   0.580200
41538   0.580100
41539   0.580700
41540   0.581100
41541   0.581600
41542   0.581200
41543   0.581600
41544   0.581200
41545   0.582200
41546   0.582400
41547   0.581600
41548   0.581200
41549   0.580900
41550   0.581600
41551   0.581700
41552   0.581000
41553   0.579800
41554   0.579900
41555   0.579600
41556   0.580000
41557   0.580300
41558   0.579100
41559   0.579100
41560   0.579400
41561   0.579400
41562   0.579800
41563   0.579200
41564   0.578700
41565   0.579100
41566   0.579300
41567   0.579000
41568   0.578500
41569   0.579300
41570   0.578800
41571   0.578900
41572   0.577800
41573   0.576900
41574   0.576500
41575   0.577700
41576   0.578000
41577   0.578400
41578   0.578700
41579   0.579100
41580   0.579200
41581   0.579100
41582   0.578800
41583   0.578900
41584   0.577900
41585   0.578500
41586   0.577600
41587   0.578000
41588   0.578000
41589   0.578000
41590   0.578800
41591   0.577800
41592   0.579000
41593   0.578900
41594   0.579100
41595   0.579300
41596   0.579100
41597   0.578800
41598   0.578400
41599   0.579400
41600   0.578500
41601   0.579000
41602   0.578900
41603   0.579100
41604   0.579400
41605   0.579900
41606   0.579900
41607   0.580500
41608   0.580600
41609   0.580900
41610   0.580500
41611   0.581000
41612   0.581500
41613   0.581000
41614   0.580900
41615   0.580700
41616   0.580300
41617   0.580500
41618   0.580400
41619   0.581100
41620   0.581300
41621   0.581200
41622   0.581500
41623   0.580800
41624   0.581400
41625   0.581200
41626   0.582400
41627   0.583100
41628   0.583900
41629   0.583700
41630   0.582700
41631   0.582700
41632   0.583100
41633   0.583700
41634   0.582800
41635   0.581900
41636   0.581400
41637   0.580400
41638   0.580300
41639   0.580200
41640   0.579800
41641   0.579400
41642   0.579100
41643   0.578100
41644   0.578600
41645   0.577800
41646   0.578000
41647   0.579200
41648   0.579400
41649   0.579100
41650   0.578900
41651   0.578500
41652   0.578100
41653   0.578400
41654   0.579700
41655   0.579500
41656   0.579100
41657   0.578800
41658   0.579200
41659   0.579000
41660   0.579000
41661   0.579800
41662   0.579300
41663   0.578300
41664   0.578500
41665   0.578100
41666   0.578400
41667   0.578800
41668   0.578900
41669   0.578700
41670   0.577600
41671   0.577600
41672   0.578000
41673   0.578300
41674   0.577800
41675   0.578200
41676   0.578800
41677   0.579100
41678   0.579200
41679   0.579200
41680   0.580000
41681   0.580100
41682   0.580800
41683   0.582300
41684   0.581900
41685   0.581700
41686   0.582200
41687   0.581100
41688   0.580400
41689   0.580800
41690   0.582000
41691   0.580600
41692   0.580000
41693   0.580500
41694   0.579900
41695   0.580300
41696   0.580300
41697   0.581700
41698   0.581400
41699   0.582400
41700   0.582100
41701   0.582400
41702   0.582300
41703   0.582100
41704   0.582100
41705   0.582700
41706   0.583400
41707   0.583500
41708   0.582700
41709   0.582900
41710   0.582700
41711   0.583300
41712   0.583500
41713   0.583200
41714   0.583400
41715   0.584300
41716   0.583700
41717   0.582000
41718   0.582000
41719   0.582200
41720   0.581700
41721   0.582200
41722   0.583100
41723   0.582400
41724   0.581400
41725   0.582000
41726   0.582100
41727   0.581100
41728   0.581300
41729   0.581200
41730   0.580800
41731   0.582000
41732   0.582200
41733   0.582800
41734   0.582600
41735   0.582800
41736   0.582500
41737   0.581600
41738   0.581700
41739   0.581500
41740   0.581300
41741   0.581300
41742   0.581300
41743   0.582100
41744   0.581500
41745   0.581800
41746   0.582800
41747   0.581700
41748   0.580600
41749   0.579700
41750   0.578600
41751   0.578200
41752   0.579300
41753   0.581400
41754   0.580800
41755   0.580200
41756   0.579600
41757   0.579600
41758   0.580100
41759   0.580100
41760   0.581700
41761   0.581200
41762   0.581100
41763   0.581200
41764   0.581000
41765   0.580800
41766   0.580000
41767   0.580200
41768   0.580600
41769   0.581400
41770   0.582100
41771   0.583100
41772   0.582600
41773   0.582500
41774   0.582800
41775   0.582900
41776   0.583500
41777   0.583400
41778   0.583000
41779   0.582300
41780   0.583000
41781   0.584000
41782   0.583400
41783   0.584100
41784   0.585200
41785   0.584500
41786   0.583800
41787   0.583500
41788   0.583600
41789   0.583700
41790   0.582100
41791   0.581700
41792   0.581400
41793   0.581000
41794   0.580200
41795   0.581200
41796   0.581300
41797   0.582500
41798   0.582000
41799   0.583500
41800   0.583900
41801   0.584700
41802   0.583800
41803   0.583900
41804   0.583200
41805   0.582200
41806   0.582400
41807   0.582900
41808   0.583000
41809   0.582000
41810   0.582300
41811   0.582500
41812   0.582700
41813   0.581900
41814   0.581200
41815   0.581700
41816   0.582800
41817   0.582700
41818   0.581800
41819   0.582100
41820   0.582100
41821   0.581900
41822   0.582800
41823   0.582100
41824   0.582200
41825   0.581600
41826   0.581300
41827   0.581300
41828   0.581000
41829   0.581600
41830   0.581900
41831   0.581500
41832   0.582200
41833   0.582300
41834   0.581900
41835   0.582600
41836   0.582500
41837   0.583100
41838   0.582300
41839   0.581900
41840   0.581400
41841   0.581100
41842   0.582000
41843   0.582300
41844   0.583700
41845   0.584600
41846   0.585500
41847   0.585900
41848   0.585800
41849   0.586200
41850   0.585400
41851   0.585300
41852   0.585300
41853   0.585300
41854   0.586200
41855   0.585400
41856   0.584800
41857   0.585100
41858   0.584900
41859   0.584800
41860   0.584500
41861   0.584600
41862   0.585000
41863   0.584900
41864   0.585900
41865   0.586600
41866   0.586600
41867   0.586600
41868   0.586700
41869   0.586600
41870   0.586100
41871   0.587100
41872   0.587300
41873   0.587200
41874   0.587300
41875   0.588000
41876   0.587700
41877   0.588400
41878   0.588400
41879   0.588300
41880   0.587700
41881   0.588000
41882   0.588800
41883   0.589300
41884   0.589600
41885   0.589500
41886   0.589500
41887   0.590000
41888   0.590600
41889   0.591000
41890   0.590800
41891   0.589900
41892   0.590800
41893   0.589600
41894   0.589500
41895   0.588400
41896   0.588100
41897   0.588200
41898   0.588700
41899   0.587700
41900   0.587700
41901   0.588100
41902   0.588200
41903   0.588800
41904   0.589600
41905   0.590000
41906   0.589600
41907   0.589600
41908   0.589200
41909   0.589500
41910   0.589800
41911   0.589100
41912   0.589900
41913   0.590000
41914   0.590700
41915   0.591000
41916   0.591200
41917   0.591500
41918   0.591400
41919   0.591100
41920   0.591000
41921   0.591200
41922   0.591000
41923   0.592300
41924   0.592300
41925   0.592300
41926   0.592400
41927   0.592700
41928   0.592500
41929   0.592500
41930   0.593100
41931   0.593000
41932   0.592700
41933   0.593000
41934   0.592700
41935   0.591800
41936   0.591800
41937   0.591800
41938   0.591600
41939   0.592500
41940   0.592300
41941   0.592100
41942   0.592700
41943   0.592500
41944   0.593400
41945   0.592900
41946   0.593700
41947   0.593900
41948   0.594700
41949   0.594500
41950   0.594900
41951   0.594400
41952   0.594800
41953   0.595000
41954   0.594900
41955   0.595300
41956   0.594900
41957   0.594500
41958   0.594500
41959   0.593900
41960   0.594000
41961   0.593200
41962   0.593300
41963   0.592700
41964   0.592400
41965   0.591400
41966   0.591700
41967   0.591300
41968   0.590800
41969   0.590600
41970   0.590800
41971   0.590200
41972   0.590600
41973   0.590900
41974   0.591300
41975   0.592200
41976   0.591700
41977   0.591500
41978   0.590200
41979   0.590300
41980   0.589400
41981   0.590100
41982   0.588900
41983   0.589800
41984   0.590400
41985   0.590500
41986   0.590500
41987   0.590400
41988   0.590300
41989   0.590400
41990   0.589900
41991   0.589700
41992   0.590200
41993   0.589700
41994   0.590700
41995   0.591500
41996   0.592300
41997   0.593000
41998   0.593300
41999   0.593600
42000   0.594800
42001   0.595400
42002   0.595600
42003   0.595500
42004   0.594500
42005   0.594600
42006   0.594300
42007   0.594400
42008   0.592900
42009   0.593600
42010   0.593400
42011   0.593100
42012   0.593800
42013   0.594100
42014   0.593700
42015   0.593600
42016   0.593400
42017   0.593200
42018   0.593000
42019   0.593100
42020   0.592900
42021   0.592300
42022   0.591400
42023   0.592600
42024   0.592600
42025   0.591400
42026   0.590200
42027   0.591100
42028   0.591500
42029   0.592100
42030   0.592900
42031   0.594800
42032   0.595200
42033   0.595700
42034   0.595000
42035   0.594900
42036   0.594700
42037   0.594000
42038   0.594200
42039   0.594400
42040   0.593900
42041   0.594500
42042   0.593900
42043   0.593200
42044   0.592800
42045   0.592100
42046   0.592800
42047   0.593300
42048   0.593000
42049   0.593900
42050   0.594000
42051   0.594900
42052   0.594200
42053   0.594400
42054   0.595300
42055   0.596300
42056   0.597200
42057   0.597700
42058   0.596700
42059   0.597300
42060   0.596800
42061   0.596800
42062   0.597900
42063   0.597100
42064   0.596700
42065   0.596700
42066   0.596800
42067   0.597100
42068   0.596600
42069   0.596700
42070   0.596900
42071   0.597300
42072   0.596600
42073   0.596600
42074   0.595900
42075   0.595100
42076   0.596100
42077   0.595100
42078   0.594100
42079   0.594700
42080   0.595800
42081   0.596300
42082   0.595800
42083   0.596100
42084   0.595400
42085   0.596100
42086   0.595800
42087   0.595500
42088   0.595700
42089   0.595100
42090   0.595800
42091   0.595000
42092   0.595500
42093   0.595600
42094   0.595500
42095   0.595200
42096   0.594800
42097   0.594500
42098   0.595300
42099   0.595600
42100   0.595400
42101   0.595100
42102   0.595200
42103   0.596000
42104   0.596100
42105   0.595600
42106   0.596800
42107   0.596900
42108   0.597200
42109   0.597400
42110   0.597500
42111   0.596800
42112   0.596900
42113   0.597000
42114   0.597000
42115   0.597400
42116   0.596300
42117   0.595600
42118   0.595900
42119   0.596500
42120   0.595800
42121   0.596300
42122   0.596600
42123   0.596900
42124   0.596900
42125   0.597300
42126   0.596600
42127   0.595100
42128   0.594700
42129   0.596300
42130   0.595600
42131   0.595600
42132   0.596400
42133   0.596100
42134   0.596400
42135   0.597400
42136   0.597600
42137   0.597300
42138   0.597700
42139   0.597100
42140   0.597500
42141   0.597100
42142   0.597000
42143   0.597500
42144   0.597600
42145   0.598500
42146   0.598200
42147   0.598000
42148   0.599100
42149   0.599500
42150   0.599900
42151   0.600600
42152   0.600000
42153   0.600100
42154   0.600300
42155   0.600800
42156   0.600400
42157   0.601000
42158   0.602000
42159   0.602000
42160   0.601600
42161   0.601500
42162   0.601700
42163   0.601600
42164   0.600900
42165   0.600300
42166   0.600500
42167   0.600500
42168   0.600500
42169   0.600500
42170   0.600800
42171   0.600800
42172   0.600900
42173   0.600400
42174   0.600900
42175   0.600800
42176   0.601400
42177   0.601400
42178   0.600500
42179   0.600800
42180   0.600500
42181   0.601000
42182   0.601300
42183   0.601100
42184   0.601600
42185   0.602300
42186   0.601800
42187   0.601200
42188   0.601000
42189   0.601700
42190   0.602200
42191   0.601700
42192   0.602000
42193   0.601600
42194   0.600800
42195   0.600200
42196   0.599000
42197   0.598700
42198   0.598300
42199   0.599000
42200   0.599200
42201   0.599100
42202   0.599800
42203   0.599500
42204   0.598700
42205   0.598900
42206   0.599300
42207   0.599500
42208   0.598600
42209   0.598600
42210   0.598200
42211   0.597300
42212   0.598000
42213   0.597400
42214   0.597000
42215   0.596200
42216   0.596600
42217   0.596300
42218   0.597400
42219   0.598900
42220   0.598900
42221   0.600300
42222   0.599900
42223   0.599600
42224   0.599600
42225   0.600700
42226   0.600400
42227   0.599700
42228   0.600500
42229   0.600500
42230   0.601500
42231   0.601400
42232   0.602500
42233   0.603400
42234   0.603700
42235   0.602900
42236   0.603400
42237   0.604100
42238   0.604900
42239   0.604200
42240   0.604300
42241   0.604600
42242   0.605300
42243   0.605500
42244   0.606100
42245   0.606300
42246   0.605800
42247   0.605600
42248   0.605200
42249   0.604900
42250   0.605000
42251   0.604800
42252   0.604700
42253   0.604200
42254   0.605700
42255   0.606300
42256   0.606000
42257   0.606100
42258   0.606300
42259   0.605700
42260   0.605800
42261   0.605400
42262   0.605900
42263   0.606500
42264   0.605400
42265   0.605400
42266   0.605500
42267   0.605700
42268   0.605500
42269   0.604200
42270   0.604400
42271   0.604400
42272   0.605400
42273   0.605000
42274   0.605000
42275   0.605000
42276   0.604500
42277   0.604500
42278   0.604200
42279   0.602700
42280   0.602900
42281   0.603000
42282   0.602200
42283   0.602000
42284   0.601900
42285   0.601500
42286   0.602200
42287   0.602100
42288   0.601900
42289   0.602400
42290   0.602400
42291   0.602200
42292   0.601900
42293   0.602000
42294   0.602800
42295   0.603400
42296   0.603100
42297   0.603200
42298   0.603800
42299   0.603600
42300   0.603200
42301   0.603600
42302   0.603500
42303   0.604400
42304   0.604000
42305   0.603100
42306   0.603300
42307   0.604200
42308   0.604100
42309   0.603000
42310   0.602600
42311   0.601600
42312   0.601900
42313   0.602700
42314   0.602200
42315   0.602700
42316   0.601900
42317   0.602000
42318   0.601200
42319   0.601500
42320   0.601000
42321   0.600900
42322   0.601000
42323   0.601200
42324   0.601500
42325   0.602000
42326   0.602700
42327   0.603700
42328   0.603900
42329   0.604100
42330   0.603000
42331   0.603200
42332   0.604100
42333   0.604100
42334   0.604600
42335   0.603900
42336   0.603000
42337   0.601500
42338   0.601900
42339   0.602000
42340   0.601900
42341   0.601800
42342   0.603300
42343   0.602500
42344   0.602300
42345   0.602600
42346   0.602500
42347   0.602100
42348   0.602900
42349   0.603800
42350   0.603000
42351   0.603400
42352   0.603800
42353   0.603600
42354   0.603900
42355   0.604000
42356   0.604500
42357   0.605400
42358   0.605700
42359   0.606200
42360   0.605900
42361   0.605700
42362   0.605100
42363   0.604800
42364   0.605100
42365   0.605000
42366   0.605900
42367   0.606300
42368   0.606700
42369   0.607100
42370   0.606500
42371   0.607600
42372   0.608700
42373   0.609600
42374   0.610300
42375   0.610400
42376   0.609700
42377   0.609700
42378   0.609200
42379   0.608900
42380   0.607400
42381   0.607300
42382   0.606500
42383   0.605400
42384   0.604900
42385   0.604200
42386   0.604800
42387   0.605100
42388   0.604400
42389   0.604700
42390   0.605000
42391   0.605000
42392   0.605300
42393   0.606200
42394   0.605900
42395   0.605500
42396   0.605500
42397   0.605600
42398   0.606200
42399   0.605100
42400   0.605200
42401   0.605100
42402   0.605600
42403   0.605400
42404   0.604700
42405   0.603800
42406   0.603900
42407   0.602900
42408   0.603400
42409   0.602700
42410   0.604100
42411   0.604500
42412   0.604500
42413   0.604500
42414   0.603400
42415   0.603500
42416   0.602300
42417   0.602500
42418   0.602500
42419   0.602300
42420   0.602000
42421   0.601300
42422   0.601400
42423   0.602300
42424   0.602800
42425   0.602700
42426   0.602300
42427   0.602300
42428   0.603200
42429   0.603200
42430   0.602600
42431   0.603600
42432   0.603700
42433   0.603800
42434   0.603500
42435   0.602400
42436   0.602500
42437   0.601900
42438   0.601400
42439   0.601100
42440   0.601200
42441   0.600400
42442   0.601500
42443   0.601500
42444   0.601100
42445   0.599500
42446   0.598700
42447   0.598400
42448   0.598700
42449   0.598100
42450   0.598300
42451   0.597900
42452   0.596700
42453   0.597300
42454   0.597400
42455   0.597100
42456   0.596700
42457   0.596900
42458   0.596500
42459   0.596000
42460   0.596400
42461   0.596400
42462   0.597400
42463   0.597100
42464   0.597500
42465   0.597600
42466   0.596800
42467   0.596900
42468   0.597100
42469   0.596300
42470   0.596500
42471   0.595800
42472   0.594500
42473   0.594900
42474   0.595300
42475   0.595400
42476   0.594400
42477   0.594500
42478   0.594700
42479   0.595200
42480   0.595600
42481   0.596300
42482   0.595200
42483   0.595400
42484   0.594500
42485   0.594800
42486   0.594700
42487   0.596300
42488   0.596100
42489   0.596200
42490   0.596100
42491   0.596900
42492   0.597900
42493   0.598600
42494   0.598400
42495   0.599000
42496   0.599600
42497   0.600300
42498   0.599100
42499   0.598800
42500   0.599500
42501   0.599000
42502   0.599300
42503   0.599200
42504   0.598900
42505   0.599500
42506   0.599300
42507   0.600300
42508   0.599800
42509   0.600100
42510   0.599100
42511   0.598200
42512   0.598200
42513   0.598200
42514   0.598100
42515   0.597800
42516   0.597400
42517   0.597000
42518   0.596400
42519   0.596600
42520   0.596600
42521   0.596600
42522   0.597300
42523   0.596900
42524   0.596400
42525   0.595900
42526   0.595800
42527   0.596200
42528   0.596200
42529   0.596400
42530   0.595500
42531   0.595500
42532   0.595700
42533   0.595800
42534   0.595600
42535   0.594900
42536   0.595100
42537   0.594800
42538   0.594400
42539   0.594500
42540   0.595000
42541   0.595400
42542   0.595300
42543   0.594300
42544   0.594700
42545   0.594000
42546   0.594300
42547   0.595400
42548   0.594600
42549   0.594500
42550   0.593300
42551   0.593100
42552   0.592500
42553   0.591700
42554   0.591600
42555   0.592300
42556   0.593100
42557   0.593400
42558   0.593500
42559   0.593400
42560   0.592100
42561   0.592500
42562   0.592900
42563   0.593900
42564   0.593600
42565   0.593900
42566   0.594000
42567   0.594900
42568   0.593800
42569   0.594600
42570   0.593700
42571   0.592500
42572   0.592400
42573   0.593000
42574   0.593200
42575   0.593000
42576   0.593700
42577   0.593600
42578   0.593200
42579   0.593300
42580   0.592600
42581   0.591700
42582   0.592200
42583   0.591000
42584   0.590600
42585   0.591500
42586   0.590800
42587   0.591000
42588   0.591000
42589   0.590900
42590   0.590100
42591   0.591000
42592   0.591000
42593   0.590500
42594   0.590500
42595   0.591500
42596   0.590800
42597   0.590000
42598   0.591000
42599   0.590900
42600   0.590500
42601   0.590500
42602   0.591300
42603   0.590700
42604   0.590100
42605   0.589500
42606   0.590400
42607   0.590500
42608   0.590500
42609   0.590000
42610   0.590500
42611   0.590500
42612   0.589400
42613   0.588500
42614   0.587800
42615   0.588200
42616   0.588200
42617   0.588300
42618   0.587100
42619   0.586700
42620   0.586000
42621   0.585800
42622   0.586500
42623   0.586100
42624   0.586500
42625   0.587500
42626   0.587800
42627   0.587700
42628   0.587100
42629   0.587400
42630   0.587000
42631   0.587100
42632   0.586500
42633   0.586400
42634   0.586500
42635   0.586400
42636   0.585900
42637   0.585800
42638   0.586400
42639   0.586300
42640   0.586100
42641   0.585700
42642   0.586600
42643   0.586700
42644   0.587600
42645   0.587900
42646   0.587600
42647   0.588400
42648   0.587300
42649   0.588600
42650   0.588800
42651   0.589100
42652   0.589500
42653   0.590700
42654   0.591600
42655   0.591300
42656   0.590500
42657   0.591700
42658   0.592300
42659   0.592500
42660   0.592800
42661   0.592400
42662   0.592700
42663   0.592500
42664   0.592700
42665   0.592600
42666   0.592500
42667   0.592900
42668   0.591800
42669   0.591600
42670   0.591000
42671   0.591400
42672   0.590100
42673   0.589700
42674   0.590000
42675   0.590400
42676   0.590600
42677   0.590400
42678   0.589600
42679   0.589400
42680   0.589800
42681   0.589800
42682   0.589900
42683   0.589400
42684   0.589500
42685   0.589100
42686   0.589300
42687   0.588400
42688   0.587600
42689   0.587900
42690   0.589000
42691   0.588400
42692   0.588000
42693   0.588100
42694   0.588400
42695   0.588600
42696   0.589300
42697   0.589300
42698   0.590100
42699   0.590500
42700   0.589700
42701   0.590200
42702   0.590100
42703   0.590500
42704   0.591400
42705   0.591400
42706   0.591500
42707   0.591200
42708   0.591800
42709   0.591100
42710   0.592200
42711   0.592400
42712   0.592000
42713   0.591500
42714   0.591600
42715   0.591800
42716   0.591400
42717   0.591100
42718   0.590200
42719   0.589800
42720   0.590300
42721   0.588600
42722   0.588800
42723   0.588900
42724   0.588900
42725   0.589600
42726   0.589200
42727   0.589900
42728   0.589100
42729   0.589400
42730   0.589400
42731   0.589300
42732   0.589900
42733   0.590100
42734   0.591100
42735   0.591100
42736   0.589700
42737   0.589100
42738   0.589100
42739   0.588700
42740   0.589500
42741   0.589600
42742   0.589700
42743   0.589500
42744   0.589800
42745   0.589700
42746   0.588900
42747   0.589400
42748   0.589400
42749   0.589900
42750   0.590300
42751   0.590200
42752   0.589700
42753   0.588900
42754   0.588800
42755   0.588300
42756   0.588300
42757   0.588400
42758   0.587600
42759   0.587400
42760   0.588100
42761   0.589300
42762   0.589600
42763   0.588400
42764   0.589200
42765   0.588400
42766   0.588100
42767   0.587900
42768   0.587600
42769   0.587200
42770   0.587800
42771   0.587400
42772   0.587900
42773   0.588000
42774   0.587500
42775   0.587600
42776   0.588500
42777   0.588900
42778   0.588600
42779   0.589100
42780   0.589500
42781   0.588900
42782   0.589100
42783   0.589900
42784   0.589700
42785   0.589000
42786   0.587900
42787   0.587800
42788   0.588300
42789   0.588400
42790   0.588200
42791   0.587600
42792   0.587100
42793   0.585500
42794   0.585400
42795   0.584700
42796   0.584500
42797   0.584300
42798   0.583800
42799   0.583900
42800   0.583600
42801   0.584000
42802   0.583500
42803   0.584200
42804   0.584900
42805   0.584400
42806   0.584900
42807   0.584800
42808   0.585500
42809   0.586500
42810   0.586000
42811   0.585700
42812   0.586200
42813   0.586200
42814   0.585900
42815   0.586300
42816   0.585700
42817   0.586000
42818   0.585800
42819   0.585500
42820   0.585200
42821   0.585900
42822   0.585300
42823   0.584400
42824   0.584100
42825   0.584000
42826   0.583900
42827   0.584600
42828   0.584800
42829   0.584000
42830   0.584400
42831   0.584800
42832   0.585000
42833   0.584700
42834   0.585200
42835   0.584700
42836   0.584100
42837   0.584800
42838   0.585100
42839   0.584700
42840   0.585400
42841   0.584700
42842   0.585600
42843   0.586200
42844   0.586400
42845   0.587500
42846   0.587400
42847   0.587200
42848   0.587400
42849   0.587300
42850   0.586400
42851   0.586400
42852   0.586600
42853   0.585900
42854   0.586300
42855   0.586800
42856   0.586400
42857   0.586300
42858   0.586600
42859   0.587100
42860   0.587100
42861   0.587800
42862   0.588300
42863   0.588300
42864   0.587900
42865   0.589500
42866   0.589500
42867   0.590300
42868   0.590800
42869   0.591500
42870   0.591000
42871   0.590400
42872   0.590300
42873   0.590400
42874   0.590400
42875   0.590200
42876   0.589500
42877   0.589200
42878   0.589300
42879   0.590400
42880   0.590800
42881   0.591800
42882   0.592900
42883   0.593800
42884   0.593200
42885   0.592200
42886   0.591800
42887   0.591700
42888   0.592500
42889   0.592900
42890   0.593200
42891   0.592400
42892   0.593600
42893   0.592800
42894   0.593500
42895   0.594400
42896   0.595500
42897   0.595200
42898   0.595400
42899   0.595300
42900   0.594800
42901   0.594700
42902   0.595000
42903   0.593500
42904   0.593700
42905   0.593700
42906   0.594000
42907   0.594500
42908   0.594200
42909   0.595700
42910   0.595800
42911   0.596400
42912   0.596300
42913   0.596600
42914   0.596500
42915   0.596200
42916   0.596500
42917   0.597300
42918   0.597000
42919   0.598200
42920   0.596700
42921   0.596100
42922   0.596300
42923   0.596400
42924   0.595800
42925   0.595800
42926   0.595600
42927   0.595400
42928   0.596500
42929   0.596200
42930   0.597400
42931   0.597400
42932   0.597600
42933   0.598100
42934   0.598000
42935   0.598100
42936   0.598400
42937   0.598100
42938   0.597900
42939   0.597300
42940   0.596900
42941   0.597400
42942   0.596600
42943   0.596600
42944   0.596500
42945   0.596400
42946   0.596600
42947   0.596500
42948   0.596200
42949   0.595300
42950   0.595900
42951   0.595900
42952   0.596600
42953   0.597000
42954   0.596400
42955   0.596200
42956   0.596400
42957   0.597800
42958   0.597500
42959   0.598300
42960   0.597700
42961   0.597900
42962   0.598000
42963   0.598500
42964   0.597200
42965   0.597200
42966   0.597800
42967   0.597900
42968   0.597100
42969   0.598400
42970   0.598700
42971   0.597800
42972   0.597200
42973   0.597200
42974   0.596000
42975   0.595200
42976   0.594600
42977   0.594700
42978   0.595200
42979   0.594200
42980   0.594800
42981   0.594800
42982   0.594600
42983   0.594800
42984   0.594200
42985   0.594100
42986   0.594200
42987   0.595000
42988   0.594300
42989   0.594200
42990   0.593900
42991   0.594700
42992   0.594600
42993   0.593300
42994   0.592900
42995   0.593500
42996   0.593800
42997   0.593600
42998   0.594300
42999   0.593800
43000   0.593100
43001   0.593800
43002   0.594000
43003   0.592900
43004   0.593300
43005   0.592700
43006   0.592600
43007   0.592800
43008   0.593300
43009   0.593200
43010   0.592900
43011   0.593300
43012   0.593700
43013   0.595100
43014   0.594000
43015   0.592700
43016   0.593700
43017   0.593200
43018   0.592800
43019   0.594100
43020   0.593000
43021   0.592900
43022   0.593000
43023   0.593200
43024   0.592300
43025   0.593000
43026   0.593000
43027   0.592800
43028   0.593600
43029   0.592900
43030   0.591500
43031   0.592000
43032   0.591800
43033   0.591200
43034   0.591700
43035   0.591200
43036   0.591300
43037   0.591000
43038   0.591500
43039   0.590700
43040   0.590500
43041   0.590000
43042   0.590000
43043   0.590000
43044   0.590500
43045   0.590400
43046   0.590600
43047   0.590800
43048   0.591100
43049   0.589300
43050   0.589500
43051   0.589800
43052   0.589400
43053   0.589200
43054   0.589100
43055   0.589700
43056   0.590200
43057   0.590000
43058   0.589500
43059   0.588800
43060   0.588200
43061   0.587900
43062   0.588100
43063   0.588400
43064   0.588400
43065   0.589300
43066   0.589900
43067   0.589700
43068   0.590400
43069   0.590900
43070   0.590600
43071   0.590600
43072   0.590800
43073   0.591200
43074   0.591000
43075   0.590600
43076   0.590300
43077   0.589100
43078   0.588800
43079   0.588800
43080   0.589700
43081   0.589600
43082   0.589700
43083   0.589400
43084   0.589500
43085   0.589500
43086   0.590600
43087   0.590600
43088   0.589900
43089   0.590100
43090   0.590100
43091   0.590400
43092   0.592000
43093   0.592200
43094   0.593500
43095   0.593500
43096   0.594000
43097   0.593900
43098   0.593900
43099   0.594800
43100   0.594700
43101   0.594100
43102   0.593400
43103   0.593800
43104   0.593800
43105   0.593300
43106   0.593800
43107   0.593500
43108   0.594400
43109   0.594600
43110   0.594200
43111   0.595000
43112   0.595100
43113   0.594300
43114   0.595500
43115   0.596100
43116   0.596400
43117   0.596500
43118   0.596400
43119   0.596400
43120   0.597200
43121   0.596600
43122   0.596500
43123   0.596500
43124   0.596400
43125   0.596300
43126   0.595900
43127   0.595600
43128   0.595500
43129   0.595000
43130   0.594400
43131   0.594600
43132   0.594300
43133   0.594100
43134   0.593900
43135   0.594600
43136   0.594400
43137   0.594600
43138   0.594500
43139   0.593500
43140   0.593100
43141   0.592700
43142   0.593800
43143   0.593800
43144   0.594400
43145   0.594500
43146   0.594300
43147   0.594400
43148   0.594800
43149   0.594600
43150   0.594200
43151   0.593500
43152   0.593200
43153   0.592900
43154   0.591700
43155   0.591900
43156   0.592100
43157   0.591900
43158   0.591800
43159   0.592100
43160   0.592900
43161   0.592100
43162   0.593000
43163   0.592900
43164   0.592200
43165   0.592000
43166   0.593300
43167   0.593400
43168   0.592100
43169   0.591800
43170   0.591700
43171   0.591900
43172   0.592100
43173   0.592900
43174   0.592300
43175   0.591600
43176   0.591000
43177   0.591400
43178   0.592100
43179   0.592900
43180   0.592600
43181   0.592900
43182   0.592600
43183   0.592300
43184   0.592600
43185   0.591700
43186   0.591700
43187   0.591900
43188   0.592000
43189   0.591300
43190   0.592100
43191   0.591900
43192   0.592400
43193   0.592000
43194   0.592900
43195   0.592900
43196   0.594200
43197   0.594700
43198   0.594400
43199   0.594200
43200   0.594500
43201   0.595400
43202   0.595400
43203   0.596200
43204   0.596800
43205   0.596900
43206   0.596800
43207   0.596400
43208   0.596900
43209   0.596700
43210   0.596300
43211   0.597100
43212   0.597000
43213   0.597200
43214   0.597500
43215   0.597700
43216   0.596700
43217   0.597400
43218   0.598300
43219   0.598000
43220   0.597500
43221   0.597200
43222   0.597400
43223   0.597400
43224   0.597400
43225   0.597700
43226   0.597600
43227   0.597800
43228   0.597200
43229   0.598400
43230   0.598600
43231   0.598600
43232   0.597000
43233   0.597400
43234   0.597400
43235   0.597500
43236   0.597400
43237   0.598100
43238   0.598400
43239   0.598200
43240   0.598500
43241   0.598500
43242   0.598800
43243   0.599000
43244   0.598100
43245   0.597000
43246   0.597000
43247   0.597100
43248   0.597600
43249   0.598100
43250   0.597900
43251   0.597400
43252   0.596800
43253   0.595800
43254   0.596500
43255   0.596200
43256   0.596700
43257   0.597100
43258   0.598100
43259   0.599000
43260   0.599200
43261   0.598300
43262   0.598500
43263   0.598300
43264   0.598200
43265   0.598000
43266   0.598500
43267   0.598200
43268   0.598600
43269   0.597800
43270   0.597800
43271   0.596800
43272   0.596700
43273   0.596600
43274   0.596100
43275   0.596900
43276   0.595900
43277   0.595600
43278   0.596400
43279   0.596300
43280   0.596200
43281   0.596100
43282   0.596700
43283   0.596100
43284   0.596200
43285   0.595300
43286   0.596500
43287   0.595700
43288   0.595300
43289   0.594900
43290   0.595100
43291   0.596000
43292   0.597200
43293   0.597100
43294   0.596700
43295   0.596000
43296   0.595500
43297   0.595000
43298   0.594700
43299   0.595200
43300   0.595900
43301   0.595500
43302   0.594800
43303   0.595600
43304   0.596000
43305   0.595700
43306   0.595900
43307   0.596100
43308   0.596300
43309   0.596700
43310   0.595800
43311   0.596400
43312   0.596600
43313   0.597700
43314   0.597700
43315   0.598000
43316   0.598500
43317   0.598700
43318   0.599300
43319   0.599200
43320   0.599100
43321   0.598500
43322   0.597800
43323   0.599100
43324   0.599400
43325   0.599300
43326   0.599400
43327   0.599100
43328   0.599500
43329   0.599700
43330   0.598700
43331   0.599900
43332   0.599700
43333   0.599400
43334   0.599500
43335   0.600200
43336   0.600100
43337   0.599900
43338   0.600500
43339   0.599600
43340   0.599100
43341   0.598700
43342   0.597900
43343   0.597600
43344   0.597500
43345   0.597200
43346   0.597600
43347   0.597400
43348   0.597200
43349   0.597100
43350   0.597000
43351   0.597200
43352   0.597500
43353   0.597700
43354   0.597800
43355   0.598100
43356   0.598700
43357   0.599300
43358   0.598900
43359   0.598600
43360   0.597600
43361   0.597500
43362   0.596900
43363   0.597000
43364   0.598200
43365   0.598900
43366   0.599200
43367   0.599000
43368   0.599900
43369   0.600200
43370   0.600700
43371   0.601600
43372   0.601900
43373   0.602700
43374   0.602800
43375   0.602200
43376   0.602900
43377   0.602700
43378   0.602700
43379   0.601800
43380   0.602000
43381   0.602300
43382   0.601500
43383   0.601900
43384   0.601900
43385   0.602300
43386   0.602300
43387   0.602300
43388   0.602500
43389   0.602400
43390   0.602100
43391   0.602200
43392   0.602600
43393   0.602600
43394   0.602700
43395   0.602400
43396   0.602800
43397   0.603200
43398   0.602700
43399   0.603200
43400   0.602700
43401   0.601500
43402   0.601400
43403   0.600100
43404   0.600800
43405   0.600500
43406   0.600300
43407   0.600400
43408   0.600600
43409   0.600900
43410   0.601600
43411   0.601500
43412   0.601000
43413   0.601500
43414   0.602600
43415   0.603400
43416   0.603800
43417   0.604200
43418   0.604700
43419   0.604700
43420   0.605200
43421   0.605100
43422   0.604800
43423   0.603800
43424   0.603900
43425   0.604800
43426   0.606400
43427   0.606400
43428   0.605800
43429   0.606400
43430   0.606200
43431   0.605500
43432   0.605300
43433   0.605200
43434   0.606700
43435   0.607100
43436   0.607500
43437   0.607600
43438   0.607300
43439   0.606800
43440   0.607600
43441   0.607400
43442   0.607800
43443   0.607400
43444   0.607000
43445   0.607000
43446   0.607800
43447   0.608300
43448   0.607600
43449   0.607400
43450   0.607200
43451   0.607000
43452   0.608200
43453   0.608800
43454   0.607700
43455   0.607700
43456   0.607700
43457   0.608000
43458   0.608300
43459   0.608700
43460   0.609200
43461   0.610200
43462   0.609200
43463   0.608500
43464   0.608400
43465   0.608100
43466   0.608600
43467   0.608500
43468   0.610000
43469   0.609900
43470   0.611100
43471   0.610600
43472   0.610700
43473   0.610400
43474   0.609700
43475   0.608800
43476   0.608500
43477   0.608800
43478   0.608400
43479   0.607300
43480   0.606900
43481   0.607300
43482   0.608100
43483   0.606700
43484   0.605500
43485   0.604800
43486   0.606100
43487   0.605900
43488   0.606300
43489   0.606400
43490   0.607300
43491   0.607500
43492   0.607700
43493   0.607900
43494   0.608200
43495   0.607800
43496   0.608100
43497   0.607700
43498   0.608000
43499   0.607800
43500   0.606700
43501   0.606600
43502   0.607600
43503   0.607900
43504   0.607700
43505   0.607300
43506   0.607100
43507   0.607600
43508   0.608800
43509   0.609900
43510   0.611000
43511   0.612000
43512   0.612700
43513   0.612300
43514   0.611500
43515   0.612100
43516   0.612300
43517   0.612500
43518   0.613900
43519   0.613300
43520   0.611700
43521   0.612300
43522   0.611600
43523   0.611000
43524   0.610800
43525   0.610400
43526   0.610400
43527   0.609000
43528   0.608200
43529   0.608300
43530   0.608300
43531   0.608100
43532   0.607200
43533   0.606700
43534   0.607200
43535   0.607500
43536   0.607500
43537   0.607000
43538   0.605400
43539   0.605300
43540   0.604700
43541   0.605200
43542   0.605000
43543   0.605100
43544   0.605000
43545   0.604400
43546   0.604600
43547   0.603500
43548   0.603600
43549   0.602700
43550   0.602000
43551   0.603000
43552   0.602000
43553   0.601400
43554   0.601800
43555   0.602000
43556   0.602000
43557   0.602300
43558   0.602000
43559   0.602500
43560   0.602500
43561   0.603000
43562   0.602500
43563   0.603500
43564   0.602900
43565   0.603800
43566   0.604800
43567   0.604100
43568   0.603900
43569   0.604500
43570   0.604600
43571   0.605100
43572   0.604800
43573   0.606300
43574   0.605700
43575   0.605600
43576   0.605000
43577   0.605400
43578   0.605600
43579   0.606300
43580   0.606100
43581   0.605800
43582   0.605200
43583   0.606000
43584   0.605500
43585   0.604800
43586   0.604800
43587   0.604300
43588   0.605200
43589   0.605100
43590   0.604500
43591   0.604000
43592   0.604100
43593   0.604300
43594   0.604400
43595   0.604800
43596   0.604500
43597   0.603700
43598   0.602800
43599   0.603600
43600   0.603300
43601   0.604400
43602   0.604100
43603   0.604200
43604   0.604100
43605   0.603200
43606   0.603000
43607   0.602600
43608   0.602600
43609   0.603000
43610   0.603800
43611   0.604600
43612   0.604500
43613   0.606400
43614   0.606700
43615   0.607100
43616   0.606900
43617   0.606800
43618   0.607200
43619   0.607400
43620   0.607200
43621   0.606500
43622   0.606100
43623   0.606700
43624   0.606900
43625   0.606900
43626   0.607300
43627   0.607200
43628   0.606700
43629   0.606500
43630   0.606900
43631   0.606400
43632   0.606300
43633   0.606400
43634   0.606500
43635   0.606500
43636   0.605800
43637   0.605300
43638   0.605900
43639   0.606100
43640   0.606300
43641   0.606500
43642   0.606300
43643   0.606500
43644   0.605600
43645   0.605600
43646   0.605500
43647   0.605400
43648   0.606300
43649   0.606500
43650   0.606500
43651   0.605600
43652   0.605900
43653   0.605900
43654   0.605400
43655   0.606100
43656   0.607000
43657   0.606600
43658   0.606800
43659   0.606300
43660   0.605300
43661   0.605800
43662   0.607200
43663   0.609300
43664   0.608900
43665   0.608500
43666   0.608500
43667   0.609400
43668   0.609600
43669   0.608900
43670   0.609100
43671   0.609800
43672   0.608800
43673   0.609000
43674   0.609500
43675   0.609500
43676   0.608400
43677   0.608400
43678   0.609100
43679   0.609800
43680   0.609500
43681   0.609400
43682   0.610300
43683   0.609400
43684   0.609600
43685   0.610000
43686   0.609700
43687   0.610700
43688   0.610600
43689   0.610500
43690   0.609700
43691   0.610100
43692   0.611600
43693   0.612700
43694   0.613200
43695   0.613400
43696   0.612900
43697   0.612600
43698   0.613100
43699   0.613400
43700   0.614200
43701   0.613900
43702   0.614800
43703   0.615900
43704   0.616300
43705   0.616300
43706   0.616500
43707   0.615700
43708   0.615200
43709   0.614900
43710   0.614600
43711   0.614200
43712   0.614500
43713   0.615000
43714   0.615400
43715   0.614600
43716   0.614800
43717   0.614700
43718   0.614900
43719   0.615200
43720   0.613800
43721   0.613100
43722   0.611900
43723   0.612500
43724   0.612400
43725   0.612300
43726   0.611800
43727   0.611700
43728   0.611700
43729   0.612400
43730   0.611800
43731   0.610800
43732   0.610000
43733   0.610000
43734   0.610100
43735   0.610200
43736   0.610200
43737   0.610300
43738   0.609700
43739   0.609600
43740   0.609700
43741   0.609800
43742   0.610600
43743   0.610200
43744   0.610200
43745   0.610100
43746   0.610100
43747   0.611000
43748   0.611500
43749   0.610000
43750   0.610200
43751   0.610200
43752   0.610000
43753   0.609600
43754   0.609400
43755   0.610400
43756   0.611100
43757   0.612400
43758   0.612600
43759   0.612200
43760   0.611700
43761   0.610500
43762   0.610400
43763   0.611900
43764   0.612200
43765   0.612200
43766   0.612800
43767   0.611800
43768   0.611500
43769   0.612100
43770   0.612600
43771   0.611500
43772   0.612800
43773   0.613500
43774   0.613400
43775   0.613300
43776   0.613000
43777   0.613100
43778   0.613300
43779   0.613500
43780   0.613400
43781   0.614100
43782   0.614700
43783   0.613800
43784   0.614000
43785   0.613700
43786   0.614900
43787   0.614800
43788   0.615400
43789   0.614800
43790   0.615200
43791   0.614600
43792   0.615700
43793   0.614600
43794   0.615100
43795   0.615500
43796   0.614900
43797   0.615300
43798   0.615600
43799   0.615100
43800   0.615200
43801   0.615100
43802   0.615100
43803   0.614700
43804   0.615400
43805   0.615200
43806   0.615000
43807   0.614900
43808   0.615300
43809   0.614900
43810   0.614800
43811   0.614300
43812   0.614700
43813   0.615400
43814   0.614700
43815   0.615400
43816   0.615200
43817   0.614900
43818   0.615100
43819   0.615600
43820   0.615800
43821   0.615500
43822   0.615200
43823   0.616000
43824   0.615900
43825   0.615900
43826   0.616300
43827   0.616300
43828   0.617000
43829   0.617600
43830   0.616200
43831   0.616900
43832   0.617600
43833   0.616900
43834   0.615900
43835   0.616000
43836   0.616100
43837   0.617000
43838   0.616200
43839   0.616600
43840   0.616700
43841   0.616300
43842   0.616500
43843   0.615900
43844   0.614700
43845   0.615300
43846   0.615800
43847   0.615700
43848   0.614900
43849   0.613700
43850   0.614700
43851   0.614900
43852   0.614900
43853   0.615000
43854   0.614100
43855   0.612500
43856   0.612400
43857   0.612100
43858   0.612200
43859   0.611800
43860   0.612800
43861   0.613300
43862   0.612200
43863   0.613100
43864   0.613200
43865   0.614100
43866   0.613900
43867   0.614400
43868   0.614800
43869   0.613800
43870   0.613500
43871   0.613600
43872   0.613200
43873   0.614400
43874   0.615300
43875   0.614800
43876   0.615900
43877   0.615800
43878   0.616000
43879   0.616800
43880   0.616700
43881   0.617100
43882   0.617400
43883   0.618400
43884   0.618500
43885   0.618200
43886   0.618300
43887   0.617200
43888   0.617500
43889   0.618200
43890   0.618500
43891   0.617700
43892   0.618000
43893   0.617700
43894   0.618700
43895   0.618400
43896   0.619100
43897   0.620000
43898   0.621200
43899   0.620900
43900   0.620300
43901   0.619700
43902   0.619100
43903   0.619000
43904   0.618900
43905   0.619900
43906   0.619800
43907   0.618800
43908   0.618600
43909   0.619800
43910   0.620200
43911   0.619200
43912   0.618800
43913   0.618500
43914   0.617700
43915   0.618200
43916   0.618600
43917   0.618500
43918   0.619900
43919   0.619900
43920   0.619800
43921   0.620300
43922   0.619800
43923   0.619400
43924   0.619800
43925   0.621000
43926   0.621900
43927   0.621500
43928   0.622200
43929   0.621800
43930   0.622700
43931   0.621900
43932   0.621600
43933   0.621600
43934   0.620100
43935   0.619100
43936   0.618100
43937   0.618200
43938   0.619100
43939   0.618800
43940   0.619200
43941   0.619200
43942   0.619000
43943   0.618500
43944   0.618400
43945   0.618200
43946   0.618300
43947   0.618500
43948   0.618400
43949   0.617500
43950   0.617400
43951   0.616500
43952   0.616000
43953   0.616200
43954   0.616500
43955   0.615900
43956   0.616000
43957   0.616600
43958   0.616600
43959   0.617800
43960   0.618700
43961   0.619100
43962   0.619800
43963   0.619200
43964   0.618700
43965   0.619400
43966   0.618700
43967   0.619100
43968   0.619700
43969   0.618800
43970   0.618700
43971   0.619300
43972   0.619000
43973   0.619400
43974   0.619400
43975   0.620400
43976   0.621200
43977   0.621900
43978   0.623000
43979   0.623100
43980   0.623900
43981   0.624800
43982   0.625300
43983   0.625300
43984   0.624700
43985   0.624500
43986   0.624000
43987   0.624000
43988   0.625200
43989   0.625000
43990   0.625500
43991   0.625200
43992   0.624500
43993   0.624500
43994   0.624400
43995   0.624600
43996   0.625600
43997   0.625300
43998   0.625200
43999   0.624900
44000   0.624100
44001   0.623800
44002   0.622800
44003   0.622800
44004   0.621700
44005   0.621100
44006   0.620200
44007   0.620500
44008   0.621200
44009   0.620300
44010   0.620100
44011   0.620500
44012   0.620800
44013   0.620500
44014   0.620000
44015   0.619800
44016   0.620100
44017   0.620200
44018   0.619800
44019   0.619900
44020   0.619600
44021   0.619400
44022   0.618600
44023   0.618800
44024   0.619300
44025   0.618800
44026   0.618900
44027   0.619100
44028   0.618400
44029   0.617600
44030   0.616100
44031   0.615700
44032   0.616200
44033   0.616000
44034   0.616200
44035   0.616400
44036   0.617000
44037   0.616400
44038   0.616300
44039   0.617300
44040   0.616500
44041   0.617200
44042   0.617500
44043   0.617400
44044   0.617600
44045   0.616300
44046   0.616600
44047   0.616000
44048   0.616800
44049   0.616600
44050   0.616700
44051   0.616600
44052   0.616500
44053   0.616000
44054   0.616100
44055   0.616300
44056   0.615900
44057   0.615700
44058   0.616100
44059   0.615600
44060   0.616300
44061   0.616400
44062   0.615700
44063   0.615900
44064   0.615700
44065   0.617000
44066   0.617000
44067   0.616400
44068   0.616500
44069   0.616200
44070   0.615100
44071   0.615100
44072   0.615500
44073   0.615200
44074   0.615200
44075   0.615800
44076   0.615800
44077   0.615900
44078   0.616800
44079   0.617200
44080   0.617600
44081   0.617600
44082   0.618100
44083   0.618100
44084   0.618600
44085   0.617800
44086   0.618000
44087   0.619000
44088   0.618100
44089   0.618200
44090   0.617600
44091   0.616800
44092   0.616700
44093   0.617400
44094   0.617700
44095   0.616300
44096   0.616500
44097   0.616900
44098   0.617400
44099   0.616700
44100   0.617300
44101   0.616700
44102   0.617500
44103   0.616400
44104   0.616300
44105   0.615900
44106   0.616300
44107   0.616400
44108   0.616100
44109   0.615500
44110   0.615400
44111   0.615200
44112   0.615600
44113   0.616500
44114   0.615900
44115   0.615300
44116   0.613900
44117   0.613700
44118   0.613600
44119   0.613600
44120   0.613800
44121   0.615600
44122   0.614000
44123   0.614100
44124   0.614600
44125   0.614000
44126   0.613500
44127   0.613400
44128   0.612500
44129   0.612200
44130   0.612900
44131   0.613600
44132   0.612900
44133   0.613000
44134   0.613700
44135   0.614400
44136   0.614700
44137   0.615000
44138   0.614800
44139   0.613400
44140   0.613800
44141   0.613900
44142   0.613700
44143   0.614000
44144   0.614300
44145   0.613600
44146   0.613400
44147   0.613400
44148   0.613900
44149   0.613600
44150   0.613100
44151   0.613300
44152   0.613400
44153   0.613800
44154   0.613800
44155   0.613900
44156   0.615100
44157   0.616100
44158   0.616400
44159   0.616000
44160   0.617200
44161   0.617200
44162   0.617600
44163   0.616700
44164   0.616200
44165   0.616400
44166   0.617000
44167   0.618200
44168   0.617400
44169   0.617500
44170   0.618200
44171   0.618000
44172   0.617800
44173   0.618000
44174   0.619100
44175   0.618800
44176   0.618600
44177   0.618700
44178   0.619200
44179   0.619000
44180   0.618200
44181   0.618300
44182   0.618500
44183   0.617700
44184   0.618600
44185   0.618600
44186   0.618700
44187   0.618500
44188   0.617600
44189   0.617100
44190   0.617300
44191   0.617500
44192   0.617000
44193   0.616600
44194   0.616600
44195   0.616100
44196   0.617000
44197   0.616600
44198   0.616900
44199   0.616900
44200   0.617200
44201   0.617600
44202   0.617200
44203   0.617700
44204   0.617500
44205   0.617000
44206   0.616400
44207   0.616600
44208   0.615800
44209   0.617300
44210   0.617200
44211   0.617100
44212   0.617400
44213   0.617700
44214   0.618000
44215   0.616400
44216   0.615300
44217   0.615900
44218   0.617000
44219   0.616700
44220   0.615700
44221   0.615600
44222   0.615600
44223   0.615900
44224   0.616100
44225   0.614900
44226   0.614800
44227   0.614000
44228   0.613800
44229   0.613900
44230   0.613200
44231   0.612100
44232   0.612300
44233   0.612100
44234   0.611900
44235   0.611700
44236   0.612100
44237   0.612600
44238   0.612200
44239   0.612100
44240   0.611100
44241   0.610600
44242   0.611100
44243   0.611000
44244   0.611000
44245   0.611800
44246   0.611800
44247   0.611100
44248   0.610600
44249   0.611000
44250   0.610300
44251   0.609500
44252   0.610800
44253   0.610700
44254   0.610900
44255   0.611200
44256   0.610200
44257   0.610100
44258   0.610000
44259   0.609600
44260   0.610000
44261   0.610200
44262   0.609400
44263   0.609800
44264   0.610700
44265   0.611300
44266   0.611400
44267   0.611200
44268   0.611600
44269   0.611600
44270   0.611400
44271   0.611700
44272   0.611700
44273   0.611000
44274   0.610500
44275   0.610900
44276   0.611500
44277   0.612400
44278   0.610900
44279   0.611000
44280   0.611200
44281   0.611400
44282   0.612100
44283   0.613100
44284   0.613400
44285   0.613400
44286   0.611400
44287   0.610500
44288   0.611000
44289   0.610600
44290   0.611100
44291   0.612300
44292   0.611600
44293   0.611300
44294   0.610600
44295   0.610600
44296   0.611100
44297   0.611700
44298   0.612200
44299   0.612900
44300   0.613000
44301   0.612900
44302   0.612300
44303   0.612200
44304   0.612200
44305   0.612400
44306   0.612300
44307   0.612600
44308   0.613600
44309   0.612500
44310   0.613100
44311   0.612600
44312   0.612100
44313   0.610700
44314   0.610900
44315   0.611000
44316   0.610500
44317   0.610800
44318   0.611100
44319   0.611600
44320   0.611700
44321   0.611300
44322   0.611400
44323   0.611400
44324   0.612300
44325   0.612100
44326   0.611300
44327   0.611200
44328   0.611800
44329   0.611400
44330   0.610800
44331   0.610600
44332   0.611300
44333   0.610200
44334   0.609300
44335   0.609900
44336   0.609200
44337   0.609000
44338   0.607900
44339   0.608100
44340   0.607800
44341   0.608100
44342   0.608600
44343   0.608200
44344   0.608300
44345   0.608700
44346   0.608600
44347   0.608200
44348   0.609400
44349   0.608100
44350   0.608400
44351   0.608200
44352   0.608500
44353   0.608200
44354   0.608600
44355   0.609100
44356   0.608800
44357   0.609000
44358   0.608900
44359   0.609300
44360   0.610000
44361   0.610600
44362   0.610800
44363   0.610700
44364   0.610500
44365   0.610300
44366   0.611000
44367   0.611300
44368   0.611900
44369   0.611900
44370   0.612200
44371   0.612200
44372   0.612400
44373   0.612600
44374   0.613400
44375   0.613700
44376   0.612900
44377   0.612400
44378   0.612800
44379   0.612400
44380   0.612900
44381   0.613000
44382   0.612300
44383   0.612200
44384   0.611800
44385   0.611500
44386   0.610900
44387   0.611900
44388   0.612000
44389   0.613000
44390   0.613300
44391   0.612000
44392   0.613300
44393   0.614500
44394   0.614900
44395   0.614100
44396   0.615200
44397   0.614800
44398   0.613800
44399   0.614400
44400   0.613600
44401   0.612900
44402   0.612100
44403   0.612100
44404   0.612900
44405   0.613600
44406   0.614500
44407   0.614000
44408   0.614800
44409   0.615000
44410   0.616000
44411   0.616200
44412   0.616300
44413   0.616100
44414   0.616400
44415   0.616700
44416   0.617000
44417   0.616900
44418   0.615900
44419   0.616500
44420   0.615800
44421   0.615500
44422   0.616200
44423   0.617400
44424   0.618100
44425   0.618600
44426   0.618400
44427   0.619400
44428   0.618900
44429   0.618700
44430   0.618800
44431   0.618700
44432   0.617900
44433   0.617900
44434   0.618400
44435   0.618700
44436   0.619500
44437   0.620300
44438   0.619500
44439   0.619100
44440   0.618300
44441   0.618000
44442   0.617600
44443   0.618200
44444   0.619300
44445   0.618700
44446   0.620100
44447   0.621000
44448   0.620900
44449   0.621400
44450   0.621000
44451   0.621200
44452   0.621200
44453   0.621700
44454   0.621800
44455   0.621900
44456   0.621600
44457   0.622800
44458   0.622400
44459   0.622700
44460   0.622700
44461   0.623400
44462   0.623400
44463   0.623100
44464   0.622700
44465   0.623400
44466   0.623700
44467   0.623500
44468   0.623500
44469   0.623700
44470   0.624000
44471   0.624400
44472   0.624300
44473   0.624700
44474   0.624100
44475   0.623400
44476   0.623400
44477   0.623200
44478   0.623000
44479   0.623400
44480   0.624400
44481   0.625000
44482   0.624500
44483   0.624100
44484   0.624300
44485   0.624700
44486   0.624200
44487   0.625800
44488   0.625400
44489   0.625900
44490   0.625500
44491   0.625700
44492   0.625400
44493   0.625400
44494   0.625400
44495   0.625100
44496   0.625000
44497   0.625300
44498   0.625400
44499   0.625800
44500   0.625300
44501   0.624300
44502   0.624300
44503   0.625000
44504   0.625600
44505   0.625500
44506   0.625700
44507   0.625100
44508   0.624500
44509   0.625100
44510   0.624300
44511   0.623000
44512   0.622400
44513   0.623100
44514   0.624300
44515   0.624100
44516   0.624200
44517   0.623700
44518   0.623300
44519   0.623300
44520   0.624000
44521   0.623200
44522   0.623400
44523   0.623700
44524   0.623600
44525   0.623500
44526   0.623200
44527   0.623000
44528   0.622900
44529   0.622900
44530   0.623000
44531   0.623500
44532   0.623000
44533   0.623100
44534   0.623300
44535   0.622100
44536   0.621800
44537   0.622400
44538   0.623200
44539   0.622500
44540   0.623300
44541   0.623400
44542   0.623100
44543   0.623400
44544   0.623300
44545   0.622700
44546   0.624300
44547   0.623900
44548   0.624200
44549   0.623900
44550   0.623700
44551   0.623500
44552   0.622800
44553   0.621900
44554   0.623000
44555   0.623800
44556   0.623300
44557   0.623300
44558   0.623300
44559   0.623600
44560   0.623400
44561   0.624000
44562   0.623900
44563   0.622600
44564   0.623800
44565   0.623500
44566   0.623000
44567   0.623600
44568   0.624200
44569   0.624300
44570   0.625200
44571   0.625200
44572   0.625800
44573   0.627100
44574   0.626700
44575   0.626800
44576   0.626600
44577   0.626800
44578   0.626500
44579   0.626900
44580   0.626400
44581   0.627500
44582   0.626800
44583   0.626600
44584   0.627500
44585   0.627500
44586   0.628000
44587   0.626600
44588   0.626800
44589   0.626900
44590   0.626900
44591   0.627000
44592   0.627500
44593   0.627200
44594   0.626600
44595   0.627600
44596   0.627600
44597   0.627200
44598   0.626600
44599   0.626300
44600   0.626100
44601   0.627500
44602   0.628300
44603   0.628500
44604   0.629200
44605   0.629000
44606   0.629800
44607   0.629600
44608   0.630500
44609   0.630000
44610   0.629600
44611   0.630400
44612   0.630700
44613   0.630200
44614   0.631600
44615   0.631400
44616   0.631300
44617   0.631300
44618   0.631400
44619   0.632300
44620   0.632200
44621   0.632200
44622   0.632200
44623   0.632000
44624   0.632900
44625   0.633400
44626   0.633200
44627   0.633200
44628   0.633600
44629   0.633400
44630   0.633000
44631   0.633500
44632   0.633000
44633   0.633400
44634   0.634200
44635   0.634200
44636   0.634200
44637   0.633600
44638   0.634400
44639   0.635800
44640   0.635500
44641   0.634300
44642   0.635000
44643   0.634800
44644   0.634600
44645   0.635000
44646   0.634900
44647   0.634700
44648   0.634600
44649   0.634600
44650   0.635000
44651   0.635400
44652   0.635400
44653   0.635100
44654   0.636100
44655   0.636100
44656   0.636700
44657   0.635900
44658   0.635300
44659   0.635900
44660   0.635100
44661   0.634500
44662   0.634000
44663   0.634500
44664   0.635200
44665   0.634700
44666   0.634700
44667   0.635000
44668   0.635400
44669   0.634800
44670   0.636000
44671   0.635700
44672   0.636000
44673   0.635100
44674   0.634800
44675   0.635300
44676   0.635200
44677   0.635500
44678   0.636200
44679   0.635000
44680   0.634500
44681   0.634500
44682   0.634400
44683   0.634800
44684   0.635200
44685   0.635600
44686   0.635900
44687   0.635800
44688   0.634900
44689   0.634600
44690   0.634500
44691   0.634700
44692   0.635200
44693   0.635200
44694   0.635300
44695   0.636000
44696   0.635900
44697   0.636400
44698   0.636000
44699   0.635400
44700   0.635200
44701   0.634400
44702   0.635000
44703   0.635300
44704   0.634700
44705   0.634300
44706   0.633800
44707   0.633400
44708   0.634200
44709   0.634300
44710   0.634300
44711   0.633700
44712   0.632900
44713   0.633000
44714   0.632400
44715   0.632700
44716   0.631500
44717   0.630200
44718   0.630100
44719   0.630800
44720   0.631200
44721   0.631300
44722   0.632100
44723   0.632700
44724   0.633000
44725   0.633800
44726   0.633800
44727   0.633300
44728   0.632800
44729   0.632900
44730   0.632200
44731   0.632500
44732   0.632600
44733   0.633100
44734   0.634300
44735   0.634900
44736   0.634600
44737   0.634400
44738   0.634500
44739   0.635300
44740   0.636100
44741   0.637200
44742   0.636900
44743   0.637100
44744   0.637800
44745   0.637700
44746   0.637300
44747   0.636700
44748   0.636800
44749   0.635900
44750   0.636400
44751   0.636300
44752   0.635400
44753   0.634800
44754   0.635300
44755   0.635600
44756   0.635400
44757   0.635000
44758   0.635300
44759   0.634900
44760   0.635600
44761   0.635800
44762   0.635400
44763   0.636500
44764   0.637000
44765   0.637100
44766   0.637500
44767   0.637400
44768   0.637500
44769   0.637600
44770   0.638100
44771   0.637200
44772   0.637100
44773   0.637200
44774   0.638500
44775   0.639300
44776   0.640000
44777   0.640100
44778   0.641100
44779   0.641100
44780   0.641400
44781   0.642200
44782   0.643400
44783   0.642700
44784   0.641500
44785   0.642300
44786   0.642400
44787   0.642400
44788   0.642400
44789   0.642900
44790   0.643200
44791   0.642900
44792   0.643200
44793   0.642900
44794   0.642800
44795   0.643500
44796   0.644200
44797   0.644600
44798   0.644900
44799   0.645400
44800   0.646000
44801   0.646500
44802   0.647900
44803   0.648300
44804   0.648500
44805   0.647800
44806   0.647800
44807   0.647400
44808   0.647000
44809   0.647500
44810   0.647400
44811   0.648100
44812   0.648000
44813   0.648200
44814   0.649500
44815   0.649700
44816   0.649600
44817   0.650300
44818   0.649300
44819   0.649200
44820   0.649500
44821   0.649600
44822   0.649900
44823   0.649500
44824   0.649200
44825   0.648600
44826   0.648200
44827   0.648700
44828   0.648200
44829   0.648400
44830   0.647000
44831   0.647600
44832   0.647200
44833   0.647200
44834   0.648000
44835   0.646800
44836   0.646200
44837   0.646300
44838   0.647100
44839   0.647100
44840   0.647100
44841   0.646800
44842   0.646800
44843   0.646800
44844   0.646100
44845   0.646000
44846   0.645600
44847   0.646300
44848   0.645800
44849   0.645900
44850   0.646400
44851   0.645200
44852   0.645200
44853   0.646100
44854   0.644800
44855   0.644300
44856   0.643200
44857   0.642700
44858   0.642300
44859   0.643200
44860   0.642800
44861   0.643300
44862   0.642200
44863   0.642300
44864   0.641500
44865   0.642100
44866   0.642200
44867   0.642400
44868   0.642800
44869   0.643700
44870   0.644200
44871   0.644900
44872   0.644700
44873   0.645600
44874   0.645100
44875   0.645600
44876   0.647200
44877   0.646600
44878   0.645900
44879   0.645600
44880   0.645500
44881   0.646200
44882   0.645000
44883   0.645500
44884   0.645100
44885   0.645600
44886   0.645900
44887   0.646100
44888   0.645800
44889   0.645600
44890   0.645400
44891   0.645900
44892   0.646000
44893   0.646100
44894   0.645400
44895   0.644700
44896   0.643600
44897   0.642800
44898   0.642700
44899   0.642900
44900   0.642700
44901   0.642200
44902   0.641700
44903   0.641900
44904   0.641900
44905   0.642600
44906   0.642300
44907   0.642300
44908   0.642900
44909   0.644700
44910   0.644100
44911   0.644100
44912   0.644400
44913   0.645500
44914   0.645900
44915   0.645500
44916   0.645700
44917   0.645400
44918   0.645800
44919   0.644300
44920   0.644600
44921   0.644500
44922   0.644800
44923   0.644400
44924   0.644100
44925   0.644200
44926   0.643500
44927   0.643800
44928   0.644000
44929   0.644900
44930   0.645200
44931   0.644800
44932   0.645200
44933   0.645700
44934   0.645500
44935   0.646500
44936   0.646400
44937   0.646400
44938   0.646300
44939   0.645600
44940   0.647200
44941   0.647500
44942   0.647300
44943   0.647200
44944   0.647600
44945   0.648200
44946   0.647600
44947   0.648500
44948   0.649200
44949   0.648600
44950   0.648900
44951   0.648900
44952   0.649300
44953   0.649000
44954   0.648400
44955   0.649400
44956   0.650200
44957   0.650000
44958   0.650200
44959   0.649900
44960   0.649600
44961   0.650800
44962   0.651300
44963   0.651600
44964   0.653000
44965   0.652900
44966   0.652000
44967   0.652300
44968   0.652600
44969   0.652600
44970   0.652000
44971   0.652900
44972   0.652800
44973   0.652900
44974   0.653400
44975   0.654600
44976   0.654900
44977   0.655700
44978   0.654600
44979   0.654300
44980   0.653800
44981   0.654800
44982   0.654300
44983   0.653800
44984   0.653800
44985   0.653900
44986   0.652900
44987   0.653200
44988   0.653000
44989   0.652400
44990   0.652300
44991   0.652600
44992   0.652000
44993   0.651900
44994   0.650400
44995   0.650500
44996   0.651000
44997   0.650500
44998   0.651100
44999   0.650200
45000   0.650100
45001   0.649800
45002   0.650400
45003   0.650000
45004   0.649100
45005   0.648700
45006   0.648500
45007   0.648600
45008   0.647900
45009   0.647500
45010   0.647100
45011   0.646900
45012   0.647100
45013   0.647200
45014   0.647100
45015   0.646800
45016   0.647000
45017   0.647000
45018   0.647800
45019   0.647500
45020   0.647500
45021   0.646400
45022   0.645600
45023   0.645500
45024   0.644600
45025   0.645100
45026   0.644600
45027   0.644000
45028   0.643900
45029   0.644100
45030   0.644500
45031   0.644300
45032   0.643800
45033   0.643500
45034   0.643000
45035   0.642300
45036   0.642600
45037   0.641900
45038   0.643600
45039   0.643200
45040   0.642900
45041   0.642900
45042   0.642800
45043   0.642400
45044   0.642300
45045   0.641500
45046   0.641100
45047   0.641500
45048   0.641200
45049   0.641000
45050   0.640900
45051   0.640800
45052   0.641500
45053   0.641100
45054   0.640000
45055   0.640700
45056   0.641100
45057   0.641900
45058   0.641800
45059   0.641100
45060   0.642200
45061   0.642200
45062   0.641800
45063   0.642000
45064   0.641800
45065   0.641200
45066   0.640700
45067   0.640600
45068   0.640400
45069   0.640300
45070   0.640600
45071   0.641000
45072   0.641600
45073   0.641100
45074   0.640900
45075   0.641300
45076   0.641100
45077   0.641200
45078   0.640500
45079   0.641300
45080   0.640500
45081   0.641000
45082   0.640800
45083   0.640000
45084   0.640400
45085   0.640400
45086   0.641100
45087   0.640300
45088   0.639200
45089   0.639400
45090   0.639700
45091   0.639300
45092   0.638500
45093   0.638700
45094   0.639000
45095   0.638700
45096   0.638900
45097   0.638800
45098   0.637700
45099   0.637600
45100   0.636800
45101   0.637300
45102   0.636500
45103   0.636800
45104   0.636900
45105   0.637100
45106   0.636100
45107   0.635800
45108   0.635800
45109   0.635400
45110   0.636000
45111   0.635900
45112   0.636300
45113   0.636800
45114   0.636600
45115   0.636300
45116   0.636500
45117   0.636700
45118   0.637000
45119   0.636500
45120   0.637100
45121   0.637700
45122   0.637100
45123   0.637300
45124   0.638400
45125   0.638800
45126   0.639600
45127   0.640200
45128   0.639400
45129   0.639800
45130   0.640100
45131   0.639700
45132   0.639900
45133   0.639400
45134   0.641200
45135   0.641500
45136   0.641600
45137   0.641000
45138   0.641100
45139   0.641800
45140   0.642100
45141   0.641500
45142   0.641500
45143   0.641200
45144   0.641400
45145   0.642000
45146   0.641900
45147   0.642500
45148   0.641700
45149   0.642000
45150   0.642100
45151   0.643200
45152   0.642700
45153   0.643400
45154   0.644500
45155   0.644200
45156   0.644000
45157   0.643600
45158   0.643900
45159   0.643000
45160   0.642800
45161   0.642700
45162   0.643100
45163   0.644300
45164   0.644500
45165   0.642600
45166   0.642400
45167   0.642900
45168   0.642000
45169   0.641800
45170   0.641500
45171   0.640400
45172   0.640700
45173   0.640200
45174   0.640300
45175   0.640400
45176   0.640600
45177   0.640800
45178   0.641100
45179   0.640600
45180   0.640200
45181   0.639400
45182   0.639100
45183   0.637600
45184   0.637600
45185   0.637300
45186   0.636800
45187   0.636600
45188   0.636100
45189   0.636700
45190   0.637000
45191   0.636600
45192   0.637500
45193   0.637800
45194   0.638400
45195   0.638000
45196   0.637200
45197   0.636600
45198   0.637400
45199   0.638200
45200   0.638600
45201   0.636800
45202   0.637200
45203   0.637300
45204   0.636400
45205   0.635800
45206   0.635600
45207   0.635800
45208   0.636800
45209   0.637600
45210   0.637900
45211   0.637800
45212   0.638600
45213   0.638900
45214   0.638000
45215   0.637600
45216   0.637000
45217   0.636800
45218   0.636500
45219   0.638400
45220   0.639500
45221   0.640700
45222   0.641500
45223   0.641500
45224   0.641900
45225   0.641000
45226   0.641000
45227   0.640700
45228   0.640900
45229   0.639800
45230   0.639100
45231   0.639000
45232   0.638900
45233   0.638800
45234   0.638300
45235   0.637300
45236   0.637400
45237   0.637700
45238   0.637900
45239   0.637600
45240   0.638500
45241   0.639400
45242   0.639600
45243   0.639800
45244   0.640000
45245   0.639100
45246   0.638900
45247   0.640300
45248   0.639900
45249   0.640000
45250   0.639700
45251   0.639100
45252   0.639700
45253   0.640000
45254   0.640300
45255   0.640200
45256   0.639500
45257   0.639600
45258   0.639700
45259   0.639500
45260   0.638900
45261   0.639600
45262   0.640000
45263   0.641100
45264   0.639800
45265   0.639600
45266   0.639300
45267   0.639100
45268   0.639000
45269   0.639100
45270   0.639200
45271   0.639800
45272   0.640000
45273   0.640200
45274   0.640900
45275   0.641500
45276   0.641600
45277   0.641600
45278   0.640600
45279   0.640700
45280   0.639900
45281   0.639200
45282   0.639200
45283   0.640100
45284   0.639300
45285   0.639500
45286   0.640000
45287   0.640100
45288   0.639800
45289   0.639600
45290   0.639500
45291   0.639200
45292   0.639400
45293   0.638700
45294   0.638200
45295   0.638400
45296   0.637700
45297   0.637200
45298   0.637300
45299   0.637700
45300   0.638100
45301   0.637800
45302   0.637800
45303   0.637500
45304   0.637000
45305   0.636700
45306   0.636800
45307   0.637600
45308   0.637300
45309   0.637400
45310   0.638000
45311   0.638400
45312   0.637400
45313   0.637200
45314   0.637500
45315   0.638000
45316   0.638100
45317   0.638100
45318   0.637600
45319   0.638500
45320   0.638400
45321   0.638500
45322   0.638900
45323   0.639400
45324   0.639700
45325   0.640200
45326   0.640600
45327   0.641400
45328   0.642300
45329   0.642000
45330   0.641600
45331   0.641900
45332   0.641600
45333   0.642600
45334   0.643200
45335   0.642700
45336   0.642600
45337   0.642500
45338   0.643500
45339   0.644700
45340   0.644900
45341   0.646500
45342   0.647300
45343   0.647600
45344   0.647600
45345   0.647700
45346   0.648400
45347   0.648400
45348   0.647700
45349   0.647600
45350   0.648300
45351   0.647900
45352   0.648300
45353   0.648200
45354   0.647700
45355   0.648600
45356   0.648600
45357   0.648800
45358   0.648600
45359   0.647700
45360   0.648200
45361   0.648200
45362   0.648100
45363   0.648400
45364   0.648500
45365   0.649100
45366   0.649400
45367   0.649400
45368   0.650000
45369   0.650000
45370   0.649600
45371   0.649500
45372   0.650200
45373   0.649900
45374   0.649800
45375   0.649500
45376   0.650600
45377   0.650600
45378   0.652100
45379   0.651300
45380   0.651300
45381   0.651400
45382   0.651600
45383   0.651800
45384   0.652200
45385   0.652200
45386   0.651700
45387   0.650800
45388   0.651000
45389   0.651800
45390   0.652300
45391   0.653100
45392   0.653400
45393   0.654000
45394   0.654100
45395   0.654000
45396   0.654400
45397   0.654000
45398   0.653800
45399   0.654900
45400   0.655500
45401   0.655100
45402   0.656300
45403   0.656600
45404   0.656400
45405   0.656400
45406   0.656700
45407   0.657000
45408   0.656500
45409   0.656800
45410   0.655800
45411   0.656300
45412   0.656800
45413   0.657600
45414   0.657700
45415   0.657400
45416   0.658500
45417   0.658800
45418   0.659100
45419   0.658900
45420   0.659400
45421   0.659000
45422   0.660100
45423   0.660000
45424   0.659600
45425   0.659900
45426   0.659200
45427   0.659600
45428   0.660400
45429   0.661200
45430   0.662100
45431   0.662000
45432   0.661100
45433   0.661100
45434   0.661300
45435   0.661400
45436   0.661000
45437   0.662100
45438   0.662100
45439   0.662500
45440   0.663400
45441   0.663300
45442   0.663800
45443   0.663700
45444   0.663400
45445   0.662800
45446   0.663300
45447   0.663700
45448   0.663000
45449   0.663600
45450   0.663500
45451   0.664300
45452   0.664100
45453   0.664900
45454   0.665500
45455   0.666500
45456   0.667000
45457   0.667700
45458   0.667500
45459   0.668200
45460   0.668700
45461   0.669700
45462   0.670400
45463   0.670100
45464   0.670300
45465   0.670800
45466   0.670000
45467   0.670200
45468   0.671200
45469   0.672500
45470   0.672500
45471   0.671400
45472   0.671200
45473   0.671400
45474   0.671500
45475   0.671000
45476   0.671500
45477   0.672100
45478   0.672200
45479   0.672800
45480   0.672000
45481   0.672800
45482   0.673500
45483   0.673700
45484   0.674100
45485   0.674700
45486   0.674700
45487   0.674700
45488   0.674800
45489   0.674400
45490   0.674700
45491   0.673600
45492   0.674200
45493   0.674600
45494   0.674900
45495   0.674700
45496   0.674300
45497   0.674000
45498   0.673700
45499   0.673700
45500   0.674700
45501   0.675000
45502   0.675600
45503   0.675100
45504   0.675900
45505   0.675400
45506   0.675200
45507   0.675000
45508   0.675400
45509   0.674700
45510   0.674400
45511   0.674900
45512   0.675400
45513   0.676100
45514   0.676500
45515   0.676900
45516   0.676600
45517   0.677000
45518   0.677400
45519   0.677900
45520   0.676600
45521   0.676100
45522   0.675500
45523   0.674900
45524   0.674300
45525   0.674800
45526   0.675400
45527   0.675500
45528   0.675500
45529   0.674600
45530   0.673900
45531   0.672000
45532   0.671600
45533   0.671500
45534   0.671700
45535   0.671700
45536   0.670800
45537   0.670500
45538   0.670100
45539   0.670000
45540   0.670600
45541   0.669300
45542   0.669300
45543   0.669700
45544   0.671000
45545   0.671100
45546   0.670200
45547   0.670200
45548   0.670000
45549   0.669700
45550   0.669200
45551   0.668000
45552   0.668100
45553   0.668200
45554   0.668400
45555   0.667400
45556   0.666600
45557   0.666900
45558   0.667400
45559   0.667300
45560   0.667900
45561   0.668100
45562   0.668100
45563   0.667400
45564   0.667000
45565   0.667200
45566   0.667100
45567   0.666400
45568   0.666400
45569   0.668000
45570   0.668100
45571   0.667800
45572   0.668000
45573   0.667100
45574   0.667000
45575   0.666500
45576   0.667300
45577   0.667900
45578   0.669000
45579   0.669300
45580   0.669200
45581   0.669900
45582   0.669500
45583   0.669400
45584   0.669300
45585   0.669300
45586   0.669800
45587   0.670400
45588   0.670400
45589   0.670800
45590   0.671000
45591   0.669900
45592   0.669400
45593   0.669400
45594   0.668400
45595   0.668600
45596   0.668000
45597   0.667700
45598   0.667700
45599   0.668000
45600   0.667600
45601   0.668600
45602   0.668600
45603   0.669400
45604   0.669500
45605   0.669400
45606   0.670000
45607   0.670500
45608   0.670000
45609   0.670800
45610   0.671800
45611   0.670300
45612   0.671100
45613   0.670800
45614   0.670600
45615   0.671800
45616   0.671600
45617   0.671300
45618   0.670000
45619   0.670300
45620   0.670500
45621   0.669900
45622   0.670000
45623   0.669400
45624   0.668900
45625   0.668500
45626   0.668600
45627   0.669000
45628   0.669400
45629   0.669500
45630   0.669900
45631   0.668600
45632   0.669200
45633   0.669800
45634   0.669200
45635   0.668200
45636   0.669100
45637   0.668400
45638   0.667600
45639   0.667800
45640   0.667000
45641   0.666200
45642   0.667200
45643   0.667100
45644   0.667700
45645   0.667400
45646   0.667200
45647   0.667100
45648   0.667600
45649   0.666300
45650   0.666200
45651   0.665800
45652   0.665200
45653   0.665500
45654   0.665300
45655   0.665100
45656   0.665100
45657   0.664800
45658   0.664800
45659   0.665700
45660   0.665400
45661   0.665500
45662   0.666300
45663   0.666000
45664   0.666300
45665   0.666200
45666   0.666000
45667   0.666100
45668   0.664900
45669   0.664200
45670   0.664500
45671   0.665400
45672   0.665300
45673   0.665800
45674   0.665600
45675   0.667300
45676   0.667200
45677   0.667800
45678   0.667100
45679   0.667900
45680   0.668700
45681   0.668000
45682   0.667700
45683   0.667100
45684   0.668300
45685   0.667800
45686   0.667300
45687   0.667900
45688   0.667700
45689   0.667500
45690   0.667200
45691   0.667500
45692   0.667000
45693   0.667100
45694   0.667500
45695   0.666700
45696   0.667200
45697   0.667900
45698   0.667400
45699   0.666900
45700   0.665700
45701   0.666300
45702   0.666900
45703   0.666100
45704   0.666500
45705   0.666500
45706   0.666800
45707   0.667000
45708   0.666600
45709   0.666200
45710   0.666200
45711   0.665900
45712   0.665900
45713   0.666700
45714   0.666700
45715   0.666400
45716   0.666100
45717   0.666400
45718   0.666300
45719   0.666800
45720   0.667100
45721   0.667100
45722   0.666800
45723   0.668200
45724   0.668400
45725   0.668100
45726   0.668500
45727   0.667500
45728   0.668100
45729   0.668000
45730   0.669400
45731   0.670000
45732   0.669800
45733   0.671000
45734   0.670800
45735   0.670900
45736   0.671900
45737   0.672400
45738   0.672000
45739   0.672300
45740   0.672100
45741   0.671900
45742   0.671400
45743   0.671900
45744   0.671600
45745   0.671500
45746   0.671100
45747   0.670800
45748   0.670900
45749   0.671200
45750   0.670700
45751   0.669900
45752   0.670100
45753   0.670200
45754   0.670300
45755   0.670800
45756   0.671200
45757   0.672100
45758   0.671900
45759   0.672600
45760   0.672800
45761   0.672100
45762   0.671700
45763   0.671800
45764   0.670700
45765   0.669700
45766   0.670100
45767   0.670200
45768   0.670100
45769   0.670000
45770   0.670100
45771   0.669000
45772   0.669000
45773   0.669500
45774   0.669000
45775   0.669700
45776   0.669300
45777   0.669100
45778   0.670000
45779   0.669200
45780   0.668400
45781   0.668700
45782   0.668800
45783   0.668800
45784   0.668900
45785   0.668400
45786   0.668500
45787   0.669300
45788   0.669900
45789   0.668800
45790   0.667400
45791   0.667800
45792   0.669000
45793   0.668000
45794   0.669100
45795   0.668300
45796   0.668900
45797   0.668300
45798   0.668400
45799   0.667600
45800   0.668100
45801   0.667600
45802   0.666500
45803   0.666100
45804   0.666200
45805   0.665700
45806   0.665900
45807   0.666500
45808   0.667300
45809   0.667100
45810   0.667200
45811   0.667700
45812   0.668200
45813   0.668000
45814   0.667500
45815   0.668200
45816   0.668600
45817   0.669300
45818   0.669200
45819   0.668000
45820   0.668200
45821   0.669500
45822   0.669000
45823   0.670000
45824   0.670000
45825   0.670000
45826   0.670200
45827   0.671400
45828   0.671900
45829   0.672500
45830   0.672400
45831   0.672600
45832   0.672000
45833   0.672300
45834   0.672300
45835   0.672300
45836   0.672400
45837   0.671100
45838   0.670200
45839   0.669900
45840   0.669700
45841   0.669100
45842   0.669500
45843   0.669800
45844   0.668600
45845   0.668600
45846   0.668800
45847   0.668000
45848   0.667900
45849   0.668000
45850   0.668200
45851   0.668500
45852   0.669300
45853   0.669600
45854   0.670200
45855   0.670200
45856   0.670100
45857   0.669500
45858   0.669400
45859   0.668200
45860   0.668400
45861   0.668700
45862   0.668300
45863   0.668100
45864   0.667900
45865   0.667600
45866   0.667200
45867   0.667300
45868   0.667500
45869   0.667500
45870   0.666300
45871   0.665400
45872   0.666100
45873   0.666300
45874   0.666800
45875   0.667100
45876   0.668500
45877   0.668600
45878   0.668700
45879   0.669200
45880   0.668900
45881   0.669100
45882   0.669300
45883   0.667900
45884   0.667400
45885   0.667700
45886   0.667500
45887   0.668500
45888   0.668400
45889   0.668300
45890   0.668900
45891   0.669500
45892   0.669400
45893   0.668900
45894   0.669800
45895   0.669400
45896   0.669000
45897   0.668500
45898   0.668700
45899   0.667500
45900   0.667300
45901   0.666800
45902   0.666900
45903   0.669000
45904   0.668700
45905   0.667900
45906   0.668400
45907   0.669400
45908   0.668400
45909   0.668900
45910   0.668600
45911   0.668600
45912   0.667700
45913   0.667200
45914   0.666900
45915   0.667400
45916   0.666000
45917   0.666100
45918   0.666400
45919   0.666200
45920   0.665800
45921   0.665100
45922   0.664700
45923   0.663800
45924   0.664000
45925   0.663500
45926   0.662700
45927   0.662600
45928   0.662500
45929   0.663400
45930   0.663800
45931   0.663700
45932   0.663300
45933   0.664600
45934   0.664100
45935   0.663600
45936   0.663400
45937   0.663200
45938   0.663500
45939   0.663500
45940   0.663200
45941   0.663400
45942   0.662900
45943   0.662600
45944   0.661600
45945   0.660700
45946   0.661500
45947   0.661900
45948   0.661700
45949   0.662200
45950   0.661400
45951   0.661200
45952   0.660900
45953   0.660500
45954   0.661300
45955   0.662200
45956   0.662700
45957   0.663400
45958   0.664400
45959   0.663800
45960   0.663100
45961   0.662700
45962   0.661500
45963   0.661700
45964   0.663100
45965   0.662700
45966   0.663100
45967   0.663200
45968   0.663000
45969   0.663600
45970   0.662800
45971   0.662800
45972   0.664300
45973   0.664600
45974   0.663900
45975   0.663700
45976   0.663800
45977   0.664000
45978   0.663700
45979   0.662400
45980   0.662300
45981   0.662900
45982   0.662500
45983   0.662400
45984   0.661900
45985   0.662000
45986   0.661900
45987   0.662400
45988   0.662300
45989   0.662700
45990   0.660600
45991   0.660100
45992   0.659800
45993   0.660600
45994   0.661300
45995   0.661600
45996   0.661800
45997   0.662500
45998   0.662400
45999   0.662700
46000   0.663700
46001   0.663700
46002   0.664200
46003   0.663700
46004   0.663800
46005   0.664400
46006   0.664100
46007   0.664800
46008   0.664900
46009   0.665500
46010   0.665700
46011   0.665300
46012   0.664900
46013   0.665100
46014   0.664400
46015   0.664000
46016   0.663800
46017   0.663300
46018   0.662800
46019   0.663300
46020   0.663500
46021   0.663800
46022   0.663800
46023   0.663600
46024   0.663500
46025   0.663600
46026   0.663900
46027   0.664400
46028   0.665100
46029   0.664500
46030   0.664400
46031   0.664600
46032   0.664700
46033   0.664400
46034   0.664700
46035   0.664400
46036   0.664200
46037   0.663400
46038   0.663600
46039   0.663900
46040   0.663800
46041   0.664300
46042   0.664200
46043   0.663500
46044   0.663700
46045   0.663700
46046   0.663600
46047   0.663300
46048   0.662500
46049   0.662000
46050   0.661200
46051   0.661200
46052   0.662100
46053   0.662100
46054   0.662300
46055   0.661700
46056   0.661800
46057   0.662900
46058   0.662700
46059   0.661600
46060   0.662900
46061   0.663300
46062   0.663700
46063   0.664200
46064   0.663600
46065   0.663800
46066   0.663200
46067   0.663300
46068   0.663100
46069   0.662400
46070   0.662900
46071   0.663300
46072   0.663900
46073   0.663700
46074   0.664300
46075   0.664300
46076   0.664200
46077   0.663900
46078   0.663400
46079   0.663300
46080   0.664000
46081   0.664800
46082   0.664200
46083   0.664600
46084   0.663200
46085   0.662800
46086   0.662800
46087   0.663000
46088   0.662900
46089   0.663800
46090   0.664400
46091   0.664600
46092   0.664100
46093   0.661700
46094   0.661400
46095   0.661500
46096   0.662000
46097   0.662000
46098   0.662300
46099   0.661400
46100   0.661600
46101   0.661400
46102   0.661200
46103   0.660500
46104   0.660400
46105   0.660200
46106   0.661400
46107   0.661200
46108   0.661200
46109   0.661700
46110   0.662100
46111   0.662800
46112   0.661600
46113   0.660600
46114   0.660400
46115   0.660100
46116   0.659200
46117   0.659400
46118   0.659800
46119   0.660000
46120   0.660100
46121   0.660700
46122   0.661600
46123   0.661600
46124   0.661500
46125   0.661300
46126   0.662000
46127   0.661800
46128   0.661700
46129   0.661900
46130   0.661500
46131   0.660800
46132   0.660200
46133   0.659400
46134   0.658900
46135   0.658500
46136   0.658200
46137   0.657500
46138   0.657600
46139   0.657000
46140   0.656800
46141   0.657300
46142   0.656600
46143   0.657300
46144   0.656900
46145   0.657100
46146   0.658000
46147   0.658000
46148   0.658100
46149   0.658500
46150   0.658200
46151   0.658900
46152   0.658600
46153   0.657600
46154   0.657300
46155   0.656600
46156   0.656900
46157   0.656700
46158   0.657700
46159   0.657600
46160   0.656300
46161   0.655600
46162   0.657200
46163   0.657100
46164   0.656000
46165   0.656200
46166   0.656800
46167   0.656500
46168   0.657200
46169   0.656600
46170   0.656500
46171   0.656900
46172   0.657700
46173   0.657100
46174   0.656700
46175   0.657000
46176   0.657600
46177   0.657800
46178   0.658000
46179   0.657800
46180   0.657400
46181   0.656800
46182   0.657100
46183   0.657100
46184   0.657000
46185   0.657000
46186   0.657500
46187   0.656800
46188   0.657000
46189   0.656300
46190   0.655800
46191   0.656700
46192   0.656200
46193   0.656200
46194   0.655300
46195   0.655500
46196   0.655900
46197   0.655800
46198   0.657000
46199   0.657500
46200   0.657800
46201   0.657700
46202   0.658400
46203   0.659100
46204   0.659200
46205   0.659400
46206   0.659500
46207   0.659600
46208   0.659100
46209   0.658200
46210   0.658300
46211   0.657800
46212   0.658200
46213   0.658200
46214   0.657600
46215   0.657500
46216   0.657600
46217   0.657700
46218   0.658000
46219   0.658900
46220   0.658700
46221   0.658700
46222   0.657700
46223   0.657700
46224   0.657000
46225   0.656200
46226   0.656600
46227   0.656900
46228   0.655900
46229   0.655400
46230   0.656500
46231   0.656800
46232   0.657300
46233   0.657200
46234   0.656600
46235   0.656700
46236   0.658300
46237   0.658600
46238   0.657900
46239   0.658100
46240   0.657100
46241   0.657300
46242   0.656000
46243   0.656500
46244   0.656700
46245   0.657500
46246   0.658300
46247   0.658900
46248   0.657800
46249   0.658100
46250   0.658000
46251   0.656600
46252   0.656300
46253   0.656500
46254   0.655700
46255   0.655800
46256   0.656200
46257   0.656000
46258   0.656000
46259   0.657200
46260   0.657600
46261   0.656300
46262   0.656700
46263   0.657200
46264   0.657400
46265   0.658100
46266   0.657600
46267   0.657400
46268   0.657400
46269   0.657600
46270   0.658100
46271   0.658300
46272   0.657300
46273   0.656600
46274   0.655600
46275   0.655500
46276   0.655400
46277   0.656300
46278   0.656100
46279   0.657100
46280   0.655400
46281   0.655000
46282   0.654600
46283   0.655000
46284   0.655200
46285   0.655200
46286   0.655600
46287   0.656200
46288   0.657000
46289   0.657500
46290   0.657500
46291   0.658200
46292   0.658700
46293   0.659600
46294   0.660200
46295   0.660700
46296   0.659300
46297   0.659200
46298   0.660200
46299   0.659600
46300   0.659900
46301   0.660300
46302   0.661200
46303   0.661500
46304   0.662800
46305   0.663700
46306   0.663000
46307   0.663200
46308   0.662900
46309   0.662900
46310   0.663300
46311   0.663200
46312   0.662400
46313   0.662500
46314   0.662900
46315   0.664200
46316   0.664200
46317   0.663600
46318   0.663900
46319   0.664000
46320   0.664400
46321   0.665200
46322   0.664800
46323   0.664900
46324   0.664600
46325   0.664400
46326   0.663900
46327   0.663600
46328   0.663700
46329   0.663500
46330   0.663800
46331   0.664100
46332   0.663200
46333   0.663200
46334   0.662900
46335   0.663400
46336   0.662200
46337   0.662700
46338   0.663800
46339   0.663700
46340   0.664000
46341   0.663300
46342   0.663400
46343   0.665000
46344   0.665400
46345   0.663900
46346   0.663600
46347   0.663400
46348   0.662500
46349   0.662600
46350   0.663200
46351   0.663500
46352   0.663200
46353   0.663300
46354   0.662400
46355   0.661600
46356   0.661600
46357   0.661600
46358   0.661600
46359   0.662000
46360   0.661400
46361   0.661700
46362   0.661900
46363   0.662600
46364   0.663000
46365   0.663600
46366   0.663200
46367   0.662800
46368   0.662000
46369   0.661500
46370   0.662400
46371   0.662700
46372   0.663300
46373   0.662600
46374   0.662300
46375   0.662300
46376   0.662900
46377   0.663000
46378   0.663100
46379   0.663300
46380   0.663400
46381   0.662700
46382   0.663000
46383   0.663200
46384   0.663400
46385   0.664300
46386   0.664900
46387   0.665100
46388   0.665600
46389   0.665100
46390   0.664700
46391   0.665200
46392   0.665200
46393   0.665900
46394   0.666300
46395   0.666600
46396   0.666900
46397   0.666500
46398   0.667300
46399   0.666200
46400   0.666900
46401   0.667300
46402   0.666900
46403   0.667400
46404   0.666800
46405   0.667100
46406   0.666700
46407   0.665800
46408   0.666200
46409   0.666300
46410   0.666600
46411   0.666200
46412   0.665600
46413   0.665200
46414   0.664200
46415   0.664000
46416   0.662700
46417   0.662500
46418   0.663400
46419   0.663900
46420   0.665100
46421   0.664500
46422   0.664100
46423   0.664400
46424   0.664000
46425   0.665700
46426   0.665200
46427   0.665700
46428   0.665600
46429   0.665000
46430   0.665100
46431   0.666000
46432   0.666000
46433   0.665700
46434   0.667200
46435   0.667100
46436   0.666000
46437   0.666100
46438   0.666800
46439   0.666900
46440   0.665900
46441   0.666600
46442   0.666000
46443   0.666100
46444   0.666900
46445   0.666000
46446   0.665600
46447   0.666200
46448   0.666100
46449   0.665600
46450   0.665700
46451   0.665700
46452   0.666400
46453   0.664900
46454   0.665200
46455   0.665000
46456   0.665500
46457   0.665200
46458   0.664400
46459   0.664300
46460   0.664000
46461   0.663000
46462   0.662300
46463   0.662500
46464   0.662500
46465   0.662600
46466   0.662000
46467   0.662000
46468   0.661900
46469   0.662400
46470   0.662500
46471   0.662400
46472   0.662600
46473   0.662200
46474   0.661700
46475   0.662300
46476   0.662300
46477   0.662000
46478   0.662300
46479   0.661600
46480   0.659800
46481   0.659100
46482   0.660600
46483   0.660200
46484   0.660600
46485   0.660300
46486   0.660000
46487   0.659600
46488   0.660700
46489   0.659900
46490   0.659300
46491   0.659300
46492   0.658900
46493   0.658500
46494   0.658600
46495   0.658700
46496   0.659800
46497   0.658900
46498   0.658700
46499   0.658500
46500   0.658500
46501   0.659200
46502   0.659100
46503   0.660100
46504   0.661000
46505   0.660800
46506   0.662200
46507   0.662600
46508   0.662500
46509   0.663500
46510   0.663300
46511   0.663300
46512   0.663400
46513   0.663300
46514   0.663800
46515   0.664300
46516   0.664200
46517   0.664400
46518   0.664400
46519   0.664100
46520   0.664500
46521   0.665200
46522   0.665000
46523   0.664700
46524   0.664800
46525   0.664100
46526   0.663900
46527   0.664100
46528   0.664000
46529   0.663100
46530   0.662900
46531   0.663500
46532   0.663400
46533   0.663700
46534   0.664500
46535   0.665700
46536   0.666200
46537   0.665300
46538   0.664800
46539   0.664900
46540   0.665100
46541   0.665200
46542   0.665700
46543   0.665400
46544   0.665100
46545   0.664900
46546   0.665100
46547   0.664100
46548   0.664000
46549   0.664500
46550   0.663600
46551   0.662800
46552   0.662300
46553   0.661100
46554   0.661500
46555   0.660500
46556   0.659900
46557   0.658900
46558   0.658700
46559   0.659500
46560   0.659800
46561   0.661600
46562   0.660700
46563   0.660400
46564   0.659600
46565   0.660500
46566   0.660600
46567   0.660900
46568   0.661000
46569   0.660100
46570   0.660800
46571   0.660000
46572   0.659700
46573   0.660300
46574   0.660400
46575   0.660400
46576   0.660100
46577   0.659600
46578   0.659600
46579   0.660900
46580   0.661500
46581   0.661700
46582   0.661300
46583   0.660800
46584   0.662200
46585   0.662500
46586   0.663600
46587   0.664900
46588   0.665000
46589   0.665900
46590   0.666100
46591   0.666800
46592   0.665600
46593   0.665500
46594   0.664900
46595   0.664800
46596   0.665000
46597   0.664300
46598   0.662800
46599   0.662500
46600   0.663100
46601   0.663300
46602   0.664000
46603   0.663400
46604   0.663600
46605   0.663900
46606   0.663500
46607   0.664100
46608   0.665200
46609   0.666200
46610   0.666100
46611   0.666200
46612   0.665900
46613   0.665400
46614   0.665600
46615   0.665000
46616   0.666100
46617   0.665700
46618   0.666100
46619   0.666700
46620   0.666500
46621   0.666300
46622   0.666200
46623   0.665200
46624   0.665100
46625   0.665100
46626   0.663800
46627   0.663300
46628   0.662000
46629   0.663000
46630   0.663100
46631   0.662700
46632   0.663800
46633   0.663000
46634   0.662800
46635   0.661900
46636   0.661700
46637   0.662200
46638   0.662700
46639   0.663200
46640   0.664400
46641   0.664600
46642   0.663900
46643   0.664800
46644   0.664200
46645   0.666200
46646   0.665300
46647   0.665400
46648   0.664800
46649   0.665000
46650   0.665600
46651   0.666100
46652   0.666600
46653   0.666600
46654   0.665700
46655   0.665000
46656   0.665700
46657   0.665600
46658   0.666000
46659   0.667600
46660   0.667700
46661   0.668100
46662   0.668000
46663   0.667800
46664   0.668300
46665   0.667800
46666   0.668900
46667   0.668800
46668   0.669000
46669   0.669300
46670   0.669800
46671   0.668400
46672   0.669200
46673   0.669400
46674   0.669200
46675   0.669500
46676   0.669900
46677   0.670000
46678   0.669500
46679   0.670100
46680   0.669600
46681   0.670400
46682   0.670700
46683   0.671400
46684   0.671200
46685   0.671900
46686   0.672900
46687   0.672500
46688   0.672500
46689   0.672600
46690   0.673000
46691   0.672600
46692   0.672200
46693   0.672800
46694   0.671400
46695   0.670900
46696   0.671300
46697   0.670700
46698   0.671000
46699   0.670500
46700   0.670900
46701   0.670300
46702   0.671000
46703   0.670700
46704   0.671000
46705   0.671200
46706   0.671300
46707   0.671400
46708   0.672200
46709   0.672500
46710   0.671800
46711   0.672800
46712   0.671700
46713   0.671200
46714   0.672000
46715   0.671600
46716   0.672500
46717   0.671700
46718   0.672700
46719   0.672200
46720   0.672800
46721   0.673200
46722   0.672700
46723   0.672400
46724   0.671700
46725   0.671100
46726   0.671300
46727   0.671600
46728   0.671600
46729   0.671800
46730   0.672300
46731   0.673200
46732   0.672900
46733   0.671800
46734   0.671800
46735   0.671900
46736   0.670900
46737   0.671200
46738   0.671600
46739   0.671700
46740   0.671700
46741   0.671300
46742   0.670800
46743   0.670100
46744   0.670500
46745   0.670600
46746   0.670500
46747   0.670000
46748   0.671000
46749   0.670600
46750   0.671100
46751   0.670800
46752   0.670700
46753   0.670400
46754   0.670500
46755   0.671400
46756   0.671200
46757   0.670200
46758   0.671500
46759   0.671700
46760   0.672000
46761   0.672100
46762   0.672100
46763   0.672800
46764   0.672900
46765   0.672700
46766   0.672300
46767   0.672100
46768   0.672200
46769   0.672600
46770   0.672200
46771   0.672800
46772   0.673300
46773   0.673000
46774   0.672300
46775   0.672300
46776   0.672400
46777   0.672900
46778   0.673100
46779   0.673300
46780   0.673900
46781   0.674900
46782   0.674000
46783   0.673200
46784   0.674000
46785   0.672500
46786   0.673500
46787   0.672900
46788   0.672900
46789   0.672500
46790   0.672700
46791   0.672200
46792   0.673400
46793   0.673100
46794   0.673300
46795   0.673500
46796   0.672600
46797   0.671900
46798   0.671200
46799   0.671300
46800   0.670300
46801   0.669600
46802   0.668600
46803   0.668800
46804   0.668700
46805   0.668400
46806   0.669200
46807   0.668600
46808   0.668600
46809   0.667700
46810   0.667300
46811   0.667600
46812   0.668000
46813   0.667100
46814   0.666800
46815   0.667100
46816   0.666800
46817   0.666700
46818   0.667500
46819   0.668900
46820   0.668600
46821   0.667900
46822   0.668100
46823   0.667500
46824   0.667700
46825   0.666800
46826   0.666800
46827   0.667500
46828   0.668400
46829   0.668900
46830   0.669600
46831   0.669900
46832   0.670200
46833   0.670400
46834   0.670700
46835   0.671000
46836   0.670000
46837   0.669600
46838   0.669500
46839   0.669700
46840   0.669400
46841   0.670100
46842   0.670100
46843   0.670600
46844   0.669900
46845   0.669600
46846   0.669300
46847   0.669200
46848   0.669300
46849   0.669300
46850   0.669300
46851   0.669500
46852   0.669800
46853   0.669400
46854   0.669000
46855   0.669200
46856   0.669000
46857   0.668800
46858   0.668800
46859   0.669000
46860   0.668900
46861   0.669100
46862   0.668900
46863   0.670300
46864   0.670100
46865   0.669700
46866   0.669200
46867   0.669200
46868   0.669000
46869   0.668500
46870   0.668600
46871   0.669600
46872   0.668900
46873   0.668600
46874   0.666900
46875   0.668000
46876   0.667800
46877   0.667400
46878   0.667800
46879   0.667000
46880   0.667300
46881   0.667000
46882   0.666900
46883   0.667100
46884   0.667200
46885   0.667500
46886   0.667100
46887   0.666300
46888   0.666200
46889   0.665600
46890   0.666200
46891   0.665400
46892   0.666800
46893   0.666500
46894   0.666300
46895   0.666100
46896   0.665200
46897   0.664600
46898   0.664700
46899   0.665200
46900   0.665100
46901   0.664800
46902   0.664600
46903   0.664200
46904   0.664100
46905   0.664600
46906   0.665200
46907   0.666100
46908   0.667900
46909   0.668500
46910   0.668400
46911   0.668500
46912   0.668000
46913   0.667200
46914   0.667300
46915   0.666900
46916   0.667500
46917   0.667400
46918   0.668100
46919   0.668300
46920   0.667500
46921   0.668600
46922   0.667800
46923   0.666900
46924   0.667100
46925   0.666800
46926   0.666300
46927   0.667300
46928   0.666700
46929   0.666200
46930   0.665100
46931   0.665100
46932   0.664100
46933   0.664000
46934   0.664100
46935   0.664500
46936   0.664700
46937   0.665100
46938   0.665800
46939   0.665900
46940   0.665400
46941   0.666600
46942   0.667100
46943   0.667000
46944   0.666900
46945   0.667600
46946   0.667600
46947   0.666500
46948   0.666600
46949   0.666600
46950   0.665600
46951   0.664600
46952   0.664900
46953   0.665400
46954   0.665900
46955   0.665400
46956   0.664900
46957   0.664800
46958   0.664300
46959   0.664500
46960   0.664800
46961   0.664100
46962   0.664100
46963   0.664500
46964   0.664600
46965   0.664700
46966   0.664800
46967   0.664400
46968   0.664600
46969   0.663700
46970   0.662900
46971   0.663000
46972   0.663900
46973   0.663200
46974   0.663700
46975   0.662700
46976   0.662500
46977   0.663600
46978   0.663700
46979   0.663300
46980   0.662800
46981   0.662900
46982   0.662400
46983   0.662800
46984   0.662600
46985   0.662000
46986   0.661900
46987   0.662500
46988   0.663100
46989   0.662200
46990   0.661400
46991   0.661100
46992   0.661000
46993   0.660900
46994   0.661500
46995   0.660600
46996   0.660500
46997   0.659500
46998   0.660400
46999   0.660700
47000   0.661000
47001   0.661600
47002   0.661900
47003   0.662500
47004   0.663100
47005   0.663700
47006   0.664000
47007   0.664000
47008   0.663800
47009   0.663400
47010   0.663700
47011   0.662500
47012   0.663000
47013   0.661800
47014   0.661000
47015   0.660300
47016   0.659100
47017   0.658800
47018   0.658300
47019   0.659700
47020   0.659100
47021   0.658100
47022   0.657000
47023   0.655800
47024   0.656000
47025   0.656300
47026   0.656800
47027   0.658000
47028   0.657500
47029   0.657900
47030   0.657600
47031   0.656600
47032   0.656800
47033   0.656300
47034   0.656800
47035   0.656500
47036   0.656800
47037   0.656800
47038   0.657900
47039   0.657300
47040   0.658000
47041   0.658700
47042   0.658700
47043   0.659700
47044   0.659300
47045   0.659300
47046   0.659700
47047   0.660200
47048   0.659500
47049   0.659400
47050   0.660100
47051   0.660600
47052   0.660400
47053   0.660800
47054   0.660400
47055   0.659800
47056   0.660000
47057   0.659600
47058   0.659500
47059   0.660000
47060   0.660700
47061   0.660900
47062   0.661600
47063   0.661000
47064   0.661400
47065   0.661400
47066   0.661000
47067   0.661300
47068   0.662300
47069   0.662100
47070   0.661900
47071   0.661700
47072   0.662300
47073   0.662500
47074   0.661900
47075   0.662500
47076   0.661800
47077   0.661400
47078   0.660700
47079   0.660200
47080   0.659600
47081   0.660000
47082   0.660000
47083   0.659500
47084   0.659100
47085   0.660400
47086   0.659300
47087   0.659400
47088   0.659000
47089   0.659200
47090   0.659200
47091   0.660100
47092   0.659600
47093   0.658800
47094   0.658900
47095   0.658900
47096   0.658900
47097   0.658100
47098   0.657700
47099   0.657500
47100   0.657800
47101   0.657400
47102   0.657500
47103   0.657100
47104   0.656600
47105   0.656300
47106   0.656800
47107   0.657300
47108   0.658300
47109   0.658600
47110   0.658500
47111   0.659100
47112   0.657700
47113   0.657500
47114   0.657000
47115   0.657000
47116   0.657700
47117   0.657900
47118   0.657600
47119   0.656300
47120   0.656500
47121   0.656300
47122   0.655900
47123   0.655300
47124   0.655800
47125   0.656100
47126   0.656700
47127   0.657400
47128   0.657200
47129   0.656900
47130   0.656500
47131   0.656200
47132   0.655600
47133   0.655200
47134   0.653900
47135   0.652900
47136   0.652600
47137   0.651400
47138   0.651800
47139   0.652400
47140   0.652000
47141   0.652000
47142   0.652100
47143   0.652300
47144   0.653400
47145   0.653500
47146   0.653600
47147   0.652600
47148   0.652500
47149   0.651400
47150   0.651900
47151   0.651800
47152   0.651300
47153   0.652000
47154   0.650900
47155   0.652000
47156   0.652400
47157   0.652400
47158   0.653700
47159   0.653100
47160   0.652600
47161   0.652400
47162   0.652100
47163   0.651900
47164   0.651800
47165   0.651700
47166   0.651000
47167   0.651500
47168   0.650200
47169   0.649300
47170   0.648200
47171   0.648400
47172   0.648600
47173   0.647900
47174   0.648800
47175   0.649600
47176   0.649500
47177   0.649200
47178   0.648700
47179   0.648300
47180   0.647300
47181   0.647000
47182   0.647100
47183   0.647200
47184   0.647500
47185   0.647400
47186   0.648700
47187   0.648800
47188   0.649200
47189   0.649600
47190   0.649600
47191   0.649000
47192   0.649000
47193   0.649000
47194   0.647300
47195   0.648300
47196   0.648000
47197   0.647700
47198   0.648000
47199   0.647400
47200   0.646900
47201   0.647800
47202   0.647800
47203   0.647500
47204   0.647000
47205   0.647000
47206   0.647500
47207   0.646700
47208   0.646800
47209   0.647400
47210   0.646900
47211   0.647600
47212   0.648300
47213   0.648800
47214   0.649000
47215   0.649200
47216   0.649700
47217   0.650500
47218   0.651100
47219   0.652300
47220   0.651700
47221   0.651500
47222   0.652800
47223   0.652300
47224   0.652000
47225   0.651800
47226   0.651700
47227   0.651100
47228   0.650400
47229   0.650400
47230   0.650300
47231   0.651000
47232   0.650600
47233   0.651000
47234   0.650000
47235   0.649400
47236   0.649000
47237   0.648500
47238   0.648600
47239   0.648500
47240   0.648300
47241   0.648200
47242   0.646800
47243   0.646300
47244   0.645900
47245   0.646000
47246   0.645400
47247   0.644600
47248   0.645200
47249   0.645200
47250   0.645600
47251   0.645000
47252   0.644900
47253   0.644300
47254   0.644400
47255   0.644500
47256   0.644700
47257   0.644700
47258   0.645100
47259   0.644000
47260   0.643100
47261   0.643500
47262   0.643500
47263   0.642800
47264   0.643300
47265   0.643500
47266   0.642000
47267   0.641900
47268   0.641300
47269   0.641900
47270   0.640700
47271   0.640200
47272   0.640600
47273   0.639500
47274   0.639300
47275   0.638400
47276   0.639500
47277   0.639900
47278   0.640000
47279   0.639500
47280   0.639200
47281   0.639500
47282   0.639000
47283   0.638200
47284   0.636900
47285   0.636900
47286   0.636700
47287   0.636100
47288   0.636000
47289   0.636500
47290   0.637700
47291   0.637600
47292   0.637600
47293   0.637600
47294   0.635900
47295   0.637100
47296   0.636500
47297   0.636700
47298   0.636800
47299   0.636400
47300   0.636000
47301   0.636400
47302   0.636700
47303   0.636700
47304   0.636100
47305   0.635900
47306   0.635300
47307   0.634700
47308   0.635300
47309   0.635700
47310   0.634500
47311   0.634800
47312   0.635900
47313   0.634900
47314   0.634900
47315   0.633700
47316   0.632700
47317   0.633200
47318   0.632300
47319   0.632500
47320   0.632800
47321   0.633400
47322   0.633300
47323   0.634000
47324   0.634200
47325   0.634200
47326   0.632800
47327   0.633300
47328   0.633400
47329   0.633000
47330   0.633600
47331   0.634600
47332   0.634100
47333   0.634600
47334   0.634300
47335   0.635000
47336   0.635600
47337   0.635000
47338   0.635700
47339   0.634900
47340   0.634700
47341   0.634200
47342   0.635100
47343   0.635600
47344   0.635400
47345   0.636100
47346   0.635900
47347   0.636800
47348   0.636400
47349   0.636900
47350   0.637400
47351   0.637200
47352   0.636600
47353   0.636600
47354   0.636100
47355   0.636100
47356   0.636700
47357   0.635800
47358   0.635300
47359   0.634600
47360   0.634700
47361   0.634700
47362   0.634900
47363   0.635600
47364   0.635700
47365   0.635200
47366   0.634300
47367   0.635200
47368   0.635600
47369   0.634100
47370   0.634300
47371   0.634800
47372   0.633800
47373   0.633800
47374   0.635000
47375   0.635000
47376   0.635600
47377   0.635300
47378   0.636500
47379   0.636300
47380   0.636000
47381   0.635700
47382   0.634900
47383   0.634800
47384   0.635100
47385   0.634900
47386   0.634400
47387   0.634700
47388   0.634100
47389   0.634000
47390   0.634200
47391   0.633700
47392   0.633800
47393   0.632700
47394   0.632100
47395   0.631500
47396   0.631700
47397   0.631900
47398   0.631800
47399   0.631300
47400   0.631500
47401   0.631300
47402   0.631800
47403   0.631300
47404   0.632400
47405   0.633100
47406   0.634100
47407   0.633400
47408   0.632600
47409   0.632800
47410   0.633000
47411   0.633400
47412   0.634100
47413   0.634000
47414   0.633300
47415   0.633000
47416   0.633300
47417   0.633000
47418   0.634300
47419   0.634100
47420   0.634100
47421   0.634800
47422   0.634400
47423   0.634400
47424   0.634200
47425   0.633400
47426   0.633000
47427   0.633300
47428   0.633300
47429   0.632900
47430   0.633300
47431   0.632900
47432   0.632500
47433   0.631700
47434   0.631600
47435   0.631600
47436   0.631800
47437   0.631600
47438   0.631400
47439   0.631100
47440   0.630400
47441   0.630600
47442   0.630900
47443   0.630600
47444   0.630800
47445   0.630900
47446   0.630700
47447   0.631100
47448   0.630800
47449   0.631600
47450   0.631800
47451   0.632100
47452   0.632100
47453   0.632200
47454   0.632400
47455   0.631900
47456   0.631900
47457   0.633300
47458   0.632700
47459   0.633200
47460   0.634400
47461   0.634000
47462   0.633800
47463   0.633700
47464   0.633800
47465   0.633200
47466   0.633200
47467   0.633100
47468   0.632800
47469   0.634400
47470   0.634300
47471   0.635400
47472   0.635200
47473   0.635300
47474   0.635400
47475   0.635500
47476   0.635900
47477   0.635900
47478   0.634400
47479   0.635100
47480   0.635100
47481   0.635600
47482   0.635400
47483   0.635900
47484   0.635800
47485   0.636000
47486   0.635400
47487   0.635500
47488   0.634600
47489   0.635300
47490   0.635900
47491   0.635500
47492   0.635600
47493   0.636800
47494   0.637200
47495   0.637200
47496   0.636800
47497   0.636400
47498   0.636800
47499   0.636300
47500   0.637200
47501   0.637200
47502   0.638000
47503   0.638800
47504   0.638600
47505   0.639100
47506   0.638800
47507   0.639600
47508   0.639400
47509   0.639800
47510   0.639300
47511   0.639800
47512   0.639700
47513   0.638600
47514   0.638500
47515   0.638900
47516   0.638800
47517   0.639500
47518   0.638600
47519   0.638600
47520   0.639100
47521   0.638500
47522   0.638200
47523   0.637900
47524   0.638800
47525   0.638400
47526   0.637600
47527   0.637400
47528   0.637900
47529   0.637900
47530   0.637900
47531   0.638100
47532   0.638200
47533   0.638200
47534   0.638400
47535   0.639600
47536   0.640200
47537   0.639500
47538   0.638900
47539   0.639900
47540   0.638800
47541   0.637800
47542   0.637200
47543   0.636700
47544   0.637100
47545   0.637300
47546   0.637800
47547   0.637800
47548   0.636200
47549   0.636700
47550   0.635700
47551   0.636200
47552   0.635700
47553   0.635700
47554   0.636200
47555   0.636200
47556   0.634800
47557   0.635100
47558   0.635500
47559   0.635500
47560   0.635100
47561   0.635300
47562   0.634600
47563   0.635200
47564   0.635100
47565   0.634800
47566   0.635400
47567   0.635000
47568   0.635300
47569   0.635100
47570   0.635600
47571   0.635000
47572   0.636000
47573   0.636400
47574   0.636900
47575   0.637300
47576   0.638200
47577   0.637800
47578   0.637600
47579   0.637800
47580   0.636700
47581   0.637400
47582   0.637400
47583   0.637200
47584   0.636700
47585   0.636100
47586   0.636700
47587   0.635500
47588   0.636000
47589   0.635800
47590   0.636500
47591   0.636200
47592   0.635200
47593   0.634800
47594   0.634200
47595   0.634200
47596   0.634800
47597   0.635600
47598   0.636300
47599   0.636100
47600   0.636300
47601   0.636500
47602   0.637100
47603   0.636300
47604   0.635600
47605   0.635900
47606   0.635800
47607   0.636700
47608   0.636900
47609   0.636400
47610   0.636800
47611   0.635900
47612   0.635200
47613   0.635400
47614   0.635900
47615   0.636100
47616   0.636000
47617   0.635400
47618   0.635900
47619   0.635900
47620   0.635400
47621   0.635300
47622   0.634600
47623   0.634200
47624   0.634200
47625   0.633500
47626   0.633600
47627   0.633900
47628   0.634800
47629   0.636900
47630   0.637300
47631   0.638200
47632   0.637300
47633   0.637800
47634   0.636500
47635   0.637600
47636   0.637800
47637   0.638100
47638   0.639000
47639   0.638600
47640   0.638200
47641   0.638100
47642   0.637800
47643   0.637400
47644   0.637400
47645   0.637300
47646   0.638200
47647   0.639100
47648   0.640100
47649   0.640700
47650   0.641400
47651   0.641900
47652   0.642600
47653   0.642900
47654   0.643800
47655   0.643400
47656   0.642800
47657   0.642600
47658   0.643100
47659   0.643000
47660   0.642600
47661   0.642100
47662   0.642300
47663   0.641900
47664   0.641300
47665   0.641000
47666   0.640400
47667   0.641700
47668   0.642100
47669   0.642900
47670   0.642400
47671   0.642200
47672   0.642300
47673   0.642200
47674   0.641900
47675   0.642000
47676   0.642600
47677   0.642600
47678   0.641900
47679   0.641200
47680   0.640600
47681   0.639800
47682   0.639700
47683   0.639900
47684   0.639300
47685   0.640700
47686   0.641200
47687   0.640900
47688   0.640100
47689   0.639500
47690   0.638200
47691   0.638100
47692   0.637500
47693   0.638200
47694   0.637600
47695   0.637400
47696   0.637300
47697   0.638400
47698   0.638400
47699   0.638100
47700   0.638700
47701   0.639400
47702   0.639700
47703   0.640700
47704   0.640300
47705   0.640600
47706   0.640600
47707   0.640200
47708   0.640600
47709   0.641000
47710   0.640600
47711   0.641200
47712   0.640400
47713   0.640900
47714   0.642100
47715   0.643100
47716   0.641900
47717   0.641700
47718   0.642200
47719   0.641900
47720   0.642000
47721   0.641500
47722   0.641700
47723   0.641900
47724   0.641300
47725   0.641100
47726   0.641100
47727   0.640700
47728   0.640500
47729   0.641400
47730   0.640900
47731   0.641000
47732   0.641100
47733   0.641800
47734   0.641700
47735   0.641800
47736   0.641600
47737   0.641900
47738   0.641200
47739   0.641800
47740   0.641800
47741   0.642000
47742   0.642300
47743   0.642200
47744   0.641800
47745   0.641800
47746   0.641900
47747   0.641700
47748   0.642300
47749   0.642600
47750   0.643300
47751   0.643100
47752   0.642500
47753   0.642400
47754   0.642400
47755   0.641700
47756   0.640400
47757   0.640300
47758   0.639700
47759   0.639600
47760   0.639900
47761   0.639500
47762   0.639700
47763   0.639600
47764   0.638600
47765   0.639800
47766   0.639900
47767   0.639300
47768   0.639100
47769   0.638300
47770   0.639100
47771   0.639200
47772   0.640000
47773   0.639500
47774   0.639700
47775   0.639100
47776   0.638600
47777   0.638600
47778   0.638700
47779   0.640200
47780   0.641000
47781   0.641900
47782   0.642400
47783   0.642300
47784   0.643200
47785   0.642300
47786   0.642200
47787   0.642100
47788   0.642000
47789   0.641100
47790   0.641600
47791   0.641500
47792   0.641900
47793   0.641900
47794   0.641700
47795   0.640300
47796   0.640700
47797   0.640500
47798   0.640000
47799   0.640400
47800   0.640300
47801   0.639500
47802   0.639700
47803   0.640100
47804   0.639800
47805   0.639800
47806   0.639300
47807   0.639600
47808   0.638600
47809   0.639100
47810   0.638700
47811   0.638800
47812   0.638800
47813   0.638500
47814   0.637400
47815   0.637500
47816   0.637700
47817   0.637700
47818   0.637900
47819   0.637800
47820   0.638300
47821   0.639000
47822   0.638400
47823   0.638700
47824   0.638400
47825   0.638300
47826   0.638600
47827   0.638100
47828   0.637400
47829   0.637400
47830   0.637100
47831   0.636700
47832   0.636900
47833   0.636200
47834   0.636300
47835   0.637000
47836   0.637000
47837   0.637500
47838   0.637300
47839   0.637200
47840   0.636800
47841   0.636000
47842   0.636500
47843   0.636000
47844   0.636900
47845   0.635900
47846   0.635100
47847   0.635100
47848   0.634500
47849   0.634600
47850   0.635000
47851   0.635000
47852   0.635300
47853   0.635900
47854   0.635000
47855   0.635100
47856   0.634800
47857   0.635600
47858   0.635700
47859   0.635600
47860   0.635600
47861   0.635500
47862   0.636400
47863   0.636700
47864   0.637400
47865   0.637300
47866   0.636000
47867   0.635700
47868   0.636600
47869   0.636400
47870   0.636600
47871   0.636600
47872   0.636800
47873   0.635500
47874   0.635300
47875   0.634800
47876   0.634500
47877   0.633600
47878   0.634100
47879   0.634300
47880   0.633800
47881   0.634700
47882   0.634500
47883   0.634700
47884   0.633400
47885   0.633400
47886   0.633100
47887   0.633100
47888   0.633100
47889   0.632800
47890   0.632100
47891   0.632100
47892   0.632300
47893   0.633400
47894   0.633600
47895   0.633300
47896   0.633500
47897   0.634000
47898   0.634300
47899   0.634300
47900   0.633700
47901   0.633200
47902   0.633000
47903   0.633100
47904   0.632900
47905   0.632600
47906   0.632100
47907   0.631800
47908   0.631800
47909   0.630400
47910   0.630100
47911   0.629600
47912   0.629800
47913   0.629700
47914   0.629500
47915   0.630000
47916   0.630400
47917   0.629200
47918   0.629100
47919   0.630200
47920   0.629800
47921   0.630400
47922   0.630000
47923   0.629300
47924   0.629100
47925   0.629900
47926   0.629000
47927   0.629500
47928   0.630300
47929   0.630000
47930   0.631100
47931   0.631300
47932   0.631000
47933   0.631700
47934   0.631300
47935   0.631300
47936   0.630300
47937   0.630500
47938   0.630500
47939   0.629900
47940   0.629700
47941   0.628900
47942   0.628000
47943   0.627900
47944   0.627600
47945   0.628200
47946   0.628400
47947   0.628400
47948   0.627300
47949   0.627800
47950   0.627200
47951   0.626800
47952   0.627700
47953   0.627400
47954   0.627800
47955   0.627200
47956   0.626900
47957   0.626000
47958   0.625200
47959   0.625400
47960   0.625200
47961   0.625500
47962   0.624900
47963   0.624900
47964   0.624600
47965   0.624300
47966   0.625100
47967   0.625400
47968   0.624800
47969   0.625300
47970   0.625600
47971   0.626100
47972   0.626400
47973   0.626500
47974   0.627200
47975   0.626700
47976   0.627900
47977   0.628100
47978   0.626900
47979   0.626700
47980   0.626000
47981   0.626200
47982   0.626400
47983   0.626700
47984   0.627200
47985   0.627000
47986   0.627500
47987   0.627800
47988   0.628100
47989   0.627500
47990   0.627100
47991   0.627200
47992   0.626800
47993   0.628000
47994   0.627900
47995   0.627200
47996   0.627100
47997   0.626300
47998   0.626200
47999   0.626900
48000   0.627500
48001   0.627600
48002   0.627600
48003   0.627500
48004   0.628500
48005   0.628600
48006   0.630400
48007   0.630300
48008   0.630600
48009   0.631400
48010   0.631700
48011   0.632000
48012   0.631800
48013   0.631500
48014   0.631000
48015   0.632100
48016   0.631700
48017   0.631000
48018   0.631400
48019   0.631600
48020   0.631200
48021   0.630900
48022   0.631700
48023   0.631900
48024   0.632300
48025   0.631900
48026   0.631900
48027   0.631900
48028   0.633200
48029   0.633800
48030   0.634100
48031   0.634700
48032   0.634800
48033   0.635000
48034   0.636100
48035   0.635600
48036   0.634600
48037   0.634700
48038   0.634700
48039   0.634400
48040   0.635100
48041   0.634900
48042   0.634700
48043   0.634000
48044   0.634300
48045   0.634000
48046   0.633300
48047   0.633000
48048   0.631800
48049   0.631900
48050   0.632000
48051   0.632200
48052   0.632300
48053   0.632300
48054   0.632400
48055   0.632900
48056   0.633500
48057   0.632500
48058   0.631900
48059   0.631000
48060   0.630500
48061   0.630300
48062   0.630500
48063   0.630200
48064   0.630200
48065   0.629800
48066   0.629600
48067   0.630500
48068   0.630200
48069   0.630000
48070   0.629800
48071   0.630100
48072   0.629200
48073   0.629000
48074   0.629200
48075   0.629300
48076   0.628700
48077   0.629000
48078   0.629000
48079   0.629800
48080   0.629800
48081   0.629700
48082   0.629000
48083   0.628800
48084   0.628000
48085   0.628700
48086   0.628800
48087   0.628800
48088   0.629300
48089   0.628300
48090   0.628800
48091   0.629700
48092   0.629100
48093   0.629800
48094   0.628800
48095   0.629200
48096   0.629500
48097   0.629000
48098   0.628700
48099   0.629900
48100   0.629900
48101   0.630100
48102   0.629400
48103   0.629300
48104   0.630000
48105   0.629900
48106   0.629800
48107   0.630300
48108   0.629900
48109   0.630200
48110   0.630500
48111   0.630100
48112   0.630500
48113   0.630500
48114   0.630200
48115   0.631000
48116   0.631300
48117   0.631500
48118   0.631400
48119   0.631600
48120   0.630900
48121   0.631000
48122   0.632100
48123   0.631100
48124   0.631700
48125   0.631900
48126   0.632400
48127   0.632300
48128   0.632100
48129   0.631200
48130   0.631900
48131   0.631800
48132   0.632000
48133   0.631800
48134   0.632400
48135   0.632200
48136   0.632000
48137   0.631900
48138   0.631800
48139   0.632600
48140   0.631300
48141   0.631100
48142   0.631800
48143   0.632500
48144   0.633000
48145   0.631700
48146   0.631600
48147   0.632000
48148   0.632200
48149   0.631700
48150   0.630900
48151   0.631700
48152   0.631500
48153   0.631800
48154   0.632200
48155   0.632300
48156   0.631700
48157   0.631600
48158   0.631500
48159   0.631700
48160   0.632600
48161   0.632500
48162   0.631900
48163   0.633000
48164   0.632800
48165   0.632300
48166   0.632900
48167   0.633600
48168   0.633800
48169   0.633900
48170   0.633700
48171   0.633700
48172   0.634000
48173   0.634000
48174   0.633900
48175   0.632500
48176   0.632400
48177   0.633100
48178   0.632400
48179   0.632900
48180   0.631900
48181   0.632000
48182   0.631900
48183   0.631500
48184   0.631400
48185   0.630500
48186   0.629100
48187   0.629000
48188   0.628100
48189   0.628400
48190   0.627500
48191   0.627000
48192   0.627300
48193   0.626700
48194   0.627300
48195   0.626900
48196   0.626400
48197   0.625900
48198   0.626400
48199   0.625800
48200   0.625600
48201   0.626100
48202   0.626300
48203   0.626200
48204   0.626000
48205   0.625800
48206   0.626300
48207   0.626300
48208   0.627100
48209   0.627200
48210   0.627500
48211   0.627600
48212   0.627400
48213   0.627800
48214   0.627200
48215   0.627800
48216   0.628000
48217   0.628600
48218   0.628100
48219   0.627100
48220   0.627400
48221   0.628500
48222   0.627900
48223   0.627900
48224   0.628700
48225   0.628900
48226   0.628800
48227   0.629000
48228   0.628600
48229   0.628100
48230   0.627900
48231   0.627200
48232   0.628100
48233   0.627900
48234   0.628700
48235   0.628500
48236   0.628200
48237   0.628200
48238   0.628600
48239   0.628400
48240   0.628700
48241   0.628300
48242   0.627600
48243   0.627200
48244   0.625900
48245   0.626200
48246   0.626000
48247   0.626300
48248   0.627100
48249   0.626600
48250   0.627200
48251   0.628100
48252   0.627300
48253   0.627100
48254   0.626900
48255   0.626700
48256   0.627300
48257   0.626600
48258   0.626800
48259   0.627500
48260   0.626700
48261   0.626500
48262   0.626500
48263   0.625400
48264   0.625900
48265   0.626200
48266   0.626400
48267   0.626200
48268   0.626000
48269   0.625200
48270   0.626000
48271   0.625800
48272   0.625700
48273   0.624800
48274   0.625100
48275   0.623800
48276   0.623400
48277   0.622000
48278   0.621600
48279   0.621500
48280   0.620600
48281   0.620400
48282   0.620600
48283   0.619900
48284   0.619000
48285   0.619400
48286   0.620000
48287   0.620300
48288   0.619900
48289   0.620500
48290   0.620300
48291   0.620300
48292   0.620600
48293   0.621100
48294   0.621000
48295   0.620800
48296   0.620700
48297   0.620600
48298   0.620600
48299   0.621200
48300   0.620800
48301   0.620800
48302   0.620400
48303   0.620600
48304   0.620900
48305   0.620900
48306   0.620600
48307   0.621000
48308   0.622100
48309   0.622200
48310   0.621300
48311   0.620500
48312   0.619900
48313   0.619600
48314   0.619400
48315   0.619300
48316   0.619300
48317   0.619900
48318   0.620100
48319   0.620000
48320   0.620700
48321   0.620500
48322   0.620300
48323   0.619600
48324   0.620000
48325   0.619100
48326   0.619400
48327   0.619800
48328   0.619400
48329   0.619600
48330   0.619900
48331   0.620600
48332   0.619900
48333   0.620300
48334   0.620000
48335   0.619500
48336   0.620000
48337   0.620500
48338   0.620200
48339   0.620400
48340   0.620800
48341   0.621400
48342   0.620800
48343   0.621200
48344   0.622400
48345   0.621300
48346   0.621600
48347   0.622700
48348   0.622400
48349   0.622900
48350   0.623300
48351   0.622700
48352   0.622400
48353   0.622900
48354   0.622300
48355   0.623000
48356   0.623100
48357   0.622800
48358   0.622500
48359   0.621900
48360   0.622800
48361   0.622300
48362   0.622500
48363   0.622100
48364   0.623100
48365   0.622200
48366   0.622600
48367   0.622900
48368   0.623300
48369   0.623700
48370   0.624400
48371   0.624400
48372   0.624400
48373   0.623900
48374   0.624700
48375   0.625200
48376   0.624300
48377   0.623800
48378   0.623700
48379   0.624400
48380   0.624400
48381   0.624300
48382   0.624100
48383   0.624500
48384   0.624200
48385   0.624400
48386   0.623900
48387   0.624600
48388   0.624000
48389   0.623500
48390   0.623100
48391   0.622900
48392   0.623100
48393   0.623100
48394   0.623500
48395   0.623900
48396   0.623300
48397   0.623600
48398   0.623700
48399   0.623600
48400   0.623300
48401   0.624300
48402   0.623900
48403   0.623300
48404   0.623200
48405   0.623400
48406   0.623500
48407   0.622500
48408   0.622100
48409   0.622200
48410   0.621900
48411   0.621100
48412   0.621400
48413   0.622800
48414   0.623200
48415   0.622700
48416   0.622800
48417   0.622300
48418   0.621300
48419   0.620900
48420   0.622100
48421   0.621700
48422   0.621500
48423   0.621700
48424   0.620800
48425   0.621300
48426   0.620400
48427   0.620500
48428   0.620600
48429   0.621500
48430   0.621800
48431   0.621200
48432   0.620500
48433   0.620300
48434   0.621500
48435   0.622700
48436   0.623100
48437   0.622900
48438   0.622100
48439   0.622100
48440   0.621900
48441   0.621800
48442   0.621600
48443   0.621800
48444   0.620900
48445   0.620500
48446   0.621000
48447   0.621000
48448   0.621000
48449   0.620400
48450   0.620000
48451   0.619900
48452   0.619500
48453   0.620100
48454   0.619300
48455   0.618600
48456   0.619200
48457   0.619100
48458   0.618900
48459   0.619100
48460   0.619100
48461   0.619300
48462   0.620100
48463   0.619300
48464   0.619500
48465   0.619600
48466   0.619700
48467   0.620100
48468   0.621000
48469   0.621000
48470   0.620600
48471   0.619700
48472   0.620400
48473   0.619800
48474   0.620000
48475   0.620000
48476   0.619700
48477   0.619600
48478   0.618900
48479   0.619500
48480   0.619800
48481   0.619200
48482   0.618400
48483   0.618500
48484   0.619000
48485   0.619700
48486   0.620200
48487   0.619800
48488   0.619700
48489   0.619500
48490   0.620500
48491   0.620800
48492   0.621200
48493   0.620300
48494   0.620600
48495   0.620500
48496   0.620900
48497   0.621100
48498   0.620700
48499   0.620400
48500   0.620000
48501   0.620200
48502   0.620300
48503   0.620000
48504   0.620000
48505   0.620800
48506   0.621100
48507   0.621300
48508   0.621100
48509   0.621500
48510   0.621700
48511   0.621800
48512   0.621500
48513   0.621800
48514   0.622100
48515   0.622100
48516   0.622800
48517   0.623300
48518   0.623900
48519   0.624200
48520   0.624300
48521   0.625200
48522   0.624500
48523   0.624400
48524   0.623900
48525   0.625300
48526   0.624800
48527   0.625500
48528   0.625000
48529   0.624500
48530   0.624800
48531   0.625300
48532   0.625800
48533   0.625300
48534   0.625400
48535   0.625700
48536   0.625600
48537   0.626100
48538   0.625200
48539   0.625000
48540   0.624100
48541   0.624700
48542   0.625000
48543   0.625500
48544   0.625700
48545   0.625300
48546   0.625600
48547   0.625200
48548   0.625200
48549   0.625700
48550   0.625500
48551   0.625900
48552   0.626600
48553   0.626300
48554   0.625400
48555   0.625600
48556   0.625400
48557   0.626100
48558   0.626800
48559   0.626900
48560   0.626800
48561   0.626600
48562   0.626500
48563   0.626600
48564   0.626300
48565   0.627100
48566   0.626700
48567   0.626700
48568   0.626700
48569   0.626000
48570   0.627100
48571   0.627100
48572   0.626400
48573   0.626000
48574   0.626400
48575   0.626700
48576   0.626000
48577   0.625900
48578   0.626300
48579   0.626500
48580   0.626200
48581   0.626000
48582   0.626000
48583   0.626300
48584   0.626400
48585   0.626100
48586   0.625900
48587   0.626200
48588   0.625400
48589   0.624800
48590   0.624700
48591   0.624400
48592   0.624700
48593   0.624600
48594   0.624400
48595   0.623900
48596   0.623500
48597   0.622700
48598   0.623700
48599   0.623400
48600   0.623900
48601   0.623200
48602   0.622200
48603   0.622100
48604   0.622300
48605   0.621900
48606   0.621000
48607   0.620900
48608   0.621400
48609   0.620900
48610   0.619800
48611   0.619700
48612   0.619600
48613   0.620300
48614   0.620400
48615   0.619700
48616   0.618800
48617   0.619200
48618   0.619300
48619   0.618600
48620   0.618700
48621   0.618300
48622   0.617900
48623   0.616900
48624   0.616500
48625   0.616400
48626   0.616200
48627   0.616200
48628   0.616500
48629   0.616300
48630   0.616200
48631   0.616100
48632   0.615300
48633   0.615700
48634   0.615700
48635   0.615900
48636   0.615900
48637   0.615300
48638   0.614600
48639   0.615100
48640   0.614500
48641   0.614300
48642   0.614800
48643   0.614700
48644   0.615100
48645   0.615600
48646   0.616200
48647   0.616100
48648   0.616500
48649   0.616200
48650   0.615700
48651   0.616200
48652   0.615800
48653   0.616400
48654   0.616300
48655   0.617200
48656   0.616900
48657   0.617000
48658   0.617700
48659   0.618500
48660   0.619400
48661   0.619400
48662   0.619200
48663   0.619700
48664   0.620900
48665   0.620500
48666   0.620100
48667   0.620200
48668   0.620900
48669   0.621300
48670   0.621300
48671   0.621700
48672   0.621900
48673   0.621700
48674   0.621500
48675   0.621500
48676   0.621200
48677   0.621600
48678   0.621000
48679   0.621200
48680   0.621100
48681   0.620600
48682   0.620600
48683   0.620000
48684   0.619500
48685   0.618400
48686   0.617800
48687   0.617100
48688   0.617500
48689   0.616700
48690   0.615900
48691   0.616300
48692   0.616000
48693   0.615900
48694   0.615100
48695   0.615800
48696   0.614700
48697   0.615600
48698   0.615700
48699   0.615300
48700   0.615200
48701   0.616100
48702   0.615400
48703   0.615500
48704   0.615700
48705   0.615900
48706   0.615700
48707   0.614600
48708   0.614100
48709   0.613300
48710   0.612900
48711   0.613500
48712   0.613000
48713   0.613600
48714   0.612100
48715   0.611700
48716   0.611700
48717   0.611800
48718   0.610900
48719   0.611400
48720   0.611800
48721   0.611100
48722   0.610700
48723   0.610600
48724   0.610200
48725   0.610100
48726   0.610100
48727   0.610700
48728   0.610300
48729   0.609900
48730   0.610200
48731   0.609900
48732   0.609400
48733   0.609100
48734   0.609500
48735   0.609900
48736   0.609600
48737   0.610100
48738   0.610000
48739   0.610500
48740   0.611400
48741   0.611600
48742   0.611600
48743   0.611800
48744   0.612100
48745   0.612500
48746   0.612700
48747   0.613700
48748   0.614200
48749   0.614900
48750   0.614500
48751   0.614500
48752   0.614600
48753   0.614100
48754   0.613800
48755   0.613700
48756   0.614200
48757   0.614100
48758   0.613900
48759   0.613800
48760   0.613000
48761   0.613500
48762   0.613500
48763   0.612400
48764   0.612000
48765   0.611600
48766   0.611200
48767   0.612500
48768   0.612800
48769   0.613000
48770   0.613800
48771   0.613200
48772   0.613500
48773   0.612800
48774   0.612800
48775   0.612700
48776   0.613000
48777   0.612200
48778   0.613500
48779   0.613700
48780   0.613600
48781   0.614700
48782   0.615600
48783   0.615800
48784   0.616300
48785   0.615700
48786   0.616000
48787   0.616900
48788   0.616900
48789   0.616500
48790   0.615700
48791   0.615200
48792   0.615300
48793   0.614800
48794   0.616100
48795   0.615900
48796   0.615800
48797   0.616900
48798   0.616600
48799   0.616100
48800   0.615600
48801   0.615800
48802   0.615800
48803   0.615800
48804   0.615500
48805   0.615500
48806   0.615400
48807   0.614800
48808   0.615100
48809   0.615100
48810   0.614700
48811   0.615600
48812   0.615000
48813   0.616000
48814   0.615200
48815   0.614800
48816   0.614200
48817   0.614000
48818   0.612800
48819   0.613100
48820   0.613600
48821   0.614300
48822   0.614100
48823   0.613800
48824   0.613700
48825   0.613000
48826   0.613600
48827   0.613500
48828   0.613400
48829   0.613300
48830   0.613800
48831   0.613500
48832   0.613400
48833   0.614200
48834   0.613800
48835   0.613900
48836   0.612800
48837   0.612900
48838   0.613100
48839   0.613300
48840   0.612900
48841   0.613900
48842   0.612900
48843   0.614000
48844   0.614000
48845   0.613100
48846   0.613200
48847   0.612800
48848   0.612700
48849   0.614300
48850   0.615900
48851   0.615800
48852   0.615500
48853   0.615800
48854   0.616500
48855   0.616600
48856   0.616600
48857   0.616200
48858   0.616500
48859   0.616300
48860   0.615400
48861   0.614600
48862   0.613300
48863   0.613000
48864   0.613900
48865   0.613400
48866   0.613800
48867   0.613800
48868   0.614800
48869   0.614900
48870   0.614300
48871   0.613600
48872   0.613400
48873   0.612100
48874   0.612300
48875   0.611500
48876   0.610200
48877   0.610000
48878   0.610500
48879   0.610700
48880   0.610600
48881   0.610900
48882   0.610700
48883   0.611400
48884   0.612100
48885   0.613200
48886   0.612400
48887   0.612500
48888   0.613100
48889   0.613700
48890   0.613700
48891   0.614400
48892   0.613800
48893   0.613600
48894   0.613800
48895   0.613800
48896   0.613500
48897   0.614200
48898   0.613800
48899   0.614200
48900   0.613800
48901   0.614200
48902   0.614400
48903   0.613500
48904   0.613500
48905   0.613600
48906   0.613200
48907   0.611900
48908   0.611500
48909   0.610500
48910   0.609500
48911   0.608700
48912   0.609100
48913   0.608500
48914   0.607200
48915   0.607200
48916   0.607400
48917   0.607600
48918   0.607900
48919   0.607500
48920   0.607100
48921   0.607600
48922   0.607900
48923   0.608500
48924   0.607900
48925   0.607800
48926   0.607600
48927   0.608000
48928   0.607600
48929   0.607900
48930   0.608200
48931   0.607700
48932   0.607800
48933   0.607700
48934   0.608100
48935   0.607600
48936   0.606900
48937   0.606500
48938   0.606700
48939   0.607200
48940   0.607300
48941   0.607300
48942   0.607100
48943   0.606700
48944   0.607300
48945   0.605900
48946   0.605900
48947   0.604600
48948   0.603500
48949   0.603800
48950   0.603400
48951   0.602200
48952   0.602300
48953   0.602500
48954   0.602900
48955   0.602800
48956   0.602700
48957   0.602100
48958   0.602000
48959   0.602400
48960   0.601700
48961   0.601500
48962   0.602100
48963   0.602400
48964   0.603000
48965   0.602300
48966   0.602100
48967   0.601000
48968   0.601600
48969   0.601800
48970   0.601800
48971   0.602400
48972   0.602200
48973   0.601800
48974   0.602100
48975   0.602300
48976   0.602200
48977   0.602500
48978   0.603400
48979   0.602700
48980   0.603200
48981   0.602900
48982   0.603400
48983   0.602000
48984   0.601500
48985   0.601200
48986   0.602800
48987   0.603000
48988   0.603400
48989   0.603100
48990   0.603300
48991   0.603300
48992   0.603200
48993   0.603300
48994   0.603800
48995   0.603500
48996   0.602500
48997   0.601900
48998   0.601900
48999   0.601300
49000   0.600300
49001   0.599900
49002   0.599200
49003   0.599000
49004   0.598900
49005   0.598700
49006   0.598700
49007   0.597700
49008   0.597700
49009   0.597700
49010   0.597400
49011   0.595900
49012   0.596700
49013   0.596900
49014   0.596800
49015   0.597000
49016   0.596900
49017   0.596500
49018   0.597800
49019   0.597700
49020   0.598500
49021   0.598000
49022   0.597900
49023   0.598000
49024   0.597200
49025   0.597500
49026   0.598000
49027   0.597200
49028   0.597300
49029   0.597000
49030   0.597700
49031   0.597700
49032   0.598400
49033   0.598000
49034   0.597700
49035   0.597500
49036   0.597200
49037   0.595400
49038   0.595200
49039   0.594700
49040   0.593400
49041   0.593900
49042   0.593200
49043   0.593600
49044   0.593300
49045   0.594300
49046   0.593900
49047   0.592400
49048   0.593200
49049   0.591800
49050   0.591200
49051   0.591000
49052   0.590900
49053   0.591800
49054   0.592300
49055   0.592600
49056   0.592400
49057   0.592600
49058   0.592100
49059   0.592600
49060   0.594000
49061   0.592900
49062   0.593200
49063   0.593300
49064   0.593400
49065   0.592900
49066   0.593100
49067   0.593300
49068   0.593100
49069   0.593200
49070   0.593500
49071   0.593200
49072   0.593600
49073   0.593400
49074   0.592700
49075   0.592700
49076   0.592900
49077   0.593000
49078   0.592600
49079   0.592400
49080   0.592300
49081   0.591900
49082   0.591600
49083   0.591400
49084   0.592300
49085   0.592000
49086   0.590800
49087   0.590100
49088   0.590500
49089   0.591300
49090   0.590700
49091   0.590300
49092   0.591200
49093   0.591200
49094   0.591700
49095   0.592100
49096   0.592200
49097   0.592400
49098   0.592700
49099   0.593000
49100   0.593200
49101   0.592600
49102   0.591900
49103   0.592200
49104   0.592500
49105   0.592200
49106   0.593100
49107   0.593500
49108   0.593900
49109   0.593700
49110   0.593400
49111   0.593800
49112   0.593500
49113   0.594100
49114   0.594400
49115   0.595100
49116   0.595000
49117   0.594600
49118   0.593800
49119   0.594600
49120   0.594600
49121   0.594700
49122   0.594500
49123   0.595200
49124   0.595400
49125   0.595700
49126   0.595700
49127   0.595300
49128   0.595500
49129   0.595300
49130   0.594800
49131   0.595100
49132   0.595300
49133   0.594400
49134   0.593500
49135   0.593800
49136   0.594300
49137   0.595200
49138   0.595500
49139   0.595100
49140   0.595300
49141   0.595300
49142   0.596400
49143   0.597300
49144   0.598000
49145   0.597600
49146   0.597100
49147   0.597300
49148   0.597500
49149   0.596800
49150   0.597000
49151   0.597600
49152   0.597500
49153   0.597200
49154   0.598100
49155   0.597700
49156   0.597800
49157   0.597800
49158   0.598300
49159   0.599000
49160   0.599300
49161   0.600100
49162   0.599700
49163   0.599600
49164   0.599300
49165   0.599800
49166   0.599600
49167   0.597800
49168   0.597600
49169   0.597700
49170   0.598100
49171   0.598100
49172   0.598800
49173   0.598200
49174   0.598200
49175   0.597800
49176   0.598500
49177   0.598700
49178   0.598200
49179   0.597800
49180   0.597700
49181   0.597100
49182   0.597800
49183   0.597100
49184   0.596600
49185   0.596200
49186   0.595800
49187   0.596100
49188   0.595700
49189   0.596100
49190   0.595800
49191   0.595200
49192   0.594900
49193   0.594500
49194   0.595200
49195   0.596000
49196   0.597000
49197   0.596600
49198   0.597500
49199   0.598300
49200   0.598800
49201   0.598900
49202   0.599500
49203   0.600400
49204   0.600400
49205   0.600700
49206   0.599800
49207   0.600400
49208   0.600100
49209   0.599800
49210   0.599600
49211   0.600300
49212   0.600000
49213   0.599100
49214   0.599000
49215   0.598300
49216   0.598300
49217   0.598200
49218   0.599000
49219   0.598900
49220   0.598900
49221   0.599100
49222   0.599400
49223   0.600400
49224   0.601000
49225   0.601000
49226   0.600800
49227   0.599500
49228   0.599500
49229   0.601300
49230   0.601300
49231   0.602000
49232   0.601100
49233   0.601900
49234   0.602100
49235   0.602200
49236   0.602800
49237   0.603200
49238   0.602800
49239   0.601700
49240   0.601900
49241   0.601900
49242   0.601100
49243   0.601300
49244   0.601400
49245   0.602300
49246   0.602200
49247   0.602200
49248   0.602500
49249   0.601900
49250   0.602300
49251   0.601500
49252   0.601200
49253   0.600900
49254   0.601200
49255   0.600600
49256   0.600800
49257   0.601200
49258   0.602100
49259   0.602100
49260   0.601800
49261   0.600500
49262   0.600200
49263   0.600100
49264   0.599300
49265   0.600200
49266   0.600200
49267   0.600200
49268   0.600500
49269   0.602000
49270   0.601900
49271   0.602500
49272   0.602300
49273   0.602500
49274   0.603200
49275   0.603700
49276   0.603900
49277   0.604000
49278   0.602300
49279   0.602700
49280   0.602700
49281   0.602600
49282   0.602900
49283   0.602100
49284   0.601500
49285   0.599800
49286   0.599700
49287   0.599800
49288   0.599700
49289   0.598200
49290   0.599200
49291   0.598300
49292   0.598600
49293   0.598400
49294   0.597700
49295   0.597200
49296   0.597700
49297   0.597400
49298   0.597100
49299   0.597100
49300   0.597700
49301   0.597800
49302   0.597600
49303   0.598700
49304   0.598700
49305   0.599300
49306   0.598700
49307   0.598200
49308   0.598600
49309   0.598800
49310   0.598500
49311   0.598000
49312   0.596700
49313   0.596500
49314   0.596900
49315   0.597000
49316   0.597200
49317   0.596900
49318   0.597100
49319   0.596700
49320   0.596700
49321   0.597200
49322   0.596900
49323   0.596600
49324   0.596300
49325   0.596100
49326   0.596800
49327   0.596500
49328   0.596200
49329   0.596200
49330   0.596400
49331   0.596500
49332   0.595800
49333   0.597000
49334   0.596900
49335   0.596600
49336   0.596300
49337   0.596000
49338   0.596800
49339   0.597100
49340   0.597800
49341   0.597600
49342   0.597900
49343   0.597100
49344   0.596600
49345   0.596200
49346   0.596900
49347   0.597600
49348   0.598100
49349   0.598800
49350   0.599100
49351   0.599100
49352   0.599700
49353   0.599600
49354   0.600300
49355   0.600000
49356   0.599600
49357   0.599600
49358   0.598200
49359   0.598100
49360   0.597300
49361   0.597000
49362   0.597900
49363   0.597400
49364   0.597300
49365   0.597100
49366   0.597400
49367   0.597400
49368   0.596500
49369   0.596500
49370   0.596800
49371   0.595300
49372   0.595600
49373   0.596100
49374   0.596600
49375   0.596600
49376   0.597700
49377   0.598700
49378   0.598800
49379   0.599200
49380   0.599700
49381   0.600600
49382   0.599900
49383   0.599000
49384   0.598100
49385   0.597800
49386   0.598100
49387   0.599400
49388   0.599300
49389   0.599000
49390   0.598200
49391   0.599000
49392   0.599800
49393   0.601100
49394   0.601200
49395   0.600500
49396   0.599600
49397   0.598800
49398   0.598500
49399   0.598300
49400   0.598000
49401   0.598500
49402   0.598900
49403   0.599800
49404   0.600500
49405   0.599700
49406   0.599500
49407   0.598800
49408   0.598700
49409   0.598100
49410   0.597600
49411   0.598300
49412   0.597500
49413   0.597800
49414   0.598200
49415   0.598600
49416   0.597900
49417   0.597300
49418   0.596300
49419   0.596300
49420   0.596400
49421   0.596400
49422   0.597900
49423   0.598500
49424   0.598700
49425   0.598900
49426   0.599800
49427   0.600400
49428   0.601200
49429   0.602200
49430   0.602500
49431   0.602200
49432   0.602800
49433   0.602500
49434   0.601600
49435   0.601200
49436   0.600900
49437   0.600500
49438   0.600800
49439   0.601200
49440   0.601300
49441   0.601800
49442   0.602400
49443   0.602500
49444   0.602000
49445   0.602300
49446   0.603300
49447   0.603000
49448   0.603300
49449   0.603600
49450   0.604200
49451   0.603500
49452   0.604000
49453   0.604900
49454   0.604900
49455   0.605100
49456   0.605200
49457   0.605500
49458   0.604600
49459   0.604400
49460   0.604400
49461   0.605400
49462   0.605700
49463   0.606000
49464   0.605200
49465   0.605900
49466   0.606100
49467   0.606200
49468   0.606000
49469   0.605500
49470   0.605700
49471   0.606300
49472   0.606500
49473   0.606700
49474   0.606400
49475   0.606400
49476   0.607000
49477   0.607200
49478   0.607000
49479   0.606400
49480   0.606800
49481   0.606800
49482   0.606700
49483   0.607100
49484   0.606400
49485   0.606400
49486   0.606400
49487   0.605900
49488   0.606600
49489   0.606300
49490   0.606300
49491   0.606400
49492   0.605700
49493   0.606000
49494   0.605500
49495   0.605600
49496   0.605100
49497   0.604400
49498   0.603800
49499   0.603200
49500   0.603500
49501   0.604600
49502   0.604500
49503   0.604600
49504   0.605000
49505   0.604300
49506   0.604100
49507   0.603700
49508   0.603800
49509   0.604500
49510   0.605700
49511   0.606500
49512   0.605900
49513   0.606400
49514   0.606500
49515   0.606600
49516   0.606800
49517   0.606900
49518   0.606900
49519   0.607100
49520   0.607000
49521   0.607100
49522   0.606600
49523   0.606700
49524   0.606300
49525   0.605900
49526   0.605800
49527   0.606200
49528   0.606800
49529   0.606400
49530   0.606200
49531   0.606700
49532   0.606200
49533   0.606600
49534   0.605600
49535   0.604700
49536   0.604600
49537   0.604900
49538   0.604200
49539   0.604500
49540   0.604900
49541   0.604400
49542   0.604700
49543   0.605300
49544   0.605600
49545   0.605400
49546   0.605500
49547   0.605400
49548   0.605500
49549   0.604900
49550   0.604300
49551   0.604500
49552   0.604900
49553   0.604500
49554   0.604700
49555   0.605100
49556   0.605000
49557   0.604400
49558   0.603200
49559   0.603300
49560   0.603000
49561   0.603600
49562   0.604700
49563   0.604700
49564   0.605300
49565   0.604500
49566   0.605400
49567   0.604500
49568   0.604300
49569   0.604000
49570   0.603600
49571   0.603400
49572   0.603100
49573   0.604300
49574   0.603600
49575   0.603500
49576   0.602900
49577   0.603200
49578   0.604100
49579   0.605300
49580   0.604300
49581   0.603100
49582   0.602900
49583   0.603400
49584   0.604300
49585   0.604400
49586   0.603600
49587   0.604500
49588   0.604100
49589   0.604100
49590   0.603400
49591   0.603500
49592   0.604000
49593   0.603800
49594   0.603800
49595   0.603800
49596   0.604300
49597   0.604800
49598   0.605000
49599   0.604900
49600   0.604500
49601   0.603400
49602   0.603400
49603   0.603400
49604   0.603300
49605   0.603300
49606   0.603300
49607   0.604000
49608   0.603000
49609   0.603000
49610   0.604100
49611   0.604500
49612   0.604800
49613   0.605300
49614   0.604900
49615   0.604900
49616   0.605200
49617   0.605500
49618   0.605500
49619   0.606200
49620   0.605000
49621   0.604800
49622   0.605200
49623   0.605600
49624   0.606000
49625   0.606100
49626   0.605700
49627   0.604800
49628   0.604400
49629   0.605100
49630   0.604900
49631   0.605200
49632   0.604900
49633   0.604400
49634   0.603700
49635   0.603400
49636   0.603600
49637   0.603700
49638   0.604100
49639   0.603700
49640   0.603200
49641   0.602800
49642   0.602300
49643   0.604000
49644   0.603600
49645   0.604500
49646   0.604000
49647   0.603900
49648   0.604500
49649   0.605200
49650   0.605200
49651   0.605500
49652   0.605700
49653   0.605000
49654   0.604200
49655   0.604600
49656   0.604600
49657   0.605000
49658   0.605500
49659   0.604600
49660   0.604800
49661   0.604000
49662   0.602800
49663   0.602400
49664   0.602900
49665   0.602300
49666   0.602300
49667   0.601600
49668   0.600600
49669   0.600400
49670   0.600300
49671   0.600100
49672   0.599400
49673   0.599700
49674   0.599400
49675   0.599300
49676   0.599300
49677   0.598900
49678   0.598500
49679   0.598100
49680   0.598000
49681   0.598400
49682   0.599200
49683   0.599200
49684   0.599200
49685   0.599200
49686   0.598900
49687   0.598800
49688   0.598000
49689   0.598700
49690   0.598300
49691   0.598100
49692   0.599500
49693   0.598700
49694   0.597800
49695   0.597900
49696   0.596900
49697   0.596200
49698   0.595200
49699   0.594500
49700   0.595200
49701   0.595200
49702   0.594700
49703   0.594500
49704   0.593700
49705   0.592700
49706   0.593100
49707   0.592600
49708   0.592700
49709   0.591800
49710   0.591600
49711   0.592500
49712   0.592800
49713   0.593300
49714   0.593900
49715   0.594900
49716   0.595500
49717   0.595600
49718   0.595800
49719   0.595700
49720   0.595100
49721   0.594700
49722   0.594100
49723   0.593400
49724   0.593900
49725   0.594400
49726   0.593700
49727   0.594400
49728   0.595100
49729   0.595200
49730   0.596300
49731   0.595800
49732   0.596000
49733   0.596500
49734   0.596800
49735   0.597400
49736   0.596900
49737   0.596600
49738   0.596000
49739   0.595600
49740   0.595800
49741   0.595500
49742   0.597300
49743   0.597800
49744   0.597300
49745   0.596900
49746   0.597000
49747   0.597200
49748   0.598000
49749   0.598300
49750   0.597700
49751   0.598000
49752   0.598700
49753   0.597300
49754   0.596900
49755   0.596100
49756   0.597200
49757   0.597300
49758   0.598000
49759   0.598700
49760   0.598800
49761   0.599300
49762   0.599200
49763   0.599300
49764   0.600200
49765   0.599700
49766   0.599800
49767   0.599500
49768   0.599100
49769   0.599600
49770   0.598800
49771   0.599200
49772   0.599500
49773   0.598800
49774   0.600100
49775   0.600200
49776   0.599600
49777   0.599000
49778   0.598200
49779   0.598100
49780   0.598500
49781   0.598700
49782   0.599500
49783   0.599300
49784   0.598100
49785   0.598200
49786   0.598300
49787   0.597400
49788   0.597600
49789   0.597800
49790   0.597200
49791   0.597500
49792   0.598400
49793   0.598300
49794   0.598800
49795   0.597900
49796   0.598100
49797   0.598500
49798   0.598600
49799   0.597700
49800   0.597500
49801   0.598000
49802   0.598500
49803   0.598800
49804   0.597600
49805   0.598400
49806   0.596800
49807   0.596100
49808   0.596600
49809   0.597100
49810   0.596800
49811   0.597200
49812   0.596700
49813   0.597300
49814   0.598800
49815   0.598700
49816   0.598900
49817   0.599600
49818   0.599700
49819   0.599900
49820   0.600400
49821   0.601400
49822   0.602000
49823   0.602500
49824   0.601700
49825   0.602100
49826   0.602400
49827   0.602100
49828   0.602100
49829   0.602100
49830   0.602900
49831   0.603100
49832   0.603000
49833   0.602800
49834   0.603900
49835   0.604600
49836   0.604500
49837   0.604800
49838   0.604600
49839   0.605100
49840   0.605100
49841   0.604700
49842   0.604300
49843   0.604200
49844   0.603600
49845   0.603700
49846   0.604100
49847   0.604900
49848   0.605700
49849   0.605100
49850   0.605500
49851   0.604600
49852   0.605400
49853   0.604200
49854   0.604600
49855   0.604900
49856   0.605300
49857   0.604900
49858   0.605700
49859   0.604600
49860   0.604600
49861   0.605500
49862   0.605300
49863   0.606000
49864   0.605500
49865   0.605300
49866   0.604400
49867   0.604600
49868   0.604600
49869   0.605200
49870   0.605500
49871   0.605500
49872   0.604700
49873   0.604700
49874   0.604800
49875   0.604800
49876   0.605100
49877   0.606000
49878   0.606000
49879   0.606000
49880   0.606400
49881   0.607600
49882   0.608700
49883   0.609200
49884   0.609700
49885   0.610200
49886   0.610100
49887   0.610000
49888   0.610000
49889   0.610500
49890   0.611400
49891   0.611700
49892   0.612400
49893   0.612400
49894   0.611500
49895   0.612200
49896   0.612300
49897   0.612600
49898   0.611800
49899   0.611600
49900   0.612500
49901   0.612500
49902   0.613100
49903   0.613200
49904   0.612500
49905   0.612700
49906   0.612900
49907   0.613600
49908   0.613400
49909   0.613700
49910   0.613600
49911   0.612800
49912   0.613300
49913   0.613000
49914   0.612500
49915   0.612900
49916   0.613300
49917   0.613300
49918   0.613500
49919   0.613300
49920   0.613800
49921   0.614300
49922   0.615100
49923   0.614200
49924   0.614100
49925   0.614600
49926   0.614200
49927   0.614300
49928   0.614200
49929   0.613800
49930   0.614100
49931   0.613600
49932   0.614400
49933   0.614800
49934   0.614600
49935   0.614800
49936   0.614100
49937   0.615000
49938   0.613900
49939   0.614600
49940   0.614800
49941   0.614000
49942   0.614100
49943   0.614200
49944   0.614700
49945   0.615700
49946   0.615700
49947   0.615800
49948   0.615800
49949   0.616300
49950   0.617800
49951   0.617600
49952   0.617800
49953   0.618100
49954   0.618400
49955   0.618600
49956   0.618500
49957   0.618900
49958   0.618600
49959   0.619400
49960   0.618300
49961   0.618000
49962   0.618700
49963   0.618700
49964   0.618300
49965   0.618000
49966   0.617500
49967   0.617500
49968   0.617500
49969   0.617400
49970   0.617700
49971   0.617800
49972   0.617200
49973   0.616600
49974   0.617000
49975   0.617500
49976   0.617100
49977   0.616700
49978   0.616700
49979   0.617000
49980   0.616700
49981   0.616500
49982   0.617000
49983   0.617200
49984   0.618400
49985   0.617900
49986   0.617600
49987   0.618000
49988   0.616900
49989   0.616500
49990   0.616900
49991   0.616400
49992   0.616400
49993   0.616200
49994   0.616300
49995   0.615800
49996   0.615400
49997   0.615000
49998   0.614700
49999   0.614600
